{"event": "START", "candidate": "cosine", "task": "two_pole", "tier": "required", "phase": "fit"}
{"event": "DONE", "candidate": "cosine", "task": "two_pole", "status": "PASS", "live": {"mean_abs": 0.3517892360687256, "grad_med": 0.3972667455673218}, "seconds": 1.2274101799121127, "error": null}
{"event": "START", "candidate": "cosine", "task": "trajectory", "tier": "required", "phase": "fit"}
{"event": "DONE", "candidate": "cosine", "task": "trajectory", "status": "PASS", "live": {"identity_mse": 2.0105224393773824e-05}, "seconds": 1.0964581540320069, "error": null}
{"event": "START", "candidate": "cosine", "task": "residual_student", "tier": "required", "phase": "fit"}
{"event": "DONE", "candidate": "cosine", "task": "residual_student", "status": "PASS", "live": {"identity_mse": 1.6864316421560943e-05, "success_rate": 1.0, "wrong_pad_rate": 0.0}, "seconds": 1.1207464860053733, "error": null}
{"event": "START", "candidate": "cosine", "task": "unipolar", "tier": "required", "phase": "fit"}
unipolar_dir arm=locked_rpgan step=1/400 cover=0.0127 leak=0.3214 neu_hold=0.9915 cos_plus=+0.5669 hit=FAIL
unipolar_dir arm=locked_rpgan step=50/400 cover=0.6702 leak=0.0000 neu_hold=0.8229 cos_plus=+0.9998 hit=FAIL
unipolar_dir arm=locked_rpgan step=100/400 cover=0.9980 leak=0.0000 neu_hold=0.8406 cos_plus=+1.0000 hit=FAIL
unipolar_dir arm=locked_rpgan step=150/400 cover=0.9935 leak=0.0000 neu_hold=0.9856 cos_plus=+1.0000 hit=PASS
unipolar_dir arm=locked_rpgan step=200/400 cover=0.9403 leak=0.0002 neu_hold=0.9699 cos_plus=+0.9998 hit=PASS
unipolar_dir arm=locked_rpgan step=250/400 cover=0.9465 leak=0.0000 neu_hold=0.9483 cos_plus=+0.9997 hit=PASS
unipolar_dir arm=locked_rpgan step=300/400 cover=0.9925 leak=0.0002 neu_hold=0.9657 cos_plus=+0.9997 hit=PASS
unipolar_dir arm=locked_rpgan step=350/400 cover=0.9700 leak=0.0004 neu_hold=0.9619 cos_plus=+0.9998 hit=PASS
unipolar_dir arm=locked_rpgan step=400/400 cover=0.9826 leak=0.0007 neu_hold=0.9706 cos_plus=+0.9996 hit=PASS
unipolar_dir arm=locked_rpgan step=400 seed=0 cover=0.9826 leak=0.0007 neu_hold=0.9706 cos_plus=+0.9996 hit=PASS
{"event": "DONE", "candidate": "cosine", "task": "unipolar", "status": "PASS", "live": {"cover": 0.982617710057589, "off_caption": 0.0006809285182022889, "neu_hold": 0.9705528393387794}, "seconds": 1.4395260739838704, "error": null}
{"event": "START", "candidate": "cosine", "task": "ae_gan_hold", "tier": "required", "phase": "fit"}
ae-gan-hold arm=smart_descent step=0 recon=1.2815 hold=1.4373 phase=init
ae-gan-hold arm=smart_descent step=1 recon=1.2653 hold=1.4033 loss=4.2071
ae-gan-hold arm=smart_descent step=50 recon=0.0991 hold=0.0277 loss=1.0818
ae-gan-hold arm=smart_descent step=100 recon=0.0029 hold=0.0056 loss=1.0853
ae-gan-hold arm=smart_descent step=150 recon=0.0111 hold=0.0201 loss=0.8908
ae-gan-hold arm=smart_descent step=200 recon=0.0060 hold=0.0074 loss=0.6875
{"event": "DONE", "candidate": "cosine", "task": "ae_gan_hold", "status": "PASS", "live": {"recon_mse": 0.009792635217308998, "hold": 0.0014229558873921633}, "seconds": 0.9047893690876663, "error": null}
{"event": "START", "candidate": "cosine", "task": "cover_leftover", "tier": "required", "phase": "fit"}
cover_leftover start arm=locked steps=800 seed=0 teacher=faithful_guard_e cover=1.5 penalty_coeff=3.0 kappa=1.2 fm=0.0 n_particles=12
cover_leftover arm=locked step=1/800 d=0.7237 g=1.7440 cap=0.0000 u_kept=0.008 content=0.000 leak=0.000 err=0.749 covered=0
cover_leftover arm=locked step=50/800 d=0.4063 g=1.6250 cap=0.0165 u_kept=0.230 content=0.387 leak=0.089 err=0.561 covered=0
cover_leftover arm=locked step=100/800 d=0.6130 g=1.0883 cap=0.0000 u_kept=0.416 content=0.651 leak=0.009 err=0.406 covered=0
cover_leftover arm=locked step=150/800 d=0.6895 g=0.8604 cap=0.0000 u_kept=0.582 content=0.749 leak=0.018 err=0.313 covered=0
cover_leftover arm=locked step=200/800 d=0.6850 g=0.8249 cap=0.0000 u_kept=0.588 content=0.822 leak=0.007 err=0.279 covered=0
cover_leftover arm=locked step=250/800 d=0.6928 g=0.7741 cap=0.0000 u_kept=0.681 content=0.900 leak=0.001 err=0.215 covered=0
cover_leftover arm=locked step=300/800 d=0.6918 g=0.7398 cap=0.0000 u_kept=0.759 content=0.955 leak=0.012 err=0.164 covered=1
cover_leftover arm=locked step=350/800 d=0.6956 g=0.7176 cap=0.0000 u_kept=0.820 content=0.980 leak=0.005 err=0.119 covered=1
cover_leftover arm=locked step=400/800 d=0.6932 g=0.7039 cap=0.0000 u_kept=0.880 content=0.999 leak=0.000 err=0.079 covered=1
cover_leftover arm=locked step=450/800 d=0.6962 g=0.6972 cap=0.0000 u_kept=0.928 content=0.997 leak=0.004 err=0.050 covered=1
cover_leftover arm=locked step=500/800 d=0.6936 g=0.6945 cap=0.0000 u_kept=0.962 content=1.019 leak=0.007 err=0.032 covered=1
cover_leftover arm=locked step=550/800 d=0.6930 g=0.6943 cap=0.0000 u_kept=0.983 content=0.987 leak=0.010 err=0.016 covered=1
cover_leftover arm=locked step=600/800 d=0.6923 g=0.6945 cap=0.0000 u_kept=0.996 content=1.013 leak=0.002 err=0.008 covered=1
cover_leftover arm=locked step=650/800 d=0.6920 g=0.6937 cap=0.0000 u_kept=0.988 content=0.988 leak=0.002 err=0.009 covered=1
cover_leftover arm=locked step=700/800 d=0.6933 g=0.6938 cap=0.0000 u_kept=1.005 content=1.014 leak=0.001 err=0.008 covered=1
cover_leftover arm=locked step=750/800 d=0.6933 g=0.6924 cap=0.0000 u_kept=0.998 content=0.989 leak=0.004 err=0.013 covered=1
cover_leftover arm=locked step=800/800 d=0.6931 g=0.6945 cap=0.0000 u_kept=0.994 content=0.994 leak=0.002 err=0.007 covered=1
cover_leftover DONE arm=locked pass=1 reasons=none u_kept=0.936 content=0.964 leak=0.000 err=0.046 same_dir=0.002 particle_rms=0.069
{"event": "DONE", "candidate": "cosine", "task": "cover_leftover", "status": "PASS", "live": {"u_kept": 0.9944554467891492, "content_kept": 0.9939026651870989, "leak_ratio": 0.0020671901799351553, "pole_rel_err_plus": 0.00673892954364419, "pole_rel_err_minus": 0.003417979460209608, "same_dir": 0.002780375526160004}, "seconds": 3.4015059820376337, "error": null}
{"event": "START", "candidate": "cosine", "task": "unused_token_hold", "tier": "required", "phase": "fit"}
unused-token arm=smart_descent step=1 hold=0.9940 concept=0.0000 unused_dist=0.0060
unused-token arm=smart_descent step=50 hold=0.9866 concept=0.5466 unused_dist=0.0134
unused-token arm=smart_descent step=100 hold=0.9894 concept=0.9615 unused_dist=0.0106
unused-token arm=smart_descent step=150 hold=0.9966 concept=0.8692 unused_dist=0.0034
unused-token arm=smart_descent step=200 hold=0.9919 concept=0.9652 unused_dist=0.0081
{"event": "DONE", "candidate": "cosine", "task": "unused_token_hold", "status": "PASS", "live": {"unused_hold": 0.9919152026996017, "concept_move": 0.9652063899110885}, "seconds": 0.37712632794864476, "error": null}
{"event": "START", "candidate": "cosine", "task": "mid_scale_identity", "tier": "required", "phase": "fit"}
mid_scale arm=locked step=1 seed=0 concept+=+0.5774 concept-=+0.0000 id0=+0.0077 id_mid=+0.0232 scales=[-1.0, 0.0, 0.5, 1.0] gate=FAIL why=concept,identity_0,identity_mid
mid_scale arm=locked step=50 seed=0 concept+=+0.8945 concept-=+0.3563 id0=+0.4002 id_mid=+0.9569 scales=[-1.0, 0.0, 0.5, 1.0] gate=FAIL why=concept,identity_0
mid_scale arm=locked step=100 seed=0 concept+=+0.9434 concept-=+0.7625 id0=+0.5845 id_mid=+0.7469 scales=[-1.0, 0.0, 0.5, 1.0] gate=FAIL why=concept,identity_0,identity_mid
mid_scale arm=locked step=150 seed=0 concept+=+0.9738 concept-=+0.9350 id0=+0.6337 id_mid=+0.8426 scales=[-1.0, 0.0, 0.5, 1.0] gate=FAIL why=concept,identity_0,identity_mid
mid_scale arm=locked step=200 seed=0 concept+=+0.9904 concept-=+0.9808 id0=+0.7412 id_mid=+0.9896 scales=[-1.0, 0.0, 0.5, 1.0] gate=FAIL why=identity_0
mid_scale arm=locked step=250 seed=0 concept+=+0.9973 concept-=+0.9980 id0=+0.8790 id_mid=+0.9805 scales=[-1.0, 0.0, 0.5, 1.0] gate=PASS why=locked
mid_scale arm=locked step=300 seed=0 concept+=+0.9996 concept-=+0.9996 id0=+0.9984 id_mid=+0.9933 scales=[-1.0, 0.0, 0.5, 1.0] gate=PASS why=locked
mid_scale arm=locked step=350 seed=0 concept+=+0.9992 concept-=+0.9999 id0=+0.9717 id_mid=+0.8846 scales=[-1.0, 0.0, 0.5, 1.0] gate=PASS why=locked
mid_scale arm=locked step=400 seed=0 concept+=+0.9995 concept-=+0.9996 id0=+0.9531 id_mid=+0.9556 scales=[-1.0, 0.0, 0.5, 1.0] gate=PASS why=locked
mid_scale arm=locked step=450 seed=0 concept+=+0.9998 concept-=+0.9998 id0=+0.9869 id_mid=+0.9847 scales=[-1.0, 0.0, 0.5, 1.0] gate=PASS why=locked
mid_scale arm=locked step=500 seed=0 concept+=+0.9996 concept-=+0.9999 id0=+0.9873 id_mid=+0.9932 scales=[-1.0, 0.0, 0.5, 1.0] gate=PASS why=locked
mid_scale arm=locked step=550 seed=0 concept+=+0.9999 concept-=+0.9999 id0=+0.9977 id_mid=+0.9845 scales=[-1.0, 0.0, 0.5, 1.0] gate=PASS why=locked
mid_scale arm=locked step=600 seed=0 concept+=+1.0000 concept-=+0.9999 id0=+0.9961 id_mid=+0.9996 scales=[-1.0, 0.0, 0.5, 1.0] gate=PASS why=locked
mid_scale arm=locked step=650 seed=0 concept+=+1.0000 concept-=+1.0000 id0=+0.9983 id_mid=+0.9945 scales=[-1.0, 0.0, 0.5, 1.0] gate=PASS why=locked
mid_scale arm=locked step=700 seed=0 concept+=+1.0000 concept-=+1.0000 id0=+0.9951 id_mid=+0.9899 scales=[-1.0, 0.0, 0.5, 1.0] gate=PASS why=locked
mid_scale arm=locked step=750 seed=0 concept+=+1.0000 concept-=+1.0000 id0=+0.9989 id_mid=+0.9926 scales=[-1.0, 0.0, 0.5, 1.0] gate=PASS why=locked
mid_scale arm=locked step=800 seed=0 concept+=+1.0000 concept-=+1.0000 id0=+0.9988 id_mid=+0.9977 scales=[-1.0, 0.0, 0.5, 1.0] gate=PASS why=locked
mid_scale arm=locked step=800 seed=0 concept+=+1.0000 concept-=+1.0000 id0=+0.9988 id_mid=+0.9977 scales=[-1.0, 0.0, 0.5, 1.0] gate=PASS why=locked
{"event": "DONE", "candidate": "cosine", "task": "mid_scale_identity", "status": "PASS", "live": {"concept_cos_plus": 0.9999809861183167, "concept_cos_minus": 0.999997615814209, "concept_mag_plus": 0.9993701577186584, "concept_mag_minus": 1.0006170272827148, "identity_at_0": 0.998754588090076, "identity_at_mid": 0.9977136742896218}, "seconds": 5.569863034994341, "error": null}
{"event": "START", "candidate": "cosine", "task": "mode_hold", "tier": "required", "phase": "fit"}
{"event": "DONE", "candidate": "cosine", "task": "mode_hold", "status": "PASS", "live": {"modes": 8, "hq": 1.0}, "seconds": 6.784693661029451, "error": null}
{"event": "START", "candidate": "cosine", "task": "vector_two_broad", "tier": "ranking", "phase": "fit"}
{"event": "DONE", "candidate": "cosine", "task": "vector_two_broad", "status": "PASS", "live": {"sw1_normalized": 0.039028881605598496, "mean_error": 0.03537439554929733, "covariance_error": 0.04438173398375511, "target_scale": 1.0555585622787476, "sample_count": 4096, "mass_tv": 0.0146484375, "min_mass_ratio": 0.970703125, "hq": 0.984375, "component_covariance_error": 0.20217658579349518, "component_covariance_errors": [0.3119445741176605, 0.09240859746932983], "component_min_eigen_ratio": 0.5616455674171448, "component_mass": [0.4853515625, 0.5146484375], "target_mass": [0.5, 0.5], "component_counts": [1988, 2108]}, "seconds": 5.621316010016017, "error": null}
{"event": "START", "candidate": "cosine", "task": "vector_unequal_mass", "tier": "ranking", "phase": "fit"}
{"event": "DONE", "candidate": "cosine", "task": "vector_unequal_mass", "status": "FAIL", "live": {"sw1_normalized": 0.08068859440349768, "mean_error": 0.0732969418168068, "covariance_error": 0.19305510818958282, "target_scale": 1.7593294382095337, "sample_count": 4096, "mass_tv": 0.05170898884534836, "min_mass_ratio": 0.9059836268424988, "hq": 0.9501953125, "component_covariance_error": 5.800080198794603, "component_covariance_errors": [5.123236656188965, 0.1975315362215042, 1.1661851406097412, 16.713367462158203], "component_min_eigen_ratio": 0.9366163015365601, "component_mass": [0.498291015625, 0.3193359375, 0.158447265625, 0.02392578125], "target_mass": [0.550000011920929, 0.30000001192092896, 0.12999999523162842, 0.019999999552965164], "component_counts": [2041, 1308, 649, 98]}, "seconds": 5.4460840210085735, "error": null}
{"event": "START", "candidate": "cosine", "task": "vector_unequal_width", "tier": "ranking", "phase": "fit"}
{"event": "DONE", "candidate": "cosine", "task": "vector_unequal_width", "status": "FAIL", "live": {"sw1_normalized": 0.08506576910256845, "mean_error": 0.0844394639134407, "covariance_error": 0.1847010999917984, "target_scale": 2.1343955993652344, "sample_count": 4096, "mass_tv": 0.083251953125, "min_mass_ratio": 0.71484375, "hq": 0.970947265625, "component_covariance_error": 7.80859362334013, "component_covariance_errors": [26.27338409423828, 1.2113778591156006, 3.627269744873047, 0.1223427951335907], "component_min_eigen_ratio": 0.7037267684936523, "component_mass": [0.1787109375, 0.318115234375, 0.26513671875, 0.238037109375], "target_mass": [0.25, 0.25, 0.25, 0.25], "component_counts": [732, 1303, 1086, 975]}, "seconds": 5.47550800209865, "error": null}
{"event": "START", "candidate": "cosine", "task": "vector_anisotropic", "tier": "ranking", "phase": "fit"}
{"event": "DONE", "candidate": "cosine", "task": "vector_anisotropic", "status": "PASS", "live": {"sw1_normalized": 0.14075334313934357, "mean_error": 0.1938084363937378, "covariance_error": 0.15296639502048492, "target_scale": 2.032285690307617, "sample_count": 4096, "mass_tv": 0.1068522185087204, "min_mass_ratio": 0.77783203125, "hq": 0.98974609375, "component_covariance_error": 0.13558053721984228, "component_covariance_errors": [0.15144255757331848, 0.13789492845535278, 0.11740412563085556], "component_min_eigen_ratio": 0.5556106567382812, "component_mass": [0.300537109375, 0.25927734375, 0.440185546875], "target_mass": [0.3333333432674408, 0.3333333432674408, 0.3333333432674408], "component_counts": [1231, 1062, 1803]}, "seconds": 5.366814941051416, "error": null}
{"event": "START", "candidate": "cosine", "task": "vector_overlap", "tier": "ranking", "phase": "fit"}
{"event": "DONE", "candidate": "cosine", "task": "vector_overlap", "status": "FAIL", "live": {"sw1_normalized": 0.09159826145118381, "mean_error": 0.08065998554229736, "covariance_error": 0.3377096951007843, "target_scale": 0.8501437306404114, "sample_count": 4096}, "seconds": 5.26831192499958, "error": null}
{"event": "START", "candidate": "cosine", "task": "vector_narrow", "tier": "diagnostic", "phase": "fit"}
{"event": "DONE", "candidate": "cosine", "task": "vector_narrow", "status": "FAIL", "live": {"sw1_normalized": 0.49878779413620294, "mean_error": 0.7338314056396484, "covariance_error": 0.7093478441238403, "target_scale": 2.1200308799743652, "sample_count": 4096, "mass_tv": 0.5, "min_mass_ratio": 0.0, "hq": 0.978759765625, "component_covariance_error": 36.84063124656677, "component_covariance_errors": [4.149725914001465, 141.21279907226562, 1.0, 1.0], "component_min_eigen_ratio": 0.0, "component_mass": [0.673828125, 0.326171875, 0.0, 0.0], "target_mass": [0.25, 0.25, 0.25, 0.25], "component_counts": [2760, 1336, 0, 0]}, "seconds": 7.7304407299961895, "error": null}
{"event": "START", "candidate": "cosine", "task": "vector_scale_drift", "tier": "diagnostic", "phase": "fit"}
{"event": "DONE", "candidate": "cosine", "task": "vector_scale_drift", "status": "PASS", "live": {"sw1_normalized": 0.07029159001900712, "mean_error": 0.012449134141206741, "covariance_error": 0.210458442568779, "target_scale": 1.644848108291626, "sample_count": 4096, "mass_tv": 0.02001953125, "min_mass_ratio": 0.9599609375, "hq": 0.961181640625, "component_covariance_error": 0.5831803381443024, "component_covariance_errors": [0.6969664096832275, 0.4693942666053772], "component_min_eigen_ratio": 1.1040279865264893, "component_mass": [0.52001953125, 0.47998046875], "target_mass": [0.5, 0.5], "component_counts": [2130, 1966]}, "seconds": 6.901472569908947, "error": null}
{"event": "START", "candidate": "cosine", "task": "vector_spiral", "tier": "ranking", "phase": "fit"}
{"event": "DONE", "candidate": "cosine", "task": "vector_spiral", "status": "PASS", "live": {"sw1_normalized": 0.06325822952486929, "mean_error": 0.07759803533554077, "covariance_error": 0.11381782591342926, "target_scale": 1.224178433418274, "sample_count": 4096}, "seconds": 6.72620458190795, "error": null}
{"event": "START", "candidate": "cosine", "task": "stress_fast_critic", "tier": "ranking", "phase": "fit"}
{"event": "DONE", "candidate": "cosine", "task": "stress_fast_critic", "status": "FAIL", "live": {"sw1_normalized": 0.045742657558519924, "mean_error": 0.04462083429098129, "covariance_error": 0.0826280266046524, "target_scale": 3.004528284072876, "sample_count": 4096, "mass_tv": 0.056640625, "min_mass_ratio": 0.6796875, "hq": 0.98046875, "component_covariance_error": 3.368561246432364, "component_covariance_errors": [0.358092337846756, 4.038082599639893, 0.11682511121034622, 13.014460563659668, 0.6059699654579163, 0.19362851977348328, 0.6984009742736816, 7.923029899597168], "component_min_eigen_ratio": 0.3632425367832184, "component_mass": [0.1240234375, 0.0849609375, 0.1513671875, 0.1171875, 0.13671875, 0.126220703125, 0.142333984375, 0.1171875], "target_mass": [0.125, 0.125, 0.125, 0.125, 0.125, 0.125, 0.125, 0.125], "component_counts": [508, 348, 620, 480, 560, 517, 583, 480]}, "seconds": 5.424908639048226, "error": null}
{"event": "START", "candidate": "cosine", "task": "stress_slow_critic", "tier": "ranking", "phase": "fit"}
{"event": "DONE", "candidate": "cosine", "task": "stress_slow_critic", "status": "FAIL", "live": {"sw1_normalized": 0.09655671106868366, "mean_error": 0.08300478011369705, "covariance_error": 0.04543061554431915, "target_scale": 3.004528284072876, "sample_count": 4096, "mass_tv": 0.19287109375, "min_mass_ratio": 0.44921875, "hq": 0.821533203125, "component_covariance_error": 26.869698882102966, "component_covariance_errors": [37.44487380981445, 61.964542388916016, 10.553995132446289, 22.80707359313965, 12.558844566345215, 23.84463119506836, 18.63513946533203, 27.14849090576172], "component_min_eigen_ratio": 0.5646657943725586, "component_mass": [0.146240234375, 0.108154296875, 0.22998046875, 0.06884765625, 0.170166015625, 0.05615234375, 0.146484375, 0.073974609375], "target_mass": [0.125, 0.125, 0.125, 0.125, 0.125, 0.125, 0.125, 0.125], "component_counts": [599, 443, 942, 282, 697, 230, 600, 303]}, "seconds": 5.399348541977815, "error": null}
{"event": "START", "candidate": "cosine", "task": "stress_small_batch", "tier": "ranking", "phase": "fit"}
{"event": "DONE", "candidate": "cosine", "task": "stress_small_batch", "status": "FAIL", "live": {"sw1_normalized": 0.09043616818250891, "mean_error": 0.03992600739002228, "covariance_error": 0.18717843294143677, "target_scale": 3.004528284072876, "sample_count": 4096, "mass_tv": 0.1025390625, "min_mass_ratio": 0.66015625, "hq": 0.76611328125, "component_covariance_error": 38.125155568122864, "component_covariance_errors": [46.00192642211914, 43.53894805908203, 47.562068939208984, 61.8954963684082, 13.537219047546387, 12.585199356079102, 45.921077728271484, 33.95930862426758], "component_min_eigen_ratio": 0.36454424262046814, "component_mass": [0.16357421875, 0.11181640625, 0.120849609375, 0.08251953125, 0.138671875, 0.17529296875, 0.1083984375, 0.098876953125], "target_mass": [0.125, 0.125, 0.125, 0.125, 0.125, 0.125, 0.125, 0.125], "component_counts": [670, 458, 495, 338, 568, 718, 444, 405]}, "seconds": 5.066943418001756, "error": null}
{"event": "START", "candidate": "cosine", "task": "stress_large_critic", "tier": "ranking", "phase": "fit"}
{"event": "DONE", "candidate": "cosine", "task": "stress_large_critic", "status": "FAIL", "live": {"sw1_normalized": 0.09223277155318978, "mean_error": 0.12344878911972046, "covariance_error": 0.08393412083387375, "target_scale": 3.004528284072876, "sample_count": 4096, "mass_tv": 0.14599609375, "min_mass_ratio": 0.4375, "hq": 0.94384765625, "component_covariance_error": 7.2974076513201, "component_covariance_errors": [7.00295352935791, 0.12049104273319244, 22.46698570251465, 6.148032188415527, 4.000299453735352, 13.943657875061035, 0.5513383746147156, 4.145503044128418], "component_min_eigen_ratio": 0.4906703531742096, "component_mass": [0.185302734375, 0.113525390625, 0.08447265625, 0.11083984375, 0.146484375, 0.0546875, 0.189208984375, 0.115478515625], "target_mass": [0.125, 0.125, 0.125, 0.125, 0.125, 0.125, 0.125, 0.125], "component_counts": [759, 465, 346, 454, 600, 224, 775, 473]}, "seconds": 6.360440713004209, "error": null}
{"event": "START", "candidate": "cosine", "task": "stress_long_horizon", "tier": "ranking", "phase": "fit"}
{"event": "DONE", "candidate": "cosine", "task": "stress_long_horizon", "status": "FAIL", "live": {"sw1_normalized": 0.0835019685515801, "mean_error": 0.10223393887281418, "covariance_error": 0.13915666937828064, "target_scale": 3.004528284072876, "sample_count": 4096, "mass_tv": 0.096923828125, "min_mass_ratio": 0.765625, "hq": 0.992919921875, "component_covariance_error": 0.9727373151108623, "component_covariance_errors": [0.15865477919578552, 0.45193251967430115, 0.2176506221294403, 0.44885408878326416, 0.5578426718711853, 0.07590269297361374, 5.5413641929626465, 0.3296969532966614], "component_min_eigen_ratio": 0.33125752210617065, "component_mass": [0.111083984375, 0.1015625, 0.095703125, 0.21337890625, 0.13330078125, 0.125244140625, 0.100341796875, 0.119384765625], "target_mass": [0.125, 0.125, 0.125, 0.125, 0.125, 0.125, 0.125, 0.125], "component_counts": [455, 416, 392, 874, 546, 513, 411, 489]}, "seconds": 10.245134415104985, "error": null}
{"event": "START", "candidate": "cosine", "task": "stress_r1_r2", "tier": "ranking", "phase": "fit"}
{"event": "DONE", "candidate": "cosine", "task": "stress_r1_r2", "status": "FAIL", "live": {"sw1_normalized": 0.08417586468077644, "mean_error": 0.012570268474519253, "covariance_error": 0.21140766143798828, "target_scale": 3.004528284072876, "sample_count": 4096, "mass_tv": 0.189208984375, "min_mass_ratio": 0.419921875, "hq": 0.83984375, "component_covariance_error": 23.11691188812256, "component_covariance_errors": [11.994194984436035, 15.743141174316406, 8.455698013305664, 26.493473052978516, 8.111639976501465, 30.19668197631836, 55.87053298950195, 28.06993293762207], "component_min_eigen_ratio": 1.0302318334579468, "component_mass": [0.1591796875, 0.052490234375, 0.203125, 0.087158203125, 0.1806640625, 0.07421875, 0.146240234375, 0.096923828125], "target_mass": [0.125, 0.125, 0.125, 0.125, 0.125, 0.125, 0.125, 0.125], "component_counts": [652, 215, 832, 357, 740, 304, 599, 397]}, "seconds": 5.3659196379594505, "error": null}
{"event": "START", "candidate": "cosine", "task": "stress_weak_critic", "tier": "diagnostic", "phase": "fit"}
{"event": "DONE", "candidate": "cosine", "task": "stress_weak_critic", "status": "FAIL", "live": {"sw1_normalized": 0.17417082972772768, "mean_error": 0.016828158870339394, "covariance_error": 0.377385675907135, "target_scale": 3.004528284072876, "sample_count": 4096, "mass_tv": 0.2294921875, "min_mass_ratio": 0.0, "hq": 0.122802734375, "component_covariance_error": 32.12964725494385, "component_covariance_errors": [34.83567428588867, 35.71216583251953, 22.714420318603516, 1.0, 72.1678695678711, 58.362308502197266, 22.321062088012695, 9.923677444458008], "component_min_eigen_ratio": 0.0, "component_mass": [0.115966796875, 0.138671875, 0.10498046875, 0.0, 0.239013671875, 0.072021484375, 0.226806640625, 0.1025390625], "target_mass": [0.125, 0.125, 0.125, 0.125, 0.125, 0.125, 0.125, 0.125], "component_counts": [475, 568, 430, 0, 979, 295, 929, 420]}, "seconds": 3.7444670730037615, "error": null}
{"event": "START", "candidate": "cosine", "task": "stress_overlapping_data", "tier": "diagnostic", "phase": "fit"}
{"event": "DONE", "candidate": "cosine", "task": "stress_overlapping_data", "status": "PASS", "live": {"sw1_normalized": 0.05351805714708731, "mean_error": 0.03902066498994827, "covariance_error": 0.16426101326942444, "target_scale": 3.1175975799560547, "sample_count": 4096}, "seconds": 5.274102564086206, "error": null}
{"event": "START", "candidate": "previous_feedback", "task": "two_pole", "tier": "required", "phase": "fit"}
{"event": "DONE", "candidate": "previous_feedback", "task": "two_pole", "status": "PASS", "live": {"mean_abs": 0.3522472679615021, "grad_med": 0.39763641357421875}, "seconds": 0.12597545003518462, "error": null}
{"event": "START", "candidate": "previous_feedback", "task": "trajectory", "tier": "required", "phase": "fit"}
{"event": "DONE", "candidate": "previous_feedback", "task": "trajectory", "status": "PASS", "live": {"identity_mse": 2.812399179674685e-05}, "seconds": 1.0984166199341416, "error": null}
{"event": "START", "candidate": "previous_feedback", "task": "residual_student", "tier": "required", "phase": "fit"}
{"event": "DONE", "candidate": "previous_feedback", "task": "residual_student", "status": "PASS", "live": {"identity_mse": 1.529741166450549e-05, "success_rate": 1.0, "wrong_pad_rate": 0.0}, "seconds": 1.1465798739809543, "error": null}
{"event": "START", "candidate": "previous_feedback", "task": "unipolar", "tier": "required", "phase": "fit"}
unipolar_dir arm=locked_rpgan step=1/400 cover=0.0128 leak=0.3214 neu_hold=0.9915 cos_plus=+0.5669 hit=FAIL
unipolar_dir arm=locked_rpgan step=50/400 cover=0.6494 leak=0.0025 neu_hold=0.8272 cos_plus=+0.9984 hit=FAIL
unipolar_dir arm=locked_rpgan step=100/400 cover=0.9919 leak=0.0000 neu_hold=0.8358 cos_plus=+1.0000 hit=FAIL
unipolar_dir arm=locked_rpgan step=150/400 cover=0.9993 leak=0.0000 neu_hold=0.9833 cos_plus=+1.0000 hit=PASS
unipolar_dir arm=locked_rpgan step=200/400 cover=0.9323 leak=0.0007 neu_hold=0.9167 cos_plus=+0.9994 hit=PASS
unipolar_dir arm=locked_rpgan step=250/400 cover=0.9518 leak=0.0005 neu_hold=0.9709 cos_plus=+0.9997 hit=PASS
unipolar_dir arm=locked_rpgan step=300/400 cover=0.9554 leak=0.0005 neu_hold=0.9387 cos_plus=+0.9995 hit=PASS
unipolar_dir arm=locked_rpgan step=350/400 cover=0.9784 leak=0.0001 neu_hold=0.9765 cos_plus=+0.9999 hit=PASS
unipolar_dir arm=locked_rpgan step=400/400 cover=0.9683 leak=0.0001 neu_hold=0.9476 cos_plus=+0.9998 hit=PASS
unipolar_dir arm=locked_rpgan step=400 seed=0 cover=0.9683 leak=0.0001 neu_hold=0.9476 cos_plus=+0.9998 hit=PASS
{"event": "DONE", "candidate": "previous_feedback", "task": "unipolar", "status": "PASS", "live": {"cover": 0.9683125047348042, "off_caption": 0.0001298440470385648, "neu_hold": 0.9476489946246147}, "seconds": 1.4923527549253777, "error": null}
{"event": "START", "candidate": "previous_feedback", "task": "ae_gan_hold", "tier": "required", "phase": "fit"}
ae-gan-hold arm=smart_descent step=0 recon=1.2815 hold=1.4373 phase=init
ae-gan-hold arm=smart_descent step=1 recon=1.2653 hold=1.4033 loss=4.2070
ae-gan-hold arm=smart_descent step=50 recon=0.0981 hold=0.0237 loss=1.0588
ae-gan-hold arm=smart_descent step=100 recon=0.0034 hold=0.0263 loss=1.0595
ae-gan-hold arm=smart_descent step=150 recon=0.0097 hold=0.0381 loss=0.8299
ae-gan-hold arm=smart_descent step=200 recon=0.0082 hold=0.0035 loss=0.6809
{"event": "DONE", "candidate": "previous_feedback", "task": "ae_gan_hold", "status": "PASS", "live": {"recon_mse": 0.0064835986122488976, "hold": 0.0027903029695153236}, "seconds": 0.7952649550279602, "error": null}
{"event": "START", "candidate": "previous_feedback", "task": "cover_leftover", "tier": "required", "phase": "fit"}
cover_leftover start arm=locked steps=800 seed=0 teacher=faithful_guard_e cover=1.5 penalty_coeff=3.0 kappa=1.2 fm=0.0 n_particles=12
cover_leftover arm=locked step=1/800 d=0.7237 g=1.7435 cap=0.0000 u_kept=0.009 content=0.000 leak=0.000 err=0.749 covered=0
cover_leftover arm=locked step=50/800 d=0.4250 g=1.7200 cap=0.0000 u_kept=0.215 content=0.378 leak=0.071 err=0.565 covered=0
cover_leftover arm=locked step=100/800 d=0.6006 g=1.1057 cap=0.0000 u_kept=0.401 content=0.665 leak=0.026 err=0.413 covered=0
cover_leftover arm=locked step=150/800 d=0.6927 g=0.8530 cap=0.0000 u_kept=0.587 content=0.776 leak=0.024 err=0.310 covered=0
cover_leftover arm=locked step=200/800 d=0.6859 g=0.8141 cap=0.0000 u_kept=0.611 content=0.841 leak=0.001 err=0.263 covered=0
cover_leftover arm=locked step=250/800 d=0.6937 g=0.7714 cap=0.0000 u_kept=0.689 content=0.910 leak=0.002 err=0.214 covered=0
cover_leftover arm=locked step=300/800 d=0.6905 g=0.7364 cap=0.0000 u_kept=0.767 content=0.963 leak=0.003 err=0.156 covered=1
cover_leftover arm=locked step=350/800 d=0.6934 g=0.7149 cap=0.0000 u_kept=0.823 content=0.986 leak=0.008 err=0.117 covered=1
cover_leftover arm=locked step=400/800 d=0.6928 g=0.7026 cap=0.0000 u_kept=0.888 content=0.997 leak=0.004 err=0.074 covered=1
cover_leftover arm=locked step=450/800 d=0.6974 g=0.6964 cap=0.0000 u_kept=0.938 content=0.998 leak=0.002 err=0.050 covered=1
cover_leftover arm=locked step=500/800 d=0.6938 g=0.6937 cap=0.0000 u_kept=0.972 content=1.022 leak=0.000 err=0.030 covered=1
cover_leftover arm=locked step=550/800 d=0.6933 g=0.6941 cap=0.0000 u_kept=0.987 content=0.993 leak=0.006 err=0.012 covered=1
cover_leftover arm=locked step=600/800 d=0.6921 g=0.6949 cap=0.0000 u_kept=0.995 content=1.008 leak=0.002 err=0.005 covered=1
cover_leftover arm=locked step=650/800 d=0.6924 g=0.6932 cap=0.0000 u_kept=0.987 content=0.985 leak=0.000 err=0.010 covered=1
cover_leftover arm=locked step=700/800 d=0.6935 g=0.6941 cap=0.0000 u_kept=1.005 content=1.009 leak=0.003 err=0.010 covered=1
cover_leftover arm=locked step=750/800 d=0.6931 g=0.6933 cap=0.0000 u_kept=0.997 content=0.987 leak=0.002 err=0.013 covered=1
cover_leftover arm=locked step=800/800 d=0.6930 g=0.6945 cap=0.0000 u_kept=0.997 content=1.005 leak=0.006 err=0.005 covered=1
cover_leftover DONE arm=locked pass=1 reasons=none u_kept=0.938 content=0.965 leak=0.000 err=0.045 same_dir=0.001 particle_rms=0.067
{"event": "DONE", "candidate": "previous_feedback", "task": "cover_leftover", "status": "PASS", "live": {"u_kept": 0.9967831273536409, "content_kept": 1.00480153684424, "leak_ratio": 0.005906395707153457, "pole_rel_err_plus": 0.005496480502188206, "pole_rel_err_minus": 0.00203693937510252, "same_dir": 0.0038166600807113967}, "seconds": 3.4428395729046315, "error": null}
{"event": "START", "candidate": "previous_feedback", "task": "unused_token_hold", "tier": "required", "phase": "fit"}
unused-token arm=smart_descent step=1 hold=0.9940 concept=0.0000 unused_dist=0.0060
unused-token arm=smart_descent step=50 hold=0.9866 concept=0.5483 unused_dist=0.0134
unused-token arm=smart_descent step=100 hold=0.9890 concept=0.9669 unused_dist=0.0110
unused-token arm=smart_descent step=150 hold=0.9959 concept=0.8738 unused_dist=0.0041
unused-token arm=smart_descent step=200 hold=0.9914 concept=0.9794 unused_dist=0.0086
{"event": "DONE", "candidate": "previous_feedback", "task": "unused_token_hold", "status": "PASS", "live": {"unused_hold": 0.9913687938824296, "concept_move": 0.9793838557436985}, "seconds": 0.367494925041683, "error": null}
{"event": "START", "candidate": "previous_feedback", "task": "mid_scale_identity", "tier": "required", "phase": "fit"}
mid_scale arm=locked step=1 seed=0 concept+=+0.5774 concept-=+0.0000 id0=+0.0077 id_mid=+0.0232 scales=[-1.0, 0.0, 0.5, 1.0] gate=FAIL why=concept,identity_0,identity_mid
mid_scale arm=locked step=50 seed=0 concept+=+0.8883 concept-=+0.3444 id0=+0.3976 id_mid=+0.9601 scales=[-1.0, 0.0, 0.5, 1.0] gate=FAIL why=concept,identity_0
mid_scale arm=locked step=100 seed=0 concept+=+0.9536 concept-=+0.7490 id0=+0.5795 id_mid=+0.7786 scales=[-1.0, 0.0, 0.5, 1.0] gate=FAIL why=concept,identity_0,identity_mid
mid_scale arm=locked step=150 seed=0 concept+=+0.9794 concept-=+0.9248 id0=+0.6379 id_mid=+0.8561 scales=[-1.0, 0.0, 0.5, 1.0] gate=FAIL why=concept,identity_0
mid_scale arm=locked step=200 seed=0 concept+=+0.9892 concept-=+0.9800 id0=+0.7562 id_mid=+0.9744 scales=[-1.0, 0.0, 0.5, 1.0] gate=FAIL why=identity_0
mid_scale arm=locked step=250 seed=0 concept+=+0.9993 concept-=+0.9968 id0=+0.8751 id_mid=+0.9984 scales=[-1.0, 0.0, 0.5, 1.0] gate=PASS why=locked
mid_scale arm=locked step=300 seed=0 concept+=+0.9994 concept-=+0.9998 id0=+0.9970 id_mid=+0.9959 scales=[-1.0, 0.0, 0.5, 1.0] gate=PASS why=locked
mid_scale arm=locked step=350 seed=0 concept+=+0.9989 concept-=+0.9999 id0=+0.9744 id_mid=+0.9121 scales=[-1.0, 0.0, 0.5, 1.0] gate=PASS why=locked
mid_scale arm=locked step=400 seed=0 concept+=+0.9993 concept-=+0.9995 id0=+0.9975 id_mid=+0.9918 scales=[-1.0, 0.0, 0.5, 1.0] gate=PASS why=locked
mid_scale arm=locked step=450 seed=0 concept+=+0.9997 concept-=+0.9994 id0=+0.9883 id_mid=+0.9623 scales=[-1.0, 0.0, 0.5, 1.0] gate=PASS why=locked
mid_scale arm=locked step=500 seed=0 concept+=+0.9997 concept-=+0.9997 id0=+0.9785 id_mid=+0.9970 scales=[-1.0, 0.0, 0.5, 1.0] gate=PASS why=locked
mid_scale arm=locked step=550 seed=0 concept+=+0.9999 concept-=+0.9999 id0=+0.9940 id_mid=+0.9748 scales=[-1.0, 0.0, 0.5, 1.0] gate=PASS why=locked
mid_scale arm=locked step=600 seed=0 concept+=+1.0000 concept-=+1.0000 id0=+0.9922 id_mid=+0.9931 scales=[-1.0, 0.0, 0.5, 1.0] gate=PASS why=locked
mid_scale arm=locked step=650 seed=0 concept+=+1.0000 concept-=+0.9999 id0=+0.9882 id_mid=+0.9876 scales=[-1.0, 0.0, 0.5, 1.0] gate=PASS why=locked
mid_scale arm=locked step=700 seed=0 concept+=+1.0000 concept-=+1.0000 id0=+0.9999 id_mid=+0.9948 scales=[-1.0, 0.0, 0.5, 1.0] gate=PASS why=locked
mid_scale arm=locked step=750 seed=0 concept+=+1.0000 concept-=+1.0000 id0=+0.9904 id_mid=+0.9973 scales=[-1.0, 0.0, 0.5, 1.0] gate=PASS why=locked
mid_scale arm=locked step=800 seed=0 concept+=+1.0000 concept-=+1.0000 id0=+0.9887 id_mid=+0.9956 scales=[-1.0, 0.0, 0.5, 1.0] gate=PASS why=locked
mid_scale arm=locked step=800 seed=0 concept+=+1.0000 concept-=+1.0000 id0=+0.9887 id_mid=+0.9956 scales=[-1.0, 0.0, 0.5, 1.0] gate=PASS why=locked
{"event": "DONE", "candidate": "previous_feedback", "task": "mid_scale_identity", "status": "PASS", "live": {"concept_cos_plus": 0.9999730587005615, "concept_cos_minus": 0.9999508857727051, "concept_mag_plus": 1.0009554624557495, "concept_mag_minus": 0.9968147873878479, "identity_at_0": 0.9886699160843426, "identity_at_mid": 0.9955753848365492}, "seconds": 5.585070526925847, "error": null}
{"event": "START", "candidate": "previous_feedback", "task": "mode_hold", "tier": "required", "phase": "fit"}
{"event": "DONE", "candidate": "previous_feedback", "task": "mode_hold", "status": "PASS", "live": {"modes": 8, "hq": 1.0}, "seconds": 6.7803921670420095, "error": null}
{"event": "START", "candidate": "previous_feedback", "task": "vector_two_broad", "tier": "ranking", "phase": "fit"}
{"event": "DONE", "candidate": "previous_feedback", "task": "vector_two_broad", "status": "PASS", "live": {"sw1_normalized": 0.06801627181462612, "mean_error": 0.04746299982070923, "covariance_error": 0.1485055685043335, "target_scale": 1.0555585622787476, "sample_count": 4096, "mass_tv": 0.02099609375, "min_mass_ratio": 0.9580078125, "hq": 0.99169921875, "component_covariance_error": 0.14485419914126396, "component_covariance_errors": [0.06174299865961075, 0.22796539962291718], "component_min_eigen_ratio": 0.6800059080123901, "component_mass": [0.47900390625, 0.52099609375], "target_mass": [0.5, 0.5], "component_counts": [1962, 2134]}, "seconds": 5.392020567902364, "error": null}
{"event": "START", "candidate": "previous_feedback", "task": "vector_unequal_mass", "tier": "ranking", "phase": "fit"}
{"event": "DONE", "candidate": "previous_feedback", "task": "vector_unequal_mass", "status": "FAIL", "live": {"sw1_normalized": 0.10427002217392556, "mean_error": 0.10127107799053192, "covariance_error": 0.1974293440580368, "target_scale": 1.7593294382095337, "sample_count": 4096, "mass_tv": 0.07221680134534836, "min_mass_ratio": 0.8686966896057129, "hq": 0.957763671875, "component_covariance_error": 2.4635376036167145, "component_covariance_errors": [3.1822562217712402, 2.4864251613616943, 3.517524242401123, 0.6679447889328003], "component_min_eigen_ratio": 0.10563251376152039, "component_mass": [0.477783203125, 0.357421875, 0.144287109375, 0.0205078125], "target_mass": [0.550000011920929, 0.30000001192092896, 0.12999999523162842, 0.019999999552965164], "component_counts": [1957, 1464, 591, 84]}, "seconds": 5.40917601599358, "error": null}
{"event": "START", "candidate": "previous_feedback", "task": "vector_unequal_width", "tier": "ranking", "phase": "fit"}
{"event": "DONE", "candidate": "previous_feedback", "task": "vector_unequal_width", "status": "FAIL", "live": {"sw1_normalized": 0.1444973690571723, "mean_error": 0.16931968927383423, "covariance_error": 0.17079590260982513, "target_scale": 2.1343955993652344, "sample_count": 4096, "mass_tv": 0.146728515625, "min_mass_ratio": 0.6962890625, "hq": 0.967529296875, "component_covariance_error": 7.60940608382225, "component_covariance_errors": [0.46964097023010254, 29.697242736816406, 0.1330452859401703, 0.1376953423023224], "component_min_eigen_ratio": 0.45670652389526367, "component_mass": [0.396728515625, 0.174072265625, 0.210693359375, 0.218505859375], "target_mass": [0.25, 0.25, 0.25, 0.25], "component_counts": [1625, 713, 863, 895]}, "seconds": 5.567367065930739, "error": null}
{"event": "START", "candidate": "previous_feedback", "task": "vector_anisotropic", "tier": "ranking", "phase": "fit"}
{"event": "DONE", "candidate": "previous_feedback", "task": "vector_anisotropic", "status": "PASS", "live": {"sw1_normalized": 0.09415217947532761, "mean_error": 0.11637049913406372, "covariance_error": 0.1284676343202591, "target_scale": 2.032285690307617, "sample_count": 4096, "mass_tv": 0.0948893278837204, "min_mass_ratio": 0.85693359375, "hq": 0.99658203125, "component_covariance_error": 0.07525459676980972, "component_covariance_errors": [0.10027840733528137, 0.08051709830760956, 0.04496828466653824], "component_min_eigen_ratio": 0.34633365273475647, "component_mass": [0.2861328125, 0.42822265625, 0.28564453125], "target_mass": [0.3333333432674408, 0.3333333432674408, 0.3333333432674408], "component_counts": [1172, 1754, 1170]}, "seconds": 5.474192218040116, "error": null}
{"event": "START", "candidate": "previous_feedback", "task": "vector_overlap", "tier": "ranking", "phase": "fit"}
{"event": "DONE", "candidate": "previous_feedback", "task": "vector_overlap", "status": "FAIL", "live": {"sw1_normalized": 0.09673512913967529, "mean_error": 0.12084254622459412, "covariance_error": 0.17241907119750977, "target_scale": 0.8501437306404114, "sample_count": 4096}, "seconds": 5.4545227700145915, "error": null}
{"event": "START", "candidate": "previous_feedback", "task": "vector_narrow", "tier": "diagnostic", "phase": "fit"}
{"event": "DONE", "candidate": "previous_feedback", "task": "vector_narrow", "status": "FAIL", "live": {"sw1_normalized": 0.2609481453891306, "mean_error": 0.29687386751174927, "covariance_error": 0.2094019204378128, "target_scale": 2.1200308799743652, "sample_count": 4096, "mass_tv": 0.220703125, "min_mass_ratio": 0.5498046875, "hq": 0.8857421875, "component_covariance_error": 574.9620912075043, "component_covariance_errors": [6.327797889709473, 129.34193420410156, 2140.39111328125, 23.787519454956055], "component_min_eigen_ratio": 0.03399658203125, "component_mass": [0.447509765625, 0.273193359375, 0.137451171875, 0.141845703125], "target_mass": [0.25, 0.25, 0.25, 0.25], "component_counts": [1833, 1119, 563, 581]}, "seconds": 7.876486869063228, "error": null}
{"event": "START", "candidate": "previous_feedback", "task": "vector_scale_drift", "tier": "diagnostic", "phase": "fit"}
{"event": "DONE", "candidate": "previous_feedback", "task": "vector_scale_drift", "status": "PASS", "live": {"sw1_normalized": 0.05897046315310075, "mean_error": 0.046182166785001755, "covariance_error": 0.10090562701225281, "target_scale": 1.644848108291626, "sample_count": 4096, "mass_tv": 0.01611328125, "min_mass_ratio": 0.9677734375, "hq": 0.969482421875, "component_covariance_error": 0.6425907611846924, "component_covariance_errors": [0.5955073833465576, 0.6896741390228271], "component_min_eigen_ratio": 0.5617055296897888, "component_mass": [0.51611328125, 0.48388671875], "target_mass": [0.5, 0.5], "component_counts": [2114, 1982]}, "seconds": 7.09467678994406, "error": null}
{"event": "START", "candidate": "previous_feedback", "task": "vector_spiral", "tier": "ranking", "phase": "fit"}
{"event": "DONE", "candidate": "previous_feedback", "task": "vector_spiral", "status": "PASS", "live": {"sw1_normalized": 0.04111258007354648, "mean_error": 0.036606743931770325, "covariance_error": 0.05501146614551544, "target_scale": 1.224178433418274, "sample_count": 4096}, "seconds": 7.072100801975466, "error": null}
{"event": "START", "candidate": "previous_feedback", "task": "stress_fast_critic", "tier": "ranking", "phase": "fit"}
{"event": "DONE", "candidate": "previous_feedback", "task": "stress_fast_critic", "status": "FAIL", "live": {"sw1_normalized": 0.0541487576679875, "mean_error": 0.04000869393348694, "covariance_error": 0.030658386647701263, "target_scale": 3.004528284072876, "sample_count": 4096, "mass_tv": 0.13916015625, "min_mass_ratio": 0.576171875, "hq": 0.921630859375, "component_covariance_error": 8.42565018683672, "component_covariance_errors": [10.79073429107666, 0.4529397785663605, 0.3752864897251129, 23.099740982055664, 7.553908348083496, 1.2372177839279175, 6.920152187347412, 16.975221633911133], "component_min_eigen_ratio": 0.285199373960495, "component_mass": [0.193603515625, 0.075439453125, 0.154296875, 0.110595703125, 0.145751953125, 0.1455078125, 0.102783203125, 0.072021484375], "target_mass": [0.125, 0.125, 0.125, 0.125, 0.125, 0.125, 0.125, 0.125], "component_counts": [793, 309, 632, 453, 597, 596, 421, 295]}, "seconds": 5.4500667749671265, "error": null}
{"event": "START", "candidate": "previous_feedback", "task": "stress_slow_critic", "tier": "ranking", "phase": "fit"}
{"event": "DONE", "candidate": "previous_feedback", "task": "stress_slow_critic", "status": "FAIL", "live": {"sw1_normalized": 0.12534743755011643, "mean_error": 0.15058580040931702, "covariance_error": 0.18799062073230743, "target_scale": 3.004528284072876, "sample_count": 4096, "mass_tv": 0.110107421875, "min_mass_ratio": 0.640625, "hq": 0.725830078125, "component_covariance_error": 45.862478256225586, "component_covariance_errors": [107.15287017822266, 48.072879791259766, 38.3859977722168, 11.50545883178711, 45.45272445678711, 55.222755432128906, 42.97484588623047, 18.132293701171875], "component_min_eigen_ratio": 0.8282092213630676, "component_mass": [0.186279296875, 0.09375, 0.157958984375, 0.1201171875, 0.080078125, 0.095947265625, 0.13623046875, 0.129638671875], "target_mass": [0.125, 0.125, 0.125, 0.125, 0.125, 0.125, 0.125, 0.125], "component_counts": [763, 384, 647, 492, 328, 393, 558, 531]}, "seconds": 5.546717994962819, "error": null}
{"event": "START", "candidate": "previous_feedback", "task": "stress_small_batch", "tier": "ranking", "phase": "fit"}
{"event": "DONE", "candidate": "previous_feedback", "task": "stress_small_batch", "status": "FAIL", "live": {"sw1_normalized": 0.08656237886256087, "mean_error": 0.011184697970747948, "covariance_error": 0.2893078327178955, "target_scale": 3.004528284072876, "sample_count": 4096, "mass_tv": 0.102294921875, "min_mass_ratio": 0.66796875, "hq": 0.7392578125, "component_covariance_error": 37.635358810424805, "component_covariance_errors": [35.17066192626953, 53.922950744628906, 25.40182876586914, 23.35151481628418, 57.8127555847168, 22.488218307495117, 62.17390060424805, 20.76103973388672], "component_min_eigen_ratio": 1.1180236339569092, "component_mass": [0.132080078125, 0.132568359375, 0.155517578125, 0.08349609375, 0.116943359375, 0.18212890625, 0.100830078125, 0.096435546875], "target_mass": [0.125, 0.125, 0.125, 0.125, 0.125, 0.125, 0.125, 0.125], "component_counts": [541, 543, 637, 342, 479, 746, 413, 395]}, "seconds": 5.182578432024457, "error": null}
{"event": "START", "candidate": "previous_feedback", "task": "stress_large_critic", "tier": "ranking", "phase": "fit"}
{"event": "DONE", "candidate": "previous_feedback", "task": "stress_large_critic", "status": "FAIL", "live": {"sw1_normalized": 0.10965207244460262, "mean_error": 0.14334046840667725, "covariance_error": 0.06784768402576447, "target_scale": 3.004528284072876, "sample_count": 4096, "mass_tv": 0.171630859375, "min_mass_ratio": 0.435546875, "hq": 0.912841796875, "component_covariance_error": 10.30235955119133, "component_covariance_errors": [4.0275397300720215, 2.556121349334717, 2.0911715030670166, 30.472808837890625, 6.799705505371094, 20.712060928344727, 9.023005485534668, 6.7364630699157715], "component_min_eigen_ratio": 0.23750627040863037, "component_mass": [0.193359375, 0.117431640625, 0.087158203125, 0.087646484375, 0.144287109375, 0.054443359375, 0.208984375, 0.106689453125], "target_mass": [0.125, 0.125, 0.125, 0.125, 0.125, 0.125, 0.125, 0.125], "component_counts": [792, 481, 357, 359, 591, 223, 856, 437]}, "seconds": 6.48446575703565, "error": null}
{"event": "START", "candidate": "previous_feedback", "task": "stress_long_horizon", "tier": "ranking", "phase": "fit"}
{"event": "DONE", "candidate": "previous_feedback", "task": "stress_long_horizon", "status": "FAIL", "live": {"sw1_normalized": 0.08626164060116308, "mean_error": 0.12396631389856339, "covariance_error": 0.10184857249259949, "target_scale": 3.004528284072876, "sample_count": 4096, "mass_tv": 0.09619140625, "min_mass_ratio": 0.666015625, "hq": 0.9755859375, "component_covariance_error": 2.6097743567079306, "component_covariance_errors": [1.0370930433273315, 9.382984161376953, 0.214657261967659, 5.5855207443237305, 3.616790294647217, 0.4378203749656677, 0.3189752995967865, 0.28435367345809937], "component_min_eigen_ratio": 0.3560439348220825, "component_mass": [0.107177734375, 0.083251953125, 0.13134765625, 0.178955078125, 0.145263671875, 0.140625, 0.095458984375, 0.117919921875], "target_mass": [0.125, 0.125, 0.125, 0.125, 0.125, 0.125, 0.125, 0.125], "component_counts": [439, 341, 538, 733, 595, 576, 391, 483]}, "seconds": 10.310369788086973, "error": null}
{"event": "START", "candidate": "previous_feedback", "task": "stress_r1_r2", "tier": "ranking", "phase": "fit"}
{"event": "DONE", "candidate": "previous_feedback", "task": "stress_r1_r2", "status": "FAIL", "live": {"sw1_normalized": 0.0923772239197169, "mean_error": 0.004998470656573772, "covariance_error": 0.16063430905342102, "target_scale": 3.004528284072876, "sample_count": 4096, "mass_tv": 0.2001953125, "min_mass_ratio": 0.36328125, "hq": 0.820556640625, "component_covariance_error": 19.871789291501045, "component_covariance_errors": [4.551599979400635, 34.85140609741211, 1.894020676612854, 18.153274536132812, 43.76179885864258, 36.67218780517578, 14.130712509155273, 4.959313869476318], "component_min_eigen_ratio": 1.02350914478302, "component_mass": [0.151123046875, 0.04541015625, 0.217041015625, 0.064208984375, 0.176513671875, 0.06982421875, 0.155517578125, 0.120361328125], "target_mass": [0.125, 0.125, 0.125, 0.125, 0.125, 0.125, 0.125, 0.125], "component_counts": [619, 186, 889, 263, 723, 286, 637, 493]}, "seconds": 5.438654125900939, "error": null}
{"event": "START", "candidate": "previous_feedback", "task": "stress_weak_critic", "tier": "diagnostic", "phase": "fit"}
{"event": "DONE", "candidate": "previous_feedback", "task": "stress_weak_critic", "status": "FAIL", "live": {"sw1_normalized": 0.1463778393028673, "mean_error": 0.031168516725301743, "covariance_error": 0.10096162557601929, "target_scale": 3.004528284072876, "sample_count": 4096, "mass_tv": 0.410888671875, "min_mass_ratio": 0.025390625, "hq": 0.094482421875, "component_covariance_error": 27.97565793991089, "component_covariance_errors": [42.93062210083008, 27.905744552612305, 34.82622146606445, 30.458839416503906, 1.0, 37.01579284667969, 32.668373107910156, 16.999670028686523], "component_min_eigen_ratio": 0.0, "component_mass": [0.028564453125, 0.232177734375, 0.036376953125, 0.219482421875, 0.003173828125, 0.234130859375, 0.02099609375, 0.22509765625], "target_mass": [0.125, 0.125, 0.125, 0.125, 0.125, 0.125, 0.125, 0.125], "component_counts": [117, 951, 149, 899, 13, 959, 86, 922]}, "seconds": 3.8747375069651753, "error": null}
{"event": "START", "candidate": "previous_feedback", "task": "stress_overlapping_data", "tier": "diagnostic", "phase": "fit"}
{"event": "DONE", "candidate": "previous_feedback", "task": "stress_overlapping_data", "status": "PASS", "live": {"sw1_normalized": 0.03780607867283892, "mean_error": 0.03228897973895073, "covariance_error": 0.04169021174311638, "target_scale": 3.1175975799560547, "sample_count": 4096}, "seconds": 5.402578363078646, "error": null}
{"event": "START", "candidate": "transfer_g00_p02", "task": "two_pole", "tier": "required", "phase": "fit"}
{"event": "DONE", "candidate": "transfer_g00_p02", "task": "two_pole", "status": "PASS", "live": {"mean_abs": 0.3433346748352051, "grad_med": 0.3885093331336975}, "seconds": 0.1297965619014576, "error": null}
{"event": "START", "candidate": "transfer_g00_p02", "task": "trajectory", "tier": "required", "phase": "fit"}
{"event": "DONE", "candidate": "transfer_g00_p02", "task": "trajectory", "status": "PASS", "live": {"identity_mse": 1.4325363736134022e-05}, "seconds": 1.1305192289873958, "error": null}
{"event": "START", "candidate": "transfer_g00_p02", "task": "residual_student", "tier": "required", "phase": "fit"}
{"event": "DONE", "candidate": "transfer_g00_p02", "task": "residual_student", "status": "PASS", "live": {"identity_mse": 1.1940592230530456e-05, "success_rate": 1.0, "wrong_pad_rate": 0.0}, "seconds": 1.2228288740152493, "error": null}
{"event": "START", "candidate": "transfer_g00_p02", "task": "unipolar", "tier": "required", "phase": "fit"}
unipolar_dir arm=locked_rpgan step=1/400 cover=0.0127 leak=0.3214 neu_hold=0.9916 cos_plus=+0.5669 hit=FAIL
unipolar_dir arm=locked_rpgan step=50/400 cover=0.6412 leak=0.0001 neu_hold=0.8287 cos_plus=+0.9996 hit=FAIL
unipolar_dir arm=locked_rpgan step=100/400 cover=0.9852 leak=0.0000 neu_hold=0.8370 cos_plus=+1.0000 hit=FAIL
unipolar_dir arm=locked_rpgan step=150/400 cover=0.9849 leak=0.0000 neu_hold=0.9976 cos_plus=+1.0000 hit=PASS
unipolar_dir arm=locked_rpgan step=200/400 cover=0.9286 leak=0.0001 neu_hold=0.9344 cos_plus=+0.9999 hit=PASS
unipolar_dir arm=locked_rpgan step=250/400 cover=0.9554 leak=0.0002 neu_hold=0.9701 cos_plus=+0.9995 hit=PASS
unipolar_dir arm=locked_rpgan step=300/400 cover=0.9410 leak=0.0004 neu_hold=0.9517 cos_plus=+0.9997 hit=PASS
unipolar_dir arm=locked_rpgan step=350/400 cover=0.9885 leak=0.0000 neu_hold=0.9863 cos_plus=+0.9999 hit=PASS
unipolar_dir arm=locked_rpgan step=400/400 cover=0.9828 leak=0.0000 neu_hold=0.9644 cos_plus=+0.9998 hit=PASS
unipolar_dir arm=locked_rpgan step=400 seed=0 cover=0.9828 leak=0.0000 neu_hold=0.9644 cos_plus=+0.9998 hit=PASS
{"event": "DONE", "candidate": "transfer_g00_p02", "task": "unipolar", "status": "PASS", "live": {"cover": 0.9828097582204194, "off_caption": 1.4257659187479339e-05, "neu_hold": 0.9644396938383579}, "seconds": 1.50127407500986, "error": null}
{"event": "START", "candidate": "transfer_g00_p02", "task": "ae_gan_hold", "tier": "required", "phase": "fit"}
ae-gan-hold arm=smart_descent step=0 recon=1.2815 hold=1.4373 phase=init
ae-gan-hold arm=smart_descent step=1 recon=1.2653 hold=1.4035 loss=4.2069
ae-gan-hold arm=smart_descent step=50 recon=0.1015 hold=0.0119 loss=1.0708
ae-gan-hold arm=smart_descent step=100 recon=0.0028 hold=0.0170 loss=1.0331
ae-gan-hold arm=smart_descent step=150 recon=0.0086 hold=0.0015 loss=0.8958
ae-gan-hold arm=smart_descent step=200 recon=0.0171 hold=0.0069 loss=0.7327
{"event": "DONE", "candidate": "transfer_g00_p02", "task": "ae_gan_hold", "status": "PASS", "live": {"recon_mse": 0.019941158592700958, "hold": 0.0016466217348352075}, "seconds": 0.7963339779525995, "error": null}
{"event": "START", "candidate": "transfer_g00_p02", "task": "cover_leftover", "tier": "required", "phase": "fit"}
cover_leftover start arm=locked steps=800 seed=0 teacher=faithful_guard_e cover=1.5 penalty_coeff=3.0 kappa=1.2 fm=0.0 n_particles=12
cover_leftover arm=locked step=1/800 d=0.7237 g=1.7425 cap=0.0000 u_kept=0.008 content=0.000 leak=0.000 err=0.750 covered=0
cover_leftover arm=locked step=50/800 d=0.4220 g=1.7307 cap=0.0002 u_kept=0.226 content=0.399 leak=0.035 err=0.565 covered=0
cover_leftover arm=locked step=100/800 d=0.6033 g=1.1100 cap=0.0000 u_kept=0.410 content=0.613 leak=0.014 err=0.413 covered=0
cover_leftover arm=locked step=150/800 d=0.6947 g=0.8547 cap=0.0000 u_kept=0.579 content=0.756 leak=0.020 err=0.314 covered=0
cover_leftover arm=locked step=200/800 d=0.6738 g=0.8293 cap=0.0000 u_kept=0.639 content=0.880 leak=0.022 err=0.270 covered=0
cover_leftover arm=locked step=250/800 d=0.6953 g=0.7754 cap=0.0000 u_kept=0.670 content=0.901 leak=0.005 err=0.220 covered=0
cover_leftover arm=locked step=300/800 d=0.6894 g=0.7398 cap=0.0000 u_kept=0.761 content=0.967 leak=0.001 err=0.159 covered=1
cover_leftover arm=locked step=350/800 d=0.6940 g=0.7165 cap=0.0000 u_kept=0.821 content=0.983 leak=0.008 err=0.118 covered=1
cover_leftover arm=locked step=400/800 d=0.6943 g=0.7033 cap=0.0000 u_kept=0.875 content=0.991 leak=0.001 err=0.083 covered=1
cover_leftover arm=locked step=450/800 d=0.6983 g=0.6974 cap=0.0000 u_kept=0.931 content=0.988 leak=0.005 err=0.052 covered=1
cover_leftover arm=locked step=500/800 d=0.6935 g=0.6942 cap=0.0000 u_kept=0.967 content=1.019 leak=0.008 err=0.033 covered=1
cover_leftover arm=locked step=550/800 d=0.6931 g=0.6947 cap=0.0000 u_kept=0.975 content=0.982 leak=0.006 err=0.020 covered=1
cover_leftover arm=locked step=600/800 d=0.6922 g=0.6952 cap=0.0000 u_kept=0.992 content=0.997 leak=0.005 err=0.008 covered=1
cover_leftover arm=locked step=650/800 d=0.6925 g=0.6928 cap=0.0000 u_kept=0.983 content=0.975 leak=0.007 err=0.015 covered=1
cover_leftover arm=locked step=700/800 d=0.6933 g=0.6936 cap=0.0000 u_kept=1.008 content=1.015 leak=0.002 err=0.009 covered=1
cover_leftover arm=locked step=750/800 d=0.6936 g=0.6928 cap=0.0000 u_kept=0.993 content=0.981 leak=0.008 err=0.012 covered=1
cover_leftover arm=locked step=800/800 d=0.6941 g=0.6939 cap=0.0000 u_kept=0.990 content=0.991 leak=0.005 err=0.008 covered=1
cover_leftover DONE arm=locked pass=1 reasons=none u_kept=0.934 content=0.962 leak=0.001 err=0.045 same_dir=0.001 particle_rms=0.065
{"event": "DONE", "candidate": "transfer_g00_p02", "task": "cover_leftover", "status": "PASS", "live": {"u_kept": 0.9903273483425762, "content_kept": 0.9911017887939876, "leak_ratio": 0.004682809331276085, "pole_rel_err_plus": 0.008311903104186058, "pole_rel_err_minus": 0.0029634148813784122, "same_dir": 0.00534568630751649}, "seconds": 3.3472889269469306, "error": null}
{"event": "START", "candidate": "transfer_g00_p02", "task": "unused_token_hold", "tier": "required", "phase": "fit"}
unused-token arm=smart_descent step=1 hold=0.9940 concept=0.0000 unused_dist=0.0060
unused-token arm=smart_descent step=50 hold=0.9865 concept=0.5411 unused_dist=0.0135
unused-token arm=smart_descent step=100 hold=0.9891 concept=0.9481 unused_dist=0.0109
unused-token arm=smart_descent step=150 hold=0.9978 concept=0.8648 unused_dist=0.0022
unused-token arm=smart_descent step=200 hold=0.9923 concept=0.9523 unused_dist=0.0077
{"event": "DONE", "candidate": "transfer_g00_p02", "task": "unused_token_hold", "status": "PASS", "live": {"unused_hold": 0.9923358778469265, "concept_move": 0.9522624015808105}, "seconds": 0.3655719879316166, "error": null}
{"event": "START", "candidate": "transfer_g00_p02", "task": "mid_scale_identity", "tier": "required", "phase": "fit"}
mid_scale arm=locked step=1 seed=0 concept+=+0.5774 concept-=+0.0000 id0=+0.0077 id_mid=+0.0230 scales=[-1.0, 0.0, 0.5, 1.0] gate=FAIL why=concept,identity_0,identity_mid
mid_scale arm=locked step=50 seed=0 concept+=+0.8805 concept-=+0.3627 id0=+0.3917 id_mid=+0.9542 scales=[-1.0, 0.0, 0.5, 1.0] gate=FAIL why=concept,identity_0
mid_scale arm=locked step=100 seed=0 concept+=+0.9512 concept-=+0.7490 id0=+0.5776 id_mid=+0.7785 scales=[-1.0, 0.0, 0.5, 1.0] gate=FAIL why=concept,identity_0,identity_mid
mid_scale arm=locked step=150 seed=0 concept+=+0.9815 concept-=+0.9128 id0=+0.6379 id_mid=+0.8401 scales=[-1.0, 0.0, 0.5, 1.0] gate=FAIL why=concept,identity_0,identity_mid
mid_scale arm=locked step=200 seed=0 concept+=+0.9876 concept-=+0.9816 id0=+0.7440 id_mid=+0.9216 scales=[-1.0, 0.0, 0.5, 1.0] gate=FAIL why=identity_0
mid_scale arm=locked step=250 seed=0 concept+=+0.9975 concept-=+0.9969 id0=+0.8737 id_mid=+0.9991 scales=[-1.0, 0.0, 0.5, 1.0] gate=PASS why=locked
mid_scale arm=locked step=300 seed=0 concept+=+0.9999 concept-=+0.9999 id0=+0.9968 id_mid=+0.9902 scales=[-1.0, 0.0, 0.5, 1.0] gate=PASS why=locked
mid_scale arm=locked step=350 seed=0 concept+=+0.9995 concept-=+0.9998 id0=+0.9673 id_mid=+0.9014 scales=[-1.0, 0.0, 0.5, 1.0] gate=PASS why=locked
mid_scale arm=locked step=400 seed=0 concept+=+0.9990 concept-=+0.9990 id0=+0.9593 id_mid=+0.9277 scales=[-1.0, 0.0, 0.5, 1.0] gate=PASS why=locked
mid_scale arm=locked step=450 seed=0 concept+=+0.9997 concept-=+0.9996 id0=+0.9745 id_mid=+0.9723 scales=[-1.0, 0.0, 0.5, 1.0] gate=PASS why=locked
mid_scale arm=locked step=500 seed=0 concept+=+0.9998 concept-=+0.9998 id0=+0.9966 id_mid=+0.9727 scales=[-1.0, 0.0, 0.5, 1.0] gate=PASS why=locked
mid_scale arm=locked step=550 seed=0 concept+=+0.9997 concept-=+0.9998 id0=+0.9830 id_mid=+0.9963 scales=[-1.0, 0.0, 0.5, 1.0] gate=PASS why=locked
mid_scale arm=locked step=600 seed=0 concept+=+1.0000 concept-=+0.9998 id0=+0.9739 id_mid=+0.9884 scales=[-1.0, 0.0, 0.5, 1.0] gate=PASS why=locked
mid_scale arm=locked step=650 seed=0 concept+=+0.9996 concept-=+0.9998 id0=+0.9731 id_mid=+0.9998 scales=[-1.0, 0.0, 0.5, 1.0] gate=PASS why=locked
mid_scale arm=locked step=700 seed=0 concept+=+1.0000 concept-=+0.9999 id0=+0.9894 id_mid=+0.9928 scales=[-1.0, 0.0, 0.5, 1.0] gate=PASS why=locked
mid_scale arm=locked step=750 seed=0 concept+=+0.9998 concept-=+0.9999 id0=+0.9971 id_mid=+0.9816 scales=[-1.0, 0.0, 0.5, 1.0] gate=PASS why=locked
mid_scale arm=locked step=800 seed=0 concept+=+0.9998 concept-=+0.9999 id0=+0.9935 id_mid=+0.9689 scales=[-1.0, 0.0, 0.5, 1.0] gate=PASS why=locked
mid_scale arm=locked step=800 seed=0 concept+=+0.9998 concept-=+0.9999 id0=+0.9935 id_mid=+0.9689 scales=[-1.0, 0.0, 0.5, 1.0] gate=PASS why=locked
{"event": "DONE", "candidate": "transfer_g00_p02", "task": "mid_scale_identity", "status": "PASS", "live": {"concept_cos_plus": 0.9997527003288269, "concept_cos_minus": 0.99994957447052, "concept_mag_plus": 1.0035597085952759, "concept_mag_minus": 0.9939057230949402, "identity_at_0": 0.9935007097927286, "identity_at_mid": 0.9688545152766533}, "seconds": 5.708213647012599, "error": null}
{"event": "START", "candidate": "transfer_g00_p02", "task": "mode_hold", "tier": "required", "phase": "fit"}
{"event": "DONE", "candidate": "transfer_g00_p02", "task": "mode_hold", "status": "PASS", "live": {"modes": 8, "hq": 1.0}, "seconds": 6.9755302829435095, "error": null}
{"event": "START", "candidate": "transfer_g00_p02", "task": "vector_two_broad", "tier": "ranking", "phase": "fit"}
{"event": "DONE", "candidate": "transfer_g00_p02", "task": "vector_two_broad", "status": "PASS", "live": {"sw1_normalized": 0.05588995469846579, "mean_error": 0.06703373044729233, "covariance_error": 0.05246034264564514, "target_scale": 1.0555585622787476, "sample_count": 4096, "mass_tv": 0.005126953125, "min_mass_ratio": 0.98974609375, "hq": 1.0, "component_covariance_error": 0.32286740839481354, "component_covariance_errors": [0.344238817691803, 0.3014959990978241], "component_min_eigen_ratio": 0.573764443397522, "component_mass": [0.494873046875, 0.505126953125], "target_mass": [0.5, 0.5], "component_counts": [2027, 2069]}, "seconds": 5.55169864196796, "error": null}
{"event": "START", "candidate": "transfer_g00_p02", "task": "vector_unequal_mass", "tier": "ranking", "phase": "fit"}
{"event": "DONE", "candidate": "transfer_g00_p02", "task": "vector_unequal_mass", "status": "FAIL", "live": {"sw1_normalized": 0.11450854009516663, "mean_error": 0.10861587524414062, "covariance_error": 0.1973569095134735, "target_scale": 1.7593294382095337, "sample_count": 4096, "mass_tv": 0.08002930134534836, "min_mass_ratio": 0.8544921875, "hq": 0.95654296875, "component_covariance_error": 3.2530962228775024, "component_covariance_errors": [6.0208563804626465, 0.9245161414146423, 5.3617448806762695, 0.7052674889564514], "component_min_eigen_ratio": 0.6102335453033447, "component_mass": [0.469970703125, 0.360595703125, 0.144287109375, 0.025146484375], "target_mass": [0.550000011920929, 0.30000001192092896, 0.12999999523162842, 0.019999999552965164], "component_counts": [1925, 1477, 591, 103]}, "seconds": 5.5679554879898205, "error": null}
{"event": "START", "candidate": "transfer_g00_p02", "task": "vector_unequal_width", "tier": "ranking", "phase": "fit"}
{"event": "DONE", "candidate": "transfer_g00_p02", "task": "vector_unequal_width", "status": "PASS", "live": {"sw1_normalized": 0.10615732972204697, "mean_error": 0.12696371972560883, "covariance_error": 0.12198739498853683, "target_scale": 2.1343955993652344, "sample_count": 4096, "mass_tv": 0.114501953125, "min_mass_ratio": 0.7841796875, "hq": 0.99365234375, "component_covariance_error": 0.5172143504023552, "component_covariance_errors": [0.9007315635681152, 0.09081054478883743, 0.10082276910543442, 0.9764925241470337], "component_min_eigen_ratio": 0.7468920946121216, "component_mass": [0.364501953125, 0.196044921875, 0.22314453125, 0.21630859375], "target_mass": [0.25, 0.25, 0.25, 0.25], "component_counts": [1493, 803, 914, 886]}, "seconds": 5.546989865950309, "error": null}
{"event": "START", "candidate": "transfer_g00_p02", "task": "vector_anisotropic", "tier": "ranking", "phase": "fit"}
{"event": "DONE", "candidate": "transfer_g00_p02", "task": "vector_anisotropic", "status": "FAIL", "live": {"sw1_normalized": 0.112913601604125, "mean_error": 0.1574191302061081, "covariance_error": 0.13902617990970612, "target_scale": 2.032285690307617, "sample_count": 4096, "mass_tv": 0.0721842497587204, "min_mass_ratio": 0.843017578125, "hq": 0.97412109375, "component_covariance_error": 1.0813189248243968, "component_covariance_errors": [0.0924016460776329, 0.11505920439958572, 3.0364959239959717], "component_min_eigen_ratio": 0.7333193421363831, "component_mass": [0.281005859375, 0.3134765625, 0.405517578125], "target_mass": [0.3333333432674408, 0.3333333432674408, 0.3333333432674408], "component_counts": [1151, 1284, 1661]}, "seconds": 5.55094761995133, "error": null}
{"event": "START", "candidate": "transfer_g00_p02", "task": "vector_overlap", "tier": "ranking", "phase": "fit"}
{"event": "DONE", "candidate": "transfer_g00_p02", "task": "vector_overlap", "status": "FAIL", "live": {"sw1_normalized": 0.084720811720078, "mean_error": 0.012999326921999454, "covariance_error": 0.3588446080684662, "target_scale": 0.8501437306404114, "sample_count": 4096}, "seconds": 5.478999973973259, "error": null}
{"event": "START", "candidate": "transfer_g00_p02", "task": "vector_narrow", "tier": "diagnostic", "phase": "fit"}
{"event": "DONE", "candidate": "transfer_g00_p02", "task": "vector_narrow", "status": "FAIL", "live": {"sw1_normalized": 0.1218541576558127, "mean_error": 0.09444314241409302, "covariance_error": 0.3744841516017914, "target_scale": 2.1200308799743652, "sample_count": 4096, "mass_tv": 0.099609375, "min_mass_ratio": 0.6015625, "hq": 0.87646484375, "component_covariance_error": 301.82760487496853, "component_covariance_errors": [28.766510009765625, 101.94678497314453, 1075.8013916015625, 0.7957329154014587], "component_min_eigen_ratio": 0.01458149217069149, "component_mass": [0.30712890625, 0.260009765625, 0.282470703125, 0.150390625], "target_mass": [0.25, 0.25, 0.25, 0.25], "component_counts": [1258, 1065, 1157, 616]}, "seconds": 7.994714333093725, "error": null}
{"event": "START", "candidate": "transfer_g00_p02", "task": "vector_scale_drift", "tier": "diagnostic", "phase": "fit"}
{"event": "DONE", "candidate": "transfer_g00_p02", "task": "vector_scale_drift", "status": "PASS", "live": {"sw1_normalized": 0.04134530938065889, "mean_error": 0.025501899421215057, "covariance_error": 0.06898321211338043, "target_scale": 1.644848108291626, "sample_count": 4096, "mass_tv": 0.0087890625, "min_mass_ratio": 0.982421875, "hq": 0.9716796875, "component_covariance_error": 0.43165895342826843, "component_covariance_errors": [0.635456919670105, 0.22786098718643188], "component_min_eigen_ratio": 0.8022547960281372, "component_mass": [0.4912109375, 0.5087890625], "target_mass": [0.5, 0.5], "component_counts": [2012, 2084]}, "seconds": 7.20449929498136, "error": null}
{"event": "START", "candidate": "transfer_g00_p02", "task": "vector_spiral", "tier": "ranking", "phase": "fit"}
{"event": "DONE", "candidate": "transfer_g00_p02", "task": "vector_spiral", "status": "PASS", "live": {"sw1_normalized": 0.04538997763496171, "mean_error": 0.052274443209171295, "covariance_error": 0.04007013142108917, "target_scale": 1.224178433418274, "sample_count": 4096}, "seconds": 7.034071362926625, "error": null}
{"event": "START", "candidate": "transfer_g00_p02", "task": "stress_fast_critic", "tier": "ranking", "phase": "fit"}
{"event": "DONE", "candidate": "transfer_g00_p02", "task": "stress_fast_critic", "status": "FAIL", "live": {"sw1_normalized": 0.06322996404115092, "mean_error": 0.040367890149354935, "covariance_error": 0.044428080320358276, "target_scale": 3.004528284072876, "sample_count": 4096, "mass_tv": 0.157958984375, "min_mass_ratio": 0.56640625, "hq": 0.9580078125, "component_covariance_error": 4.04850235581398, "component_covariance_errors": [0.31588149070739746, 0.9143781661987305, 1.8985679149627686, 16.60730743408203, 2.7647409439086914, 2.2391085624694824, 0.3189418315887451, 7.329092502593994], "component_min_eigen_ratio": 0.30327367782592773, "component_mass": [0.173583984375, 0.07080078125, 0.186767578125, 0.09716796875, 0.12255859375, 0.172607421875, 0.103759765625, 0.07275390625], "target_mass": [0.125, 0.125, 0.125, 0.125, 0.125, 0.125, 0.125, 0.125], "component_counts": [711, 290, 765, 398, 502, 707, 425, 298]}, "seconds": 5.535688766976818, "error": null}
{"event": "START", "candidate": "transfer_g00_p02", "task": "stress_slow_critic", "tier": "ranking", "phase": "fit"}
{"event": "DONE", "candidate": "transfer_g00_p02", "task": "stress_slow_critic", "status": "FAIL", "live": {"sw1_normalized": 0.11388990394706197, "mean_error": 0.10945537686347961, "covariance_error": 0.2452644556760788, "target_scale": 3.004528284072876, "sample_count": 4096, "mass_tv": 0.12451171875, "min_mass_ratio": 0.654296875, "hq": 0.70654296875, "component_covariance_error": 51.788865983486176, "component_covariance_errors": [48.58736801147461, 37.59532928466797, 7.258693218231201, 34.95680618286133, 23.24880027770996, 17.14259147644043, 114.21561431884766, 131.30572509765625], "component_min_eigen_ratio": 0.7975268959999084, "component_mass": [0.176513671875, 0.086669921875, 0.169921875, 0.081787109375, 0.12939453125, 0.0869140625, 0.148681640625, 0.1201171875], "target_mass": [0.125, 0.125, 0.125, 0.125, 0.125, 0.125, 0.125, 0.125], "component_counts": [723, 355, 696, 335, 530, 356, 609, 492]}, "seconds": 5.479866515961476, "error": null}
{"event": "START", "candidate": "transfer_g00_p02", "task": "stress_small_batch", "tier": "ranking", "phase": "fit"}
{"event": "DONE", "candidate": "transfer_g00_p02", "task": "stress_small_batch", "status": "FAIL", "live": {"sw1_normalized": 0.1074600824240462, "mean_error": 0.10287059843540192, "covariance_error": 0.17543137073516846, "target_scale": 3.004528284072876, "sample_count": 4096, "mass_tv": 0.125732421875, "min_mass_ratio": 0.634765625, "hq": 0.79052734375, "component_covariance_error": 29.70293402671814, "component_covariance_errors": [48.534400939941406, 42.66598129272461, 35.366031646728516, 21.290451049804688, 6.468570709228516, 16.333251953125, 45.64866256713867, 21.31612205505371], "component_min_eigen_ratio": 1.109681487083435, "component_mass": [0.120361328125, 0.11865234375, 0.109130859375, 0.10888671875, 0.184326171875, 0.19140625, 0.079345703125, 0.087890625], "target_mass": [0.125, 0.125, 0.125, 0.125, 0.125, 0.125, 0.125, 0.125], "component_counts": [493, 486, 447, 446, 755, 784, 325, 360]}, "seconds": 5.22208886698354, "error": null}
{"event": "START", "candidate": "transfer_g00_p02", "task": "stress_large_critic", "tier": "ranking", "phase": "fit"}
{"event": "DONE", "candidate": "transfer_g00_p02", "task": "stress_large_critic", "status": "FAIL", "live": {"sw1_normalized": 0.153718882184876, "mean_error": 0.20347128808498383, "covariance_error": 0.34751591086387634, "target_scale": 3.004528284072876, "sample_count": 4096, "mass_tv": 0.1669921875, "min_mass_ratio": 0.419921875, "hq": 0.7138671875, "component_covariance_error": 19.809172987937927, "component_covariance_errors": [38.776611328125, 4.572110176086426, 11.913714408874512, 56.14435958862305, 12.759818077087402, 2.5769968032836914, 22.804170608520508, 8.925602912902832], "component_min_eigen_ratio": 0.1177276223897934, "component_mass": [0.193115234375, 0.115478515625, 0.10107421875, 0.0810546875, 0.162841796875, 0.052490234375, 0.18603515625, 0.10791015625], "target_mass": [0.125, 0.125, 0.125, 0.125, 0.125, 0.125, 0.125, 0.125], "component_counts": [791, 473, 414, 332, 667, 215, 762, 442]}, "seconds": 6.568153332103975, "error": null}
{"event": "START", "candidate": "transfer_g00_p02", "task": "stress_long_horizon", "tier": "ranking", "phase": "fit"}
{"event": "DONE", "candidate": "transfer_g00_p02", "task": "stress_long_horizon", "status": "FAIL", "live": {"sw1_normalized": 0.07501237908078183, "mean_error": 0.0914275199174881, "covariance_error": 0.0783325657248497, "target_scale": 3.004528284072876, "sample_count": 4096, "mass_tv": 0.086181640625, "min_mass_ratio": 0.81640625, "hq": 0.98095703125, "component_covariance_error": 2.8992962446063757, "component_covariance_errors": [0.18557408452033997, 0.3787674009799957, 8.251527786254883, 0.36067113280296326, 0.17799963057041168, 8.630812644958496, 3.7595572471618652, 1.4494600296020508], "component_min_eigen_ratio": 0.5335192680358887, "component_mass": [0.114013671875, 0.10205078125, 0.140380859375, 0.185302734375, 0.1123046875, 0.135498046875, 0.1064453125, 0.10400390625], "target_mass": [0.125, 0.125, 0.125, 0.125, 0.125, 0.125, 0.125, 0.125], "component_counts": [467, 418, 575, 759, 460, 555, 436, 426]}, "seconds": 10.339634116971865, "error": null}
{"event": "START", "candidate": "transfer_g00_p02", "task": "stress_r1_r2", "tier": "ranking", "phase": "fit"}
{"event": "DONE", "candidate": "transfer_g00_p02", "task": "stress_r1_r2", "status": "FAIL", "live": {"sw1_normalized": 0.08810447706120622, "mean_error": 0.027388468384742737, "covariance_error": 0.16211500763893127, "target_scale": 3.004528284072876, "sample_count": 4096, "mass_tv": 0.194580078125, "min_mass_ratio": 0.427734375, "hq": 0.828125, "component_covariance_error": 14.93849926814437, "component_covariance_errors": [0.3963637053966522, 25.42348861694336, 11.468053817749023, 14.864692687988281, 42.795169830322266, 13.159651756286621, 6.607165336608887, 4.793408393859863], "component_min_eigen_ratio": 0.5435934066772461, "component_mass": [0.15966796875, 0.053466796875, 0.21826171875, 0.070068359375, 0.173828125, 0.0703125, 0.142822265625, 0.111572265625], "target_mass": [0.125, 0.125, 0.125, 0.125, 0.125, 0.125, 0.125, 0.125], "component_counts": [654, 219, 894, 287, 712, 288, 585, 457]}, "seconds": 5.4723538109101355, "error": null}
{"event": "START", "candidate": "transfer_g00_p02", "task": "stress_weak_critic", "tier": "diagnostic", "phase": "fit"}
{"event": "DONE", "candidate": "transfer_g00_p02", "task": "stress_weak_critic", "status": "FAIL", "live": {"sw1_normalized": 0.2463514841605297, "mean_error": 0.15895146131515503, "covariance_error": 0.913139283657074, "target_scale": 3.004528284072876, "sample_count": 4096, "mass_tv": 0.344482421875, "min_mass_ratio": 0.076171875, "hq": 0.11376953125, "component_covariance_error": 50.05726057291031, "component_covariance_errors": [20.50364875793457, 41.4738883972168, 43.11332702636719, 26.8160343170166, 82.78119659423828, 130.08677673339844, 48.374385833740234, 7.308826923370361], "component_min_eigen_ratio": 1.52587890625e-05, "component_mass": [0.119140625, 0.0234375, 0.167724609375, 0.247802734375, 0.04150390625, 0.009521484375, 0.303955078125, 0.0869140625], "target_mass": [0.125, 0.125, 0.125, 0.125, 0.125, 0.125, 0.125, 0.125], "component_counts": [488, 96, 687, 1015, 170, 39, 1245, 356]}, "seconds": 3.8871368899708614, "error": null}
{"event": "START", "candidate": "transfer_g00_p02", "task": "stress_overlapping_data", "tier": "diagnostic", "phase": "fit"}
{"event": "DONE", "candidate": "transfer_g00_p02", "task": "stress_overlapping_data", "status": "PASS", "live": {"sw1_normalized": 0.027506309769112502, "mean_error": 0.01210281066596508, "covariance_error": 0.05626475811004639, "target_scale": 3.1175975799560547, "sample_count": 4096}, "seconds": 5.60685173003003, "error": null}
{"event": "START", "candidate": "transfer_g00_p03", "task": "two_pole", "tier": "required", "phase": "fit"}
{"event": "DONE", "candidate": "transfer_g00_p03", "task": "two_pole", "status": "PASS", "live": {"mean_abs": 0.3494167625904083, "grad_med": 0.39488375186920166}, "seconds": 0.12993768404703587, "error": null}
{"event": "START", "candidate": "transfer_g00_p03", "task": "trajectory", "tier": "required", "phase": "fit"}
{"event": "DONE", "candidate": "transfer_g00_p03", "task": "trajectory", "status": "PASS", "live": {"identity_mse": 0.018685095012187958}, "seconds": 1.1657129189698026, "error": null}
{"event": "START", "candidate": "transfer_g00_p03", "task": "residual_student", "tier": "required", "phase": "fit"}
{"event": "DONE", "candidate": "transfer_g00_p03", "task": "residual_student", "status": "PASS", "live": {"identity_mse": 8.756443094171118e-06, "success_rate": 1.0, "wrong_pad_rate": 0.0}, "seconds": 1.2882983780000359, "error": null}
{"event": "START", "candidate": "transfer_g00_p03", "task": "unipolar", "tier": "required", "phase": "fit"}
unipolar_dir arm=locked_rpgan step=1/400 cover=0.0127 leak=0.3214 neu_hold=0.9916 cos_plus=+0.5669 hit=FAIL
unipolar_dir arm=locked_rpgan step=50/400 cover=0.6348 leak=0.0000 neu_hold=0.8346 cos_plus=+0.9998 hit=FAIL
unipolar_dir arm=locked_rpgan step=100/400 cover=0.9866 leak=0.0000 neu_hold=0.8375 cos_plus=+1.0000 hit=FAIL
unipolar_dir arm=locked_rpgan step=150/400 cover=0.9839 leak=0.0000 neu_hold=0.9996 cos_plus=+1.0000 hit=PASS
unipolar_dir arm=locked_rpgan step=200/400 cover=0.8748 leak=0.0006 neu_hold=0.9765 cos_plus=+0.9996 hit=PASS
unipolar_dir arm=locked_rpgan step=250/400 cover=0.9706 leak=0.0005 neu_hold=0.9326 cos_plus=+0.9993 hit=PASS
unipolar_dir arm=locked_rpgan step=300/400 cover=0.9945 leak=0.0020 neu_hold=0.9803 cos_plus=+0.9989 hit=PASS
unipolar_dir arm=locked_rpgan step=350/400 cover=0.9224 leak=0.0021 neu_hold=0.9533 cos_plus=+0.9988 hit=PASS
unipolar_dir arm=locked_rpgan step=400/400 cover=0.9388 leak=0.0000 neu_hold=0.9499 cos_plus=+0.9999 hit=PASS
unipolar_dir arm=locked_rpgan step=400 seed=0 cover=0.9388 leak=0.0000 neu_hold=0.9499 cos_plus=+0.9999 hit=PASS
{"event": "DONE", "candidate": "transfer_g00_p03", "task": "unipolar", "status": "PASS", "live": {"cover": 0.9387571995910093, "off_caption": 4.819414756486616e-05, "neu_hold": 0.9498961828649044}, "seconds": 1.5255673479987308, "error": null}
{"event": "START", "candidate": "transfer_g00_p03", "task": "ae_gan_hold", "tier": "required", "phase": "fit"}
ae-gan-hold arm=smart_descent step=0 recon=1.2815 hold=1.4373 phase=init
ae-gan-hold arm=smart_descent step=1 recon=1.2653 hold=1.4035 loss=4.2070
ae-gan-hold arm=smart_descent step=50 recon=0.0832 hold=0.0099 loss=1.0479
ae-gan-hold arm=smart_descent step=100 recon=0.0034 hold=0.0229 loss=1.0388
ae-gan-hold arm=smart_descent step=150 recon=0.0125 hold=0.0128 loss=0.8457
ae-gan-hold arm=smart_descent step=200 recon=0.0123 hold=0.0083 loss=0.6577
{"event": "DONE", "candidate": "transfer_g00_p03", "task": "ae_gan_hold", "status": "PASS", "live": {"recon_mse": 0.010295111685991287, "hold": 0.00174314109608531}, "seconds": 0.8034654429648072, "error": null}
{"event": "START", "candidate": "transfer_g00_p03", "task": "cover_leftover", "tier": "required", "phase": "fit"}
cover_leftover start arm=locked steps=800 seed=0 teacher=faithful_guard_e cover=1.5 penalty_coeff=3.0 kappa=1.2 fm=0.0 n_particles=12
cover_leftover arm=locked step=1/800 d=0.7237 g=1.7432 cap=0.0000 u_kept=0.008 content=0.000 leak=0.000 err=0.749 covered=0
cover_leftover arm=locked step=50/800 d=0.4055 g=1.6957 cap=0.0080 u_kept=0.217 content=0.366 leak=0.065 err=0.565 covered=0
cover_leftover arm=locked step=100/800 d=0.6088 g=1.0937 cap=0.0000 u_kept=0.410 content=0.637 leak=0.002 err=0.411 covered=0
cover_leftover arm=locked step=150/800 d=0.6877 g=0.8602 cap=0.0000 u_kept=0.580 content=0.772 leak=0.017 err=0.309 covered=0
cover_leftover arm=locked step=200/800 d=0.6770 g=0.8252 cap=0.0000 u_kept=0.642 content=0.836 leak=0.005 err=0.259 covered=0
cover_leftover arm=locked step=250/800 d=0.6942 g=0.7696 cap=0.0000 u_kept=0.671 content=0.906 leak=0.002 err=0.219 covered=0
cover_leftover arm=locked step=300/800 d=0.6919 g=0.7357 cap=0.0000 u_kept=0.761 content=0.959 leak=0.002 err=0.158 covered=1
cover_leftover arm=locked step=350/800 d=0.6947 g=0.7155 cap=0.0000 u_kept=0.832 content=0.984 leak=0.009 err=0.111 covered=1
cover_leftover arm=locked step=400/800 d=0.6939 g=0.7022 cap=0.0000 u_kept=0.890 content=1.002 leak=0.001 err=0.072 covered=1
cover_leftover arm=locked step=450/800 d=0.6976 g=0.6963 cap=0.0000 u_kept=0.941 content=0.989 leak=0.006 err=0.049 covered=1
cover_leftover arm=locked step=500/800 d=0.6933 g=0.6946 cap=0.0000 u_kept=0.969 content=1.021 leak=0.005 err=0.030 covered=1
cover_leftover arm=locked step=550/800 d=0.6936 g=0.6943 cap=0.0000 u_kept=0.984 content=0.994 leak=0.006 err=0.013 covered=1
cover_leftover arm=locked step=600/800 d=0.6925 g=0.6939 cap=0.0000 u_kept=0.995 content=1.010 leak=0.000 err=0.006 covered=1
cover_leftover arm=locked step=650/800 d=0.6928 g=0.6932 cap=0.0000 u_kept=0.991 content=0.985 leak=0.004 err=0.009 covered=1
cover_leftover arm=locked step=700/800 d=0.6939 g=0.6938 cap=0.0000 u_kept=1.006 content=1.008 leak=0.001 err=0.007 covered=1
cover_leftover arm=locked step=750/800 d=0.6928 g=0.6938 cap=0.0000 u_kept=0.994 content=0.992 leak=0.003 err=0.009 covered=1
cover_leftover arm=locked step=800/800 d=0.6936 g=0.6939 cap=0.0000 u_kept=0.996 content=1.001 leak=0.004 err=0.005 covered=1
cover_leftover DONE arm=locked pass=1 reasons=none u_kept=0.937 content=0.965 leak=0.000 err=0.043 same_dir=0.000 particle_rms=0.062
{"event": "DONE", "candidate": "transfer_g00_p03", "task": "cover_leftover", "status": "PASS", "live": {"u_kept": 0.9960039754449286, "content_kept": 1.001166628927763, "leak_ratio": 0.003735662925967124, "pole_rel_err_plus": 0.004289532080292702, "pole_rel_err_minus": 0.005076417233794928, "same_dir": 0.005261585621496878}, "seconds": 3.4847152259899303, "error": null}
{"event": "START", "candidate": "transfer_g00_p03", "task": "unused_token_hold", "tier": "required", "phase": "fit"}
unused-token arm=smart_descent step=1 hold=0.9940 concept=0.0000 unused_dist=0.0060
unused-token arm=smart_descent step=50 hold=0.9865 concept=0.5522 unused_dist=0.0135
unused-token arm=smart_descent step=100 hold=0.9893 concept=0.9687 unused_dist=0.0107
unused-token arm=smart_descent step=150 hold=0.9961 concept=0.8763 unused_dist=0.0039
unused-token arm=smart_descent step=200 hold=0.9917 concept=0.9856 unused_dist=0.0083
{"event": "DONE", "candidate": "transfer_g00_p03", "task": "unused_token_hold", "status": "PASS", "live": {"unused_hold": 0.9916526703163981, "concept_move": 0.9855645964839965}, "seconds": 0.36922659003175795, "error": null}
{"event": "START", "candidate": "transfer_g00_p03", "task": "mid_scale_identity", "tier": "required", "phase": "fit"}
mid_scale arm=locked step=1 seed=0 concept+=+0.5774 concept-=+0.0000 id0=+0.0077 id_mid=+0.0230 scales=[-1.0, 0.0, 0.5, 1.0] gate=FAIL why=concept,identity_0,identity_mid
mid_scale arm=locked step=50 seed=0 concept+=+0.8864 concept-=+0.3485 id0=+0.3923 id_mid=+0.9506 scales=[-1.0, 0.0, 0.5, 1.0] gate=FAIL why=concept,identity_0
mid_scale arm=locked step=100 seed=0 concept+=+0.9390 concept-=+0.7658 id0=+0.5814 id_mid=+0.7502 scales=[-1.0, 0.0, 0.5, 1.0] gate=FAIL why=concept,identity_0,identity_mid
mid_scale arm=locked step=150 seed=0 concept+=+0.9804 concept-=+0.9195 id0=+0.6353 id_mid=+0.8739 scales=[-1.0, 0.0, 0.5, 1.0] gate=FAIL why=concept,identity_0
mid_scale arm=locked step=200 seed=0 concept+=+0.9890 concept-=+0.9802 id0=+0.7558 id_mid=+0.9764 scales=[-1.0, 0.0, 0.5, 1.0] gate=FAIL why=identity_0
mid_scale arm=locked step=250 seed=0 concept+=+0.9974 concept-=+0.9968 id0=+0.8961 id_mid=+0.9956 scales=[-1.0, 0.0, 0.5, 1.0] gate=PASS why=locked
mid_scale arm=locked step=300 seed=0 concept+=+0.9994 concept-=+0.9997 id0=+0.9930 id_mid=+0.9755 scales=[-1.0, 0.0, 0.5, 1.0] gate=PASS why=locked
mid_scale arm=locked step=350 seed=0 concept+=+0.9980 concept-=+0.9996 id0=+0.9984 id_mid=+0.9214 scales=[-1.0, 0.0, 0.5, 1.0] gate=PASS why=locked
mid_scale arm=locked step=400 seed=0 concept+=+1.0000 concept-=+0.9999 id0=+0.9996 id_mid=+0.9828 scales=[-1.0, 0.0, 0.5, 1.0] gate=PASS why=locked
mid_scale arm=locked step=450 seed=0 concept+=+0.9991 concept-=+0.9998 id0=+0.9995 id_mid=+0.9694 scales=[-1.0, 0.0, 0.5, 1.0] gate=PASS why=locked
mid_scale arm=locked step=500 seed=0 concept+=+1.0000 concept-=+0.9998 id0=+0.9796 id_mid=+0.9661 scales=[-1.0, 0.0, 0.5, 1.0] gate=PASS why=locked
mid_scale arm=locked step=550 seed=0 concept+=+0.9998 concept-=+0.9996 id0=+0.9818 id_mid=+0.9950 scales=[-1.0, 0.0, 0.5, 1.0] gate=PASS why=locked
mid_scale arm=locked step=600 seed=0 concept+=+0.9999 concept-=+0.9999 id0=+0.9877 id_mid=+0.9973 scales=[-1.0, 0.0, 0.5, 1.0] gate=PASS why=locked
mid_scale arm=locked step=650 seed=0 concept+=+1.0000 concept-=+1.0000 id0=+0.9917 id_mid=+0.9891 scales=[-1.0, 0.0, 0.5, 1.0] gate=PASS why=locked
mid_scale arm=locked step=700 seed=0 concept+=+1.0000 concept-=+1.0000 id0=+0.9987 id_mid=+0.9973 scales=[-1.0, 0.0, 0.5, 1.0] gate=PASS why=locked
mid_scale arm=locked step=750 seed=0 concept+=+1.0000 concept-=+1.0000 id0=+0.9907 id_mid=+0.9876 scales=[-1.0, 0.0, 0.5, 1.0] gate=PASS why=locked
mid_scale arm=locked step=800 seed=0 concept+=+1.0000 concept-=+1.0000 id0=+0.9914 id_mid=+0.9898 scales=[-1.0, 0.0, 0.5, 1.0] gate=PASS why=locked
mid_scale arm=locked step=800 seed=0 concept+=+1.0000 concept-=+1.0000 id0=+0.9914 id_mid=+0.9898 scales=[-1.0, 0.0, 0.5, 1.0] gate=PASS why=locked
{"event": "DONE", "candidate": "transfer_g00_p03", "task": "mid_scale_identity", "status": "PASS", "live": {"concept_cos_plus": 0.9999822974205017, "concept_cos_minus": 0.9999611973762512, "concept_mag_plus": 1.003100872039795, "concept_mag_minus": 0.9951435923576355, "identity_at_0": 0.991393523125781, "identity_at_mid": 0.9897836559206017}, "seconds": 5.679632919025607, "error": null}
{"event": "START", "candidate": "transfer_g00_p03", "task": "mode_hold", "tier": "required", "phase": "fit"}
{"event": "DONE", "candidate": "transfer_g00_p03", "task": "mode_hold", "status": "FAIL", "live": {"modes": 6, "hq": 0.652587890625}, "seconds": 7.706154686980881, "error": null}
{"event": "START", "candidate": "transfer_g00_p04", "task": "two_pole", "tier": "required", "phase": "fit"}
{"event": "DONE", "candidate": "transfer_g00_p04", "task": "two_pole", "status": "PASS", "live": {"mean_abs": 0.35545969009399414, "grad_med": 0.40069499611854553}, "seconds": 0.15335265395697206, "error": null}
{"event": "START", "candidate": "transfer_g00_p04", "task": "trajectory", "tier": "required", "phase": "fit"}
{"event": "DONE", "candidate": "transfer_g00_p04", "task": "trajectory", "status": "PASS", "live": {"identity_mse": 1.1517074199218769e-05}, "seconds": 1.316651094937697, "error": null}
{"event": "START", "candidate": "transfer_g00_p04", "task": "residual_student", "tier": "required", "phase": "fit"}
{"event": "DONE", "candidate": "transfer_g00_p04", "task": "residual_student", "status": "PASS", "live": {"identity_mse": 1.4532485693052877e-05, "success_rate": 1.0, "wrong_pad_rate": 0.0}, "seconds": 1.3357540699653327, "error": null}
{"event": "START", "candidate": "transfer_g00_p04", "task": "unipolar", "tier": "required", "phase": "fit"}
unipolar_dir arm=locked_rpgan step=1/400 cover=0.0127 leak=0.3214 neu_hold=0.9915 cos_plus=+0.5669 hit=FAIL
unipolar_dir arm=locked_rpgan step=50/400 cover=0.6492 leak=0.0015 neu_hold=0.8277 cos_plus=+0.9989 hit=FAIL
unipolar_dir arm=locked_rpgan step=100/400 cover=0.9917 leak=0.0000 neu_hold=0.8360 cos_plus=+1.0000 hit=FAIL
unipolar_dir arm=locked_rpgan step=150/400 cover=0.9969 leak=0.0000 neu_hold=0.9819 cos_plus=+1.0000 hit=PASS
unipolar_dir arm=locked_rpgan step=200/400 cover=0.9261 leak=0.0001 neu_hold=0.9275 cos_plus=+0.9999 hit=PASS
unipolar_dir arm=locked_rpgan step=250/400 cover=0.9758 leak=0.0008 neu_hold=0.9572 cos_plus=+0.9987 hit=PASS
unipolar_dir arm=locked_rpgan step=300/400 cover=0.9798 leak=0.0002 neu_hold=0.9440 cos_plus=+0.9994 hit=PASS
unipolar_dir arm=locked_rpgan step=350/400 cover=0.9713 leak=0.0002 neu_hold=0.9686 cos_plus=+0.9998 hit=PASS
unipolar_dir arm=locked_rpgan step=400/400 cover=0.9473 leak=0.0001 neu_hold=0.9562 cos_plus=+0.9999 hit=PASS
unipolar_dir arm=locked_rpgan step=400 seed=0 cover=0.9473 leak=0.0001 neu_hold=0.9562 cos_plus=+0.9999 hit=PASS
{"event": "DONE", "candidate": "transfer_g00_p04", "task": "unipolar", "status": "PASS", "live": {"cover": 0.9473034078145588, "off_caption": 5.5159347163470224e-05, "neu_hold": 0.9562013894319534}, "seconds": 1.8780637909658253, "error": null}
{"event": "START", "candidate": "transfer_g00_p04", "task": "ae_gan_hold", "tier": "required", "phase": "fit"}
ae-gan-hold arm=smart_descent step=0 recon=1.2815 hold=1.4373 phase=init
ae-gan-hold arm=smart_descent step=1 recon=1.2653 hold=1.4033 loss=4.2071
ae-gan-hold arm=smart_descent step=50 recon=0.0897 hold=0.0235 loss=1.0707
ae-gan-hold arm=smart_descent step=100 recon=0.0049 hold=0.0223 loss=1.0853
ae-gan-hold arm=smart_descent step=150 recon=0.0109 hold=0.0181 loss=0.8536
ae-gan-hold arm=smart_descent step=200 recon=0.0167 hold=0.0051 loss=0.6791
{"event": "DONE", "candidate": "transfer_g00_p04", "task": "ae_gan_hold", "status": "PASS", "live": {"recon_mse": 0.014124329201877117, "hold": 0.0017688772641122341}, "seconds": 0.9561700640479103, "error": null}
{"event": "START", "candidate": "transfer_g00_p04", "task": "cover_leftover", "tier": "required", "phase": "fit"}
cover_leftover start arm=locked steps=800 seed=0 teacher=faithful_guard_e cover=1.5 penalty_coeff=3.0 kappa=1.2 fm=0.0 n_particles=12
cover_leftover arm=locked step=1/800 d=0.7237 g=1.7447 cap=0.0000 u_kept=0.008 content=0.000 leak=0.000 err=0.749 covered=0
cover_leftover arm=locked step=50/800 d=0.4930 g=1.5801 cap=0.0000 u_kept=0.214 content=0.389 leak=0.122 err=0.563 covered=0
cover_leftover arm=locked step=100/800 d=0.6213 g=1.0772 cap=0.0000 u_kept=0.427 content=0.632 leak=0.020 err=0.412 covered=0
cover_leftover arm=locked step=150/800 d=0.6941 g=0.8528 cap=0.0000 u_kept=0.577 content=0.755 leak=0.017 err=0.305 covered=0
cover_leftover arm=locked step=200/800 d=0.6817 g=0.8221 cap=0.0000 u_kept=0.592 content=0.835 leak=0.016 err=0.276 covered=0
cover_leftover arm=locked step=250/800 d=0.6938 g=0.7717 cap=0.0000 u_kept=0.678 content=0.912 leak=0.007 err=0.214 covered=0
cover_leftover arm=locked step=300/800 d=0.6925 g=0.7369 cap=0.0000 u_kept=0.760 content=0.969 leak=0.006 err=0.159 covered=1
cover_leftover arm=locked step=350/800 d=0.6944 g=0.7157 cap=0.0000 u_kept=0.827 content=0.991 leak=0.007 err=0.114 covered=1
cover_leftover arm=locked step=400/800 d=0.6934 g=0.7036 cap=0.0000 u_kept=0.887 content=0.996 leak=0.003 err=0.075 covered=1
cover_leftover arm=locked step=450/800 d=0.6963 g=0.6968 cap=0.0000 u_kept=0.938 content=0.983 leak=0.004 err=0.050 covered=1
cover_leftover arm=locked step=500/800 d=0.6940 g=0.6946 cap=0.0000 u_kept=0.970 content=1.022 leak=0.007 err=0.029 covered=1
cover_leftover arm=locked step=550/800 d=0.6937 g=0.6942 cap=0.0000 u_kept=0.982 content=0.976 leak=0.005 err=0.016 covered=1
cover_leftover arm=locked step=600/800 d=0.6923 g=0.6951 cap=0.0000 u_kept=0.992 content=0.996 leak=0.002 err=0.008 covered=1
cover_leftover arm=locked step=650/800 d=0.6921 g=0.6934 cap=0.0000 u_kept=0.985 content=0.985 leak=0.003 err=0.012 covered=1
cover_leftover arm=locked step=700/800 d=0.6932 g=0.6941 cap=0.0000 u_kept=1.007 content=1.007 leak=0.002 err=0.010 covered=1
cover_leftover arm=locked step=750/800 d=0.6938 g=0.6925 cap=0.0000 u_kept=0.997 content=0.989 leak=0.003 err=0.013 covered=1
cover_leftover arm=locked step=800/800 d=0.6940 g=0.6940 cap=0.0000 u_kept=0.992 content=0.994 leak=0.003 err=0.007 covered=1
cover_leftover DONE arm=locked pass=1 reasons=none u_kept=0.936 content=0.964 leak=0.000 err=0.045 same_dir=0.001 particle_rms=0.065
{"event": "DONE", "candidate": "transfer_g00_p04", "task": "cover_leftover", "status": "PASS", "live": {"u_kept": 0.9918845792764057, "content_kept": 0.9943249911806743, "leak_ratio": 0.0034434424007786417, "pole_rel_err_plus": 0.007133936509490013, "pole_rel_err_minus": 0.0028207653667777777, "same_dir": 0.0034068420959234807}, "seconds": 4.458872021990828, "error": null}
{"event": "START", "candidate": "transfer_g00_p04", "task": "unused_token_hold", "tier": "required", "phase": "fit"}
unused-token arm=smart_descent step=1 hold=0.9940 concept=0.0000 unused_dist=0.0060
unused-token arm=smart_descent step=50 hold=0.9867 concept=0.5504 unused_dist=0.0133
unused-token arm=smart_descent step=100 hold=0.9892 concept=0.9728 unused_dist=0.0108
unused-token arm=smart_descent step=150 hold=0.9959 concept=0.8786 unused_dist=0.0041
unused-token arm=smart_descent step=200 hold=0.9912 concept=0.9912 unused_dist=0.0088
{"event": "DONE", "candidate": "transfer_g00_p04", "task": "unused_token_hold", "status": "PASS", "live": {"unused_hold": 0.9911721087992191, "concept_move": 0.9912185763148358}, "seconds": 0.400643568020314, "error": null}
{"event": "START", "candidate": "transfer_g00_p04", "task": "mid_scale_identity", "tier": "required", "phase": "fit"}
mid_scale arm=locked step=1 seed=0 concept+=+0.5774 concept-=+0.0000 id0=+0.0077 id_mid=+0.0232 scales=[-1.0, 0.0, 0.5, 1.0] gate=FAIL why=concept,identity_0,identity_mid
mid_scale arm=locked step=50 seed=0 concept+=+0.8913 concept-=+0.3639 id0=+0.3977 id_mid=+0.9532 scales=[-1.0, 0.0, 0.5, 1.0] gate=FAIL why=concept,identity_0
mid_scale arm=locked step=100 seed=0 concept+=+0.9485 concept-=+0.7597 id0=+0.5838 id_mid=+0.7711 scales=[-1.0, 0.0, 0.5, 1.0] gate=FAIL why=concept,identity_0,identity_mid
mid_scale arm=locked step=150 seed=0 concept+=+0.9811 concept-=+0.9283 id0=+0.6292 id_mid=+0.9169 scales=[-1.0, 0.0, 0.5, 1.0] gate=FAIL why=concept,identity_0
mid_scale arm=locked step=200 seed=0 concept+=+0.9892 concept-=+0.9830 id0=+0.7522 id_mid=+0.9811 scales=[-1.0, 0.0, 0.5, 1.0] gate=FAIL why=identity_0
mid_scale arm=locked step=250 seed=0 concept+=+0.9968 concept-=+0.9982 id0=+0.8947 id_mid=+0.9635 scales=[-1.0, 0.0, 0.5, 1.0] gate=PASS why=locked
mid_scale arm=locked step=300 seed=0 concept+=+0.9999 concept-=+1.0000 id0=+0.9974 id_mid=+0.9547 scales=[-1.0, 0.0, 0.5, 1.0] gate=PASS why=locked
mid_scale arm=locked step=350 seed=0 concept+=+0.9999 concept-=+0.9995 id0=+0.9694 id_mid=+0.9047 scales=[-1.0, 0.0, 0.5, 1.0] gate=PASS why=locked
mid_scale arm=locked step=400 seed=0 concept+=+0.9997 concept-=+0.9997 id0=+0.9800 id_mid=+0.9962 scales=[-1.0, 0.0, 0.5, 1.0] gate=PASS why=locked
mid_scale arm=locked step=450 seed=0 concept+=+0.9998 concept-=+0.9999 id0=+0.9908 id_mid=+0.9768 scales=[-1.0, 0.0, 0.5, 1.0] gate=PASS why=locked
mid_scale arm=locked step=500 seed=0 concept+=+0.9998 concept-=+0.9999 id0=+0.9945 id_mid=+0.9876 scales=[-1.0, 0.0, 0.5, 1.0] gate=PASS why=locked
mid_scale arm=locked step=550 seed=0 concept+=+0.9999 concept-=+0.9999 id0=+0.9989 id_mid=+0.9938 scales=[-1.0, 0.0, 0.5, 1.0] gate=PASS why=locked
mid_scale arm=locked step=600 seed=0 concept+=+0.9999 concept-=+1.0000 id0=+0.9912 id_mid=+0.9881 scales=[-1.0, 0.0, 0.5, 1.0] gate=PASS why=locked
mid_scale arm=locked step=650 seed=0 concept+=+0.9998 concept-=+0.9999 id0=+0.9821 id_mid=+0.9863 scales=[-1.0, 0.0, 0.5, 1.0] gate=PASS why=locked
mid_scale arm=locked step=700 seed=0 concept+=+1.0000 concept-=+1.0000 id0=+0.9962 id_mid=+0.9965 scales=[-1.0, 0.0, 0.5, 1.0] gate=PASS why=locked
mid_scale arm=locked step=750 seed=0 concept+=+0.9999 concept-=+1.0000 id0=+0.9871 id_mid=+0.9934 scales=[-1.0, 0.0, 0.5, 1.0] gate=PASS why=locked
mid_scale arm=locked step=800 seed=0 concept+=+0.9999 concept-=+1.0000 id0=+0.9879 id_mid=+0.9920 scales=[-1.0, 0.0, 0.5, 1.0] gate=PASS why=locked
mid_scale arm=locked step=800 seed=0 concept+=+0.9999 concept-=+1.0000 id0=+0.9879 id_mid=+0.9920 scales=[-1.0, 0.0, 0.5, 1.0] gate=PASS why=locked
{"event": "DONE", "candidate": "transfer_g00_p04", "task": "mid_scale_identity", "status": "PASS", "live": {"concept_cos_plus": 0.9999415874481201, "concept_cos_minus": 0.999964714050293, "concept_mag_plus": 0.9946029782295227, "concept_mag_minus": 1.013098955154419, "identity_at_0": 0.9879371040990567, "identity_at_mid": 0.9920230565215997}, "seconds": 6.568599403020926, "error": null}
{"event": "START", "candidate": "transfer_g00_p04", "task": "mode_hold", "tier": "required", "phase": "fit"}
{"event": "DONE", "candidate": "transfer_g00_p04", "task": "mode_hold", "status": "PASS", "live": {"modes": 8, "hq": 1.0}, "seconds": 7.636202709050849, "error": null}
{"event": "START", "candidate": "transfer_g00_p04", "task": "vector_two_broad", "tier": "ranking", "phase": "fit"}
{"event": "DONE", "candidate": "transfer_g00_p04", "task": "vector_two_broad", "status": "PASS", "live": {"sw1_normalized": 0.059993348705264696, "mean_error": 0.048585694283246994, "covariance_error": 0.10062987357378006, "target_scale": 1.0555585622787476, "sample_count": 4096, "mass_tv": 0.017333984375, "min_mass_ratio": 0.96533203125, "hq": 0.994384765625, "component_covariance_error": 0.32873523235321045, "component_covariance_errors": [0.32162296772003174, 0.33584749698638916], "component_min_eigen_ratio": 0.5475791096687317, "component_mass": [0.482666015625, 0.517333984375], "target_mass": [0.5, 0.5], "component_counts": [1977, 2119]}, "seconds": 6.091164613957517, "error": null}
{"event": "START", "candidate": "transfer_g00_p04", "task": "vector_unequal_mass", "tier": "ranking", "phase": "fit"}
{"event": "DONE", "candidate": "transfer_g00_p04", "task": "vector_unequal_mass", "status": "FAIL", "live": {"sw1_normalized": 0.11049870158029451, "mean_error": 0.09913420677185059, "covariance_error": 0.19303159415721893, "target_scale": 1.7593294382095337, "sample_count": 4096, "mass_tv": 0.09172851592302322, "min_mass_ratio": 0.8362926244735718, "hq": 0.9619140625, "component_covariance_error": 3.222949266433716, "component_covariance_errors": [3.0761947631835938, 1.1584339141845703, 0.7536730766296387, 7.9034953117370605], "component_min_eigen_ratio": 0.5754499435424805, "component_mass": [0.4599609375, 0.35498046875, 0.166748046875, 0.018310546875], "target_mass": [0.550000011920929, 0.30000001192092896, 0.12999999523162842, 0.019999999552965164], "component_counts": [1884, 1454, 683, 75]}, "seconds": 6.097781496937387, "error": null}
{"event": "START", "candidate": "transfer_g00_p04", "task": "vector_unequal_width", "tier": "ranking", "phase": "fit"}
{"event": "DONE", "candidate": "transfer_g00_p04", "task": "vector_unequal_width", "status": "FAIL", "live": {"sw1_normalized": 0.0925072822035534, "mean_error": 0.09256619215011597, "covariance_error": 0.12840113043785095, "target_scale": 2.1343955993652344, "sample_count": 4096, "mass_tv": 0.092041015625, "min_mass_ratio": 0.765625, "hq": 0.960693359375, "component_covariance_error": 9.865734037011862, "component_covariance_errors": [0.41864776611328125, 38.66698455810547, 0.13653312623500824, 0.24077069759368896], "component_min_eigen_ratio": 0.7704607248306274, "component_mass": [0.33251953125, 0.216552734375, 0.19140625, 0.259521484375], "target_mass": [0.25, 0.25, 0.25, 0.25], "component_counts": [1362, 887, 784, 1063]}, "seconds": 7.474443317041732, "error": null}
{"event": "START", "candidate": "transfer_g00_p04", "task": "vector_anisotropic", "tier": "ranking", "phase": "fit"}
{"event": "DONE", "candidate": "transfer_g00_p04", "task": "vector_anisotropic", "status": "PASS", "live": {"sw1_normalized": 0.09004560962052664, "mean_error": 0.12420278042554855, "covariance_error": 0.10410790890455246, "target_scale": 2.032285690307617, "sample_count": 4096, "mass_tv": 0.0640462189912796, "min_mass_ratio": 0.807861328125, "hq": 0.995361328125, "component_covariance_error": 0.11370296031236649, "component_covariance_errors": [0.09219297021627426, 0.1981772780418396, 0.050738632678985596], "component_min_eigen_ratio": 0.7305656671524048, "component_mass": [0.269287109375, 0.362060546875, 0.36865234375], "target_mass": [0.3333333432674408, 0.3333333432674408, 0.3333333432674408], "component_counts": [1103, 1483, 1510]}, "seconds": 7.062558809993789, "error": null}
{"event": "START", "candidate": "transfer_g00_p04", "task": "vector_overlap", "tier": "ranking", "phase": "fit"}
{"event": "DONE", "candidate": "transfer_g00_p04", "task": "vector_overlap", "status": "FAIL", "live": {"sw1_normalized": 0.12807705156928273, "mean_error": 0.11337839066982269, "covariance_error": 0.43948352336883545, "target_scale": 0.8501437306404114, "sample_count": 4096}, "seconds": 7.101122542051598, "error": null}
{"event": "START", "candidate": "transfer_g00_p04", "task": "vector_narrow", "tier": "diagnostic", "phase": "fit"}
{"event": "DONE", "candidate": "transfer_g00_p04", "task": "vector_narrow", "status": "FAIL", "live": {"sw1_normalized": 0.20964134102199558, "mean_error": 0.2207792103290558, "covariance_error": 0.45171085000038147, "target_scale": 2.1200308799743652, "sample_count": 4096, "mass_tv": 0.172607421875, "min_mass_ratio": 0.388671875, "hq": 0.825927734375, "component_covariance_error": 450.72368574142456, "component_covariance_errors": [7.981412887573242, 163.9171142578125, 958.4439086914062, 672.5523071289062], "component_min_eigen_ratio": 0.1710321009159088, "component_mass": [0.368896484375, 0.230224609375, 0.3037109375, 0.09716796875], "target_mass": [0.25, 0.25, 0.25, 0.25], "component_counts": [1511, 943, 1244, 398]}, "seconds": 10.359990496071987, "error": null}
{"event": "START", "candidate": "transfer_g00_p04", "task": "vector_scale_drift", "tier": "diagnostic", "phase": "fit"}
{"event": "DONE", "candidate": "transfer_g00_p04", "task": "vector_scale_drift", "status": "PASS", "live": {"sw1_normalized": 0.054675162375146635, "mean_error": 0.049023643136024475, "covariance_error": 0.10307884216308594, "target_scale": 1.644848108291626, "sample_count": 4096, "mass_tv": 0.00439453125, "min_mass_ratio": 0.9912109375, "hq": 0.98046875, "component_covariance_error": 0.33501529693603516, "component_covariance_errors": [0.26141026616096497, 0.40862032771110535], "component_min_eigen_ratio": 0.5924643874168396, "component_mass": [0.50439453125, 0.49560546875], "target_mass": [0.5, 0.5], "component_counts": [2066, 2030]}, "seconds": 8.709831102984026, "error": null}
{"event": "START", "candidate": "transfer_g00_p04", "task": "vector_spiral", "tier": "ranking", "phase": "fit"}
{"event": "DONE", "candidate": "transfer_g00_p04", "task": "vector_spiral", "status": "PASS", "live": {"sw1_normalized": 0.04533529627516505, "mean_error": 0.038123223930597305, "covariance_error": 0.099520243704319, "target_scale": 1.224178433418274, "sample_count": 4096}, "seconds": 7.83536142797675, "error": null}
{"event": "START", "candidate": "transfer_g00_p04", "task": "stress_fast_critic", "tier": "ranking", "phase": "fit"}
{"event": "DONE", "candidate": "transfer_g00_p04", "task": "stress_fast_critic", "status": "FAIL", "live": {"sw1_normalized": 0.06870041672270978, "mean_error": 0.07561270892620087, "covariance_error": 0.0821901336312294, "target_scale": 3.004528284072876, "sample_count": 4096, "mass_tv": 0.120849609375, "min_mass_ratio": 0.6171875, "hq": 0.92138671875, "component_covariance_error": 7.949243679642677, "component_covariance_errors": [0.09840792417526245, 13.221578598022461, 4.147742748260498, 24.146852493286133, 0.1707971692085266, 0.17783129215240479, 10.266444206237793, 11.36429500579834], "component_min_eigen_ratio": 0.40129896998405457, "component_mass": [0.09228515625, 0.0771484375, 0.177490234375, 0.085693359375, 0.159423828125, 0.14306640625, 0.1240234375, 0.140869140625], "target_mass": [0.125, 0.125, 0.125, 0.125, 0.125, 0.125, 0.125, 0.125], "component_counts": [378, 316, 727, 351, 653, 586, 508, 577]}, "seconds": 7.363867438980378, "error": null}
{"event": "START", "candidate": "transfer_g00_p04", "task": "stress_slow_critic", "tier": "ranking", "phase": "fit"}
{"event": "DONE", "candidate": "transfer_g00_p04", "task": "stress_slow_critic", "status": "FAIL", "live": {"sw1_normalized": 0.13183429410077285, "mean_error": 0.13610289990901947, "covariance_error": 0.17421475052833557, "target_scale": 3.004528284072876, "sample_count": 4096, "mass_tv": 0.220947265625, "min_mass_ratio": 0.306640625, "hq": 0.700927734375, "component_covariance_error": 37.259379386901855, "component_covariance_errors": [45.17660140991211, 78.26895904541016, 10.829944610595703, 23.355167388916016, 6.413555145263672, 47.367977142333984, 39.565879821777344, 47.09695053100586], "component_min_eigen_ratio": 0.09721006453037262, "component_mass": [0.14501953125, 0.04248046875, 0.2431640625, 0.038330078125, 0.11279296875, 0.08544921875, 0.173583984375, 0.1591796875], "target_mass": [0.125, 0.125, 0.125, 0.125, 0.125, 0.125, 0.125, 0.125], "component_counts": [594, 174, 996, 157, 462, 350, 711, 652]}, "seconds": 7.225987967918627, "error": null}
{"event": "START", "candidate": "transfer_g00_p04", "task": "stress_small_batch", "tier": "ranking", "phase": "fit"}
{"event": "DONE", "candidate": "transfer_g00_p04", "task": "stress_small_batch", "status": "FAIL", "live": {"sw1_normalized": 0.0952085418831518, "mean_error": 0.06569697707891464, "covariance_error": 0.17722755670547485, "target_scale": 3.004528284072876, "sample_count": 4096, "mass_tv": 0.1513671875, "min_mass_ratio": 0.515625, "hq": 0.76123046875, "component_covariance_error": 38.290438413619995, "component_covariance_errors": [37.97892379760742, 22.770517349243164, 54.51884841918945, 32.81755065917969, 29.58266830444336, 41.046958923339844, 60.31084442138672, 27.297195434570312], "component_min_eigen_ratio": 1.0851210355758667, "component_mass": [0.09326171875, 0.171142578125, 0.093994140625, 0.064453125, 0.19873046875, 0.156494140625, 0.098876953125, 0.123046875], "target_mass": [0.125, 0.125, 0.125, 0.125, 0.125, 0.125, 0.125, 0.125], "component_counts": [382, 701, 385, 264, 814, 641, 405, 504]}, "seconds": 6.533382934052497, "error": null}
{"event": "START", "candidate": "transfer_g00_p04", "task": "stress_large_critic", "tier": "ranking", "phase": "fit"}
{"event": "DONE", "candidate": "transfer_g00_p04", "task": "stress_large_critic", "status": "FAIL", "live": {"sw1_normalized": 0.13102268069787862, "mean_error": 0.13772355020046234, "covariance_error": 0.13036851584911346, "target_scale": 3.004528284072876, "sample_count": 4096, "mass_tv": 0.164306640625, "min_mass_ratio": 0.513671875, "hq": 0.894775390625, "component_covariance_error": 17.023169476538897, "component_covariance_errors": [6.834864139556885, 2.793363094329834, 45.1989860534668, 35.60712432861328, 19.802846908569336, 22.298471450805664, 0.32323089241981506, 3.3264689445495605], "component_min_eigen_ratio": 0.32983630895614624, "component_mass": [0.110595703125, 0.272216796875, 0.11328125, 0.08056640625, 0.12255859375, 0.094482421875, 0.14208984375, 0.064208984375], "target_mass": [0.125, 0.125, 0.125, 0.125, 0.125, 0.125, 0.125, 0.125], "component_counts": [453, 1115, 464, 330, 502, 387, 582, 263]}, "seconds": 8.232091733021662, "error": null}
{"event": "START", "candidate": "transfer_g00_p04", "task": "stress_long_horizon", "tier": "ranking", "phase": "fit"}
{"event": "DONE", "candidate": "transfer_g00_p04", "task": "stress_long_horizon", "status": "FAIL", "live": {"sw1_normalized": 0.1039827906971208, "mean_error": 0.1309022307395935, "covariance_error": 0.12842699885368347, "target_scale": 3.004528284072876, "sample_count": 4096, "mass_tv": 0.140869140625, "min_mass_ratio": 0.57421875, "hq": 0.980712890625, "component_covariance_error": 1.5619693975895643, "component_covariance_errors": [0.8853416442871094, 0.4722965955734253, 0.21229897439479828, 0.09708575904369354, 0.22624950110912323, 0.37418094277381897, 6.423882961273193, 3.8044188022613525], "component_min_eigen_ratio": 0.3768846094608307, "component_mass": [0.11328125, 0.07177734375, 0.138916015625, 0.21923828125, 0.101318359375, 0.15771484375, 0.089111328125, 0.108642578125], "target_mass": [0.125, 0.125, 0.125, 0.125, 0.125, 0.125, 0.125, 0.125], "component_counts": [464, 294, 569, 898, 415, 646, 365, 445]}, "seconds": 11.7825512830168, "error": null}
{"event": "START", "candidate": "transfer_g00_p04", "task": "stress_r1_r2", "tier": "ranking", "phase": "fit"}
{"event": "DONE", "candidate": "transfer_g00_p04", "task": "stress_r1_r2", "status": "FAIL", "live": {"sw1_normalized": 0.07022213109843313, "mean_error": 0.025769567117094994, "covariance_error": 0.12006653100252151, "target_scale": 3.004528284072876, "sample_count": 4096, "mass_tv": 0.1796875, "min_mass_ratio": 0.501953125, "hq": 0.909423828125, "component_covariance_error": 11.000866508111358, "component_covariance_errors": [4.713801860809326, 44.82554244995117, 14.138107299804688, 19.434648513793945, 2.107445001602173, 0.12821246683597565, 2.563607692718506, 0.0955667793750763], "component_min_eigen_ratio": 0.8031520247459412, "component_mass": [0.142333984375, 0.062744140625, 0.211181640625, 0.0712890625, 0.175537109375, 0.0673828125, 0.150634765625, 0.118896484375], "target_mass": [0.125, 0.125, 0.125, 0.125, 0.125, 0.125, 0.125, 0.125], "component_counts": [583, 257, 865, 292, 719, 276, 617, 487]}, "seconds": 6.384477055049501, "error": null}
{"event": "START", "candidate": "transfer_g00_p04", "task": "stress_weak_critic", "tier": "diagnostic", "phase": "fit"}
{"event": "DONE", "candidate": "transfer_g00_p04", "task": "stress_weak_critic", "status": "FAIL", "live": {"sw1_normalized": 0.17903553073920173, "mean_error": 0.01565254107117653, "covariance_error": 0.36708664894104004, "target_scale": 3.004528284072876, "sample_count": 4096, "mass_tv": 0.249267578125, "min_mass_ratio": 0.029296875, "hq": 0.061279296875, "component_covariance_error": 26.3318030834198, "component_covariance_errors": [31.904396057128906, 28.681745529174805, 20.477970123291016, 1.0, 55.82645034790039, 31.99713706970215, 16.30474281311035, 24.46198272705078], "component_min_eigen_ratio": 0.0, "component_mass": [0.080322265625, 0.1513671875, 0.105224609375, 0.003662109375, 0.2275390625, 0.105224609375, 0.245361328125, 0.081298828125], "target_mass": [0.125, 0.125, 0.125, 0.125, 0.125, 0.125, 0.125, 0.125], "component_counts": [329, 620, 431, 15, 932, 431, 1005, 333]}, "seconds": 4.209702369989827, "error": null}
{"event": "START", "candidate": "transfer_g00_p04", "task": "stress_overlapping_data", "tier": "diagnostic", "phase": "fit"}
{"event": "DONE", "candidate": "transfer_g00_p04", "task": "stress_overlapping_data", "status": "PASS", "live": {"sw1_normalized": 0.035226258172128926, "mean_error": 0.028962980955839157, "covariance_error": 0.07037927955389023, "target_scale": 3.1175975799560547, "sample_count": 4096}, "seconds": 5.905190118937753, "error": null}
{"event": "START", "candidate": "transfer_g00_p05", "task": "two_pole", "tier": "required", "phase": "fit"}
{"event": "DONE", "candidate": "transfer_g00_p05", "task": "two_pole", "status": "PASS", "live": {"mean_abs": 0.34884384274482727, "grad_med": 0.3937414288520813}, "seconds": 0.1327681530965492, "error": null}
{"event": "START", "candidate": "transfer_g00_p05", "task": "trajectory", "tier": "required", "phase": "fit"}
{"event": "DONE", "candidate": "transfer_g00_p05", "task": "trajectory", "status": "FAIL", "live": {"identity_mse": 0.03714384511113167}, "seconds": 1.3871509049786255, "error": null}
{"event": "START", "candidate": "transfer_g00_p05", "task": "residual_student", "tier": "required", "phase": "fit"}
{"event": "DONE", "candidate": "transfer_g00_p05", "task": "residual_student", "status": "PASS", "live": {"identity_mse": 6.4035248215077445e-06, "success_rate": 1.0, "wrong_pad_rate": 0.0}, "seconds": 1.5354201609734446, "error": null}
{"event": "START", "candidate": "transfer_g00_p05", "task": "unipolar", "tier": "required", "phase": "fit"}
unipolar_dir arm=locked_rpgan step=1/400 cover=0.0127 leak=0.3214 neu_hold=0.9915 cos_plus=+0.5669 hit=FAIL
unipolar_dir arm=locked_rpgan step=50/400 cover=0.6494 leak=0.0000 neu_hold=0.8265 cos_plus=+0.9999 hit=FAIL
unipolar_dir arm=locked_rpgan step=100/400 cover=0.9938 leak=0.0000 neu_hold=0.8347 cos_plus=+1.0000 hit=FAIL
unipolar_dir arm=locked_rpgan step=150/400 cover=0.9941 leak=0.0000 neu_hold=0.9848 cos_plus=+1.0000 hit=PASS
unipolar_dir arm=locked_rpgan step=200/400 cover=0.9208 leak=0.0002 neu_hold=0.9168 cos_plus=+0.9998 hit=PASS
unipolar_dir arm=locked_rpgan step=250/400 cover=0.9848 leak=0.0000 neu_hold=0.9772 cos_plus=+0.9999 hit=PASS
unipolar_dir arm=locked_rpgan step=300/400 cover=0.9644 leak=0.0014 neu_hold=0.9392 cos_plus=+0.9993 hit=PASS
unipolar_dir arm=locked_rpgan step=350/400 cover=0.9953 leak=0.0000 neu_hold=0.9879 cos_plus=+0.9996 hit=PASS
unipolar_dir arm=locked_rpgan step=400/400 cover=0.9815 leak=0.0000 neu_hold=0.9712 cos_plus=+1.0000 hit=PASS
unipolar_dir arm=locked_rpgan step=400 seed=0 cover=0.9815 leak=0.0000 neu_hold=0.9712 cos_plus=+1.0000 hit=PASS
{"event": "DONE", "candidate": "transfer_g00_p05", "task": "unipolar", "status": "PASS", "live": {"cover": 0.9815186181613171, "off_caption": 1.744852336475898e-05, "neu_hold": 0.9712304696440697}, "seconds": 1.8676404559519142, "error": null}
{"event": "START", "candidate": "transfer_g00_p05", "task": "ae_gan_hold", "tier": "required", "phase": "fit"}
ae-gan-hold arm=smart_descent step=0 recon=1.2815 hold=1.4373 phase=init
ae-gan-hold arm=smart_descent step=1 recon=1.2653 hold=1.4033 loss=4.2070
ae-gan-hold arm=smart_descent step=50 recon=0.0912 hold=0.0050 loss=1.0487
ae-gan-hold arm=smart_descent step=100 recon=0.0026 hold=0.0130 loss=1.0501
ae-gan-hold arm=smart_descent step=150 recon=0.0103 hold=0.0043 loss=0.9457
ae-gan-hold arm=smart_descent step=200 recon=0.0132 hold=0.0031 loss=0.6923
{"event": "DONE", "candidate": "transfer_g00_p05", "task": "ae_gan_hold", "status": "PASS", "live": {"recon_mse": 0.015204008668661118, "hold": 0.0012587575474753976}, "seconds": 0.9333109660074115, "error": null}
{"event": "START", "candidate": "transfer_g00_p05", "task": "cover_leftover", "tier": "required", "phase": "fit"}
cover_leftover start arm=locked steps=800 seed=0 teacher=faithful_guard_e cover=1.5 penalty_coeff=3.0 kappa=1.2 fm=0.0 n_particles=12
cover_leftover arm=locked step=1/800 d=0.7237 g=1.7435 cap=0.0000 u_kept=0.008 content=0.000 leak=0.000 err=0.749 covered=0
cover_leftover arm=locked step=50/800 d=0.4292 g=1.5611 cap=0.0460 u_kept=0.219 content=0.376 leak=0.134 err=0.563 covered=0
cover_leftover arm=locked step=100/800 d=0.6307 g=1.0621 cap=0.0000 u_kept=0.416 content=0.620 leak=0.001 err=0.409 covered=0
cover_leftover arm=locked step=150/800 d=0.6924 g=0.8553 cap=0.0000 u_kept=0.584 content=0.756 leak=0.025 err=0.312 covered=0
cover_leftover arm=locked step=200/800 d=0.6898 g=0.8161 cap=0.0000 u_kept=0.638 content=0.841 leak=0.013 err=0.269 covered=0
cover_leftover arm=locked step=250/800 d=0.6928 g=0.7700 cap=0.0000 u_kept=0.680 content=0.913 leak=0.001 err=0.213 covered=0
cover_leftover arm=locked step=300/800 d=0.6915 g=0.7371 cap=0.0000 u_kept=0.764 content=0.972 leak=0.004 err=0.157 covered=1
cover_leftover arm=locked step=350/800 d=0.6963 g=0.7149 cap=0.0000 u_kept=0.826 content=0.987 leak=0.007 err=0.115 covered=1
cover_leftover arm=locked step=400/800 d=0.6936 g=0.7024 cap=0.0000 u_kept=0.885 content=0.997 leak=0.000 err=0.076 covered=1
cover_leftover arm=locked step=450/800 d=0.7003 g=0.6970 cap=0.0000 u_kept=0.938 content=0.998 leak=0.002 err=0.052 covered=1
cover_leftover arm=locked step=500/800 d=0.6931 g=0.6948 cap=0.0000 u_kept=0.969 content=1.020 leak=0.010 err=0.028 covered=1
cover_leftover arm=locked step=550/800 d=0.6934 g=0.6941 cap=0.0000 u_kept=0.986 content=0.998 leak=0.008 err=0.014 covered=1
cover_leftover arm=locked step=600/800 d=0.6923 g=0.6948 cap=0.0000 u_kept=0.995 content=1.007 leak=0.002 err=0.007 covered=1
cover_leftover arm=locked step=650/800 d=0.6926 g=0.6926 cap=0.0000 u_kept=0.990 content=0.983 leak=0.004 err=0.010 covered=1
cover_leftover arm=locked step=700/800 d=0.6935 g=0.6940 cap=0.0000 u_kept=1.007 content=1.012 leak=0.003 err=0.010 covered=1
cover_leftover arm=locked step=750/800 d=0.6935 g=0.6924 cap=0.0000 u_kept=0.996 content=0.985 leak=0.005 err=0.014 covered=1
cover_leftover arm=locked step=800/800 d=0.6929 g=0.6945 cap=0.0000 u_kept=0.992 content=0.993 leak=0.006 err=0.009 covered=1
cover_leftover DONE arm=locked pass=1 reasons=none u_kept=0.937 content=0.964 leak=0.001 err=0.045 same_dir=0.001 particle_rms=0.068
{"event": "DONE", "candidate": "transfer_g00_p05", "task": "cover_leftover", "status": "PASS", "live": {"u_kept": 0.9924508233961095, "content_kept": 0.9926587704592935, "leak_ratio": 0.006166435003241565, "pole_rel_err_plus": 0.008788502775132656, "pole_rel_err_minus": 0.004235926549881697, "same_dir": 0.004232226752178522}, "seconds": 4.114407935994677, "error": null}
{"event": "START", "candidate": "transfer_g00_p05", "task": "unused_token_hold", "tier": "required", "phase": "fit"}
unused-token arm=smart_descent step=1 hold=0.9940 concept=0.0000 unused_dist=0.0060
unused-token arm=smart_descent step=50 hold=0.9866 concept=0.5370 unused_dist=0.0134
unused-token arm=smart_descent step=100 hold=0.9891 concept=0.9473 unused_dist=0.0109
unused-token arm=smart_descent step=150 hold=0.9978 concept=0.8640 unused_dist=0.0022
unused-token arm=smart_descent step=200 hold=0.9923 concept=0.9514 unused_dist=0.0077
{"event": "DONE", "candidate": "transfer_g00_p05", "task": "unused_token_hold", "status": "PASS", "live": {"unused_hold": 0.9922637343406677, "concept_move": 0.9513742804168146}, "seconds": 0.5003816580865532, "error": null}
{"event": "START", "candidate": "transfer_g00_p05", "task": "mid_scale_identity", "tier": "required", "phase": "fit"}
mid_scale arm=locked step=1 seed=0 concept+=+0.5774 concept-=+0.0000 id0=+0.0077 id_mid=+0.0231 scales=[-1.0, 0.0, 0.5, 1.0] gate=FAIL why=concept,identity_0,identity_mid
mid_scale arm=locked step=50 seed=0 concept+=+0.8905 concept-=+0.3420 id0=+0.3908 id_mid=+0.9424 scales=[-1.0, 0.0, 0.5, 1.0] gate=FAIL why=concept,identity_0
mid_scale arm=locked step=100 seed=0 concept+=+0.9456 concept-=+0.7519 id0=+0.5828 id_mid=+0.7665 scales=[-1.0, 0.0, 0.5, 1.0] gate=FAIL why=concept,identity_0,identity_mid
mid_scale arm=locked step=150 seed=0 concept+=+0.9751 concept-=+0.9261 id0=+0.6379 id_mid=+0.8321 scales=[-1.0, 0.0, 0.5, 1.0] gate=FAIL why=concept,identity_0,identity_mid
mid_scale arm=locked step=200 seed=0 concept+=+0.9873 concept-=+0.9866 id0=+0.7367 id_mid=+0.9706 scales=[-1.0, 0.0, 0.5, 1.0] gate=FAIL why=identity_0
mid_scale arm=locked step=250 seed=0 concept+=+0.9980 concept-=+0.9969 id0=+0.8725 id_mid=+0.9832 scales=[-1.0, 0.0, 0.5, 1.0] gate=PASS why=locked
mid_scale arm=locked step=300 seed=0 concept+=+0.9988 concept-=+0.9996 id0=+0.9932 id_mid=+0.9911 scales=[-1.0, 0.0, 0.5, 1.0] gate=PASS why=locked
mid_scale arm=locked step=350 seed=0 concept+=+0.9980 concept-=+0.9998 id0=+0.9517 id_mid=+0.8818 scales=[-1.0, 0.0, 0.5, 1.0] gate=PASS why=locked
mid_scale arm=locked step=400 seed=0 concept+=+0.9997 concept-=+1.0000 id0=+0.9973 id_mid=+0.9759 scales=[-1.0, 0.0, 0.5, 1.0] gate=PASS why=locked
mid_scale arm=locked step=450 seed=0 concept+=+0.9998 concept-=+0.9999 id0=+0.9768 id_mid=+0.9965 scales=[-1.0, 0.0, 0.5, 1.0] gate=PASS why=locked
mid_scale arm=locked step=500 seed=0 concept+=+0.9996 concept-=+0.9999 id0=+0.9814 id_mid=+0.9855 scales=[-1.0, 0.0, 0.5, 1.0] gate=PASS why=locked
mid_scale arm=locked step=550 seed=0 concept+=+0.9997 concept-=+0.9999 id0=+0.9876 id_mid=+0.9683 scales=[-1.0, 0.0, 0.5, 1.0] gate=PASS why=locked
mid_scale arm=locked step=600 seed=0 concept+=+0.9998 concept-=+0.9999 id0=+0.9877 id_mid=+0.9918 scales=[-1.0, 0.0, 0.5, 1.0] gate=PASS why=locked
mid_scale arm=locked step=650 seed=0 concept+=+0.9999 concept-=+0.9999 id0=+0.9897 id_mid=+0.9865 scales=[-1.0, 0.0, 0.5, 1.0] gate=PASS why=locked
mid_scale arm=locked step=700 seed=0 concept+=+1.0000 concept-=+1.0000 id0=+0.9937 id_mid=+0.9982 scales=[-1.0, 0.0, 0.5, 1.0] gate=PASS why=locked
mid_scale arm=locked step=750 seed=0 concept+=+1.0000 concept-=+1.0000 id0=+0.9941 id_mid=+0.9929 scales=[-1.0, 0.0, 0.5, 1.0] gate=PASS why=locked
mid_scale arm=locked step=800 seed=0 concept+=+1.0000 concept-=+1.0000 id0=+0.9901 id_mid=+0.9915 scales=[-1.0, 0.0, 0.5, 1.0] gate=PASS why=locked
mid_scale arm=locked step=800 seed=0 concept+=+1.0000 concept-=+1.0000 id0=+0.9901 id_mid=+0.9915 scales=[-1.0, 0.0, 0.5, 1.0] gate=PASS why=locked
{"event": "DONE", "candidate": "transfer_g00_p05", "task": "mid_scale_identity", "status": "PASS", "live": {"concept_cos_plus": 0.9999903440475464, "concept_cos_minus": 0.9999790191650391, "concept_mag_plus": 1.012151837348938, "concept_mag_minus": 0.9823857545852661, "identity_at_0": 0.9901136488953423, "identity_at_mid": 0.9915338649656132}, "seconds": 6.529300970025361, "error": null}
{"event": "START", "candidate": "transfer_g00_p05", "task": "mode_hold", "tier": "required", "phase": "fit"}
{"event": "DONE", "candidate": "transfer_g00_p05", "task": "mode_hold", "status": "FAIL", "live": {"modes": 8, "hq": 1.0}, "seconds": 7.938469520071521, "error": null}
{"event": "START", "candidate": "transfer_g01_p00", "task": "two_pole", "tier": "required", "phase": "fit"}
{"event": "DONE", "candidate": "transfer_g01_p00", "task": "two_pole", "status": "PASS", "live": {"mean_abs": 0.3503859341144562, "grad_med": 0.39576995372772217}, "seconds": 0.15723740693647414, "error": null}
{"event": "START", "candidate": "transfer_g01_p00", "task": "trajectory", "tier": "required", "phase": "fit"}
{"event": "DONE", "candidate": "transfer_g01_p00", "task": "trajectory", "status": "PASS", "live": {"identity_mse": 1.0689524970075581e-05}, "seconds": 1.5995847109006718, "error": null}
{"event": "START", "candidate": "transfer_g01_p00", "task": "residual_student", "tier": "required", "phase": "fit"}
{"event": "DONE", "candidate": "transfer_g01_p00", "task": "residual_student", "status": "PASS", "live": {"identity_mse": 1.3673645298695192e-05, "success_rate": 1.0, "wrong_pad_rate": 0.0}, "seconds": 1.5737967221066356, "error": null}
{"event": "START", "candidate": "transfer_g01_p00", "task": "unipolar", "tier": "required", "phase": "fit"}
unipolar_dir arm=locked_rpgan step=1/400 cover=0.0127 leak=0.3214 neu_hold=0.9915 cos_plus=+0.5669 hit=FAIL
unipolar_dir arm=locked_rpgan step=50/400 cover=0.6200 leak=0.0005 neu_hold=0.8455 cos_plus=+0.9968 hit=FAIL
unipolar_dir arm=locked_rpgan step=100/400 cover=0.9971 leak=0.0000 neu_hold=0.8452 cos_plus=+1.0000 hit=FAIL
unipolar_dir arm=locked_rpgan step=150/400 cover=0.9716 leak=0.0000 neu_hold=0.9926 cos_plus=+1.0000 hit=PASS
unipolar_dir arm=locked_rpgan step=200/400 cover=0.9000 leak=0.0000 neu_hold=0.9341 cos_plus=+0.9998 hit=PASS
unipolar_dir arm=locked_rpgan step=250/400 cover=0.9952 leak=0.0001 neu_hold=0.9803 cos_plus=+0.9999 hit=PASS
unipolar_dir arm=locked_rpgan step=300/400 cover=0.9278 leak=0.0003 neu_hold=0.9323 cos_plus=+0.9995 hit=PASS
unipolar_dir arm=locked_rpgan step=350/400 cover=0.9713 leak=0.0000 neu_hold=0.9689 cos_plus=+1.0000 hit=PASS
unipolar_dir arm=locked_rpgan step=400/400 cover=0.9978 leak=0.0002 neu_hold=0.9779 cos_plus=+0.9998 hit=PASS
unipolar_dir arm=locked_rpgan step=400 seed=0 cover=0.9978 leak=0.0002 neu_hold=0.9779 cos_plus=+0.9998 hit=PASS
{"event": "DONE", "candidate": "transfer_g01_p00", "task": "unipolar", "status": "PASS", "live": {"cover": 0.9977836439245209, "off_caption": 0.00024910891578925975, "neu_hold": 0.9779289774596691}, "seconds": 1.8755822429666296, "error": null}
{"event": "START", "candidate": "transfer_g01_p00", "task": "ae_gan_hold", "tier": "required", "phase": "fit"}
ae-gan-hold arm=smart_descent step=0 recon=1.2815 hold=1.4373 phase=init
ae-gan-hold arm=smart_descent step=1 recon=1.2653 hold=1.4033 loss=4.2070
ae-gan-hold arm=smart_descent step=50 recon=0.0886 hold=0.0162 loss=1.0526
ae-gan-hold arm=smart_descent step=100 recon=0.0038 hold=0.0236 loss=1.0548
ae-gan-hold arm=smart_descent step=150 recon=0.0116 hold=0.0085 loss=0.8697
ae-gan-hold arm=smart_descent step=200 recon=0.0147 hold=0.0063 loss=0.7113
{"event": "DONE", "candidate": "transfer_g01_p00", "task": "ae_gan_hold", "status": "PASS", "live": {"recon_mse": 0.016059810295701027, "hold": 0.001667712931521237}, "seconds": 1.1016071300255135, "error": null}
{"event": "START", "candidate": "transfer_g01_p00", "task": "cover_leftover", "tier": "required", "phase": "fit"}
cover_leftover start arm=locked steps=800 seed=0 teacher=faithful_guard_e cover=1.5 penalty_coeff=3.0 kappa=1.2 fm=0.0 n_particles=12
cover_leftover arm=locked step=1/800 d=0.7237 g=1.7437 cap=0.0000 u_kept=0.008 content=0.000 leak=0.000 err=0.749 covered=0
cover_leftover arm=locked step=50/800 d=0.4106 g=1.6500 cap=0.0128 u_kept=0.216 content=0.388 leak=0.151 err=0.562 covered=0
cover_leftover arm=locked step=100/800 d=0.6312 g=1.0639 cap=0.0000 u_kept=0.428 content=0.635 leak=0.029 err=0.415 covered=0
cover_leftover arm=locked step=150/800 d=0.6912 g=0.8558 cap=0.0000 u_kept=0.575 content=0.760 leak=0.018 err=0.307 covered=0
cover_leftover arm=locked step=200/800 d=0.6888 g=0.8178 cap=0.0000 u_kept=0.623 content=0.860 leak=0.005 err=0.265 covered=0
cover_leftover arm=locked step=250/800 d=0.6920 g=0.7691 cap=0.0000 u_kept=0.679 content=0.912 leak=0.002 err=0.214 covered=0
cover_leftover arm=locked step=300/800 d=0.6941 g=0.7368 cap=0.0000 u_kept=0.749 content=0.963 leak=0.002 err=0.166 covered=1
cover_leftover arm=locked step=350/800 d=0.6960 g=0.7163 cap=0.0000 u_kept=0.823 content=0.984 leak=0.004 err=0.117 covered=1
cover_leftover arm=locked step=400/800 d=0.6936 g=0.7035 cap=0.0000 u_kept=0.880 content=0.999 leak=0.001 err=0.079 covered=1
cover_leftover arm=locked step=450/800 d=0.6989 g=0.6977 cap=0.0000 u_kept=0.934 content=0.988 leak=0.004 err=0.052 covered=1
cover_leftover arm=locked step=500/800 d=0.6932 g=0.6948 cap=0.0000 u_kept=0.967 content=1.025 leak=0.008 err=0.030 covered=1
cover_leftover arm=locked step=550/800 d=0.6931 g=0.6944 cap=0.0000 u_kept=0.984 content=0.990 leak=0.003 err=0.013 covered=1
cover_leftover arm=locked step=600/800 d=0.6922 g=0.6950 cap=0.0000 u_kept=0.998 content=1.010 leak=0.000 err=0.008 covered=1
cover_leftover arm=locked step=650/800 d=0.6928 g=0.6930 cap=0.0000 u_kept=0.988 content=0.980 leak=0.003 err=0.011 covered=1
cover_leftover arm=locked step=700/800 d=0.6937 g=0.6935 cap=0.0000 u_kept=1.008 content=1.011 leak=0.001 err=0.009 covered=1
cover_leftover arm=locked step=750/800 d=0.6933 g=0.6932 cap=0.0000 u_kept=0.995 content=0.989 leak=0.004 err=0.011 covered=1
cover_leftover arm=locked step=800/800 d=0.6938 g=0.6941 cap=0.0000 u_kept=0.992 content=0.995 leak=0.005 err=0.007 covered=1
cover_leftover DONE arm=locked pass=1 reasons=none u_kept=0.936 content=0.964 leak=0.001 err=0.045 same_dir=0.001 particle_rms=0.064
{"event": "DONE", "candidate": "transfer_g01_p00", "task": "cover_leftover", "status": "PASS", "live": {"u_kept": 0.992415120214246, "content_kept": 0.9945326320848802, "leak_ratio": 0.0052032312925886165, "pole_rel_err_plus": 0.006761705502867699, "pole_rel_err_minus": 0.0037679802626371384, "same_dir": 0.005293780016390181}, "seconds": 3.9823569549480453, "error": null}
{"event": "START", "candidate": "transfer_g01_p00", "task": "unused_token_hold", "tier": "required", "phase": "fit"}
unused-token arm=smart_descent step=1 hold=0.9940 concept=0.0000 unused_dist=0.0060
unused-token arm=smart_descent step=50 hold=0.9866 concept=0.5470 unused_dist=0.0134
unused-token arm=smart_descent step=100 hold=0.9893 concept=0.9623 unused_dist=0.0107
unused-token arm=smart_descent step=150 hold=0.9962 concept=0.8714 unused_dist=0.0038
unused-token arm=smart_descent step=200 hold=0.9917 concept=0.9727 unused_dist=0.0083
{"event": "DONE", "candidate": "transfer_g01_p00", "task": "unused_token_hold", "status": "PASS", "live": {"unused_hold": 0.9917321540415287, "concept_move": 0.9726928530729992}, "seconds": 0.41822693799622357, "error": null}
{"event": "START", "candidate": "transfer_g01_p00", "task": "mid_scale_identity", "tier": "required", "phase": "fit"}
mid_scale arm=locked step=1 seed=0 concept+=+0.5774 concept-=+0.0000 id0=+0.0077 id_mid=+0.0231 scales=[-1.0, 0.0, 0.5, 1.0] gate=FAIL why=concept,identity_0,identity_mid
mid_scale arm=locked step=50 seed=0 concept+=+0.8897 concept-=+0.3288 id0=+0.3972 id_mid=+0.9557 scales=[-1.0, 0.0, 0.5, 1.0] gate=FAIL why=concept,identity_0
mid_scale arm=locked step=100 seed=0 concept+=+0.9453 concept-=+0.7560 id0=+0.5809 id_mid=+0.7531 scales=[-1.0, 0.0, 0.5, 1.0] gate=FAIL why=concept,identity_0,identity_mid
mid_scale arm=locked step=150 seed=0 concept+=+0.9855 concept-=+0.9071 id0=+0.6342 id_mid=+0.9034 scales=[-1.0, 0.0, 0.5, 1.0] gate=FAIL why=concept,identity_0
mid_scale arm=locked step=200 seed=0 concept+=+0.9863 concept-=+0.9869 id0=+0.7475 id_mid=+0.9709 scales=[-1.0, 0.0, 0.5, 1.0] gate=FAIL why=identity_0
mid_scale arm=locked step=250 seed=0 concept+=+0.9978 concept-=+0.9982 id0=+0.8735 id_mid=+0.9709 scales=[-1.0, 0.0, 0.5, 1.0] gate=PASS why=locked
mid_scale arm=locked step=300 seed=0 concept+=+0.9995 concept-=+0.9999 id0=+0.9969 id_mid=+0.9541 scales=[-1.0, 0.0, 0.5, 1.0] gate=PASS why=locked
mid_scale arm=locked step=350 seed=0 concept+=+0.9994 concept-=+0.9994 id0=+0.9463 id_mid=+0.8983 scales=[-1.0, 0.0, 0.5, 1.0] gate=PASS why=locked
mid_scale arm=locked step=400 seed=0 concept+=+0.9995 concept-=+0.9989 id0=+0.9687 id_mid=+0.9970 scales=[-1.0, 0.0, 0.5, 1.0] gate=PASS why=locked
mid_scale arm=locked step=450 seed=0 concept+=+0.9999 concept-=+0.9999 id0=+0.9854 id_mid=+0.9932 scales=[-1.0, 0.0, 0.5, 1.0] gate=PASS why=locked
mid_scale arm=locked step=500 seed=0 concept+=+0.9997 concept-=+0.9997 id0=+0.9760 id_mid=+0.9786 scales=[-1.0, 0.0, 0.5, 1.0] gate=PASS why=locked
mid_scale arm=locked step=550 seed=0 concept+=+0.9999 concept-=+1.0000 id0=+0.9935 id_mid=+0.9913 scales=[-1.0, 0.0, 0.5, 1.0] gate=PASS why=locked
mid_scale arm=locked step=600 seed=0 concept+=+0.9996 concept-=+1.0000 id0=+0.9884 id_mid=+0.9931 scales=[-1.0, 0.0, 0.5, 1.0] gate=PASS why=locked
mid_scale arm=locked step=650 seed=0 concept+=+1.0000 concept-=+1.0000 id0=+0.9954 id_mid=+0.9974 scales=[-1.0, 0.0, 0.5, 1.0] gate=PASS why=locked
mid_scale arm=locked step=700 seed=0 concept+=+0.9998 concept-=+0.9999 id0=+0.9901 id_mid=+0.9913 scales=[-1.0, 0.0, 0.5, 1.0] gate=PASS why=locked
mid_scale arm=locked step=750 seed=0 concept+=+0.9999 concept-=+1.0000 id0=+0.9906 id_mid=+0.9997 scales=[-1.0, 0.0, 0.5, 1.0] gate=PASS why=locked
mid_scale arm=locked step=800 seed=0 concept+=+1.0000 concept-=+1.0000 id0=+0.9920 id_mid=+0.9963 scales=[-1.0, 0.0, 0.5, 1.0] gate=PASS why=locked
mid_scale arm=locked step=800 seed=0 concept+=+1.0000 concept-=+1.0000 id0=+0.9920 id_mid=+0.9963 scales=[-1.0, 0.0, 0.5, 1.0] gate=PASS why=locked
{"event": "DONE", "candidate": "transfer_g01_p00", "task": "mid_scale_identity", "status": "PASS", "live": {"concept_cos_plus": 0.9999595880508423, "concept_cos_minus": 0.9999704957008362, "concept_mag_plus": 0.9988658428192139, "concept_mag_minus": 1.0100038051605225, "identity_at_0": 0.9919979141997147, "identity_at_mid": 0.9963093889146831}, "seconds": 7.549392031971365, "error": null}
{"event": "START", "candidate": "transfer_g01_p00", "task": "mode_hold", "tier": "required", "phase": "fit"}
{"event": "DONE", "candidate": "transfer_g01_p00", "task": "mode_hold", "status": "FAIL", "live": {"modes": 7, "hq": 0.8330078125}, "seconds": 9.839993441011757, "error": null}
{"event": "START", "candidate": "transfer_g01_p02", "task": "two_pole", "tier": "required", "phase": "fit"}
{"event": "DONE", "candidate": "transfer_g01_p02", "task": "two_pole", "status": "PASS", "live": {"mean_abs": 0.34061193466186523, "grad_med": 0.38425150513648987}, "seconds": 0.19641205098014325, "error": null}
{"event": "START", "candidate": "transfer_g01_p02", "task": "trajectory", "tier": "required", "phase": "fit"}
{"event": "DONE", "candidate": "transfer_g01_p02", "task": "trajectory", "status": "PASS", "live": {"identity_mse": 1.2835486813855823e-05}, "seconds": 1.4895598349394277, "error": null}
{"event": "START", "candidate": "transfer_g01_p02", "task": "residual_student", "tier": "required", "phase": "fit"}
{"event": "DONE", "candidate": "transfer_g01_p02", "task": "residual_student", "status": "PASS", "live": {"identity_mse": 1.3940315511717927e-05, "success_rate": 1.0, "wrong_pad_rate": 0.0}, "seconds": 1.4525668389396742, "error": null}
{"event": "START", "candidate": "transfer_g01_p02", "task": "unipolar", "tier": "required", "phase": "fit"}
unipolar_dir arm=locked_rpgan step=1/400 cover=0.0126 leak=0.3214 neu_hold=0.9916 cos_plus=+0.5669 hit=FAIL
unipolar_dir arm=locked_rpgan step=50/400 cover=0.6562 leak=0.0000 neu_hold=0.8199 cos_plus=+0.9991 hit=FAIL
unipolar_dir arm=locked_rpgan step=100/400 cover=0.9964 leak=0.0000 neu_hold=0.8307 cos_plus=+1.0000 hit=FAIL
unipolar_dir arm=locked_rpgan step=150/400 cover=0.9979 leak=0.0000 neu_hold=0.9984 cos_plus=+1.0000 hit=PASS
unipolar_dir arm=locked_rpgan step=200/400 cover=0.9317 leak=0.0001 neu_hold=0.9245 cos_plus=+0.9999 hit=PASS
unipolar_dir arm=locked_rpgan step=250/400 cover=0.9443 leak=0.0012 neu_hold=0.9771 cos_plus=+0.9993 hit=PASS
unipolar_dir arm=locked_rpgan step=300/400 cover=0.9389 leak=0.0017 neu_hold=0.9396 cos_plus=+0.9988 hit=PASS
unipolar_dir arm=locked_rpgan step=350/400 cover=0.9846 leak=0.0001 neu_hold=0.9767 cos_plus=+0.9998 hit=PASS
unipolar_dir arm=locked_rpgan step=400/400 cover=0.9814 leak=0.0002 neu_hold=0.9720 cos_plus=+0.9999 hit=PASS
unipolar_dir arm=locked_rpgan step=400 seed=0 cover=0.9814 leak=0.0002 neu_hold=0.9720 cos_plus=+0.9999 hit=PASS
{"event": "DONE", "candidate": "transfer_g01_p02", "task": "unipolar", "status": "PASS", "live": {"cover": 0.9814153006860593, "off_caption": 0.00021791206969809163, "neu_hold": 0.9720285385847092}, "seconds": 1.742455327999778, "error": null}
{"event": "START", "candidate": "transfer_g01_p02", "task": "ae_gan_hold", "tier": "required", "phase": "fit"}
ae-gan-hold arm=smart_descent step=0 recon=1.2815 hold=1.4373 phase=init
ae-gan-hold arm=smart_descent step=1 recon=1.2654 hold=1.4037 loss=4.2069
ae-gan-hold arm=smart_descent step=50 recon=0.1313 hold=0.0115 loss=1.1661
ae-gan-hold arm=smart_descent step=100 recon=0.0025 hold=0.0204 loss=0.9804
ae-gan-hold arm=smart_descent step=150 recon=0.0086 hold=0.0057 loss=0.8976
ae-gan-hold arm=smart_descent step=200 recon=0.0213 hold=0.0016 loss=0.7692
{"event": "DONE", "candidate": "transfer_g01_p02", "task": "ae_gan_hold", "status": "PASS", "live": {"recon_mse": 0.021335909143090248, "hold": 0.0005459150415845215}, "seconds": 0.912815866060555, "error": null}
{"event": "START", "candidate": "transfer_g01_p02", "task": "cover_leftover", "tier": "required", "phase": "fit"}
cover_leftover start arm=locked steps=800 seed=0 teacher=faithful_guard_e cover=1.5 penalty_coeff=3.0 kappa=1.2 fm=0.0 n_particles=12
cover_leftover arm=locked step=1/800 d=0.7237 g=1.7431 cap=0.0000 u_kept=0.008 content=0.000 leak=0.000 err=0.750 covered=0
cover_leftover arm=locked step=50/800 d=0.4439 g=1.6579 cap=0.0027 u_kept=0.217 content=0.355 leak=0.200 err=0.567 covered=0
cover_leftover arm=locked step=100/800 d=0.5966 g=1.1198 cap=0.0000 u_kept=0.415 content=0.613 leak=0.017 err=0.415 covered=0
cover_leftover arm=locked step=150/800 d=0.7021 g=0.8502 cap=0.0000 u_kept=0.576 content=0.741 leak=0.014 err=0.313 covered=0
cover_leftover arm=locked step=200/800 d=0.6879 g=0.8193 cap=0.0000 u_kept=0.650 content=0.835 leak=0.007 err=0.279 covered=0
cover_leftover arm=locked step=250/800 d=0.6954 g=0.7751 cap=0.0000 u_kept=0.668 content=0.902 leak=0.002 err=0.222 covered=0
cover_leftover arm=locked step=300/800 d=0.6905 g=0.7404 cap=0.0000 u_kept=0.754 content=0.971 leak=0.004 err=0.163 covered=1
cover_leftover arm=locked step=350/800 d=0.6954 g=0.7173 cap=0.0000 u_kept=0.816 content=0.994 leak=0.006 err=0.121 covered=1
cover_leftover arm=locked step=400/800 d=0.6935 g=0.7036 cap=0.0000 u_kept=0.876 content=0.999 leak=0.003 err=0.082 covered=1
cover_leftover arm=locked step=450/800 d=0.6987 g=0.6974 cap=0.0000 u_kept=0.926 content=0.981 leak=0.000 err=0.054 covered=1
cover_leftover arm=locked step=500/800 d=0.6933 g=0.6952 cap=0.0000 u_kept=0.968 content=1.018 leak=0.001 err=0.031 covered=1
cover_leftover arm=locked step=550/800 d=0.6941 g=0.6940 cap=0.0000 u_kept=0.980 content=0.991 leak=0.011 err=0.017 covered=1
cover_leftover arm=locked step=600/800 d=0.6929 g=0.6947 cap=0.0000 u_kept=0.994 content=1.002 leak=0.004 err=0.009 covered=1
cover_leftover arm=locked step=650/800 d=0.6927 g=0.6927 cap=0.0000 u_kept=0.985 content=0.986 leak=0.001 err=0.012 covered=1
cover_leftover arm=locked step=700/800 d=0.6940 g=0.6940 cap=0.0000 u_kept=1.005 content=1.005 leak=0.001 err=0.005 covered=1
cover_leftover arm=locked step=750/800 d=0.6926 g=0.6940 cap=0.0000 u_kept=0.997 content=0.991 leak=0.003 err=0.011 covered=1
cover_leftover arm=locked step=800/800 d=0.6941 g=0.6937 cap=0.0000 u_kept=0.998 content=1.009 leak=0.003 err=0.004 covered=1
cover_leftover DONE arm=locked pass=1 reasons=none u_kept=0.935 content=0.965 leak=0.000 err=0.046 same_dir=0.001 particle_rms=0.065
{"event": "DONE", "candidate": "transfer_g01_p02", "task": "cover_leftover", "status": "PASS", "live": {"u_kept": 0.9980382223461254, "content_kept": 1.00868906007789, "leak_ratio": 0.002856110849064551, "pole_rel_err_plus": 0.00413823127746582, "pole_rel_err_minus": 0.004434334579855204, "same_dir": 0.004435642350604829}, "seconds": 3.924900248995982, "error": null}
{"event": "START", "candidate": "transfer_g01_p02", "task": "unused_token_hold", "tier": "required", "phase": "fit"}
unused-token arm=smart_descent step=1 hold=0.9941 concept=0.0000 unused_dist=0.0059
unused-token arm=smart_descent step=50 hold=0.9867 concept=0.5385 unused_dist=0.0133
unused-token arm=smart_descent step=100 hold=0.9884 concept=0.9411 unused_dist=0.0116
unused-token arm=smart_descent step=150 hold=0.9984 concept=0.8604 unused_dist=0.0016
unused-token arm=smart_descent step=200 hold=0.9926 concept=0.9401 unused_dist=0.0074
{"event": "DONE", "candidate": "transfer_g01_p02", "task": "unused_token_hold", "status": "PASS", "live": {"unused_hold": 0.9925725590437651, "concept_move": 0.9401206074327106}, "seconds": 0.42516381200402975, "error": null}
{"event": "START", "candidate": "transfer_g01_p02", "task": "mid_scale_identity", "tier": "required", "phase": "fit"}
mid_scale arm=locked step=1 seed=0 concept+=+0.5774 concept-=+0.0000 id0=+0.0076 id_mid=+0.0229 scales=[-1.0, 0.0, 0.5, 1.0] gate=FAIL why=concept,identity_0,identity_mid
mid_scale arm=locked step=50 seed=0 concept+=+0.8875 concept-=+0.3720 id0=+0.3847 id_mid=+0.9299 scales=[-1.0, 0.0, 0.5, 1.0] gate=FAIL why=concept,identity_0
mid_scale arm=locked step=100 seed=0 concept+=+0.9343 concept-=+0.7676 id0=+0.5753 id_mid=+0.7743 scales=[-1.0, 0.0, 0.5, 1.0] gate=FAIL why=concept,identity_0,identity_mid
mid_scale arm=locked step=150 seed=0 concept+=+0.9801 concept-=+0.9169 id0=+0.6266 id_mid=+0.8443 scales=[-1.0, 0.0, 0.5, 1.0] gate=FAIL why=concept,identity_0,identity_mid
mid_scale arm=locked step=200 seed=0 concept+=+0.9910 concept-=+0.9772 id0=+0.7320 id_mid=+0.9343 scales=[-1.0, 0.0, 0.5, 1.0] gate=FAIL why=identity_0
mid_scale arm=locked step=250 seed=0 concept+=+0.9961 concept-=+0.9954 id0=+0.8672 id_mid=+0.9885 scales=[-1.0, 0.0, 0.5, 1.0] gate=PASS why=locked
mid_scale arm=locked step=300 seed=0 concept+=+0.9998 concept-=+0.9999 id0=+0.9868 id_mid=+0.9790 scales=[-1.0, 0.0, 0.5, 1.0] gate=PASS why=locked
mid_scale arm=locked step=350 seed=0 concept+=+0.9992 concept-=+0.9997 id0=+0.9736 id_mid=+0.8959 scales=[-1.0, 0.0, 0.5, 1.0] gate=PASS why=locked
mid_scale arm=locked step=400 seed=0 concept+=+0.9988 concept-=+0.9997 id0=+0.9746 id_mid=+0.9144 scales=[-1.0, 0.0, 0.5, 1.0] gate=PASS why=locked
mid_scale arm=locked step=450 seed=0 concept+=+0.9994 concept-=+0.9999 id0=+0.9883 id_mid=+0.9566 scales=[-1.0, 0.0, 0.5, 1.0] gate=PASS why=locked
mid_scale arm=locked step=500 seed=0 concept+=+0.9998 concept-=+1.0000 id0=+0.9931 id_mid=+0.9714 scales=[-1.0, 0.0, 0.5, 1.0] gate=PASS why=locked
mid_scale arm=locked step=550 seed=0 concept+=+0.9999 concept-=+1.0000 id0=+0.9997 id_mid=+0.9792 scales=[-1.0, 0.0, 0.5, 1.0] gate=PASS why=locked
mid_scale arm=locked step=600 seed=0 concept+=+0.9998 concept-=+1.0000 id0=+0.9961 id_mid=+0.9721 scales=[-1.0, 0.0, 0.5, 1.0] gate=PASS why=locked
mid_scale arm=locked step=650 seed=0 concept+=+0.9999 concept-=+1.0000 id0=+0.9941 id_mid=+0.9880 scales=[-1.0, 0.0, 0.5, 1.0] gate=PASS why=locked
mid_scale arm=locked step=700 seed=0 concept+=+1.0000 concept-=+1.0000 id0=+0.9970 id_mid=+0.9856 scales=[-1.0, 0.0, 0.5, 1.0] gate=PASS why=locked
mid_scale arm=locked step=750 seed=0 concept+=+1.0000 concept-=+1.0000 id0=+0.9973 id_mid=+0.9974 scales=[-1.0, 0.0, 0.5, 1.0] gate=PASS why=locked
mid_scale arm=locked step=800 seed=0 concept+=+1.0000 concept-=+1.0000 id0=+0.9991 id_mid=+0.9914 scales=[-1.0, 0.0, 0.5, 1.0] gate=PASS why=locked
mid_scale arm=locked step=800 seed=0 concept+=+1.0000 concept-=+1.0000 id0=+0.9991 id_mid=+0.9914 scales=[-1.0, 0.0, 0.5, 1.0] gate=PASS why=locked
{"event": "DONE", "candidate": "transfer_g01_p02", "task": "mid_scale_identity", "status": "PASS", "live": {"concept_cos_plus": 0.9999847412109375, "concept_cos_minus": 0.9999985694885254, "concept_mag_plus": 1.006785273551941, "concept_mag_minus": 0.9936935901641846, "identity_at_0": 0.999093467575138, "identity_at_mid": 0.9914040352172587}, "seconds": 7.91257843200583, "error": null}
{"event": "START", "candidate": "transfer_g01_p02", "task": "mode_hold", "tier": "required", "phase": "fit"}
{"event": "DONE", "candidate": "transfer_g01_p02", "task": "mode_hold", "status": "FAIL", "live": {"modes": 7, "hq": 0.909912109375}, "seconds": 7.960386274964549, "error": null}
{"event": "START", "candidate": "transfer_g01_p03", "task": "two_pole", "tier": "required", "phase": "fit"}
{"event": "DONE", "candidate": "transfer_g01_p03", "task": "two_pole", "status": "PASS", "live": {"mean_abs": 0.3649378716945648, "grad_med": 0.4130115509033203}, "seconds": 0.160617258050479, "error": null}
{"event": "START", "candidate": "transfer_g01_p03", "task": "trajectory", "tier": "required", "phase": "fit"}
{"event": "DONE", "candidate": "transfer_g01_p03", "task": "trajectory", "status": "FAIL", "live": {"identity_mse": 0.239895299077034}, "seconds": 1.505254618008621, "error": null}
{"event": "START", "candidate": "transfer_g01_p03", "task": "residual_student", "tier": "required", "phase": "fit"}
{"event": "DONE", "candidate": "transfer_g01_p03", "task": "residual_student", "status": "PASS", "live": {"identity_mse": 1.3800344277115073e-05, "success_rate": 1.0, "wrong_pad_rate": 0.0}, "seconds": 1.7054037019843236, "error": null}
{"event": "START", "candidate": "transfer_g01_p03", "task": "unipolar", "tier": "required", "phase": "fit"}
unipolar_dir arm=locked_rpgan step=1/400 cover=0.0129 leak=0.3214 neu_hold=0.9914 cos_plus=+0.5669 hit=FAIL
unipolar_dir arm=locked_rpgan step=50/400 cover=0.6558 leak=0.0006 neu_hold=0.8279 cos_plus=+0.9997 hit=FAIL
unipolar_dir arm=locked_rpgan step=100/400 cover=0.9790 leak=0.0000 neu_hold=0.8372 cos_plus=+1.0000 hit=FAIL
unipolar_dir arm=locked_rpgan step=150/400 cover=0.9918 leak=0.0000 neu_hold=0.9722 cos_plus=+1.0000 hit=PASS
unipolar_dir arm=locked_rpgan step=200/400 cover=0.9112 leak=0.0010 neu_hold=0.9265 cos_plus=+0.9995 hit=PASS
unipolar_dir arm=locked_rpgan step=250/400 cover=0.9660 leak=0.0001 neu_hold=0.9464 cos_plus=+0.9989 hit=PASS
unipolar_dir arm=locked_rpgan step=300/400 cover=0.9759 leak=0.0000 neu_hold=0.9508 cos_plus=+0.9999 hit=PASS
unipolar_dir arm=locked_rpgan step=350/400 cover=0.9771 leak=0.0002 neu_hold=0.9633 cos_plus=+0.9996 hit=PASS
unipolar_dir arm=locked_rpgan step=400/400 cover=0.9486 leak=0.0000 neu_hold=0.9550 cos_plus=+0.9999 hit=PASS
unipolar_dir arm=locked_rpgan step=400 seed=0 cover=0.9486 leak=0.0000 neu_hold=0.9550 cos_plus=+0.9999 hit=PASS
{"event": "DONE", "candidate": "transfer_g01_p03", "task": "unipolar", "status": "PASS", "live": {"cover": 0.948596686039167, "off_caption": 4.8321653744142005e-05, "neu_hold": 0.9550364539027214}, "seconds": 1.8707585469819605, "error": null}
{"event": "START", "candidate": "transfer_g01_p03", "task": "ae_gan_hold", "tier": "required", "phase": "fit"}
ae-gan-hold arm=smart_descent step=0 recon=1.2815 hold=1.4373 phase=init
ae-gan-hold arm=smart_descent step=1 recon=1.2651 hold=1.4028 loss=4.2070
ae-gan-hold arm=smart_descent step=50 recon=0.0841 hold=0.0101 loss=1.0580
ae-gan-hold arm=smart_descent step=100 recon=0.0042 hold=0.0110 loss=1.0928
ae-gan-hold arm=smart_descent step=150 recon=0.0114 hold=0.0175 loss=0.8807
ae-gan-hold arm=smart_descent step=200 recon=0.0128 hold=0.0050 loss=0.7031
{"event": "DONE", "candidate": "transfer_g01_p03", "task": "ae_gan_hold", "status": "PASS", "live": {"recon_mse": 0.013185746036469936, "hold": 0.001725989393889904}, "seconds": 0.9115252019837499, "error": null}
{"event": "START", "candidate": "transfer_g01_p03", "task": "cover_leftover", "tier": "required", "phase": "fit"}
cover_leftover start arm=locked steps=800 seed=0 teacher=faithful_guard_e cover=1.5 penalty_coeff=3.0 kappa=1.2 fm=0.0 n_particles=12
cover_leftover arm=locked step=1/800 d=0.7237 g=1.7439 cap=0.0000 u_kept=0.009 content=0.000 leak=0.000 err=0.749 covered=0
cover_leftover arm=locked step=50/800 d=0.4719 g=1.6046 cap=0.0000 u_kept=0.233 content=0.351 leak=0.126 err=0.558 covered=0
cover_leftover arm=locked step=100/800 d=0.6043 g=1.0891 cap=0.0000 u_kept=0.445 content=0.623 leak=0.023 err=0.406 covered=0
cover_leftover arm=locked step=150/800 d=0.6745 g=0.8673 cap=0.0000 u_kept=0.598 content=0.768 leak=0.024 err=0.309 covered=0
cover_leftover arm=locked step=200/800 d=0.7091 g=0.8032 cap=0.0000 u_kept=0.605 content=0.843 leak=0.002 err=0.266 covered=0
cover_leftover arm=locked step=250/800 d=0.6901 g=0.7650 cap=0.0000 u_kept=0.706 content=0.932 leak=0.003 err=0.199 covered=1
cover_leftover arm=locked step=300/800 d=0.6919 g=0.7322 cap=0.0000 u_kept=0.778 content=0.973 leak=0.009 err=0.148 covered=1
cover_leftover arm=locked step=350/800 d=0.6954 g=0.7142 cap=0.0000 u_kept=0.833 content=0.993 leak=0.002 err=0.110 covered=1
cover_leftover arm=locked step=400/800 d=0.6934 g=0.7013 cap=0.0000 u_kept=0.893 content=1.004 leak=0.000 err=0.071 covered=1
cover_leftover arm=locked step=450/800 d=0.6996 g=0.6965 cap=0.0000 u_kept=0.940 content=0.988 leak=0.003 err=0.049 covered=1
cover_leftover arm=locked step=500/800 d=0.6937 g=0.6941 cap=0.0000 u_kept=0.981 content=1.031 leak=0.009 err=0.024 covered=1
cover_leftover arm=locked step=550/800 d=0.6939 g=0.6939 cap=0.0000 u_kept=0.985 content=0.989 leak=0.006 err=0.014 covered=1
cover_leftover arm=locked step=600/800 d=0.6923 g=0.6946 cap=0.0000 u_kept=0.993 content=1.008 leak=0.003 err=0.009 covered=1
cover_leftover arm=locked step=650/800 d=0.6933 g=0.6939 cap=0.0000 u_kept=0.986 content=0.984 leak=0.004 err=0.011 covered=1
cover_leftover arm=locked step=700/800 d=0.6951 g=0.6938 cap=0.0000 u_kept=0.999 content=1.002 leak=0.000 err=0.007 covered=1
cover_leftover arm=locked step=750/800 d=0.6923 g=0.6945 cap=0.0000 u_kept=0.999 content=0.995 leak=0.003 err=0.010 covered=1
cover_leftover arm=locked step=800/800 d=0.6939 g=0.6937 cap=0.0000 u_kept=1.000 content=1.009 leak=0.005 err=0.005 covered=1
cover_leftover DONE arm=locked pass=1 reasons=none u_kept=0.940 content=0.967 leak=0.000 err=0.043 same_dir=0.001 particle_rms=0.062
{"event": "DONE", "candidate": "transfer_g01_p03", "task": "cover_leftover", "status": "PASS", "live": {"u_kept": 1.000322331915722, "content_kept": 1.0092796879108348, "leak_ratio": 0.004805292728288834, "pole_rel_err_plus": 0.004674891941249371, "pole_rel_err_minus": 0.003872937522828579, "same_dir": 0.003409105478635268}, "seconds": 3.958741863956675, "error": null}
{"event": "START", "candidate": "transfer_g01_p03", "task": "unused_token_hold", "tier": "required", "phase": "fit"}
unused-token arm=smart_descent step=1 hold=0.9939 concept=0.0000 unused_dist=0.0061
unused-token arm=smart_descent step=50 hold=0.9865 concept=0.5490 unused_dist=0.0135
unused-token arm=smart_descent step=100 hold=0.9891 concept=0.9734 unused_dist=0.0109
unused-token arm=smart_descent step=150 hold=0.9961 concept=0.8749 unused_dist=0.0039
unused-token arm=smart_descent step=200 hold=0.9914 concept=0.9825 unused_dist=0.0086
{"event": "DONE", "candidate": "transfer_g01_p03", "task": "unused_token_hold", "status": "PASS", "live": {"unused_hold": 0.9913821313530207, "concept_move": 0.9825198934750432}, "seconds": 0.4152908680262044, "error": null}
{"event": "START", "candidate": "transfer_g01_p03", "task": "mid_scale_identity", "tier": "required", "phase": "fit"}
mid_scale arm=locked step=1 seed=0 concept+=+0.5774 concept-=+0.0000 id0=+0.0078 id_mid=+0.0235 scales=[-1.0, 0.0, 0.5, 1.0] gate=FAIL why=concept,identity_0,identity_mid
mid_scale arm=locked step=50 seed=0 concept+=+0.8996 concept-=+0.3522 id0=+0.4080 id_mid=+0.9701 scales=[-1.0, 0.0, 0.5, 1.0] gate=FAIL why=concept,identity_0
mid_scale arm=locked step=100 seed=0 concept+=+0.9483 concept-=+0.7684 id0=+0.5897 id_mid=+0.7505 scales=[-1.0, 0.0, 0.5, 1.0] gate=FAIL why=concept,identity_0,identity_mid
mid_scale arm=locked step=150 seed=0 concept+=+0.9845 concept-=+0.9265 id0=+0.6419 id_mid=+0.8853 scales=[-1.0, 0.0, 0.5, 1.0] gate=FAIL why=concept,identity_0
mid_scale arm=locked step=200 seed=0 concept+=+0.9898 concept-=+0.9841 id0=+0.7630 id_mid=+0.9720 scales=[-1.0, 0.0, 0.5, 1.0] gate=FAIL why=identity_0
mid_scale arm=locked step=250 seed=0 concept+=+0.9990 concept-=+0.9974 id0=+0.8913 id_mid=+0.9741 scales=[-1.0, 0.0, 0.5, 1.0] gate=PASS why=locked
mid_scale arm=locked step=300 seed=0 concept+=+0.9996 concept-=+0.9998 id0=+0.9978 id_mid=+0.9949 scales=[-1.0, 0.0, 0.5, 1.0] gate=PASS why=locked
mid_scale arm=locked step=350 seed=0 concept+=+0.9986 concept-=+0.9999 id0=+0.9774 id_mid=+0.9070 scales=[-1.0, 0.0, 0.5, 1.0] gate=PASS why=locked
mid_scale arm=locked step=400 seed=0 concept+=+0.9996 concept-=+1.0000 id0=+0.9994 id_mid=+0.9958 scales=[-1.0, 0.0, 0.5, 1.0] gate=PASS why=locked
mid_scale arm=locked step=450 seed=0 concept+=+0.9997 concept-=+0.9997 id0=+0.9770 id_mid=+0.9972 scales=[-1.0, 0.0, 0.5, 1.0] gate=PASS why=locked
mid_scale arm=locked step=500 seed=0 concept+=+1.0000 concept-=+0.9998 id0=+0.9840 id_mid=+0.9927 scales=[-1.0, 0.0, 0.5, 1.0] gate=PASS why=locked
mid_scale arm=locked step=550 seed=0 concept+=+0.9999 concept-=+1.0000 id0=+0.9905 id_mid=+0.9853 scales=[-1.0, 0.0, 0.5, 1.0] gate=PASS why=locked
mid_scale arm=locked step=600 seed=0 concept+=+0.9999 concept-=+0.9999 id0=+0.9845 id_mid=+0.9999 scales=[-1.0, 0.0, 0.5, 1.0] gate=PASS why=locked
mid_scale arm=locked step=650 seed=0 concept+=+1.0000 concept-=+1.0000 id0=+0.9906 id_mid=+0.9885 scales=[-1.0, 0.0, 0.5, 1.0] gate=PASS why=locked
mid_scale arm=locked step=700 seed=0 concept+=+1.0000 concept-=+1.0000 id0=+0.9994 id_mid=+0.9990 scales=[-1.0, 0.0, 0.5, 1.0] gate=PASS why=locked
mid_scale arm=locked step=750 seed=0 concept+=+1.0000 concept-=+1.0000 id0=+0.9988 id_mid=+0.9892 scales=[-1.0, 0.0, 0.5, 1.0] gate=PASS why=locked
mid_scale arm=locked step=800 seed=0 concept+=+1.0000 concept-=+1.0000 id0=+0.9987 id_mid=+0.9884 scales=[-1.0, 0.0, 0.5, 1.0] gate=PASS why=locked
mid_scale arm=locked step=800 seed=0 concept+=+1.0000 concept-=+1.0000 id0=+0.9987 id_mid=+0.9884 scales=[-1.0, 0.0, 0.5, 1.0] gate=PASS why=locked
{"event": "DONE", "candidate": "transfer_g01_p03", "task": "mid_scale_identity", "status": "PASS", "live": {"concept_cos_plus": 0.9999589920043945, "concept_cos_minus": 0.9999998807907104, "concept_mag_plus": 1.0114103555679321, "concept_mag_minus": 0.9851874709129333, "identity_at_0": 0.9986661564751701, "identity_at_mid": 0.9884106900759421}, "seconds": 7.948772925999947, "error": null}
{"event": "START", "candidate": "transfer_g01_p03", "task": "mode_hold", "tier": "required", "phase": "fit"}
{"event": "DONE", "candidate": "transfer_g01_p03", "task": "mode_hold", "status": "FAIL", "live": {"modes": 7, "hq": 0.92333984375}, "seconds": 9.476106600021012, "error": null}
{"event": "START", "candidate": "transfer_g01_p04", "task": "two_pole", "tier": "required", "phase": "fit"}
{"event": "DONE", "candidate": "transfer_g01_p04", "task": "two_pole", "status": "PASS", "live": {"mean_abs": 0.36462584137916565, "grad_med": 0.4125225245952606}, "seconds": 0.18133639905136079, "error": null}
{"event": "START", "candidate": "transfer_g01_p04", "task": "trajectory", "tier": "required", "phase": "fit"}
{"event": "DONE", "candidate": "transfer_g01_p04", "task": "trajectory", "status": "PASS", "live": {"identity_mse": 3.171208663843572e-05}, "seconds": 1.4810930259991437, "error": null}
{"event": "START", "candidate": "transfer_g01_p04", "task": "residual_student", "tier": "required", "phase": "fit"}
{"event": "DONE", "candidate": "transfer_g01_p04", "task": "residual_student", "status": "PASS", "live": {"identity_mse": 1.4223340258467942e-05, "success_rate": 1.0, "wrong_pad_rate": 0.0}, "seconds": 1.604904118925333, "error": null}
{"event": "START", "candidate": "transfer_g01_p04", "task": "unipolar", "tier": "required", "phase": "fit"}
unipolar_dir arm=locked_rpgan step=1/400 cover=0.0129 leak=0.3214 neu_hold=0.9914 cos_plus=+0.5669 hit=FAIL
unipolar_dir arm=locked_rpgan step=50/400 cover=0.6756 leak=0.0000 neu_hold=0.8246 cos_plus=+0.9992 hit=FAIL
unipolar_dir arm=locked_rpgan step=100/400 cover=0.9999 leak=0.0000 neu_hold=0.8488 cos_plus=+1.0000 hit=FAIL
unipolar_dir arm=locked_rpgan step=150/400 cover=0.9995 leak=0.0000 neu_hold=0.9712 cos_plus=+1.0000 hit=PASS
unipolar_dir arm=locked_rpgan step=200/400 cover=0.9179 leak=0.0004 neu_hold=0.9718 cos_plus=+0.9996 hit=PASS
unipolar_dir arm=locked_rpgan step=250/400 cover=0.9330 leak=0.0003 neu_hold=0.9457 cos_plus=+0.9998 hit=PASS
unipolar_dir arm=locked_rpgan step=300/400 cover=0.9910 leak=0.0000 neu_hold=0.9765 cos_plus=+0.9998 hit=PASS
unipolar_dir arm=locked_rpgan step=350/400 cover=0.9114 leak=0.0001 neu_hold=0.9584 cos_plus=+0.9997 hit=PASS
unipolar_dir arm=locked_rpgan step=400/400 cover=0.9169 leak=0.0002 neu_hold=0.9656 cos_plus=+0.9996 hit=PASS
unipolar_dir arm=locked_rpgan step=400 seed=0 cover=0.9169 leak=0.0002 neu_hold=0.9656 cos_plus=+0.9996 hit=PASS
{"event": "DONE", "candidate": "transfer_g01_p04", "task": "unipolar", "status": "PASS", "live": {"cover": 0.9169201988550952, "off_caption": 0.00017256726681167295, "neu_hold": 0.9656276106834412}, "seconds": 2.090366126038134, "error": null}
{"event": "START", "candidate": "transfer_g01_p04", "task": "ae_gan_hold", "tier": "required", "phase": "fit"}
ae-gan-hold arm=smart_descent step=0 recon=1.2815 hold=1.4373 phase=init
ae-gan-hold arm=smart_descent step=1 recon=1.2652 hold=1.4028 loss=4.2070
ae-gan-hold arm=smart_descent step=50 recon=0.0880 hold=0.0061 loss=1.0505
ae-gan-hold arm=smart_descent step=100 recon=0.0036 hold=0.0252 loss=1.0446
ae-gan-hold arm=smart_descent step=150 recon=0.0113 hold=0.0144 loss=0.8843
ae-gan-hold arm=smart_descent step=200 recon=0.0112 hold=0.0100 loss=0.6772
{"event": "DONE", "candidate": "transfer_g01_p04", "task": "ae_gan_hold", "status": "PASS", "live": {"recon_mse": 0.012061577290296555, "hold": 0.001652301987633109}, "seconds": 0.9489186900900677, "error": null}
{"event": "START", "candidate": "transfer_g01_p04", "task": "cover_leftover", "tier": "required", "phase": "fit"}
cover_leftover start arm=locked steps=800 seed=0 teacher=faithful_guard_e cover=1.5 penalty_coeff=3.0 kappa=1.2 fm=0.0 n_particles=12
cover_leftover arm=locked step=1/800 d=0.7237 g=1.7437 cap=0.0000 u_kept=0.009 content=0.000 leak=0.000 err=0.749 covered=0
cover_leftover arm=locked step=50/800 d=0.4137 g=1.5715 cap=0.0273 u_kept=0.230 content=0.379 leak=0.105 err=0.555 covered=0
cover_leftover arm=locked step=100/800 d=0.6249 g=1.0637 cap=0.0000 u_kept=0.457 content=0.598 leak=0.020 err=0.411 covered=0
cover_leftover arm=locked step=150/800 d=0.6794 g=0.8618 cap=0.0000 u_kept=0.591 content=0.798 leak=0.014 err=0.307 covered=0
cover_leftover arm=locked step=200/800 d=0.6898 g=0.8148 cap=0.0000 u_kept=0.613 content=0.856 leak=0.021 err=0.261 covered=0
cover_leftover arm=locked step=250/800 d=0.6915 g=0.7651 cap=0.0000 u_kept=0.700 content=0.926 leak=0.001 err=0.201 covered=0
cover_leftover arm=locked step=300/800 d=0.6929 g=0.7339 cap=0.0000 u_kept=0.774 content=0.964 leak=0.008 err=0.155 covered=1
cover_leftover arm=locked step=350/800 d=0.6957 g=0.7131 cap=0.0000 u_kept=0.830 content=0.983 leak=0.002 err=0.112 covered=1
cover_leftover arm=locked step=400/800 d=0.6940 g=0.7018 cap=0.0000 u_kept=0.890 content=0.998 leak=0.001 err=0.072 covered=1
cover_leftover arm=locked step=450/800 d=0.6987 g=0.6978 cap=0.0000 u_kept=0.943 content=0.986 leak=0.008 err=0.050 covered=1
cover_leftover arm=locked step=500/800 d=0.6935 g=0.6941 cap=0.0000 u_kept=0.981 content=1.026 leak=0.013 err=0.026 covered=1
cover_leftover arm=locked step=550/800 d=0.6937 g=0.6941 cap=0.0000 u_kept=0.983 content=0.995 leak=0.005 err=0.015 covered=1
cover_leftover arm=locked step=600/800 d=0.6924 g=0.6949 cap=0.0000 u_kept=0.992 content=1.008 leak=0.001 err=0.008 covered=1
cover_leftover arm=locked step=650/800 d=0.6927 g=0.6937 cap=0.0000 u_kept=0.986 content=0.984 leak=0.003 err=0.011 covered=1
cover_leftover arm=locked step=700/800 d=0.6943 g=0.6937 cap=0.0000 u_kept=1.001 content=1.003 leak=0.001 err=0.011 covered=1
cover_leftover arm=locked step=750/800 d=0.6924 g=0.6938 cap=0.0000 u_kept=0.998 content=0.989 leak=0.004 err=0.012 covered=1
cover_leftover arm=locked step=800/800 d=0.6933 g=0.6941 cap=0.0000 u_kept=0.998 content=1.007 leak=0.007 err=0.007 covered=1
cover_leftover DONE arm=locked pass=1 reasons=none u_kept=0.939 content=0.965 leak=0.000 err=0.044 same_dir=0.002 particle_rms=0.064
{"event": "DONE", "candidate": "transfer_g01_p04", "task": "cover_leftover", "status": "PASS", "live": {"u_kept": 0.9977002640136285, "content_kept": 1.0074808197642202, "leak_ratio": 0.0070201240490916205, "pole_rel_err_plus": 0.006536104250699282, "pole_rel_err_minus": 0.002739532385021448, "same_dir": 0.004151989413407843}, "seconds": 4.203214008943178, "error": null}
{"event": "START", "candidate": "transfer_g01_p04", "task": "unused_token_hold", "tier": "required", "phase": "fit"}
unused-token arm=smart_descent step=1 hold=0.9939 concept=0.0000 unused_dist=0.0061
unused-token arm=smart_descent step=50 hold=0.9865 concept=0.5584 unused_dist=0.0135
unused-token arm=smart_descent step=100 hold=0.9894 concept=0.9885 unused_dist=0.0106
unused-token arm=smart_descent step=150 hold=0.9952 concept=0.8835 unused_dist=0.0048
unused-token arm=smart_descent step=200 hold=0.9912 concept=0.9996 unused_dist=0.0088
{"event": "DONE", "candidate": "transfer_g01_p04", "task": "unused_token_hold", "status": "PASS", "live": {"unused_hold": 0.9911674428731203, "concept_move": 0.999599933719594}, "seconds": 0.40554012393113226, "error": null}
{"event": "START", "candidate": "transfer_g01_p04", "task": "mid_scale_identity", "tier": "required", "phase": "fit"}
mid_scale arm=locked step=1 seed=0 concept+=+0.5774 concept-=+0.0000 id0=+0.0078 id_mid=+0.0235 scales=[-1.0, 0.0, 0.5, 1.0] gate=FAIL why=concept,identity_0,identity_mid
mid_scale arm=locked step=50 seed=0 concept+=+0.8854 concept-=+0.4046 id0=+0.4105 id_mid=+0.9831 scales=[-1.0, 0.0, 0.5, 1.0] gate=FAIL why=concept,identity_0
mid_scale arm=locked step=100 seed=0 concept+=+0.9474 concept-=+0.7657 id0=+0.5928 id_mid=+0.7617 scales=[-1.0, 0.0, 0.5, 1.0] gate=FAIL why=concept,identity_0,identity_mid
mid_scale arm=locked step=150 seed=0 concept+=+0.9845 concept-=+0.9327 id0=+0.6393 id_mid=+0.9064 scales=[-1.0, 0.0, 0.5, 1.0] gate=FAIL why=concept,identity_0
mid_scale arm=locked step=200 seed=0 concept+=+0.9884 concept-=+0.9891 id0=+0.7614 id_mid=+0.9606 scales=[-1.0, 0.0, 0.5, 1.0] gate=FAIL why=identity_0
mid_scale arm=locked step=250 seed=0 concept+=+0.9985 concept-=+0.9982 id0=+0.9063 id_mid=+0.9740 scales=[-1.0, 0.0, 0.5, 1.0] gate=PASS why=locked
mid_scale arm=locked step=300 seed=0 concept+=+0.9997 concept-=+0.9998 id0=+0.9855 id_mid=+0.9659 scales=[-1.0, 0.0, 0.5, 1.0] gate=PASS why=locked
mid_scale arm=locked step=350 seed=0 concept+=+0.9996 concept-=+0.9994 id0=+0.9678 id_mid=+0.9243 scales=[-1.0, 0.0, 0.5, 1.0] gate=PASS why=locked
mid_scale arm=locked step=400 seed=0 concept+=+0.9996 concept-=+0.9999 id0=+0.9942 id_mid=+0.9489 scales=[-1.0, 0.0, 0.5, 1.0] gate=PASS why=locked
mid_scale arm=locked step=450 seed=0 concept+=+0.9999 concept-=+0.9999 id0=+0.9909 id_mid=+0.9955 scales=[-1.0, 0.0, 0.5, 1.0] gate=PASS why=locked
mid_scale arm=locked step=500 seed=0 concept+=+0.9997 concept-=+0.9999 id0=+0.9816 id_mid=+0.9991 scales=[-1.0, 0.0, 0.5, 1.0] gate=PASS why=locked
mid_scale arm=locked step=550 seed=0 concept+=+0.9999 concept-=+0.9999 id0=+0.9979 id_mid=+0.9881 scales=[-1.0, 0.0, 0.5, 1.0] gate=PASS why=locked
mid_scale arm=locked step=600 seed=0 concept+=+0.9997 concept-=+1.0000 id0=+0.9934 id_mid=+0.9700 scales=[-1.0, 0.0, 0.5, 1.0] gate=PASS why=locked
mid_scale arm=locked step=650 seed=0 concept+=+0.9998 concept-=+1.0000 id0=+0.9937 id_mid=+0.9988 scales=[-1.0, 0.0, 0.5, 1.0] gate=PASS why=locked
mid_scale arm=locked step=700 seed=0 concept+=+1.0000 concept-=+1.0000 id0=+0.9996 id_mid=+0.9897 scales=[-1.0, 0.0, 0.5, 1.0] gate=PASS why=locked
mid_scale arm=locked step=750 seed=0 concept+=+1.0000 concept-=+1.0000 id0=+0.9954 id_mid=+0.9893 scales=[-1.0, 0.0, 0.5, 1.0] gate=PASS why=locked
mid_scale arm=locked step=800 seed=0 concept+=+0.9999 concept-=+1.0000 id0=+0.9933 id_mid=+0.9924 scales=[-1.0, 0.0, 0.5, 1.0] gate=PASS why=locked
mid_scale arm=locked step=800 seed=0 concept+=+0.9999 concept-=+1.0000 id0=+0.9933 id_mid=+0.9924 scales=[-1.0, 0.0, 0.5, 1.0] gate=PASS why=locked
{"event": "DONE", "candidate": "transfer_g01_p04", "task": "mid_scale_identity", "status": "PASS", "live": {"concept_cos_plus": 0.9999468326568604, "concept_cos_minus": 0.9999836087226868, "concept_mag_plus": 1.0018481016159058, "concept_mag_minus": 0.9918924570083618, "identity_at_0": 0.9933472549315685, "identity_at_mid": 0.9923829601896172}, "seconds": 7.697653388953768, "error": null}
{"event": "START", "candidate": "transfer_g01_p04", "task": "mode_hold", "tier": "required", "phase": "fit"}
{"event": "DONE", "candidate": "transfer_g01_p04", "task": "mode_hold", "status": "PASS", "live": {"modes": 8, "hq": 1.0}, "seconds": 12.848265111097135, "error": null}
{"event": "START", "candidate": "transfer_g01_p04", "task": "vector_two_broad", "tier": "ranking", "phase": "fit"}
{"event": "DONE", "candidate": "transfer_g01_p04", "task": "vector_two_broad", "status": "PASS", "live": {"sw1_normalized": 0.07831147122754588, "mean_error": 0.09869890660047531, "covariance_error": 0.1273878514766693, "target_scale": 1.0555585622787476, "sample_count": 4096, "mass_tv": 0.0244140625, "min_mass_ratio": 0.951171875, "hq": 0.989990234375, "component_covariance_error": 0.3347127288579941, "component_covariance_errors": [0.30469948053359985, 0.3647259771823883], "component_min_eigen_ratio": 0.485813707113266, "component_mass": [0.4755859375, 0.5244140625], "target_mass": [0.5, 0.5], "component_counts": [1948, 2148]}, "seconds": 10.079402168979868, "error": null}
{"event": "START", "candidate": "transfer_g01_p04", "task": "vector_unequal_mass", "tier": "ranking", "phase": "fit"}
{"event": "DONE", "candidate": "transfer_g01_p04", "task": "vector_unequal_mass", "status": "FAIL", "live": {"sw1_normalized": 0.11218284425908767, "mean_error": 0.11071816831827164, "covariance_error": 0.22554084658622742, "target_scale": 1.7593294382095337, "sample_count": 4096, "mass_tv": 0.08295898884534836, "min_mass_ratio": 0.8491654396057129, "hq": 0.951904296875, "component_covariance_error": 3.1792552173137665, "component_covariance_errors": [3.124690532684326, 1.7063068151474, 5.7666826248168945, 2.1193408966064453], "component_min_eigen_ratio": 0.061324745416641235, "component_mass": [0.467041015625, 0.35302734375, 0.157470703125, 0.0224609375], "target_mass": [0.550000011920929, 0.30000001192092896, 0.12999999523162842, 0.019999999552965164], "component_counts": [1913, 1446, 645, 92]}, "seconds": 10.169175424962305, "error": null}
{"event": "START", "candidate": "transfer_g01_p04", "task": "vector_unequal_width", "tier": "ranking", "phase": "fit"}
{"event": "DONE", "candidate": "transfer_g01_p04", "task": "vector_unequal_width", "status": "FAIL", "live": {"sw1_normalized": 0.04780843289057208, "mean_error": 0.056949224323034286, "covariance_error": 0.08149323612451553, "target_scale": 2.1343955993652344, "sample_count": 4096, "mass_tv": 0.046630859375, "min_mass_ratio": 0.8828125, "hq": 0.960693359375, "component_covariance_error": 5.282557364553213, "component_covariance_errors": [0.4979456067085266, 20.244590759277344, 0.13550622761249542, 0.2521868646144867], "component_min_eigen_ratio": 0.340824156999588, "component_mass": [0.279052734375, 0.232666015625, 0.267578125, 0.220703125], "target_mass": [0.25, 0.25, 0.25, 0.25], "component_counts": [1143, 953, 1096, 904]}, "seconds": 9.541175531107001, "error": null}
{"event": "START", "candidate": "transfer_g01_p04", "task": "vector_anisotropic", "tier": "ranking", "phase": "fit"}
{"event": "DONE", "candidate": "transfer_g01_p04", "task": "vector_anisotropic", "status": "FAIL", "live": {"sw1_normalized": 0.15602950554808387, "mean_error": 0.20880329608917236, "covariance_error": 0.1514088660478592, "target_scale": 2.032285690307617, "sample_count": 4096, "mass_tv": 0.1317545622587204, "min_mass_ratio": 0.7294921875, "hq": 0.98974609375, "component_covariance_error": 0.8049567428727945, "component_covariance_errors": [0.04289146140217781, 2.249224901199341, 0.12275386601686478], "component_min_eigen_ratio": 0.7651007771492004, "component_mass": [0.291748046875, 0.2431640625, 0.465087890625], "target_mass": [0.3333333432674408, 0.3333333432674408, 0.3333333432674408], "component_counts": [1195, 996, 1905]}, "seconds": 10.349818842019886, "error": null}
{"event": "START", "candidate": "transfer_g01_p04", "task": "vector_overlap", "tier": "ranking", "phase": "fit"}
{"event": "DONE", "candidate": "transfer_g01_p04", "task": "vector_overlap", "status": "FAIL", "live": {"sw1_normalized": 0.0740026673827363, "mean_error": 0.0580323226749897, "covariance_error": 0.19747057557106018, "target_scale": 0.8501437306404114, "sample_count": 4096}, "seconds": 10.241645593079738, "error": null}
{"event": "START", "candidate": "transfer_g01_p04", "task": "vector_narrow", "tier": "diagnostic", "phase": "fit"}
{"event": "DONE", "candidate": "transfer_g01_p04", "task": "vector_narrow", "status": "FAIL", "live": {"sw1_normalized": 0.35073555558704433, "mean_error": 0.4422450661659241, "covariance_error": 0.8829136490821838, "target_scale": 2.1200308799743652, "sample_count": 4096, "mass_tv": 0.17626953125, "min_mass_ratio": 0.6669921875, "hq": 0.52392578125, "component_covariance_error": 1009.5630035400391, "component_covariance_errors": [269.10797119140625, 1268.78125, 1242.3123779296875, 1258.0504150390625], "component_min_eigen_ratio": 35.23774719238281, "component_mass": [0.166748046875, 0.22265625, 0.42626953125, 0.184326171875], "target_mass": [0.25, 0.25, 0.25, 0.25], "component_counts": [683, 912, 1746, 755]}, "seconds": 14.779781996970996, "error": null}
{"event": "START", "candidate": "transfer_g01_p04", "task": "vector_scale_drift", "tier": "diagnostic", "phase": "fit"}
{"event": "DONE", "candidate": "transfer_g01_p04", "task": "vector_scale_drift", "status": "PASS", "live": {"sw1_normalized": 0.0313113314145992, "mean_error": 0.01546725258231163, "covariance_error": 0.030286790803074837, "target_scale": 1.644848108291626, "sample_count": 4096, "mass_tv": 0.0087890625, "min_mass_ratio": 0.982421875, "hq": 0.976806640625, "component_covariance_error": 0.3412731885910034, "component_covariance_errors": [0.3242681622505188, 0.35827821493148804], "component_min_eigen_ratio": 0.7132973074913025, "component_mass": [0.5087890625, 0.4912109375], "target_mass": [0.5, 0.5], "component_counts": [2084, 2012]}, "seconds": 12.070872055948712, "error": null}
{"event": "START", "candidate": "transfer_g01_p04", "task": "vector_spiral", "tier": "ranking", "phase": "fit"}
{"event": "DONE", "candidate": "transfer_g01_p04", "task": "vector_spiral", "status": "PASS", "live": {"sw1_normalized": 0.039946986742723574, "mean_error": 0.046316079795360565, "covariance_error": 0.03121744841337204, "target_scale": 1.224178433418274, "sample_count": 4096}, "seconds": 12.570113362045959, "error": null}
{"event": "START", "candidate": "transfer_g01_p04", "task": "stress_fast_critic", "tier": "ranking", "phase": "fit"}
{"event": "DONE", "candidate": "transfer_g01_p04", "task": "stress_fast_critic", "status": "FAIL", "live": {"sw1_normalized": 0.07086259974186443, "mean_error": 0.014942847192287445, "covariance_error": 0.0637870505452156, "target_scale": 3.004528284072876, "sample_count": 4096, "mass_tv": 0.184814453125, "min_mass_ratio": 0.44921875, "hq": 0.95263671875, "component_covariance_error": 6.456243140622973, "component_covariance_errors": [2.0814120769500732, 0.08630625903606415, 0.3288251757621765, 5.651390075683594, 11.308798789978027, 2.1162006855010986, 19.24984359741211, 10.827168464660645], "component_min_eigen_ratio": 0.6845268607139587, "component_mass": [0.19189453125, 0.074462890625, 0.170654296875, 0.107177734375, 0.08642578125, 0.197265625, 0.115966796875, 0.05615234375], "target_mass": [0.125, 0.125, 0.125, 0.125, 0.125, 0.125, 0.125, 0.125], "component_counts": [786, 305, 699, 439, 354, 808, 475, 230]}, "seconds": 10.755318836076185, "error": null}
{"event": "START", "candidate": "transfer_g01_p04", "task": "stress_slow_critic", "tier": "ranking", "phase": "fit"}
{"event": "DONE", "candidate": "transfer_g01_p04", "task": "stress_slow_critic", "status": "FAIL", "live": {"sw1_normalized": 0.09705749844963917, "mean_error": 0.08323832601308823, "covariance_error": 0.16120436787605286, "target_scale": 3.004528284072876, "sample_count": 4096, "mass_tv": 0.141357421875, "min_mass_ratio": 0.423828125, "hq": 0.752197265625, "component_covariance_error": 25.011075913906097, "component_covariance_errors": [56.120601654052734, 39.27191162109375, 8.373604774475098, 14.532772064208984, 12.999438285827637, 4.345632076263428, 36.832008361816406, 27.612638473510742], "component_min_eigen_ratio": 0.7647004723548889, "component_mass": [0.159423828125, 0.052978515625, 0.1923828125, 0.104248046875, 0.1064453125, 0.094970703125, 0.12890625, 0.16064453125], "target_mass": [0.125, 0.125, 0.125, 0.125, 0.125, 0.125, 0.125, 0.125], "component_counts": [653, 217, 788, 427, 436, 389, 528, 658]}, "seconds": 10.18600314995274, "error": null}
{"event": "START", "candidate": "transfer_g01_p04", "task": "stress_small_batch", "tier": "ranking", "phase": "fit"}
{"event": "DONE", "candidate": "transfer_g01_p04", "task": "stress_small_batch", "status": "FAIL", "live": {"sw1_normalized": 0.07536902158840271, "mean_error": 0.006537477020174265, "covariance_error": 0.17893517017364502, "target_scale": 3.004528284072876, "sample_count": 4096, "mass_tv": 0.125244140625, "min_mass_ratio": 0.568359375, "hq": 0.8076171875, "component_covariance_error": 20.36249404400587, "component_covariance_errors": [35.92333984375, 13.629692077636719, 0.9717709422111511, 11.006429672241211, 3.086324453353882, 38.10698318481445, 44.22917175292969, 15.946240425109863], "component_min_eigen_ratio": 0.9271047711372375, "component_mass": [0.122314453125, 0.17041015625, 0.107666015625, 0.071044921875, 0.204833984375, 0.1162109375, 0.103759765625, 0.103759765625], "target_mass": [0.125, 0.125, 0.125, 0.125, 0.125, 0.125, 0.125, 0.125], "component_counts": [501, 698, 441, 291, 839, 476, 425, 425]}, "seconds": 8.709235775982961, "error": null}
{"event": "START", "candidate": "transfer_g01_p04", "task": "stress_large_critic", "tier": "ranking", "phase": "fit"}
{"event": "DONE", "candidate": "transfer_g01_p04", "task": "stress_large_critic", "status": "FAIL", "live": {"sw1_normalized": 0.1971909802525888, "mean_error": 0.262103796005249, "covariance_error": 0.3668708801269531, "target_scale": 3.004528284072876, "sample_count": 4096, "mass_tv": 0.265625, "min_mass_ratio": 0.306640625, "hq": 0.8564453125, "component_covariance_error": 16.162431560456753, "component_covariance_errors": [16.100914001464844, 0.5444008708000183, 38.53549575805664, 4.326889991760254, 9.524798393249512, 17.279664993286133, 9.258147239685059, 33.72914123535156], "component_min_eigen_ratio": 0.2831915318965912, "component_mass": [0.038330078125, 0.05908203125, 0.0966796875, 0.114990234375, 0.167236328125, 0.05029296875, 0.213134765625, 0.26025390625], "target_mass": [0.125, 0.125, 0.125, 0.125, 0.125, 0.125, 0.125, 0.125], "component_counts": [157, 242, 396, 471, 685, 206, 873, 1066]}, "seconds": 11.059869103948586, "error": null}
{"event": "START", "candidate": "transfer_g01_p04", "task": "stress_long_horizon", "tier": "ranking", "phase": "fit"}
{"event": "DONE", "candidate": "transfer_g01_p04", "task": "stress_long_horizon", "status": "FAIL", "live": {"sw1_normalized": 0.08072246319108103, "mean_error": 0.09714146703481674, "covariance_error": 0.12133121490478516, "target_scale": 3.004528284072876, "sample_count": 4096, "mass_tv": 0.079833984375, "min_mass_ratio": 0.8046875, "hq": 0.943115234375, "component_covariance_error": 6.772399848327041, "component_covariance_errors": [18.06719970703125, 2.8787167072296143, 2.888765335083008, 0.24465174973011017, 15.321677207946777, 0.24528488516807556, 9.159825325012207, 5.373077869415283], "component_min_eigen_ratio": 0.5654592514038086, "component_mass": [0.1005859375, 0.10791015625, 0.132568359375, 0.17333984375, 0.14892578125, 0.110595703125, 0.108154296875, 0.117919921875], "target_mass": [0.125, 0.125, 0.125, 0.125, 0.125, 0.125, 0.125, 0.125], "component_counts": [412, 442, 543, 710, 610, 453, 443, 483]}, "seconds": 16.861377294990234, "error": null}
{"event": "START", "candidate": "transfer_g01_p04", "task": "stress_r1_r2", "tier": "ranking", "phase": "fit"}
{"event": "DONE", "candidate": "transfer_g01_p04", "task": "stress_r1_r2", "status": "FAIL", "live": {"sw1_normalized": 0.07691820700917837, "mean_error": 0.03978510946035385, "covariance_error": 0.10761553049087524, "target_scale": 3.004528284072876, "sample_count": 4096, "mass_tv": 0.197021484375, "min_mass_ratio": 0.419921875, "hq": 0.874755859375, "component_covariance_error": 11.99483984708786, "component_covariance_errors": [7.25759220123291, 31.884408950805664, 12.71255874633789, 8.281556129455566, 12.158967971801758, 2.573866367340088, 18.407424926757812, 2.6823434829711914], "component_min_eigen_ratio": 0.9857829809188843, "component_mass": [0.15576171875, 0.066650390625, 0.225341796875, 0.052490234375, 0.1708984375, 0.0693359375, 0.14501953125, 0.114501953125], "target_mass": [0.125, 0.125, 0.125, 0.125, 0.125, 0.125, 0.125, 0.125], "component_counts": [638, 273, 923, 215, 700, 284, 594, 469]}, "seconds": 8.742025550105609, "error": null}
{"event": "START", "candidate": "transfer_g01_p04", "task": "stress_weak_critic", "tier": "diagnostic", "phase": "fit"}
{"event": "DONE", "candidate": "transfer_g01_p04", "task": "stress_weak_critic", "status": "FAIL", "live": {"sw1_normalized": 0.15612514536492697, "mean_error": 0.038614507764577866, "covariance_error": 0.19557584822177887, "target_scale": 3.004528284072876, "sample_count": 4096, "mass_tv": 0.358642578125, "min_mass_ratio": 0.044921875, "hq": 0.193359375, "component_covariance_error": 24.844247728586197, "component_covariance_errors": [5.925006866455078, 52.17332077026367, 1.0, 37.78517150878906, 40.477935791015625, 49.212955474853516, 3.5291483402252197, 8.650443077087402], "component_min_eigen_ratio": 0.0, "component_mass": [0.013427734375, 0.316162109375, 0.005615234375, 0.1025390625, 0.128662109375, 0.197998046875, 0.019775390625, 0.2158203125], "target_mass": [0.125, 0.125, 0.125, 0.125, 0.125, 0.125, 0.125, 0.125], "component_counts": [55, 1295, 23, 420, 527, 811, 81, 884]}, "seconds": 6.687805023044348, "error": null}
{"event": "START", "candidate": "transfer_g01_p04", "task": "stress_overlapping_data", "tier": "diagnostic", "phase": "fit"}
{"event": "DONE", "candidate": "transfer_g01_p04", "task": "stress_overlapping_data", "status": "PASS", "live": {"sw1_normalized": 0.039684015507773236, "mean_error": 0.031027058139443398, "covariance_error": 0.09669702500104904, "target_scale": 3.1175975799560547, "sample_count": 4096}, "seconds": 9.356288857990876, "error": null}
{"event": "START", "candidate": "transfer_g01_p05", "task": "two_pole", "tier": "required", "phase": "fit"}
{"event": "DONE", "candidate": "transfer_g01_p05", "task": "two_pole", "status": "PASS", "live": {"mean_abs": 0.35957303643226624, "grad_med": 0.4069119989871979}, "seconds": 0.24269594298675656, "error": null}
{"event": "START", "candidate": "transfer_g01_p05", "task": "trajectory", "tier": "required", "phase": "fit"}
{"event": "DONE", "candidate": "transfer_g01_p05", "task": "trajectory", "status": "PASS", "live": {"identity_mse": 1.4032418221177068e-05}, "seconds": 1.8568789049750194, "error": null}
{"event": "START", "candidate": "transfer_g01_p05", "task": "residual_student", "tier": "required", "phase": "fit"}
{"event": "DONE", "candidate": "transfer_g01_p05", "task": "residual_student", "status": "PASS", "live": {"identity_mse": 1.3592431059805676e-05, "success_rate": 1.0, "wrong_pad_rate": 0.0}, "seconds": 2.05936696997378, "error": null}
{"event": "START", "candidate": "transfer_g01_p05", "task": "unipolar", "tier": "required", "phase": "fit"}
unipolar_dir arm=locked_rpgan step=1/400 cover=0.0128 leak=0.3214 neu_hold=0.9915 cos_plus=+0.5669 hit=FAIL
unipolar_dir arm=locked_rpgan step=50/400 cover=0.6731 leak=0.0002 neu_hold=0.8178 cos_plus=+0.9994 hit=FAIL
unipolar_dir arm=locked_rpgan step=100/400 cover=0.9787 leak=0.0001 neu_hold=0.8366 cos_plus=+1.0000 hit=FAIL
unipolar_dir arm=locked_rpgan step=150/400 cover=0.9910 leak=0.0000 neu_hold=0.9734 cos_plus=+1.0000 hit=PASS
unipolar_dir arm=locked_rpgan step=200/400 cover=0.9139 leak=0.0003 neu_hold=0.9187 cos_plus=+0.9998 hit=PASS
unipolar_dir arm=locked_rpgan step=250/400 cover=0.9434 leak=0.0016 neu_hold=0.9587 cos_plus=+0.9990 hit=PASS
unipolar_dir arm=locked_rpgan step=300/400 cover=0.9283 leak=0.0008 neu_hold=0.9560 cos_plus=+0.9990 hit=PASS
unipolar_dir arm=locked_rpgan step=350/400 cover=0.9814 leak=0.0003 neu_hold=0.9653 cos_plus=+0.9990 hit=PASS
unipolar_dir arm=locked_rpgan step=400/400 cover=0.9658 leak=0.0000 neu_hold=0.9509 cos_plus=+0.9998 hit=PASS
unipolar_dir arm=locked_rpgan step=400 seed=0 cover=0.9658 leak=0.0000 neu_hold=0.9509 cos_plus=+0.9998 hit=PASS
{"event": "DONE", "candidate": "transfer_g01_p05", "task": "unipolar", "status": "PASS", "live": {"cover": 0.9658007661088419, "off_caption": 1.5060569211420582e-05, "neu_hold": 0.9509482085704803}, "seconds": 2.503273867070675, "error": null}
{"event": "START", "candidate": "transfer_g01_p05", "task": "ae_gan_hold", "tier": "required", "phase": "fit"}
ae-gan-hold arm=smart_descent step=0 recon=1.2815 hold=1.4373 phase=init
ae-gan-hold arm=smart_descent step=1 recon=1.2652 hold=1.4032 loss=4.2071
ae-gan-hold arm=smart_descent step=50 recon=0.0905 hold=0.0159 loss=1.0720
ae-gan-hold arm=smart_descent step=100 recon=0.0032 hold=0.0085 loss=1.0696
ae-gan-hold arm=smart_descent step=150 recon=0.0145 hold=0.0128 loss=0.8783
ae-gan-hold arm=smart_descent step=200 recon=0.0123 hold=0.0071 loss=0.6979
{"event": "DONE", "candidate": "transfer_g01_p05", "task": "ae_gan_hold", "status": "PASS", "live": {"recon_mse": 0.009796935133635998, "hold": 0.0022945585660636425}, "seconds": 1.3538889860501513, "error": null}
{"event": "START", "candidate": "transfer_g01_p05", "task": "cover_leftover", "tier": "required", "phase": "fit"}
cover_leftover start arm=locked steps=800 seed=0 teacher=faithful_guard_e cover=1.5 penalty_coeff=3.0 kappa=1.2 fm=0.0 n_particles=12
cover_leftover arm=locked step=1/800 d=0.7237 g=1.7445 cap=0.0000 u_kept=0.009 content=0.000 leak=0.000 err=0.749 covered=0
cover_leftover arm=locked step=50/800 d=0.4434 g=1.6794 cap=0.0000 u_kept=0.222 content=0.399 leak=0.128 err=0.559 covered=0
cover_leftover arm=locked step=100/800 d=0.6012 g=1.1052 cap=0.0000 u_kept=0.422 content=0.620 leak=0.003 err=0.406 covered=0
cover_leftover arm=locked step=150/800 d=0.6814 g=0.8710 cap=0.0000 u_kept=0.572 content=0.768 leak=0.019 err=0.305 covered=0
cover_leftover arm=locked step=200/800 d=0.6947 g=0.8161 cap=0.0000 u_kept=0.620 content=0.840 leak=0.003 err=0.266 covered=0
cover_leftover arm=locked step=250/800 d=0.6928 g=0.7703 cap=0.0000 u_kept=0.678 content=0.903 leak=0.001 err=0.215 covered=0
cover_leftover arm=locked step=300/800 d=0.6935 g=0.7357 cap=0.0000 u_kept=0.759 content=0.953 leak=0.006 err=0.160 covered=1
cover_leftover arm=locked step=350/800 d=0.6948 g=0.7180 cap=0.0000 u_kept=0.824 content=0.991 leak=0.005 err=0.116 covered=1
cover_leftover arm=locked step=400/800 d=0.6934 g=0.7021 cap=0.0000 u_kept=0.888 content=0.999 leak=0.003 err=0.074 covered=1
cover_leftover arm=locked step=450/800 d=0.6985 g=0.6961 cap=0.0000 u_kept=0.943 content=0.979 leak=0.011 err=0.053 covered=1
cover_leftover arm=locked step=500/800 d=0.6931 g=0.6952 cap=0.0000 u_kept=0.967 content=1.014 leak=0.014 err=0.029 covered=1
cover_leftover arm=locked step=550/800 d=0.6929 g=0.6942 cap=0.0000 u_kept=0.981 content=0.991 leak=0.007 err=0.015 covered=1
cover_leftover arm=locked step=600/800 d=0.6921 g=0.6951 cap=0.0000 u_kept=0.999 content=1.005 leak=0.001 err=0.006 covered=1
cover_leftover arm=locked step=650/800 d=0.6929 g=0.6934 cap=0.0000 u_kept=0.991 content=0.984 leak=0.003 err=0.010 covered=1
cover_leftover arm=locked step=700/800 d=0.6936 g=0.6940 cap=0.0000 u_kept=1.007 content=1.009 leak=0.004 err=0.008 covered=1
cover_leftover arm=locked step=750/800 d=0.6934 g=0.6931 cap=0.0000 u_kept=0.994 content=0.982 leak=0.006 err=0.009 covered=1
cover_leftover arm=locked step=800/800 d=0.6939 g=0.6942 cap=0.0000 u_kept=0.992 content=0.997 leak=0.004 err=0.008 covered=1
cover_leftover DONE arm=locked pass=1 reasons=none u_kept=0.936 content=0.964 leak=0.000 err=0.044 same_dir=0.001 particle_rms=0.065
{"event": "DONE", "candidate": "transfer_g01_p05", "task": "cover_leftover", "status": "PASS", "live": {"u_kept": 0.9917880197528351, "content_kept": 0.997419230792828, "leak_ratio": 0.0038823567129624074, "pole_rel_err_plus": 0.007943617179989815, "pole_rel_err_minus": 0.00265319412574172, "same_dir": 0.005823860060687592}, "seconds": 5.546606278046966, "error": null}
{"event": "START", "candidate": "transfer_g01_p05", "task": "unused_token_hold", "tier": "required", "phase": "fit"}
unused-token arm=smart_descent step=1 hold=0.9940 concept=0.0000 unused_dist=0.0060
unused-token arm=smart_descent step=50 hold=0.9865 concept=0.5661 unused_dist=0.0135
unused-token arm=smart_descent step=100 hold=0.9892 concept=0.9949 unused_dist=0.0108
unused-token arm=smart_descent step=150 hold=0.9944 concept=0.8848 unused_dist=0.0056
unused-token arm=smart_descent step=200 hold=0.9912 concept=0.9925 unused_dist=0.0088
{"event": "DONE", "candidate": "transfer_g01_p05", "task": "unused_token_hold", "status": "PASS", "live": {"unused_hold": 0.9912221375852823, "concept_move": 0.9925087585044352}, "seconds": 0.5681753259850666, "error": null}
{"event": "START", "candidate": "transfer_g01_p05", "task": "mid_scale_identity", "tier": "required", "phase": "fit"}
mid_scale arm=locked step=1 seed=0 concept+=+0.5774 concept-=+0.0000 id0=+0.0077 id_mid=+0.0232 scales=[-1.0, 0.0, 0.5, 1.0] gate=FAIL why=concept,identity_0,identity_mid
mid_scale arm=locked step=50 seed=0 concept+=+0.8753 concept-=+0.3966 id0=+0.4035 id_mid=+0.9856 scales=[-1.0, 0.0, 0.5, 1.0] gate=FAIL why=concept,identity_0
mid_scale arm=locked step=100 seed=0 concept+=+0.9433 concept-=+0.7797 id0=+0.5875 id_mid=+0.7746 scales=[-1.0, 0.0, 0.5, 1.0] gate=FAIL why=concept,identity_0,identity_mid
mid_scale arm=locked step=150 seed=0 concept+=+0.9728 concept-=+0.9393 id0=+0.6540 id_mid=+0.8103 scales=[-1.0, 0.0, 0.5, 1.0] gate=FAIL why=concept,identity_0,identity_mid
mid_scale arm=locked step=200 seed=0 concept+=+0.9932 concept-=+0.9756 id0=+0.7682 id_mid=+0.9630 scales=[-1.0, 0.0, 0.5, 1.0] gate=FAIL why=identity_0
mid_scale arm=locked step=250 seed=0 concept+=+0.9983 concept-=+0.9969 id0=+0.9063 id_mid=+0.9664 scales=[-1.0, 0.0, 0.5, 1.0] gate=PASS why=locked
mid_scale arm=locked step=300 seed=0 concept+=+0.9993 concept-=+0.9999 id0=+0.9963 id_mid=+0.9809 scales=[-1.0, 0.0, 0.5, 1.0] gate=PASS why=locked
mid_scale arm=locked step=350 seed=0 concept+=+0.9994 concept-=+0.9998 id0=+0.9765 id_mid=+0.9077 scales=[-1.0, 0.0, 0.5, 1.0] gate=PASS why=locked
mid_scale arm=locked step=400 seed=0 concept+=+0.9995 concept-=+0.9997 id0=+0.9878 id_mid=+0.9531 scales=[-1.0, 0.0, 0.5, 1.0] gate=PASS why=locked
mid_scale arm=locked step=450 seed=0 concept+=+0.9996 concept-=+0.9983 id0=+0.9581 id_mid=+0.9770 scales=[-1.0, 0.0, 0.5, 1.0] gate=PASS why=locked
mid_scale arm=locked step=500 seed=0 concept+=+0.9999 concept-=+0.9998 id0=+0.9870 id_mid=+0.9904 scales=[-1.0, 0.0, 0.5, 1.0] gate=PASS why=locked
mid_scale arm=locked step=550 seed=0 concept+=+0.9998 concept-=+0.9997 id0=+0.9672 id_mid=+0.9674 scales=[-1.0, 0.0, 0.5, 1.0] gate=PASS why=locked
mid_scale arm=locked step=600 seed=0 concept+=+0.9998 concept-=+0.9997 id0=+0.9765 id_mid=+0.9936 scales=[-1.0, 0.0, 0.5, 1.0] gate=PASS why=locked
mid_scale arm=locked step=650 seed=0 concept+=+1.0000 concept-=+1.0000 id0=+0.9969 id_mid=+0.9976 scales=[-1.0, 0.0, 0.5, 1.0] gate=PASS why=locked
mid_scale arm=locked step=700 seed=0 concept+=+1.0000 concept-=+0.9999 id0=+0.9839 id_mid=+0.9859 scales=[-1.0, 0.0, 0.5, 1.0] gate=PASS why=locked
mid_scale arm=locked step=750 seed=0 concept+=+1.0000 concept-=+0.9999 id0=+0.9918 id_mid=+0.9954 scales=[-1.0, 0.0, 0.5, 1.0] gate=PASS why=locked
mid_scale arm=locked step=800 seed=0 concept+=+1.0000 concept-=+1.0000 id0=+0.9985 id_mid=+0.9979 scales=[-1.0, 0.0, 0.5, 1.0] gate=PASS why=locked
mid_scale arm=locked step=800 seed=0 concept+=+1.0000 concept-=+1.0000 id0=+0.9985 id_mid=+0.9979 scales=[-1.0, 0.0, 0.5, 1.0] gate=PASS why=locked
{"event": "DONE", "candidate": "transfer_g01_p05", "task": "mid_scale_identity", "status": "PASS", "live": {"concept_cos_plus": 0.9999843239784241, "concept_cos_minus": 0.9999828338623047, "concept_mag_plus": 1.0035370588302612, "concept_mag_minus": 0.9980552792549133, "identity_at_0": 0.9985427206793641, "identity_at_mid": 0.9979323691411904}, "seconds": 9.972640848020092, "error": null}
{"event": "START", "candidate": "transfer_g01_p05", "task": "mode_hold", "tier": "required", "phase": "fit"}
{"event": "DONE", "candidate": "transfer_g01_p05", "task": "mode_hold", "status": "FAIL", "live": {"modes": 5, "hq": 0.834716796875}, "seconds": 12.536394497030415, "error": null}
{"event": "START", "candidate": "cosine", "task": "img_stripes2", "tier": "ranking", "phase": "validation"}
{"event": "DONE", "candidate": "cosine", "task": "img_stripes2", "status": "FAIL", "live": {"modes": 1, "hq": 1.0, "mean_rmse": 0.008128408342599869, "quality_mode_fractions": [0.09375, 0.90625], "mode_fractions": [0.09375, 0.90625], "distribution_tv": 0.40625}, "seconds": 9.627873121993616, "error": null}
{"event": "START", "candidate": "cosine", "task": "img_bars4", "tier": "ranking", "phase": "validation"}
{"event": "DONE", "candidate": "cosine", "task": "img_bars4", "status": "FAIL", "live": {"modes": 2, "hq": 1.0, "mean_rmse": 0.007002225145697594, "quality_mode_fractions": [0.3125, 0.59375, 0.0, 0.09375], "mode_fractions": [0.3125, 0.59375, 0.0, 0.09375], "distribution_tv": 0.40625}, "seconds": 9.99872542603407, "error": null}
{"event": "START", "candidate": "cosine", "task": "img_blobs4", "tier": "ranking", "phase": "validation"}
{"event": "DONE", "candidate": "cosine", "task": "img_blobs4", "status": "PASS", "live": {"modes": 4, "hq": 0.96875, "mean_rmse": 0.010259443894028664, "quality_mode_fractions": [0.125, 0.3125, 0.21875, 0.3125], "mode_fractions": [0.125, 0.3125, 0.25, 0.3125], "distribution_tv": 0.125}, "seconds": 9.61359491199255, "error": null}
{"event": "START", "candidate": "cosine", "task": "img_intensity2", "tier": "ranking", "phase": "validation"}
{"event": "DONE", "candidate": "cosine", "task": "img_intensity2", "status": "FAIL", "live": {"modes": 0, "hq": 0.0, "mean_rmse": 0.16536885499954224, "quality_mode_fractions": [0.0, 0.0], "mode_fractions": [0.90625, 0.09375], "distribution_tv": 0.40625}, "seconds": 10.279784756945446, "error": null}
{"event": "START", "candidate": "cosine", "task": "img_bars8", "tier": "diagnostic", "phase": "validation"}
{"event": "DONE", "candidate": "cosine", "task": "img_bars8", "status": "FAIL", "live": {"modes": 5, "hq": 0.75, "mean_rmse": 0.08319034427404404, "quality_mode_fractions": [0.09375, 0.0, 0.0, 0.0, 0.21875, 0.0625, 0.09375, 0.28125], "mode_fractions": [0.09375, 0.0, 0.0, 0.09375, 0.28125, 0.0625, 0.125, 0.34375], "distribution_tv": 0.375}, "seconds": 10.52888385602273, "error": null}
{"event": "START", "candidate": "cosine", "task": "img_tiny_generator", "tier": "diagnostic", "phase": "validation"}
{"event": "DONE", "candidate": "cosine", "task": "img_tiny_generator", "status": "FAIL", "live": {"modes": 1, "hq": 0.375, "mean_rmse": 0.18072466552257538, "quality_mode_fractions": [0.0, 0.0, 0.0, 0.375], "mode_fractions": [0.0, 0.0, 0.46875, 0.53125], "distribution_tv": 0.5}, "seconds": 7.846355611109175, "error": null}
{"event": "START", "candidate": "cosine", "task": "img_mean_discriminator", "tier": "diagnostic", "phase": "validation"}
{"event": "DONE", "candidate": "cosine", "task": "img_mean_discriminator", "status": "FAIL", "live": {"modes": 0, "hq": 0.0, "mean_rmse": 0.2603917419910431, "quality_mode_fractions": [0.0, 0.0, 0.0, 0.0], "mode_fractions": [0.5, 0.03125, 0.375, 0.09375], "distribution_tv": 0.375}, "seconds": 8.577584751998074, "error": null}
{"event": "START", "candidate": "cosine", "task": "img_uniform_generator", "tier": "diagnostic", "phase": "validation"}
{"event": "DONE", "candidate": "cosine", "task": "img_uniform_generator", "status": "FAIL", "live": {"modes": 0, "hq": 0.0, "mean_rmse": 0.4393065273761749, "quality_mode_fractions": [0.0, 0.0], "mode_fractions": [0.6875, 0.3125], "distribution_tv": 0.1875}, "seconds": 7.59531329094898, "error": null}
{"event": "START", "candidate": "transfer_g00_p02", "task": "img_stripes2", "tier": "ranking", "phase": "validation"}
{"event": "DONE", "candidate": "transfer_g00_p02", "task": "img_stripes2", "status": "FAIL", "live": {"modes": 1, "hq": 0.78125, "mean_rmse": 0.06899723410606384, "quality_mode_fractions": [0.125, 0.65625], "mode_fractions": [0.25, 0.75], "distribution_tv": 0.25}, "seconds": 9.93191384896636, "error": null}
{"event": "START", "candidate": "transfer_g00_p02", "task": "img_bars4", "tier": "ranking", "phase": "validation"}
{"event": "DONE", "candidate": "transfer_g00_p02", "task": "img_bars4", "status": "FAIL", "live": {"modes": 2, "hq": 1.0, "mean_rmse": 0.009444402530789375, "quality_mode_fractions": [0.3125, 0.59375, 0.0, 0.09375], "mode_fractions": [0.3125, 0.59375, 0.0, 0.09375], "distribution_tv": 0.40625}, "seconds": 9.183857235009782, "error": null}
{"event": "START", "candidate": "transfer_g00_p02", "task": "img_blobs4", "tier": "ranking", "phase": "validation"}
{"event": "DONE", "candidate": "transfer_g00_p02", "task": "img_blobs4", "status": "FAIL", "live": {"modes": 3, "hq": 0.84375, "mean_rmse": 0.04405566304922104, "quality_mode_fractions": [0.09375, 0.1875, 0.28125, 0.28125], "mode_fractions": [0.09375, 0.25, 0.3125, 0.34375], "distribution_tv": 0.15625}, "seconds": 6.938733382965438, "error": null}
{"event": "START", "candidate": "transfer_g00_p02", "task": "img_intensity2", "tier": "ranking", "phase": "validation"}
{"event": "DONE", "candidate": "transfer_g00_p02", "task": "img_intensity2", "status": "FAIL", "live": {"modes": 0, "hq": 0.0, "mean_rmse": 0.16534893214702606, "quality_mode_fractions": [0.0, 0.0], "mode_fractions": [0.90625, 0.09375], "distribution_tv": 0.40625}, "seconds": 6.817269145976752, "error": null}
{"event": "START", "candidate": "transfer_g00_p02", "task": "img_bars8", "tier": "diagnostic", "phase": "validation"}
{"event": "DONE", "candidate": "transfer_g00_p02", "task": "img_bars8", "status": "FAIL", "live": {"modes": 4, "hq": 0.65625, "mean_rmse": 0.08854737877845764, "quality_mode_fractions": [0.125, 0.0, 0.0, 0.0, 0.1875, 0.0, 0.0625, 0.28125], "mode_fractions": [0.3125, 0.0, 0.0, 0.0, 0.21875, 0.0625, 0.125, 0.28125], "distribution_tv": 0.4375}, "seconds": 7.2924770339159295, "error": null}
{"event": "START", "candidate": "transfer_g00_p02", "task": "img_tiny_generator", "tier": "diagnostic", "phase": "validation"}
{"event": "DONE", "candidate": "transfer_g00_p02", "task": "img_tiny_generator", "status": "FAIL", "live": {"modes": 0, "hq": 0.0, "mean_rmse": 0.319822758436203, "quality_mode_fractions": [0.0, 0.0, 0.0, 0.0], "mode_fractions": [0.0625, 0.0, 0.46875, 0.46875], "distribution_tv": 0.4375}, "seconds": 5.173279741895385, "error": null}
{"event": "START", "candidate": "transfer_g00_p02", "task": "img_mean_discriminator", "tier": "diagnostic", "phase": "validation"}
{"event": "DONE", "candidate": "transfer_g00_p02", "task": "img_mean_discriminator", "status": "FAIL", "live": {"modes": 0, "hq": 0.0, "mean_rmse": 0.2602212429046631, "quality_mode_fractions": [0.0, 0.0, 0.0, 0.0], "mode_fractions": [0.5, 0.03125, 0.34375, 0.125], "distribution_tv": 0.34375}, "seconds": 5.588657638989389, "error": null}
{"event": "START", "candidate": "transfer_g00_p02", "task": "img_uniform_generator", "tier": "diagnostic", "phase": "validation"}
{"event": "DONE", "candidate": "transfer_g00_p02", "task": "img_uniform_generator", "status": "FAIL", "live": {"modes": 0, "hq": 0.0, "mean_rmse": 0.44251424074172974, "quality_mode_fractions": [0.0, 0.0], "mode_fractions": [0.84375, 0.15625], "distribution_tv": 0.34375}, "seconds": 5.650636062957346, "error": null}
{"event": "START", "candidate": "transfer_g00_p04", "task": "img_stripes2", "tier": "ranking", "phase": "validation"}
{"event": "DONE", "candidate": "transfer_g00_p04", "task": "img_stripes2", "status": "FAIL", "live": {"modes": 0, "hq": 0.03125, "mean_rmse": 0.15599425137043, "quality_mode_fractions": [0.0, 0.03125], "mode_fractions": [0.03125, 0.96875], "distribution_tv": 0.46875}, "seconds": 6.409355554962531, "error": null}
{"event": "START", "candidate": "transfer_g00_p04", "task": "img_bars4", "tier": "ranking", "phase": "validation"}
{"event": "DONE", "candidate": "transfer_g00_p04", "task": "img_bars4", "status": "FAIL", "live": {"modes": 3, "hq": 0.96875, "mean_rmse": 0.011066954582929611, "quality_mode_fractions": [0.28125, 0.34375, 0.0, 0.34375], "mode_fractions": [0.3125, 0.34375, 0.0, 0.34375], "distribution_tv": 0.25}, "seconds": 6.567416586913168, "error": null}
{"event": "START", "candidate": "transfer_g00_p04", "task": "img_blobs4", "tier": "ranking", "phase": "validation"}
{"event": "DONE", "candidate": "transfer_g00_p04", "task": "img_blobs4", "status": "FAIL", "live": {"modes": 1, "hq": 0.65625, "mean_rmse": 0.07202747464179993, "quality_mode_fractions": [0.0, 0.0625, 0.09375, 0.5], "mode_fractions": [0.0, 0.375, 0.09375, 0.53125], "distribution_tv": 0.40625}, "seconds": 7.6202823190251365, "error": null}
{"event": "START", "candidate": "transfer_g00_p04", "task": "img_intensity2", "tier": "ranking", "phase": "validation"}
{"event": "DONE", "candidate": "transfer_g00_p04", "task": "img_intensity2", "status": "FAIL", "live": {"modes": 0, "hq": 0.0, "mean_rmse": 0.16530855000019073, "quality_mode_fractions": [0.0, 0.0], "mode_fractions": [0.90625, 0.09375], "distribution_tv": 0.40625}, "seconds": 8.039981998037547, "error": null}
{"event": "START", "candidate": "transfer_g00_p04", "task": "img_bars8", "tier": "diagnostic", "phase": "validation"}
{"event": "DONE", "candidate": "transfer_g00_p04", "task": "img_bars8", "status": "FAIL", "live": {"modes": 4, "hq": 0.8125, "mean_rmse": 0.07034054398536682, "quality_mode_fractions": [0.21875, 0.0, 0.0, 0.0, 0.21875, 0.125, 0.03125, 0.21875], "mode_fractions": [0.28125, 0.0, 0.03125, 0.03125, 0.21875, 0.15625, 0.03125, 0.25], "distribution_tv": 0.40625}, "seconds": 7.9960930770030245, "error": null}
{"event": "START", "candidate": "transfer_g00_p04", "task": "img_tiny_generator", "tier": "diagnostic", "phase": "validation"}
{"event": "DONE", "candidate": "transfer_g00_p04", "task": "img_tiny_generator", "status": "FAIL", "live": {"modes": 0, "hq": 0.0625, "mean_rmse": 0.21021394431591034, "quality_mode_fractions": [0.0, 0.0, 0.0, 0.0625], "mode_fractions": [0.0, 0.0, 0.46875, 0.53125], "distribution_tv": 0.5}, "seconds": 5.239414029987529, "error": null}
{"event": "START", "candidate": "transfer_g00_p04", "task": "img_mean_discriminator", "tier": "diagnostic", "phase": "validation"}
{"event": "DONE", "candidate": "transfer_g00_p04", "task": "img_mean_discriminator", "status": "FAIL", "live": {"modes": 0, "hq": 0.0, "mean_rmse": 0.26029327511787415, "quality_mode_fractions": [0.0, 0.0, 0.0, 0.0], "mode_fractions": [0.5, 0.03125, 0.375, 0.09375], "distribution_tv": 0.375}, "seconds": 6.251887391903438, "error": null}
{"event": "START", "candidate": "transfer_g00_p04", "task": "img_uniform_generator", "tier": "diagnostic", "phase": "validation"}
{"event": "DONE", "candidate": "transfer_g00_p04", "task": "img_uniform_generator", "status": "FAIL", "live": {"modes": 0, "hq": 0.0, "mean_rmse": 0.4438560903072357, "quality_mode_fractions": [0.0, 0.0], "mode_fractions": [0.78125, 0.21875], "distribution_tv": 0.28125}, "seconds": 6.641348200966604, "error": null}
{"event": "FROZEN", "winner": "cosine", "challenger": "transfer_g00_p02"}
{"event": "START", "candidate": "frozen_bias_only", "task": "two_pole", "tier": "required", "phase": "fit"}
{"event": "DONE", "candidate": "frozen_bias_only", "task": "two_pole", "status": "PASS", "live": {"mean_abs": 0.35452815890312195, "grad_med": 0.40179750323295593}, "seconds": 0.14853010699152946, "error": null}
{"event": "START", "candidate": "frozen_bias_only", "task": "trajectory", "tier": "required", "phase": "fit"}
{"event": "DONE", "candidate": "frozen_bias_only", "task": "trajectory", "status": "PASS", "live": {"identity_mse": 1.8355003703618422e-05}, "seconds": 1.3959173160837963, "error": null}
{"event": "START", "candidate": "frozen_bias_only", "task": "residual_student", "tier": "required", "phase": "fit"}
{"event": "DONE", "candidate": "frozen_bias_only", "task": "residual_student", "status": "PASS", "live": {"identity_mse": 1.1382740922272205e-05, "success_rate": 1.0, "wrong_pad_rate": 0.0}, "seconds": 1.4856895909179002, "error": null}
{"event": "START", "candidate": "frozen_bias_only", "task": "unipolar", "tier": "required", "phase": "fit"}
unipolar_dir arm=locked_rpgan step=1/400 cover=0.0128 leak=0.3214 neu_hold=0.9915 cos_plus=+0.5669 hit=FAIL
unipolar_dir arm=locked_rpgan step=50/400 cover=0.6643 leak=0.0000 neu_hold=0.8275 cos_plus=+1.0000 hit=FAIL
unipolar_dir arm=locked_rpgan step=100/400 cover=0.9828 leak=0.0000 neu_hold=0.8374 cos_plus=+1.0000 hit=FAIL
unipolar_dir arm=locked_rpgan step=150/400 cover=0.9858 leak=0.0000 neu_hold=0.9764 cos_plus=+1.0000 hit=PASS
unipolar_dir arm=locked_rpgan step=200/400 cover=0.9030 leak=0.0005 neu_hold=0.9732 cos_plus=+0.9997 hit=PASS
unipolar_dir arm=locked_rpgan step=250/400 cover=0.9570 leak=0.0009 neu_hold=0.9419 cos_plus=+0.9994 hit=PASS
unipolar_dir arm=locked_rpgan step=300/400 cover=0.9811 leak=0.0021 neu_hold=0.9768 cos_plus=+0.9988 hit=PASS
unipolar_dir arm=locked_rpgan step=350/400 cover=0.9268 leak=0.0013 neu_hold=0.9541 cos_plus=+0.9992 hit=PASS
unipolar_dir arm=locked_rpgan step=400/400 cover=0.9563 leak=0.0004 neu_hold=0.9362 cos_plus=+0.9997 hit=PASS
unipolar_dir arm=locked_rpgan step=400 seed=0 cover=0.9563 leak=0.0004 neu_hold=0.9362 cos_plus=+0.9997 hit=PASS
{"event": "DONE", "candidate": "frozen_bias_only", "task": "unipolar", "status": "PASS", "live": {"cover": 0.9563093014193669, "off_caption": 0.0003723471757362854, "neu_hold": 0.9362078979611397}, "seconds": 1.6413297209655866, "error": null}
{"event": "START", "candidate": "frozen_bias_only", "task": "ae_gan_hold", "tier": "required", "phase": "fit"}
ae-gan-hold arm=smart_descent step=0 recon=1.2815 hold=1.4373 phase=init
ae-gan-hold arm=smart_descent step=1 recon=1.2652 hold=1.4031 loss=4.2069
ae-gan-hold arm=smart_descent step=50 recon=0.0900 hold=0.0041 loss=1.0526
ae-gan-hold arm=smart_descent step=100 recon=0.0028 hold=0.0032 loss=1.0778
ae-gan-hold arm=smart_descent step=150 recon=0.0156 hold=0.0207 loss=0.9086
ae-gan-hold arm=smart_descent step=200 recon=0.0141 hold=0.0045 loss=0.7253
{"event": "DONE", "candidate": "frozen_bias_only", "task": "ae_gan_hold", "status": "PASS", "live": {"recon_mse": 0.013985821045935154, "hold": 0.0018167926464229822}, "seconds": 1.0767376489238814, "error": null}
{"event": "START", "candidate": "frozen_bias_only", "task": "cover_leftover", "tier": "required", "phase": "fit"}
cover_leftover start arm=locked steps=800 seed=0 teacher=faithful_guard_e cover=1.5 penalty_coeff=3.0 kappa=1.2 fm=0.0 n_particles=12
cover_leftover arm=locked step=1/800 d=0.7237 g=1.7429 cap=0.0000 u_kept=0.009 content=0.000 leak=0.000 err=0.749 covered=0
cover_leftover arm=locked step=50/800 d=0.4110 g=1.6694 cap=0.0084 u_kept=0.228 content=0.386 leak=0.118 err=0.556 covered=0
cover_leftover arm=locked step=100/800 d=0.6006 g=1.1039 cap=0.0000 u_kept=0.420 content=0.626 leak=0.013 err=0.406 covered=0
cover_leftover arm=locked step=150/800 d=0.6894 g=0.8609 cap=0.0000 u_kept=0.574 content=0.772 leak=0.021 err=0.308 covered=0
cover_leftover arm=locked step=200/800 d=0.6887 g=0.8226 cap=0.0000 u_kept=0.606 content=0.840 leak=0.022 err=0.266 covered=0
cover_leftover arm=locked step=250/800 d=0.6908 g=0.7720 cap=0.0000 u_kept=0.686 content=0.922 leak=0.008 err=0.209 covered=0
cover_leftover arm=locked step=300/800 d=0.6929 g=0.7397 cap=0.0000 u_kept=0.752 content=0.951 leak=0.011 err=0.165 covered=1
cover_leftover arm=locked step=350/800 d=0.6955 g=0.7183 cap=0.0000 u_kept=0.808 content=0.984 leak=0.008 err=0.127 covered=1
cover_leftover arm=locked step=400/800 d=0.6930 g=0.7070 cap=0.0000 u_kept=0.872 content=0.995 leak=0.002 err=0.084 covered=1
cover_leftover arm=locked step=450/800 d=0.7011 g=0.6979 cap=0.0000 u_kept=0.940 content=0.996 leak=0.010 err=0.062 covered=1
cover_leftover arm=locked step=500/800 d=0.6929 g=0.6943 cap=0.0000 u_kept=0.968 content=1.031 leak=0.014 err=0.033 covered=1
cover_leftover arm=locked step=550/800 d=0.6934 g=0.6942 cap=0.0000 u_kept=0.983 content=0.988 leak=0.001 err=0.013 covered=1
cover_leftover arm=locked step=600/800 d=0.6923 g=0.6962 cap=0.0000 u_kept=0.992 content=1.000 leak=0.004 err=0.010 covered=1
cover_leftover arm=locked step=650/800 d=0.6921 g=0.6925 cap=0.0000 u_kept=0.982 content=0.983 leak=0.004 err=0.014 covered=1
cover_leftover arm=locked step=700/800 d=0.6936 g=0.6933 cap=0.0000 u_kept=1.007 content=1.008 leak=0.002 err=0.010 covered=1
cover_leftover arm=locked step=750/800 d=0.6935 g=0.6936 cap=0.0000 u_kept=0.993 content=0.986 leak=0.005 err=0.010 covered=1
cover_leftover arm=locked step=800/800 d=0.6942 g=0.6942 cap=0.0000 u_kept=0.991 content=1.000 leak=0.005 err=0.007 covered=1
cover_leftover DONE arm=locked pass=1 reasons=none u_kept=0.934 content=0.964 leak=0.000 err=0.046 same_dir=0.001 particle_rms=0.061
{"event": "DONE", "candidate": "frozen_bias_only", "task": "cover_leftover", "status": "PASS", "live": {"u_kept": 0.9914287229577221, "content_kept": 0.9998823114143267, "leak_ratio": 0.005331117628983856, "pole_rel_err_plus": 0.006767392158508301, "pole_rel_err_minus": 0.004937103018164635, "same_dir": 0.006111309517451736}, "seconds": 4.805419910000637, "error": null}
{"event": "START", "candidate": "frozen_bias_only", "task": "unused_token_hold", "tier": "required", "phase": "fit"}
unused-token arm=smart_descent step=1 hold=0.9940 concept=0.0000 unused_dist=0.0060
unused-token arm=smart_descent step=50 hold=0.9865 concept=0.5525 unused_dist=0.0135
unused-token arm=smart_descent step=100 hold=0.9893 concept=0.9709 unused_dist=0.0107
unused-token arm=smart_descent step=150 hold=0.9963 concept=0.8716 unused_dist=0.0037
unused-token arm=smart_descent step=200 hold=0.9916 concept=0.9745 unused_dist=0.0084
{"event": "DONE", "candidate": "frozen_bias_only", "task": "unused_token_hold", "status": "PASS", "live": {"unused_hold": 0.9916290827095509, "concept_move": 0.97448661063045}, "seconds": 0.5015833380166441, "error": null}
{"event": "START", "candidate": "frozen_bias_only", "task": "mid_scale_identity", "tier": "required", "phase": "fit"}
mid_scale arm=locked step=1 seed=0 concept+=+0.5774 concept-=+0.0000 id0=+0.0078 id_mid=+0.0233 scales=[-1.0, 0.0, 0.5, 1.0] gate=FAIL why=concept,identity_0,identity_mid
mid_scale arm=locked step=50 seed=0 concept+=+0.8889 concept-=+0.3718 id0=+0.4039 id_mid=+0.9675 scales=[-1.0, 0.0, 0.5, 1.0] gate=FAIL why=concept,identity_0
mid_scale arm=locked step=100 seed=0 concept+=+0.9493 concept-=+0.7608 id0=+0.5826 id_mid=+0.7664 scales=[-1.0, 0.0, 0.5, 1.0] gate=FAIL why=concept,identity_0,identity_mid
mid_scale arm=locked step=150 seed=0 concept+=+0.9824 concept-=+0.9297 id0=+0.6344 id_mid=+0.9120 scales=[-1.0, 0.0, 0.5, 1.0] gate=FAIL why=concept,identity_0
mid_scale arm=locked step=200 seed=0 concept+=+0.9869 concept-=+0.9871 id0=+0.7647 id_mid=+0.9508 scales=[-1.0, 0.0, 0.5, 1.0] gate=FAIL why=identity_0
mid_scale arm=locked step=250 seed=0 concept+=+0.9992 concept-=+0.9965 id0=+0.8994 id_mid=+0.9634 scales=[-1.0, 0.0, 0.5, 1.0] gate=PASS why=locked
mid_scale arm=locked step=300 seed=0 concept+=+0.9988 concept-=+0.9998 id0=+0.9890 id_mid=+0.9643 scales=[-1.0, 0.0, 0.5, 1.0] gate=PASS why=locked
mid_scale arm=locked step=350 seed=0 concept+=+0.9994 concept-=+0.9999 id0=+0.9922 id_mid=+0.9405 scales=[-1.0, 0.0, 0.5, 1.0] gate=PASS why=locked
mid_scale arm=locked step=400 seed=0 concept+=+0.9983 concept-=+0.9999 id0=+0.9818 id_mid=+0.9636 scales=[-1.0, 0.0, 0.5, 1.0] gate=PASS why=locked
mid_scale arm=locked step=450 seed=0 concept+=+0.9999 concept-=+0.9994 id0=+0.9697 id_mid=+0.9913 scales=[-1.0, 0.0, 0.5, 1.0] gate=PASS why=locked
mid_scale arm=locked step=500 seed=0 concept+=+0.9999 concept-=+0.9999 id0=+0.9991 id_mid=+0.9722 scales=[-1.0, 0.0, 0.5, 1.0] gate=PASS why=locked
mid_scale arm=locked step=550 seed=0 concept+=+0.9999 concept-=+0.9998 id0=+0.9869 id_mid=+0.9734 scales=[-1.0, 0.0, 0.5, 1.0] gate=PASS why=locked
mid_scale arm=locked step=600 seed=0 concept+=+0.9998 concept-=+0.9999 id0=+0.9840 id_mid=+0.9985 scales=[-1.0, 0.0, 0.5, 1.0] gate=PASS why=locked
mid_scale arm=locked step=650 seed=0 concept+=+0.9999 concept-=+1.0000 id0=+0.9910 id_mid=+0.9857 scales=[-1.0, 0.0, 0.5, 1.0] gate=PASS why=locked
mid_scale arm=locked step=700 seed=0 concept+=+1.0000 concept-=+1.0000 id0=+0.9924 id_mid=+0.9966 scales=[-1.0, 0.0, 0.5, 1.0] gate=PASS why=locked
mid_scale arm=locked step=750 seed=0 concept+=+0.9999 concept-=+0.9999 id0=+0.9977 id_mid=+0.9871 scales=[-1.0, 0.0, 0.5, 1.0] gate=PASS why=locked
mid_scale arm=locked step=800 seed=0 concept+=+0.9999 concept-=+0.9999 id0=+0.9933 id_mid=+0.9855 scales=[-1.0, 0.0, 0.5, 1.0] gate=PASS why=locked
mid_scale arm=locked step=800 seed=0 concept+=+0.9999 concept-=+0.9999 id0=+0.9933 id_mid=+0.9855 scales=[-1.0, 0.0, 0.5, 1.0] gate=PASS why=locked
{"event": "DONE", "candidate": "frozen_bias_only", "task": "mid_scale_identity", "status": "PASS", "live": {"concept_cos_plus": 0.9999367594718933, "concept_cos_minus": 0.9999441504478455, "concept_mag_plus": 0.9886608719825745, "concept_mag_minus": 1.009229302406311, "identity_at_0": 0.9933250386557649, "identity_at_mid": 0.985543598404436}, "seconds": 7.841097775963135, "error": null}
{"event": "START", "candidate": "frozen_bias_only", "task": "mode_hold", "tier": "required", "phase": "fit"}
{"event": "DONE", "candidate": "frozen_bias_only", "task": "mode_hold", "status": "FAIL", "live": {"modes": 8, "hq": 1.0}, "seconds": 7.97826135403011, "error": null}
{"event": "START", "candidate": "frozen_bias_only", "task": "vector_two_broad", "tier": "ranking", "phase": "fit"}
{"event": "DONE", "candidate": "frozen_bias_only", "task": "vector_two_broad", "status": "PASS", "live": {"sw1_normalized": 0.06027342699618179, "mean_error": 0.08996368944644928, "covariance_error": 0.06068845093250275, "target_scale": 1.0555585622787476, "sample_count": 4096, "mass_tv": 0.020751953125, "min_mass_ratio": 0.95849609375, "hq": 0.996337890625, "component_covariance_error": 0.2122766077518463, "component_covariance_errors": [0.12669193744659424, 0.2978612780570984], "component_min_eigen_ratio": 0.7404000163078308, "component_mass": [0.479248046875, 0.520751953125], "target_mass": [0.5, 0.5], "component_counts": [1963, 2133]}, "seconds": 6.062803617096506, "error": null}
{"event": "START", "candidate": "frozen_bias_only", "task": "vector_unequal_mass", "tier": "ranking", "phase": "fit"}
{"event": "DONE", "candidate": "frozen_bias_only", "task": "vector_unequal_mass", "status": "FAIL", "live": {"sw1_normalized": 0.10203213271153738, "mean_error": 0.07678917050361633, "covariance_error": 0.20816321671009064, "target_scale": 1.7593294382095337, "sample_count": 4096, "mass_tv": 0.07805664092302322, "min_mass_ratio": 0.8629261255264282, "hq": 0.933349609375, "component_covariance_error": 4.354088366031647, "component_covariance_errors": [4.5902862548828125, 1.5528690814971924, 3.249502182006836, 8.023695945739746], "component_min_eigen_ratio": 0.04091215133666992, "component_mass": [0.474609375, 0.35546875, 0.152587890625, 0.017333984375], "target_mass": [0.550000011920929, 0.30000001192092896, 0.12999999523162842, 0.019999999552965164], "component_counts": [1944, 1456, 625, 71]}, "seconds": 5.960014345007949, "error": null}
{"event": "START", "candidate": "frozen_bias_only", "task": "vector_unequal_width", "tier": "ranking", "phase": "fit"}
{"event": "DONE", "candidate": "frozen_bias_only", "task": "vector_unequal_width", "status": "FAIL", "live": {"sw1_normalized": 0.08766091109059745, "mean_error": 0.11314652860164642, "covariance_error": 0.09737414866685867, "target_scale": 2.1343955993652344, "sample_count": 4096, "mass_tv": 0.0625, "min_mass_ratio": 0.8193359375, "hq": 0.9853515625, "component_covariance_error": 1.6216404810547829, "component_covariance_errors": [4.764836311340332, 0.2890394330024719, 1.1871415376663208, 0.2455446422100067], "component_min_eigen_ratio": 0.6672238111495972, "component_mass": [0.204833984375, 0.29052734375, 0.232666015625, 0.27197265625], "target_mass": [0.25, 0.25, 0.25, 0.25], "component_counts": [839, 1190, 953, 1114]}, "seconds": 6.147305347025394, "error": null}
{"event": "START", "candidate": "frozen_bias_only", "task": "vector_anisotropic", "tier": "ranking", "phase": "fit"}
{"event": "DONE", "candidate": "frozen_bias_only", "task": "vector_anisotropic", "status": "PASS", "live": {"sw1_normalized": 0.045754567473062016, "mean_error": 0.03555136173963547, "covariance_error": 0.06393176317214966, "target_scale": 2.032285690307617, "sample_count": 4096, "mass_tv": 0.0316569060087204, "min_mass_ratio": 0.939697265625, "hq": 0.994384765625, "component_covariance_error": 0.7819027602672577, "component_covariance_errors": [0.24010293185710907, 0.19410131871700287, 1.9115040302276611], "component_min_eigen_ratio": 0.3988974094390869, "component_mass": [0.32177734375, 0.364990234375, 0.313232421875], "target_mass": [0.3333333432674408, 0.3333333432674408, 0.3333333432674408], "component_counts": [1318, 1495, 1283]}, "seconds": 5.845697142998688, "error": null}
{"event": "START", "candidate": "frozen_bias_only", "task": "vector_overlap", "tier": "ranking", "phase": "fit"}
{"event": "DONE", "candidate": "frozen_bias_only", "task": "vector_overlap", "status": "FAIL", "live": {"sw1_normalized": 0.11084969058149925, "mean_error": 0.10209755599498749, "covariance_error": 0.3505921959877014, "target_scale": 0.8501437306404114, "sample_count": 4096}, "seconds": 5.7235008149873465, "error": null}
{"event": "START", "candidate": "frozen_bias_only", "task": "vector_narrow", "tier": "diagnostic", "phase": "fit"}
{"event": "DONE", "candidate": "frozen_bias_only", "task": "vector_narrow", "status": "FAIL", "live": {"sw1_normalized": 0.1334798602212717, "mean_error": 0.16803425550460815, "covariance_error": 0.23707525432109833, "target_scale": 2.1200308799743652, "sample_count": 4096, "mass_tv": 0.131591796875, "min_mass_ratio": 0.4736328125, "hq": 0.950927734375, "component_covariance_error": 112.16941820830107, "component_covariance_errors": [12.576045036315918, 368.6034240722656, 67.14728546142578, 0.3509182631969452], "component_min_eigen_ratio": 0.22648794949054718, "component_mass": [0.295654296875, 0.2666015625, 0.3193359375, 0.118408203125], "target_mass": [0.25, 0.25, 0.25, 0.25], "component_counts": [1211, 1092, 1308, 485]}, "seconds": 8.570754257030785, "error": null}
{"event": "START", "candidate": "frozen_bias_only", "task": "vector_scale_drift", "tier": "diagnostic", "phase": "fit"}
{"event": "DONE", "candidate": "frozen_bias_only", "task": "vector_scale_drift", "status": "PASS", "live": {"sw1_normalized": 0.044332303279623564, "mean_error": 0.03781725466251373, "covariance_error": 0.052758317440748215, "target_scale": 1.644848108291626, "sample_count": 4096, "mass_tv": 0.016845703125, "min_mass_ratio": 0.96630859375, "hq": 0.97802734375, "component_covariance_error": 0.3247299939393997, "component_covariance_errors": [0.3976486921310425, 0.25181129574775696], "component_min_eigen_ratio": 0.6516006588935852, "component_mass": [0.516845703125, 0.483154296875], "target_mass": [0.5, 0.5], "component_counts": [2117, 1979]}, "seconds": 8.322798480978236, "error": null}
{"event": "START", "candidate": "frozen_bias_only", "task": "vector_spiral", "tier": "ranking", "phase": "fit"}
{"event": "DONE", "candidate": "frozen_bias_only", "task": "vector_spiral", "status": "PASS", "live": {"sw1_normalized": 0.050824490466740535, "mean_error": 0.06777597963809967, "covariance_error": 0.031224450096488, "target_scale": 1.224178433418274, "sample_count": 4096}, "seconds": 7.5906894280342385, "error": null}
{"event": "START", "candidate": "frozen_bias_only", "task": "stress_fast_critic", "tier": "ranking", "phase": "fit"}
{"event": "DONE", "candidate": "frozen_bias_only", "task": "stress_fast_critic", "status": "FAIL", "live": {"sw1_normalized": 0.07315915728614047, "mean_error": 0.08925171196460724, "covariance_error": 0.07737916707992554, "target_scale": 3.004528284072876, "sample_count": 4096, "mass_tv": 0.13671875, "min_mass_ratio": 0.662109375, "hq": 0.963623046875, "component_covariance_error": 4.725740924477577, "component_covariance_errors": [0.5023533701896667, 4.511925220489502, 1.2438771724700928, 16.120878219604492, 0.9603332877159119, 1.4830049276351929, 12.635348320007324, 0.34820687770843506], "component_min_eigen_ratio": 0.2992975413799286, "component_mass": [0.10400390625, 0.082763671875, 0.1806640625, 0.09912109375, 0.2001953125, 0.10595703125, 0.096435546875, 0.130859375], "target_mass": [0.125, 0.125, 0.125, 0.125, 0.125, 0.125, 0.125, 0.125], "component_counts": [426, 339, 740, 406, 820, 434, 395, 536]}, "seconds": 6.7203028469812125, "error": null}
{"event": "START", "candidate": "frozen_bias_only", "task": "stress_slow_critic", "tier": "ranking", "phase": "fit"}
{"event": "DONE", "candidate": "frozen_bias_only", "task": "stress_slow_critic", "status": "FAIL", "live": {"sw1_normalized": 0.12348263020551258, "mean_error": 0.14980193972587585, "covariance_error": 0.13133078813552856, "target_scale": 3.004528284072876, "sample_count": 4096, "mass_tv": 0.167724609375, "min_mass_ratio": 0.314453125, "hq": 0.723876953125, "component_covariance_error": 26.12333881855011, "component_covariance_errors": [37.99060821533203, 13.370027542114258, 12.925345420837402, 39.781917572021484, 14.005885124206543, 10.36308765411377, 22.888690948486328, 57.66114807128906], "component_min_eigen_ratio": 0.3931097984313965, "component_mass": [0.17822265625, 0.039306640625, 0.18115234375, 0.0478515625, 0.132568359375, 0.1201171875, 0.153564453125, 0.147216796875], "target_mass": [0.125, 0.125, 0.125, 0.125, 0.125, 0.125, 0.125, 0.125], "component_counts": [730, 161, 742, 196, 543, 492, 629, 603]}, "seconds": 6.049388967920095, "error": null}
{"event": "START", "candidate": "frozen_bias_only", "task": "stress_small_batch", "tier": "ranking", "phase": "fit"}
{"event": "DONE", "candidate": "frozen_bias_only", "task": "stress_small_batch", "status": "FAIL", "live": {"sw1_normalized": 0.0968516565551002, "mean_error": 0.0906267762184143, "covariance_error": 0.16096147894859314, "target_scale": 3.004528284072876, "sample_count": 4096, "mass_tv": 0.15673828125, "min_mass_ratio": 0.638671875, "hq": 0.77783203125, "component_covariance_error": 30.19204342365265, "component_covariance_errors": [9.804837226867676, 50.97809982299805, 48.48539733886719, 14.618160247802734, 27.83914566040039, 26.95013427734375, 47.56943130493164, 15.291141510009766], "component_min_eigen_ratio": 0.49168863892555237, "component_mass": [0.1513671875, 0.088623046875, 0.148193359375, 0.08544921875, 0.175537109375, 0.181640625, 0.08935546875, 0.079833984375], "target_mass": [0.125, 0.125, 0.125, 0.125, 0.125, 0.125, 0.125, 0.125], "component_counts": [620, 363, 607, 350, 719, 744, 366, 327]}, "seconds": 5.660506500047632, "error": null}
{"event": "START", "candidate": "frozen_bias_only", "task": "stress_large_critic", "tier": "ranking", "phase": "fit"}
{"event": "DONE", "candidate": "frozen_bias_only", "task": "stress_large_critic", "status": "FAIL", "live": {"sw1_normalized": 0.0797443422244494, "mean_error": 0.08748701959848404, "covariance_error": 0.03940753638744354, "target_scale": 3.004528284072876, "sample_count": 4096, "mass_tv": 0.15478515625, "min_mass_ratio": 0.626953125, "hq": 0.947509765625, "component_covariance_error": 7.643313117325306, "component_covariance_errors": [1.7592333555221558, 0.19789868593215942, 19.223859786987305, 9.502941131591797, 6.265916347503662, 8.533607482910156, 1.4111074209213257, 14.251940727233887], "component_min_eigen_ratio": 0.4634345471858978, "component_mass": [0.16943359375, 0.100830078125, 0.094970703125, 0.106201171875, 0.159912109375, 0.078369140625, 0.200439453125, 0.08984375], "target_mass": [0.125, 0.125, 0.125, 0.125, 0.125, 0.125, 0.125, 0.125], "component_counts": [694, 413, 389, 435, 655, 321, 821, 368]}, "seconds": 7.000471867038868, "error": null}
{"event": "START", "candidate": "frozen_bias_only", "task": "stress_long_horizon", "tier": "ranking", "phase": "fit"}
{"event": "DONE", "candidate": "frozen_bias_only", "task": "stress_long_horizon", "status": "FAIL", "live": {"sw1_normalized": 0.05008589971119446, "mean_error": 0.03335053473711014, "covariance_error": 0.08262094110250473, "target_scale": 3.004528284072876, "sample_count": 4096, "mass_tv": 0.086669921875, "min_mass_ratio": 0.63671875, "hq": 0.972900390625, "component_covariance_error": 3.327477127313614, "component_covariance_errors": [1.7577165365219116, 17.425447463989258, 0.9938879609107971, 0.44644811749458313, 4.963604927062988, 0.15578529238700867, 0.4229099154472351, 0.4540168046951294], "component_min_eigen_ratio": 0.46487125754356384, "component_mass": [0.15478515625, 0.07958984375, 0.165283203125, 0.138916015625, 0.1025390625, 0.127197265625, 0.106201171875, 0.12548828125], "target_mass": [0.125, 0.125, 0.125, 0.125, 0.125, 0.125, 0.125, 0.125], "component_counts": [634, 326, 677, 569, 420, 521, 435, 514]}, "seconds": 11.657878331025131, "error": null}
{"event": "START", "candidate": "frozen_bias_only", "task": "stress_r1_r2", "tier": "ranking", "phase": "fit"}
{"event": "DONE", "candidate": "frozen_bias_only", "task": "stress_r1_r2", "status": "FAIL", "live": {"sw1_normalized": 0.10209561570254656, "mean_error": 0.04085257276892662, "covariance_error": 0.20330579578876495, "target_scale": 3.004528284072876, "sample_count": 4096, "mass_tv": 0.2021484375, "min_mass_ratio": 0.40625, "hq": 0.77001953125, "component_covariance_error": 22.87084424495697, "component_covariance_errors": [10.593310356140137, 43.6219596862793, 9.500082969665527, 11.008101463317871, 29.8634090423584, 29.08298683166504, 33.69888687133789, 15.598016738891602], "component_min_eigen_ratio": 1.0013723373413086, "component_mass": [0.15283203125, 0.07568359375, 0.221923828125, 0.063232421875, 0.16552734375, 0.05078125, 0.161865234375, 0.108154296875], "target_mass": [0.125, 0.125, 0.125, 0.125, 0.125, 0.125, 0.125, 0.125], "component_counts": [626, 310, 909, 259, 678, 208, 663, 443]}, "seconds": 6.145586926024407, "error": null}
{"event": "START", "candidate": "frozen_bias_only", "task": "stress_weak_critic", "tier": "diagnostic", "phase": "fit"}
{"event": "DONE", "candidate": "frozen_bias_only", "task": "stress_weak_critic", "status": "FAIL", "live": {"sw1_normalized": 0.1524117484618397, "mean_error": 0.016799185425043106, "covariance_error": 0.14828796684741974, "target_scale": 3.004528284072876, "sample_count": 4096, "mass_tv": 0.11767578125, "min_mass_ratio": 0.568359375, "hq": 0.122314453125, "component_covariance_error": 50.91593337059021, "component_covariance_errors": [15.634413719177246, 26.92369842529297, 32.209228515625, 53.50461959838867, 40.11936950683594, 194.94842529296875, 29.157114028930664, 14.830597877502441], "component_min_eigen_ratio": 0.5009255409240723, "component_mass": [0.150390625, 0.1904296875, 0.071044921875, 0.141845703125, 0.090576171875, 0.135009765625, 0.1201171875, 0.1005859375], "target_mass": [0.125, 0.125, 0.125, 0.125, 0.125, 0.125, 0.125, 0.125], "component_counts": [616, 780, 291, 581, 371, 553, 492, 412]}, "seconds": 5.097953647957183, "error": null}
{"event": "START", "candidate": "frozen_bias_only", "task": "stress_overlapping_data", "tier": "diagnostic", "phase": "fit"}
{"event": "DONE", "candidate": "frozen_bias_only", "task": "stress_overlapping_data", "status": "PASS", "live": {"sw1_normalized": 0.03373739795545356, "mean_error": 0.028082750737667084, "covariance_error": 0.04017743840813637, "target_scale": 3.1175975799560547, "sample_count": 4096}, "seconds": 6.644716353039257, "error": null}
{"event": "START", "candidate": "frozen_bias_only", "task": "img_stripes2", "tier": "ranking", "phase": "validation"}
{"event": "DONE", "candidate": "frozen_bias_only", "task": "img_stripes2", "status": "FAIL", "live": {"modes": 1, "hq": 0.90625, "mean_rmse": 0.024779587984085083, "quality_mode_fractions": [0.0, 0.90625], "mode_fractions": [0.09375, 0.90625], "distribution_tv": 0.40625}, "seconds": 6.768373101018369, "error": null}
{"event": "START", "candidate": "frozen_bias_only", "task": "img_bars4", "tier": "ranking", "phase": "validation"}
{"event": "DONE", "candidate": "frozen_bias_only", "task": "img_bars4", "status": "FAIL", "live": {"modes": 1, "hq": 0.78125, "mean_rmse": 0.07173765450716019, "quality_mode_fractions": [0.0, 0.0, 0.6875, 0.09375], "mode_fractions": [0.0, 0.0, 0.875, 0.125], "distribution_tv": 0.625}, "seconds": 7.632120508002117, "error": null}
{"event": "START", "candidate": "frozen_bias_only", "task": "img_blobs4", "tier": "ranking", "phase": "validation"}
{"event": "DONE", "candidate": "frozen_bias_only", "task": "img_blobs4", "status": "FAIL", "live": {"modes": 3, "hq": 0.9375, "mean_rmse": 0.020126065239310265, "quality_mode_fractions": [0.125, 0.09375, 0.21875, 0.5], "mode_fractions": [0.125, 0.09375, 0.25, 0.53125], "distribution_tv": 0.28125}, "seconds": 7.236752755008638, "error": null}
{"event": "START", "candidate": "frozen_bias_only", "task": "img_intensity2", "tier": "ranking", "phase": "validation"}
{"event": "DONE", "candidate": "frozen_bias_only", "task": "img_intensity2", "status": "FAIL", "live": {"modes": 0, "hq": 0.0, "mean_rmse": 0.1653348207473755, "quality_mode_fractions": [0.0, 0.0], "mode_fractions": [0.90625, 0.09375], "distribution_tv": 0.40625}, "seconds": 6.727316890959628, "error": null}
{"event": "START", "candidate": "frozen_bias_only", "task": "img_bars8", "tier": "diagnostic", "phase": "validation"}
{"event": "DONE", "candidate": "frozen_bias_only", "task": "img_bars8", "status": "FAIL", "live": {"modes": 5, "hq": 0.75, "mean_rmse": 0.08689841628074646, "quality_mode_fractions": [0.28125, 0.0, 0.0, 0.0, 0.125, 0.0625, 0.125, 0.15625], "mode_fractions": [0.3125, 0.0, 0.0, 0.03125, 0.3125, 0.0625, 0.125, 0.15625], "distribution_tv": 0.40625}, "seconds": 7.101329029072076, "error": null}
{"event": "START", "candidate": "frozen_bias_only", "task": "img_tiny_generator", "tier": "diagnostic", "phase": "validation"}
{"event": "DONE", "candidate": "frozen_bias_only", "task": "img_tiny_generator", "status": "FAIL", "live": {"modes": 1, "hq": 0.28125, "mean_rmse": 0.1763121783733368, "quality_mode_fractions": [0.0, 0.0, 0.0, 0.28125], "mode_fractions": [0.0, 0.0, 0.46875, 0.53125], "distribution_tv": 0.5}, "seconds": 4.44132833101321, "error": null}
{"event": "START", "candidate": "frozen_bias_only", "task": "img_mean_discriminator", "tier": "diagnostic", "phase": "validation"}
{"event": "DONE", "candidate": "frozen_bias_only", "task": "img_mean_discriminator", "status": "FAIL", "live": {"modes": 0, "hq": 0.0, "mean_rmse": 0.2604065537452698, "quality_mode_fractions": [0.0, 0.0, 0.0, 0.0], "mode_fractions": [0.5, 0.03125, 0.375, 0.09375], "distribution_tv": 0.375}, "seconds": 5.0426524699432775, "error": null}
{"event": "START", "candidate": "frozen_bias_only", "task": "img_uniform_generator", "tier": "diagnostic", "phase": "validation"}
{"event": "DONE", "candidate": "frozen_bias_only", "task": "img_uniform_generator", "status": "FAIL", "live": {"modes": 0, "hq": 0.0, "mean_rmse": 0.44415581226348877, "quality_mode_fractions": [0.0, 0.0], "mode_fractions": [0.71875, 0.28125], "distribution_tv": 0.21875}, "seconds": 5.7153773189056665, "error": null}
{"event": "START", "candidate": "reserved_cosine", "task": "reserved_annulus", "tier": "ranking", "phase": "reserved"}
{"event": "DONE", "candidate": "reserved_cosine", "task": "reserved_annulus", "status": "PASS", "live": {"sw1_normalized": 0.0373477403870264, "mean_error": 0.03529319167137146, "covariance_error": 0.07799136638641357, "target_scale": 1.5213394165039062, "sample_count": 4096}, "seconds": 7.642180183902383, "error": null}
{"event": "START", "candidate": "reserved_cosine", "task": "reserved_alternating_critic_updates", "tier": "ranking", "phase": "reserved"}
{"event": "DONE", "candidate": "reserved_cosine", "task": "reserved_alternating_critic_updates", "status": "FAIL", "live": {"sw1_normalized": 0.07217872020142986, "mean_error": 0.040338099002838135, "covariance_error": 0.16720980405807495, "target_scale": 3.004528284072876, "sample_count": 4096, "mass_tv": 0.116455078125, "min_mass_ratio": 0.595703125, "hq": 0.900390625, "component_covariance_error": 15.384737007319927, "component_covariance_errors": [3.808356523513794, 12.91600513458252, 48.00636291503906, 10.712918281555176, 10.253429412841797, 4.5110039710998535, 32.43169021606445, 0.43812960386276245], "component_min_eigen_ratio": 0.3772438168525696, "component_mass": [0.108154296875, 0.140869140625, 0.1240234375, 0.17822265625, 0.102783203125, 0.074462890625, 0.17236328125, 0.09912109375], "target_mass": [0.125, 0.125, 0.125, 0.125, 0.125, 0.125, 0.125, 0.125], "component_counts": [443, 577, 508, 730, 421, 305, 706, 406]}, "seconds": 8.201484374934807, "error": null}
{"event": "START", "candidate": "reserved_cosine", "task": "img_residual_bars4", "tier": "ranking", "phase": "reserved"}
{"event": "DONE", "candidate": "reserved_cosine", "task": "img_residual_bars4", "status": "PASS", "live": {"modes": 4, "hq": 0.9375, "mean_rmse": 0.01802218332886696, "quality_mode_fractions": [0.3125, 0.25, 0.21875, 0.15625], "mode_fractions": [0.3125, 0.28125, 0.21875, 0.1875], "distribution_tv": 0.09375}, "seconds": 6.599058900028467, "error": null}
{"event": "START", "candidate": "reserved_feedback", "task": "reserved_annulus", "tier": "ranking", "phase": "reserved"}
{"event": "DONE", "candidate": "reserved_feedback", "task": "reserved_annulus", "status": "PASS", "live": {"sw1_normalized": 0.03122307419259798, "mean_error": 0.018438030034303665, "covariance_error": 0.06446018815040588, "target_scale": 1.5213394165039062, "sample_count": 4096}, "seconds": 8.681161526008509, "error": null}
{"event": "START", "candidate": "reserved_feedback", "task": "reserved_alternating_critic_updates", "tier": "ranking", "phase": "reserved"}
{"event": "DONE", "candidate": "reserved_feedback", "task": "reserved_alternating_critic_updates", "status": "FAIL", "live": {"sw1_normalized": 0.08355570050718522, "mean_error": 0.09458319842815399, "covariance_error": 0.04958369582891464, "target_scale": 3.004528284072876, "sample_count": 4096, "mass_tv": 0.098388671875, "min_mass_ratio": 0.576171875, "hq": 0.94189453125, "component_covariance_error": 10.8199004791677, "component_covariance_errors": [4.882386207580566, 0.36572787165641785, 1.041290283203125, 3.9123151302337646, 0.28145742416381836, 19.79439926147461, 26.334749221801758, 29.94687843322754], "component_min_eigen_ratio": 0.4831632971763611, "component_mass": [0.154052734375, 0.12841796875, 0.173583984375, 0.117919921875, 0.142333984375, 0.090576171875, 0.12109375, 0.072021484375], "target_mass": [0.125, 0.125, 0.125, 0.125, 0.125, 0.125, 0.125, 0.125], "component_counts": [631, 526, 711, 483, 583, 371, 496, 295]}, "seconds": 8.141858891001903, "error": null}
{"event": "START", "candidate": "reserved_feedback", "task": "img_residual_bars4", "tier": "ranking", "phase": "reserved"}
{"event": "DONE", "candidate": "reserved_feedback", "task": "img_residual_bars4", "status": "FAIL", "live": {"modes": 2, "hq": 0.71875, "mean_rmse": 0.05372469127178192, "quality_mode_fractions": [0.28125, 0.4375, 0.0, 0.0], "mode_fractions": [0.28125, 0.4375, 0.15625, 0.125], "distribution_tv": 0.21875}, "seconds": 6.109386260970496, "error": null}
{"event": "START", "candidate": "reserved_bias_only", "task": "reserved_annulus", "tier": "ranking", "phase": "reserved"}
{"event": "DONE", "candidate": "reserved_bias_only", "task": "reserved_annulus", "status": "PASS", "live": {"sw1_normalized": 0.031478994246163586, "mean_error": 0.004407302942126989, "covariance_error": 0.07109783589839935, "target_scale": 1.5213394165039062, "sample_count": 4096}, "seconds": 7.871602779021487, "error": null}
{"event": "START", "candidate": "reserved_bias_only", "task": "reserved_alternating_critic_updates", "tier": "ranking", "phase": "reserved"}
{"event": "DONE", "candidate": "reserved_bias_only", "task": "reserved_alternating_critic_updates", "status": "FAIL", "live": {"sw1_normalized": 0.06003658276268548, "mean_error": 0.04583863168954849, "covariance_error": 0.13394059240818024, "target_scale": 3.004528284072876, "sample_count": 4096, "mass_tv": 0.072265625, "min_mass_ratio": 0.76171875, "hq": 0.9150390625, "component_covariance_error": 10.929692730307579, "component_covariance_errors": [32.260887145996094, 1.657622218132019, 3.5348432064056396, 1.0495587587356567, 22.513185501098633, 7.460180282592773, 1.9999266862869263, 16.96133804321289], "component_min_eigen_ratio": 0.42459532618522644, "component_mass": [0.1376953125, 0.0986328125, 0.131591796875, 0.148681640625, 0.09521484375, 0.10888671875, 0.14404296875, 0.13525390625], "target_mass": [0.125, 0.125, 0.125, 0.125, 0.125, 0.125, 0.125, 0.125], "component_counts": [564, 404, 539, 609, 390, 446, 590, 554]}, "seconds": 9.605711345910095, "error": null}
{"event": "START", "candidate": "reserved_bias_only", "task": "img_residual_bars4", "tier": "ranking", "phase": "reserved"}
{"event": "DONE", "candidate": "reserved_bias_only", "task": "img_residual_bars4", "status": "PASS", "live": {"modes": 4, "hq": 0.9375, "mean_rmse": 0.019589867442846298, "quality_mode_fractions": [0.3125, 0.1875, 0.21875, 0.21875], "mode_fractions": [0.3125, 0.1875, 0.21875, 0.28125], "distribution_tv": 0.09375}, "seconds": 7.1612425110070035, "error": null}
