{"event": "DECLARED", "phase": "stay", "method": "delayextrad", "seed": 0, "host": "neural", "torch": "2.14.0+cpu", "cpu": "AVX2", "shared_gate_eligible": false, "purity": "delayed-arm extra D TTUR: sticky arm on the first diagnostic with update_index>=1200, modes>=8 and HQ>=0.9; each later turn takes +2 host D Adam steps before G. Stall reach, G Adam lr and curvature bounds are unchanged. No mode-count or stall predicate, no coverage, likelihood, anchor, assignment or clip."}
{"event": "PROGRESS", "outer": 100, "armed": false, "arm_update_index": null, "fires": 0, "extra_d_steps": 0, "modes": 1, "HQ": 0.171142578125, "fires_acquire": 0, "fires_dropout": 0, "fires_after_2300": 0, "cpu": "AVX2"}
{"event": "PROGRESS", "outer": 200, "armed": false, "arm_update_index": null, "fires": 0, "extra_d_steps": 0, "modes": 0, "HQ": 0.0, "fires_acquire": 0, "fires_dropout": 0, "fires_after_2300": 0, "cpu": "AVX2"}
{"event": "PROGRESS", "outer": 300, "armed": false, "arm_update_index": null, "fires": 0, "extra_d_steps": 0, "modes": 5, "HQ": 0.259765625, "fires_acquire": 0, "fires_dropout": 0, "fires_after_2300": 0, "cpu": "AVX2"}
{"event": "PROGRESS", "outer": 400, "armed": false, "arm_update_index": null, "fires": 0, "extra_d_steps": 0, "modes": 2, "HQ": 0.08056640625, "fires_acquire": 0, "fires_dropout": 0, "fires_after_2300": 0, "cpu": "AVX2"}
{"event": "PROGRESS", "outer": 500, "armed": false, "arm_update_index": null, "fires": 0, "extra_d_steps": 0, "modes": 6, "HQ": 0.5146484375, "fires_acquire": 0, "fires_dropout": 0, "fires_after_2300": 0, "cpu": "AVX2"}
{"event": "PROGRESS", "outer": 600, "armed": false, "arm_update_index": null, "fires": 0, "extra_d_steps": 0, "modes": 3, "HQ": 0.28271484375, "fires_acquire": 0, "fires_dropout": 0, "fires_after_2300": 0, "cpu": "AVX2"}
{"event": "PROGRESS", "outer": 700, "armed": false, "arm_update_index": null, "fires": 0, "extra_d_steps": 0, "modes": 8, "HQ": 0.91650390625, "fires_acquire": 0, "fires_dropout": 0, "fires_after_2300": 0, "cpu": "AVX2"}
{"event": "PROGRESS", "outer": 800, "armed": false, "arm_update_index": null, "fires": 0, "extra_d_steps": 0, "modes": 7, "HQ": 0.7724609375, "fires_acquire": 0, "fires_dropout": 0, "fires_after_2300": 0, "cpu": "AVX2"}
{"event": "PROGRESS", "outer": 900, "armed": false, "arm_update_index": null, "fires": 0, "extra_d_steps": 0, "modes": 8, "HQ": 1.0, "fires_acquire": 0, "fires_dropout": 0, "fires_after_2300": 0, "cpu": "AVX2"}
{"event": "PROGRESS", "outer": 1000, "armed": false, "arm_update_index": null, "fires": 0, "extra_d_steps": 0, "modes": 8, "HQ": 0.99609375, "fires_acquire": 0, "fires_dropout": 0, "fires_after_2300": 0, "cpu": "AVX2"}
{"event": "PROGRESS", "outer": 1100, "armed": false, "arm_update_index": null, "fires": 0, "extra_d_steps": 0, "modes": 8, "HQ": 0.968994140625, "fires_acquire": 0, "fires_dropout": 0, "fires_after_2300": 0, "cpu": "AVX2"}
{"event": "PROGRESS", "outer": 1200, "armed": false, "arm_update_index": null, "fires": 0, "extra_d_steps": 0, "modes": 8, "HQ": 0.977294921875, "fires_acquire": 0, "fires_dropout": 0, "fires_after_2300": 0, "cpu": "AVX2"}
{"event": "extra_d_arm", "armed": true, "update_index": 1200, "modes": 8, "HQ": 0.998779296875, "extra_d_steps_this_turn": 0, "cpu": "AVX2"}
{"event": "extra_d_apply", "armed": true, "update_index": 1201, "modes": 8, "HQ": 0.998779296875, "extra_d_steps_this_turn": 2, "cpu": "AVX2"}
{"event": "extra_d_apply", "armed": true, "update_index": 1202, "modes": 8, "HQ": 0.998779296875, "extra_d_steps_this_turn": 2, "cpu": "AVX2"}
{"event": "extra_d_apply", "armed": true, "update_index": 1203, "modes": 8, "HQ": 0.998779296875, "extra_d_steps_this_turn": 2, "cpu": "AVX2"}
{"event": "extra_d_apply", "armed": true, "update_index": 1204, "modes": 8, "HQ": 0.998779296875, "extra_d_steps_this_turn": 2, "cpu": "AVX2"}
{"event": "extra_d_apply", "armed": true, "update_index": 1205, "modes": 8, "HQ": 0.998779296875, "extra_d_steps_this_turn": 2, "cpu": "AVX2"}
{"event": "extra_d_apply", "armed": true, "update_index": 1206, "modes": 8, "HQ": 0.998779296875, "extra_d_steps_this_turn": 2, "cpu": "AVX2"}
{"event": "extra_d_apply", "armed": true, "update_index": 1207, "modes": 8, "HQ": 0.998779296875, "extra_d_steps_this_turn": 2, "cpu": "AVX2"}
{"event": "extra_d_apply", "armed": true, "update_index": 1208, "modes": 8, "HQ": 0.998779296875, "extra_d_steps_this_turn": 2, "cpu": "AVX2"}
{"event": "extra_d_apply", "armed": true, "update_index": 1209, "modes": 8, "HQ": 0.998779296875, "extra_d_steps_this_turn": 2, "cpu": "AVX2"}
{"event": "extra_d_apply", "armed": true, "update_index": 1210, "modes": 8, "HQ": 0.998779296875, "extra_d_steps_this_turn": 2, "cpu": "AVX2"}
{"event": "extra_d_apply", "armed": true, "update_index": 1211, "modes": 8, "HQ": 1.0, "extra_d_steps_this_turn": 2, "cpu": "AVX2"}
{"event": "extra_d_apply", "armed": true, "update_index": 1212, "modes": 8, "HQ": 1.0, "extra_d_steps_this_turn": 2, "cpu": "AVX2"}
{"event": "extra_d_apply", "armed": true, "update_index": 1213, "modes": 8, "HQ": 1.0, "extra_d_steps_this_turn": 2, "cpu": "AVX2"}
{"event": "extra_d_apply", "armed": true, "update_index": 1214, "modes": 8, "HQ": 1.0, "extra_d_steps_this_turn": 2, "cpu": "AVX2"}
{"event": "extra_d_apply", "armed": true, "update_index": 1215, "modes": 8, "HQ": 1.0, "extra_d_steps_this_turn": 2, "cpu": "AVX2"}
{"event": "extra_d_apply", "armed": true, "update_index": 1216, "modes": 8, "HQ": 1.0, "extra_d_steps_this_turn": 2, "cpu": "AVX2"}
{"event": "extra_d_apply", "armed": true, "update_index": 1217, "modes": 8, "HQ": 1.0, "extra_d_steps_this_turn": 2, "cpu": "AVX2"}
{"event": "extra_d_apply", "armed": true, "update_index": 1218, "modes": 8, "HQ": 1.0, "extra_d_steps_this_turn": 2, "cpu": "AVX2"}
{"event": "extra_d_apply", "armed": true, "update_index": 1219, "modes": 8, "HQ": 1.0, "extra_d_steps_this_turn": 2, "cpu": "AVX2"}
{"event": "extra_d_apply", "armed": true, "update_index": 1220, "modes": 8, "HQ": 1.0, "extra_d_steps_this_turn": 2, "cpu": "AVX2"}
{"event": "extra_d_apply", "armed": true, "update_index": 1221, "modes": 4, "HQ": 0.43994140625, "extra_d_steps_this_turn": 2, "cpu": "AVX2"}
{"event": "extra_d_apply", "armed": true, "update_index": 1222, "modes": 4, "HQ": 0.43994140625, "extra_d_steps_this_turn": 2, "cpu": "AVX2"}
{"event": "extra_d_apply", "armed": true, "update_index": 1223, "modes": 4, "HQ": 0.43994140625, "extra_d_steps_this_turn": 2, "cpu": "AVX2"}
{"event": "extra_d_apply", "armed": true, "update_index": 1224, "modes": 4, "HQ": 0.43994140625, "extra_d_steps_this_turn": 2, "cpu": "AVX2"}
{"event": "extra_d_apply", "armed": true, "update_index": 1225, "modes": 4, "HQ": 0.43994140625, "extra_d_steps_this_turn": 2, "cpu": "AVX2"}
{"event": "extra_d_apply", "armed": true, "update_index": 1226, "modes": 4, "HQ": 0.43994140625, "extra_d_steps_this_turn": 2, "cpu": "AVX2"}
{"event": "extra_d_apply", "armed": true, "update_index": 1227, "modes": 4, "HQ": 0.43994140625, "extra_d_steps_this_turn": 2, "cpu": "AVX2"}
{"event": "extra_d_apply", "armed": true, "update_index": 1228, "modes": 4, "HQ": 0.43994140625, "extra_d_steps_this_turn": 2, "cpu": "AVX2"}
{"event": "extra_d_apply", "armed": true, "update_index": 1229, "modes": 4, "HQ": 0.43994140625, "extra_d_steps_this_turn": 2, "cpu": "AVX2"}
{"event": "extra_d_apply", "armed": true, "update_index": 1230, "modes": 4, "HQ": 0.43994140625, "extra_d_steps_this_turn": 2, "cpu": "AVX2"}
{"event": "extra_d_apply", "armed": true, "update_index": 1231, "modes": 8, "HQ": 0.99951171875, "extra_d_steps_this_turn": 2, "cpu": "AVX2"}
{"event": "extra_d_apply", "armed": true, "update_index": 1232, "modes": 8, "HQ": 0.99951171875, "extra_d_steps_this_turn": 2, "cpu": "AVX2"}
{"event": "extra_d_apply", "armed": true, "update_index": 1233, "modes": 8, "HQ": 0.99951171875, "extra_d_steps_this_turn": 2, "cpu": "AVX2"}
{"event": "extra_d_apply", "armed": true, "update_index": 1234, "modes": 8, "HQ": 0.99951171875, "extra_d_steps_this_turn": 2, "cpu": "AVX2"}
{"event": "extra_d_apply", "armed": true, "update_index": 1235, "modes": 8, "HQ": 0.99951171875, "extra_d_steps_this_turn": 2, "cpu": "AVX2"}
{"event": "extra_d_apply", "armed": true, "update_index": 1236, "modes": 8, "HQ": 0.99951171875, "extra_d_steps_this_turn": 2, "cpu": "AVX2"}
{"event": "extra_d_apply", "armed": true, "update_index": 1237, "modes": 8, "HQ": 0.99951171875, "extra_d_steps_this_turn": 2, "cpu": "AVX2"}
{"event": "extra_d_apply", "armed": true, "update_index": 1238, "modes": 8, "HQ": 0.99951171875, "extra_d_steps_this_turn": 2, "cpu": "AVX2"}
{"event": "extra_d_apply", "armed": true, "update_index": 1239, "modes": 8, "HQ": 0.99951171875, "extra_d_steps_this_turn": 2, "cpu": "AVX2"}
{"event": "extra_d_apply", "armed": true, "update_index": 1240, "modes": 8, "HQ": 0.99951171875, "extra_d_steps_this_turn": 2, "cpu": "AVX2"}
{"event": "extra_d_apply", "armed": true, "update_index": 1241, "modes": 8, "HQ": 0.994873046875, "extra_d_steps_this_turn": 2, "cpu": "AVX2"}
{"event": "extra_d_apply", "armed": true, "update_index": 1242, "modes": 8, "HQ": 0.994873046875, "extra_d_steps_this_turn": 2, "cpu": "AVX2"}
{"event": "extra_d_apply", "armed": true, "update_index": 1243, "modes": 8, "HQ": 0.994873046875, "extra_d_steps_this_turn": 2, "cpu": "AVX2"}
{"event": "extra_d_apply", "armed": true, "update_index": 1244, "modes": 8, "HQ": 0.994873046875, "extra_d_steps_this_turn": 2, "cpu": "AVX2"}
{"event": "extra_d_apply", "armed": true, "update_index": 1245, "modes": 8, "HQ": 0.994873046875, "extra_d_steps_this_turn": 2, "cpu": "AVX2"}
{"event": "extra_d_apply", "armed": true, "update_index": 1246, "modes": 8, "HQ": 0.994873046875, "extra_d_steps_this_turn": 2, "cpu": "AVX2"}
{"event": "extra_d_apply", "armed": true, "update_index": 1247, "modes": 8, "HQ": 0.994873046875, "extra_d_steps_this_turn": 2, "cpu": "AVX2"}
{"event": "extra_d_apply", "armed": true, "update_index": 1248, "modes": 8, "HQ": 0.994873046875, "extra_d_steps_this_turn": 2, "cpu": "AVX2"}
{"event": "extra_d_apply", "armed": true, "update_index": 1249, "modes": 8, "HQ": 0.994873046875, "extra_d_steps_this_turn": 2, "cpu": "AVX2"}
{"event": "extra_d_apply", "armed": true, "update_index": 1250, "modes": 8, "HQ": 0.994873046875, "extra_d_steps_this_turn": 2, "cpu": "AVX2"}
{"event": "extra_d_apply", "armed": true, "update_index": 1251, "modes": 8, "HQ": 0.970458984375, "extra_d_steps_this_turn": 2, "cpu": "AVX2"}
{"event": "extra_d_apply", "armed": true, "update_index": 1252, "modes": 8, "HQ": 0.970458984375, "extra_d_steps_this_turn": 2, "cpu": "AVX2"}
{"event": "extra_d_apply", "armed": true, "update_index": 1253, "modes": 8, "HQ": 0.970458984375, "extra_d_steps_this_turn": 2, "cpu": "AVX2"}
{"event": "extra_d_apply", "armed": true, "update_index": 1254, "modes": 8, "HQ": 0.970458984375, "extra_d_steps_this_turn": 2, "cpu": "AVX2"}
{"event": "extra_d_apply", "armed": true, "update_index": 1255, "modes": 8, "HQ": 0.970458984375, "extra_d_steps_this_turn": 2, "cpu": "AVX2"}
{"event": "extra_d_apply", "armed": true, "update_index": 1256, "modes": 8, "HQ": 0.970458984375, "extra_d_steps_this_turn": 2, "cpu": "AVX2"}
{"event": "extra_d_apply", "armed": true, "update_index": 1257, "modes": 8, "HQ": 0.970458984375, "extra_d_steps_this_turn": 2, "cpu": "AVX2"}
{"event": "extra_d_apply", "armed": true, "update_index": 1258, "modes": 8, "HQ": 0.970458984375, "extra_d_steps_this_turn": 2, "cpu": "AVX2"}
{"event": "extra_d_apply", "armed": true, "update_index": 1259, "modes": 8, "HQ": 0.970458984375, "extra_d_steps_this_turn": 2, "cpu": "AVX2"}
{"event": "extra_d_apply", "armed": true, "update_index": 1260, "modes": 8, "HQ": 0.970458984375, "extra_d_steps_this_turn": 2, "cpu": "AVX2"}
{"event": "extra_d_apply", "armed": true, "update_index": 1261, "modes": 3, "HQ": 0.16455078125, "extra_d_steps_this_turn": 2, "cpu": "AVX2"}
{"event": "extra_d_apply", "armed": true, "update_index": 1262, "modes": 3, "HQ": 0.16455078125, "extra_d_steps_this_turn": 2, "cpu": "AVX2"}
{"event": "extra_d_apply", "armed": true, "update_index": 1263, "modes": 3, "HQ": 0.16455078125, "extra_d_steps_this_turn": 2, "cpu": "AVX2"}
{"event": "extra_d_apply", "armed": true, "update_index": 1264, "modes": 3, "HQ": 0.16455078125, "extra_d_steps_this_turn": 2, "cpu": "AVX2"}
{"event": "extra_d_apply", "armed": true, "update_index": 1265, "modes": 3, "HQ": 0.16455078125, "extra_d_steps_this_turn": 2, "cpu": "AVX2"}
{"event": "extra_d_apply", "armed": true, "update_index": 1266, "modes": 3, "HQ": 0.16455078125, "extra_d_steps_this_turn": 2, "cpu": "AVX2"}
{"event": "extra_d_apply", "armed": true, "update_index": 1267, "modes": 3, "HQ": 0.16455078125, "extra_d_steps_this_turn": 2, "cpu": "AVX2"}
{"event": "extra_d_apply", "armed": true, "update_index": 1268, "modes": 3, "HQ": 0.16455078125, "extra_d_steps_this_turn": 2, "cpu": "AVX2"}
{"event": "extra_d_apply", "armed": true, "update_index": 1269, "modes": 3, "HQ": 0.16455078125, "extra_d_steps_this_turn": 2, "cpu": "AVX2"}
{"event": "extra_d_apply", "armed": true, "update_index": 1270, "modes": 3, "HQ": 0.16455078125, "extra_d_steps_this_turn": 2, "cpu": "AVX2"}
{"event": "extra_d_apply", "armed": true, "update_index": 1271, "modes": 5, "HQ": 0.35595703125, "extra_d_steps_this_turn": 2, "cpu": "AVX2"}
{"event": "extra_d_apply", "armed": true, "update_index": 1272, "modes": 5, "HQ": 0.35595703125, "extra_d_steps_this_turn": 2, "cpu": "AVX2"}
{"event": "extra_d_apply", "armed": true, "update_index": 1273, "modes": 5, "HQ": 0.35595703125, "extra_d_steps_this_turn": 2, "cpu": "AVX2"}
{"event": "extra_d_apply", "armed": true, "update_index": 1274, "modes": 5, "HQ": 0.35595703125, "extra_d_steps_this_turn": 2, "cpu": "AVX2"}
{"event": "extra_d_apply", "armed": true, "update_index": 1275, "modes": 5, "HQ": 0.35595703125, "extra_d_steps_this_turn": 2, "cpu": "AVX2"}
{"event": "extra_d_apply", "armed": true, "update_index": 1276, "modes": 5, "HQ": 0.35595703125, "extra_d_steps_this_turn": 2, "cpu": "AVX2"}
{"event": "extra_d_apply", "armed": true, "update_index": 1277, "modes": 5, "HQ": 0.35595703125, "extra_d_steps_this_turn": 2, "cpu": "AVX2"}
{"event": "extra_d_apply", "armed": true, "update_index": 1278, "modes": 5, "HQ": 0.35595703125, "extra_d_steps_this_turn": 2, "cpu": "AVX2"}
{"event": "extra_d_apply", "armed": true, "update_index": 1279, "modes": 5, "HQ": 0.35595703125, "extra_d_steps_this_turn": 2, "cpu": "AVX2"}
{"event": "extra_d_apply", "armed": true, "update_index": 1280, "modes": 5, "HQ": 0.35595703125, "extra_d_steps_this_turn": 2, "cpu": "AVX2"}
{"event": "extra_d_apply", "armed": true, "update_index": 1281, "modes": 2, "HQ": 0.142822265625, "extra_d_steps_this_turn": 2, "cpu": "AVX2"}
{"event": "extra_d_apply", "armed": true, "update_index": 1282, "modes": 2, "HQ": 0.142822265625, "extra_d_steps_this_turn": 2, "cpu": "AVX2"}
{"event": "extra_d_apply", "armed": true, "update_index": 1283, "modes": 2, "HQ": 0.142822265625, "extra_d_steps_this_turn": 2, "cpu": "AVX2"}
{"event": "extra_d_apply", "armed": true, "update_index": 1284, "modes": 2, "HQ": 0.142822265625, "extra_d_steps_this_turn": 2, "cpu": "AVX2"}
{"event": "extra_d_apply", "armed": true, "update_index": 1285, "modes": 2, "HQ": 0.142822265625, "extra_d_steps_this_turn": 2, "cpu": "AVX2"}
{"event": "extra_d_apply", "armed": true, "update_index": 1286, "modes": 2, "HQ": 0.142822265625, "extra_d_steps_this_turn": 2, "cpu": "AVX2"}
{"event": "extra_d_apply", "armed": true, "update_index": 1287, "modes": 2, "HQ": 0.142822265625, "extra_d_steps_this_turn": 2, "cpu": "AVX2"}
{"event": "extra_d_apply", "armed": true, "update_index": 1288, "modes": 2, "HQ": 0.142822265625, "extra_d_steps_this_turn": 2, "cpu": "AVX2"}
{"event": "extra_d_apply", "armed": true, "update_index": 1289, "modes": 2, "HQ": 0.142822265625, "extra_d_steps_this_turn": 2, "cpu": "AVX2"}
{"event": "extra_d_apply", "armed": true, "update_index": 1290, "modes": 2, "HQ": 0.142822265625, "extra_d_steps_this_turn": 2, "cpu": "AVX2"}
{"event": "extra_d_apply", "armed": true, "update_index": 1291, "modes": 8, "HQ": 0.752685546875, "extra_d_steps_this_turn": 2, "cpu": "AVX2"}
{"event": "extra_d_apply", "armed": true, "update_index": 1292, "modes": 8, "HQ": 0.752685546875, "extra_d_steps_this_turn": 2, "cpu": "AVX2"}
{"event": "extra_d_apply", "armed": true, "update_index": 1293, "modes": 8, "HQ": 0.752685546875, "extra_d_steps_this_turn": 2, "cpu": "AVX2"}
{"event": "extra_d_apply", "armed": true, "update_index": 1294, "modes": 8, "HQ": 0.752685546875, "extra_d_steps_this_turn": 2, "cpu": "AVX2"}
{"event": "extra_d_apply", "armed": true, "update_index": 1295, "modes": 8, "HQ": 0.752685546875, "extra_d_steps_this_turn": 2, "cpu": "AVX2"}
{"event": "extra_d_apply", "armed": true, "update_index": 1296, "modes": 8, "HQ": 0.752685546875, "extra_d_steps_this_turn": 2, "cpu": "AVX2"}
{"event": "extra_d_apply", "armed": true, "update_index": 1297, "modes": 8, "HQ": 0.752685546875, "extra_d_steps_this_turn": 2, "cpu": "AVX2"}
{"event": "extra_d_apply", "armed": true, "update_index": 1298, "modes": 8, "HQ": 0.752685546875, "extra_d_steps_this_turn": 2, "cpu": "AVX2"}
{"event": "extra_d_apply", "armed": true, "update_index": 1299, "modes": 8, "HQ": 0.752685546875, "extra_d_steps_this_turn": 2, "cpu": "AVX2"}
{"event": "extra_d_apply", "armed": true, "update_index": 1300, "modes": 8, "HQ": 0.752685546875, "extra_d_steps_this_turn": 2, "cpu": "AVX2"}
{"event": "PROGRESS", "outer": 1300, "armed": true, "arm_update_index": 1200, "fires": 100, "extra_d_steps": 200, "modes": 8, "HQ": 0.752685546875, "fires_acquire": 100, "fires_dropout": 0, "fires_after_2300": 0, "cpu": "AVX2"}
{"event": "extra_d_apply", "armed": true, "update_index": 1301, "modes": 1, "HQ": 0.071533203125, "extra_d_steps_this_turn": 2, "cpu": "AVX2"}
{"event": "extra_d_apply", "armed": true, "update_index": 1302, "modes": 1, "HQ": 0.071533203125, "extra_d_steps_this_turn": 2, "cpu": "AVX2"}
{"event": "extra_d_apply", "armed": true, "update_index": 1303, "modes": 1, "HQ": 0.071533203125, "extra_d_steps_this_turn": 2, "cpu": "AVX2"}
{"event": "extra_d_apply", "armed": true, "update_index": 1304, "modes": 1, "HQ": 0.071533203125, "extra_d_steps_this_turn": 2, "cpu": "AVX2"}
{"event": "extra_d_apply", "armed": true, "update_index": 1305, "modes": 1, "HQ": 0.071533203125, "extra_d_steps_this_turn": 2, "cpu": "AVX2"}
{"event": "extra_d_apply", "armed": true, "update_index": 1306, "modes": 1, "HQ": 0.071533203125, "extra_d_steps_this_turn": 2, "cpu": "AVX2"}
{"event": "extra_d_apply", "armed": true, "update_index": 1307, "modes": 1, "HQ": 0.071533203125, "extra_d_steps_this_turn": 2, "cpu": "AVX2"}
{"event": "extra_d_apply", "armed": true, "update_index": 1308, "modes": 1, "HQ": 0.071533203125, "extra_d_steps_this_turn": 2, "cpu": "AVX2"}
{"event": "extra_d_apply", "armed": true, "update_index": 1309, "modes": 1, "HQ": 0.071533203125, "extra_d_steps_this_turn": 2, "cpu": "AVX2"}
{"event": "extra_d_apply", "armed": true, "update_index": 1310, "modes": 1, "HQ": 0.071533203125, "extra_d_steps_this_turn": 2, "cpu": "AVX2"}
{"event": "extra_d_apply", "armed": true, "update_index": 1311, "modes": 6, "HQ": 0.646728515625, "extra_d_steps_this_turn": 2, "cpu": "AVX2"}
{"event": "extra_d_apply", "armed": true, "update_index": 1312, "modes": 6, "HQ": 0.646728515625, "extra_d_steps_this_turn": 2, "cpu": "AVX2"}
{"event": "extra_d_apply", "armed": true, "update_index": 1313, "modes": 6, "HQ": 0.646728515625, "extra_d_steps_this_turn": 2, "cpu": "AVX2"}
{"event": "extra_d_apply", "armed": true, "update_index": 1314, "modes": 6, "HQ": 0.646728515625, "extra_d_steps_this_turn": 2, "cpu": "AVX2"}
{"event": "extra_d_apply", "armed": true, "update_index": 1315, "modes": 6, "HQ": 0.646728515625, "extra_d_steps_this_turn": 2, "cpu": "AVX2"}
{"event": "extra_d_apply", "armed": true, "update_index": 1316, "modes": 6, "HQ": 0.646728515625, "extra_d_steps_this_turn": 2, "cpu": "AVX2"}
{"event": "extra_d_apply", "armed": true, "update_index": 1317, "modes": 6, "HQ": 0.646728515625, "extra_d_steps_this_turn": 2, "cpu": "AVX2"}
{"event": "extra_d_apply", "armed": true, "update_index": 1318, "modes": 6, "HQ": 0.646728515625, "extra_d_steps_this_turn": 2, "cpu": "AVX2"}
{"event": "extra_d_apply", "armed": true, "update_index": 1319, "modes": 6, "HQ": 0.646728515625, "extra_d_steps_this_turn": 2, "cpu": "AVX2"}
{"event": "extra_d_apply", "armed": true, "update_index": 1320, "modes": 6, "HQ": 0.646728515625, "extra_d_steps_this_turn": 2, "cpu": "AVX2"}
{"event": "extra_d_apply", "armed": true, "update_index": 1321, "modes": 7, "HQ": 0.666748046875, "extra_d_steps_this_turn": 2, "cpu": "AVX2"}
{"event": "extra_d_apply", "armed": true, "update_index": 1322, "modes": 7, "HQ": 0.666748046875, "extra_d_steps_this_turn": 2, "cpu": "AVX2"}
{"event": "extra_d_apply", "armed": true, "update_index": 1323, "modes": 7, "HQ": 0.666748046875, "extra_d_steps_this_turn": 2, "cpu": "AVX2"}
{"event": "extra_d_apply", "armed": true, "update_index": 1324, "modes": 7, "HQ": 0.666748046875, "extra_d_steps_this_turn": 2, "cpu": "AVX2"}
{"event": "extra_d_apply", "armed": true, "update_index": 1325, "modes": 7, "HQ": 0.666748046875, "extra_d_steps_this_turn": 2, "cpu": "AVX2"}
{"event": "extra_d_apply", "armed": true, "update_index": 1326, "modes": 7, "HQ": 0.666748046875, "extra_d_steps_this_turn": 2, "cpu": "AVX2"}
{"event": "extra_d_apply", "armed": true, "update_index": 1327, "modes": 7, "HQ": 0.666748046875, "extra_d_steps_this_turn": 2, "cpu": "AVX2"}
{"event": "extra_d_apply", "armed": true, "update_index": 1328, "modes": 7, "HQ": 0.666748046875, "extra_d_steps_this_turn": 2, "cpu": "AVX2"}
{"event": "extra_d_apply", "armed": true, "update_index": 1329, "modes": 7, "HQ": 0.666748046875, "extra_d_steps_this_turn": 2, "cpu": "AVX2"}
{"event": "extra_d_apply", "armed": true, "update_index": 1330, "modes": 7, "HQ": 0.666748046875, "extra_d_steps_this_turn": 2, "cpu": "AVX2"}
{"event": "extra_d_apply", "armed": true, "update_index": 1331, "modes": 0, "HQ": 0.0, "extra_d_steps_this_turn": 2, "cpu": "AVX2"}
{"event": "extra_d_apply", "armed": true, "update_index": 1332, "modes": 0, "HQ": 0.0, "extra_d_steps_this_turn": 2, "cpu": "AVX2"}
{"event": "extra_d_apply", "armed": true, "update_index": 1333, "modes": 0, "HQ": 0.0, "extra_d_steps_this_turn": 2, "cpu": "AVX2"}
{"event": "extra_d_apply", "armed": true, "update_index": 1334, "modes": 0, "HQ": 0.0, "extra_d_steps_this_turn": 2, "cpu": "AVX2"}
{"event": "extra_d_apply", "armed": true, "update_index": 1335, "modes": 0, "HQ": 0.0, "extra_d_steps_this_turn": 2, "cpu": "AVX2"}
{"event": "extra_d_apply", "armed": true, "update_index": 1336, "modes": 0, "HQ": 0.0, "extra_d_steps_this_turn": 2, "cpu": "AVX2"}
{"event": "extra_d_apply", "armed": true, "update_index": 1337, "modes": 0, "HQ": 0.0, "extra_d_steps_this_turn": 2, "cpu": "AVX2"}
{"event": "extra_d_apply", "armed": true, "update_index": 1338, "modes": 0, "HQ": 0.0, "extra_d_steps_this_turn": 2, "cpu": "AVX2"}
{"event": "extra_d_apply", "armed": true, "update_index": 1339, "modes": 0, "HQ": 0.0, "extra_d_steps_this_turn": 2, "cpu": "AVX2"}
{"event": "extra_d_apply", "armed": true, "update_index": 1340, "modes": 0, "HQ": 0.0, "extra_d_steps_this_turn": 2, "cpu": "AVX2"}
{"event": "extra_d_apply", "armed": true, "update_index": 1341, "modes": 7, "HQ": 0.516845703125, "extra_d_steps_this_turn": 2, "cpu": "AVX2"}
{"event": "extra_d_apply", "armed": true, "update_index": 1342, "modes": 7, "HQ": 0.516845703125, "extra_d_steps_this_turn": 2, "cpu": "AVX2"}
{"event": "extra_d_apply", "armed": true, "update_index": 1343, "modes": 7, "HQ": 0.516845703125, "extra_d_steps_this_turn": 2, "cpu": "AVX2"}
{"event": "extra_d_apply", "armed": true, "update_index": 1344, "modes": 7, "HQ": 0.516845703125, "extra_d_steps_this_turn": 2, "cpu": "AVX2"}
{"event": "extra_d_apply", "armed": true, "update_index": 1345, "modes": 7, "HQ": 0.516845703125, "extra_d_steps_this_turn": 2, "cpu": "AVX2"}
{"event": "extra_d_apply", "armed": true, "update_index": 1346, "modes": 7, "HQ": 0.516845703125, "extra_d_steps_this_turn": 2, "cpu": "AVX2"}
{"event": "extra_d_apply", "armed": true, "update_index": 1347, "modes": 7, "HQ": 0.516845703125, "extra_d_steps_this_turn": 2, "cpu": "AVX2"}
{"event": "extra_d_apply", "armed": true, "update_index": 1348, "modes": 7, "HQ": 0.516845703125, "extra_d_steps_this_turn": 2, "cpu": "AVX2"}
{"event": "extra_d_apply", "armed": true, "update_index": 1349, "modes": 7, "HQ": 0.516845703125, "extra_d_steps_this_turn": 2, "cpu": "AVX2"}
{"event": "extra_d_apply", "armed": true, "update_index": 1350, "modes": 7, "HQ": 0.516845703125, "extra_d_steps_this_turn": 2, "cpu": "AVX2"}
{"event": "extra_d_apply", "armed": true, "update_index": 1351, "modes": 4, "HQ": 0.169189453125, "extra_d_steps_this_turn": 2, "cpu": "AVX2"}
{"event": "extra_d_apply", "armed": true, "update_index": 1352, "modes": 4, "HQ": 0.169189453125, "extra_d_steps_this_turn": 2, "cpu": "AVX2"}
{"event": "extra_d_apply", "armed": true, "update_index": 1353, "modes": 4, "HQ": 0.169189453125, "extra_d_steps_this_turn": 2, "cpu": "AVX2"}
{"event": "extra_d_apply", "armed": true, "update_index": 1354, "modes": 4, "HQ": 0.169189453125, "extra_d_steps_this_turn": 2, "cpu": "AVX2"}
{"event": "extra_d_apply", "armed": true, "update_index": 1355, "modes": 4, "HQ": 0.169189453125, "extra_d_steps_this_turn": 2, "cpu": "AVX2"}
{"event": "extra_d_apply", "armed": true, "update_index": 1356, "modes": 4, "HQ": 0.169189453125, "extra_d_steps_this_turn": 2, "cpu": "AVX2"}
{"event": "extra_d_apply", "armed": true, "update_index": 1357, "modes": 4, "HQ": 0.169189453125, "extra_d_steps_this_turn": 2, "cpu": "AVX2"}
{"event": "extra_d_apply", "armed": true, "update_index": 1358, "modes": 4, "HQ": 0.169189453125, "extra_d_steps_this_turn": 2, "cpu": "AVX2"}
{"event": "extra_d_apply", "armed": true, "update_index": 1359, "modes": 4, "HQ": 0.169189453125, "extra_d_steps_this_turn": 2, "cpu": "AVX2"}
{"event": "extra_d_apply", "armed": true, "update_index": 1360, "modes": 4, "HQ": 0.169189453125, "extra_d_steps_this_turn": 2, "cpu": "AVX2"}
{"event": "extra_d_apply", "armed": true, "update_index": 1361, "modes": 8, "HQ": 0.796142578125, "extra_d_steps_this_turn": 2, "cpu": "AVX2"}
{"event": "extra_d_apply", "armed": true, "update_index": 1362, "modes": 8, "HQ": 0.796142578125, "extra_d_steps_this_turn": 2, "cpu": "AVX2"}
{"event": "extra_d_apply", "armed": true, "update_index": 1363, "modes": 8, "HQ": 0.796142578125, "extra_d_steps_this_turn": 2, "cpu": "AVX2"}
{"event": "extra_d_apply", "armed": true, "update_index": 1364, "modes": 8, "HQ": 0.796142578125, "extra_d_steps_this_turn": 2, "cpu": "AVX2"}
{"event": "extra_d_apply", "armed": true, "update_index": 1365, "modes": 8, "HQ": 0.796142578125, "extra_d_steps_this_turn": 2, "cpu": "AVX2"}
{"event": "extra_d_apply", "armed": true, "update_index": 1366, "modes": 8, "HQ": 0.796142578125, "extra_d_steps_this_turn": 2, "cpu": "AVX2"}
{"event": "extra_d_apply", "armed": true, "update_index": 1367, "modes": 8, "HQ": 0.796142578125, "extra_d_steps_this_turn": 2, "cpu": "AVX2"}
{"event": "extra_d_apply", "armed": true, "update_index": 1368, "modes": 8, "HQ": 0.796142578125, "extra_d_steps_this_turn": 2, "cpu": "AVX2"}
{"event": "extra_d_apply", "armed": true, "update_index": 1369, "modes": 8, "HQ": 0.796142578125, "extra_d_steps_this_turn": 2, "cpu": "AVX2"}
{"event": "extra_d_apply", "armed": true, "update_index": 1370, "modes": 8, "HQ": 0.796142578125, "extra_d_steps_this_turn": 2, "cpu": "AVX2"}
{"event": "extra_d_apply", "armed": true, "update_index": 1371, "modes": 8, "HQ": 0.8173828125, "extra_d_steps_this_turn": 2, "cpu": "AVX2"}
{"event": "extra_d_apply", "armed": true, "update_index": 1372, "modes": 8, "HQ": 0.8173828125, "extra_d_steps_this_turn": 2, "cpu": "AVX2"}
{"event": "extra_d_apply", "armed": true, "update_index": 1373, "modes": 8, "HQ": 0.8173828125, "extra_d_steps_this_turn": 2, "cpu": "AVX2"}
{"event": "extra_d_apply", "armed": true, "update_index": 1374, "modes": 8, "HQ": 0.8173828125, "extra_d_steps_this_turn": 2, "cpu": "AVX2"}
{"event": "extra_d_apply", "armed": true, "update_index": 1375, "modes": 8, "HQ": 0.8173828125, "extra_d_steps_this_turn": 2, "cpu": "AVX2"}
{"event": "extra_d_apply", "armed": true, "update_index": 1376, "modes": 8, "HQ": 0.8173828125, "extra_d_steps_this_turn": 2, "cpu": "AVX2"}
{"event": "extra_d_apply", "armed": true, "update_index": 1377, "modes": 8, "HQ": 0.8173828125, "extra_d_steps_this_turn": 2, "cpu": "AVX2"}
{"event": "extra_d_apply", "armed": true, "update_index": 1378, "modes": 8, "HQ": 0.8173828125, "extra_d_steps_this_turn": 2, "cpu": "AVX2"}
{"event": "extra_d_apply", "armed": true, "update_index": 1379, "modes": 8, "HQ": 0.8173828125, "extra_d_steps_this_turn": 2, "cpu": "AVX2"}
{"event": "extra_d_apply", "armed": true, "update_index": 1380, "modes": 8, "HQ": 0.8173828125, "extra_d_steps_this_turn": 2, "cpu": "AVX2"}
{"event": "extra_d_apply", "armed": true, "update_index": 1381, "modes": 8, "HQ": 0.999755859375, "extra_d_steps_this_turn": 2, "cpu": "AVX2"}
{"event": "extra_d_apply", "armed": true, "update_index": 1382, "modes": 8, "HQ": 0.999755859375, "extra_d_steps_this_turn": 2, "cpu": "AVX2"}
{"event": "extra_d_apply", "armed": true, "update_index": 1383, "modes": 8, "HQ": 0.999755859375, "extra_d_steps_this_turn": 2, "cpu": "AVX2"}
{"event": "extra_d_apply", "armed": true, "update_index": 1384, "modes": 8, "HQ": 0.999755859375, "extra_d_steps_this_turn": 2, "cpu": "AVX2"}
{"event": "extra_d_apply", "armed": true, "update_index": 1385, "modes": 8, "HQ": 0.999755859375, "extra_d_steps_this_turn": 2, "cpu": "AVX2"}
{"event": "extra_d_apply", "armed": true, "update_index": 1386, "modes": 8, "HQ": 0.999755859375, "extra_d_steps_this_turn": 2, "cpu": "AVX2"}
{"event": "extra_d_apply", "armed": true, "update_index": 1387, "modes": 8, "HQ": 0.999755859375, "extra_d_steps_this_turn": 2, "cpu": "AVX2"}
{"event": "extra_d_apply", "armed": true, "update_index": 1388, "modes": 8, "HQ": 0.999755859375, "extra_d_steps_this_turn": 2, "cpu": "AVX2"}
{"event": "extra_d_apply", "armed": true, "update_index": 1389, "modes": 8, "HQ": 0.999755859375, "extra_d_steps_this_turn": 2, "cpu": "AVX2"}
{"event": "extra_d_apply", "armed": true, "update_index": 1390, "modes": 8, "HQ": 0.999755859375, "extra_d_steps_this_turn": 2, "cpu": "AVX2"}
{"event": "extra_d_apply", "armed": true, "update_index": 1391, "modes": 8, "HQ": 0.952392578125, "extra_d_steps_this_turn": 2, "cpu": "AVX2"}
{"event": "extra_d_apply", "armed": true, "update_index": 1392, "modes": 8, "HQ": 0.952392578125, "extra_d_steps_this_turn": 2, "cpu": "AVX2"}
{"event": "extra_d_apply", "armed": true, "update_index": 1393, "modes": 8, "HQ": 0.952392578125, "extra_d_steps_this_turn": 2, "cpu": "AVX2"}
{"event": "extra_d_apply", "armed": true, "update_index": 1394, "modes": 8, "HQ": 0.952392578125, "extra_d_steps_this_turn": 2, "cpu": "AVX2"}
{"event": "extra_d_apply", "armed": true, "update_index": 1395, "modes": 8, "HQ": 0.952392578125, "extra_d_steps_this_turn": 2, "cpu": "AVX2"}
{"event": "extra_d_apply", "armed": true, "update_index": 1396, "modes": 8, "HQ": 0.952392578125, "extra_d_steps_this_turn": 2, "cpu": "AVX2"}
{"event": "extra_d_apply", "armed": true, "update_index": 1397, "modes": 8, "HQ": 0.952392578125, "extra_d_steps_this_turn": 2, "cpu": "AVX2"}
{"event": "extra_d_apply", "armed": true, "update_index": 1398, "modes": 8, "HQ": 0.952392578125, "extra_d_steps_this_turn": 2, "cpu": "AVX2"}
{"event": "extra_d_apply", "armed": true, "update_index": 1399, "modes": 8, "HQ": 0.952392578125, "extra_d_steps_this_turn": 2, "cpu": "AVX2"}
{"event": "extra_d_apply", "armed": true, "update_index": 1400, "modes": 8, "HQ": 0.952392578125, "extra_d_steps_this_turn": 2, "cpu": "AVX2"}
{"event": "PROGRESS", "outer": 1400, "armed": true, "arm_update_index": 1200, "fires": 200, "extra_d_steps": 400, "modes": 8, "HQ": 0.952392578125, "fires_acquire": 200, "fires_dropout": 0, "fires_after_2300": 0, "cpu": "AVX2"}
{"event": "extra_d_apply", "armed": true, "update_index": 1401, "modes": 6, "HQ": 0.73291015625, "extra_d_steps_this_turn": 2, "cpu": "AVX2"}
{"event": "extra_d_apply", "armed": true, "update_index": 1402, "modes": 6, "HQ": 0.73291015625, "extra_d_steps_this_turn": 2, "cpu": "AVX2"}
{"event": "extra_d_apply", "armed": true, "update_index": 1403, "modes": 6, "HQ": 0.73291015625, "extra_d_steps_this_turn": 2, "cpu": "AVX2"}
{"event": "extra_d_apply", "armed": true, "update_index": 1404, "modes": 6, "HQ": 0.73291015625, "extra_d_steps_this_turn": 2, "cpu": "AVX2"}
{"event": "extra_d_apply", "armed": true, "update_index": 1405, "modes": 6, "HQ": 0.73291015625, "extra_d_steps_this_turn": 2, "cpu": "AVX2"}
{"event": "extra_d_apply", "armed": true, "update_index": 1406, "modes": 6, "HQ": 0.73291015625, "extra_d_steps_this_turn": 2, "cpu": "AVX2"}
{"event": "extra_d_apply", "armed": true, "update_index": 1407, "modes": 6, "HQ": 0.73291015625, "extra_d_steps_this_turn": 2, "cpu": "AVX2"}
{"event": "extra_d_apply", "armed": true, "update_index": 1408, "modes": 6, "HQ": 0.73291015625, "extra_d_steps_this_turn": 2, "cpu": "AVX2"}
{"event": "extra_d_apply", "armed": true, "update_index": 1409, "modes": 6, "HQ": 0.73291015625, "extra_d_steps_this_turn": 2, "cpu": "AVX2"}
{"event": "extra_d_apply", "armed": true, "update_index": 1410, "modes": 6, "HQ": 0.73291015625, "extra_d_steps_this_turn": 2, "cpu": "AVX2"}
{"event": "extra_d_apply", "armed": true, "update_index": 1411, "modes": 6, "HQ": 0.70703125, "extra_d_steps_this_turn": 2, "cpu": "AVX2"}
{"event": "extra_d_apply", "armed": true, "update_index": 1412, "modes": 6, "HQ": 0.70703125, "extra_d_steps_this_turn": 2, "cpu": "AVX2"}
{"event": "extra_d_apply", "armed": true, "update_index": 1413, "modes": 6, "HQ": 0.70703125, "extra_d_steps_this_turn": 2, "cpu": "AVX2"}
{"event": "extra_d_apply", "armed": true, "update_index": 1414, "modes": 6, "HQ": 0.70703125, "extra_d_steps_this_turn": 2, "cpu": "AVX2"}
{"event": "extra_d_apply", "armed": true, "update_index": 1415, "modes": 6, "HQ": 0.70703125, "extra_d_steps_this_turn": 2, "cpu": "AVX2"}
{"event": "extra_d_apply", "armed": true, "update_index": 1416, "modes": 6, "HQ": 0.70703125, "extra_d_steps_this_turn": 2, "cpu": "AVX2"}
{"event": "extra_d_apply", "armed": true, "update_index": 1417, "modes": 6, "HQ": 0.70703125, "extra_d_steps_this_turn": 2, "cpu": "AVX2"}
{"event": "extra_d_apply", "armed": true, "update_index": 1418, "modes": 6, "HQ": 0.70703125, "extra_d_steps_this_turn": 2, "cpu": "AVX2"}
{"event": "extra_d_apply", "armed": true, "update_index": 1419, "modes": 6, "HQ": 0.70703125, "extra_d_steps_this_turn": 2, "cpu": "AVX2"}
{"event": "extra_d_apply", "armed": true, "update_index": 1420, "modes": 6, "HQ": 0.70703125, "extra_d_steps_this_turn": 2, "cpu": "AVX2"}
{"event": "extra_d_apply", "armed": true, "update_index": 1421, "modes": 5, "HQ": 0.67041015625, "extra_d_steps_this_turn": 2, "cpu": "AVX2"}
{"event": "extra_d_apply", "armed": true, "update_index": 1422, "modes": 5, "HQ": 0.67041015625, "extra_d_steps_this_turn": 2, "cpu": "AVX2"}
{"event": "extra_d_apply", "armed": true, "update_index": 1423, "modes": 5, "HQ": 0.67041015625, "extra_d_steps_this_turn": 2, "cpu": "AVX2"}
{"event": "extra_d_apply", "armed": true, "update_index": 1424, "modes": 5, "HQ": 0.67041015625, "extra_d_steps_this_turn": 2, "cpu": "AVX2"}
{"event": "extra_d_apply", "armed": true, "update_index": 1425, "modes": 5, "HQ": 0.67041015625, "extra_d_steps_this_turn": 2, "cpu": "AVX2"}
{"event": "extra_d_apply", "armed": true, "update_index": 1426, "modes": 5, "HQ": 0.67041015625, "extra_d_steps_this_turn": 2, "cpu": "AVX2"}
{"event": "extra_d_apply", "armed": true, "update_index": 1427, "modes": 5, "HQ": 0.67041015625, "extra_d_steps_this_turn": 2, "cpu": "AVX2"}
{"event": "extra_d_apply", "armed": true, "update_index": 1428, "modes": 5, "HQ": 0.67041015625, "extra_d_steps_this_turn": 2, "cpu": "AVX2"}
{"event": "extra_d_apply", "armed": true, "update_index": 1429, "modes": 5, "HQ": 0.67041015625, "extra_d_steps_this_turn": 2, "cpu": "AVX2"}
{"event": "extra_d_apply", "armed": true, "update_index": 1430, "modes": 5, "HQ": 0.67041015625, "extra_d_steps_this_turn": 2, "cpu": "AVX2"}
{"event": "extra_d_apply", "armed": true, "update_index": 1431, "modes": 8, "HQ": 0.919677734375, "extra_d_steps_this_turn": 2, "cpu": "AVX2"}
{"event": "extra_d_apply", "armed": true, "update_index": 1432, "modes": 8, "HQ": 0.919677734375, "extra_d_steps_this_turn": 2, "cpu": "AVX2"}
{"event": "extra_d_apply", "armed": true, "update_index": 1433, "modes": 8, "HQ": 0.919677734375, "extra_d_steps_this_turn": 2, "cpu": "AVX2"}
{"event": "extra_d_apply", "armed": true, "update_index": 1434, "modes": 8, "HQ": 0.919677734375, "extra_d_steps_this_turn": 2, "cpu": "AVX2"}
{"event": "extra_d_apply", "armed": true, "update_index": 1435, "modes": 8, "HQ": 0.919677734375, "extra_d_steps_this_turn": 2, "cpu": "AVX2"}
{"event": "extra_d_apply", "armed": true, "update_index": 1436, "modes": 8, "HQ": 0.919677734375, "extra_d_steps_this_turn": 2, "cpu": "AVX2"}
{"event": "extra_d_apply", "armed": true, "update_index": 1437, "modes": 8, "HQ": 0.919677734375, "extra_d_steps_this_turn": 2, "cpu": "AVX2"}
{"event": "extra_d_apply", "armed": true, "update_index": 1438, "modes": 8, "HQ": 0.919677734375, "extra_d_steps_this_turn": 2, "cpu": "AVX2"}
{"event": "extra_d_apply", "armed": true, "update_index": 1439, "modes": 8, "HQ": 0.919677734375, "extra_d_steps_this_turn": 2, "cpu": "AVX2"}
{"event": "extra_d_apply", "armed": true, "update_index": 1440, "modes": 8, "HQ": 0.919677734375, "extra_d_steps_this_turn": 2, "cpu": "AVX2"}
{"event": "extra_d_apply", "armed": true, "update_index": 1441, "modes": 8, "HQ": 1.0, "extra_d_steps_this_turn": 2, "cpu": "AVX2"}
{"event": "extra_d_apply", "armed": true, "update_index": 1442, "modes": 8, "HQ": 1.0, "extra_d_steps_this_turn": 2, "cpu": "AVX2"}
{"event": "extra_d_apply", "armed": true, "update_index": 1443, "modes": 8, "HQ": 1.0, "extra_d_steps_this_turn": 2, "cpu": "AVX2"}
{"event": "extra_d_apply", "armed": true, "update_index": 1444, "modes": 8, "HQ": 1.0, "extra_d_steps_this_turn": 2, "cpu": "AVX2"}
{"event": "extra_d_apply", "armed": true, "update_index": 1445, "modes": 8, "HQ": 1.0, "extra_d_steps_this_turn": 2, "cpu": "AVX2"}
{"event": "extra_d_apply", "armed": true, "update_index": 1446, "modes": 8, "HQ": 1.0, "extra_d_steps_this_turn": 2, "cpu": "AVX2"}
{"event": "extra_d_apply", "armed": true, "update_index": 1447, "modes": 8, "HQ": 1.0, "extra_d_steps_this_turn": 2, "cpu": "AVX2"}
{"event": "extra_d_apply", "armed": true, "update_index": 1448, "modes": 8, "HQ": 1.0, "extra_d_steps_this_turn": 2, "cpu": "AVX2"}
{"event": "extra_d_apply", "armed": true, "update_index": 1449, "modes": 8, "HQ": 1.0, "extra_d_steps_this_turn": 2, "cpu": "AVX2"}
{"event": "extra_d_apply", "armed": true, "update_index": 1450, "modes": 8, "HQ": 1.0, "extra_d_steps_this_turn": 2, "cpu": "AVX2"}
{"event": "extra_d_apply", "armed": true, "update_index": 1451, "modes": 8, "HQ": 1.0, "extra_d_steps_this_turn": 2, "cpu": "AVX2"}
{"event": "extra_d_apply", "armed": true, "update_index": 1452, "modes": 8, "HQ": 1.0, "extra_d_steps_this_turn": 2, "cpu": "AVX2"}
{"event": "extra_d_apply", "armed": true, "update_index": 1453, "modes": 8, "HQ": 1.0, "extra_d_steps_this_turn": 2, "cpu": "AVX2"}
{"event": "extra_d_apply", "armed": true, "update_index": 1454, "modes": 8, "HQ": 1.0, "extra_d_steps_this_turn": 2, "cpu": "AVX2"}
{"event": "extra_d_apply", "armed": true, "update_index": 1455, "modes": 8, "HQ": 1.0, "extra_d_steps_this_turn": 2, "cpu": "AVX2"}
{"event": "extra_d_apply", "armed": true, "update_index": 1456, "modes": 8, "HQ": 1.0, "extra_d_steps_this_turn": 2, "cpu": "AVX2"}
{"event": "extra_d_apply", "armed": true, "update_index": 1457, "modes": 8, "HQ": 1.0, "extra_d_steps_this_turn": 2, "cpu": "AVX2"}
{"event": "extra_d_apply", "armed": true, "update_index": 1458, "modes": 8, "HQ": 1.0, "extra_d_steps_this_turn": 2, "cpu": "AVX2"}
{"event": "extra_d_apply", "armed": true, "update_index": 1459, "modes": 8, "HQ": 1.0, "extra_d_steps_this_turn": 2, "cpu": "AVX2"}
{"event": "extra_d_apply", "armed": true, "update_index": 1460, "modes": 8, "HQ": 1.0, "extra_d_steps_this_turn": 2, "cpu": "AVX2"}
{"event": "extra_d_apply", "armed": true, "update_index": 1461, "modes": 8, "HQ": 1.0, "extra_d_steps_this_turn": 2, "cpu": "AVX2"}
{"event": "extra_d_apply", "armed": true, "update_index": 1462, "modes": 8, "HQ": 1.0, "extra_d_steps_this_turn": 2, "cpu": "AVX2"}
{"event": "extra_d_apply", "armed": true, "update_index": 1463, "modes": 8, "HQ": 1.0, "extra_d_steps_this_turn": 2, "cpu": "AVX2"}
{"event": "extra_d_apply", "armed": true, "update_index": 1464, "modes": 8, "HQ": 1.0, "extra_d_steps_this_turn": 2, "cpu": "AVX2"}
{"event": "extra_d_apply", "armed": true, "update_index": 1465, "modes": 8, "HQ": 1.0, "extra_d_steps_this_turn": 2, "cpu": "AVX2"}
{"event": "extra_d_apply", "armed": true, "update_index": 1466, "modes": 8, "HQ": 1.0, "extra_d_steps_this_turn": 2, "cpu": "AVX2"}
{"event": "extra_d_apply", "armed": true, "update_index": 1467, "modes": 8, "HQ": 1.0, "extra_d_steps_this_turn": 2, "cpu": "AVX2"}
{"event": "extra_d_apply", "armed": true, "update_index": 1468, "modes": 8, "HQ": 1.0, "extra_d_steps_this_turn": 2, "cpu": "AVX2"}
{"event": "extra_d_apply", "armed": true, "update_index": 1469, "modes": 8, "HQ": 1.0, "extra_d_steps_this_turn": 2, "cpu": "AVX2"}
{"event": "extra_d_apply", "armed": true, "update_index": 1470, "modes": 8, "HQ": 1.0, "extra_d_steps_this_turn": 2, "cpu": "AVX2"}
{"event": "extra_d_apply", "armed": true, "update_index": 1471, "modes": 8, "HQ": 0.99560546875, "extra_d_steps_this_turn": 2, "cpu": "AVX2"}
{"event": "extra_d_apply", "armed": true, "update_index": 1472, "modes": 8, "HQ": 0.99560546875, "extra_d_steps_this_turn": 2, "cpu": "AVX2"}
{"event": "extra_d_apply", "armed": true, "update_index": 1473, "modes": 8, "HQ": 0.99560546875, "extra_d_steps_this_turn": 2, "cpu": "AVX2"}
{"event": "extra_d_apply", "armed": true, "update_index": 1474, "modes": 8, "HQ": 0.99560546875, "extra_d_steps_this_turn": 2, "cpu": "AVX2"}
{"event": "extra_d_apply", "armed": true, "update_index": 1475, "modes": 8, "HQ": 0.99560546875, "extra_d_steps_this_turn": 2, "cpu": "AVX2"}
{"event": "extra_d_apply", "armed": true, "update_index": 1476, "modes": 8, "HQ": 0.99560546875, "extra_d_steps_this_turn": 2, "cpu": "AVX2"}
{"event": "extra_d_apply", "armed": true, "update_index": 1477, "modes": 8, "HQ": 0.99560546875, "extra_d_steps_this_turn": 2, "cpu": "AVX2"}
{"event": "extra_d_apply", "armed": true, "update_index": 1478, "modes": 8, "HQ": 0.99560546875, "extra_d_steps_this_turn": 2, "cpu": "AVX2"}
{"event": "extra_d_apply", "armed": true, "update_index": 1479, "modes": 8, "HQ": 0.99560546875, "extra_d_steps_this_turn": 2, "cpu": "AVX2"}
{"event": "extra_d_apply", "armed": true, "update_index": 1480, "modes": 8, "HQ": 0.99560546875, "extra_d_steps_this_turn": 2, "cpu": "AVX2"}
{"event": "extra_d_apply", "armed": true, "update_index": 1481, "modes": 8, "HQ": 1.0, "extra_d_steps_this_turn": 2, "cpu": "AVX2"}
{"event": "extra_d_apply", "armed": true, "update_index": 1482, "modes": 8, "HQ": 1.0, "extra_d_steps_this_turn": 2, "cpu": "AVX2"}
{"event": "extra_d_apply", "armed": true, "update_index": 1483, "modes": 8, "HQ": 1.0, "extra_d_steps_this_turn": 2, "cpu": "AVX2"}
{"event": "extra_d_apply", "armed": true, "update_index": 1484, "modes": 8, "HQ": 1.0, "extra_d_steps_this_turn": 2, "cpu": "AVX2"}
{"event": "extra_d_apply", "armed": true, "update_index": 1485, "modes": 8, "HQ": 1.0, "extra_d_steps_this_turn": 2, "cpu": "AVX2"}
{"event": "extra_d_apply", "armed": true, "update_index": 1486, "modes": 8, "HQ": 1.0, "extra_d_steps_this_turn": 2, "cpu": "AVX2"}
{"event": "extra_d_apply", "armed": true, "update_index": 1487, "modes": 8, "HQ": 1.0, "extra_d_steps_this_turn": 2, "cpu": "AVX2"}
{"event": "extra_d_apply", "armed": true, "update_index": 1488, "modes": 8, "HQ": 1.0, "extra_d_steps_this_turn": 2, "cpu": "AVX2"}
{"event": "extra_d_apply", "armed": true, "update_index": 1489, "modes": 8, "HQ": 1.0, "extra_d_steps_this_turn": 2, "cpu": "AVX2"}
{"event": "extra_d_apply", "armed": true, "update_index": 1490, "modes": 8, "HQ": 1.0, "extra_d_steps_this_turn": 2, "cpu": "AVX2"}
{"event": "extra_d_apply", "armed": true, "update_index": 1491, "modes": 8, "HQ": 0.996826171875, "extra_d_steps_this_turn": 2, "cpu": "AVX2"}
{"event": "extra_d_apply", "armed": true, "update_index": 1492, "modes": 8, "HQ": 0.996826171875, "extra_d_steps_this_turn": 2, "cpu": "AVX2"}
{"event": "extra_d_apply", "armed": true, "update_index": 1493, "modes": 8, "HQ": 0.996826171875, "extra_d_steps_this_turn": 2, "cpu": "AVX2"}
{"event": "extra_d_apply", "armed": true, "update_index": 1494, "modes": 8, "HQ": 0.996826171875, "extra_d_steps_this_turn": 2, "cpu": "AVX2"}
{"event": "extra_d_apply", "armed": true, "update_index": 1495, "modes": 8, "HQ": 0.996826171875, "extra_d_steps_this_turn": 2, "cpu": "AVX2"}
{"event": "extra_d_apply", "armed": true, "update_index": 1496, "modes": 8, "HQ": 0.996826171875, "extra_d_steps_this_turn": 2, "cpu": "AVX2"}
{"event": "extra_d_apply", "armed": true, "update_index": 1497, "modes": 8, "HQ": 0.996826171875, "extra_d_steps_this_turn": 2, "cpu": "AVX2"}
{"event": "extra_d_apply", "armed": true, "update_index": 1498, "modes": 8, "HQ": 0.996826171875, "extra_d_steps_this_turn": 2, "cpu": "AVX2"}
{"event": "extra_d_apply", "armed": true, "update_index": 1499, "modes": 8, "HQ": 0.996826171875, "extra_d_steps_this_turn": 2, "cpu": "AVX2"}
{"event": "extra_d_apply", "armed": true, "update_index": 1500, "modes": 8, "HQ": 0.996826171875, "extra_d_steps_this_turn": 2, "cpu": "AVX2"}
{"event": "PROGRESS", "outer": 1500, "armed": true, "arm_update_index": 1200, "fires": 300, "extra_d_steps": 600, "modes": 8, "HQ": 0.996826171875, "fires_acquire": 300, "fires_dropout": 0, "fires_after_2300": 0, "cpu": "AVX2"}
{"event": "extra_d_apply", "armed": true, "update_index": 1501, "modes": 8, "HQ": 1.0, "extra_d_steps_this_turn": 2, "cpu": "AVX2"}
{"event": "extra_d_apply", "armed": true, "update_index": 1502, "modes": 8, "HQ": 1.0, "extra_d_steps_this_turn": 2, "cpu": "AVX2"}
{"event": "extra_d_apply", "armed": true, "update_index": 1503, "modes": 8, "HQ": 1.0, "extra_d_steps_this_turn": 2, "cpu": "AVX2"}
{"event": "extra_d_apply", "armed": true, "update_index": 1504, "modes": 8, "HQ": 1.0, "extra_d_steps_this_turn": 2, "cpu": "AVX2"}
{"event": "extra_d_apply", "armed": true, "update_index": 1505, "modes": 8, "HQ": 1.0, "extra_d_steps_this_turn": 2, "cpu": "AVX2"}
{"event": "extra_d_apply", "armed": true, "update_index": 1506, "modes": 8, "HQ": 1.0, "extra_d_steps_this_turn": 2, "cpu": "AVX2"}
{"event": "extra_d_apply", "armed": true, "update_index": 1507, "modes": 8, "HQ": 1.0, "extra_d_steps_this_turn": 2, "cpu": "AVX2"}
{"event": "extra_d_apply", "armed": true, "update_index": 1508, "modes": 8, "HQ": 1.0, "extra_d_steps_this_turn": 2, "cpu": "AVX2"}
{"event": "extra_d_apply", "armed": true, "update_index": 1509, "modes": 8, "HQ": 1.0, "extra_d_steps_this_turn": 2, "cpu": "AVX2"}
{"event": "extra_d_apply", "armed": true, "update_index": 1510, "modes": 8, "HQ": 1.0, "extra_d_steps_this_turn": 2, "cpu": "AVX2"}
{"event": "extra_d_apply", "armed": true, "update_index": 1511, "modes": 7, "HQ": 0.65185546875, "extra_d_steps_this_turn": 2, "cpu": "AVX2"}
{"event": "extra_d_apply", "armed": true, "update_index": 1512, "modes": 7, "HQ": 0.65185546875, "extra_d_steps_this_turn": 2, "cpu": "AVX2"}
{"event": "extra_d_apply", "armed": true, "update_index": 1513, "modes": 7, "HQ": 0.65185546875, "extra_d_steps_this_turn": 2, "cpu": "AVX2"}
{"event": "extra_d_apply", "armed": true, "update_index": 1514, "modes": 7, "HQ": 0.65185546875, "extra_d_steps_this_turn": 2, "cpu": "AVX2"}
{"event": "extra_d_apply", "armed": true, "update_index": 1515, "modes": 7, "HQ": 0.65185546875, "extra_d_steps_this_turn": 2, "cpu": "AVX2"}
{"event": "extra_d_apply", "armed": true, "update_index": 1516, "modes": 7, "HQ": 0.65185546875, "extra_d_steps_this_turn": 2, "cpu": "AVX2"}
{"event": "extra_d_apply", "armed": true, "update_index": 1517, "modes": 7, "HQ": 0.65185546875, "extra_d_steps_this_turn": 2, "cpu": "AVX2"}
{"event": "extra_d_apply", "armed": true, "update_index": 1518, "modes": 7, "HQ": 0.65185546875, "extra_d_steps_this_turn": 2, "cpu": "AVX2"}
{"event": "extra_d_apply", "armed": true, "update_index": 1519, "modes": 7, "HQ": 0.65185546875, "extra_d_steps_this_turn": 2, "cpu": "AVX2"}
{"event": "extra_d_apply", "armed": true, "update_index": 1520, "modes": 7, "HQ": 0.65185546875, "extra_d_steps_this_turn": 2, "cpu": "AVX2"}
{"event": "extra_d_apply", "armed": true, "update_index": 1521, "modes": 8, "HQ": 0.93017578125, "extra_d_steps_this_turn": 2, "cpu": "AVX2"}
{"event": "extra_d_apply", "armed": true, "update_index": 1522, "modes": 8, "HQ": 0.93017578125, "extra_d_steps_this_turn": 2, "cpu": "AVX2"}
{"event": "extra_d_apply", "armed": true, "update_index": 1523, "modes": 8, "HQ": 0.93017578125, "extra_d_steps_this_turn": 2, "cpu": "AVX2"}
{"event": "extra_d_apply", "armed": true, "update_index": 1524, "modes": 8, "HQ": 0.93017578125, "extra_d_steps_this_turn": 2, "cpu": "AVX2"}
{"event": "extra_d_apply", "armed": true, "update_index": 1525, "modes": 8, "HQ": 0.93017578125, "extra_d_steps_this_turn": 2, "cpu": "AVX2"}
{"event": "extra_d_apply", "armed": true, "update_index": 1526, "modes": 8, "HQ": 0.93017578125, "extra_d_steps_this_turn": 2, "cpu": "AVX2"}
{"event": "extra_d_apply", "armed": true, "update_index": 1527, "modes": 8, "HQ": 0.93017578125, "extra_d_steps_this_turn": 2, "cpu": "AVX2"}
{"event": "extra_d_apply", "armed": true, "update_index": 1528, "modes": 8, "HQ": 0.93017578125, "extra_d_steps_this_turn": 2, "cpu": "AVX2"}
{"event": "extra_d_apply", "armed": true, "update_index": 1529, "modes": 8, "HQ": 0.93017578125, "extra_d_steps_this_turn": 2, "cpu": "AVX2"}
{"event": "extra_d_apply", "armed": true, "update_index": 1530, "modes": 8, "HQ": 0.93017578125, "extra_d_steps_this_turn": 2, "cpu": "AVX2"}
{"event": "extra_d_apply", "armed": true, "update_index": 1531, "modes": 8, "HQ": 0.999267578125, "extra_d_steps_this_turn": 2, "cpu": "AVX2"}
{"event": "extra_d_apply", "armed": true, "update_index": 1532, "modes": 8, "HQ": 0.999267578125, "extra_d_steps_this_turn": 2, "cpu": "AVX2"}
{"event": "extra_d_apply", "armed": true, "update_index": 1533, "modes": 8, "HQ": 0.999267578125, "extra_d_steps_this_turn": 2, "cpu": "AVX2"}
{"event": "extra_d_apply", "armed": true, "update_index": 1534, "modes": 8, "HQ": 0.999267578125, "extra_d_steps_this_turn": 2, "cpu": "AVX2"}
{"event": "extra_d_apply", "armed": true, "update_index": 1535, "modes": 8, "HQ": 0.999267578125, "extra_d_steps_this_turn": 2, "cpu": "AVX2"}
{"event": "extra_d_apply", "armed": true, "update_index": 1536, "modes": 8, "HQ": 0.999267578125, "extra_d_steps_this_turn": 2, "cpu": "AVX2"}
{"event": "extra_d_apply", "armed": true, "update_index": 1537, "modes": 8, "HQ": 0.999267578125, "extra_d_steps_this_turn": 2, "cpu": "AVX2"}
{"event": "extra_d_apply", "armed": true, "update_index": 1538, "modes": 8, "HQ": 0.999267578125, "extra_d_steps_this_turn": 2, "cpu": "AVX2"}
{"event": "extra_d_apply", "armed": true, "update_index": 1539, "modes": 8, "HQ": 0.999267578125, "extra_d_steps_this_turn": 2, "cpu": "AVX2"}
{"event": "extra_d_apply", "armed": true, "update_index": 1540, "modes": 8, "HQ": 0.999267578125, "extra_d_steps_this_turn": 2, "cpu": "AVX2"}
{"event": "extra_d_apply", "armed": true, "update_index": 1541, "modes": 8, "HQ": 0.990966796875, "extra_d_steps_this_turn": 2, "cpu": "AVX2"}
{"event": "extra_d_apply", "armed": true, "update_index": 1542, "modes": 8, "HQ": 0.990966796875, "extra_d_steps_this_turn": 2, "cpu": "AVX2"}
{"event": "extra_d_apply", "armed": true, "update_index": 1543, "modes": 8, "HQ": 0.990966796875, "extra_d_steps_this_turn": 2, "cpu": "AVX2"}
{"event": "extra_d_apply", "armed": true, "update_index": 1544, "modes": 8, "HQ": 0.990966796875, "extra_d_steps_this_turn": 2, "cpu": "AVX2"}
{"event": "extra_d_apply", "armed": true, "update_index": 1545, "modes": 8, "HQ": 0.990966796875, "extra_d_steps_this_turn": 2, "cpu": "AVX2"}
{"event": "extra_d_apply", "armed": true, "update_index": 1546, "modes": 8, "HQ": 0.990966796875, "extra_d_steps_this_turn": 2, "cpu": "AVX2"}
{"event": "extra_d_apply", "armed": true, "update_index": 1547, "modes": 8, "HQ": 0.990966796875, "extra_d_steps_this_turn": 2, "cpu": "AVX2"}
{"event": "extra_d_apply", "armed": true, "update_index": 1548, "modes": 8, "HQ": 0.990966796875, "extra_d_steps_this_turn": 2, "cpu": "AVX2"}
{"event": "extra_d_apply", "armed": true, "update_index": 1549, "modes": 8, "HQ": 0.990966796875, "extra_d_steps_this_turn": 2, "cpu": "AVX2"}
{"event": "extra_d_apply", "armed": true, "update_index": 1550, "modes": 8, "HQ": 0.990966796875, "extra_d_steps_this_turn": 2, "cpu": "AVX2"}
{"event": "extra_d_apply", "armed": true, "update_index": 1551, "modes": 8, "HQ": 0.751220703125, "extra_d_steps_this_turn": 2, "cpu": "AVX2"}
{"event": "extra_d_apply", "armed": true, "update_index": 1552, "modes": 8, "HQ": 0.751220703125, "extra_d_steps_this_turn": 2, "cpu": "AVX2"}
{"event": "extra_d_apply", "armed": true, "update_index": 1553, "modes": 8, "HQ": 0.751220703125, "extra_d_steps_this_turn": 2, "cpu": "AVX2"}
{"event": "extra_d_apply", "armed": true, "update_index": 1554, "modes": 8, "HQ": 0.751220703125, "extra_d_steps_this_turn": 2, "cpu": "AVX2"}
{"event": "extra_d_apply", "armed": true, "update_index": 1555, "modes": 8, "HQ": 0.751220703125, "extra_d_steps_this_turn": 2, "cpu": "AVX2"}
{"event": "extra_d_apply", "armed": true, "update_index": 1556, "modes": 8, "HQ": 0.751220703125, "extra_d_steps_this_turn": 2, "cpu": "AVX2"}
{"event": "extra_d_apply", "armed": true, "update_index": 1557, "modes": 8, "HQ": 0.751220703125, "extra_d_steps_this_turn": 2, "cpu": "AVX2"}
{"event": "extra_d_apply", "armed": true, "update_index": 1558, "modes": 8, "HQ": 0.751220703125, "extra_d_steps_this_turn": 2, "cpu": "AVX2"}
{"event": "extra_d_apply", "armed": true, "update_index": 1559, "modes": 8, "HQ": 0.751220703125, "extra_d_steps_this_turn": 2, "cpu": "AVX2"}
{"event": "extra_d_apply", "armed": true, "update_index": 1560, "modes": 8, "HQ": 0.751220703125, "extra_d_steps_this_turn": 2, "cpu": "AVX2"}
{"event": "extra_d_apply", "armed": true, "update_index": 1561, "modes": 8, "HQ": 0.83984375, "extra_d_steps_this_turn": 2, "cpu": "AVX2"}
{"event": "extra_d_apply", "armed": true, "update_index": 1562, "modes": 8, "HQ": 0.83984375, "extra_d_steps_this_turn": 2, "cpu": "AVX2"}
{"event": "extra_d_apply", "armed": true, "update_index": 1563, "modes": 8, "HQ": 0.83984375, "extra_d_steps_this_turn": 2, "cpu": "AVX2"}
{"event": "extra_d_apply", "armed": true, "update_index": 1564, "modes": 8, "HQ": 0.83984375, "extra_d_steps_this_turn": 2, "cpu": "AVX2"}
{"event": "extra_d_apply", "armed": true, "update_index": 1565, "modes": 8, "HQ": 0.83984375, "extra_d_steps_this_turn": 2, "cpu": "AVX2"}
{"event": "extra_d_apply", "armed": true, "update_index": 1566, "modes": 8, "HQ": 0.83984375, "extra_d_steps_this_turn": 2, "cpu": "AVX2"}
{"event": "extra_d_apply", "armed": true, "update_index": 1567, "modes": 8, "HQ": 0.83984375, "extra_d_steps_this_turn": 2, "cpu": "AVX2"}
{"event": "extra_d_apply", "armed": true, "update_index": 1568, "modes": 8, "HQ": 0.83984375, "extra_d_steps_this_turn": 2, "cpu": "AVX2"}
{"event": "extra_d_apply", "armed": true, "update_index": 1569, "modes": 8, "HQ": 0.83984375, "extra_d_steps_this_turn": 2, "cpu": "AVX2"}
{"event": "extra_d_apply", "armed": true, "update_index": 1570, "modes": 8, "HQ": 0.83984375, "extra_d_steps_this_turn": 2, "cpu": "AVX2"}
{"event": "extra_d_apply", "armed": true, "update_index": 1571, "modes": 5, "HQ": 0.091552734375, "extra_d_steps_this_turn": 2, "cpu": "AVX2"}
{"event": "extra_d_apply", "armed": true, "update_index": 1572, "modes": 5, "HQ": 0.091552734375, "extra_d_steps_this_turn": 2, "cpu": "AVX2"}
{"event": "extra_d_apply", "armed": true, "update_index": 1573, "modes": 5, "HQ": 0.091552734375, "extra_d_steps_this_turn": 2, "cpu": "AVX2"}
{"event": "extra_d_apply", "armed": true, "update_index": 1574, "modes": 5, "HQ": 0.091552734375, "extra_d_steps_this_turn": 2, "cpu": "AVX2"}
{"event": "extra_d_apply", "armed": true, "update_index": 1575, "modes": 5, "HQ": 0.091552734375, "extra_d_steps_this_turn": 2, "cpu": "AVX2"}
{"event": "extra_d_apply", "armed": true, "update_index": 1576, "modes": 5, "HQ": 0.091552734375, "extra_d_steps_this_turn": 2, "cpu": "AVX2"}
{"event": "extra_d_apply", "armed": true, "update_index": 1577, "modes": 5, "HQ": 0.091552734375, "extra_d_steps_this_turn": 2, "cpu": "AVX2"}
{"event": "extra_d_apply", "armed": true, "update_index": 1578, "modes": 5, "HQ": 0.091552734375, "extra_d_steps_this_turn": 2, "cpu": "AVX2"}
{"event": "extra_d_apply", "armed": true, "update_index": 1579, "modes": 5, "HQ": 0.091552734375, "extra_d_steps_this_turn": 2, "cpu": "AVX2"}
{"event": "extra_d_apply", "armed": true, "update_index": 1580, "modes": 5, "HQ": 0.091552734375, "extra_d_steps_this_turn": 2, "cpu": "AVX2"}
{"event": "extra_d_apply", "armed": true, "update_index": 1581, "modes": 6, "HQ": 0.448486328125, "extra_d_steps_this_turn": 2, "cpu": "AVX2"}
{"event": "extra_d_apply", "armed": true, "update_index": 1582, "modes": 6, "HQ": 0.448486328125, "extra_d_steps_this_turn": 2, "cpu": "AVX2"}
{"event": "extra_d_apply", "armed": true, "update_index": 1583, "modes": 6, "HQ": 0.448486328125, "extra_d_steps_this_turn": 2, "cpu": "AVX2"}
{"event": "extra_d_apply", "armed": true, "update_index": 1584, "modes": 6, "HQ": 0.448486328125, "extra_d_steps_this_turn": 2, "cpu": "AVX2"}
{"event": "extra_d_apply", "armed": true, "update_index": 1585, "modes": 6, "HQ": 0.448486328125, "extra_d_steps_this_turn": 2, "cpu": "AVX2"}
{"event": "extra_d_apply", "armed": true, "update_index": 1586, "modes": 6, "HQ": 0.448486328125, "extra_d_steps_this_turn": 2, "cpu": "AVX2"}
{"event": "extra_d_apply", "armed": true, "update_index": 1587, "modes": 6, "HQ": 0.448486328125, "extra_d_steps_this_turn": 2, "cpu": "AVX2"}
{"event": "extra_d_apply", "armed": true, "update_index": 1588, "modes": 6, "HQ": 0.448486328125, "extra_d_steps_this_turn": 2, "cpu": "AVX2"}
{"event": "extra_d_apply", "armed": true, "update_index": 1589, "modes": 6, "HQ": 0.448486328125, "extra_d_steps_this_turn": 2, "cpu": "AVX2"}
{"event": "extra_d_apply", "armed": true, "update_index": 1590, "modes": 6, "HQ": 0.448486328125, "extra_d_steps_this_turn": 2, "cpu": "AVX2"}
{"event": "extra_d_apply", "armed": true, "update_index": 1591, "modes": 8, "HQ": 0.863525390625, "extra_d_steps_this_turn": 2, "cpu": "AVX2"}
{"event": "extra_d_apply", "armed": true, "update_index": 1592, "modes": 8, "HQ": 0.863525390625, "extra_d_steps_this_turn": 2, "cpu": "AVX2"}
{"event": "extra_d_apply", "armed": true, "update_index": 1593, "modes": 8, "HQ": 0.863525390625, "extra_d_steps_this_turn": 2, "cpu": "AVX2"}
{"event": "extra_d_apply", "armed": true, "update_index": 1594, "modes": 8, "HQ": 0.863525390625, "extra_d_steps_this_turn": 2, "cpu": "AVX2"}
{"event": "extra_d_apply", "armed": true, "update_index": 1595, "modes": 8, "HQ": 0.863525390625, "extra_d_steps_this_turn": 2, "cpu": "AVX2"}
{"event": "extra_d_apply", "armed": true, "update_index": 1596, "modes": 8, "HQ": 0.863525390625, "extra_d_steps_this_turn": 2, "cpu": "AVX2"}
{"event": "extra_d_apply", "armed": true, "update_index": 1597, "modes": 8, "HQ": 0.863525390625, "extra_d_steps_this_turn": 2, "cpu": "AVX2"}
{"event": "extra_d_apply", "armed": true, "update_index": 1598, "modes": 8, "HQ": 0.863525390625, "extra_d_steps_this_turn": 2, "cpu": "AVX2"}
{"event": "extra_d_apply", "armed": true, "update_index": 1599, "modes": 8, "HQ": 0.863525390625, "extra_d_steps_this_turn": 2, "cpu": "AVX2"}
{"event": "extra_d_apply", "armed": true, "update_index": 1600, "modes": 8, "HQ": 0.863525390625, "extra_d_steps_this_turn": 2, "cpu": "AVX2"}
{"event": "PROGRESS", "outer": 1600, "armed": true, "arm_update_index": 1200, "fires": 400, "extra_d_steps": 800, "modes": 8, "HQ": 0.863525390625, "fires_acquire": 400, "fires_dropout": 0, "fires_after_2300": 0, "cpu": "AVX2"}
{"event": "extra_d_apply", "armed": true, "update_index": 1601, "modes": 8, "HQ": 1.0, "extra_d_steps_this_turn": 2, "cpu": "AVX2"}
{"event": "extra_d_apply", "armed": true, "update_index": 1602, "modes": 8, "HQ": 1.0, "extra_d_steps_this_turn": 2, "cpu": "AVX2"}
{"event": "extra_d_apply", "armed": true, "update_index": 1603, "modes": 8, "HQ": 1.0, "extra_d_steps_this_turn": 2, "cpu": "AVX2"}
{"event": "extra_d_apply", "armed": true, "update_index": 1604, "modes": 8, "HQ": 1.0, "extra_d_steps_this_turn": 2, "cpu": "AVX2"}
{"event": "extra_d_apply", "armed": true, "update_index": 1605, "modes": 8, "HQ": 1.0, "extra_d_steps_this_turn": 2, "cpu": "AVX2"}
{"event": "extra_d_apply", "armed": true, "update_index": 1606, "modes": 8, "HQ": 1.0, "extra_d_steps_this_turn": 2, "cpu": "AVX2"}
{"event": "extra_d_apply", "armed": true, "update_index": 1607, "modes": 8, "HQ": 1.0, "extra_d_steps_this_turn": 2, "cpu": "AVX2"}
{"event": "extra_d_apply", "armed": true, "update_index": 1608, "modes": 8, "HQ": 1.0, "extra_d_steps_this_turn": 2, "cpu": "AVX2"}
{"event": "extra_d_apply", "armed": true, "update_index": 1609, "modes": 8, "HQ": 1.0, "extra_d_steps_this_turn": 2, "cpu": "AVX2"}
{"event": "extra_d_apply", "armed": true, "update_index": 1610, "modes": 8, "HQ": 1.0, "extra_d_steps_this_turn": 2, "cpu": "AVX2"}
{"event": "extra_d_apply", "armed": true, "update_index": 1611, "modes": 8, "HQ": 1.0, "extra_d_steps_this_turn": 2, "cpu": "AVX2"}
{"event": "extra_d_apply", "armed": true, "update_index": 1612, "modes": 8, "HQ": 1.0, "extra_d_steps_this_turn": 2, "cpu": "AVX2"}
{"event": "extra_d_apply", "armed": true, "update_index": 1613, "modes": 8, "HQ": 1.0, "extra_d_steps_this_turn": 2, "cpu": "AVX2"}
{"event": "extra_d_apply", "armed": true, "update_index": 1614, "modes": 8, "HQ": 1.0, "extra_d_steps_this_turn": 2, "cpu": "AVX2"}
{"event": "extra_d_apply", "armed": true, "update_index": 1615, "modes": 8, "HQ": 1.0, "extra_d_steps_this_turn": 2, "cpu": "AVX2"}
{"event": "extra_d_apply", "armed": true, "update_index": 1616, "modes": 8, "HQ": 1.0, "extra_d_steps_this_turn": 2, "cpu": "AVX2"}
{"event": "extra_d_apply", "armed": true, "update_index": 1617, "modes": 8, "HQ": 1.0, "extra_d_steps_this_turn": 2, "cpu": "AVX2"}
{"event": "extra_d_apply", "armed": true, "update_index": 1618, "modes": 8, "HQ": 1.0, "extra_d_steps_this_turn": 2, "cpu": "AVX2"}
{"event": "extra_d_apply", "armed": true, "update_index": 1619, "modes": 8, "HQ": 1.0, "extra_d_steps_this_turn": 2, "cpu": "AVX2"}
{"event": "extra_d_apply", "armed": true, "update_index": 1620, "modes": 8, "HQ": 1.0, "extra_d_steps_this_turn": 2, "cpu": "AVX2"}
{"event": "extra_d_apply", "armed": true, "update_index": 1621, "modes": 3, "HQ": 0.2392578125, "extra_d_steps_this_turn": 2, "cpu": "AVX2"}
{"event": "extra_d_apply", "armed": true, "update_index": 1622, "modes": 3, "HQ": 0.2392578125, "extra_d_steps_this_turn": 2, "cpu": "AVX2"}
{"event": "extra_d_apply", "armed": true, "update_index": 1623, "modes": 3, "HQ": 0.2392578125, "extra_d_steps_this_turn": 2, "cpu": "AVX2"}
{"event": "extra_d_apply", "armed": true, "update_index": 1624, "modes": 3, "HQ": 0.2392578125, "extra_d_steps_this_turn": 2, "cpu": "AVX2"}
{"event": "extra_d_apply", "armed": true, "update_index": 1625, "modes": 3, "HQ": 0.2392578125, "extra_d_steps_this_turn": 2, "cpu": "AVX2"}
{"event": "extra_d_apply", "armed": true, "update_index": 1626, "modes": 3, "HQ": 0.2392578125, "extra_d_steps_this_turn": 2, "cpu": "AVX2"}
{"event": "extra_d_apply", "armed": true, "update_index": 1627, "modes": 3, "HQ": 0.2392578125, "extra_d_steps_this_turn": 2, "cpu": "AVX2"}
{"event": "extra_d_apply", "armed": true, "update_index": 1628, "modes": 3, "HQ": 0.2392578125, "extra_d_steps_this_turn": 2, "cpu": "AVX2"}
{"event": "extra_d_apply", "armed": true, "update_index": 1629, "modes": 3, "HQ": 0.2392578125, "extra_d_steps_this_turn": 2, "cpu": "AVX2"}
{"event": "extra_d_apply", "armed": true, "update_index": 1630, "modes": 3, "HQ": 0.2392578125, "extra_d_steps_this_turn": 2, "cpu": "AVX2"}
{"event": "extra_d_apply", "armed": true, "update_index": 1631, "modes": 8, "HQ": 0.937744140625, "extra_d_steps_this_turn": 2, "cpu": "AVX2"}
{"event": "extra_d_apply", "armed": true, "update_index": 1632, "modes": 8, "HQ": 0.937744140625, "extra_d_steps_this_turn": 2, "cpu": "AVX2"}
{"event": "extra_d_apply", "armed": true, "update_index": 1633, "modes": 8, "HQ": 0.937744140625, "extra_d_steps_this_turn": 2, "cpu": "AVX2"}
{"event": "extra_d_apply", "armed": true, "update_index": 1634, "modes": 8, "HQ": 0.937744140625, "extra_d_steps_this_turn": 2, "cpu": "AVX2"}
{"event": "extra_d_apply", "armed": true, "update_index": 1635, "modes": 8, "HQ": 0.937744140625, "extra_d_steps_this_turn": 2, "cpu": "AVX2"}
{"event": "extra_d_apply", "armed": true, "update_index": 1636, "modes": 8, "HQ": 0.937744140625, "extra_d_steps_this_turn": 2, "cpu": "AVX2"}
{"event": "extra_d_apply", "armed": true, "update_index": 1637, "modes": 8, "HQ": 0.937744140625, "extra_d_steps_this_turn": 2, "cpu": "AVX2"}
{"event": "extra_d_apply", "armed": true, "update_index": 1638, "modes": 8, "HQ": 0.937744140625, "extra_d_steps_this_turn": 2, "cpu": "AVX2"}
{"event": "extra_d_apply", "armed": true, "update_index": 1639, "modes": 8, "HQ": 0.937744140625, "extra_d_steps_this_turn": 2, "cpu": "AVX2"}
{"event": "extra_d_apply", "armed": true, "update_index": 1640, "modes": 8, "HQ": 0.937744140625, "extra_d_steps_this_turn": 2, "cpu": "AVX2"}
{"event": "extra_d_apply", "armed": true, "update_index": 1641, "modes": 5, "HQ": 0.256591796875, "extra_d_steps_this_turn": 2, "cpu": "AVX2"}
{"event": "extra_d_apply", "armed": true, "update_index": 1642, "modes": 5, "HQ": 0.256591796875, "extra_d_steps_this_turn": 2, "cpu": "AVX2"}
{"event": "extra_d_apply", "armed": true, "update_index": 1643, "modes": 5, "HQ": 0.256591796875, "extra_d_steps_this_turn": 2, "cpu": "AVX2"}
{"event": "extra_d_apply", "armed": true, "update_index": 1644, "modes": 5, "HQ": 0.256591796875, "extra_d_steps_this_turn": 2, "cpu": "AVX2"}
{"event": "extra_d_apply", "armed": true, "update_index": 1645, "modes": 5, "HQ": 0.256591796875, "extra_d_steps_this_turn": 2, "cpu": "AVX2"}
{"event": "extra_d_apply", "armed": true, "update_index": 1646, "modes": 5, "HQ": 0.256591796875, "extra_d_steps_this_turn": 2, "cpu": "AVX2"}
{"event": "extra_d_apply", "armed": true, "update_index": 1647, "modes": 5, "HQ": 0.256591796875, "extra_d_steps_this_turn": 2, "cpu": "AVX2"}
{"event": "extra_d_apply", "armed": true, "update_index": 1648, "modes": 5, "HQ": 0.256591796875, "extra_d_steps_this_turn": 2, "cpu": "AVX2"}
{"event": "extra_d_apply", "armed": true, "update_index": 1649, "modes": 5, "HQ": 0.256591796875, "extra_d_steps_this_turn": 2, "cpu": "AVX2"}
{"event": "extra_d_apply", "armed": true, "update_index": 1650, "modes": 5, "HQ": 0.256591796875, "extra_d_steps_this_turn": 2, "cpu": "AVX2"}
{"event": "extra_d_apply", "armed": true, "update_index": 1651, "modes": 8, "HQ": 0.9921875, "extra_d_steps_this_turn": 2, "cpu": "AVX2"}
{"event": "extra_d_apply", "armed": true, "update_index": 1652, "modes": 8, "HQ": 0.9921875, "extra_d_steps_this_turn": 2, "cpu": "AVX2"}
{"event": "extra_d_apply", "armed": true, "update_index": 1653, "modes": 8, "HQ": 0.9921875, "extra_d_steps_this_turn": 2, "cpu": "AVX2"}
{"event": "extra_d_apply", "armed": true, "update_index": 1654, "modes": 8, "HQ": 0.9921875, "extra_d_steps_this_turn": 2, "cpu": "AVX2"}
{"event": "extra_d_apply", "armed": true, "update_index": 1655, "modes": 8, "HQ": 0.9921875, "extra_d_steps_this_turn": 2, "cpu": "AVX2"}
{"event": "extra_d_apply", "armed": true, "update_index": 1656, "modes": 8, "HQ": 0.9921875, "extra_d_steps_this_turn": 2, "cpu": "AVX2"}
{"event": "extra_d_apply", "armed": true, "update_index": 1657, "modes": 8, "HQ": 0.9921875, "extra_d_steps_this_turn": 2, "cpu": "AVX2"}
{"event": "extra_d_apply", "armed": true, "update_index": 1658, "modes": 8, "HQ": 0.9921875, "extra_d_steps_this_turn": 2, "cpu": "AVX2"}
{"event": "extra_d_apply", "armed": true, "update_index": 1659, "modes": 8, "HQ": 0.9921875, "extra_d_steps_this_turn": 2, "cpu": "AVX2"}
{"event": "extra_d_apply", "armed": true, "update_index": 1660, "modes": 8, "HQ": 0.9921875, "extra_d_steps_this_turn": 2, "cpu": "AVX2"}
{"event": "extra_d_apply", "armed": true, "update_index": 1661, "modes": 8, "HQ": 1.0, "extra_d_steps_this_turn": 2, "cpu": "AVX2"}
{"event": "extra_d_apply", "armed": true, "update_index": 1662, "modes": 8, "HQ": 1.0, "extra_d_steps_this_turn": 2, "cpu": "AVX2"}
{"event": "extra_d_apply", "armed": true, "update_index": 1663, "modes": 8, "HQ": 1.0, "extra_d_steps_this_turn": 2, "cpu": "AVX2"}
{"event": "extra_d_apply", "armed": true, "update_index": 1664, "modes": 8, "HQ": 1.0, "extra_d_steps_this_turn": 2, "cpu": "AVX2"}
{"event": "extra_d_apply", "armed": true, "update_index": 1665, "modes": 8, "HQ": 1.0, "extra_d_steps_this_turn": 2, "cpu": "AVX2"}
{"event": "extra_d_apply", "armed": true, "update_index": 1666, "modes": 8, "HQ": 1.0, "extra_d_steps_this_turn": 2, "cpu": "AVX2"}
{"event": "extra_d_apply", "armed": true, "update_index": 1667, "modes": 8, "HQ": 1.0, "extra_d_steps_this_turn": 2, "cpu": "AVX2"}
{"event": "extra_d_apply", "armed": true, "update_index": 1668, "modes": 8, "HQ": 1.0, "extra_d_steps_this_turn": 2, "cpu": "AVX2"}
{"event": "extra_d_apply", "armed": true, "update_index": 1669, "modes": 8, "HQ": 1.0, "extra_d_steps_this_turn": 2, "cpu": "AVX2"}
{"event": "extra_d_apply", "armed": true, "update_index": 1670, "modes": 8, "HQ": 1.0, "extra_d_steps_this_turn": 2, "cpu": "AVX2"}
{"event": "extra_d_apply", "armed": true, "update_index": 1671, "modes": 8, "HQ": 1.0, "extra_d_steps_this_turn": 2, "cpu": "AVX2"}
{"event": "extra_d_apply", "armed": true, "update_index": 1672, "modes": 8, "HQ": 1.0, "extra_d_steps_this_turn": 2, "cpu": "AVX2"}
{"event": "extra_d_apply", "armed": true, "update_index": 1673, "modes": 8, "HQ": 1.0, "extra_d_steps_this_turn": 2, "cpu": "AVX2"}
{"event": "extra_d_apply", "armed": true, "update_index": 1674, "modes": 8, "HQ": 1.0, "extra_d_steps_this_turn": 2, "cpu": "AVX2"}
{"event": "extra_d_apply", "armed": true, "update_index": 1675, "modes": 8, "HQ": 1.0, "extra_d_steps_this_turn": 2, "cpu": "AVX2"}
{"event": "extra_d_apply", "armed": true, "update_index": 1676, "modes": 8, "HQ": 1.0, "extra_d_steps_this_turn": 2, "cpu": "AVX2"}
{"event": "extra_d_apply", "armed": true, "update_index": 1677, "modes": 8, "HQ": 1.0, "extra_d_steps_this_turn": 2, "cpu": "AVX2"}
{"event": "extra_d_apply", "armed": true, "update_index": 1678, "modes": 8, "HQ": 1.0, "extra_d_steps_this_turn": 2, "cpu": "AVX2"}
{"event": "extra_d_apply", "armed": true, "update_index": 1679, "modes": 8, "HQ": 1.0, "extra_d_steps_this_turn": 2, "cpu": "AVX2"}
{"event": "extra_d_apply", "armed": true, "update_index": 1680, "modes": 8, "HQ": 1.0, "extra_d_steps_this_turn": 2, "cpu": "AVX2"}
{"event": "extra_d_apply", "armed": true, "update_index": 1681, "modes": 8, "HQ": 0.99951171875, "extra_d_steps_this_turn": 2, "cpu": "AVX2"}
{"event": "extra_d_apply", "armed": true, "update_index": 1682, "modes": 8, "HQ": 0.99951171875, "extra_d_steps_this_turn": 2, "cpu": "AVX2"}
{"event": "extra_d_apply", "armed": true, "update_index": 1683, "modes": 8, "HQ": 0.99951171875, "extra_d_steps_this_turn": 2, "cpu": "AVX2"}
{"event": "extra_d_apply", "armed": true, "update_index": 1684, "modes": 8, "HQ": 0.99951171875, "extra_d_steps_this_turn": 2, "cpu": "AVX2"}
{"event": "extra_d_apply", "armed": true, "update_index": 1685, "modes": 8, "HQ": 0.99951171875, "extra_d_steps_this_turn": 2, "cpu": "AVX2"}
{"event": "extra_d_apply", "armed": true, "update_index": 1686, "modes": 8, "HQ": 0.99951171875, "extra_d_steps_this_turn": 2, "cpu": "AVX2"}
{"event": "extra_d_apply", "armed": true, "update_index": 1687, "modes": 8, "HQ": 0.99951171875, "extra_d_steps_this_turn": 2, "cpu": "AVX2"}
{"event": "extra_d_apply", "armed": true, "update_index": 1688, "modes": 8, "HQ": 0.99951171875, "extra_d_steps_this_turn": 2, "cpu": "AVX2"}
{"event": "extra_d_apply", "armed": true, "update_index": 1689, "modes": 8, "HQ": 0.99951171875, "extra_d_steps_this_turn": 2, "cpu": "AVX2"}
{"event": "extra_d_apply", "armed": true, "update_index": 1690, "modes": 8, "HQ": 0.99951171875, "extra_d_steps_this_turn": 2, "cpu": "AVX2"}
{"event": "extra_d_apply", "armed": true, "update_index": 1691, "modes": 8, "HQ": 0.998779296875, "extra_d_steps_this_turn": 2, "cpu": "AVX2"}
{"event": "extra_d_apply", "armed": true, "update_index": 1692, "modes": 8, "HQ": 0.998779296875, "extra_d_steps_this_turn": 2, "cpu": "AVX2"}
{"event": "extra_d_apply", "armed": true, "update_index": 1693, "modes": 8, "HQ": 0.998779296875, "extra_d_steps_this_turn": 2, "cpu": "AVX2"}
{"event": "extra_d_apply", "armed": true, "update_index": 1694, "modes": 8, "HQ": 0.998779296875, "extra_d_steps_this_turn": 2, "cpu": "AVX2"}
{"event": "extra_d_apply", "armed": true, "update_index": 1695, "modes": 8, "HQ": 0.998779296875, "extra_d_steps_this_turn": 2, "cpu": "AVX2"}
{"event": "extra_d_apply", "armed": true, "update_index": 1696, "modes": 8, "HQ": 0.998779296875, "extra_d_steps_this_turn": 2, "cpu": "AVX2"}
{"event": "extra_d_apply", "armed": true, "update_index": 1697, "modes": 8, "HQ": 0.998779296875, "extra_d_steps_this_turn": 2, "cpu": "AVX2"}
{"event": "extra_d_apply", "armed": true, "update_index": 1698, "modes": 8, "HQ": 0.998779296875, "extra_d_steps_this_turn": 2, "cpu": "AVX2"}
{"event": "extra_d_apply", "armed": true, "update_index": 1699, "modes": 8, "HQ": 0.998779296875, "extra_d_steps_this_turn": 2, "cpu": "AVX2"}
{"event": "extra_d_apply", "armed": true, "update_index": 1700, "modes": 8, "HQ": 0.998779296875, "extra_d_steps_this_turn": 2, "cpu": "AVX2"}
{"event": "PROGRESS", "outer": 1700, "armed": true, "arm_update_index": 1200, "fires": 500, "extra_d_steps": 1000, "modes": 8, "HQ": 0.998779296875, "fires_acquire": 489, "fires_dropout": 11, "fires_after_2300": 0, "cpu": "AVX2"}
{"event": "extra_d_apply", "armed": true, "update_index": 1701, "modes": 8, "HQ": 1.0, "extra_d_steps_this_turn": 2, "cpu": "AVX2"}
{"event": "extra_d_apply", "armed": true, "update_index": 1702, "modes": 8, "HQ": 1.0, "extra_d_steps_this_turn": 2, "cpu": "AVX2"}
{"event": "extra_d_apply", "armed": true, "update_index": 1703, "modes": 8, "HQ": 1.0, "extra_d_steps_this_turn": 2, "cpu": "AVX2"}
{"event": "extra_d_apply", "armed": true, "update_index": 1704, "modes": 8, "HQ": 1.0, "extra_d_steps_this_turn": 2, "cpu": "AVX2"}
{"event": "extra_d_apply", "armed": true, "update_index": 1705, "modes": 8, "HQ": 1.0, "extra_d_steps_this_turn": 2, "cpu": "AVX2"}
{"event": "extra_d_apply", "armed": true, "update_index": 1706, "modes": 8, "HQ": 1.0, "extra_d_steps_this_turn": 2, "cpu": "AVX2"}
{"event": "extra_d_apply", "armed": true, "update_index": 1707, "modes": 8, "HQ": 1.0, "extra_d_steps_this_turn": 2, "cpu": "AVX2"}
{"event": "extra_d_apply", "armed": true, "update_index": 1708, "modes": 8, "HQ": 1.0, "extra_d_steps_this_turn": 2, "cpu": "AVX2"}
{"event": "extra_d_apply", "armed": true, "update_index": 1709, "modes": 8, "HQ": 1.0, "extra_d_steps_this_turn": 2, "cpu": "AVX2"}
{"event": "extra_d_apply", "armed": true, "update_index": 1710, "modes": 8, "HQ": 1.0, "extra_d_steps_this_turn": 2, "cpu": "AVX2"}
{"event": "extra_d_apply", "armed": true, "update_index": 1711, "modes": 8, "HQ": 0.984619140625, "extra_d_steps_this_turn": 2, "cpu": "AVX2"}
{"event": "extra_d_apply", "armed": true, "update_index": 1712, "modes": 8, "HQ": 0.984619140625, "extra_d_steps_this_turn": 2, "cpu": "AVX2"}
{"event": "extra_d_apply", "armed": true, "update_index": 1713, "modes": 8, "HQ": 0.984619140625, "extra_d_steps_this_turn": 2, "cpu": "AVX2"}
{"event": "extra_d_apply", "armed": true, "update_index": 1714, "modes": 8, "HQ": 0.984619140625, "extra_d_steps_this_turn": 2, "cpu": "AVX2"}
{"event": "extra_d_apply", "armed": true, "update_index": 1715, "modes": 8, "HQ": 0.984619140625, "extra_d_steps_this_turn": 2, "cpu": "AVX2"}
{"event": "extra_d_apply", "armed": true, "update_index": 1716, "modes": 8, "HQ": 0.984619140625, "extra_d_steps_this_turn": 2, "cpu": "AVX2"}
{"event": "extra_d_apply", "armed": true, "update_index": 1717, "modes": 8, "HQ": 0.984619140625, "extra_d_steps_this_turn": 2, "cpu": "AVX2"}
{"event": "extra_d_apply", "armed": true, "update_index": 1718, "modes": 8, "HQ": 0.984619140625, "extra_d_steps_this_turn": 2, "cpu": "AVX2"}
{"event": "extra_d_apply", "armed": true, "update_index": 1719, "modes": 8, "HQ": 0.984619140625, "extra_d_steps_this_turn": 2, "cpu": "AVX2"}
{"event": "extra_d_apply", "armed": true, "update_index": 1720, "modes": 8, "HQ": 0.984619140625, "extra_d_steps_this_turn": 2, "cpu": "AVX2"}
{"event": "extra_d_apply", "armed": true, "update_index": 1721, "modes": 8, "HQ": 0.9130859375, "extra_d_steps_this_turn": 2, "cpu": "AVX2"}
{"event": "extra_d_apply", "armed": true, "update_index": 1722, "modes": 8, "HQ": 0.9130859375, "extra_d_steps_this_turn": 2, "cpu": "AVX2"}
{"event": "extra_d_apply", "armed": true, "update_index": 1723, "modes": 8, "HQ": 0.9130859375, "extra_d_steps_this_turn": 2, "cpu": "AVX2"}
{"event": "extra_d_apply", "armed": true, "update_index": 1724, "modes": 8, "HQ": 0.9130859375, "extra_d_steps_this_turn": 2, "cpu": "AVX2"}
{"event": "extra_d_apply", "armed": true, "update_index": 1725, "modes": 8, "HQ": 0.9130859375, "extra_d_steps_this_turn": 2, "cpu": "AVX2"}
{"event": "extra_d_apply", "armed": true, "update_index": 1726, "modes": 8, "HQ": 0.9130859375, "extra_d_steps_this_turn": 2, "cpu": "AVX2"}
{"event": "extra_d_apply", "armed": true, "update_index": 1727, "modes": 8, "HQ": 0.9130859375, "extra_d_steps_this_turn": 2, "cpu": "AVX2"}
{"event": "extra_d_apply", "armed": true, "update_index": 1728, "modes": 8, "HQ": 0.9130859375, "extra_d_steps_this_turn": 2, "cpu": "AVX2"}
{"event": "extra_d_apply", "armed": true, "update_index": 1729, "modes": 8, "HQ": 0.9130859375, "extra_d_steps_this_turn": 2, "cpu": "AVX2"}
{"event": "extra_d_apply", "armed": true, "update_index": 1730, "modes": 8, "HQ": 0.9130859375, "extra_d_steps_this_turn": 2, "cpu": "AVX2"}
{"event": "extra_d_apply", "armed": true, "update_index": 1731, "modes": 8, "HQ": 0.934326171875, "extra_d_steps_this_turn": 2, "cpu": "AVX2"}
{"event": "extra_d_apply", "armed": true, "update_index": 1732, "modes": 8, "HQ": 0.934326171875, "extra_d_steps_this_turn": 2, "cpu": "AVX2"}
{"event": "extra_d_apply", "armed": true, "update_index": 1733, "modes": 8, "HQ": 0.934326171875, "extra_d_steps_this_turn": 2, "cpu": "AVX2"}
{"event": "extra_d_apply", "armed": true, "update_index": 1734, "modes": 8, "HQ": 0.934326171875, "extra_d_steps_this_turn": 2, "cpu": "AVX2"}
{"event": "extra_d_apply", "armed": true, "update_index": 1735, "modes": 8, "HQ": 0.934326171875, "extra_d_steps_this_turn": 2, "cpu": "AVX2"}
{"event": "extra_d_apply", "armed": true, "update_index": 1736, "modes": 8, "HQ": 0.934326171875, "extra_d_steps_this_turn": 2, "cpu": "AVX2"}
{"event": "extra_d_apply", "armed": true, "update_index": 1737, "modes": 8, "HQ": 0.934326171875, "extra_d_steps_this_turn": 2, "cpu": "AVX2"}
{"event": "extra_d_apply", "armed": true, "update_index": 1738, "modes": 8, "HQ": 0.934326171875, "extra_d_steps_this_turn": 2, "cpu": "AVX2"}
{"event": "extra_d_apply", "armed": true, "update_index": 1739, "modes": 8, "HQ": 0.934326171875, "extra_d_steps_this_turn": 2, "cpu": "AVX2"}
{"event": "extra_d_apply", "armed": true, "update_index": 1740, "modes": 8, "HQ": 0.934326171875, "extra_d_steps_this_turn": 2, "cpu": "AVX2"}
{"event": "extra_d_apply", "armed": true, "update_index": 1741, "modes": 8, "HQ": 0.997802734375, "extra_d_steps_this_turn": 2, "cpu": "AVX2"}
{"event": "extra_d_apply", "armed": true, "update_index": 1742, "modes": 8, "HQ": 0.997802734375, "extra_d_steps_this_turn": 2, "cpu": "AVX2"}
{"event": "extra_d_apply", "armed": true, "update_index": 1743, "modes": 8, "HQ": 0.997802734375, "extra_d_steps_this_turn": 2, "cpu": "AVX2"}
{"event": "extra_d_apply", "armed": true, "update_index": 1744, "modes": 8, "HQ": 0.997802734375, "extra_d_steps_this_turn": 2, "cpu": "AVX2"}
{"event": "extra_d_apply", "armed": true, "update_index": 1745, "modes": 8, "HQ": 0.997802734375, "extra_d_steps_this_turn": 2, "cpu": "AVX2"}
{"event": "extra_d_apply", "armed": true, "update_index": 1746, "modes": 8, "HQ": 0.997802734375, "extra_d_steps_this_turn": 2, "cpu": "AVX2"}
{"event": "extra_d_apply", "armed": true, "update_index": 1747, "modes": 8, "HQ": 0.997802734375, "extra_d_steps_this_turn": 2, "cpu": "AVX2"}
{"event": "extra_d_apply", "armed": true, "update_index": 1748, "modes": 8, "HQ": 0.997802734375, "extra_d_steps_this_turn": 2, "cpu": "AVX2"}
{"event": "extra_d_apply", "armed": true, "update_index": 1749, "modes": 8, "HQ": 0.997802734375, "extra_d_steps_this_turn": 2, "cpu": "AVX2"}
{"event": "extra_d_apply", "armed": true, "update_index": 1750, "modes": 8, "HQ": 0.997802734375, "extra_d_steps_this_turn": 2, "cpu": "AVX2"}
{"event": "extra_d_apply", "armed": true, "update_index": 1751, "modes": 8, "HQ": 1.0, "extra_d_steps_this_turn": 2, "cpu": "AVX2"}
{"event": "extra_d_apply", "armed": true, "update_index": 1752, "modes": 8, "HQ": 1.0, "extra_d_steps_this_turn": 2, "cpu": "AVX2"}
{"event": "extra_d_apply", "armed": true, "update_index": 1753, "modes": 8, "HQ": 1.0, "extra_d_steps_this_turn": 2, "cpu": "AVX2"}
{"event": "extra_d_apply", "armed": true, "update_index": 1754, "modes": 8, "HQ": 1.0, "extra_d_steps_this_turn": 2, "cpu": "AVX2"}
{"event": "extra_d_apply", "armed": true, "update_index": 1755, "modes": 8, "HQ": 1.0, "extra_d_steps_this_turn": 2, "cpu": "AVX2"}
{"event": "extra_d_apply", "armed": true, "update_index": 1756, "modes": 8, "HQ": 1.0, "extra_d_steps_this_turn": 2, "cpu": "AVX2"}
{"event": "extra_d_apply", "armed": true, "update_index": 1757, "modes": 8, "HQ": 1.0, "extra_d_steps_this_turn": 2, "cpu": "AVX2"}
{"event": "extra_d_apply", "armed": true, "update_index": 1758, "modes": 8, "HQ": 1.0, "extra_d_steps_this_turn": 2, "cpu": "AVX2"}
{"event": "extra_d_apply", "armed": true, "update_index": 1759, "modes": 8, "HQ": 1.0, "extra_d_steps_this_turn": 2, "cpu": "AVX2"}
{"event": "extra_d_apply", "armed": true, "update_index": 1760, "modes": 8, "HQ": 1.0, "extra_d_steps_this_turn": 2, "cpu": "AVX2"}
{"event": "extra_d_apply", "armed": true, "update_index": 1761, "modes": 8, "HQ": 0.916259765625, "extra_d_steps_this_turn": 2, "cpu": "AVX2"}
{"event": "extra_d_apply", "armed": true, "update_index": 1762, "modes": 8, "HQ": 0.916259765625, "extra_d_steps_this_turn": 2, "cpu": "AVX2"}
{"event": "extra_d_apply", "armed": true, "update_index": 1763, "modes": 8, "HQ": 0.916259765625, "extra_d_steps_this_turn": 2, "cpu": "AVX2"}
{"event": "extra_d_apply", "armed": true, "update_index": 1764, "modes": 8, "HQ": 0.916259765625, "extra_d_steps_this_turn": 2, "cpu": "AVX2"}
{"event": "extra_d_apply", "armed": true, "update_index": 1765, "modes": 8, "HQ": 0.916259765625, "extra_d_steps_this_turn": 2, "cpu": "AVX2"}
{"event": "extra_d_apply", "armed": true, "update_index": 1766, "modes": 8, "HQ": 0.916259765625, "extra_d_steps_this_turn": 2, "cpu": "AVX2"}
{"event": "extra_d_apply", "armed": true, "update_index": 1767, "modes": 8, "HQ": 0.916259765625, "extra_d_steps_this_turn": 2, "cpu": "AVX2"}
{"event": "extra_d_apply", "armed": true, "update_index": 1768, "modes": 8, "HQ": 0.916259765625, "extra_d_steps_this_turn": 2, "cpu": "AVX2"}
{"event": "extra_d_apply", "armed": true, "update_index": 1769, "modes": 8, "HQ": 0.916259765625, "extra_d_steps_this_turn": 2, "cpu": "AVX2"}
{"event": "extra_d_apply", "armed": true, "update_index": 1770, "modes": 8, "HQ": 0.916259765625, "extra_d_steps_this_turn": 2, "cpu": "AVX2"}
{"event": "extra_d_apply", "armed": true, "update_index": 1771, "modes": 8, "HQ": 1.0, "extra_d_steps_this_turn": 2, "cpu": "AVX2"}
{"event": "extra_d_apply", "armed": true, "update_index": 1772, "modes": 8, "HQ": 1.0, "extra_d_steps_this_turn": 2, "cpu": "AVX2"}
{"event": "extra_d_apply", "armed": true, "update_index": 1773, "modes": 8, "HQ": 1.0, "extra_d_steps_this_turn": 2, "cpu": "AVX2"}
{"event": "extra_d_apply", "armed": true, "update_index": 1774, "modes": 8, "HQ": 1.0, "extra_d_steps_this_turn": 2, "cpu": "AVX2"}
{"event": "extra_d_apply", "armed": true, "update_index": 1775, "modes": 8, "HQ": 1.0, "extra_d_steps_this_turn": 2, "cpu": "AVX2"}
{"event": "extra_d_apply", "armed": true, "update_index": 1776, "modes": 8, "HQ": 1.0, "extra_d_steps_this_turn": 2, "cpu": "AVX2"}
{"event": "extra_d_apply", "armed": true, "update_index": 1777, "modes": 8, "HQ": 1.0, "extra_d_steps_this_turn": 2, "cpu": "AVX2"}
{"event": "extra_d_apply", "armed": true, "update_index": 1778, "modes": 8, "HQ": 1.0, "extra_d_steps_this_turn": 2, "cpu": "AVX2"}
{"event": "extra_d_apply", "armed": true, "update_index": 1779, "modes": 8, "HQ": 1.0, "extra_d_steps_this_turn": 2, "cpu": "AVX2"}
{"event": "extra_d_apply", "armed": true, "update_index": 1780, "modes": 8, "HQ": 1.0, "extra_d_steps_this_turn": 2, "cpu": "AVX2"}
{"event": "extra_d_apply", "armed": true, "update_index": 1781, "modes": 8, "HQ": 0.988525390625, "extra_d_steps_this_turn": 2, "cpu": "AVX2"}
{"event": "extra_d_apply", "armed": true, "update_index": 1782, "modes": 8, "HQ": 0.988525390625, "extra_d_steps_this_turn": 2, "cpu": "AVX2"}
{"event": "extra_d_apply", "armed": true, "update_index": 1783, "modes": 8, "HQ": 0.988525390625, "extra_d_steps_this_turn": 2, "cpu": "AVX2"}
{"event": "extra_d_apply", "armed": true, "update_index": 1784, "modes": 8, "HQ": 0.988525390625, "extra_d_steps_this_turn": 2, "cpu": "AVX2"}
{"event": "extra_d_apply", "armed": true, "update_index": 1785, "modes": 8, "HQ": 0.988525390625, "extra_d_steps_this_turn": 2, "cpu": "AVX2"}
{"event": "extra_d_apply", "armed": true, "update_index": 1786, "modes": 8, "HQ": 0.988525390625, "extra_d_steps_this_turn": 2, "cpu": "AVX2"}
{"event": "extra_d_apply", "armed": true, "update_index": 1787, "modes": 8, "HQ": 0.988525390625, "extra_d_steps_this_turn": 2, "cpu": "AVX2"}
{"event": "extra_d_apply", "armed": true, "update_index": 1788, "modes": 8, "HQ": 0.988525390625, "extra_d_steps_this_turn": 2, "cpu": "AVX2"}
{"event": "extra_d_apply", "armed": true, "update_index": 1789, "modes": 8, "HQ": 0.988525390625, "extra_d_steps_this_turn": 2, "cpu": "AVX2"}
{"event": "extra_d_apply", "armed": true, "update_index": 1790, "modes": 8, "HQ": 0.988525390625, "extra_d_steps_this_turn": 2, "cpu": "AVX2"}
{"event": "extra_d_apply", "armed": true, "update_index": 1791, "modes": 8, "HQ": 0.99755859375, "extra_d_steps_this_turn": 2, "cpu": "AVX2"}
{"event": "extra_d_apply", "armed": true, "update_index": 1792, "modes": 8, "HQ": 0.99755859375, "extra_d_steps_this_turn": 2, "cpu": "AVX2"}
{"event": "extra_d_apply", "armed": true, "update_index": 1793, "modes": 8, "HQ": 0.99755859375, "extra_d_steps_this_turn": 2, "cpu": "AVX2"}
{"event": "extra_d_apply", "armed": true, "update_index": 1794, "modes": 8, "HQ": 0.99755859375, "extra_d_steps_this_turn": 2, "cpu": "AVX2"}
{"event": "extra_d_apply", "armed": true, "update_index": 1795, "modes": 8, "HQ": 0.99755859375, "extra_d_steps_this_turn": 2, "cpu": "AVX2"}
{"event": "extra_d_apply", "armed": true, "update_index": 1796, "modes": 8, "HQ": 0.99755859375, "extra_d_steps_this_turn": 2, "cpu": "AVX2"}
{"event": "extra_d_apply", "armed": true, "update_index": 1797, "modes": 8, "HQ": 0.99755859375, "extra_d_steps_this_turn": 2, "cpu": "AVX2"}
{"event": "extra_d_apply", "armed": true, "update_index": 1798, "modes": 8, "HQ": 0.99755859375, "extra_d_steps_this_turn": 2, "cpu": "AVX2"}
{"event": "extra_d_apply", "armed": true, "update_index": 1799, "modes": 8, "HQ": 0.99755859375, "extra_d_steps_this_turn": 2, "cpu": "AVX2"}
{"event": "extra_d_apply", "armed": true, "update_index": 1800, "modes": 8, "HQ": 0.99755859375, "extra_d_steps_this_turn": 2, "cpu": "AVX2"}
{"event": "PROGRESS", "outer": 1800, "armed": true, "arm_update_index": 1200, "fires": 600, "extra_d_steps": 1200, "modes": 8, "HQ": 0.99755859375, "fires_acquire": 489, "fires_dropout": 111, "fires_after_2300": 0, "cpu": "AVX2"}
{"event": "extra_d_apply", "armed": true, "update_index": 1801, "modes": 5, "HQ": 0.610595703125, "extra_d_steps_this_turn": 2, "cpu": "AVX2"}
{"event": "extra_d_apply", "armed": true, "update_index": 1802, "modes": 5, "HQ": 0.610595703125, "extra_d_steps_this_turn": 2, "cpu": "AVX2"}
{"event": "extra_d_apply", "armed": true, "update_index": 1803, "modes": 5, "HQ": 0.610595703125, "extra_d_steps_this_turn": 2, "cpu": "AVX2"}
{"event": "extra_d_apply", "armed": true, "update_index": 1804, "modes": 5, "HQ": 0.610595703125, "extra_d_steps_this_turn": 2, "cpu": "AVX2"}
{"event": "extra_d_apply", "armed": true, "update_index": 1805, "modes": 5, "HQ": 0.610595703125, "extra_d_steps_this_turn": 2, "cpu": "AVX2"}
{"event": "extra_d_apply", "armed": true, "update_index": 1806, "modes": 5, "HQ": 0.610595703125, "extra_d_steps_this_turn": 2, "cpu": "AVX2"}
{"event": "extra_d_apply", "armed": true, "update_index": 1807, "modes": 5, "HQ": 0.610595703125, "extra_d_steps_this_turn": 2, "cpu": "AVX2"}
{"event": "extra_d_apply", "armed": true, "update_index": 1808, "modes": 5, "HQ": 0.610595703125, "extra_d_steps_this_turn": 2, "cpu": "AVX2"}
{"event": "extra_d_apply", "armed": true, "update_index": 1809, "modes": 5, "HQ": 0.610595703125, "extra_d_steps_this_turn": 2, "cpu": "AVX2"}
{"event": "extra_d_apply", "armed": true, "update_index": 1810, "modes": 5, "HQ": 0.610595703125, "extra_d_steps_this_turn": 2, "cpu": "AVX2"}
{"event": "extra_d_apply", "armed": true, "update_index": 1811, "modes": 8, "HQ": 0.9931640625, "extra_d_steps_this_turn": 2, "cpu": "AVX2"}
{"event": "extra_d_apply", "armed": true, "update_index": 1812, "modes": 8, "HQ": 0.9931640625, "extra_d_steps_this_turn": 2, "cpu": "AVX2"}
{"event": "extra_d_apply", "armed": true, "update_index": 1813, "modes": 8, "HQ": 0.9931640625, "extra_d_steps_this_turn": 2, "cpu": "AVX2"}
{"event": "extra_d_apply", "armed": true, "update_index": 1814, "modes": 8, "HQ": 0.9931640625, "extra_d_steps_this_turn": 2, "cpu": "AVX2"}
{"event": "extra_d_apply", "armed": true, "update_index": 1815, "modes": 8, "HQ": 0.9931640625, "extra_d_steps_this_turn": 2, "cpu": "AVX2"}
{"event": "extra_d_apply", "armed": true, "update_index": 1816, "modes": 8, "HQ": 0.9931640625, "extra_d_steps_this_turn": 2, "cpu": "AVX2"}
{"event": "extra_d_apply", "armed": true, "update_index": 1817, "modes": 8, "HQ": 0.9931640625, "extra_d_steps_this_turn": 2, "cpu": "AVX2"}
{"event": "extra_d_apply", "armed": true, "update_index": 1818, "modes": 8, "HQ": 0.9931640625, "extra_d_steps_this_turn": 2, "cpu": "AVX2"}
{"event": "extra_d_apply", "armed": true, "update_index": 1819, "modes": 8, "HQ": 0.9931640625, "extra_d_steps_this_turn": 2, "cpu": "AVX2"}
{"event": "extra_d_apply", "armed": true, "update_index": 1820, "modes": 8, "HQ": 0.9931640625, "extra_d_steps_this_turn": 2, "cpu": "AVX2"}
{"event": "extra_d_apply", "armed": true, "update_index": 1821, "modes": 8, "HQ": 1.0, "extra_d_steps_this_turn": 2, "cpu": "AVX2"}
{"event": "extra_d_apply", "armed": true, "update_index": 1822, "modes": 8, "HQ": 1.0, "extra_d_steps_this_turn": 2, "cpu": "AVX2"}
{"event": "extra_d_apply", "armed": true, "update_index": 1823, "modes": 8, "HQ": 1.0, "extra_d_steps_this_turn": 2, "cpu": "AVX2"}
{"event": "extra_d_apply", "armed": true, "update_index": 1824, "modes": 8, "HQ": 1.0, "extra_d_steps_this_turn": 2, "cpu": "AVX2"}
{"event": "extra_d_apply", "armed": true, "update_index": 1825, "modes": 8, "HQ": 1.0, "extra_d_steps_this_turn": 2, "cpu": "AVX2"}
{"event": "extra_d_apply", "armed": true, "update_index": 1826, "modes": 8, "HQ": 1.0, "extra_d_steps_this_turn": 2, "cpu": "AVX2"}
{"event": "extra_d_apply", "armed": true, "update_index": 1827, "modes": 8, "HQ": 1.0, "extra_d_steps_this_turn": 2, "cpu": "AVX2"}
{"event": "extra_d_apply", "armed": true, "update_index": 1828, "modes": 8, "HQ": 1.0, "extra_d_steps_this_turn": 2, "cpu": "AVX2"}
{"event": "extra_d_apply", "armed": true, "update_index": 1829, "modes": 8, "HQ": 1.0, "extra_d_steps_this_turn": 2, "cpu": "AVX2"}
{"event": "extra_d_apply", "armed": true, "update_index": 1830, "modes": 8, "HQ": 1.0, "extra_d_steps_this_turn": 2, "cpu": "AVX2"}
{"event": "extra_d_apply", "armed": true, "update_index": 1831, "modes": 8, "HQ": 0.998046875, "extra_d_steps_this_turn": 2, "cpu": "AVX2"}
{"event": "extra_d_apply", "armed": true, "update_index": 1832, "modes": 8, "HQ": 0.998046875, "extra_d_steps_this_turn": 2, "cpu": "AVX2"}
{"event": "extra_d_apply", "armed": true, "update_index": 1833, "modes": 8, "HQ": 0.998046875, "extra_d_steps_this_turn": 2, "cpu": "AVX2"}
{"event": "extra_d_apply", "armed": true, "update_index": 1834, "modes": 8, "HQ": 0.998046875, "extra_d_steps_this_turn": 2, "cpu": "AVX2"}
{"event": "extra_d_apply", "armed": true, "update_index": 1835, "modes": 8, "HQ": 0.998046875, "extra_d_steps_this_turn": 2, "cpu": "AVX2"}
{"event": "extra_d_apply", "armed": true, "update_index": 1836, "modes": 8, "HQ": 0.998046875, "extra_d_steps_this_turn": 2, "cpu": "AVX2"}
{"event": "extra_d_apply", "armed": true, "update_index": 1837, "modes": 8, "HQ": 0.998046875, "extra_d_steps_this_turn": 2, "cpu": "AVX2"}
{"event": "extra_d_apply", "armed": true, "update_index": 1838, "modes": 8, "HQ": 0.998046875, "extra_d_steps_this_turn": 2, "cpu": "AVX2"}
{"event": "extra_d_apply", "armed": true, "update_index": 1839, "modes": 8, "HQ": 0.998046875, "extra_d_steps_this_turn": 2, "cpu": "AVX2"}
{"event": "extra_d_apply", "armed": true, "update_index": 1840, "modes": 8, "HQ": 0.998046875, "extra_d_steps_this_turn": 2, "cpu": "AVX2"}
{"event": "extra_d_apply", "armed": true, "update_index": 1841, "modes": 8, "HQ": 1.0, "extra_d_steps_this_turn": 2, "cpu": "AVX2"}
{"event": "extra_d_apply", "armed": true, "update_index": 1842, "modes": 8, "HQ": 1.0, "extra_d_steps_this_turn": 2, "cpu": "AVX2"}
{"event": "extra_d_apply", "armed": true, "update_index": 1843, "modes": 8, "HQ": 1.0, "extra_d_steps_this_turn": 2, "cpu": "AVX2"}
{"event": "extra_d_apply", "armed": true, "update_index": 1844, "modes": 8, "HQ": 1.0, "extra_d_steps_this_turn": 2, "cpu": "AVX2"}
{"event": "extra_d_apply", "armed": true, "update_index": 1845, "modes": 8, "HQ": 1.0, "extra_d_steps_this_turn": 2, "cpu": "AVX2"}
{"event": "extra_d_apply", "armed": true, "update_index": 1846, "modes": 8, "HQ": 1.0, "extra_d_steps_this_turn": 2, "cpu": "AVX2"}
{"event": "extra_d_apply", "armed": true, "update_index": 1847, "modes": 8, "HQ": 1.0, "extra_d_steps_this_turn": 2, "cpu": "AVX2"}
{"event": "extra_d_apply", "armed": true, "update_index": 1848, "modes": 8, "HQ": 1.0, "extra_d_steps_this_turn": 2, "cpu": "AVX2"}
{"event": "extra_d_apply", "armed": true, "update_index": 1849, "modes": 8, "HQ": 1.0, "extra_d_steps_this_turn": 2, "cpu": "AVX2"}
{"event": "extra_d_apply", "armed": true, "update_index": 1850, "modes": 8, "HQ": 1.0, "extra_d_steps_this_turn": 2, "cpu": "AVX2"}
{"event": "extra_d_apply", "armed": true, "update_index": 1851, "modes": 8, "HQ": 0.700439453125, "extra_d_steps_this_turn": 2, "cpu": "AVX2"}
{"event": "extra_d_apply", "armed": true, "update_index": 1852, "modes": 8, "HQ": 0.700439453125, "extra_d_steps_this_turn": 2, "cpu": "AVX2"}
{"event": "extra_d_apply", "armed": true, "update_index": 1853, "modes": 8, "HQ": 0.700439453125, "extra_d_steps_this_turn": 2, "cpu": "AVX2"}
{"event": "extra_d_apply", "armed": true, "update_index": 1854, "modes": 8, "HQ": 0.700439453125, "extra_d_steps_this_turn": 2, "cpu": "AVX2"}
{"event": "extra_d_apply", "armed": true, "update_index": 1855, "modes": 8, "HQ": 0.700439453125, "extra_d_steps_this_turn": 2, "cpu": "AVX2"}
{"event": "extra_d_apply", "armed": true, "update_index": 1856, "modes": 8, "HQ": 0.700439453125, "extra_d_steps_this_turn": 2, "cpu": "AVX2"}
{"event": "extra_d_apply", "armed": true, "update_index": 1857, "modes": 8, "HQ": 0.700439453125, "extra_d_steps_this_turn": 2, "cpu": "AVX2"}
{"event": "extra_d_apply", "armed": true, "update_index": 1858, "modes": 8, "HQ": 0.700439453125, "extra_d_steps_this_turn": 2, "cpu": "AVX2"}
{"event": "extra_d_apply", "armed": true, "update_index": 1859, "modes": 8, "HQ": 0.700439453125, "extra_d_steps_this_turn": 2, "cpu": "AVX2"}
{"event": "extra_d_apply", "armed": true, "update_index": 1860, "modes": 8, "HQ": 0.700439453125, "extra_d_steps_this_turn": 2, "cpu": "AVX2"}
{"event": "extra_d_apply", "armed": true, "update_index": 1861, "modes": 8, "HQ": 1.0, "extra_d_steps_this_turn": 2, "cpu": "AVX2"}
{"event": "extra_d_apply", "armed": true, "update_index": 1862, "modes": 8, "HQ": 1.0, "extra_d_steps_this_turn": 2, "cpu": "AVX2"}
{"event": "extra_d_apply", "armed": true, "update_index": 1863, "modes": 8, "HQ": 1.0, "extra_d_steps_this_turn": 2, "cpu": "AVX2"}
{"event": "extra_d_apply", "armed": true, "update_index": 1864, "modes": 8, "HQ": 1.0, "extra_d_steps_this_turn": 2, "cpu": "AVX2"}
{"event": "extra_d_apply", "armed": true, "update_index": 1865, "modes": 8, "HQ": 1.0, "extra_d_steps_this_turn": 2, "cpu": "AVX2"}
{"event": "extra_d_apply", "armed": true, "update_index": 1866, "modes": 8, "HQ": 1.0, "extra_d_steps_this_turn": 2, "cpu": "AVX2"}
{"event": "extra_d_apply", "armed": true, "update_index": 1867, "modes": 8, "HQ": 1.0, "extra_d_steps_this_turn": 2, "cpu": "AVX2"}
{"event": "extra_d_apply", "armed": true, "update_index": 1868, "modes": 8, "HQ": 1.0, "extra_d_steps_this_turn": 2, "cpu": "AVX2"}
{"event": "extra_d_apply", "armed": true, "update_index": 1869, "modes": 8, "HQ": 1.0, "extra_d_steps_this_turn": 2, "cpu": "AVX2"}
{"event": "extra_d_apply", "armed": true, "update_index": 1870, "modes": 8, "HQ": 1.0, "extra_d_steps_this_turn": 2, "cpu": "AVX2"}
{"event": "extra_d_apply", "armed": true, "update_index": 1871, "modes": 6, "HQ": 0.814697265625, "extra_d_steps_this_turn": 2, "cpu": "AVX2"}
{"event": "extra_d_apply", "armed": true, "update_index": 1872, "modes": 6, "HQ": 0.814697265625, "extra_d_steps_this_turn": 2, "cpu": "AVX2"}
{"event": "extra_d_apply", "armed": true, "update_index": 1873, "modes": 6, "HQ": 0.814697265625, "extra_d_steps_this_turn": 2, "cpu": "AVX2"}
{"event": "extra_d_apply", "armed": true, "update_index": 1874, "modes": 6, "HQ": 0.814697265625, "extra_d_steps_this_turn": 2, "cpu": "AVX2"}
{"event": "extra_d_apply", "armed": true, "update_index": 1875, "modes": 6, "HQ": 0.814697265625, "extra_d_steps_this_turn": 2, "cpu": "AVX2"}
{"event": "extra_d_apply", "armed": true, "update_index": 1876, "modes": 6, "HQ": 0.814697265625, "extra_d_steps_this_turn": 2, "cpu": "AVX2"}
{"event": "extra_d_apply", "armed": true, "update_index": 1877, "modes": 6, "HQ": 0.814697265625, "extra_d_steps_this_turn": 2, "cpu": "AVX2"}
{"event": "extra_d_apply", "armed": true, "update_index": 1878, "modes": 6, "HQ": 0.814697265625, "extra_d_steps_this_turn": 2, "cpu": "AVX2"}
{"event": "extra_d_apply", "armed": true, "update_index": 1879, "modes": 6, "HQ": 0.814697265625, "extra_d_steps_this_turn": 2, "cpu": "AVX2"}
{"event": "extra_d_apply", "armed": true, "update_index": 1880, "modes": 6, "HQ": 0.814697265625, "extra_d_steps_this_turn": 2, "cpu": "AVX2"}
{"event": "extra_d_apply", "armed": true, "update_index": 1881, "modes": 7, "HQ": 0.70703125, "extra_d_steps_this_turn": 2, "cpu": "AVX2"}
{"event": "extra_d_apply", "armed": true, "update_index": 1882, "modes": 7, "HQ": 0.70703125, "extra_d_steps_this_turn": 2, "cpu": "AVX2"}
{"event": "extra_d_apply", "armed": true, "update_index": 1883, "modes": 7, "HQ": 0.70703125, "extra_d_steps_this_turn": 2, "cpu": "AVX2"}
{"event": "extra_d_apply", "armed": true, "update_index": 1884, "modes": 7, "HQ": 0.70703125, "extra_d_steps_this_turn": 2, "cpu": "AVX2"}
{"event": "extra_d_apply", "armed": true, "update_index": 1885, "modes": 7, "HQ": 0.70703125, "extra_d_steps_this_turn": 2, "cpu": "AVX2"}
{"event": "extra_d_apply", "armed": true, "update_index": 1886, "modes": 7, "HQ": 0.70703125, "extra_d_steps_this_turn": 2, "cpu": "AVX2"}
{"event": "extra_d_apply", "armed": true, "update_index": 1887, "modes": 7, "HQ": 0.70703125, "extra_d_steps_this_turn": 2, "cpu": "AVX2"}
{"event": "extra_d_apply", "armed": true, "update_index": 1888, "modes": 7, "HQ": 0.70703125, "extra_d_steps_this_turn": 2, "cpu": "AVX2"}
{"event": "extra_d_apply", "armed": true, "update_index": 1889, "modes": 7, "HQ": 0.70703125, "extra_d_steps_this_turn": 2, "cpu": "AVX2"}
{"event": "extra_d_apply", "armed": true, "update_index": 1890, "modes": 7, "HQ": 0.70703125, "extra_d_steps_this_turn": 2, "cpu": "AVX2"}
{"event": "extra_d_apply", "armed": true, "update_index": 1891, "modes": 8, "HQ": 0.732177734375, "extra_d_steps_this_turn": 2, "cpu": "AVX2"}
{"event": "extra_d_apply", "armed": true, "update_index": 1892, "modes": 8, "HQ": 0.732177734375, "extra_d_steps_this_turn": 2, "cpu": "AVX2"}
{"event": "extra_d_apply", "armed": true, "update_index": 1893, "modes": 8, "HQ": 0.732177734375, "extra_d_steps_this_turn": 2, "cpu": "AVX2"}
{"event": "extra_d_apply", "armed": true, "update_index": 1894, "modes": 8, "HQ": 0.732177734375, "extra_d_steps_this_turn": 2, "cpu": "AVX2"}
{"event": "extra_d_apply", "armed": true, "update_index": 1895, "modes": 8, "HQ": 0.732177734375, "extra_d_steps_this_turn": 2, "cpu": "AVX2"}
{"event": "extra_d_apply", "armed": true, "update_index": 1896, "modes": 8, "HQ": 0.732177734375, "extra_d_steps_this_turn": 2, "cpu": "AVX2"}
{"event": "extra_d_apply", "armed": true, "update_index": 1897, "modes": 8, "HQ": 0.732177734375, "extra_d_steps_this_turn": 2, "cpu": "AVX2"}
{"event": "extra_d_apply", "armed": true, "update_index": 1898, "modes": 8, "HQ": 0.732177734375, "extra_d_steps_this_turn": 2, "cpu": "AVX2"}
{"event": "extra_d_apply", "armed": true, "update_index": 1899, "modes": 8, "HQ": 0.732177734375, "extra_d_steps_this_turn": 2, "cpu": "AVX2"}
{"event": "extra_d_apply", "armed": true, "update_index": 1900, "modes": 8, "HQ": 0.732177734375, "extra_d_steps_this_turn": 2, "cpu": "AVX2"}
{"event": "PROGRESS", "outer": 1900, "armed": true, "arm_update_index": 1200, "fires": 700, "extra_d_steps": 1400, "modes": 8, "HQ": 0.732177734375, "fires_acquire": 489, "fires_dropout": 211, "fires_after_2300": 0, "cpu": "AVX2"}
{"event": "extra_d_apply", "armed": true, "update_index": 1901, "modes": 8, "HQ": 0.99609375, "extra_d_steps_this_turn": 2, "cpu": "AVX2"}
{"event": "extra_d_apply", "armed": true, "update_index": 1902, "modes": 8, "HQ": 0.99609375, "extra_d_steps_this_turn": 2, "cpu": "AVX2"}
{"event": "extra_d_apply", "armed": true, "update_index": 1903, "modes": 8, "HQ": 0.99609375, "extra_d_steps_this_turn": 2, "cpu": "AVX2"}
{"event": "extra_d_apply", "armed": true, "update_index": 1904, "modes": 8, "HQ": 0.99609375, "extra_d_steps_this_turn": 2, "cpu": "AVX2"}
{"event": "extra_d_apply", "armed": true, "update_index": 1905, "modes": 8, "HQ": 0.99609375, "extra_d_steps_this_turn": 2, "cpu": "AVX2"}
{"event": "extra_d_apply", "armed": true, "update_index": 1906, "modes": 8, "HQ": 0.99609375, "extra_d_steps_this_turn": 2, "cpu": "AVX2"}
{"event": "extra_d_apply", "armed": true, "update_index": 1907, "modes": 8, "HQ": 0.99609375, "extra_d_steps_this_turn": 2, "cpu": "AVX2"}
{"event": "extra_d_apply", "armed": true, "update_index": 1908, "modes": 8, "HQ": 0.99609375, "extra_d_steps_this_turn": 2, "cpu": "AVX2"}
{"event": "extra_d_apply", "armed": true, "update_index": 1909, "modes": 8, "HQ": 0.99609375, "extra_d_steps_this_turn": 2, "cpu": "AVX2"}
{"event": "extra_d_apply", "armed": true, "update_index": 1910, "modes": 8, "HQ": 0.99609375, "extra_d_steps_this_turn": 2, "cpu": "AVX2"}
{"event": "extra_d_apply", "armed": true, "update_index": 1911, "modes": 8, "HQ": 1.0, "extra_d_steps_this_turn": 2, "cpu": "AVX2"}
{"event": "extra_d_apply", "armed": true, "update_index": 1912, "modes": 8, "HQ": 1.0, "extra_d_steps_this_turn": 2, "cpu": "AVX2"}
{"event": "extra_d_apply", "armed": true, "update_index": 1913, "modes": 8, "HQ": 1.0, "extra_d_steps_this_turn": 2, "cpu": "AVX2"}
{"event": "extra_d_apply", "armed": true, "update_index": 1914, "modes": 8, "HQ": 1.0, "extra_d_steps_this_turn": 2, "cpu": "AVX2"}
{"event": "extra_d_apply", "armed": true, "update_index": 1915, "modes": 8, "HQ": 1.0, "extra_d_steps_this_turn": 2, "cpu": "AVX2"}
{"event": "extra_d_apply", "armed": true, "update_index": 1916, "modes": 8, "HQ": 1.0, "extra_d_steps_this_turn": 2, "cpu": "AVX2"}
{"event": "extra_d_apply", "armed": true, "update_index": 1917, "modes": 8, "HQ": 1.0, "extra_d_steps_this_turn": 2, "cpu": "AVX2"}
{"event": "extra_d_apply", "armed": true, "update_index": 1918, "modes": 8, "HQ": 1.0, "extra_d_steps_this_turn": 2, "cpu": "AVX2"}
{"event": "extra_d_apply", "armed": true, "update_index": 1919, "modes": 8, "HQ": 1.0, "extra_d_steps_this_turn": 2, "cpu": "AVX2"}
{"event": "extra_d_apply", "armed": true, "update_index": 1920, "modes": 8, "HQ": 1.0, "extra_d_steps_this_turn": 2, "cpu": "AVX2"}
{"event": "extra_d_apply", "armed": true, "update_index": 1921, "modes": 8, "HQ": 0.951171875, "extra_d_steps_this_turn": 2, "cpu": "AVX2"}
{"event": "extra_d_apply", "armed": true, "update_index": 1922, "modes": 8, "HQ": 0.951171875, "extra_d_steps_this_turn": 2, "cpu": "AVX2"}
{"event": "extra_d_apply", "armed": true, "update_index": 1923, "modes": 8, "HQ": 0.951171875, "extra_d_steps_this_turn": 2, "cpu": "AVX2"}
{"event": "extra_d_apply", "armed": true, "update_index": 1924, "modes": 8, "HQ": 0.951171875, "extra_d_steps_this_turn": 2, "cpu": "AVX2"}
{"event": "extra_d_apply", "armed": true, "update_index": 1925, "modes": 8, "HQ": 0.951171875, "extra_d_steps_this_turn": 2, "cpu": "AVX2"}
{"event": "extra_d_apply", "armed": true, "update_index": 1926, "modes": 8, "HQ": 0.951171875, "extra_d_steps_this_turn": 2, "cpu": "AVX2"}
{"event": "extra_d_apply", "armed": true, "update_index": 1927, "modes": 8, "HQ": 0.951171875, "extra_d_steps_this_turn": 2, "cpu": "AVX2"}
{"event": "extra_d_apply", "armed": true, "update_index": 1928, "modes": 8, "HQ": 0.951171875, "extra_d_steps_this_turn": 2, "cpu": "AVX2"}
{"event": "extra_d_apply", "armed": true, "update_index": 1929, "modes": 8, "HQ": 0.951171875, "extra_d_steps_this_turn": 2, "cpu": "AVX2"}
{"event": "extra_d_apply", "armed": true, "update_index": 1930, "modes": 8, "HQ": 0.951171875, "extra_d_steps_this_turn": 2, "cpu": "AVX2"}
{"event": "extra_d_apply", "armed": true, "update_index": 1931, "modes": 8, "HQ": 1.0, "extra_d_steps_this_turn": 2, "cpu": "AVX2"}
{"event": "extra_d_apply", "armed": true, "update_index": 1932, "modes": 8, "HQ": 1.0, "extra_d_steps_this_turn": 2, "cpu": "AVX2"}
{"event": "extra_d_apply", "armed": true, "update_index": 1933, "modes": 8, "HQ": 1.0, "extra_d_steps_this_turn": 2, "cpu": "AVX2"}
{"event": "extra_d_apply", "armed": true, "update_index": 1934, "modes": 8, "HQ": 1.0, "extra_d_steps_this_turn": 2, "cpu": "AVX2"}
{"event": "extra_d_apply", "armed": true, "update_index": 1935, "modes": 8, "HQ": 1.0, "extra_d_steps_this_turn": 2, "cpu": "AVX2"}
{"event": "extra_d_apply", "armed": true, "update_index": 1936, "modes": 8, "HQ": 1.0, "extra_d_steps_this_turn": 2, "cpu": "AVX2"}
{"event": "extra_d_apply", "armed": true, "update_index": 1937, "modes": 8, "HQ": 1.0, "extra_d_steps_this_turn": 2, "cpu": "AVX2"}
{"event": "extra_d_apply", "armed": true, "update_index": 1938, "modes": 8, "HQ": 1.0, "extra_d_steps_this_turn": 2, "cpu": "AVX2"}
{"event": "extra_d_apply", "armed": true, "update_index": 1939, "modes": 8, "HQ": 1.0, "extra_d_steps_this_turn": 2, "cpu": "AVX2"}
{"event": "extra_d_apply", "armed": true, "update_index": 1940, "modes": 8, "HQ": 1.0, "extra_d_steps_this_turn": 2, "cpu": "AVX2"}
{"event": "extra_d_apply", "armed": true, "update_index": 1941, "modes": 8, "HQ": 0.816650390625, "extra_d_steps_this_turn": 2, "cpu": "AVX2"}
{"event": "extra_d_apply", "armed": true, "update_index": 1942, "modes": 8, "HQ": 0.816650390625, "extra_d_steps_this_turn": 2, "cpu": "AVX2"}
{"event": "extra_d_apply", "armed": true, "update_index": 1943, "modes": 8, "HQ": 0.816650390625, "extra_d_steps_this_turn": 2, "cpu": "AVX2"}
{"event": "extra_d_apply", "armed": true, "update_index": 1944, "modes": 8, "HQ": 0.816650390625, "extra_d_steps_this_turn": 2, "cpu": "AVX2"}
{"event": "extra_d_apply", "armed": true, "update_index": 1945, "modes": 8, "HQ": 0.816650390625, "extra_d_steps_this_turn": 2, "cpu": "AVX2"}
{"event": "extra_d_apply", "armed": true, "update_index": 1946, "modes": 8, "HQ": 0.816650390625, "extra_d_steps_this_turn": 2, "cpu": "AVX2"}
{"event": "extra_d_apply", "armed": true, "update_index": 1947, "modes": 8, "HQ": 0.816650390625, "extra_d_steps_this_turn": 2, "cpu": "AVX2"}
{"event": "extra_d_apply", "armed": true, "update_index": 1948, "modes": 8, "HQ": 0.816650390625, "extra_d_steps_this_turn": 2, "cpu": "AVX2"}
{"event": "extra_d_apply", "armed": true, "update_index": 1949, "modes": 8, "HQ": 0.816650390625, "extra_d_steps_this_turn": 2, "cpu": "AVX2"}
{"event": "extra_d_apply", "armed": true, "update_index": 1950, "modes": 8, "HQ": 0.816650390625, "extra_d_steps_this_turn": 2, "cpu": "AVX2"}
{"event": "extra_d_apply", "armed": true, "update_index": 1951, "modes": 8, "HQ": 1.0, "extra_d_steps_this_turn": 2, "cpu": "AVX2"}
{"event": "extra_d_apply", "armed": true, "update_index": 1952, "modes": 8, "HQ": 1.0, "extra_d_steps_this_turn": 2, "cpu": "AVX2"}
{"event": "extra_d_apply", "armed": true, "update_index": 1953, "modes": 8, "HQ": 1.0, "extra_d_steps_this_turn": 2, "cpu": "AVX2"}
{"event": "extra_d_apply", "armed": true, "update_index": 1954, "modes": 8, "HQ": 1.0, "extra_d_steps_this_turn": 2, "cpu": "AVX2"}
{"event": "extra_d_apply", "armed": true, "update_index": 1955, "modes": 8, "HQ": 1.0, "extra_d_steps_this_turn": 2, "cpu": "AVX2"}
{"event": "extra_d_apply", "armed": true, "update_index": 1956, "modes": 8, "HQ": 1.0, "extra_d_steps_this_turn": 2, "cpu": "AVX2"}
{"event": "extra_d_apply", "armed": true, "update_index": 1957, "modes": 8, "HQ": 1.0, "extra_d_steps_this_turn": 2, "cpu": "AVX2"}
{"event": "extra_d_apply", "armed": true, "update_index": 1958, "modes": 8, "HQ": 1.0, "extra_d_steps_this_turn": 2, "cpu": "AVX2"}
{"event": "extra_d_apply", "armed": true, "update_index": 1959, "modes": 8, "HQ": 1.0, "extra_d_steps_this_turn": 2, "cpu": "AVX2"}
{"event": "extra_d_apply", "armed": true, "update_index": 1960, "modes": 8, "HQ": 1.0, "extra_d_steps_this_turn": 2, "cpu": "AVX2"}
{"event": "extra_d_apply", "armed": true, "update_index": 1961, "modes": 7, "HQ": 0.84521484375, "extra_d_steps_this_turn": 2, "cpu": "AVX2"}
{"event": "extra_d_apply", "armed": true, "update_index": 1962, "modes": 7, "HQ": 0.84521484375, "extra_d_steps_this_turn": 2, "cpu": "AVX2"}
{"event": "extra_d_apply", "armed": true, "update_index": 1963, "modes": 7, "HQ": 0.84521484375, "extra_d_steps_this_turn": 2, "cpu": "AVX2"}
{"event": "extra_d_apply", "armed": true, "update_index": 1964, "modes": 7, "HQ": 0.84521484375, "extra_d_steps_this_turn": 2, "cpu": "AVX2"}
{"event": "extra_d_apply", "armed": true, "update_index": 1965, "modes": 7, "HQ": 0.84521484375, "extra_d_steps_this_turn": 2, "cpu": "AVX2"}
{"event": "extra_d_apply", "armed": true, "update_index": 1966, "modes": 7, "HQ": 0.84521484375, "extra_d_steps_this_turn": 2, "cpu": "AVX2"}
{"event": "extra_d_apply", "armed": true, "update_index": 1967, "modes": 7, "HQ": 0.84521484375, "extra_d_steps_this_turn": 2, "cpu": "AVX2"}
{"event": "extra_d_apply", "armed": true, "update_index": 1968, "modes": 7, "HQ": 0.84521484375, "extra_d_steps_this_turn": 2, "cpu": "AVX2"}
{"event": "extra_d_apply", "armed": true, "update_index": 1969, "modes": 7, "HQ": 0.84521484375, "extra_d_steps_this_turn": 2, "cpu": "AVX2"}
{"event": "extra_d_apply", "armed": true, "update_index": 1970, "modes": 7, "HQ": 0.84521484375, "extra_d_steps_this_turn": 2, "cpu": "AVX2"}
{"event": "extra_d_apply", "armed": true, "update_index": 1971, "modes": 7, "HQ": 0.753173828125, "extra_d_steps_this_turn": 2, "cpu": "AVX2"}
{"event": "extra_d_apply", "armed": true, "update_index": 1972, "modes": 7, "HQ": 0.753173828125, "extra_d_steps_this_turn": 2, "cpu": "AVX2"}
{"event": "extra_d_apply", "armed": true, "update_index": 1973, "modes": 7, "HQ": 0.753173828125, "extra_d_steps_this_turn": 2, "cpu": "AVX2"}
{"event": "extra_d_apply", "armed": true, "update_index": 1974, "modes": 7, "HQ": 0.753173828125, "extra_d_steps_this_turn": 2, "cpu": "AVX2"}
{"event": "extra_d_apply", "armed": true, "update_index": 1975, "modes": 7, "HQ": 0.753173828125, "extra_d_steps_this_turn": 2, "cpu": "AVX2"}
{"event": "extra_d_apply", "armed": true, "update_index": 1976, "modes": 7, "HQ": 0.753173828125, "extra_d_steps_this_turn": 2, "cpu": "AVX2"}
{"event": "extra_d_apply", "armed": true, "update_index": 1977, "modes": 7, "HQ": 0.753173828125, "extra_d_steps_this_turn": 2, "cpu": "AVX2"}
{"event": "extra_d_apply", "armed": true, "update_index": 1978, "modes": 7, "HQ": 0.753173828125, "extra_d_steps_this_turn": 2, "cpu": "AVX2"}
{"event": "extra_d_apply", "armed": true, "update_index": 1979, "modes": 7, "HQ": 0.753173828125, "extra_d_steps_this_turn": 2, "cpu": "AVX2"}
{"event": "extra_d_apply", "armed": true, "update_index": 1980, "modes": 7, "HQ": 0.753173828125, "extra_d_steps_this_turn": 2, "cpu": "AVX2"}
{"event": "extra_d_apply", "armed": true, "update_index": 1981, "modes": 8, "HQ": 1.0, "extra_d_steps_this_turn": 2, "cpu": "AVX2"}
{"event": "extra_d_apply", "armed": true, "update_index": 1982, "modes": 8, "HQ": 1.0, "extra_d_steps_this_turn": 2, "cpu": "AVX2"}
{"event": "extra_d_apply", "armed": true, "update_index": 1983, "modes": 8, "HQ": 1.0, "extra_d_steps_this_turn": 2, "cpu": "AVX2"}
{"event": "extra_d_apply", "armed": true, "update_index": 1984, "modes": 8, "HQ": 1.0, "extra_d_steps_this_turn": 2, "cpu": "AVX2"}
{"event": "extra_d_apply", "armed": true, "update_index": 1985, "modes": 8, "HQ": 1.0, "extra_d_steps_this_turn": 2, "cpu": "AVX2"}
{"event": "extra_d_apply", "armed": true, "update_index": 1986, "modes": 8, "HQ": 1.0, "extra_d_steps_this_turn": 2, "cpu": "AVX2"}
{"event": "extra_d_apply", "armed": true, "update_index": 1987, "modes": 8, "HQ": 1.0, "extra_d_steps_this_turn": 2, "cpu": "AVX2"}
{"event": "extra_d_apply", "armed": true, "update_index": 1988, "modes": 8, "HQ": 1.0, "extra_d_steps_this_turn": 2, "cpu": "AVX2"}
{"event": "extra_d_apply", "armed": true, "update_index": 1989, "modes": 8, "HQ": 1.0, "extra_d_steps_this_turn": 2, "cpu": "AVX2"}
{"event": "extra_d_apply", "armed": true, "update_index": 1990, "modes": 8, "HQ": 1.0, "extra_d_steps_this_turn": 2, "cpu": "AVX2"}
{"event": "extra_d_apply", "armed": true, "update_index": 1991, "modes": 8, "HQ": 0.999755859375, "extra_d_steps_this_turn": 2, "cpu": "AVX2"}
{"event": "extra_d_apply", "armed": true, "update_index": 1992, "modes": 8, "HQ": 0.999755859375, "extra_d_steps_this_turn": 2, "cpu": "AVX2"}
{"event": "extra_d_apply", "armed": true, "update_index": 1993, "modes": 8, "HQ": 0.999755859375, "extra_d_steps_this_turn": 2, "cpu": "AVX2"}
{"event": "extra_d_apply", "armed": true, "update_index": 1994, "modes": 8, "HQ": 0.999755859375, "extra_d_steps_this_turn": 2, "cpu": "AVX2"}
{"event": "extra_d_apply", "armed": true, "update_index": 1995, "modes": 8, "HQ": 0.999755859375, "extra_d_steps_this_turn": 2, "cpu": "AVX2"}
{"event": "extra_d_apply", "armed": true, "update_index": 1996, "modes": 8, "HQ": 0.999755859375, "extra_d_steps_this_turn": 2, "cpu": "AVX2"}
{"event": "extra_d_apply", "armed": true, "update_index": 1997, "modes": 8, "HQ": 0.999755859375, "extra_d_steps_this_turn": 2, "cpu": "AVX2"}
{"event": "extra_d_apply", "armed": true, "update_index": 1998, "modes": 8, "HQ": 0.999755859375, "extra_d_steps_this_turn": 2, "cpu": "AVX2"}
{"event": "extra_d_apply", "armed": true, "update_index": 1999, "modes": 8, "HQ": 0.999755859375, "extra_d_steps_this_turn": 2, "cpu": "AVX2"}
{"event": "extra_d_apply", "armed": true, "update_index": 2000, "modes": 8, "HQ": 0.999755859375, "extra_d_steps_this_turn": 2, "cpu": "AVX2"}
{"event": "PROGRESS", "outer": 2000, "armed": true, "arm_update_index": 1200, "fires": 800, "extra_d_steps": 1600, "modes": 8, "HQ": 0.999755859375, "fires_acquire": 489, "fires_dropout": 311, "fires_after_2300": 0, "cpu": "AVX2"}
{"event": "extra_d_apply", "armed": true, "update_index": 2001, "modes": 8, "HQ": 1.0, "extra_d_steps_this_turn": 2, "cpu": "AVX2"}
{"event": "extra_d_apply", "armed": true, "update_index": 2002, "modes": 8, "HQ": 1.0, "extra_d_steps_this_turn": 2, "cpu": "AVX2"}
{"event": "extra_d_apply", "armed": true, "update_index": 2003, "modes": 8, "HQ": 1.0, "extra_d_steps_this_turn": 2, "cpu": "AVX2"}
{"event": "extra_d_apply", "armed": true, "update_index": 2004, "modes": 8, "HQ": 1.0, "extra_d_steps_this_turn": 2, "cpu": "AVX2"}
{"event": "extra_d_apply", "armed": true, "update_index": 2005, "modes": 8, "HQ": 1.0, "extra_d_steps_this_turn": 2, "cpu": "AVX2"}
{"event": "extra_d_apply", "armed": true, "update_index": 2006, "modes": 8, "HQ": 1.0, "extra_d_steps_this_turn": 2, "cpu": "AVX2"}
{"event": "extra_d_apply", "armed": true, "update_index": 2007, "modes": 8, "HQ": 1.0, "extra_d_steps_this_turn": 2, "cpu": "AVX2"}
{"event": "extra_d_apply", "armed": true, "update_index": 2008, "modes": 8, "HQ": 1.0, "extra_d_steps_this_turn": 2, "cpu": "AVX2"}
{"event": "extra_d_apply", "armed": true, "update_index": 2009, "modes": 8, "HQ": 1.0, "extra_d_steps_this_turn": 2, "cpu": "AVX2"}
{"event": "extra_d_apply", "armed": true, "update_index": 2010, "modes": 8, "HQ": 1.0, "extra_d_steps_this_turn": 2, "cpu": "AVX2"}
{"event": "extra_d_apply", "armed": true, "update_index": 2011, "modes": 6, "HQ": 0.48486328125, "extra_d_steps_this_turn": 2, "cpu": "AVX2"}
{"event": "extra_d_apply", "armed": true, "update_index": 2012, "modes": 6, "HQ": 0.48486328125, "extra_d_steps_this_turn": 2, "cpu": "AVX2"}
{"event": "extra_d_apply", "armed": true, "update_index": 2013, "modes": 6, "HQ": 0.48486328125, "extra_d_steps_this_turn": 2, "cpu": "AVX2"}
{"event": "extra_d_apply", "armed": true, "update_index": 2014, "modes": 6, "HQ": 0.48486328125, "extra_d_steps_this_turn": 2, "cpu": "AVX2"}
{"event": "extra_d_apply", "armed": true, "update_index": 2015, "modes": 6, "HQ": 0.48486328125, "extra_d_steps_this_turn": 2, "cpu": "AVX2"}
{"event": "extra_d_apply", "armed": true, "update_index": 2016, "modes": 6, "HQ": 0.48486328125, "extra_d_steps_this_turn": 2, "cpu": "AVX2"}
{"event": "extra_d_apply", "armed": true, "update_index": 2017, "modes": 6, "HQ": 0.48486328125, "extra_d_steps_this_turn": 2, "cpu": "AVX2"}
{"event": "extra_d_apply", "armed": true, "update_index": 2018, "modes": 6, "HQ": 0.48486328125, "extra_d_steps_this_turn": 2, "cpu": "AVX2"}
{"event": "extra_d_apply", "armed": true, "update_index": 2019, "modes": 6, "HQ": 0.48486328125, "extra_d_steps_this_turn": 2, "cpu": "AVX2"}
{"event": "extra_d_apply", "armed": true, "update_index": 2020, "modes": 6, "HQ": 0.48486328125, "extra_d_steps_this_turn": 2, "cpu": "AVX2"}
{"event": "extra_d_apply", "armed": true, "update_index": 2021, "modes": 4, "HQ": 0.2890625, "extra_d_steps_this_turn": 2, "cpu": "AVX2"}
{"event": "extra_d_apply", "armed": true, "update_index": 2022, "modes": 4, "HQ": 0.2890625, "extra_d_steps_this_turn": 2, "cpu": "AVX2"}
{"event": "extra_d_apply", "armed": true, "update_index": 2023, "modes": 4, "HQ": 0.2890625, "extra_d_steps_this_turn": 2, "cpu": "AVX2"}
{"event": "extra_d_apply", "armed": true, "update_index": 2024, "modes": 4, "HQ": 0.2890625, "extra_d_steps_this_turn": 2, "cpu": "AVX2"}
{"event": "extra_d_apply", "armed": true, "update_index": 2025, "modes": 4, "HQ": 0.2890625, "extra_d_steps_this_turn": 2, "cpu": "AVX2"}
{"event": "extra_d_apply", "armed": true, "update_index": 2026, "modes": 4, "HQ": 0.2890625, "extra_d_steps_this_turn": 2, "cpu": "AVX2"}
{"event": "extra_d_apply", "armed": true, "update_index": 2027, "modes": 4, "HQ": 0.2890625, "extra_d_steps_this_turn": 2, "cpu": "AVX2"}
{"event": "extra_d_apply", "armed": true, "update_index": 2028, "modes": 4, "HQ": 0.2890625, "extra_d_steps_this_turn": 2, "cpu": "AVX2"}
{"event": "extra_d_apply", "armed": true, "update_index": 2029, "modes": 4, "HQ": 0.2890625, "extra_d_steps_this_turn": 2, "cpu": "AVX2"}
{"event": "extra_d_apply", "armed": true, "update_index": 2030, "modes": 4, "HQ": 0.2890625, "extra_d_steps_this_turn": 2, "cpu": "AVX2"}
{"event": "extra_d_apply", "armed": true, "update_index": 2031, "modes": 8, "HQ": 0.926513671875, "extra_d_steps_this_turn": 2, "cpu": "AVX2"}
{"event": "extra_d_apply", "armed": true, "update_index": 2032, "modes": 8, "HQ": 0.926513671875, "extra_d_steps_this_turn": 2, "cpu": "AVX2"}
{"event": "extra_d_apply", "armed": true, "update_index": 2033, "modes": 8, "HQ": 0.926513671875, "extra_d_steps_this_turn": 2, "cpu": "AVX2"}
{"event": "extra_d_apply", "armed": true, "update_index": 2034, "modes": 8, "HQ": 0.926513671875, "extra_d_steps_this_turn": 2, "cpu": "AVX2"}
{"event": "extra_d_apply", "armed": true, "update_index": 2035, "modes": 8, "HQ": 0.926513671875, "extra_d_steps_this_turn": 2, "cpu": "AVX2"}
{"event": "extra_d_apply", "armed": true, "update_index": 2036, "modes": 8, "HQ": 0.926513671875, "extra_d_steps_this_turn": 2, "cpu": "AVX2"}
{"event": "extra_d_apply", "armed": true, "update_index": 2037, "modes": 8, "HQ": 0.926513671875, "extra_d_steps_this_turn": 2, "cpu": "AVX2"}
{"event": "extra_d_apply", "armed": true, "update_index": 2038, "modes": 8, "HQ": 0.926513671875, "extra_d_steps_this_turn": 2, "cpu": "AVX2"}
{"event": "extra_d_apply", "armed": true, "update_index": 2039, "modes": 8, "HQ": 0.926513671875, "extra_d_steps_this_turn": 2, "cpu": "AVX2"}
{"event": "extra_d_apply", "armed": true, "update_index": 2040, "modes": 8, "HQ": 0.926513671875, "extra_d_steps_this_turn": 2, "cpu": "AVX2"}
{"event": "extra_d_apply", "armed": true, "update_index": 2041, "modes": 8, "HQ": 0.9970703125, "extra_d_steps_this_turn": 2, "cpu": "AVX2"}
{"event": "extra_d_apply", "armed": true, "update_index": 2042, "modes": 8, "HQ": 0.9970703125, "extra_d_steps_this_turn": 2, "cpu": "AVX2"}
{"event": "extra_d_apply", "armed": true, "update_index": 2043, "modes": 8, "HQ": 0.9970703125, "extra_d_steps_this_turn": 2, "cpu": "AVX2"}
{"event": "extra_d_apply", "armed": true, "update_index": 2044, "modes": 8, "HQ": 0.9970703125, "extra_d_steps_this_turn": 2, "cpu": "AVX2"}
{"event": "extra_d_apply", "armed": true, "update_index": 2045, "modes": 8, "HQ": 0.9970703125, "extra_d_steps_this_turn": 2, "cpu": "AVX2"}
{"event": "extra_d_apply", "armed": true, "update_index": 2046, "modes": 8, "HQ": 0.9970703125, "extra_d_steps_this_turn": 2, "cpu": "AVX2"}
{"event": "extra_d_apply", "armed": true, "update_index": 2047, "modes": 8, "HQ": 0.9970703125, "extra_d_steps_this_turn": 2, "cpu": "AVX2"}
{"event": "extra_d_apply", "armed": true, "update_index": 2048, "modes": 8, "HQ": 0.9970703125, "extra_d_steps_this_turn": 2, "cpu": "AVX2"}
{"event": "extra_d_apply", "armed": true, "update_index": 2049, "modes": 8, "HQ": 0.9970703125, "extra_d_steps_this_turn": 2, "cpu": "AVX2"}
{"event": "extra_d_apply", "armed": true, "update_index": 2050, "modes": 8, "HQ": 0.9970703125, "extra_d_steps_this_turn": 2, "cpu": "AVX2"}
{"event": "extra_d_apply", "armed": true, "update_index": 2051, "modes": 8, "HQ": 0.966064453125, "extra_d_steps_this_turn": 2, "cpu": "AVX2"}
{"event": "extra_d_apply", "armed": true, "update_index": 2052, "modes": 8, "HQ": 0.966064453125, "extra_d_steps_this_turn": 2, "cpu": "AVX2"}
{"event": "extra_d_apply", "armed": true, "update_index": 2053, "modes": 8, "HQ": 0.966064453125, "extra_d_steps_this_turn": 2, "cpu": "AVX2"}
{"event": "extra_d_apply", "armed": true, "update_index": 2054, "modes": 8, "HQ": 0.966064453125, "extra_d_steps_this_turn": 2, "cpu": "AVX2"}
{"event": "extra_d_apply", "armed": true, "update_index": 2055, "modes": 8, "HQ": 0.966064453125, "extra_d_steps_this_turn": 2, "cpu": "AVX2"}
{"event": "extra_d_apply", "armed": true, "update_index": 2056, "modes": 8, "HQ": 0.966064453125, "extra_d_steps_this_turn": 2, "cpu": "AVX2"}
{"event": "extra_d_apply", "armed": true, "update_index": 2057, "modes": 8, "HQ": 0.966064453125, "extra_d_steps_this_turn": 2, "cpu": "AVX2"}
{"event": "extra_d_apply", "armed": true, "update_index": 2058, "modes": 8, "HQ": 0.966064453125, "extra_d_steps_this_turn": 2, "cpu": "AVX2"}
{"event": "extra_d_apply", "armed": true, "update_index": 2059, "modes": 8, "HQ": 0.966064453125, "extra_d_steps_this_turn": 2, "cpu": "AVX2"}
{"event": "extra_d_apply", "armed": true, "update_index": 2060, "modes": 8, "HQ": 0.966064453125, "extra_d_steps_this_turn": 2, "cpu": "AVX2"}
{"event": "extra_d_apply", "armed": true, "update_index": 2061, "modes": 8, "HQ": 0.999755859375, "extra_d_steps_this_turn": 2, "cpu": "AVX2"}
{"event": "extra_d_apply", "armed": true, "update_index": 2062, "modes": 8, "HQ": 0.999755859375, "extra_d_steps_this_turn": 2, "cpu": "AVX2"}
{"event": "extra_d_apply", "armed": true, "update_index": 2063, "modes": 8, "HQ": 0.999755859375, "extra_d_steps_this_turn": 2, "cpu": "AVX2"}
{"event": "extra_d_apply", "armed": true, "update_index": 2064, "modes": 8, "HQ": 0.999755859375, "extra_d_steps_this_turn": 2, "cpu": "AVX2"}
{"event": "extra_d_apply", "armed": true, "update_index": 2065, "modes": 8, "HQ": 0.999755859375, "extra_d_steps_this_turn": 2, "cpu": "AVX2"}
{"event": "extra_d_apply", "armed": true, "update_index": 2066, "modes": 8, "HQ": 0.999755859375, "extra_d_steps_this_turn": 2, "cpu": "AVX2"}
{"event": "extra_d_apply", "armed": true, "update_index": 2067, "modes": 8, "HQ": 0.999755859375, "extra_d_steps_this_turn": 2, "cpu": "AVX2"}
{"event": "extra_d_apply", "armed": true, "update_index": 2068, "modes": 8, "HQ": 0.999755859375, "extra_d_steps_this_turn": 2, "cpu": "AVX2"}
{"event": "extra_d_apply", "armed": true, "update_index": 2069, "modes": 8, "HQ": 0.999755859375, "extra_d_steps_this_turn": 2, "cpu": "AVX2"}
{"event": "extra_d_apply", "armed": true, "update_index": 2070, "modes": 8, "HQ": 0.999755859375, "extra_d_steps_this_turn": 2, "cpu": "AVX2"}
{"event": "extra_d_apply", "armed": true, "update_index": 2071, "modes": 8, "HQ": 0.97998046875, "extra_d_steps_this_turn": 2, "cpu": "AVX2"}
{"event": "extra_d_apply", "armed": true, "update_index": 2072, "modes": 8, "HQ": 0.97998046875, "extra_d_steps_this_turn": 2, "cpu": "AVX2"}
{"event": "extra_d_apply", "armed": true, "update_index": 2073, "modes": 8, "HQ": 0.97998046875, "extra_d_steps_this_turn": 2, "cpu": "AVX2"}
{"event": "extra_d_apply", "armed": true, "update_index": 2074, "modes": 8, "HQ": 0.97998046875, "extra_d_steps_this_turn": 2, "cpu": "AVX2"}
{"event": "extra_d_apply", "armed": true, "update_index": 2075, "modes": 8, "HQ": 0.97998046875, "extra_d_steps_this_turn": 2, "cpu": "AVX2"}
{"event": "extra_d_apply", "armed": true, "update_index": 2076, "modes": 8, "HQ": 0.97998046875, "extra_d_steps_this_turn": 2, "cpu": "AVX2"}
{"event": "extra_d_apply", "armed": true, "update_index": 2077, "modes": 8, "HQ": 0.97998046875, "extra_d_steps_this_turn": 2, "cpu": "AVX2"}
{"event": "extra_d_apply", "armed": true, "update_index": 2078, "modes": 8, "HQ": 0.97998046875, "extra_d_steps_this_turn": 2, "cpu": "AVX2"}
{"event": "extra_d_apply", "armed": true, "update_index": 2079, "modes": 8, "HQ": 0.97998046875, "extra_d_steps_this_turn": 2, "cpu": "AVX2"}
{"event": "extra_d_apply", "armed": true, "update_index": 2080, "modes": 8, "HQ": 0.97998046875, "extra_d_steps_this_turn": 2, "cpu": "AVX2"}
{"event": "extra_d_apply", "armed": true, "update_index": 2081, "modes": 8, "HQ": 1.0, "extra_d_steps_this_turn": 2, "cpu": "AVX2"}
{"event": "extra_d_apply", "armed": true, "update_index": 2082, "modes": 8, "HQ": 1.0, "extra_d_steps_this_turn": 2, "cpu": "AVX2"}
{"event": "extra_d_apply", "armed": true, "update_index": 2083, "modes": 8, "HQ": 1.0, "extra_d_steps_this_turn": 2, "cpu": "AVX2"}
{"event": "extra_d_apply", "armed": true, "update_index": 2084, "modes": 8, "HQ": 1.0, "extra_d_steps_this_turn": 2, "cpu": "AVX2"}
{"event": "extra_d_apply", "armed": true, "update_index": 2085, "modes": 8, "HQ": 1.0, "extra_d_steps_this_turn": 2, "cpu": "AVX2"}
{"event": "extra_d_apply", "armed": true, "update_index": 2086, "modes": 8, "HQ": 1.0, "extra_d_steps_this_turn": 2, "cpu": "AVX2"}
{"event": "extra_d_apply", "armed": true, "update_index": 2087, "modes": 8, "HQ": 1.0, "extra_d_steps_this_turn": 2, "cpu": "AVX2"}
{"event": "extra_d_apply", "armed": true, "update_index": 2088, "modes": 8, "HQ": 1.0, "extra_d_steps_this_turn": 2, "cpu": "AVX2"}
{"event": "extra_d_apply", "armed": true, "update_index": 2089, "modes": 8, "HQ": 1.0, "extra_d_steps_this_turn": 2, "cpu": "AVX2"}
{"event": "extra_d_apply", "armed": true, "update_index": 2090, "modes": 8, "HQ": 1.0, "extra_d_steps_this_turn": 2, "cpu": "AVX2"}
{"event": "extra_d_apply", "armed": true, "update_index": 2091, "modes": 6, "HQ": 0.375244140625, "extra_d_steps_this_turn": 2, "cpu": "AVX2"}
{"event": "extra_d_apply", "armed": true, "update_index": 2092, "modes": 6, "HQ": 0.375244140625, "extra_d_steps_this_turn": 2, "cpu": "AVX2"}
{"event": "extra_d_apply", "armed": true, "update_index": 2093, "modes": 6, "HQ": 0.375244140625, "extra_d_steps_this_turn": 2, "cpu": "AVX2"}
{"event": "extra_d_apply", "armed": true, "update_index": 2094, "modes": 6, "HQ": 0.375244140625, "extra_d_steps_this_turn": 2, "cpu": "AVX2"}
{"event": "extra_d_apply", "armed": true, "update_index": 2095, "modes": 6, "HQ": 0.375244140625, "extra_d_steps_this_turn": 2, "cpu": "AVX2"}
{"event": "extra_d_apply", "armed": true, "update_index": 2096, "modes": 6, "HQ": 0.375244140625, "extra_d_steps_this_turn": 2, "cpu": "AVX2"}
{"event": "extra_d_apply", "armed": true, "update_index": 2097, "modes": 6, "HQ": 0.375244140625, "extra_d_steps_this_turn": 2, "cpu": "AVX2"}
{"event": "extra_d_apply", "armed": true, "update_index": 2098, "modes": 6, "HQ": 0.375244140625, "extra_d_steps_this_turn": 2, "cpu": "AVX2"}
{"event": "extra_d_apply", "armed": true, "update_index": 2099, "modes": 6, "HQ": 0.375244140625, "extra_d_steps_this_turn": 2, "cpu": "AVX2"}
{"event": "extra_d_apply", "armed": true, "update_index": 2100, "modes": 6, "HQ": 0.375244140625, "extra_d_steps_this_turn": 2, "cpu": "AVX2"}
{"event": "PROGRESS", "outer": 2100, "armed": true, "arm_update_index": 1200, "fires": 900, "extra_d_steps": 1800, "modes": 6, "HQ": 0.375244140625, "fires_acquire": 489, "fires_dropout": 411, "fires_after_2300": 0, "cpu": "AVX2"}
{"event": "extra_d_apply", "armed": true, "update_index": 2101, "modes": 4, "HQ": 0.452392578125, "extra_d_steps_this_turn": 2, "cpu": "AVX2"}
{"event": "extra_d_apply", "armed": true, "update_index": 2102, "modes": 4, "HQ": 0.452392578125, "extra_d_steps_this_turn": 2, "cpu": "AVX2"}
{"event": "extra_d_apply", "armed": true, "update_index": 2103, "modes": 4, "HQ": 0.452392578125, "extra_d_steps_this_turn": 2, "cpu": "AVX2"}
{"event": "extra_d_apply", "armed": true, "update_index": 2104, "modes": 4, "HQ": 0.452392578125, "extra_d_steps_this_turn": 2, "cpu": "AVX2"}
{"event": "extra_d_apply", "armed": true, "update_index": 2105, "modes": 4, "HQ": 0.452392578125, "extra_d_steps_this_turn": 2, "cpu": "AVX2"}
{"event": "extra_d_apply", "armed": true, "update_index": 2106, "modes": 4, "HQ": 0.452392578125, "extra_d_steps_this_turn": 2, "cpu": "AVX2"}
{"event": "extra_d_apply", "armed": true, "update_index": 2107, "modes": 4, "HQ": 0.452392578125, "extra_d_steps_this_turn": 2, "cpu": "AVX2"}
{"event": "extra_d_apply", "armed": true, "update_index": 2108, "modes": 4, "HQ": 0.452392578125, "extra_d_steps_this_turn": 2, "cpu": "AVX2"}
{"event": "extra_d_apply", "armed": true, "update_index": 2109, "modes": 4, "HQ": 0.452392578125, "extra_d_steps_this_turn": 2, "cpu": "AVX2"}
{"event": "extra_d_apply", "armed": true, "update_index": 2110, "modes": 4, "HQ": 0.452392578125, "extra_d_steps_this_turn": 2, "cpu": "AVX2"}
{"event": "extra_d_apply", "armed": true, "update_index": 2111, "modes": 1, "HQ": 0.11962890625, "extra_d_steps_this_turn": 2, "cpu": "AVX2"}
{"event": "extra_d_apply", "armed": true, "update_index": 2112, "modes": 1, "HQ": 0.11962890625, "extra_d_steps_this_turn": 2, "cpu": "AVX2"}
{"event": "extra_d_apply", "armed": true, "update_index": 2113, "modes": 1, "HQ": 0.11962890625, "extra_d_steps_this_turn": 2, "cpu": "AVX2"}
{"event": "extra_d_apply", "armed": true, "update_index": 2114, "modes": 1, "HQ": 0.11962890625, "extra_d_steps_this_turn": 2, "cpu": "AVX2"}
{"event": "extra_d_apply", "armed": true, "update_index": 2115, "modes": 1, "HQ": 0.11962890625, "extra_d_steps_this_turn": 2, "cpu": "AVX2"}
{"event": "extra_d_apply", "armed": true, "update_index": 2116, "modes": 1, "HQ": 0.11962890625, "extra_d_steps_this_turn": 2, "cpu": "AVX2"}
{"event": "extra_d_apply", "armed": true, "update_index": 2117, "modes": 1, "HQ": 0.11962890625, "extra_d_steps_this_turn": 2, "cpu": "AVX2"}
{"event": "extra_d_apply", "armed": true, "update_index": 2118, "modes": 1, "HQ": 0.11962890625, "extra_d_steps_this_turn": 2, "cpu": "AVX2"}
{"event": "extra_d_apply", "armed": true, "update_index": 2119, "modes": 1, "HQ": 0.11962890625, "extra_d_steps_this_turn": 2, "cpu": "AVX2"}
{"event": "extra_d_apply", "armed": true, "update_index": 2120, "modes": 1, "HQ": 0.11962890625, "extra_d_steps_this_turn": 2, "cpu": "AVX2"}
{"event": "extra_d_apply", "armed": true, "update_index": 2121, "modes": 0, "HQ": 0.0, "extra_d_steps_this_turn": 2, "cpu": "AVX2"}
{"event": "extra_d_apply", "armed": true, "update_index": 2122, "modes": 0, "HQ": 0.0, "extra_d_steps_this_turn": 2, "cpu": "AVX2"}
{"event": "extra_d_apply", "armed": true, "update_index": 2123, "modes": 0, "HQ": 0.0, "extra_d_steps_this_turn": 2, "cpu": "AVX2"}
{"event": "extra_d_apply", "armed": true, "update_index": 2124, "modes": 0, "HQ": 0.0, "extra_d_steps_this_turn": 2, "cpu": "AVX2"}
{"event": "extra_d_apply", "armed": true, "update_index": 2125, "modes": 0, "HQ": 0.0, "extra_d_steps_this_turn": 2, "cpu": "AVX2"}
{"event": "extra_d_apply", "armed": true, "update_index": 2126, "modes": 0, "HQ": 0.0, "extra_d_steps_this_turn": 2, "cpu": "AVX2"}
{"event": "extra_d_apply", "armed": true, "update_index": 2127, "modes": 0, "HQ": 0.0, "extra_d_steps_this_turn": 2, "cpu": "AVX2"}
{"event": "extra_d_apply", "armed": true, "update_index": 2128, "modes": 0, "HQ": 0.0, "extra_d_steps_this_turn": 2, "cpu": "AVX2"}
{"event": "extra_d_apply", "armed": true, "update_index": 2129, "modes": 0, "HQ": 0.0, "extra_d_steps_this_turn": 2, "cpu": "AVX2"}
{"event": "extra_d_apply", "armed": true, "update_index": 2130, "modes": 0, "HQ": 0.0, "extra_d_steps_this_turn": 2, "cpu": "AVX2"}
{"event": "extra_d_apply", "armed": true, "update_index": 2131, "modes": 0, "HQ": 0.0, "extra_d_steps_this_turn": 2, "cpu": "AVX2"}
{"event": "extra_d_apply", "armed": true, "update_index": 2132, "modes": 0, "HQ": 0.0, "extra_d_steps_this_turn": 2, "cpu": "AVX2"}
{"event": "extra_d_apply", "armed": true, "update_index": 2133, "modes": 0, "HQ": 0.0, "extra_d_steps_this_turn": 2, "cpu": "AVX2"}
{"event": "extra_d_apply", "armed": true, "update_index": 2134, "modes": 0, "HQ": 0.0, "extra_d_steps_this_turn": 2, "cpu": "AVX2"}
{"event": "extra_d_apply", "armed": true, "update_index": 2135, "modes": 0, "HQ": 0.0, "extra_d_steps_this_turn": 2, "cpu": "AVX2"}
{"event": "extra_d_apply", "armed": true, "update_index": 2136, "modes": 0, "HQ": 0.0, "extra_d_steps_this_turn": 2, "cpu": "AVX2"}
{"event": "extra_d_apply", "armed": true, "update_index": 2137, "modes": 0, "HQ": 0.0, "extra_d_steps_this_turn": 2, "cpu": "AVX2"}
{"event": "extra_d_apply", "armed": true, "update_index": 2138, "modes": 0, "HQ": 0.0, "extra_d_steps_this_turn": 2, "cpu": "AVX2"}
{"event": "extra_d_apply", "armed": true, "update_index": 2139, "modes": 0, "HQ": 0.0, "extra_d_steps_this_turn": 2, "cpu": "AVX2"}
{"event": "extra_d_apply", "armed": true, "update_index": 2140, "modes": 0, "HQ": 0.0, "extra_d_steps_this_turn": 2, "cpu": "AVX2"}
{"event": "extra_d_apply", "armed": true, "update_index": 2141, "modes": 0, "HQ": 0.0, "extra_d_steps_this_turn": 2, "cpu": "AVX2"}
{"event": "extra_d_apply", "armed": true, "update_index": 2142, "modes": 0, "HQ": 0.0, "extra_d_steps_this_turn": 2, "cpu": "AVX2"}
{"event": "extra_d_apply", "armed": true, "update_index": 2143, "modes": 0, "HQ": 0.0, "extra_d_steps_this_turn": 2, "cpu": "AVX2"}
{"event": "extra_d_apply", "armed": true, "update_index": 2144, "modes": 0, "HQ": 0.0, "extra_d_steps_this_turn": 2, "cpu": "AVX2"}
{"event": "extra_d_apply", "armed": true, "update_index": 2145, "modes": 0, "HQ": 0.0, "extra_d_steps_this_turn": 2, "cpu": "AVX2"}
{"event": "extra_d_apply", "armed": true, "update_index": 2146, "modes": 0, "HQ": 0.0, "extra_d_steps_this_turn": 2, "cpu": "AVX2"}
{"event": "extra_d_apply", "armed": true, "update_index": 2147, "modes": 0, "HQ": 0.0, "extra_d_steps_this_turn": 2, "cpu": "AVX2"}
{"event": "extra_d_apply", "armed": true, "update_index": 2148, "modes": 0, "HQ": 0.0, "extra_d_steps_this_turn": 2, "cpu": "AVX2"}
{"event": "extra_d_apply", "armed": true, "update_index": 2149, "modes": 0, "HQ": 0.0, "extra_d_steps_this_turn": 2, "cpu": "AVX2"}
{"event": "extra_d_apply", "armed": true, "update_index": 2150, "modes": 0, "HQ": 0.0, "extra_d_steps_this_turn": 2, "cpu": "AVX2"}
{"event": "extra_d_apply", "armed": true, "update_index": 2151, "modes": 0, "HQ": 0.0, "extra_d_steps_this_turn": 2, "cpu": "AVX2"}
{"event": "extra_d_apply", "armed": true, "update_index": 2152, "modes": 0, "HQ": 0.0, "extra_d_steps_this_turn": 2, "cpu": "AVX2"}
{"event": "extra_d_apply", "armed": true, "update_index": 2153, "modes": 0, "HQ": 0.0, "extra_d_steps_this_turn": 2, "cpu": "AVX2"}
{"event": "extra_d_apply", "armed": true, "update_index": 2154, "modes": 0, "HQ": 0.0, "extra_d_steps_this_turn": 2, "cpu": "AVX2"}
{"event": "extra_d_apply", "armed": true, "update_index": 2155, "modes": 0, "HQ": 0.0, "extra_d_steps_this_turn": 2, "cpu": "AVX2"}
{"event": "extra_d_apply", "armed": true, "update_index": 2156, "modes": 0, "HQ": 0.0, "extra_d_steps_this_turn": 2, "cpu": "AVX2"}
{"event": "extra_d_apply", "armed": true, "update_index": 2157, "modes": 0, "HQ": 0.0, "extra_d_steps_this_turn": 2, "cpu": "AVX2"}
{"event": "extra_d_apply", "armed": true, "update_index": 2158, "modes": 0, "HQ": 0.0, "extra_d_steps_this_turn": 2, "cpu": "AVX2"}
{"event": "extra_d_apply", "armed": true, "update_index": 2159, "modes": 0, "HQ": 0.0, "extra_d_steps_this_turn": 2, "cpu": "AVX2"}
{"event": "extra_d_apply", "armed": true, "update_index": 2160, "modes": 0, "HQ": 0.0, "extra_d_steps_this_turn": 2, "cpu": "AVX2"}
{"event": "extra_d_apply", "armed": true, "update_index": 2161, "modes": 0, "HQ": 0.0, "extra_d_steps_this_turn": 2, "cpu": "AVX2"}
{"event": "extra_d_apply", "armed": true, "update_index": 2162, "modes": 0, "HQ": 0.0, "extra_d_steps_this_turn": 2, "cpu": "AVX2"}
{"event": "extra_d_apply", "armed": true, "update_index": 2163, "modes": 0, "HQ": 0.0, "extra_d_steps_this_turn": 2, "cpu": "AVX2"}
{"event": "extra_d_apply", "armed": true, "update_index": 2164, "modes": 0, "HQ": 0.0, "extra_d_steps_this_turn": 2, "cpu": "AVX2"}
{"event": "extra_d_apply", "armed": true, "update_index": 2165, "modes": 0, "HQ": 0.0, "extra_d_steps_this_turn": 2, "cpu": "AVX2"}
{"event": "extra_d_apply", "armed": true, "update_index": 2166, "modes": 0, "HQ": 0.0, "extra_d_steps_this_turn": 2, "cpu": "AVX2"}
{"event": "extra_d_apply", "armed": true, "update_index": 2167, "modes": 0, "HQ": 0.0, "extra_d_steps_this_turn": 2, "cpu": "AVX2"}
{"event": "extra_d_apply", "armed": true, "update_index": 2168, "modes": 0, "HQ": 0.0, "extra_d_steps_this_turn": 2, "cpu": "AVX2"}
{"event": "extra_d_apply", "armed": true, "update_index": 2169, "modes": 0, "HQ": 0.0, "extra_d_steps_this_turn": 2, "cpu": "AVX2"}
{"event": "extra_d_apply", "armed": true, "update_index": 2170, "modes": 0, "HQ": 0.0, "extra_d_steps_this_turn": 2, "cpu": "AVX2"}
{"event": "extra_d_apply", "armed": true, "update_index": 2171, "modes": 0, "HQ": 0.0, "extra_d_steps_this_turn": 2, "cpu": "AVX2"}
{"event": "extra_d_apply", "armed": true, "update_index": 2172, "modes": 0, "HQ": 0.0, "extra_d_steps_this_turn": 2, "cpu": "AVX2"}
{"event": "extra_d_apply", "armed": true, "update_index": 2173, "modes": 0, "HQ": 0.0, "extra_d_steps_this_turn": 2, "cpu": "AVX2"}
{"event": "extra_d_apply", "armed": true, "update_index": 2174, "modes": 0, "HQ": 0.0, "extra_d_steps_this_turn": 2, "cpu": "AVX2"}
{"event": "extra_d_apply", "armed": true, "update_index": 2175, "modes": 0, "HQ": 0.0, "extra_d_steps_this_turn": 2, "cpu": "AVX2"}
{"event": "extra_d_apply", "armed": true, "update_index": 2176, "modes": 0, "HQ": 0.0, "extra_d_steps_this_turn": 2, "cpu": "AVX2"}
{"event": "extra_d_apply", "armed": true, "update_index": 2177, "modes": 0, "HQ": 0.0, "extra_d_steps_this_turn": 2, "cpu": "AVX2"}
{"event": "extra_d_apply", "armed": true, "update_index": 2178, "modes": 0, "HQ": 0.0, "extra_d_steps_this_turn": 2, "cpu": "AVX2"}
{"event": "extra_d_apply", "armed": true, "update_index": 2179, "modes": 0, "HQ": 0.0, "extra_d_steps_this_turn": 2, "cpu": "AVX2"}
{"event": "extra_d_apply", "armed": true, "update_index": 2180, "modes": 0, "HQ": 0.0, "extra_d_steps_this_turn": 2, "cpu": "AVX2"}
{"event": "extra_d_apply", "armed": true, "update_index": 2181, "modes": 0, "HQ": 0.0, "extra_d_steps_this_turn": 2, "cpu": "AVX2"}
{"event": "extra_d_apply", "armed": true, "update_index": 2182, "modes": 0, "HQ": 0.0, "extra_d_steps_this_turn": 2, "cpu": "AVX2"}
{"event": "extra_d_apply", "armed": true, "update_index": 2183, "modes": 0, "HQ": 0.0, "extra_d_steps_this_turn": 2, "cpu": "AVX2"}
{"event": "extra_d_apply", "armed": true, "update_index": 2184, "modes": 0, "HQ": 0.0, "extra_d_steps_this_turn": 2, "cpu": "AVX2"}
{"event": "extra_d_apply", "armed": true, "update_index": 2185, "modes": 0, "HQ": 0.0, "extra_d_steps_this_turn": 2, "cpu": "AVX2"}
{"event": "extra_d_apply", "armed": true, "update_index": 2186, "modes": 0, "HQ": 0.0, "extra_d_steps_this_turn": 2, "cpu": "AVX2"}
{"event": "extra_d_apply", "armed": true, "update_index": 2187, "modes": 0, "HQ": 0.0, "extra_d_steps_this_turn": 2, "cpu": "AVX2"}
{"event": "extra_d_apply", "armed": true, "update_index": 2188, "modes": 0, "HQ": 0.0, "extra_d_steps_this_turn": 2, "cpu": "AVX2"}
{"event": "extra_d_apply", "armed": true, "update_index": 2189, "modes": 0, "HQ": 0.0, "extra_d_steps_this_turn": 2, "cpu": "AVX2"}
{"event": "extra_d_apply", "armed": true, "update_index": 2190, "modes": 0, "HQ": 0.0, "extra_d_steps_this_turn": 2, "cpu": "AVX2"}
{"event": "extra_d_apply", "armed": true, "update_index": 2191, "modes": 0, "HQ": 0.0, "extra_d_steps_this_turn": 2, "cpu": "AVX2"}
{"event": "extra_d_apply", "armed": true, "update_index": 2192, "modes": 0, "HQ": 0.0, "extra_d_steps_this_turn": 2, "cpu": "AVX2"}
{"event": "extra_d_apply", "armed": true, "update_index": 2193, "modes": 0, "HQ": 0.0, "extra_d_steps_this_turn": 2, "cpu": "AVX2"}
{"event": "extra_d_apply", "armed": true, "update_index": 2194, "modes": 0, "HQ": 0.0, "extra_d_steps_this_turn": 2, "cpu": "AVX2"}
{"event": "extra_d_apply", "armed": true, "update_index": 2195, "modes": 0, "HQ": 0.0, "extra_d_steps_this_turn": 2, "cpu": "AVX2"}
{"event": "extra_d_apply", "armed": true, "update_index": 2196, "modes": 0, "HQ": 0.0, "extra_d_steps_this_turn": 2, "cpu": "AVX2"}
{"event": "extra_d_apply", "armed": true, "update_index": 2197, "modes": 0, "HQ": 0.0, "extra_d_steps_this_turn": 2, "cpu": "AVX2"}
{"event": "extra_d_apply", "armed": true, "update_index": 2198, "modes": 0, "HQ": 0.0, "extra_d_steps_this_turn": 2, "cpu": "AVX2"}
{"event": "extra_d_apply", "armed": true, "update_index": 2199, "modes": 0, "HQ": 0.0, "extra_d_steps_this_turn": 2, "cpu": "AVX2"}
{"event": "extra_d_apply", "armed": true, "update_index": 2200, "modes": 0, "HQ": 0.0, "extra_d_steps_this_turn": 2, "cpu": "AVX2"}
{"event": "PROGRESS", "outer": 2200, "armed": true, "arm_update_index": 1200, "fires": 1000, "extra_d_steps": 2000, "modes": 0, "HQ": 0.0, "fires_acquire": 489, "fires_dropout": 511, "fires_after_2300": 0, "cpu": "AVX2"}
{"event": "extra_d_apply", "armed": true, "update_index": 2201, "modes": 0, "HQ": 0.0, "extra_d_steps_this_turn": 2, "cpu": "AVX2"}
{"event": "extra_d_apply", "armed": true, "update_index": 2202, "modes": 0, "HQ": 0.0, "extra_d_steps_this_turn": 2, "cpu": "AVX2"}
{"event": "extra_d_apply", "armed": true, "update_index": 2203, "modes": 0, "HQ": 0.0, "extra_d_steps_this_turn": 2, "cpu": "AVX2"}
{"event": "extra_d_apply", "armed": true, "update_index": 2204, "modes": 0, "HQ": 0.0, "extra_d_steps_this_turn": 2, "cpu": "AVX2"}
{"event": "extra_d_apply", "armed": true, "update_index": 2205, "modes": 0, "HQ": 0.0, "extra_d_steps_this_turn": 2, "cpu": "AVX2"}
{"event": "extra_d_apply", "armed": true, "update_index": 2206, "modes": 0, "HQ": 0.0, "extra_d_steps_this_turn": 2, "cpu": "AVX2"}
{"event": "extra_d_apply", "armed": true, "update_index": 2207, "modes": 0, "HQ": 0.0, "extra_d_steps_this_turn": 2, "cpu": "AVX2"}
{"event": "extra_d_apply", "armed": true, "update_index": 2208, "modes": 0, "HQ": 0.0, "extra_d_steps_this_turn": 2, "cpu": "AVX2"}
{"event": "extra_d_apply", "armed": true, "update_index": 2209, "modes": 0, "HQ": 0.0, "extra_d_steps_this_turn": 2, "cpu": "AVX2"}
{"event": "extra_d_apply", "armed": true, "update_index": 2210, "modes": 0, "HQ": 0.0, "extra_d_steps_this_turn": 2, "cpu": "AVX2"}
{"event": "extra_d_apply", "armed": true, "update_index": 2211, "modes": 0, "HQ": 0.0, "extra_d_steps_this_turn": 2, "cpu": "AVX2"}
{"event": "extra_d_apply", "armed": true, "update_index": 2212, "modes": 0, "HQ": 0.0, "extra_d_steps_this_turn": 2, "cpu": "AVX2"}
{"event": "extra_d_apply", "armed": true, "update_index": 2213, "modes": 0, "HQ": 0.0, "extra_d_steps_this_turn": 2, "cpu": "AVX2"}
{"event": "extra_d_apply", "armed": true, "update_index": 2214, "modes": 0, "HQ": 0.0, "extra_d_steps_this_turn": 2, "cpu": "AVX2"}
{"event": "extra_d_apply", "armed": true, "update_index": 2215, "modes": 0, "HQ": 0.0, "extra_d_steps_this_turn": 2, "cpu": "AVX2"}
{"event": "extra_d_apply", "armed": true, "update_index": 2216, "modes": 0, "HQ": 0.0, "extra_d_steps_this_turn": 2, "cpu": "AVX2"}
{"event": "extra_d_apply", "armed": true, "update_index": 2217, "modes": 0, "HQ": 0.0, "extra_d_steps_this_turn": 2, "cpu": "AVX2"}
{"event": "extra_d_apply", "armed": true, "update_index": 2218, "modes": 0, "HQ": 0.0, "extra_d_steps_this_turn": 2, "cpu": "AVX2"}
{"event": "extra_d_apply", "armed": true, "update_index": 2219, "modes": 0, "HQ": 0.0, "extra_d_steps_this_turn": 2, "cpu": "AVX2"}
{"event": "extra_d_apply", "armed": true, "update_index": 2220, "modes": 0, "HQ": 0.0, "extra_d_steps_this_turn": 2, "cpu": "AVX2"}
{"event": "extra_d_apply", "armed": true, "update_index": 2221, "modes": 0, "HQ": 0.0, "extra_d_steps_this_turn": 2, "cpu": "AVX2"}
{"event": "extra_d_apply", "armed": true, "update_index": 2222, "modes": 0, "HQ": 0.0, "extra_d_steps_this_turn": 2, "cpu": "AVX2"}
{"event": "extra_d_apply", "armed": true, "update_index": 2223, "modes": 0, "HQ": 0.0, "extra_d_steps_this_turn": 2, "cpu": "AVX2"}
{"event": "extra_d_apply", "armed": true, "update_index": 2224, "modes": 0, "HQ": 0.0, "extra_d_steps_this_turn": 2, "cpu": "AVX2"}
{"event": "extra_d_apply", "armed": true, "update_index": 2225, "modes": 0, "HQ": 0.0, "extra_d_steps_this_turn": 2, "cpu": "AVX2"}
{"event": "extra_d_apply", "armed": true, "update_index": 2226, "modes": 0, "HQ": 0.0, "extra_d_steps_this_turn": 2, "cpu": "AVX2"}
{"event": "extra_d_apply", "armed": true, "update_index": 2227, "modes": 0, "HQ": 0.0, "extra_d_steps_this_turn": 2, "cpu": "AVX2"}
{"event": "extra_d_apply", "armed": true, "update_index": 2228, "modes": 0, "HQ": 0.0, "extra_d_steps_this_turn": 2, "cpu": "AVX2"}
{"event": "extra_d_apply", "armed": true, "update_index": 2229, "modes": 0, "HQ": 0.0, "extra_d_steps_this_turn": 2, "cpu": "AVX2"}
{"event": "extra_d_apply", "armed": true, "update_index": 2230, "modes": 0, "HQ": 0.0, "extra_d_steps_this_turn": 2, "cpu": "AVX2"}
{"event": "extra_d_apply", "armed": true, "update_index": 2231, "modes": 0, "HQ": 0.0, "extra_d_steps_this_turn": 2, "cpu": "AVX2"}
{"event": "extra_d_apply", "armed": true, "update_index": 2232, "modes": 0, "HQ": 0.0, "extra_d_steps_this_turn": 2, "cpu": "AVX2"}
{"event": "extra_d_apply", "armed": true, "update_index": 2233, "modes": 0, "HQ": 0.0, "extra_d_steps_this_turn": 2, "cpu": "AVX2"}
{"event": "extra_d_apply", "armed": true, "update_index": 2234, "modes": 0, "HQ": 0.0, "extra_d_steps_this_turn": 2, "cpu": "AVX2"}
{"event": "extra_d_apply", "armed": true, "update_index": 2235, "modes": 0, "HQ": 0.0, "extra_d_steps_this_turn": 2, "cpu": "AVX2"}
{"event": "extra_d_apply", "armed": true, "update_index": 2236, "modes": 0, "HQ": 0.0, "extra_d_steps_this_turn": 2, "cpu": "AVX2"}
{"event": "extra_d_apply", "armed": true, "update_index": 2237, "modes": 0, "HQ": 0.0, "extra_d_steps_this_turn": 2, "cpu": "AVX2"}
{"event": "extra_d_apply", "armed": true, "update_index": 2238, "modes": 0, "HQ": 0.0, "extra_d_steps_this_turn": 2, "cpu": "AVX2"}
{"event": "extra_d_apply", "armed": true, "update_index": 2239, "modes": 0, "HQ": 0.0, "extra_d_steps_this_turn": 2, "cpu": "AVX2"}
{"event": "extra_d_apply", "armed": true, "update_index": 2240, "modes": 0, "HQ": 0.0, "extra_d_steps_this_turn": 2, "cpu": "AVX2"}
{"event": "extra_d_apply", "armed": true, "update_index": 2241, "modes": 0, "HQ": 0.0, "extra_d_steps_this_turn": 2, "cpu": "AVX2"}
{"event": "extra_d_apply", "armed": true, "update_index": 2242, "modes": 0, "HQ": 0.0, "extra_d_steps_this_turn": 2, "cpu": "AVX2"}
{"event": "extra_d_apply", "armed": true, "update_index": 2243, "modes": 0, "HQ": 0.0, "extra_d_steps_this_turn": 2, "cpu": "AVX2"}
{"event": "extra_d_apply", "armed": true, "update_index": 2244, "modes": 0, "HQ": 0.0, "extra_d_steps_this_turn": 2, "cpu": "AVX2"}
{"event": "extra_d_apply", "armed": true, "update_index": 2245, "modes": 0, "HQ": 0.0, "extra_d_steps_this_turn": 2, "cpu": "AVX2"}
{"event": "extra_d_apply", "armed": true, "update_index": 2246, "modes": 0, "HQ": 0.0, "extra_d_steps_this_turn": 2, "cpu": "AVX2"}
{"event": "extra_d_apply", "armed": true, "update_index": 2247, "modes": 0, "HQ": 0.0, "extra_d_steps_this_turn": 2, "cpu": "AVX2"}
{"event": "extra_d_apply", "armed": true, "update_index": 2248, "modes": 0, "HQ": 0.0, "extra_d_steps_this_turn": 2, "cpu": "AVX2"}
{"event": "extra_d_apply", "armed": true, "update_index": 2249, "modes": 0, "HQ": 0.0, "extra_d_steps_this_turn": 2, "cpu": "AVX2"}
{"event": "extra_d_apply", "armed": true, "update_index": 2250, "modes": 0, "HQ": 0.0, "extra_d_steps_this_turn": 2, "cpu": "AVX2"}
{"event": "extra_d_apply", "armed": true, "update_index": 2251, "modes": 0, "HQ": 0.0, "extra_d_steps_this_turn": 2, "cpu": "AVX2"}
{"event": "extra_d_apply", "armed": true, "update_index": 2252, "modes": 0, "HQ": 0.0, "extra_d_steps_this_turn": 2, "cpu": "AVX2"}
{"event": "extra_d_apply", "armed": true, "update_index": 2253, "modes": 0, "HQ": 0.0, "extra_d_steps_this_turn": 2, "cpu": "AVX2"}
{"event": "extra_d_apply", "armed": true, "update_index": 2254, "modes": 0, "HQ": 0.0, "extra_d_steps_this_turn": 2, "cpu": "AVX2"}
{"event": "extra_d_apply", "armed": true, "update_index": 2255, "modes": 0, "HQ": 0.0, "extra_d_steps_this_turn": 2, "cpu": "AVX2"}
{"event": "extra_d_apply", "armed": true, "update_index": 2256, "modes": 0, "HQ": 0.0, "extra_d_steps_this_turn": 2, "cpu": "AVX2"}
{"event": "extra_d_apply", "armed": true, "update_index": 2257, "modes": 0, "HQ": 0.0, "extra_d_steps_this_turn": 2, "cpu": "AVX2"}
{"event": "extra_d_apply", "armed": true, "update_index": 2258, "modes": 0, "HQ": 0.0, "extra_d_steps_this_turn": 2, "cpu": "AVX2"}
{"event": "extra_d_apply", "armed": true, "update_index": 2259, "modes": 0, "HQ": 0.0, "extra_d_steps_this_turn": 2, "cpu": "AVX2"}
{"event": "extra_d_apply", "armed": true, "update_index": 2260, "modes": 0, "HQ": 0.0, "extra_d_steps_this_turn": 2, "cpu": "AVX2"}
{"event": "extra_d_apply", "armed": true, "update_index": 2261, "modes": 0, "HQ": 0.0, "extra_d_steps_this_turn": 2, "cpu": "AVX2"}
{"event": "extra_d_apply", "armed": true, "update_index": 2262, "modes": 0, "HQ": 0.0, "extra_d_steps_this_turn": 2, "cpu": "AVX2"}
{"event": "extra_d_apply", "armed": true, "update_index": 2263, "modes": 0, "HQ": 0.0, "extra_d_steps_this_turn": 2, "cpu": "AVX2"}
{"event": "extra_d_apply", "armed": true, "update_index": 2264, "modes": 0, "HQ": 0.0, "extra_d_steps_this_turn": 2, "cpu": "AVX2"}
{"event": "extra_d_apply", "armed": true, "update_index": 2265, "modes": 0, "HQ": 0.0, "extra_d_steps_this_turn": 2, "cpu": "AVX2"}
{"event": "extra_d_apply", "armed": true, "update_index": 2266, "modes": 0, "HQ": 0.0, "extra_d_steps_this_turn": 2, "cpu": "AVX2"}
{"event": "extra_d_apply", "armed": true, "update_index": 2267, "modes": 0, "HQ": 0.0, "extra_d_steps_this_turn": 2, "cpu": "AVX2"}
{"event": "extra_d_apply", "armed": true, "update_index": 2268, "modes": 0, "HQ": 0.0, "extra_d_steps_this_turn": 2, "cpu": "AVX2"}
{"event": "extra_d_apply", "armed": true, "update_index": 2269, "modes": 0, "HQ": 0.0, "extra_d_steps_this_turn": 2, "cpu": "AVX2"}
{"event": "extra_d_apply", "armed": true, "update_index": 2270, "modes": 0, "HQ": 0.0, "extra_d_steps_this_turn": 2, "cpu": "AVX2"}
{"event": "extra_d_apply", "armed": true, "update_index": 2271, "modes": 0, "HQ": 0.0, "extra_d_steps_this_turn": 2, "cpu": "AVX2"}
{"event": "extra_d_apply", "armed": true, "update_index": 2272, "modes": 0, "HQ": 0.0, "extra_d_steps_this_turn": 2, "cpu": "AVX2"}
{"event": "extra_d_apply", "armed": true, "update_index": 2273, "modes": 0, "HQ": 0.0, "extra_d_steps_this_turn": 2, "cpu": "AVX2"}
{"event": "extra_d_apply", "armed": true, "update_index": 2274, "modes": 0, "HQ": 0.0, "extra_d_steps_this_turn": 2, "cpu": "AVX2"}
{"event": "extra_d_apply", "armed": true, "update_index": 2275, "modes": 0, "HQ": 0.0, "extra_d_steps_this_turn": 2, "cpu": "AVX2"}
{"event": "extra_d_apply", "armed": true, "update_index": 2276, "modes": 0, "HQ": 0.0, "extra_d_steps_this_turn": 2, "cpu": "AVX2"}
{"event": "extra_d_apply", "armed": true, "update_index": 2277, "modes": 0, "HQ": 0.0, "extra_d_steps_this_turn": 2, "cpu": "AVX2"}
{"event": "extra_d_apply", "armed": true, "update_index": 2278, "modes": 0, "HQ": 0.0, "extra_d_steps_this_turn": 2, "cpu": "AVX2"}
{"event": "extra_d_apply", "armed": true, "update_index": 2279, "modes": 0, "HQ": 0.0, "extra_d_steps_this_turn": 2, "cpu": "AVX2"}
{"event": "extra_d_apply", "armed": true, "update_index": 2280, "modes": 0, "HQ": 0.0, "extra_d_steps_this_turn": 2, "cpu": "AVX2"}
{"event": "extra_d_apply", "armed": true, "update_index": 2281, "modes": 0, "HQ": 0.0, "extra_d_steps_this_turn": 2, "cpu": "AVX2"}
{"event": "extra_d_apply", "armed": true, "update_index": 2282, "modes": 0, "HQ": 0.0, "extra_d_steps_this_turn": 2, "cpu": "AVX2"}
{"event": "extra_d_apply", "armed": true, "update_index": 2283, "modes": 0, "HQ": 0.0, "extra_d_steps_this_turn": 2, "cpu": "AVX2"}
{"event": "extra_d_apply", "armed": true, "update_index": 2284, "modes": 0, "HQ": 0.0, "extra_d_steps_this_turn": 2, "cpu": "AVX2"}
{"event": "extra_d_apply", "armed": true, "update_index": 2285, "modes": 0, "HQ": 0.0, "extra_d_steps_this_turn": 2, "cpu": "AVX2"}
{"event": "extra_d_apply", "armed": true, "update_index": 2286, "modes": 0, "HQ": 0.0, "extra_d_steps_this_turn": 2, "cpu": "AVX2"}
{"event": "extra_d_apply", "armed": true, "update_index": 2287, "modes": 0, "HQ": 0.0, "extra_d_steps_this_turn": 2, "cpu": "AVX2"}
{"event": "extra_d_apply", "armed": true, "update_index": 2288, "modes": 0, "HQ": 0.0, "extra_d_steps_this_turn": 2, "cpu": "AVX2"}
{"event": "extra_d_apply", "armed": true, "update_index": 2289, "modes": 0, "HQ": 0.0, "extra_d_steps_this_turn": 2, "cpu": "AVX2"}
{"event": "extra_d_apply", "armed": true, "update_index": 2290, "modes": 0, "HQ": 0.0, "extra_d_steps_this_turn": 2, "cpu": "AVX2"}
{"event": "extra_d_apply", "armed": true, "update_index": 2291, "modes": 0, "HQ": 0.0, "extra_d_steps_this_turn": 2, "cpu": "AVX2"}
{"event": "extra_d_apply", "armed": true, "update_index": 2292, "modes": 0, "HQ": 0.0, "extra_d_steps_this_turn": 2, "cpu": "AVX2"}
{"event": "extra_d_apply", "armed": true, "update_index": 2293, "modes": 0, "HQ": 0.0, "extra_d_steps_this_turn": 2, "cpu": "AVX2"}
{"event": "extra_d_apply", "armed": true, "update_index": 2294, "modes": 0, "HQ": 0.0, "extra_d_steps_this_turn": 2, "cpu": "AVX2"}
{"event": "extra_d_apply", "armed": true, "update_index": 2295, "modes": 0, "HQ": 0.0, "extra_d_steps_this_turn": 2, "cpu": "AVX2"}
{"event": "extra_d_apply", "armed": true, "update_index": 2296, "modes": 0, "HQ": 0.0, "extra_d_steps_this_turn": 2, "cpu": "AVX2"}
{"event": "extra_d_apply", "armed": true, "update_index": 2297, "modes": 0, "HQ": 0.0, "extra_d_steps_this_turn": 2, "cpu": "AVX2"}
{"event": "extra_d_apply", "armed": true, "update_index": 2298, "modes": 0, "HQ": 0.0, "extra_d_steps_this_turn": 2, "cpu": "AVX2"}
{"event": "extra_d_apply", "armed": true, "update_index": 2299, "modes": 0, "HQ": 0.0, "extra_d_steps_this_turn": 2, "cpu": "AVX2"}
{"event": "extra_d_apply", "armed": true, "update_index": 2300, "modes": 0, "HQ": 0.0, "extra_d_steps_this_turn": 2, "cpu": "AVX2"}
{"event": "PROGRESS", "outer": 2300, "armed": true, "arm_update_index": 1200, "fires": 1100, "extra_d_steps": 2200, "modes": 0, "HQ": 0.0, "fires_acquire": 489, "fires_dropout": 611, "fires_after_2300": 0, "cpu": "AVX2"}
{"event": "extra_d_apply", "armed": true, "update_index": 2301, "modes": 0, "HQ": 0.0, "extra_d_steps_this_turn": 2, "cpu": "AVX2"}
{"event": "extra_d_apply", "armed": true, "update_index": 2302, "modes": 0, "HQ": 0.0, "extra_d_steps_this_turn": 2, "cpu": "AVX2"}
{"event": "extra_d_apply", "armed": true, "update_index": 2303, "modes": 0, "HQ": 0.0, "extra_d_steps_this_turn": 2, "cpu": "AVX2"}
{"event": "extra_d_apply", "armed": true, "update_index": 2304, "modes": 0, "HQ": 0.0, "extra_d_steps_this_turn": 2, "cpu": "AVX2"}
{"event": "extra_d_apply", "armed": true, "update_index": 2305, "modes": 0, "HQ": 0.0, "extra_d_steps_this_turn": 2, "cpu": "AVX2"}
{"event": "extra_d_apply", "armed": true, "update_index": 2306, "modes": 0, "HQ": 0.0, "extra_d_steps_this_turn": 2, "cpu": "AVX2"}
{"event": "extra_d_apply", "armed": true, "update_index": 2307, "modes": 0, "HQ": 0.0, "extra_d_steps_this_turn": 2, "cpu": "AVX2"}
{"event": "extra_d_apply", "armed": true, "update_index": 2308, "modes": 0, "HQ": 0.0, "extra_d_steps_this_turn": 2, "cpu": "AVX2"}
{"event": "extra_d_apply", "armed": true, "update_index": 2309, "modes": 0, "HQ": 0.0, "extra_d_steps_this_turn": 2, "cpu": "AVX2"}
{"event": "extra_d_apply", "armed": true, "update_index": 2310, "modes": 0, "HQ": 0.0, "extra_d_steps_this_turn": 2, "cpu": "AVX2"}
{"event": "extra_d_apply", "armed": true, "update_index": 2311, "modes": 0, "HQ": 0.0, "extra_d_steps_this_turn": 2, "cpu": "AVX2"}
{"event": "extra_d_apply", "armed": true, "update_index": 2312, "modes": 0, "HQ": 0.0, "extra_d_steps_this_turn": 2, "cpu": "AVX2"}
{"event": "extra_d_apply", "armed": true, "update_index": 2313, "modes": 0, "HQ": 0.0, "extra_d_steps_this_turn": 2, "cpu": "AVX2"}
{"event": "extra_d_apply", "armed": true, "update_index": 2314, "modes": 0, "HQ": 0.0, "extra_d_steps_this_turn": 2, "cpu": "AVX2"}
{"event": "extra_d_apply", "armed": true, "update_index": 2315, "modes": 0, "HQ": 0.0, "extra_d_steps_this_turn": 2, "cpu": "AVX2"}
{"event": "extra_d_apply", "armed": true, "update_index": 2316, "modes": 0, "HQ": 0.0, "extra_d_steps_this_turn": 2, "cpu": "AVX2"}
{"event": "extra_d_apply", "armed": true, "update_index": 2317, "modes": 0, "HQ": 0.0, "extra_d_steps_this_turn": 2, "cpu": "AVX2"}
{"event": "extra_d_apply", "armed": true, "update_index": 2318, "modes": 0, "HQ": 0.0, "extra_d_steps_this_turn": 2, "cpu": "AVX2"}
{"event": "extra_d_apply", "armed": true, "update_index": 2319, "modes": 0, "HQ": 0.0, "extra_d_steps_this_turn": 2, "cpu": "AVX2"}
{"event": "extra_d_apply", "armed": true, "update_index": 2320, "modes": 0, "HQ": 0.0, "extra_d_steps_this_turn": 2, "cpu": "AVX2"}
{"event": "extra_d_apply", "armed": true, "update_index": 2321, "modes": 0, "HQ": 0.0, "extra_d_steps_this_turn": 2, "cpu": "AVX2"}
{"event": "extra_d_apply", "armed": true, "update_index": 2322, "modes": 0, "HQ": 0.0, "extra_d_steps_this_turn": 2, "cpu": "AVX2"}
{"event": "extra_d_apply", "armed": true, "update_index": 2323, "modes": 0, "HQ": 0.0, "extra_d_steps_this_turn": 2, "cpu": "AVX2"}
{"event": "extra_d_apply", "armed": true, "update_index": 2324, "modes": 0, "HQ": 0.0, "extra_d_steps_this_turn": 2, "cpu": "AVX2"}
{"event": "extra_d_apply", "armed": true, "update_index": 2325, "modes": 0, "HQ": 0.0, "extra_d_steps_this_turn": 2, "cpu": "AVX2"}
{"event": "extra_d_apply", "armed": true, "update_index": 2326, "modes": 0, "HQ": 0.0, "extra_d_steps_this_turn": 2, "cpu": "AVX2"}
{"event": "extra_d_apply", "armed": true, "update_index": 2327, "modes": 0, "HQ": 0.0, "extra_d_steps_this_turn": 2, "cpu": "AVX2"}
{"event": "extra_d_apply", "armed": true, "update_index": 2328, "modes": 0, "HQ": 0.0, "extra_d_steps_this_turn": 2, "cpu": "AVX2"}
{"event": "extra_d_apply", "armed": true, "update_index": 2329, "modes": 0, "HQ": 0.0, "extra_d_steps_this_turn": 2, "cpu": "AVX2"}
{"event": "extra_d_apply", "armed": true, "update_index": 2330, "modes": 0, "HQ": 0.0, "extra_d_steps_this_turn": 2, "cpu": "AVX2"}
{"event": "extra_d_apply", "armed": true, "update_index": 2331, "modes": 0, "HQ": 0.0, "extra_d_steps_this_turn": 2, "cpu": "AVX2"}
{"event": "extra_d_apply", "armed": true, "update_index": 2332, "modes": 0, "HQ": 0.0, "extra_d_steps_this_turn": 2, "cpu": "AVX2"}
{"event": "extra_d_apply", "armed": true, "update_index": 2333, "modes": 0, "HQ": 0.0, "extra_d_steps_this_turn": 2, "cpu": "AVX2"}
{"event": "extra_d_apply", "armed": true, "update_index": 2334, "modes": 0, "HQ": 0.0, "extra_d_steps_this_turn": 2, "cpu": "AVX2"}
{"event": "extra_d_apply", "armed": true, "update_index": 2335, "modes": 0, "HQ": 0.0, "extra_d_steps_this_turn": 2, "cpu": "AVX2"}
{"event": "extra_d_apply", "armed": true, "update_index": 2336, "modes": 0, "HQ": 0.0, "extra_d_steps_this_turn": 2, "cpu": "AVX2"}
{"event": "extra_d_apply", "armed": true, "update_index": 2337, "modes": 0, "HQ": 0.0, "extra_d_steps_this_turn": 2, "cpu": "AVX2"}
{"event": "extra_d_apply", "armed": true, "update_index": 2338, "modes": 0, "HQ": 0.0, "extra_d_steps_this_turn": 2, "cpu": "AVX2"}
{"event": "extra_d_apply", "armed": true, "update_index": 2339, "modes": 0, "HQ": 0.0, "extra_d_steps_this_turn": 2, "cpu": "AVX2"}
{"event": "extra_d_apply", "armed": true, "update_index": 2340, "modes": 0, "HQ": 0.0, "extra_d_steps_this_turn": 2, "cpu": "AVX2"}
{"event": "extra_d_apply", "armed": true, "update_index": 2341, "modes": 0, "HQ": 0.0, "extra_d_steps_this_turn": 2, "cpu": "AVX2"}
{"event": "extra_d_apply", "armed": true, "update_index": 2342, "modes": 0, "HQ": 0.0, "extra_d_steps_this_turn": 2, "cpu": "AVX2"}
{"event": "extra_d_apply", "armed": true, "update_index": 2343, "modes": 0, "HQ": 0.0, "extra_d_steps_this_turn": 2, "cpu": "AVX2"}
{"event": "extra_d_apply", "armed": true, "update_index": 2344, "modes": 0, "HQ": 0.0, "extra_d_steps_this_turn": 2, "cpu": "AVX2"}
{"event": "extra_d_apply", "armed": true, "update_index": 2345, "modes": 0, "HQ": 0.0, "extra_d_steps_this_turn": 2, "cpu": "AVX2"}
{"event": "extra_d_apply", "armed": true, "update_index": 2346, "modes": 0, "HQ": 0.0, "extra_d_steps_this_turn": 2, "cpu": "AVX2"}
{"event": "extra_d_apply", "armed": true, "update_index": 2347, "modes": 0, "HQ": 0.0, "extra_d_steps_this_turn": 2, "cpu": "AVX2"}
{"event": "extra_d_apply", "armed": true, "update_index": 2348, "modes": 0, "HQ": 0.0, "extra_d_steps_this_turn": 2, "cpu": "AVX2"}
{"event": "extra_d_apply", "armed": true, "update_index": 2349, "modes": 0, "HQ": 0.0, "extra_d_steps_this_turn": 2, "cpu": "AVX2"}
{"event": "extra_d_apply", "armed": true, "update_index": 2350, "modes": 0, "HQ": 0.0, "extra_d_steps_this_turn": 2, "cpu": "AVX2"}
{"event": "extra_d_apply", "armed": true, "update_index": 2351, "modes": 0, "HQ": 0.0, "extra_d_steps_this_turn": 2, "cpu": "AVX2"}
{"event": "extra_d_apply", "armed": true, "update_index": 2352, "modes": 0, "HQ": 0.0, "extra_d_steps_this_turn": 2, "cpu": "AVX2"}
{"event": "extra_d_apply", "armed": true, "update_index": 2353, "modes": 0, "HQ": 0.0, "extra_d_steps_this_turn": 2, "cpu": "AVX2"}
{"event": "extra_d_apply", "armed": true, "update_index": 2354, "modes": 0, "HQ": 0.0, "extra_d_steps_this_turn": 2, "cpu": "AVX2"}
{"event": "extra_d_apply", "armed": true, "update_index": 2355, "modes": 0, "HQ": 0.0, "extra_d_steps_this_turn": 2, "cpu": "AVX2"}
{"event": "extra_d_apply", "armed": true, "update_index": 2356, "modes": 0, "HQ": 0.0, "extra_d_steps_this_turn": 2, "cpu": "AVX2"}
{"event": "extra_d_apply", "armed": true, "update_index": 2357, "modes": 0, "HQ": 0.0, "extra_d_steps_this_turn": 2, "cpu": "AVX2"}
{"event": "extra_d_apply", "armed": true, "update_index": 2358, "modes": 0, "HQ": 0.0, "extra_d_steps_this_turn": 2, "cpu": "AVX2"}
{"event": "extra_d_apply", "armed": true, "update_index": 2359, "modes": 0, "HQ": 0.0, "extra_d_steps_this_turn": 2, "cpu": "AVX2"}
{"event": "extra_d_apply", "armed": true, "update_index": 2360, "modes": 0, "HQ": 0.0, "extra_d_steps_this_turn": 2, "cpu": "AVX2"}
{"event": "extra_d_apply", "armed": true, "update_index": 2361, "modes": 0, "HQ": 0.0, "extra_d_steps_this_turn": 2, "cpu": "AVX2"}
{"event": "extra_d_apply", "armed": true, "update_index": 2362, "modes": 0, "HQ": 0.0, "extra_d_steps_this_turn": 2, "cpu": "AVX2"}
{"event": "extra_d_apply", "armed": true, "update_index": 2363, "modes": 0, "HQ": 0.0, "extra_d_steps_this_turn": 2, "cpu": "AVX2"}
{"event": "extra_d_apply", "armed": true, "update_index": 2364, "modes": 0, "HQ": 0.0, "extra_d_steps_this_turn": 2, "cpu": "AVX2"}
{"event": "extra_d_apply", "armed": true, "update_index": 2365, "modes": 0, "HQ": 0.0, "extra_d_steps_this_turn": 2, "cpu": "AVX2"}
{"event": "extra_d_apply", "armed": true, "update_index": 2366, "modes": 0, "HQ": 0.0, "extra_d_steps_this_turn": 2, "cpu": "AVX2"}
{"event": "extra_d_apply", "armed": true, "update_index": 2367, "modes": 0, "HQ": 0.0, "extra_d_steps_this_turn": 2, "cpu": "AVX2"}
{"event": "extra_d_apply", "armed": true, "update_index": 2368, "modes": 0, "HQ": 0.0, "extra_d_steps_this_turn": 2, "cpu": "AVX2"}
{"event": "extra_d_apply", "armed": true, "update_index": 2369, "modes": 0, "HQ": 0.0, "extra_d_steps_this_turn": 2, "cpu": "AVX2"}
{"event": "extra_d_apply", "armed": true, "update_index": 2370, "modes": 0, "HQ": 0.0, "extra_d_steps_this_turn": 2, "cpu": "AVX2"}
{"event": "extra_d_apply", "armed": true, "update_index": 2371, "modes": 0, "HQ": 0.0, "extra_d_steps_this_turn": 2, "cpu": "AVX2"}
{"event": "extra_d_apply", "armed": true, "update_index": 2372, "modes": 0, "HQ": 0.0, "extra_d_steps_this_turn": 2, "cpu": "AVX2"}
{"event": "extra_d_apply", "armed": true, "update_index": 2373, "modes": 0, "HQ": 0.0, "extra_d_steps_this_turn": 2, "cpu": "AVX2"}
{"event": "extra_d_apply", "armed": true, "update_index": 2374, "modes": 0, "HQ": 0.0, "extra_d_steps_this_turn": 2, "cpu": "AVX2"}
{"event": "extra_d_apply", "armed": true, "update_index": 2375, "modes": 0, "HQ": 0.0, "extra_d_steps_this_turn": 2, "cpu": "AVX2"}
{"event": "extra_d_apply", "armed": true, "update_index": 2376, "modes": 0, "HQ": 0.0, "extra_d_steps_this_turn": 2, "cpu": "AVX2"}
{"event": "extra_d_apply", "armed": true, "update_index": 2377, "modes": 0, "HQ": 0.0, "extra_d_steps_this_turn": 2, "cpu": "AVX2"}
{"event": "extra_d_apply", "armed": true, "update_index": 2378, "modes": 0, "HQ": 0.0, "extra_d_steps_this_turn": 2, "cpu": "AVX2"}
{"event": "extra_d_apply", "armed": true, "update_index": 2379, "modes": 0, "HQ": 0.0, "extra_d_steps_this_turn": 2, "cpu": "AVX2"}
{"event": "extra_d_apply", "armed": true, "update_index": 2380, "modes": 0, "HQ": 0.0, "extra_d_steps_this_turn": 2, "cpu": "AVX2"}
{"event": "extra_d_apply", "armed": true, "update_index": 2381, "modes": 0, "HQ": 0.0, "extra_d_steps_this_turn": 2, "cpu": "AVX2"}
{"event": "extra_d_apply", "armed": true, "update_index": 2382, "modes": 0, "HQ": 0.0, "extra_d_steps_this_turn": 2, "cpu": "AVX2"}
{"event": "extra_d_apply", "armed": true, "update_index": 2383, "modes": 0, "HQ": 0.0, "extra_d_steps_this_turn": 2, "cpu": "AVX2"}
{"event": "extra_d_apply", "armed": true, "update_index": 2384, "modes": 0, "HQ": 0.0, "extra_d_steps_this_turn": 2, "cpu": "AVX2"}
{"event": "extra_d_apply", "armed": true, "update_index": 2385, "modes": 0, "HQ": 0.0, "extra_d_steps_this_turn": 2, "cpu": "AVX2"}
{"event": "extra_d_apply", "armed": true, "update_index": 2386, "modes": 0, "HQ": 0.0, "extra_d_steps_this_turn": 2, "cpu": "AVX2"}
{"event": "extra_d_apply", "armed": true, "update_index": 2387, "modes": 0, "HQ": 0.0, "extra_d_steps_this_turn": 2, "cpu": "AVX2"}
{"event": "extra_d_apply", "armed": true, "update_index": 2388, "modes": 0, "HQ": 0.0, "extra_d_steps_this_turn": 2, "cpu": "AVX2"}
{"event": "extra_d_apply", "armed": true, "update_index": 2389, "modes": 0, "HQ": 0.0, "extra_d_steps_this_turn": 2, "cpu": "AVX2"}
{"event": "extra_d_apply", "armed": true, "update_index": 2390, "modes": 0, "HQ": 0.0, "extra_d_steps_this_turn": 2, "cpu": "AVX2"}
{"event": "extra_d_apply", "armed": true, "update_index": 2391, "modes": 0, "HQ": 0.0, "extra_d_steps_this_turn": 2, "cpu": "AVX2"}
{"event": "extra_d_apply", "armed": true, "update_index": 2392, "modes": 0, "HQ": 0.0, "extra_d_steps_this_turn": 2, "cpu": "AVX2"}
{"event": "extra_d_apply", "armed": true, "update_index": 2393, "modes": 0, "HQ": 0.0, "extra_d_steps_this_turn": 2, "cpu": "AVX2"}
{"event": "extra_d_apply", "armed": true, "update_index": 2394, "modes": 0, "HQ": 0.0, "extra_d_steps_this_turn": 2, "cpu": "AVX2"}
{"event": "extra_d_apply", "armed": true, "update_index": 2395, "modes": 0, "HQ": 0.0, "extra_d_steps_this_turn": 2, "cpu": "AVX2"}
{"event": "extra_d_apply", "armed": true, "update_index": 2396, "modes": 0, "HQ": 0.0, "extra_d_steps_this_turn": 2, "cpu": "AVX2"}
{"event": "extra_d_apply", "armed": true, "update_index": 2397, "modes": 0, "HQ": 0.0, "extra_d_steps_this_turn": 2, "cpu": "AVX2"}
{"event": "extra_d_apply", "armed": true, "update_index": 2398, "modes": 0, "HQ": 0.0, "extra_d_steps_this_turn": 2, "cpu": "AVX2"}
{"event": "extra_d_apply", "armed": true, "update_index": 2399, "modes": 0, "HQ": 0.0, "extra_d_steps_this_turn": 2, "cpu": "AVX2"}
{"event": "extra_d_apply", "armed": true, "update_index": 2400, "modes": 0, "HQ": 0.0, "extra_d_steps_this_turn": 2, "cpu": "AVX2"}
{"event": "PROGRESS", "outer": 2400, "armed": true, "arm_update_index": 1200, "fires": 1200, "extra_d_steps": 2400, "modes": 0, "HQ": 0.0, "fires_acquire": 489, "fires_dropout": 611, "fires_after_2300": 100, "cpu": "AVX2"}
{"event": "STAY", "steps": 2400, "seconds": 66.1, "terminal_1000_1200": [[1000, 8, 0.999], [1050, 8, 1.0], [1100, 8, 0.9993], [1150, 8, 0.9995], [1200, 8, 0.9988]], "checks": 120, "passing": 54, "min_modes": 0, "min_hq": 0.0, "zero_mode_steps": [1330, 2120, 2130, 2140, 2150, 2160, 2170, 2180, 2190, 2200, 2210, 2220, 2230, 2240, 2250, 2260, 2270, 2280, 2290, 2300, 2310, 2320, 2330, 2340, 2350, 2360, 2370, 2380, 2390, 2400], "severe_dips": [1220, 1260, 1280, 1300, 1330, 1350, 1620, 2020, 2100, 2110, 2120, 2130, 2140, 2150, 2160, 2170, 2180, 2190, 2200, 2210, 2220, 2230, 2240, 2250, 2260, 2270, 2280, 2290, 2300, 2310, 2320, 2330, 2340, 2350, 2360, 2370, 2380, 2390, 2400], "suffix": 0, "failing_steps": [1220, 1260, 1270, 1280, 1290, 1300, 1310, 1320, 1330, 1340, 1350, 1360, 1370, 1400, 1410, 1420, 1510, 1550, 1560, 1570, 1580, 1590, 1620, 1640, 1800, 1850, 1870, 1880, 1890, 1940, 1960, 1970, 2010, 2020, 2090, 2100, 2110, 2120, 2130, 2140], "final": [2400, 0, 0.0], "armed": true, "arm_update_index": 1200, "fires": 1200, "extra_d_steps": 2400, "fires_acquire": 489, "fires_dropout": 611, "fires_after_2300": 100, "fires_before_arm_index": 0, "dynamics": {"method": "stall_reach_delayed_arm_extra_d_ttur", "scratch_optimizer_policy": "pr84_slope_utilisation_reach", "shared_gate_eligible": false, "curvature_bound": 0.25, "d_curvature_bound": 3.0, "advantage_gate": null, "outer_steps": 2400, "gate_open": 0, "bound_evaluated": 2400, "bound_active": 2400, "d_bound_active": 108, "gradient_evaluations_per_outer_step": 3.0, "moment_updates_per_outer_step": 1, "rng_replay_verified": 4800, "update_order": "alternating: D Adam step, then G+prior Adam step against the new D", "smooth_critic": true, "smooth_width_cap": 0.15, "reach": 0.5, "ramp": "stall", "game_bound": false, "game_steps": 1, "b_cap_slope": 1.0, "widened_updates": 2244, "max_width": 0.5, "parent_method": "pr84_slope_utilisation_reach", "mechanism": "delayed_arm_extra_d_ttur", "arm_update_index_min": 1200, "arm_modes": 8, "arm_hq": 0.9, "extra_d_per_turn": 2, "armed": true, "arm_update_index": 1200, "fires": 1200, "extra_d_steps": 2400, "fires_acquire": 489, "fires_dropout": 611, "fires_after_2300": 100, "fires_before_arm_index": 0, "last_modes": 0, "last_hq": 0.0, "cpu_capability": "AVX2"}, "cpu": "AVX2"}
{"event": "DONE", "cpu": "AVX2"}
EXIT:0
