{"event": "START", "candidate": "PR140", "task": "convergence", "environment": {"profile": "cuda_fp32_v1", "torch": "2.13.0+cu126", "torch_revision": "cf30153c4c131c8164ee7798e5022d810682e2cb", "cuda": "12.6", "cudnn": 91002, "gpu": "NVIDIA RTX A6000", "gpu_uuid": "cb4ce47d-d968-bffd-5646-e830a9fa1c69", "device": "cuda:0", "visible_devices": "1", "deterministic": true, "tf32": false, "cudnn_benchmark": false, "cublas_workspace": ":4096:8", "threads": 1, "interop": 1, "adam_foreach": false, "adam_fused": false}}
{"event": "UPDATES", "candidate": "PR140", "task": "convergence", "adam_calls": 2000}
{"event": "g_lr_arm", "armed": true, "update_index": 1200, "g_lr_before": 0.00425, "g_lr_after": 0.002125, "fires": 0}
{"event": "g_lr_apply", "armed": true, "update_index": 1201, "g_lr_before": 0.00425, "g_lr_after": 0.002125, "fires": 1, "prior_lr_before": 0.0085, "prior_lr_after": 0.00425}
{"event": "g_lr_apply", "armed": true, "update_index": 1202, "g_lr_before": 0.00425, "g_lr_after": 0.002125, "fires": 2, "prior_lr_before": 0.0085, "prior_lr_after": 0.00425}
{"event": "g_lr_apply", "armed": true, "update_index": 1203, "g_lr_before": 0.00425, "g_lr_after": 0.002125, "fires": 3, "prior_lr_before": 0.0085, "prior_lr_after": 0.00425}
{"event": "g_lr_apply", "armed": true, "update_index": 1204, "g_lr_before": 0.00425, "g_lr_after": 0.002125, "fires": 4, "prior_lr_before": 0.0085, "prior_lr_after": 0.00425}
{"event": "g_lr_apply", "armed": true, "update_index": 1205, "g_lr_before": 0.00425, "g_lr_after": 0.002125, "fires": 5, "prior_lr_before": 0.0085, "prior_lr_after": 0.00425}
{"event": "g_lr_apply", "armed": true, "update_index": 1206, "g_lr_before": 0.00425, "g_lr_after": 0.002125, "fires": 6, "prior_lr_before": 0.0085, "prior_lr_after": 0.00425}
{"event": "g_lr_apply", "armed": true, "update_index": 1207, "g_lr_before": 0.00425, "g_lr_after": 0.002125, "fires": 7, "prior_lr_before": 0.0085, "prior_lr_after": 0.00425}
{"event": "g_lr_apply", "armed": true, "update_index": 1208, "g_lr_before": 0.00425, "g_lr_after": 0.002125, "fires": 8, "prior_lr_before": 0.0085, "prior_lr_after": 0.00425}
{"event": "g_lr_apply", "armed": true, "update_index": 1209, "g_lr_before": 0.00425, "g_lr_after": 0.002125, "fires": 9, "prior_lr_before": 0.0085, "prior_lr_after": 0.00425}
{"event": "g_lr_apply", "armed": true, "update_index": 1210, "g_lr_before": 0.00425, "g_lr_after": 0.002125, "fires": 10, "prior_lr_before": 0.0085, "prior_lr_after": 0.00425}
{"event": "g_lr_apply", "armed": true, "update_index": 1211, "g_lr_before": 0.00425, "g_lr_after": 0.002125, "fires": 11, "prior_lr_before": 0.0085, "prior_lr_after": 0.00425}
{"event": "g_lr_apply", "armed": true, "update_index": 1212, "g_lr_before": 0.00425, "g_lr_after": 0.002125, "fires": 12, "prior_lr_before": 0.0085, "prior_lr_after": 0.00425}
{"event": "g_lr_apply", "armed": true, "update_index": 1213, "g_lr_before": 0.00425, "g_lr_after": 0.002125, "fires": 13, "prior_lr_before": 0.0085, "prior_lr_after": 0.00425}
{"event": "g_lr_apply", "armed": true, "update_index": 1214, "g_lr_before": 0.00425, "g_lr_after": 0.002125, "fires": 14, "prior_lr_before": 0.0085, "prior_lr_after": 0.00425}
{"event": "g_lr_apply", "armed": true, "update_index": 1215, "g_lr_before": 0.00425, "g_lr_after": 0.002125, "fires": 15, "prior_lr_before": 0.0085, "prior_lr_after": 0.00425}
{"event": "g_lr_apply", "armed": true, "update_index": 1216, "g_lr_before": 0.00425, "g_lr_after": 0.002125, "fires": 16, "prior_lr_before": 0.0085, "prior_lr_after": 0.00425}
{"event": "g_lr_apply", "armed": true, "update_index": 1217, "g_lr_before": 0.00425, "g_lr_after": 0.002125, "fires": 17, "prior_lr_before": 0.0085, "prior_lr_after": 0.00425}
{"event": "g_lr_apply", "armed": true, "update_index": 1218, "g_lr_before": 0.00425, "g_lr_after": 0.002125, "fires": 18, "prior_lr_before": 0.0085, "prior_lr_after": 0.00425}
{"event": "g_lr_apply", "armed": true, "update_index": 1219, "g_lr_before": 0.00425, "g_lr_after": 0.002125, "fires": 19, "prior_lr_before": 0.0085, "prior_lr_after": 0.00425}
{"event": "g_lr_apply", "armed": true, "update_index": 1220, "g_lr_before": 0.00425, "g_lr_after": 0.002125, "fires": 20, "prior_lr_before": 0.0085, "prior_lr_after": 0.00425}
{"event": "g_lr_apply", "armed": true, "update_index": 1221, "g_lr_before": 0.00425, "g_lr_after": 0.002125, "fires": 21, "prior_lr_before": 0.0085, "prior_lr_after": 0.00425}
{"event": "g_lr_apply", "armed": true, "update_index": 1222, "g_lr_before": 0.00425, "g_lr_after": 0.002125, "fires": 22, "prior_lr_before": 0.0085, "prior_lr_after": 0.00425}
{"event": "g_lr_apply", "armed": true, "update_index": 1223, "g_lr_before": 0.00425, "g_lr_after": 0.002125, "fires": 23, "prior_lr_before": 0.0085, "prior_lr_after": 0.00425}
{"event": "g_lr_apply", "armed": true, "update_index": 1224, "g_lr_before": 0.00425, "g_lr_after": 0.002125, "fires": 24, "prior_lr_before": 0.0085, "prior_lr_after": 0.00425}
{"event": "g_lr_apply", "armed": true, "update_index": 1225, "g_lr_before": 0.00425, "g_lr_after": 0.002125, "fires": 25, "prior_lr_before": 0.0085, "prior_lr_after": 0.00425}
{"event": "g_lr_apply", "armed": true, "update_index": 1226, "g_lr_before": 0.00425, "g_lr_after": 0.002125, "fires": 26, "prior_lr_before": 0.0085, "prior_lr_after": 0.00425}
{"event": "g_lr_apply", "armed": true, "update_index": 1227, "g_lr_before": 0.00425, "g_lr_after": 0.002125, "fires": 27, "prior_lr_before": 0.0085, "prior_lr_after": 0.00425}
{"event": "g_lr_apply", "armed": true, "update_index": 1228, "g_lr_before": 0.00425, "g_lr_after": 0.002125, "fires": 28, "prior_lr_before": 0.0085, "prior_lr_after": 0.00425}
{"event": "g_lr_apply", "armed": true, "update_index": 1229, "g_lr_before": 0.00425, "g_lr_after": 0.002125, "fires": 29, "prior_lr_before": 0.0085, "prior_lr_after": 0.00425}
{"event": "g_lr_apply", "armed": true, "update_index": 1230, "g_lr_before": 0.00425, "g_lr_after": 0.002125, "fires": 30, "prior_lr_before": 0.0085, "prior_lr_after": 0.00425}
{"event": "g_lr_apply", "armed": true, "update_index": 1231, "g_lr_before": 0.00425, "g_lr_after": 0.002125, "fires": 31, "prior_lr_before": 0.0085, "prior_lr_after": 0.00425}
{"event": "g_lr_apply", "armed": true, "update_index": 1232, "g_lr_before": 0.00425, "g_lr_after": 0.002125, "fires": 32, "prior_lr_before": 0.0085, "prior_lr_after": 0.00425}
{"event": "g_lr_apply", "armed": true, "update_index": 1233, "g_lr_before": 0.00425, "g_lr_after": 0.002125, "fires": 33, "prior_lr_before": 0.0085, "prior_lr_after": 0.00425}
{"event": "g_lr_apply", "armed": true, "update_index": 1234, "g_lr_before": 0.00425, "g_lr_after": 0.002125, "fires": 34, "prior_lr_before": 0.0085, "prior_lr_after": 0.00425}
{"event": "g_lr_apply", "armed": true, "update_index": 1235, "g_lr_before": 0.00425, "g_lr_after": 0.002125, "fires": 35, "prior_lr_before": 0.0085, "prior_lr_after": 0.00425}
{"event": "g_lr_apply", "armed": true, "update_index": 1236, "g_lr_before": 0.00425, "g_lr_after": 0.002125, "fires": 36, "prior_lr_before": 0.0085, "prior_lr_after": 0.00425}
{"event": "g_lr_apply", "armed": true, "update_index": 1237, "g_lr_before": 0.00425, "g_lr_after": 0.002125, "fires": 37, "prior_lr_before": 0.0085, "prior_lr_after": 0.00425}
{"event": "g_lr_apply", "armed": true, "update_index": 1238, "g_lr_before": 0.00425, "g_lr_after": 0.002125, "fires": 38, "prior_lr_before": 0.0085, "prior_lr_after": 0.00425}
{"event": "g_lr_apply", "armed": true, "update_index": 1239, "g_lr_before": 0.00425, "g_lr_after": 0.002125, "fires": 39, "prior_lr_before": 0.0085, "prior_lr_after": 0.00425}
{"event": "g_lr_apply", "armed": true, "update_index": 1240, "g_lr_before": 0.00425, "g_lr_after": 0.002125, "fires": 40, "prior_lr_before": 0.0085, "prior_lr_after": 0.00425}
{"event": "g_lr_apply", "armed": true, "update_index": 1241, "g_lr_before": 0.00425, "g_lr_after": 0.002125, "fires": 41, "prior_lr_before": 0.0085, "prior_lr_after": 0.00425}
{"event": "g_lr_apply", "armed": true, "update_index": 1242, "g_lr_before": 0.00425, "g_lr_after": 0.002125, "fires": 42, "prior_lr_before": 0.0085, "prior_lr_after": 0.00425}
{"event": "g_lr_apply", "armed": true, "update_index": 1243, "g_lr_before": 0.00425, "g_lr_after": 0.002125, "fires": 43, "prior_lr_before": 0.0085, "prior_lr_after": 0.00425}
{"event": "g_lr_apply", "armed": true, "update_index": 1244, "g_lr_before": 0.00425, "g_lr_after": 0.002125, "fires": 44, "prior_lr_before": 0.0085, "prior_lr_after": 0.00425}
{"event": "g_lr_apply", "armed": true, "update_index": 1245, "g_lr_before": 0.00425, "g_lr_after": 0.002125, "fires": 45, "prior_lr_before": 0.0085, "prior_lr_after": 0.00425}
{"event": "g_lr_apply", "armed": true, "update_index": 1246, "g_lr_before": 0.00425, "g_lr_after": 0.002125, "fires": 46, "prior_lr_before": 0.0085, "prior_lr_after": 0.00425}
{"event": "g_lr_apply", "armed": true, "update_index": 1247, "g_lr_before": 0.00425, "g_lr_after": 0.002125, "fires": 47, "prior_lr_before": 0.0085, "prior_lr_after": 0.00425}
{"event": "g_lr_apply", "armed": true, "update_index": 1248, "g_lr_before": 0.00425, "g_lr_after": 0.002125, "fires": 48, "prior_lr_before": 0.0085, "prior_lr_after": 0.00425}
{"event": "g_lr_apply", "armed": true, "update_index": 1249, "g_lr_before": 0.00425, "g_lr_after": 0.002125, "fires": 49, "prior_lr_before": 0.0085, "prior_lr_after": 0.00425}
{"event": "g_lr_apply", "armed": true, "update_index": 1250, "g_lr_before": 0.00425, "g_lr_after": 0.002125, "fires": 50, "prior_lr_before": 0.0085, "prior_lr_after": 0.00425}
{"event": "g_lr_apply", "armed": true, "update_index": 1251, "g_lr_before": 0.00425, "g_lr_after": 0.002125, "fires": 51, "prior_lr_before": 0.0085, "prior_lr_after": 0.00425}
{"event": "g_lr_apply", "armed": true, "update_index": 1252, "g_lr_before": 0.00425, "g_lr_after": 0.002125, "fires": 52, "prior_lr_before": 0.0085, "prior_lr_after": 0.00425}
{"event": "g_lr_apply", "armed": true, "update_index": 1253, "g_lr_before": 0.00425, "g_lr_after": 0.002125, "fires": 53, "prior_lr_before": 0.0085, "prior_lr_after": 0.00425}
{"event": "g_lr_apply", "armed": true, "update_index": 1254, "g_lr_before": 0.00425, "g_lr_after": 0.002125, "fires": 54, "prior_lr_before": 0.0085, "prior_lr_after": 0.00425}
{"event": "g_lr_apply", "armed": true, "update_index": 1255, "g_lr_before": 0.00425, "g_lr_after": 0.002125, "fires": 55, "prior_lr_before": 0.0085, "prior_lr_after": 0.00425}
{"event": "g_lr_apply", "armed": true, "update_index": 1256, "g_lr_before": 0.00425, "g_lr_after": 0.002125, "fires": 56, "prior_lr_before": 0.0085, "prior_lr_after": 0.00425}
{"event": "g_lr_apply", "armed": true, "update_index": 1257, "g_lr_before": 0.00425, "g_lr_after": 0.002125, "fires": 57, "prior_lr_before": 0.0085, "prior_lr_after": 0.00425}
{"event": "g_lr_apply", "armed": true, "update_index": 1258, "g_lr_before": 0.00425, "g_lr_after": 0.002125, "fires": 58, "prior_lr_before": 0.0085, "prior_lr_after": 0.00425}
{"event": "g_lr_apply", "armed": true, "update_index": 1259, "g_lr_before": 0.00425, "g_lr_after": 0.002125, "fires": 59, "prior_lr_before": 0.0085, "prior_lr_after": 0.00425}
{"event": "g_lr_apply", "armed": true, "update_index": 1260, "g_lr_before": 0.00425, "g_lr_after": 0.002125, "fires": 60, "prior_lr_before": 0.0085, "prior_lr_after": 0.00425}
{"event": "g_lr_apply", "armed": true, "update_index": 1261, "g_lr_before": 0.00425, "g_lr_after": 0.002125, "fires": 61, "prior_lr_before": 0.0085, "prior_lr_after": 0.00425}
{"event": "g_lr_apply", "armed": true, "update_index": 1262, "g_lr_before": 0.00425, "g_lr_after": 0.002125, "fires": 62, "prior_lr_before": 0.0085, "prior_lr_after": 0.00425}
{"event": "g_lr_apply", "armed": true, "update_index": 1263, "g_lr_before": 0.00425, "g_lr_after": 0.002125, "fires": 63, "prior_lr_before": 0.0085, "prior_lr_after": 0.00425}
{"event": "g_lr_apply", "armed": true, "update_index": 1264, "g_lr_before": 0.00425, "g_lr_after": 0.002125, "fires": 64, "prior_lr_before": 0.0085, "prior_lr_after": 0.00425}
{"event": "g_lr_apply", "armed": true, "update_index": 1265, "g_lr_before": 0.00425, "g_lr_after": 0.002125, "fires": 65, "prior_lr_before": 0.0085, "prior_lr_after": 0.00425}
{"event": "g_lr_apply", "armed": true, "update_index": 1266, "g_lr_before": 0.00425, "g_lr_after": 0.002125, "fires": 66, "prior_lr_before": 0.0085, "prior_lr_after": 0.00425}
{"event": "g_lr_apply", "armed": true, "update_index": 1267, "g_lr_before": 0.00425, "g_lr_after": 0.002125, "fires": 67, "prior_lr_before": 0.0085, "prior_lr_after": 0.00425}
{"event": "g_lr_apply", "armed": true, "update_index": 1268, "g_lr_before": 0.00425, "g_lr_after": 0.002125, "fires": 68, "prior_lr_before": 0.0085, "prior_lr_after": 0.00425}
{"event": "g_lr_apply", "armed": true, "update_index": 1269, "g_lr_before": 0.00425, "g_lr_after": 0.002125, "fires": 69, "prior_lr_before": 0.0085, "prior_lr_after": 0.00425}
{"event": "g_lr_apply", "armed": true, "update_index": 1270, "g_lr_before": 0.00425, "g_lr_after": 0.002125, "fires": 70, "prior_lr_before": 0.0085, "prior_lr_after": 0.00425}
{"event": "g_lr_apply", "armed": true, "update_index": 1271, "g_lr_before": 0.00425, "g_lr_after": 0.002125, "fires": 71, "prior_lr_before": 0.0085, "prior_lr_after": 0.00425}
{"event": "g_lr_apply", "armed": true, "update_index": 1272, "g_lr_before": 0.00425, "g_lr_after": 0.002125, "fires": 72, "prior_lr_before": 0.0085, "prior_lr_after": 0.00425}
{"event": "g_lr_apply", "armed": true, "update_index": 1273, "g_lr_before": 0.00425, "g_lr_after": 0.002125, "fires": 73, "prior_lr_before": 0.0085, "prior_lr_after": 0.00425}
{"event": "g_lr_apply", "armed": true, "update_index": 1274, "g_lr_before": 0.00425, "g_lr_after": 0.002125, "fires": 74, "prior_lr_before": 0.0085, "prior_lr_after": 0.00425}
{"event": "g_lr_apply", "armed": true, "update_index": 1275, "g_lr_before": 0.00425, "g_lr_after": 0.002125, "fires": 75, "prior_lr_before": 0.0085, "prior_lr_after": 0.00425}
{"event": "g_lr_apply", "armed": true, "update_index": 1276, "g_lr_before": 0.00425, "g_lr_after": 0.002125, "fires": 76, "prior_lr_before": 0.0085, "prior_lr_after": 0.00425}
{"event": "g_lr_apply", "armed": true, "update_index": 1277, "g_lr_before": 0.00425, "g_lr_after": 0.002125, "fires": 77, "prior_lr_before": 0.0085, "prior_lr_after": 0.00425}
{"event": "g_lr_apply", "armed": true, "update_index": 1278, "g_lr_before": 0.00425, "g_lr_after": 0.002125, "fires": 78, "prior_lr_before": 0.0085, "prior_lr_after": 0.00425}
{"event": "g_lr_apply", "armed": true, "update_index": 1279, "g_lr_before": 0.00425, "g_lr_after": 0.002125, "fires": 79, "prior_lr_before": 0.0085, "prior_lr_after": 0.00425}
{"event": "g_lr_apply", "armed": true, "update_index": 1280, "g_lr_before": 0.00425, "g_lr_after": 0.002125, "fires": 80, "prior_lr_before": 0.0085, "prior_lr_after": 0.00425}
{"event": "g_lr_apply", "armed": true, "update_index": 1281, "g_lr_before": 0.00425, "g_lr_after": 0.002125, "fires": 81, "prior_lr_before": 0.0085, "prior_lr_after": 0.00425}
{"event": "g_lr_apply", "armed": true, "update_index": 1282, "g_lr_before": 0.00425, "g_lr_after": 0.002125, "fires": 82, "prior_lr_before": 0.0085, "prior_lr_after": 0.00425}
{"event": "g_lr_apply", "armed": true, "update_index": 1283, "g_lr_before": 0.00425, "g_lr_after": 0.002125, "fires": 83, "prior_lr_before": 0.0085, "prior_lr_after": 0.00425}
{"event": "g_lr_apply", "armed": true, "update_index": 1284, "g_lr_before": 0.00425, "g_lr_after": 0.002125, "fires": 84, "prior_lr_before": 0.0085, "prior_lr_after": 0.00425}
{"event": "g_lr_apply", "armed": true, "update_index": 1285, "g_lr_before": 0.00425, "g_lr_after": 0.002125, "fires": 85, "prior_lr_before": 0.0085, "prior_lr_after": 0.00425}
{"event": "g_lr_apply", "armed": true, "update_index": 1286, "g_lr_before": 0.00425, "g_lr_after": 0.002125, "fires": 86, "prior_lr_before": 0.0085, "prior_lr_after": 0.00425}
{"event": "g_lr_apply", "armed": true, "update_index": 1287, "g_lr_before": 0.00425, "g_lr_after": 0.002125, "fires": 87, "prior_lr_before": 0.0085, "prior_lr_after": 0.00425}
{"event": "g_lr_apply", "armed": true, "update_index": 1288, "g_lr_before": 0.00425, "g_lr_after": 0.002125, "fires": 88, "prior_lr_before": 0.0085, "prior_lr_after": 0.00425}
{"event": "g_lr_apply", "armed": true, "update_index": 1289, "g_lr_before": 0.00425, "g_lr_after": 0.002125, "fires": 89, "prior_lr_before": 0.0085, "prior_lr_after": 0.00425}
{"event": "g_lr_apply", "armed": true, "update_index": 1290, "g_lr_before": 0.00425, "g_lr_after": 0.002125, "fires": 90, "prior_lr_before": 0.0085, "prior_lr_after": 0.00425}
{"event": "g_lr_apply", "armed": true, "update_index": 1291, "g_lr_before": 0.00425, "g_lr_after": 0.002125, "fires": 91, "prior_lr_before": 0.0085, "prior_lr_after": 0.00425}
{"event": "g_lr_apply", "armed": true, "update_index": 1292, "g_lr_before": 0.00425, "g_lr_after": 0.002125, "fires": 92, "prior_lr_before": 0.0085, "prior_lr_after": 0.00425}
{"event": "g_lr_apply", "armed": true, "update_index": 1293, "g_lr_before": 0.00425, "g_lr_after": 0.002125, "fires": 93, "prior_lr_before": 0.0085, "prior_lr_after": 0.00425}
{"event": "g_lr_apply", "armed": true, "update_index": 1294, "g_lr_before": 0.00425, "g_lr_after": 0.002125, "fires": 94, "prior_lr_before": 0.0085, "prior_lr_after": 0.00425}
{"event": "g_lr_apply", "armed": true, "update_index": 1295, "g_lr_before": 0.00425, "g_lr_after": 0.002125, "fires": 95, "prior_lr_before": 0.0085, "prior_lr_after": 0.00425}
{"event": "g_lr_apply", "armed": true, "update_index": 1296, "g_lr_before": 0.00425, "g_lr_after": 0.002125, "fires": 96, "prior_lr_before": 0.0085, "prior_lr_after": 0.00425}
{"event": "g_lr_apply", "armed": true, "update_index": 1297, "g_lr_before": 0.00425, "g_lr_after": 0.002125, "fires": 97, "prior_lr_before": 0.0085, "prior_lr_after": 0.00425}
{"event": "g_lr_apply", "armed": true, "update_index": 1298, "g_lr_before": 0.00425, "g_lr_after": 0.002125, "fires": 98, "prior_lr_before": 0.0085, "prior_lr_after": 0.00425}
{"event": "g_lr_apply", "armed": true, "update_index": 1299, "g_lr_before": 0.00425, "g_lr_after": 0.002125, "fires": 99, "prior_lr_before": 0.0085, "prior_lr_after": 0.00425}
{"event": "g_lr_apply", "armed": true, "update_index": 1300, "g_lr_before": 0.00425, "g_lr_after": 0.002125, "fires": 100, "prior_lr_before": 0.0085, "prior_lr_after": 0.00425}
{"event": "g_lr_apply", "armed": true, "update_index": 1301, "g_lr_before": 0.00425, "g_lr_after": 0.002125, "fires": 101, "prior_lr_before": 0.0085, "prior_lr_after": 0.00425}
{"event": "g_lr_apply", "armed": true, "update_index": 1302, "g_lr_before": 0.00425, "g_lr_after": 0.002125, "fires": 102, "prior_lr_before": 0.0085, "prior_lr_after": 0.00425}
{"event": "g_lr_apply", "armed": true, "update_index": 1303, "g_lr_before": 0.00425, "g_lr_after": 0.002125, "fires": 103, "prior_lr_before": 0.0085, "prior_lr_after": 0.00425}
{"event": "g_lr_apply", "armed": true, "update_index": 1304, "g_lr_before": 0.00425, "g_lr_after": 0.002125, "fires": 104, "prior_lr_before": 0.0085, "prior_lr_after": 0.00425}
{"event": "g_lr_apply", "armed": true, "update_index": 1305, "g_lr_before": 0.00425, "g_lr_after": 0.002125, "fires": 105, "prior_lr_before": 0.0085, "prior_lr_after": 0.00425}
{"event": "g_lr_apply", "armed": true, "update_index": 1306, "g_lr_before": 0.00425, "g_lr_after": 0.002125, "fires": 106, "prior_lr_before": 0.0085, "prior_lr_after": 0.00425}
{"event": "g_lr_apply", "armed": true, "update_index": 1307, "g_lr_before": 0.00425, "g_lr_after": 0.002125, "fires": 107, "prior_lr_before": 0.0085, "prior_lr_after": 0.00425}
{"event": "g_lr_apply", "armed": true, "update_index": 1308, "g_lr_before": 0.00425, "g_lr_after": 0.002125, "fires": 108, "prior_lr_before": 0.0085, "prior_lr_after": 0.00425}
{"event": "g_lr_apply", "armed": true, "update_index": 1309, "g_lr_before": 0.00425, "g_lr_after": 0.002125, "fires": 109, "prior_lr_before": 0.0085, "prior_lr_after": 0.00425}
{"event": "g_lr_apply", "armed": true, "update_index": 1310, "g_lr_before": 0.00425, "g_lr_after": 0.002125, "fires": 110, "prior_lr_before": 0.0085, "prior_lr_after": 0.00425}
{"event": "g_lr_apply", "armed": true, "update_index": 1311, "g_lr_before": 0.00425, "g_lr_after": 0.002125, "fires": 111, "prior_lr_before": 0.0085, "prior_lr_after": 0.00425}
{"event": "g_lr_apply", "armed": true, "update_index": 1312, "g_lr_before": 0.00425, "g_lr_after": 0.002125, "fires": 112, "prior_lr_before": 0.0085, "prior_lr_after": 0.00425}
{"event": "g_lr_apply", "armed": true, "update_index": 1313, "g_lr_before": 0.00425, "g_lr_after": 0.002125, "fires": 113, "prior_lr_before": 0.0085, "prior_lr_after": 0.00425}
{"event": "g_lr_apply", "armed": true, "update_index": 1314, "g_lr_before": 0.00425, "g_lr_after": 0.002125, "fires": 114, "prior_lr_before": 0.0085, "prior_lr_after": 0.00425}
{"event": "g_lr_apply", "armed": true, "update_index": 1315, "g_lr_before": 0.00425, "g_lr_after": 0.002125, "fires": 115, "prior_lr_before": 0.0085, "prior_lr_after": 0.00425}
{"event": "g_lr_apply", "armed": true, "update_index": 1316, "g_lr_before": 0.00425, "g_lr_after": 0.002125, "fires": 116, "prior_lr_before": 0.0085, "prior_lr_after": 0.00425}
{"event": "g_lr_apply", "armed": true, "update_index": 1317, "g_lr_before": 0.00425, "g_lr_after": 0.002125, "fires": 117, "prior_lr_before": 0.0085, "prior_lr_after": 0.00425}
{"event": "g_lr_apply", "armed": true, "update_index": 1318, "g_lr_before": 0.00425, "g_lr_after": 0.002125, "fires": 118, "prior_lr_before": 0.0085, "prior_lr_after": 0.00425}
{"event": "g_lr_apply", "armed": true, "update_index": 1319, "g_lr_before": 0.00425, "g_lr_after": 0.002125, "fires": 119, "prior_lr_before": 0.0085, "prior_lr_after": 0.00425}
{"event": "g_lr_apply", "armed": true, "update_index": 1320, "g_lr_before": 0.00425, "g_lr_after": 0.002125, "fires": 120, "prior_lr_before": 0.0085, "prior_lr_after": 0.00425}
{"event": "g_lr_apply", "armed": true, "update_index": 1321, "g_lr_before": 0.00425, "g_lr_after": 0.002125, "fires": 121, "prior_lr_before": 0.0085, "prior_lr_after": 0.00425}
{"event": "g_lr_apply", "armed": true, "update_index": 1322, "g_lr_before": 0.00425, "g_lr_after": 0.002125, "fires": 122, "prior_lr_before": 0.0085, "prior_lr_after": 0.00425}
{"event": "g_lr_apply", "armed": true, "update_index": 1323, "g_lr_before": 0.00425, "g_lr_after": 0.002125, "fires": 123, "prior_lr_before": 0.0085, "prior_lr_after": 0.00425}
{"event": "g_lr_apply", "armed": true, "update_index": 1324, "g_lr_before": 0.00425, "g_lr_after": 0.002125, "fires": 124, "prior_lr_before": 0.0085, "prior_lr_after": 0.00425}
{"event": "g_lr_apply", "armed": true, "update_index": 1325, "g_lr_before": 0.00425, "g_lr_after": 0.002125, "fires": 125, "prior_lr_before": 0.0085, "prior_lr_after": 0.00425}
{"event": "g_lr_apply", "armed": true, "update_index": 1326, "g_lr_before": 0.00425, "g_lr_after": 0.002125, "fires": 126, "prior_lr_before": 0.0085, "prior_lr_after": 0.00425}
{"event": "g_lr_apply", "armed": true, "update_index": 1327, "g_lr_before": 0.00425, "g_lr_after": 0.002125, "fires": 127, "prior_lr_before": 0.0085, "prior_lr_after": 0.00425}
{"event": "g_lr_apply", "armed": true, "update_index": 1328, "g_lr_before": 0.00425, "g_lr_after": 0.002125, "fires": 128, "prior_lr_before": 0.0085, "prior_lr_after": 0.00425}
{"event": "g_lr_apply", "armed": true, "update_index": 1329, "g_lr_before": 0.00425, "g_lr_after": 0.002125, "fires": 129, "prior_lr_before": 0.0085, "prior_lr_after": 0.00425}
{"event": "g_lr_apply", "armed": true, "update_index": 1330, "g_lr_before": 0.00425, "g_lr_after": 0.002125, "fires": 130, "prior_lr_before": 0.0085, "prior_lr_after": 0.00425}
{"event": "g_lr_apply", "armed": true, "update_index": 1331, "g_lr_before": 0.00425, "g_lr_after": 0.002125, "fires": 131, "prior_lr_before": 0.0085, "prior_lr_after": 0.00425}
{"event": "g_lr_apply", "armed": true, "update_index": 1332, "g_lr_before": 0.00425, "g_lr_after": 0.002125, "fires": 132, "prior_lr_before": 0.0085, "prior_lr_after": 0.00425}
{"event": "g_lr_apply", "armed": true, "update_index": 1333, "g_lr_before": 0.00425, "g_lr_after": 0.002125, "fires": 133, "prior_lr_before": 0.0085, "prior_lr_after": 0.00425}
{"event": "g_lr_apply", "armed": true, "update_index": 1334, "g_lr_before": 0.00425, "g_lr_after": 0.002125, "fires": 134, "prior_lr_before": 0.0085, "prior_lr_after": 0.00425}
{"event": "g_lr_apply", "armed": true, "update_index": 1335, "g_lr_before": 0.00425, "g_lr_after": 0.002125, "fires": 135, "prior_lr_before": 0.0085, "prior_lr_after": 0.00425}
{"event": "g_lr_apply", "armed": true, "update_index": 1336, "g_lr_before": 0.00425, "g_lr_after": 0.002125, "fires": 136, "prior_lr_before": 0.0085, "prior_lr_after": 0.00425}
{"event": "g_lr_apply", "armed": true, "update_index": 1337, "g_lr_before": 0.00425, "g_lr_after": 0.002125, "fires": 137, "prior_lr_before": 0.0085, "prior_lr_after": 0.00425}
{"event": "g_lr_apply", "armed": true, "update_index": 1338, "g_lr_before": 0.00425, "g_lr_after": 0.002125, "fires": 138, "prior_lr_before": 0.0085, "prior_lr_after": 0.00425}
{"event": "g_lr_apply", "armed": true, "update_index": 1339, "g_lr_before": 0.00425, "g_lr_after": 0.002125, "fires": 139, "prior_lr_before": 0.0085, "prior_lr_after": 0.00425}
{"event": "g_lr_apply", "armed": true, "update_index": 1340, "g_lr_before": 0.00425, "g_lr_after": 0.002125, "fires": 140, "prior_lr_before": 0.0085, "prior_lr_after": 0.00425}
{"event": "g_lr_apply", "armed": true, "update_index": 1341, "g_lr_before": 0.00425, "g_lr_after": 0.002125, "fires": 141, "prior_lr_before": 0.0085, "prior_lr_after": 0.00425}
{"event": "g_lr_apply", "armed": true, "update_index": 1342, "g_lr_before": 0.00425, "g_lr_after": 0.002125, "fires": 142, "prior_lr_before": 0.0085, "prior_lr_after": 0.00425}
{"event": "g_lr_apply", "armed": true, "update_index": 1343, "g_lr_before": 0.00425, "g_lr_after": 0.002125, "fires": 143, "prior_lr_before": 0.0085, "prior_lr_after": 0.00425}
{"event": "g_lr_apply", "armed": true, "update_index": 1344, "g_lr_before": 0.00425, "g_lr_after": 0.002125, "fires": 144, "prior_lr_before": 0.0085, "prior_lr_after": 0.00425}
{"event": "g_lr_apply", "armed": true, "update_index": 1345, "g_lr_before": 0.00425, "g_lr_after": 0.002125, "fires": 145, "prior_lr_before": 0.0085, "prior_lr_after": 0.00425}
{"event": "g_lr_apply", "armed": true, "update_index": 1346, "g_lr_before": 0.00425, "g_lr_after": 0.002125, "fires": 146, "prior_lr_before": 0.0085, "prior_lr_after": 0.00425}
{"event": "g_lr_apply", "armed": true, "update_index": 1347, "g_lr_before": 0.00425, "g_lr_after": 0.002125, "fires": 147, "prior_lr_before": 0.0085, "prior_lr_after": 0.00425}
{"event": "g_lr_apply", "armed": true, "update_index": 1348, "g_lr_before": 0.00425, "g_lr_after": 0.002125, "fires": 148, "prior_lr_before": 0.0085, "prior_lr_after": 0.00425}
{"event": "g_lr_apply", "armed": true, "update_index": 1349, "g_lr_before": 0.00425, "g_lr_after": 0.002125, "fires": 149, "prior_lr_before": 0.0085, "prior_lr_after": 0.00425}
{"event": "g_lr_apply", "armed": true, "update_index": 1350, "g_lr_before": 0.00425, "g_lr_after": 0.002125, "fires": 150, "prior_lr_before": 0.0085, "prior_lr_after": 0.00425}
{"event": "g_lr_apply", "armed": true, "update_index": 1351, "g_lr_before": 0.00425, "g_lr_after": 0.002125, "fires": 151, "prior_lr_before": 0.0085, "prior_lr_after": 0.00425}
{"event": "g_lr_apply", "armed": true, "update_index": 1352, "g_lr_before": 0.00425, "g_lr_after": 0.002125, "fires": 152, "prior_lr_before": 0.0085, "prior_lr_after": 0.00425}
{"event": "g_lr_apply", "armed": true, "update_index": 1353, "g_lr_before": 0.00425, "g_lr_after": 0.002125, "fires": 153, "prior_lr_before": 0.0085, "prior_lr_after": 0.00425}
{"event": "g_lr_apply", "armed": true, "update_index": 1354, "g_lr_before": 0.00425, "g_lr_after": 0.002125, "fires": 154, "prior_lr_before": 0.0085, "prior_lr_after": 0.00425}
{"event": "g_lr_apply", "armed": true, "update_index": 1355, "g_lr_before": 0.00425, "g_lr_after": 0.002125, "fires": 155, "prior_lr_before": 0.0085, "prior_lr_after": 0.00425}
{"event": "g_lr_apply", "armed": true, "update_index": 1356, "g_lr_before": 0.00425, "g_lr_after": 0.002125, "fires": 156, "prior_lr_before": 0.0085, "prior_lr_after": 0.00425}
{"event": "g_lr_apply", "armed": true, "update_index": 1357, "g_lr_before": 0.00425, "g_lr_after": 0.002125, "fires": 157, "prior_lr_before": 0.0085, "prior_lr_after": 0.00425}
{"event": "g_lr_apply", "armed": true, "update_index": 1358, "g_lr_before": 0.00425, "g_lr_after": 0.002125, "fires": 158, "prior_lr_before": 0.0085, "prior_lr_after": 0.00425}
{"event": "g_lr_apply", "armed": true, "update_index": 1359, "g_lr_before": 0.00425, "g_lr_after": 0.002125, "fires": 159, "prior_lr_before": 0.0085, "prior_lr_after": 0.00425}
{"event": "g_lr_apply", "armed": true, "update_index": 1360, "g_lr_before": 0.00425, "g_lr_after": 0.002125, "fires": 160, "prior_lr_before": 0.0085, "prior_lr_after": 0.00425}
{"event": "g_lr_apply", "armed": true, "update_index": 1361, "g_lr_before": 0.00425, "g_lr_after": 0.002125, "fires": 161, "prior_lr_before": 0.0085, "prior_lr_after": 0.00425}
{"event": "g_lr_apply", "armed": true, "update_index": 1362, "g_lr_before": 0.00425, "g_lr_after": 0.002125, "fires": 162, "prior_lr_before": 0.0085, "prior_lr_after": 0.00425}
{"event": "g_lr_apply", "armed": true, "update_index": 1363, "g_lr_before": 0.00425, "g_lr_after": 0.002125, "fires": 163, "prior_lr_before": 0.0085, "prior_lr_after": 0.00425}
{"event": "g_lr_apply", "armed": true, "update_index": 1364, "g_lr_before": 0.00425, "g_lr_after": 0.002125, "fires": 164, "prior_lr_before": 0.0085, "prior_lr_after": 0.00425}
{"event": "g_lr_apply", "armed": true, "update_index": 1365, "g_lr_before": 0.00425, "g_lr_after": 0.002125, "fires": 165, "prior_lr_before": 0.0085, "prior_lr_after": 0.00425}
{"event": "g_lr_apply", "armed": true, "update_index": 1366, "g_lr_before": 0.00425, "g_lr_after": 0.002125, "fires": 166, "prior_lr_before": 0.0085, "prior_lr_after": 0.00425}
{"event": "g_lr_apply", "armed": true, "update_index": 1367, "g_lr_before": 0.00425, "g_lr_after": 0.002125, "fires": 167, "prior_lr_before": 0.0085, "prior_lr_after": 0.00425}
{"event": "g_lr_apply", "armed": true, "update_index": 1368, "g_lr_before": 0.00425, "g_lr_after": 0.002125, "fires": 168, "prior_lr_before": 0.0085, "prior_lr_after": 0.00425}
{"event": "g_lr_apply", "armed": true, "update_index": 1369, "g_lr_before": 0.00425, "g_lr_after": 0.002125, "fires": 169, "prior_lr_before": 0.0085, "prior_lr_after": 0.00425}
{"event": "g_lr_apply", "armed": true, "update_index": 1370, "g_lr_before": 0.00425, "g_lr_after": 0.002125, "fires": 170, "prior_lr_before": 0.0085, "prior_lr_after": 0.00425}
{"event": "g_lr_apply", "armed": true, "update_index": 1371, "g_lr_before": 0.00425, "g_lr_after": 0.002125, "fires": 171, "prior_lr_before": 0.0085, "prior_lr_after": 0.00425}
{"event": "g_lr_apply", "armed": true, "update_index": 1372, "g_lr_before": 0.00425, "g_lr_after": 0.002125, "fires": 172, "prior_lr_before": 0.0085, "prior_lr_after": 0.00425}
{"event": "g_lr_apply", "armed": true, "update_index": 1373, "g_lr_before": 0.00425, "g_lr_after": 0.002125, "fires": 173, "prior_lr_before": 0.0085, "prior_lr_after": 0.00425}
{"event": "g_lr_apply", "armed": true, "update_index": 1374, "g_lr_before": 0.00425, "g_lr_after": 0.002125, "fires": 174, "prior_lr_before": 0.0085, "prior_lr_after": 0.00425}
{"event": "g_lr_apply", "armed": true, "update_index": 1375, "g_lr_before": 0.00425, "g_lr_after": 0.002125, "fires": 175, "prior_lr_before": 0.0085, "prior_lr_after": 0.00425}
{"event": "g_lr_apply", "armed": true, "update_index": 1376, "g_lr_before": 0.00425, "g_lr_after": 0.002125, "fires": 176, "prior_lr_before": 0.0085, "prior_lr_after": 0.00425}
{"event": "g_lr_apply", "armed": true, "update_index": 1377, "g_lr_before": 0.00425, "g_lr_after": 0.002125, "fires": 177, "prior_lr_before": 0.0085, "prior_lr_after": 0.00425}
{"event": "g_lr_apply", "armed": true, "update_index": 1378, "g_lr_before": 0.00425, "g_lr_after": 0.002125, "fires": 178, "prior_lr_before": 0.0085, "prior_lr_after": 0.00425}
{"event": "g_lr_apply", "armed": true, "update_index": 1379, "g_lr_before": 0.00425, "g_lr_after": 0.002125, "fires": 179, "prior_lr_before": 0.0085, "prior_lr_after": 0.00425}
{"event": "g_lr_apply", "armed": true, "update_index": 1380, "g_lr_before": 0.00425, "g_lr_after": 0.002125, "fires": 180, "prior_lr_before": 0.0085, "prior_lr_after": 0.00425}
{"event": "g_lr_apply", "armed": true, "update_index": 1381, "g_lr_before": 0.00425, "g_lr_after": 0.002125, "fires": 181, "prior_lr_before": 0.0085, "prior_lr_after": 0.00425}
{"event": "g_lr_apply", "armed": true, "update_index": 1382, "g_lr_before": 0.00425, "g_lr_after": 0.002125, "fires": 182, "prior_lr_before": 0.0085, "prior_lr_after": 0.00425}
{"event": "g_lr_apply", "armed": true, "update_index": 1383, "g_lr_before": 0.00425, "g_lr_after": 0.002125, "fires": 183, "prior_lr_before": 0.0085, "prior_lr_after": 0.00425}
{"event": "g_lr_apply", "armed": true, "update_index": 1384, "g_lr_before": 0.00425, "g_lr_after": 0.002125, "fires": 184, "prior_lr_before": 0.0085, "prior_lr_after": 0.00425}
{"event": "g_lr_apply", "armed": true, "update_index": 1385, "g_lr_before": 0.00425, "g_lr_after": 0.002125, "fires": 185, "prior_lr_before": 0.0085, "prior_lr_after": 0.00425}
{"event": "g_lr_apply", "armed": true, "update_index": 1386, "g_lr_before": 0.00425, "g_lr_after": 0.002125, "fires": 186, "prior_lr_before": 0.0085, "prior_lr_after": 0.00425}
{"event": "g_lr_apply", "armed": true, "update_index": 1387, "g_lr_before": 0.00425, "g_lr_after": 0.002125, "fires": 187, "prior_lr_before": 0.0085, "prior_lr_after": 0.00425}
{"event": "g_lr_apply", "armed": true, "update_index": 1388, "g_lr_before": 0.00425, "g_lr_after": 0.002125, "fires": 188, "prior_lr_before": 0.0085, "prior_lr_after": 0.00425}
{"event": "g_lr_apply", "armed": true, "update_index": 1389, "g_lr_before": 0.00425, "g_lr_after": 0.002125, "fires": 189, "prior_lr_before": 0.0085, "prior_lr_after": 0.00425}
{"event": "g_lr_apply", "armed": true, "update_index": 1390, "g_lr_before": 0.00425, "g_lr_after": 0.002125, "fires": 190, "prior_lr_before": 0.0085, "prior_lr_after": 0.00425}
{"event": "g_lr_apply", "armed": true, "update_index": 1391, "g_lr_before": 0.00425, "g_lr_after": 0.002125, "fires": 191, "prior_lr_before": 0.0085, "prior_lr_after": 0.00425}
{"event": "g_lr_apply", "armed": true, "update_index": 1392, "g_lr_before": 0.00425, "g_lr_after": 0.002125, "fires": 192, "prior_lr_before": 0.0085, "prior_lr_after": 0.00425}
{"event": "g_lr_apply", "armed": true, "update_index": 1393, "g_lr_before": 0.00425, "g_lr_after": 0.002125, "fires": 193, "prior_lr_before": 0.0085, "prior_lr_after": 0.00425}
{"event": "g_lr_apply", "armed": true, "update_index": 1394, "g_lr_before": 0.00425, "g_lr_after": 0.002125, "fires": 194, "prior_lr_before": 0.0085, "prior_lr_after": 0.00425}
{"event": "g_lr_apply", "armed": true, "update_index": 1395, "g_lr_before": 0.00425, "g_lr_after": 0.002125, "fires": 195, "prior_lr_before": 0.0085, "prior_lr_after": 0.00425}
{"event": "g_lr_apply", "armed": true, "update_index": 1396, "g_lr_before": 0.00425, "g_lr_after": 0.002125, "fires": 196, "prior_lr_before": 0.0085, "prior_lr_after": 0.00425}
{"event": "g_lr_apply", "armed": true, "update_index": 1397, "g_lr_before": 0.00425, "g_lr_after": 0.002125, "fires": 197, "prior_lr_before": 0.0085, "prior_lr_after": 0.00425}
{"event": "g_lr_apply", "armed": true, "update_index": 1398, "g_lr_before": 0.00425, "g_lr_after": 0.002125, "fires": 198, "prior_lr_before": 0.0085, "prior_lr_after": 0.00425}
{"event": "g_lr_apply", "armed": true, "update_index": 1399, "g_lr_before": 0.00425, "g_lr_after": 0.002125, "fires": 199, "prior_lr_before": 0.0085, "prior_lr_after": 0.00425}
{"event": "g_lr_apply", "armed": true, "update_index": 1400, "g_lr_before": 0.00425, "g_lr_after": 0.002125, "fires": 200, "prior_lr_before": 0.0085, "prior_lr_after": 0.00425}
{"event": "g_lr_apply", "armed": true, "update_index": 1401, "g_lr_before": 0.00425, "g_lr_after": 0.002125, "fires": 201, "prior_lr_before": 0.0085, "prior_lr_after": 0.00425}
{"event": "g_lr_apply", "armed": true, "update_index": 1402, "g_lr_before": 0.00425, "g_lr_after": 0.002125, "fires": 202, "prior_lr_before": 0.0085, "prior_lr_after": 0.00425}
{"event": "g_lr_apply", "armed": true, "update_index": 1403, "g_lr_before": 0.00425, "g_lr_after": 0.002125, "fires": 203, "prior_lr_before": 0.0085, "prior_lr_after": 0.00425}
{"event": "g_lr_apply", "armed": true, "update_index": 1404, "g_lr_before": 0.00425, "g_lr_after": 0.002125, "fires": 204, "prior_lr_before": 0.0085, "prior_lr_after": 0.00425}
{"event": "g_lr_apply", "armed": true, "update_index": 1405, "g_lr_before": 0.00425, "g_lr_after": 0.002125, "fires": 205, "prior_lr_before": 0.0085, "prior_lr_after": 0.00425}
{"event": "g_lr_apply", "armed": true, "update_index": 1406, "g_lr_before": 0.00425, "g_lr_after": 0.002125, "fires": 206, "prior_lr_before": 0.0085, "prior_lr_after": 0.00425}
{"event": "g_lr_apply", "armed": true, "update_index": 1407, "g_lr_before": 0.00425, "g_lr_after": 0.002125, "fires": 207, "prior_lr_before": 0.0085, "prior_lr_after": 0.00425}
{"event": "g_lr_apply", "armed": true, "update_index": 1408, "g_lr_before": 0.00425, "g_lr_after": 0.002125, "fires": 208, "prior_lr_before": 0.0085, "prior_lr_after": 0.00425}
{"event": "g_lr_apply", "armed": true, "update_index": 1409, "g_lr_before": 0.00425, "g_lr_after": 0.002125, "fires": 209, "prior_lr_before": 0.0085, "prior_lr_after": 0.00425}
{"event": "g_lr_apply", "armed": true, "update_index": 1410, "g_lr_before": 0.00425, "g_lr_after": 0.002125, "fires": 210, "prior_lr_before": 0.0085, "prior_lr_after": 0.00425}
{"event": "g_lr_apply", "armed": true, "update_index": 1411, "g_lr_before": 0.00425, "g_lr_after": 0.002125, "fires": 211, "prior_lr_before": 0.0085, "prior_lr_after": 0.00425}
{"event": "g_lr_apply", "armed": true, "update_index": 1412, "g_lr_before": 0.00425, "g_lr_after": 0.002125, "fires": 212, "prior_lr_before": 0.0085, "prior_lr_after": 0.00425}
{"event": "g_lr_apply", "armed": true, "update_index": 1413, "g_lr_before": 0.00425, "g_lr_after": 0.002125, "fires": 213, "prior_lr_before": 0.0085, "prior_lr_after": 0.00425}
{"event": "g_lr_apply", "armed": true, "update_index": 1414, "g_lr_before": 0.00425, "g_lr_after": 0.002125, "fires": 214, "prior_lr_before": 0.0085, "prior_lr_after": 0.00425}
{"event": "g_lr_apply", "armed": true, "update_index": 1415, "g_lr_before": 0.00425, "g_lr_after": 0.002125, "fires": 215, "prior_lr_before": 0.0085, "prior_lr_after": 0.00425}
{"event": "g_lr_apply", "armed": true, "update_index": 1416, "g_lr_before": 0.00425, "g_lr_after": 0.002125, "fires": 216, "prior_lr_before": 0.0085, "prior_lr_after": 0.00425}
{"event": "g_lr_apply", "armed": true, "update_index": 1417, "g_lr_before": 0.00425, "g_lr_after": 0.002125, "fires": 217, "prior_lr_before": 0.0085, "prior_lr_after": 0.00425}
{"event": "g_lr_apply", "armed": true, "update_index": 1418, "g_lr_before": 0.00425, "g_lr_after": 0.002125, "fires": 218, "prior_lr_before": 0.0085, "prior_lr_after": 0.00425}
{"event": "g_lr_apply", "armed": true, "update_index": 1419, "g_lr_before": 0.00425, "g_lr_after": 0.002125, "fires": 219, "prior_lr_before": 0.0085, "prior_lr_after": 0.00425}
{"event": "g_lr_apply", "armed": true, "update_index": 1420, "g_lr_before": 0.00425, "g_lr_after": 0.002125, "fires": 220, "prior_lr_before": 0.0085, "prior_lr_after": 0.00425}
{"event": "g_lr_apply", "armed": true, "update_index": 1421, "g_lr_before": 0.00425, "g_lr_after": 0.002125, "fires": 221, "prior_lr_before": 0.0085, "prior_lr_after": 0.00425}
{"event": "g_lr_apply", "armed": true, "update_index": 1422, "g_lr_before": 0.00425, "g_lr_after": 0.002125, "fires": 222, "prior_lr_before": 0.0085, "prior_lr_after": 0.00425}
{"event": "g_lr_apply", "armed": true, "update_index": 1423, "g_lr_before": 0.00425, "g_lr_after": 0.002125, "fires": 223, "prior_lr_before": 0.0085, "prior_lr_after": 0.00425}
{"event": "g_lr_apply", "armed": true, "update_index": 1424, "g_lr_before": 0.00425, "g_lr_after": 0.002125, "fires": 224, "prior_lr_before": 0.0085, "prior_lr_after": 0.00425}
{"event": "g_lr_apply", "armed": true, "update_index": 1425, "g_lr_before": 0.00425, "g_lr_after": 0.002125, "fires": 225, "prior_lr_before": 0.0085, "prior_lr_after": 0.00425}
{"event": "g_lr_apply", "armed": true, "update_index": 1426, "g_lr_before": 0.00425, "g_lr_after": 0.002125, "fires": 226, "prior_lr_before": 0.0085, "prior_lr_after": 0.00425}
{"event": "g_lr_apply", "armed": true, "update_index": 1427, "g_lr_before": 0.00425, "g_lr_after": 0.002125, "fires": 227, "prior_lr_before": 0.0085, "prior_lr_after": 0.00425}
{"event": "g_lr_apply", "armed": true, "update_index": 1428, "g_lr_before": 0.00425, "g_lr_after": 0.002125, "fires": 228, "prior_lr_before": 0.0085, "prior_lr_after": 0.00425}
{"event": "g_lr_apply", "armed": true, "update_index": 1429, "g_lr_before": 0.00425, "g_lr_after": 0.002125, "fires": 229, "prior_lr_before": 0.0085, "prior_lr_after": 0.00425}
{"event": "g_lr_apply", "armed": true, "update_index": 1430, "g_lr_before": 0.00425, "g_lr_after": 0.002125, "fires": 230, "prior_lr_before": 0.0085, "prior_lr_after": 0.00425}
{"event": "g_lr_apply", "armed": true, "update_index": 1431, "g_lr_before": 0.00425, "g_lr_after": 0.002125, "fires": 231, "prior_lr_before": 0.0085, "prior_lr_after": 0.00425}
{"event": "g_lr_apply", "armed": true, "update_index": 1432, "g_lr_before": 0.00425, "g_lr_after": 0.002125, "fires": 232, "prior_lr_before": 0.0085, "prior_lr_after": 0.00425}
{"event": "g_lr_apply", "armed": true, "update_index": 1433, "g_lr_before": 0.00425, "g_lr_after": 0.002125, "fires": 233, "prior_lr_before": 0.0085, "prior_lr_after": 0.00425}
{"event": "g_lr_apply", "armed": true, "update_index": 1434, "g_lr_before": 0.00425, "g_lr_after": 0.002125, "fires": 234, "prior_lr_before": 0.0085, "prior_lr_after": 0.00425}
{"event": "g_lr_apply", "armed": true, "update_index": 1435, "g_lr_before": 0.00425, "g_lr_after": 0.002125, "fires": 235, "prior_lr_before": 0.0085, "prior_lr_after": 0.00425}
{"event": "g_lr_apply", "armed": true, "update_index": 1436, "g_lr_before": 0.00425, "g_lr_after": 0.002125, "fires": 236, "prior_lr_before": 0.0085, "prior_lr_after": 0.00425}
{"event": "g_lr_apply", "armed": true, "update_index": 1437, "g_lr_before": 0.00425, "g_lr_after": 0.002125, "fires": 237, "prior_lr_before": 0.0085, "prior_lr_after": 0.00425}
{"event": "g_lr_apply", "armed": true, "update_index": 1438, "g_lr_before": 0.00425, "g_lr_after": 0.002125, "fires": 238, "prior_lr_before": 0.0085, "prior_lr_after": 0.00425}
{"event": "g_lr_apply", "armed": true, "update_index": 1439, "g_lr_before": 0.00425, "g_lr_after": 0.002125, "fires": 239, "prior_lr_before": 0.0085, "prior_lr_after": 0.00425}
{"event": "g_lr_apply", "armed": true, "update_index": 1440, "g_lr_before": 0.00425, "g_lr_after": 0.002125, "fires": 240, "prior_lr_before": 0.0085, "prior_lr_after": 0.00425}
{"event": "g_lr_apply", "armed": true, "update_index": 1441, "g_lr_before": 0.00425, "g_lr_after": 0.002125, "fires": 241, "prior_lr_before": 0.0085, "prior_lr_after": 0.00425}
{"event": "g_lr_apply", "armed": true, "update_index": 1442, "g_lr_before": 0.00425, "g_lr_after": 0.002125, "fires": 242, "prior_lr_before": 0.0085, "prior_lr_after": 0.00425}
{"event": "g_lr_apply", "armed": true, "update_index": 1443, "g_lr_before": 0.00425, "g_lr_after": 0.002125, "fires": 243, "prior_lr_before": 0.0085, "prior_lr_after": 0.00425}
{"event": "g_lr_apply", "armed": true, "update_index": 1444, "g_lr_before": 0.00425, "g_lr_after": 0.002125, "fires": 244, "prior_lr_before": 0.0085, "prior_lr_after": 0.00425}
{"event": "g_lr_apply", "armed": true, "update_index": 1445, "g_lr_before": 0.00425, "g_lr_after": 0.002125, "fires": 245, "prior_lr_before": 0.0085, "prior_lr_after": 0.00425}
{"event": "g_lr_apply", "armed": true, "update_index": 1446, "g_lr_before": 0.00425, "g_lr_after": 0.002125, "fires": 246, "prior_lr_before": 0.0085, "prior_lr_after": 0.00425}
{"event": "g_lr_apply", "armed": true, "update_index": 1447, "g_lr_before": 0.00425, "g_lr_after": 0.002125, "fires": 247, "prior_lr_before": 0.0085, "prior_lr_after": 0.00425}
{"event": "g_lr_apply", "armed": true, "update_index": 1448, "g_lr_before": 0.00425, "g_lr_after": 0.002125, "fires": 248, "prior_lr_before": 0.0085, "prior_lr_after": 0.00425}
{"event": "g_lr_apply", "armed": true, "update_index": 1449, "g_lr_before": 0.00425, "g_lr_after": 0.002125, "fires": 249, "prior_lr_before": 0.0085, "prior_lr_after": 0.00425}
{"event": "g_lr_apply", "armed": true, "update_index": 1450, "g_lr_before": 0.00425, "g_lr_after": 0.002125, "fires": 250, "prior_lr_before": 0.0085, "prior_lr_after": 0.00425}
{"event": "g_lr_apply", "armed": true, "update_index": 1451, "g_lr_before": 0.00425, "g_lr_after": 0.002125, "fires": 251, "prior_lr_before": 0.0085, "prior_lr_after": 0.00425}
{"event": "g_lr_apply", "armed": true, "update_index": 1452, "g_lr_before": 0.00425, "g_lr_after": 0.002125, "fires": 252, "prior_lr_before": 0.0085, "prior_lr_after": 0.00425}
{"event": "g_lr_apply", "armed": true, "update_index": 1453, "g_lr_before": 0.00425, "g_lr_after": 0.002125, "fires": 253, "prior_lr_before": 0.0085, "prior_lr_after": 0.00425}
{"event": "g_lr_apply", "armed": true, "update_index": 1454, "g_lr_before": 0.00425, "g_lr_after": 0.002125, "fires": 254, "prior_lr_before": 0.0085, "prior_lr_after": 0.00425}
{"event": "g_lr_apply", "armed": true, "update_index": 1455, "g_lr_before": 0.00425, "g_lr_after": 0.002125, "fires": 255, "prior_lr_before": 0.0085, "prior_lr_after": 0.00425}
{"event": "g_lr_apply", "armed": true, "update_index": 1456, "g_lr_before": 0.00425, "g_lr_after": 0.002125, "fires": 256, "prior_lr_before": 0.0085, "prior_lr_after": 0.00425}
{"event": "g_lr_apply", "armed": true, "update_index": 1457, "g_lr_before": 0.00425, "g_lr_after": 0.002125, "fires": 257, "prior_lr_before": 0.0085, "prior_lr_after": 0.00425}
{"event": "g_lr_apply", "armed": true, "update_index": 1458, "g_lr_before": 0.00425, "g_lr_after": 0.002125, "fires": 258, "prior_lr_before": 0.0085, "prior_lr_after": 0.00425}
{"event": "g_lr_apply", "armed": true, "update_index": 1459, "g_lr_before": 0.00425, "g_lr_after": 0.002125, "fires": 259, "prior_lr_before": 0.0085, "prior_lr_after": 0.00425}
{"event": "g_lr_apply", "armed": true, "update_index": 1460, "g_lr_before": 0.00425, "g_lr_after": 0.002125, "fires": 260, "prior_lr_before": 0.0085, "prior_lr_after": 0.00425}
{"event": "g_lr_apply", "armed": true, "update_index": 1461, "g_lr_before": 0.00425, "g_lr_after": 0.002125, "fires": 261, "prior_lr_before": 0.0085, "prior_lr_after": 0.00425}
{"event": "g_lr_apply", "armed": true, "update_index": 1462, "g_lr_before": 0.00425, "g_lr_after": 0.002125, "fires": 262, "prior_lr_before": 0.0085, "prior_lr_after": 0.00425}
{"event": "g_lr_apply", "armed": true, "update_index": 1463, "g_lr_before": 0.00425, "g_lr_after": 0.002125, "fires": 263, "prior_lr_before": 0.0085, "prior_lr_after": 0.00425}
{"event": "g_lr_apply", "armed": true, "update_index": 1464, "g_lr_before": 0.00425, "g_lr_after": 0.002125, "fires": 264, "prior_lr_before": 0.0085, "prior_lr_after": 0.00425}
{"event": "g_lr_apply", "armed": true, "update_index": 1465, "g_lr_before": 0.00425, "g_lr_after": 0.002125, "fires": 265, "prior_lr_before": 0.0085, "prior_lr_after": 0.00425}
{"event": "g_lr_apply", "armed": true, "update_index": 1466, "g_lr_before": 0.00425, "g_lr_after": 0.002125, "fires": 266, "prior_lr_before": 0.0085, "prior_lr_after": 0.00425}
{"event": "g_lr_apply", "armed": true, "update_index": 1467, "g_lr_before": 0.00425, "g_lr_after": 0.002125, "fires": 267, "prior_lr_before": 0.0085, "prior_lr_after": 0.00425}
{"event": "g_lr_apply", "armed": true, "update_index": 1468, "g_lr_before": 0.00425, "g_lr_after": 0.002125, "fires": 268, "prior_lr_before": 0.0085, "prior_lr_after": 0.00425}
{"event": "g_lr_apply", "armed": true, "update_index": 1469, "g_lr_before": 0.00425, "g_lr_after": 0.002125, "fires": 269, "prior_lr_before": 0.0085, "prior_lr_after": 0.00425}
{"event": "g_lr_apply", "armed": true, "update_index": 1470, "g_lr_before": 0.00425, "g_lr_after": 0.002125, "fires": 270, "prior_lr_before": 0.0085, "prior_lr_after": 0.00425}
{"event": "g_lr_apply", "armed": true, "update_index": 1471, "g_lr_before": 0.00425, "g_lr_after": 0.002125, "fires": 271, "prior_lr_before": 0.0085, "prior_lr_after": 0.00425}
{"event": "g_lr_apply", "armed": true, "update_index": 1472, "g_lr_before": 0.00425, "g_lr_after": 0.002125, "fires": 272, "prior_lr_before": 0.0085, "prior_lr_after": 0.00425}
{"event": "g_lr_apply", "armed": true, "update_index": 1473, "g_lr_before": 0.00425, "g_lr_after": 0.002125, "fires": 273, "prior_lr_before": 0.0085, "prior_lr_after": 0.00425}
{"event": "g_lr_apply", "armed": true, "update_index": 1474, "g_lr_before": 0.00425, "g_lr_after": 0.002125, "fires": 274, "prior_lr_before": 0.0085, "prior_lr_after": 0.00425}
{"event": "g_lr_apply", "armed": true, "update_index": 1475, "g_lr_before": 0.00425, "g_lr_after": 0.002125, "fires": 275, "prior_lr_before": 0.0085, "prior_lr_after": 0.00425}
{"event": "g_lr_apply", "armed": true, "update_index": 1476, "g_lr_before": 0.00425, "g_lr_after": 0.002125, "fires": 276, "prior_lr_before": 0.0085, "prior_lr_after": 0.00425}
{"event": "g_lr_apply", "armed": true, "update_index": 1477, "g_lr_before": 0.00425, "g_lr_after": 0.002125, "fires": 277, "prior_lr_before": 0.0085, "prior_lr_after": 0.00425}
{"event": "g_lr_apply", "armed": true, "update_index": 1478, "g_lr_before": 0.00425, "g_lr_after": 0.002125, "fires": 278, "prior_lr_before": 0.0085, "prior_lr_after": 0.00425}
{"event": "g_lr_apply", "armed": true, "update_index": 1479, "g_lr_before": 0.00425, "g_lr_after": 0.002125, "fires": 279, "prior_lr_before": 0.0085, "prior_lr_after": 0.00425}
{"event": "g_lr_apply", "armed": true, "update_index": 1480, "g_lr_before": 0.00425, "g_lr_after": 0.002125, "fires": 280, "prior_lr_before": 0.0085, "prior_lr_after": 0.00425}
{"event": "g_lr_apply", "armed": true, "update_index": 1481, "g_lr_before": 0.00425, "g_lr_after": 0.002125, "fires": 281, "prior_lr_before": 0.0085, "prior_lr_after": 0.00425}
{"event": "g_lr_apply", "armed": true, "update_index": 1482, "g_lr_before": 0.00425, "g_lr_after": 0.002125, "fires": 282, "prior_lr_before": 0.0085, "prior_lr_after": 0.00425}
{"event": "g_lr_apply", "armed": true, "update_index": 1483, "g_lr_before": 0.00425, "g_lr_after": 0.002125, "fires": 283, "prior_lr_before": 0.0085, "prior_lr_after": 0.00425}
{"event": "g_lr_apply", "armed": true, "update_index": 1484, "g_lr_before": 0.00425, "g_lr_after": 0.002125, "fires": 284, "prior_lr_before": 0.0085, "prior_lr_after": 0.00425}
{"event": "g_lr_apply", "armed": true, "update_index": 1485, "g_lr_before": 0.00425, "g_lr_after": 0.002125, "fires": 285, "prior_lr_before": 0.0085, "prior_lr_after": 0.00425}
{"event": "g_lr_apply", "armed": true, "update_index": 1486, "g_lr_before": 0.00425, "g_lr_after": 0.002125, "fires": 286, "prior_lr_before": 0.0085, "prior_lr_after": 0.00425}
{"event": "g_lr_apply", "armed": true, "update_index": 1487, "g_lr_before": 0.00425, "g_lr_after": 0.002125, "fires": 287, "prior_lr_before": 0.0085, "prior_lr_after": 0.00425}
{"event": "g_lr_apply", "armed": true, "update_index": 1488, "g_lr_before": 0.00425, "g_lr_after": 0.002125, "fires": 288, "prior_lr_before": 0.0085, "prior_lr_after": 0.00425}
{"event": "g_lr_apply", "armed": true, "update_index": 1489, "g_lr_before": 0.00425, "g_lr_after": 0.002125, "fires": 289, "prior_lr_before": 0.0085, "prior_lr_after": 0.00425}
{"event": "g_lr_apply", "armed": true, "update_index": 1490, "g_lr_before": 0.00425, "g_lr_after": 0.002125, "fires": 290, "prior_lr_before": 0.0085, "prior_lr_after": 0.00425}
{"event": "g_lr_apply", "armed": true, "update_index": 1491, "g_lr_before": 0.00425, "g_lr_after": 0.002125, "fires": 291, "prior_lr_before": 0.0085, "prior_lr_after": 0.00425}
{"event": "g_lr_apply", "armed": true, "update_index": 1492, "g_lr_before": 0.00425, "g_lr_after": 0.002125, "fires": 292, "prior_lr_before": 0.0085, "prior_lr_after": 0.00425}
{"event": "g_lr_apply", "armed": true, "update_index": 1493, "g_lr_before": 0.00425, "g_lr_after": 0.002125, "fires": 293, "prior_lr_before": 0.0085, "prior_lr_after": 0.00425}
{"event": "g_lr_apply", "armed": true, "update_index": 1494, "g_lr_before": 0.00425, "g_lr_after": 0.002125, "fires": 294, "prior_lr_before": 0.0085, "prior_lr_after": 0.00425}
{"event": "g_lr_apply", "armed": true, "update_index": 1495, "g_lr_before": 0.00425, "g_lr_after": 0.002125, "fires": 295, "prior_lr_before": 0.0085, "prior_lr_after": 0.00425}
{"event": "g_lr_apply", "armed": true, "update_index": 1496, "g_lr_before": 0.00425, "g_lr_after": 0.002125, "fires": 296, "prior_lr_before": 0.0085, "prior_lr_after": 0.00425}
{"event": "g_lr_apply", "armed": true, "update_index": 1497, "g_lr_before": 0.00425, "g_lr_after": 0.002125, "fires": 297, "prior_lr_before": 0.0085, "prior_lr_after": 0.00425}
{"event": "g_lr_apply", "armed": true, "update_index": 1498, "g_lr_before": 0.00425, "g_lr_after": 0.002125, "fires": 298, "prior_lr_before": 0.0085, "prior_lr_after": 0.00425}
{"event": "g_lr_apply", "armed": true, "update_index": 1499, "g_lr_before": 0.00425, "g_lr_after": 0.002125, "fires": 299, "prior_lr_before": 0.0085, "prior_lr_after": 0.00425}
{"event": "g_lr_apply", "armed": true, "update_index": 1500, "g_lr_before": 0.00425, "g_lr_after": 0.002125, "fires": 300, "prior_lr_before": 0.0085, "prior_lr_after": 0.00425}
{"event": "g_lr_apply", "armed": true, "update_index": 1501, "g_lr_before": 0.00425, "g_lr_after": 0.002125, "fires": 301, "prior_lr_before": 0.0085, "prior_lr_after": 0.00425}
{"event": "g_lr_apply", "armed": true, "update_index": 1502, "g_lr_before": 0.00425, "g_lr_after": 0.002125, "fires": 302, "prior_lr_before": 0.0085, "prior_lr_after": 0.00425}
{"event": "g_lr_apply", "armed": true, "update_index": 1503, "g_lr_before": 0.00425, "g_lr_after": 0.002125, "fires": 303, "prior_lr_before": 0.0085, "prior_lr_after": 0.00425}
{"event": "g_lr_apply", "armed": true, "update_index": 1504, "g_lr_before": 0.00425, "g_lr_after": 0.002125, "fires": 304, "prior_lr_before": 0.0085, "prior_lr_after": 0.00425}
{"event": "g_lr_apply", "armed": true, "update_index": 1505, "g_lr_before": 0.00425, "g_lr_after": 0.002125, "fires": 305, "prior_lr_before": 0.0085, "prior_lr_after": 0.00425}
{"event": "g_lr_apply", "armed": true, "update_index": 1506, "g_lr_before": 0.00425, "g_lr_after": 0.002125, "fires": 306, "prior_lr_before": 0.0085, "prior_lr_after": 0.00425}
{"event": "g_lr_apply", "armed": true, "update_index": 1507, "g_lr_before": 0.00425, "g_lr_after": 0.002125, "fires": 307, "prior_lr_before": 0.0085, "prior_lr_after": 0.00425}
{"event": "g_lr_apply", "armed": true, "update_index": 1508, "g_lr_before": 0.00425, "g_lr_after": 0.002125, "fires": 308, "prior_lr_before": 0.0085, "prior_lr_after": 0.00425}
{"event": "g_lr_apply", "armed": true, "update_index": 1509, "g_lr_before": 0.00425, "g_lr_after": 0.002125, "fires": 309, "prior_lr_before": 0.0085, "prior_lr_after": 0.00425}
{"event": "g_lr_apply", "armed": true, "update_index": 1510, "g_lr_before": 0.00425, "g_lr_after": 0.002125, "fires": 310, "prior_lr_before": 0.0085, "prior_lr_after": 0.00425}
{"event": "g_lr_apply", "armed": true, "update_index": 1511, "g_lr_before": 0.00425, "g_lr_after": 0.002125, "fires": 311, "prior_lr_before": 0.0085, "prior_lr_after": 0.00425}
{"event": "g_lr_apply", "armed": true, "update_index": 1512, "g_lr_before": 0.00425, "g_lr_after": 0.002125, "fires": 312, "prior_lr_before": 0.0085, "prior_lr_after": 0.00425}
{"event": "g_lr_apply", "armed": true, "update_index": 1513, "g_lr_before": 0.00425, "g_lr_after": 0.002125, "fires": 313, "prior_lr_before": 0.0085, "prior_lr_after": 0.00425}
{"event": "g_lr_apply", "armed": true, "update_index": 1514, "g_lr_before": 0.00425, "g_lr_after": 0.002125, "fires": 314, "prior_lr_before": 0.0085, "prior_lr_after": 0.00425}
{"event": "g_lr_apply", "armed": true, "update_index": 1515, "g_lr_before": 0.00425, "g_lr_after": 0.002125, "fires": 315, "prior_lr_before": 0.0085, "prior_lr_after": 0.00425}
{"event": "g_lr_apply", "armed": true, "update_index": 1516, "g_lr_before": 0.00425, "g_lr_after": 0.002125, "fires": 316, "prior_lr_before": 0.0085, "prior_lr_after": 0.00425}
{"event": "g_lr_apply", "armed": true, "update_index": 1517, "g_lr_before": 0.00425, "g_lr_after": 0.002125, "fires": 317, "prior_lr_before": 0.0085, "prior_lr_after": 0.00425}
{"event": "g_lr_apply", "armed": true, "update_index": 1518, "g_lr_before": 0.00425, "g_lr_after": 0.002125, "fires": 318, "prior_lr_before": 0.0085, "prior_lr_after": 0.00425}
{"event": "g_lr_apply", "armed": true, "update_index": 1519, "g_lr_before": 0.00425, "g_lr_after": 0.002125, "fires": 319, "prior_lr_before": 0.0085, "prior_lr_after": 0.00425}
{"event": "g_lr_apply", "armed": true, "update_index": 1520, "g_lr_before": 0.00425, "g_lr_after": 0.002125, "fires": 320, "prior_lr_before": 0.0085, "prior_lr_after": 0.00425}
{"event": "g_lr_apply", "armed": true, "update_index": 1521, "g_lr_before": 0.00425, "g_lr_after": 0.002125, "fires": 321, "prior_lr_before": 0.0085, "prior_lr_after": 0.00425}
{"event": "g_lr_apply", "armed": true, "update_index": 1522, "g_lr_before": 0.00425, "g_lr_after": 0.002125, "fires": 322, "prior_lr_before": 0.0085, "prior_lr_after": 0.00425}
{"event": "g_lr_apply", "armed": true, "update_index": 1523, "g_lr_before": 0.00425, "g_lr_after": 0.002125, "fires": 323, "prior_lr_before": 0.0085, "prior_lr_after": 0.00425}
{"event": "g_lr_apply", "armed": true, "update_index": 1524, "g_lr_before": 0.00425, "g_lr_after": 0.002125, "fires": 324, "prior_lr_before": 0.0085, "prior_lr_after": 0.00425}
{"event": "g_lr_apply", "armed": true, "update_index": 1525, "g_lr_before": 0.00425, "g_lr_after": 0.002125, "fires": 325, "prior_lr_before": 0.0085, "prior_lr_after": 0.00425}
{"event": "g_lr_apply", "armed": true, "update_index": 1526, "g_lr_before": 0.00425, "g_lr_after": 0.002125, "fires": 326, "prior_lr_before": 0.0085, "prior_lr_after": 0.00425}
{"event": "g_lr_apply", "armed": true, "update_index": 1527, "g_lr_before": 0.00425, "g_lr_after": 0.002125, "fires": 327, "prior_lr_before": 0.0085, "prior_lr_after": 0.00425}
{"event": "g_lr_apply", "armed": true, "update_index": 1528, "g_lr_before": 0.00425, "g_lr_after": 0.002125, "fires": 328, "prior_lr_before": 0.0085, "prior_lr_after": 0.00425}
{"event": "g_lr_apply", "armed": true, "update_index": 1529, "g_lr_before": 0.00425, "g_lr_after": 0.002125, "fires": 329, "prior_lr_before": 0.0085, "prior_lr_after": 0.00425}
{"event": "g_lr_apply", "armed": true, "update_index": 1530, "g_lr_before": 0.00425, "g_lr_after": 0.002125, "fires": 330, "prior_lr_before": 0.0085, "prior_lr_after": 0.00425}
{"event": "g_lr_apply", "armed": true, "update_index": 1531, "g_lr_before": 0.00425, "g_lr_after": 0.002125, "fires": 331, "prior_lr_before": 0.0085, "prior_lr_after": 0.00425}
{"event": "g_lr_apply", "armed": true, "update_index": 1532, "g_lr_before": 0.00425, "g_lr_after": 0.002125, "fires": 332, "prior_lr_before": 0.0085, "prior_lr_after": 0.00425}
{"event": "g_lr_apply", "armed": true, "update_index": 1533, "g_lr_before": 0.00425, "g_lr_after": 0.002125, "fires": 333, "prior_lr_before": 0.0085, "prior_lr_after": 0.00425}
{"event": "g_lr_apply", "armed": true, "update_index": 1534, "g_lr_before": 0.00425, "g_lr_after": 0.002125, "fires": 334, "prior_lr_before": 0.0085, "prior_lr_after": 0.00425}
{"event": "g_lr_apply", "armed": true, "update_index": 1535, "g_lr_before": 0.00425, "g_lr_after": 0.002125, "fires": 335, "prior_lr_before": 0.0085, "prior_lr_after": 0.00425}
{"event": "g_lr_apply", "armed": true, "update_index": 1536, "g_lr_before": 0.00425, "g_lr_after": 0.002125, "fires": 336, "prior_lr_before": 0.0085, "prior_lr_after": 0.00425}
{"event": "g_lr_apply", "armed": true, "update_index": 1537, "g_lr_before": 0.00425, "g_lr_after": 0.002125, "fires": 337, "prior_lr_before": 0.0085, "prior_lr_after": 0.00425}
{"event": "g_lr_apply", "armed": true, "update_index": 1538, "g_lr_before": 0.00425, "g_lr_after": 0.002125, "fires": 338, "prior_lr_before": 0.0085, "prior_lr_after": 0.00425}
{"event": "g_lr_apply", "armed": true, "update_index": 1539, "g_lr_before": 0.00425, "g_lr_after": 0.002125, "fires": 339, "prior_lr_before": 0.0085, "prior_lr_after": 0.00425}
{"event": "g_lr_apply", "armed": true, "update_index": 1540, "g_lr_before": 0.00425, "g_lr_after": 0.002125, "fires": 340, "prior_lr_before": 0.0085, "prior_lr_after": 0.00425}
{"event": "g_lr_apply", "armed": true, "update_index": 1541, "g_lr_before": 0.00425, "g_lr_after": 0.002125, "fires": 341, "prior_lr_before": 0.0085, "prior_lr_after": 0.00425}
{"event": "g_lr_apply", "armed": true, "update_index": 1542, "g_lr_before": 0.00425, "g_lr_after": 0.002125, "fires": 342, "prior_lr_before": 0.0085, "prior_lr_after": 0.00425}
{"event": "g_lr_apply", "armed": true, "update_index": 1543, "g_lr_before": 0.00425, "g_lr_after": 0.002125, "fires": 343, "prior_lr_before": 0.0085, "prior_lr_after": 0.00425}
{"event": "g_lr_apply", "armed": true, "update_index": 1544, "g_lr_before": 0.00425, "g_lr_after": 0.002125, "fires": 344, "prior_lr_before": 0.0085, "prior_lr_after": 0.00425}
{"event": "g_lr_apply", "armed": true, "update_index": 1545, "g_lr_before": 0.00425, "g_lr_after": 0.002125, "fires": 345, "prior_lr_before": 0.0085, "prior_lr_after": 0.00425}
{"event": "g_lr_apply", "armed": true, "update_index": 1546, "g_lr_before": 0.00425, "g_lr_after": 0.002125, "fires": 346, "prior_lr_before": 0.0085, "prior_lr_after": 0.00425}
{"event": "g_lr_apply", "armed": true, "update_index": 1547, "g_lr_before": 0.00425, "g_lr_after": 0.002125, "fires": 347, "prior_lr_before": 0.0085, "prior_lr_after": 0.00425}
{"event": "g_lr_apply", "armed": true, "update_index": 1548, "g_lr_before": 0.00425, "g_lr_after": 0.002125, "fires": 348, "prior_lr_before": 0.0085, "prior_lr_after": 0.00425}
{"event": "g_lr_apply", "armed": true, "update_index": 1549, "g_lr_before": 0.00425, "g_lr_after": 0.002125, "fires": 349, "prior_lr_before": 0.0085, "prior_lr_after": 0.00425}
{"event": "g_lr_apply", "armed": true, "update_index": 1550, "g_lr_before": 0.00425, "g_lr_after": 0.002125, "fires": 350, "prior_lr_before": 0.0085, "prior_lr_after": 0.00425}
{"event": "g_lr_apply", "armed": true, "update_index": 1551, "g_lr_before": 0.00425, "g_lr_after": 0.002125, "fires": 351, "prior_lr_before": 0.0085, "prior_lr_after": 0.00425}
{"event": "g_lr_apply", "armed": true, "update_index": 1552, "g_lr_before": 0.00425, "g_lr_after": 0.002125, "fires": 352, "prior_lr_before": 0.0085, "prior_lr_after": 0.00425}
{"event": "g_lr_apply", "armed": true, "update_index": 1553, "g_lr_before": 0.00425, "g_lr_after": 0.002125, "fires": 353, "prior_lr_before": 0.0085, "prior_lr_after": 0.00425}
{"event": "g_lr_apply", "armed": true, "update_index": 1554, "g_lr_before": 0.00425, "g_lr_after": 0.002125, "fires": 354, "prior_lr_before": 0.0085, "prior_lr_after": 0.00425}
{"event": "g_lr_apply", "armed": true, "update_index": 1555, "g_lr_before": 0.00425, "g_lr_after": 0.002125, "fires": 355, "prior_lr_before": 0.0085, "prior_lr_after": 0.00425}
{"event": "g_lr_apply", "armed": true, "update_index": 1556, "g_lr_before": 0.00425, "g_lr_after": 0.002125, "fires": 356, "prior_lr_before": 0.0085, "prior_lr_after": 0.00425}
{"event": "g_lr_apply", "armed": true, "update_index": 1557, "g_lr_before": 0.00425, "g_lr_after": 0.002125, "fires": 357, "prior_lr_before": 0.0085, "prior_lr_after": 0.00425}
{"event": "g_lr_apply", "armed": true, "update_index": 1558, "g_lr_before": 0.00425, "g_lr_after": 0.002125, "fires": 358, "prior_lr_before": 0.0085, "prior_lr_after": 0.00425}
{"event": "g_lr_apply", "armed": true, "update_index": 1559, "g_lr_before": 0.00425, "g_lr_after": 0.002125, "fires": 359, "prior_lr_before": 0.0085, "prior_lr_after": 0.00425}
{"event": "g_lr_apply", "armed": true, "update_index": 1560, "g_lr_before": 0.00425, "g_lr_after": 0.002125, "fires": 360, "prior_lr_before": 0.0085, "prior_lr_after": 0.00425}
{"event": "g_lr_apply", "armed": true, "update_index": 1561, "g_lr_before": 0.00425, "g_lr_after": 0.002125, "fires": 361, "prior_lr_before": 0.0085, "prior_lr_after": 0.00425}
{"event": "g_lr_apply", "armed": true, "update_index": 1562, "g_lr_before": 0.00425, "g_lr_after": 0.002125, "fires": 362, "prior_lr_before": 0.0085, "prior_lr_after": 0.00425}
{"event": "g_lr_apply", "armed": true, "update_index": 1563, "g_lr_before": 0.00425, "g_lr_after": 0.002125, "fires": 363, "prior_lr_before": 0.0085, "prior_lr_after": 0.00425}
{"event": "g_lr_apply", "armed": true, "update_index": 1564, "g_lr_before": 0.00425, "g_lr_after": 0.002125, "fires": 364, "prior_lr_before": 0.0085, "prior_lr_after": 0.00425}
{"event": "g_lr_apply", "armed": true, "update_index": 1565, "g_lr_before": 0.00425, "g_lr_after": 0.002125, "fires": 365, "prior_lr_before": 0.0085, "prior_lr_after": 0.00425}
{"event": "g_lr_apply", "armed": true, "update_index": 1566, "g_lr_before": 0.00425, "g_lr_after": 0.002125, "fires": 366, "prior_lr_before": 0.0085, "prior_lr_after": 0.00425}
{"event": "g_lr_apply", "armed": true, "update_index": 1567, "g_lr_before": 0.00425, "g_lr_after": 0.002125, "fires": 367, "prior_lr_before": 0.0085, "prior_lr_after": 0.00425}
{"event": "g_lr_apply", "armed": true, "update_index": 1568, "g_lr_before": 0.00425, "g_lr_after": 0.002125, "fires": 368, "prior_lr_before": 0.0085, "prior_lr_after": 0.00425}
{"event": "g_lr_apply", "armed": true, "update_index": 1569, "g_lr_before": 0.00425, "g_lr_after": 0.002125, "fires": 369, "prior_lr_before": 0.0085, "prior_lr_after": 0.00425}
{"event": "g_lr_apply", "armed": true, "update_index": 1570, "g_lr_before": 0.00425, "g_lr_after": 0.002125, "fires": 370, "prior_lr_before": 0.0085, "prior_lr_after": 0.00425}
{"event": "g_lr_apply", "armed": true, "update_index": 1571, "g_lr_before": 0.00425, "g_lr_after": 0.002125, "fires": 371, "prior_lr_before": 0.0085, "prior_lr_after": 0.00425}
{"event": "g_lr_apply", "armed": true, "update_index": 1572, "g_lr_before": 0.00425, "g_lr_after": 0.002125, "fires": 372, "prior_lr_before": 0.0085, "prior_lr_after": 0.00425}
{"event": "g_lr_apply", "armed": true, "update_index": 1573, "g_lr_before": 0.00425, "g_lr_after": 0.002125, "fires": 373, "prior_lr_before": 0.0085, "prior_lr_after": 0.00425}
{"event": "g_lr_apply", "armed": true, "update_index": 1574, "g_lr_before": 0.00425, "g_lr_after": 0.002125, "fires": 374, "prior_lr_before": 0.0085, "prior_lr_after": 0.00425}
{"event": "g_lr_apply", "armed": true, "update_index": 1575, "g_lr_before": 0.00425, "g_lr_after": 0.002125, "fires": 375, "prior_lr_before": 0.0085, "prior_lr_after": 0.00425}
{"event": "g_lr_apply", "armed": true, "update_index": 1576, "g_lr_before": 0.00425, "g_lr_after": 0.002125, "fires": 376, "prior_lr_before": 0.0085, "prior_lr_after": 0.00425}
{"event": "g_lr_apply", "armed": true, "update_index": 1577, "g_lr_before": 0.00425, "g_lr_after": 0.002125, "fires": 377, "prior_lr_before": 0.0085, "prior_lr_after": 0.00425}
{"event": "g_lr_apply", "armed": true, "update_index": 1578, "g_lr_before": 0.00425, "g_lr_after": 0.002125, "fires": 378, "prior_lr_before": 0.0085, "prior_lr_after": 0.00425}
{"event": "g_lr_apply", "armed": true, "update_index": 1579, "g_lr_before": 0.00425, "g_lr_after": 0.002125, "fires": 379, "prior_lr_before": 0.0085, "prior_lr_after": 0.00425}
{"event": "g_lr_apply", "armed": true, "update_index": 1580, "g_lr_before": 0.00425, "g_lr_after": 0.002125, "fires": 380, "prior_lr_before": 0.0085, "prior_lr_after": 0.00425}
{"event": "g_lr_apply", "armed": true, "update_index": 1581, "g_lr_before": 0.00425, "g_lr_after": 0.002125, "fires": 381, "prior_lr_before": 0.0085, "prior_lr_after": 0.00425}
{"event": "g_lr_apply", "armed": true, "update_index": 1582, "g_lr_before": 0.00425, "g_lr_after": 0.002125, "fires": 382, "prior_lr_before": 0.0085, "prior_lr_after": 0.00425}
{"event": "g_lr_apply", "armed": true, "update_index": 1583, "g_lr_before": 0.00425, "g_lr_after": 0.002125, "fires": 383, "prior_lr_before": 0.0085, "prior_lr_after": 0.00425}
{"event": "g_lr_apply", "armed": true, "update_index": 1584, "g_lr_before": 0.00425, "g_lr_after": 0.002125, "fires": 384, "prior_lr_before": 0.0085, "prior_lr_after": 0.00425}
{"event": "g_lr_apply", "armed": true, "update_index": 1585, "g_lr_before": 0.00425, "g_lr_after": 0.002125, "fires": 385, "prior_lr_before": 0.0085, "prior_lr_after": 0.00425}
{"event": "g_lr_apply", "armed": true, "update_index": 1586, "g_lr_before": 0.00425, "g_lr_after": 0.002125, "fires": 386, "prior_lr_before": 0.0085, "prior_lr_after": 0.00425}
{"event": "g_lr_apply", "armed": true, "update_index": 1587, "g_lr_before": 0.00425, "g_lr_after": 0.002125, "fires": 387, "prior_lr_before": 0.0085, "prior_lr_after": 0.00425}
{"event": "g_lr_apply", "armed": true, "update_index": 1588, "g_lr_before": 0.00425, "g_lr_after": 0.002125, "fires": 388, "prior_lr_before": 0.0085, "prior_lr_after": 0.00425}
{"event": "g_lr_apply", "armed": true, "update_index": 1589, "g_lr_before": 0.00425, "g_lr_after": 0.002125, "fires": 389, "prior_lr_before": 0.0085, "prior_lr_after": 0.00425}
{"event": "g_lr_apply", "armed": true, "update_index": 1590, "g_lr_before": 0.00425, "g_lr_after": 0.002125, "fires": 390, "prior_lr_before": 0.0085, "prior_lr_after": 0.00425}
{"event": "g_lr_apply", "armed": true, "update_index": 1591, "g_lr_before": 0.00425, "g_lr_after": 0.002125, "fires": 391, "prior_lr_before": 0.0085, "prior_lr_after": 0.00425}
{"event": "g_lr_apply", "armed": true, "update_index": 1592, "g_lr_before": 0.00425, "g_lr_after": 0.002125, "fires": 392, "prior_lr_before": 0.0085, "prior_lr_after": 0.00425}
{"event": "g_lr_apply", "armed": true, "update_index": 1593, "g_lr_before": 0.00425, "g_lr_after": 0.002125, "fires": 393, "prior_lr_before": 0.0085, "prior_lr_after": 0.00425}
{"event": "g_lr_apply", "armed": true, "update_index": 1594, "g_lr_before": 0.00425, "g_lr_after": 0.002125, "fires": 394, "prior_lr_before": 0.0085, "prior_lr_after": 0.00425}
{"event": "g_lr_apply", "armed": true, "update_index": 1595, "g_lr_before": 0.00425, "g_lr_after": 0.002125, "fires": 395, "prior_lr_before": 0.0085, "prior_lr_after": 0.00425}
{"event": "g_lr_apply", "armed": true, "update_index": 1596, "g_lr_before": 0.00425, "g_lr_after": 0.002125, "fires": 396, "prior_lr_before": 0.0085, "prior_lr_after": 0.00425}
{"event": "g_lr_apply", "armed": true, "update_index": 1597, "g_lr_before": 0.00425, "g_lr_after": 0.002125, "fires": 397, "prior_lr_before": 0.0085, "prior_lr_after": 0.00425}
{"event": "g_lr_apply", "armed": true, "update_index": 1598, "g_lr_before": 0.00425, "g_lr_after": 0.002125, "fires": 398, "prior_lr_before": 0.0085, "prior_lr_after": 0.00425}
{"event": "g_lr_apply", "armed": true, "update_index": 1599, "g_lr_before": 0.00425, "g_lr_after": 0.002125, "fires": 399, "prior_lr_before": 0.0085, "prior_lr_after": 0.00425}
{"event": "g_lr_apply", "armed": true, "update_index": 1600, "g_lr_before": 0.00425, "g_lr_after": 0.002125, "fires": 400, "prior_lr_before": 0.0085, "prior_lr_after": 0.00425}
{"event": "g_lr_apply", "armed": true, "update_index": 1601, "g_lr_before": 0.00425, "g_lr_after": 0.002125, "fires": 401, "prior_lr_before": 0.0085, "prior_lr_after": 0.00425}
{"event": "g_lr_apply", "armed": true, "update_index": 1602, "g_lr_before": 0.00425, "g_lr_after": 0.002125, "fires": 402, "prior_lr_before": 0.0085, "prior_lr_after": 0.00425}
{"event": "g_lr_apply", "armed": true, "update_index": 1603, "g_lr_before": 0.00425, "g_lr_after": 0.002125, "fires": 403, "prior_lr_before": 0.0085, "prior_lr_after": 0.00425}
{"event": "g_lr_apply", "armed": true, "update_index": 1604, "g_lr_before": 0.00425, "g_lr_after": 0.002125, "fires": 404, "prior_lr_before": 0.0085, "prior_lr_after": 0.00425}
{"event": "g_lr_apply", "armed": true, "update_index": 1605, "g_lr_before": 0.00425, "g_lr_after": 0.002125, "fires": 405, "prior_lr_before": 0.0085, "prior_lr_after": 0.00425}
{"event": "g_lr_apply", "armed": true, "update_index": 1606, "g_lr_before": 0.00425, "g_lr_after": 0.002125, "fires": 406, "prior_lr_before": 0.0085, "prior_lr_after": 0.00425}
{"event": "g_lr_apply", "armed": true, "update_index": 1607, "g_lr_before": 0.00425, "g_lr_after": 0.002125, "fires": 407, "prior_lr_before": 0.0085, "prior_lr_after": 0.00425}
{"event": "g_lr_apply", "armed": true, "update_index": 1608, "g_lr_before": 0.00425, "g_lr_after": 0.002125, "fires": 408, "prior_lr_before": 0.0085, "prior_lr_after": 0.00425}
{"event": "g_lr_apply", "armed": true, "update_index": 1609, "g_lr_before": 0.00425, "g_lr_after": 0.002125, "fires": 409, "prior_lr_before": 0.0085, "prior_lr_after": 0.00425}
{"event": "g_lr_apply", "armed": true, "update_index": 1610, "g_lr_before": 0.00425, "g_lr_after": 0.002125, "fires": 410, "prior_lr_before": 0.0085, "prior_lr_after": 0.00425}
{"event": "g_lr_apply", "armed": true, "update_index": 1611, "g_lr_before": 0.00425, "g_lr_after": 0.002125, "fires": 411, "prior_lr_before": 0.0085, "prior_lr_after": 0.00425}
{"event": "g_lr_apply", "armed": true, "update_index": 1612, "g_lr_before": 0.00425, "g_lr_after": 0.002125, "fires": 412, "prior_lr_before": 0.0085, "prior_lr_after": 0.00425}
{"event": "g_lr_apply", "armed": true, "update_index": 1613, "g_lr_before": 0.00425, "g_lr_after": 0.002125, "fires": 413, "prior_lr_before": 0.0085, "prior_lr_after": 0.00425}
{"event": "g_lr_apply", "armed": true, "update_index": 1614, "g_lr_before": 0.00425, "g_lr_after": 0.002125, "fires": 414, "prior_lr_before": 0.0085, "prior_lr_after": 0.00425}
{"event": "g_lr_apply", "armed": true, "update_index": 1615, "g_lr_before": 0.00425, "g_lr_after": 0.002125, "fires": 415, "prior_lr_before": 0.0085, "prior_lr_after": 0.00425}
{"event": "g_lr_apply", "armed": true, "update_index": 1616, "g_lr_before": 0.00425, "g_lr_after": 0.002125, "fires": 416, "prior_lr_before": 0.0085, "prior_lr_after": 0.00425}
{"event": "g_lr_apply", "armed": true, "update_index": 1617, "g_lr_before": 0.00425, "g_lr_after": 0.002125, "fires": 417, "prior_lr_before": 0.0085, "prior_lr_after": 0.00425}
{"event": "g_lr_apply", "armed": true, "update_index": 1618, "g_lr_before": 0.00425, "g_lr_after": 0.002125, "fires": 418, "prior_lr_before": 0.0085, "prior_lr_after": 0.00425}
{"event": "g_lr_apply", "armed": true, "update_index": 1619, "g_lr_before": 0.00425, "g_lr_after": 0.002125, "fires": 419, "prior_lr_before": 0.0085, "prior_lr_after": 0.00425}
{"event": "g_lr_apply", "armed": true, "update_index": 1620, "g_lr_before": 0.00425, "g_lr_after": 0.002125, "fires": 420, "prior_lr_before": 0.0085, "prior_lr_after": 0.00425}
{"event": "g_lr_apply", "armed": true, "update_index": 1621, "g_lr_before": 0.00425, "g_lr_after": 0.002125, "fires": 421, "prior_lr_before": 0.0085, "prior_lr_after": 0.00425}
{"event": "g_lr_apply", "armed": true, "update_index": 1622, "g_lr_before": 0.00425, "g_lr_after": 0.002125, "fires": 422, "prior_lr_before": 0.0085, "prior_lr_after": 0.00425}
{"event": "g_lr_apply", "armed": true, "update_index": 1623, "g_lr_before": 0.00425, "g_lr_after": 0.002125, "fires": 423, "prior_lr_before": 0.0085, "prior_lr_after": 0.00425}
{"event": "g_lr_apply", "armed": true, "update_index": 1624, "g_lr_before": 0.00425, "g_lr_after": 0.002125, "fires": 424, "prior_lr_before": 0.0085, "prior_lr_after": 0.00425}
{"event": "g_lr_apply", "armed": true, "update_index": 1625, "g_lr_before": 0.00425, "g_lr_after": 0.002125, "fires": 425, "prior_lr_before": 0.0085, "prior_lr_after": 0.00425}
{"event": "g_lr_apply", "armed": true, "update_index": 1626, "g_lr_before": 0.00425, "g_lr_after": 0.002125, "fires": 426, "prior_lr_before": 0.0085, "prior_lr_after": 0.00425}
{"event": "g_lr_apply", "armed": true, "update_index": 1627, "g_lr_before": 0.00425, "g_lr_after": 0.002125, "fires": 427, "prior_lr_before": 0.0085, "prior_lr_after": 0.00425}
{"event": "g_lr_apply", "armed": true, "update_index": 1628, "g_lr_before": 0.00425, "g_lr_after": 0.002125, "fires": 428, "prior_lr_before": 0.0085, "prior_lr_after": 0.00425}
{"event": "g_lr_apply", "armed": true, "update_index": 1629, "g_lr_before": 0.00425, "g_lr_after": 0.002125, "fires": 429, "prior_lr_before": 0.0085, "prior_lr_after": 0.00425}
{"event": "g_lr_apply", "armed": true, "update_index": 1630, "g_lr_before": 0.00425, "g_lr_after": 0.002125, "fires": 430, "prior_lr_before": 0.0085, "prior_lr_after": 0.00425}
{"event": "g_lr_apply", "armed": true, "update_index": 1631, "g_lr_before": 0.00425, "g_lr_after": 0.002125, "fires": 431, "prior_lr_before": 0.0085, "prior_lr_after": 0.00425}
{"event": "g_lr_apply", "armed": true, "update_index": 1632, "g_lr_before": 0.00425, "g_lr_after": 0.002125, "fires": 432, "prior_lr_before": 0.0085, "prior_lr_after": 0.00425}
{"event": "g_lr_apply", "armed": true, "update_index": 1633, "g_lr_before": 0.00425, "g_lr_after": 0.002125, "fires": 433, "prior_lr_before": 0.0085, "prior_lr_after": 0.00425}
{"event": "g_lr_apply", "armed": true, "update_index": 1634, "g_lr_before": 0.00425, "g_lr_after": 0.002125, "fires": 434, "prior_lr_before": 0.0085, "prior_lr_after": 0.00425}
{"event": "g_lr_apply", "armed": true, "update_index": 1635, "g_lr_before": 0.00425, "g_lr_after": 0.002125, "fires": 435, "prior_lr_before": 0.0085, "prior_lr_after": 0.00425}
{"event": "g_lr_apply", "armed": true, "update_index": 1636, "g_lr_before": 0.00425, "g_lr_after": 0.002125, "fires": 436, "prior_lr_before": 0.0085, "prior_lr_after": 0.00425}
{"event": "g_lr_apply", "armed": true, "update_index": 1637, "g_lr_before": 0.00425, "g_lr_after": 0.002125, "fires": 437, "prior_lr_before": 0.0085, "prior_lr_after": 0.00425}
{"event": "g_lr_apply", "armed": true, "update_index": 1638, "g_lr_before": 0.00425, "g_lr_after": 0.002125, "fires": 438, "prior_lr_before": 0.0085, "prior_lr_after": 0.00425}
{"event": "g_lr_apply", "armed": true, "update_index": 1639, "g_lr_before": 0.00425, "g_lr_after": 0.002125, "fires": 439, "prior_lr_before": 0.0085, "prior_lr_after": 0.00425}
{"event": "g_lr_apply", "armed": true, "update_index": 1640, "g_lr_before": 0.00425, "g_lr_after": 0.002125, "fires": 440, "prior_lr_before": 0.0085, "prior_lr_after": 0.00425}
{"event": "g_lr_apply", "armed": true, "update_index": 1641, "g_lr_before": 0.00425, "g_lr_after": 0.002125, "fires": 441, "prior_lr_before": 0.0085, "prior_lr_after": 0.00425}
{"event": "g_lr_apply", "armed": true, "update_index": 1642, "g_lr_before": 0.00425, "g_lr_after": 0.002125, "fires": 442, "prior_lr_before": 0.0085, "prior_lr_after": 0.00425}
{"event": "g_lr_apply", "armed": true, "update_index": 1643, "g_lr_before": 0.00425, "g_lr_after": 0.002125, "fires": 443, "prior_lr_before": 0.0085, "prior_lr_after": 0.00425}
{"event": "g_lr_apply", "armed": true, "update_index": 1644, "g_lr_before": 0.00425, "g_lr_after": 0.002125, "fires": 444, "prior_lr_before": 0.0085, "prior_lr_after": 0.00425}
{"event": "g_lr_apply", "armed": true, "update_index": 1645, "g_lr_before": 0.00425, "g_lr_after": 0.002125, "fires": 445, "prior_lr_before": 0.0085, "prior_lr_after": 0.00425}
{"event": "g_lr_apply", "armed": true, "update_index": 1646, "g_lr_before": 0.00425, "g_lr_after": 0.002125, "fires": 446, "prior_lr_before": 0.0085, "prior_lr_after": 0.00425}
{"event": "g_lr_apply", "armed": true, "update_index": 1647, "g_lr_before": 0.00425, "g_lr_after": 0.002125, "fires": 447, "prior_lr_before": 0.0085, "prior_lr_after": 0.00425}
{"event": "g_lr_apply", "armed": true, "update_index": 1648, "g_lr_before": 0.00425, "g_lr_after": 0.002125, "fires": 448, "prior_lr_before": 0.0085, "prior_lr_after": 0.00425}
{"event": "g_lr_apply", "armed": true, "update_index": 1649, "g_lr_before": 0.00425, "g_lr_after": 0.002125, "fires": 449, "prior_lr_before": 0.0085, "prior_lr_after": 0.00425}
{"event": "g_lr_apply", "armed": true, "update_index": 1650, "g_lr_before": 0.00425, "g_lr_after": 0.002125, "fires": 450, "prior_lr_before": 0.0085, "prior_lr_after": 0.00425}
{"event": "g_lr_apply", "armed": true, "update_index": 1651, "g_lr_before": 0.00425, "g_lr_after": 0.002125, "fires": 451, "prior_lr_before": 0.0085, "prior_lr_after": 0.00425}
{"event": "g_lr_apply", "armed": true, "update_index": 1652, "g_lr_before": 0.00425, "g_lr_after": 0.002125, "fires": 452, "prior_lr_before": 0.0085, "prior_lr_after": 0.00425}
{"event": "g_lr_apply", "armed": true, "update_index": 1653, "g_lr_before": 0.00425, "g_lr_after": 0.002125, "fires": 453, "prior_lr_before": 0.0085, "prior_lr_after": 0.00425}
{"event": "g_lr_apply", "armed": true, "update_index": 1654, "g_lr_before": 0.00425, "g_lr_after": 0.002125, "fires": 454, "prior_lr_before": 0.0085, "prior_lr_after": 0.00425}
{"event": "g_lr_apply", "armed": true, "update_index": 1655, "g_lr_before": 0.00425, "g_lr_after": 0.002125, "fires": 455, "prior_lr_before": 0.0085, "prior_lr_after": 0.00425}
{"event": "g_lr_apply", "armed": true, "update_index": 1656, "g_lr_before": 0.00425, "g_lr_after": 0.002125, "fires": 456, "prior_lr_before": 0.0085, "prior_lr_after": 0.00425}
{"event": "g_lr_apply", "armed": true, "update_index": 1657, "g_lr_before": 0.00425, "g_lr_after": 0.002125, "fires": 457, "prior_lr_before": 0.0085, "prior_lr_after": 0.00425}
{"event": "g_lr_apply", "armed": true, "update_index": 1658, "g_lr_before": 0.00425, "g_lr_after": 0.002125, "fires": 458, "prior_lr_before": 0.0085, "prior_lr_after": 0.00425}
{"event": "g_lr_apply", "armed": true, "update_index": 1659, "g_lr_before": 0.00425, "g_lr_after": 0.002125, "fires": 459, "prior_lr_before": 0.0085, "prior_lr_after": 0.00425}
{"event": "g_lr_apply", "armed": true, "update_index": 1660, "g_lr_before": 0.00425, "g_lr_after": 0.002125, "fires": 460, "prior_lr_before": 0.0085, "prior_lr_after": 0.00425}
{"event": "g_lr_apply", "armed": true, "update_index": 1661, "g_lr_before": 0.00425, "g_lr_after": 0.002125, "fires": 461, "prior_lr_before": 0.0085, "prior_lr_after": 0.00425}
{"event": "g_lr_apply", "armed": true, "update_index": 1662, "g_lr_before": 0.00425, "g_lr_after": 0.002125, "fires": 462, "prior_lr_before": 0.0085, "prior_lr_after": 0.00425}
{"event": "g_lr_apply", "armed": true, "update_index": 1663, "g_lr_before": 0.00425, "g_lr_after": 0.002125, "fires": 463, "prior_lr_before": 0.0085, "prior_lr_after": 0.00425}
{"event": "g_lr_apply", "armed": true, "update_index": 1664, "g_lr_before": 0.00425, "g_lr_after": 0.002125, "fires": 464, "prior_lr_before": 0.0085, "prior_lr_after": 0.00425}
{"event": "g_lr_apply", "armed": true, "update_index": 1665, "g_lr_before": 0.00425, "g_lr_after": 0.002125, "fires": 465, "prior_lr_before": 0.0085, "prior_lr_after": 0.00425}
{"event": "g_lr_apply", "armed": true, "update_index": 1666, "g_lr_before": 0.00425, "g_lr_after": 0.002125, "fires": 466, "prior_lr_before": 0.0085, "prior_lr_after": 0.00425}
{"event": "g_lr_apply", "armed": true, "update_index": 1667, "g_lr_before": 0.00425, "g_lr_after": 0.002125, "fires": 467, "prior_lr_before": 0.0085, "prior_lr_after": 0.00425}
{"event": "g_lr_apply", "armed": true, "update_index": 1668, "g_lr_before": 0.00425, "g_lr_after": 0.002125, "fires": 468, "prior_lr_before": 0.0085, "prior_lr_after": 0.00425}
{"event": "g_lr_apply", "armed": true, "update_index": 1669, "g_lr_before": 0.00425, "g_lr_after": 0.002125, "fires": 469, "prior_lr_before": 0.0085, "prior_lr_after": 0.00425}
{"event": "g_lr_apply", "armed": true, "update_index": 1670, "g_lr_before": 0.00425, "g_lr_after": 0.002125, "fires": 470, "prior_lr_before": 0.0085, "prior_lr_after": 0.00425}
{"event": "g_lr_apply", "armed": true, "update_index": 1671, "g_lr_before": 0.00425, "g_lr_after": 0.002125, "fires": 471, "prior_lr_before": 0.0085, "prior_lr_after": 0.00425}
{"event": "g_lr_apply", "armed": true, "update_index": 1672, "g_lr_before": 0.00425, "g_lr_after": 0.002125, "fires": 472, "prior_lr_before": 0.0085, "prior_lr_after": 0.00425}
{"event": "g_lr_apply", "armed": true, "update_index": 1673, "g_lr_before": 0.00425, "g_lr_after": 0.002125, "fires": 473, "prior_lr_before": 0.0085, "prior_lr_after": 0.00425}
{"event": "g_lr_apply", "armed": true, "update_index": 1674, "g_lr_before": 0.00425, "g_lr_after": 0.002125, "fires": 474, "prior_lr_before": 0.0085, "prior_lr_after": 0.00425}
{"event": "g_lr_apply", "armed": true, "update_index": 1675, "g_lr_before": 0.00425, "g_lr_after": 0.002125, "fires": 475, "prior_lr_before": 0.0085, "prior_lr_after": 0.00425}
{"event": "g_lr_apply", "armed": true, "update_index": 1676, "g_lr_before": 0.00425, "g_lr_after": 0.002125, "fires": 476, "prior_lr_before": 0.0085, "prior_lr_after": 0.00425}
{"event": "g_lr_apply", "armed": true, "update_index": 1677, "g_lr_before": 0.00425, "g_lr_after": 0.002125, "fires": 477, "prior_lr_before": 0.0085, "prior_lr_after": 0.00425}
{"event": "g_lr_apply", "armed": true, "update_index": 1678, "g_lr_before": 0.00425, "g_lr_after": 0.002125, "fires": 478, "prior_lr_before": 0.0085, "prior_lr_after": 0.00425}
{"event": "g_lr_apply", "armed": true, "update_index": 1679, "g_lr_before": 0.00425, "g_lr_after": 0.002125, "fires": 479, "prior_lr_before": 0.0085, "prior_lr_after": 0.00425}
{"event": "g_lr_apply", "armed": true, "update_index": 1680, "g_lr_before": 0.00425, "g_lr_after": 0.002125, "fires": 480, "prior_lr_before": 0.0085, "prior_lr_after": 0.00425}
{"event": "g_lr_apply", "armed": true, "update_index": 1681, "g_lr_before": 0.00425, "g_lr_after": 0.002125, "fires": 481, "prior_lr_before": 0.0085, "prior_lr_after": 0.00425}
{"event": "g_lr_apply", "armed": true, "update_index": 1682, "g_lr_before": 0.00425, "g_lr_after": 0.002125, "fires": 482, "prior_lr_before": 0.0085, "prior_lr_after": 0.00425}
{"event": "g_lr_apply", "armed": true, "update_index": 1683, "g_lr_before": 0.00425, "g_lr_after": 0.002125, "fires": 483, "prior_lr_before": 0.0085, "prior_lr_after": 0.00425}
{"event": "g_lr_apply", "armed": true, "update_index": 1684, "g_lr_before": 0.00425, "g_lr_after": 0.002125, "fires": 484, "prior_lr_before": 0.0085, "prior_lr_after": 0.00425}
{"event": "g_lr_apply", "armed": true, "update_index": 1685, "g_lr_before": 0.00425, "g_lr_after": 0.002125, "fires": 485, "prior_lr_before": 0.0085, "prior_lr_after": 0.00425}
{"event": "g_lr_apply", "armed": true, "update_index": 1686, "g_lr_before": 0.00425, "g_lr_after": 0.002125, "fires": 486, "prior_lr_before": 0.0085, "prior_lr_after": 0.00425}
{"event": "g_lr_apply", "armed": true, "update_index": 1687, "g_lr_before": 0.00425, "g_lr_after": 0.002125, "fires": 487, "prior_lr_before": 0.0085, "prior_lr_after": 0.00425}
{"event": "g_lr_apply", "armed": true, "update_index": 1688, "g_lr_before": 0.00425, "g_lr_after": 0.002125, "fires": 488, "prior_lr_before": 0.0085, "prior_lr_after": 0.00425}
{"event": "g_lr_apply", "armed": true, "update_index": 1689, "g_lr_before": 0.00425, "g_lr_after": 0.002125, "fires": 489, "prior_lr_before": 0.0085, "prior_lr_after": 0.00425}
{"event": "g_lr_apply", "armed": true, "update_index": 1690, "g_lr_before": 0.00425, "g_lr_after": 0.002125, "fires": 490, "prior_lr_before": 0.0085, "prior_lr_after": 0.00425}
{"event": "g_lr_apply", "armed": true, "update_index": 1691, "g_lr_before": 0.00425, "g_lr_after": 0.002125, "fires": 491, "prior_lr_before": 0.0085, "prior_lr_after": 0.00425}
{"event": "g_lr_apply", "armed": true, "update_index": 1692, "g_lr_before": 0.00425, "g_lr_after": 0.002125, "fires": 492, "prior_lr_before": 0.0085, "prior_lr_after": 0.00425}
{"event": "g_lr_apply", "armed": true, "update_index": 1693, "g_lr_before": 0.00425, "g_lr_after": 0.002125, "fires": 493, "prior_lr_before": 0.0085, "prior_lr_after": 0.00425}
{"event": "g_lr_apply", "armed": true, "update_index": 1694, "g_lr_before": 0.00425, "g_lr_after": 0.002125, "fires": 494, "prior_lr_before": 0.0085, "prior_lr_after": 0.00425}
{"event": "g_lr_apply", "armed": true, "update_index": 1695, "g_lr_before": 0.00425, "g_lr_after": 0.002125, "fires": 495, "prior_lr_before": 0.0085, "prior_lr_after": 0.00425}
{"event": "g_lr_apply", "armed": true, "update_index": 1696, "g_lr_before": 0.00425, "g_lr_after": 0.002125, "fires": 496, "prior_lr_before": 0.0085, "prior_lr_after": 0.00425}
{"event": "g_lr_apply", "armed": true, "update_index": 1697, "g_lr_before": 0.00425, "g_lr_after": 0.002125, "fires": 497, "prior_lr_before": 0.0085, "prior_lr_after": 0.00425}
{"event": "g_lr_apply", "armed": true, "update_index": 1698, "g_lr_before": 0.00425, "g_lr_after": 0.002125, "fires": 498, "prior_lr_before": 0.0085, "prior_lr_after": 0.00425}
{"event": "g_lr_apply", "armed": true, "update_index": 1699, "g_lr_before": 0.00425, "g_lr_after": 0.002125, "fires": 499, "prior_lr_before": 0.0085, "prior_lr_after": 0.00425}
{"event": "g_lr_apply", "armed": true, "update_index": 1700, "g_lr_before": 0.00425, "g_lr_after": 0.002125, "fires": 500, "prior_lr_before": 0.0085, "prior_lr_after": 0.00425}
{"event": "g_lr_apply", "armed": true, "update_index": 1701, "g_lr_before": 0.00425, "g_lr_after": 0.002125, "fires": 501, "prior_lr_before": 0.0085, "prior_lr_after": 0.00425}
{"event": "g_lr_apply", "armed": true, "update_index": 1702, "g_lr_before": 0.00425, "g_lr_after": 0.002125, "fires": 502, "prior_lr_before": 0.0085, "prior_lr_after": 0.00425}
{"event": "g_lr_apply", "armed": true, "update_index": 1703, "g_lr_before": 0.00425, "g_lr_after": 0.002125, "fires": 503, "prior_lr_before": 0.0085, "prior_lr_after": 0.00425}
{"event": "g_lr_apply", "armed": true, "update_index": 1704, "g_lr_before": 0.00425, "g_lr_after": 0.002125, "fires": 504, "prior_lr_before": 0.0085, "prior_lr_after": 0.00425}
{"event": "g_lr_apply", "armed": true, "update_index": 1705, "g_lr_before": 0.00425, "g_lr_after": 0.002125, "fires": 505, "prior_lr_before": 0.0085, "prior_lr_after": 0.00425}
{"event": "g_lr_apply", "armed": true, "update_index": 1706, "g_lr_before": 0.00425, "g_lr_after": 0.002125, "fires": 506, "prior_lr_before": 0.0085, "prior_lr_after": 0.00425}
{"event": "g_lr_apply", "armed": true, "update_index": 1707, "g_lr_before": 0.00425, "g_lr_after": 0.002125, "fires": 507, "prior_lr_before": 0.0085, "prior_lr_after": 0.00425}
{"event": "g_lr_apply", "armed": true, "update_index": 1708, "g_lr_before": 0.00425, "g_lr_after": 0.002125, "fires": 508, "prior_lr_before": 0.0085, "prior_lr_after": 0.00425}
{"event": "g_lr_apply", "armed": true, "update_index": 1709, "g_lr_before": 0.00425, "g_lr_after": 0.002125, "fires": 509, "prior_lr_before": 0.0085, "prior_lr_after": 0.00425}
{"event": "g_lr_apply", "armed": true, "update_index": 1710, "g_lr_before": 0.00425, "g_lr_after": 0.002125, "fires": 510, "prior_lr_before": 0.0085, "prior_lr_after": 0.00425}
{"event": "g_lr_apply", "armed": true, "update_index": 1711, "g_lr_before": 0.00425, "g_lr_after": 0.002125, "fires": 511, "prior_lr_before": 0.0085, "prior_lr_after": 0.00425}
{"event": "g_lr_apply", "armed": true, "update_index": 1712, "g_lr_before": 0.00425, "g_lr_after": 0.002125, "fires": 512, "prior_lr_before": 0.0085, "prior_lr_after": 0.00425}
{"event": "g_lr_apply", "armed": true, "update_index": 1713, "g_lr_before": 0.00425, "g_lr_after": 0.002125, "fires": 513, "prior_lr_before": 0.0085, "prior_lr_after": 0.00425}
{"event": "g_lr_apply", "armed": true, "update_index": 1714, "g_lr_before": 0.00425, "g_lr_after": 0.002125, "fires": 514, "prior_lr_before": 0.0085, "prior_lr_after": 0.00425}
{"event": "g_lr_apply", "armed": true, "update_index": 1715, "g_lr_before": 0.00425, "g_lr_after": 0.002125, "fires": 515, "prior_lr_before": 0.0085, "prior_lr_after": 0.00425}
{"event": "g_lr_apply", "armed": true, "update_index": 1716, "g_lr_before": 0.00425, "g_lr_after": 0.002125, "fires": 516, "prior_lr_before": 0.0085, "prior_lr_after": 0.00425}
{"event": "g_lr_apply", "armed": true, "update_index": 1717, "g_lr_before": 0.00425, "g_lr_after": 0.002125, "fires": 517, "prior_lr_before": 0.0085, "prior_lr_after": 0.00425}
{"event": "g_lr_apply", "armed": true, "update_index": 1718, "g_lr_before": 0.00425, "g_lr_after": 0.002125, "fires": 518, "prior_lr_before": 0.0085, "prior_lr_after": 0.00425}
{"event": "g_lr_apply", "armed": true, "update_index": 1719, "g_lr_before": 0.00425, "g_lr_after": 0.002125, "fires": 519, "prior_lr_before": 0.0085, "prior_lr_after": 0.00425}
{"event": "g_lr_apply", "armed": true, "update_index": 1720, "g_lr_before": 0.00425, "g_lr_after": 0.002125, "fires": 520, "prior_lr_before": 0.0085, "prior_lr_after": 0.00425}
{"event": "g_lr_apply", "armed": true, "update_index": 1721, "g_lr_before": 0.00425, "g_lr_after": 0.002125, "fires": 521, "prior_lr_before": 0.0085, "prior_lr_after": 0.00425}
{"event": "g_lr_apply", "armed": true, "update_index": 1722, "g_lr_before": 0.00425, "g_lr_after": 0.002125, "fires": 522, "prior_lr_before": 0.0085, "prior_lr_after": 0.00425}
{"event": "g_lr_apply", "armed": true, "update_index": 1723, "g_lr_before": 0.00425, "g_lr_after": 0.002125, "fires": 523, "prior_lr_before": 0.0085, "prior_lr_after": 0.00425}
{"event": "g_lr_apply", "armed": true, "update_index": 1724, "g_lr_before": 0.00425, "g_lr_after": 0.002125, "fires": 524, "prior_lr_before": 0.0085, "prior_lr_after": 0.00425}
{"event": "g_lr_apply", "armed": true, "update_index": 1725, "g_lr_before": 0.00425, "g_lr_after": 0.002125, "fires": 525, "prior_lr_before": 0.0085, "prior_lr_after": 0.00425}
{"event": "g_lr_apply", "armed": true, "update_index": 1726, "g_lr_before": 0.00425, "g_lr_after": 0.002125, "fires": 526, "prior_lr_before": 0.0085, "prior_lr_after": 0.00425}
{"event": "g_lr_apply", "armed": true, "update_index": 1727, "g_lr_before": 0.00425, "g_lr_after": 0.002125, "fires": 527, "prior_lr_before": 0.0085, "prior_lr_after": 0.00425}
{"event": "g_lr_apply", "armed": true, "update_index": 1728, "g_lr_before": 0.00425, "g_lr_after": 0.002125, "fires": 528, "prior_lr_before": 0.0085, "prior_lr_after": 0.00425}
{"event": "g_lr_apply", "armed": true, "update_index": 1729, "g_lr_before": 0.00425, "g_lr_after": 0.002125, "fires": 529, "prior_lr_before": 0.0085, "prior_lr_after": 0.00425}
{"event": "g_lr_apply", "armed": true, "update_index": 1730, "g_lr_before": 0.00425, "g_lr_after": 0.002125, "fires": 530, "prior_lr_before": 0.0085, "prior_lr_after": 0.00425}
{"event": "g_lr_apply", "armed": true, "update_index": 1731, "g_lr_before": 0.00425, "g_lr_after": 0.002125, "fires": 531, "prior_lr_before": 0.0085, "prior_lr_after": 0.00425}
{"event": "g_lr_apply", "armed": true, "update_index": 1732, "g_lr_before": 0.00425, "g_lr_after": 0.002125, "fires": 532, "prior_lr_before": 0.0085, "prior_lr_after": 0.00425}
{"event": "g_lr_apply", "armed": true, "update_index": 1733, "g_lr_before": 0.00425, "g_lr_after": 0.002125, "fires": 533, "prior_lr_before": 0.0085, "prior_lr_after": 0.00425}
{"event": "g_lr_apply", "armed": true, "update_index": 1734, "g_lr_before": 0.00425, "g_lr_after": 0.002125, "fires": 534, "prior_lr_before": 0.0085, "prior_lr_after": 0.00425}
{"event": "g_lr_apply", "armed": true, "update_index": 1735, "g_lr_before": 0.00425, "g_lr_after": 0.002125, "fires": 535, "prior_lr_before": 0.0085, "prior_lr_after": 0.00425}
{"event": "g_lr_apply", "armed": true, "update_index": 1736, "g_lr_before": 0.00425, "g_lr_after": 0.002125, "fires": 536, "prior_lr_before": 0.0085, "prior_lr_after": 0.00425}
{"event": "g_lr_apply", "armed": true, "update_index": 1737, "g_lr_before": 0.00425, "g_lr_after": 0.002125, "fires": 537, "prior_lr_before": 0.0085, "prior_lr_after": 0.00425}
{"event": "g_lr_apply", "armed": true, "update_index": 1738, "g_lr_before": 0.00425, "g_lr_after": 0.002125, "fires": 538, "prior_lr_before": 0.0085, "prior_lr_after": 0.00425}
{"event": "g_lr_apply", "armed": true, "update_index": 1739, "g_lr_before": 0.00425, "g_lr_after": 0.002125, "fires": 539, "prior_lr_before": 0.0085, "prior_lr_after": 0.00425}
{"event": "g_lr_apply", "armed": true, "update_index": 1740, "g_lr_before": 0.00425, "g_lr_after": 0.002125, "fires": 540, "prior_lr_before": 0.0085, "prior_lr_after": 0.00425}
{"event": "g_lr_apply", "armed": true, "update_index": 1741, "g_lr_before": 0.00425, "g_lr_after": 0.002125, "fires": 541, "prior_lr_before": 0.0085, "prior_lr_after": 0.00425}
{"event": "g_lr_apply", "armed": true, "update_index": 1742, "g_lr_before": 0.00425, "g_lr_after": 0.002125, "fires": 542, "prior_lr_before": 0.0085, "prior_lr_after": 0.00425}
{"event": "g_lr_apply", "armed": true, "update_index": 1743, "g_lr_before": 0.00425, "g_lr_after": 0.002125, "fires": 543, "prior_lr_before": 0.0085, "prior_lr_after": 0.00425}
{"event": "g_lr_apply", "armed": true, "update_index": 1744, "g_lr_before": 0.00425, "g_lr_after": 0.002125, "fires": 544, "prior_lr_before": 0.0085, "prior_lr_after": 0.00425}
{"event": "g_lr_apply", "armed": true, "update_index": 1745, "g_lr_before": 0.00425, "g_lr_after": 0.002125, "fires": 545, "prior_lr_before": 0.0085, "prior_lr_after": 0.00425}
{"event": "g_lr_apply", "armed": true, "update_index": 1746, "g_lr_before": 0.00425, "g_lr_after": 0.002125, "fires": 546, "prior_lr_before": 0.0085, "prior_lr_after": 0.00425}
{"event": "g_lr_apply", "armed": true, "update_index": 1747, "g_lr_before": 0.00425, "g_lr_after": 0.002125, "fires": 547, "prior_lr_before": 0.0085, "prior_lr_after": 0.00425}
{"event": "g_lr_apply", "armed": true, "update_index": 1748, "g_lr_before": 0.00425, "g_lr_after": 0.002125, "fires": 548, "prior_lr_before": 0.0085, "prior_lr_after": 0.00425}
{"event": "g_lr_apply", "armed": true, "update_index": 1749, "g_lr_before": 0.00425, "g_lr_after": 0.002125, "fires": 549, "prior_lr_before": 0.0085, "prior_lr_after": 0.00425}
{"event": "g_lr_apply", "armed": true, "update_index": 1750, "g_lr_before": 0.00425, "g_lr_after": 0.002125, "fires": 550, "prior_lr_before": 0.0085, "prior_lr_after": 0.00425}
{"event": "g_lr_apply", "armed": true, "update_index": 1751, "g_lr_before": 0.00425, "g_lr_after": 0.002125, "fires": 551, "prior_lr_before": 0.0085, "prior_lr_after": 0.00425}
{"event": "g_lr_apply", "armed": true, "update_index": 1752, "g_lr_before": 0.00425, "g_lr_after": 0.002125, "fires": 552, "prior_lr_before": 0.0085, "prior_lr_after": 0.00425}
{"event": "g_lr_apply", "armed": true, "update_index": 1753, "g_lr_before": 0.00425, "g_lr_after": 0.002125, "fires": 553, "prior_lr_before": 0.0085, "prior_lr_after": 0.00425}
{"event": "g_lr_apply", "armed": true, "update_index": 1754, "g_lr_before": 0.00425, "g_lr_after": 0.002125, "fires": 554, "prior_lr_before": 0.0085, "prior_lr_after": 0.00425}
{"event": "g_lr_apply", "armed": true, "update_index": 1755, "g_lr_before": 0.00425, "g_lr_after": 0.002125, "fires": 555, "prior_lr_before": 0.0085, "prior_lr_after": 0.00425}
{"event": "g_lr_apply", "armed": true, "update_index": 1756, "g_lr_before": 0.00425, "g_lr_after": 0.002125, "fires": 556, "prior_lr_before": 0.0085, "prior_lr_after": 0.00425}
{"event": "g_lr_apply", "armed": true, "update_index": 1757, "g_lr_before": 0.00425, "g_lr_after": 0.002125, "fires": 557, "prior_lr_before": 0.0085, "prior_lr_after": 0.00425}
{"event": "g_lr_apply", "armed": true, "update_index": 1758, "g_lr_before": 0.00425, "g_lr_after": 0.002125, "fires": 558, "prior_lr_before": 0.0085, "prior_lr_after": 0.00425}
{"event": "g_lr_apply", "armed": true, "update_index": 1759, "g_lr_before": 0.00425, "g_lr_after": 0.002125, "fires": 559, "prior_lr_before": 0.0085, "prior_lr_after": 0.00425}
{"event": "g_lr_apply", "armed": true, "update_index": 1760, "g_lr_before": 0.00425, "g_lr_after": 0.002125, "fires": 560, "prior_lr_before": 0.0085, "prior_lr_after": 0.00425}
{"event": "g_lr_apply", "armed": true, "update_index": 1761, "g_lr_before": 0.00425, "g_lr_after": 0.002125, "fires": 561, "prior_lr_before": 0.0085, "prior_lr_after": 0.00425}
{"event": "g_lr_apply", "armed": true, "update_index": 1762, "g_lr_before": 0.00425, "g_lr_after": 0.002125, "fires": 562, "prior_lr_before": 0.0085, "prior_lr_after": 0.00425}
{"event": "g_lr_apply", "armed": true, "update_index": 1763, "g_lr_before": 0.00425, "g_lr_after": 0.002125, "fires": 563, "prior_lr_before": 0.0085, "prior_lr_after": 0.00425}
{"event": "g_lr_apply", "armed": true, "update_index": 1764, "g_lr_before": 0.00425, "g_lr_after": 0.002125, "fires": 564, "prior_lr_before": 0.0085, "prior_lr_after": 0.00425}
{"event": "g_lr_apply", "armed": true, "update_index": 1765, "g_lr_before": 0.00425, "g_lr_after": 0.002125, "fires": 565, "prior_lr_before": 0.0085, "prior_lr_after": 0.00425}
{"event": "g_lr_apply", "armed": true, "update_index": 1766, "g_lr_before": 0.00425, "g_lr_after": 0.002125, "fires": 566, "prior_lr_before": 0.0085, "prior_lr_after": 0.00425}
{"event": "g_lr_apply", "armed": true, "update_index": 1767, "g_lr_before": 0.00425, "g_lr_after": 0.002125, "fires": 567, "prior_lr_before": 0.0085, "prior_lr_after": 0.00425}
{"event": "g_lr_apply", "armed": true, "update_index": 1768, "g_lr_before": 0.00425, "g_lr_after": 0.002125, "fires": 568, "prior_lr_before": 0.0085, "prior_lr_after": 0.00425}
{"event": "g_lr_apply", "armed": true, "update_index": 1769, "g_lr_before": 0.00425, "g_lr_after": 0.002125, "fires": 569, "prior_lr_before": 0.0085, "prior_lr_after": 0.00425}
{"event": "g_lr_apply", "armed": true, "update_index": 1770, "g_lr_before": 0.00425, "g_lr_after": 0.002125, "fires": 570, "prior_lr_before": 0.0085, "prior_lr_after": 0.00425}
{"event": "g_lr_apply", "armed": true, "update_index": 1771, "g_lr_before": 0.00425, "g_lr_after": 0.002125, "fires": 571, "prior_lr_before": 0.0085, "prior_lr_after": 0.00425}
{"event": "g_lr_apply", "armed": true, "update_index": 1772, "g_lr_before": 0.00425, "g_lr_after": 0.002125, "fires": 572, "prior_lr_before": 0.0085, "prior_lr_after": 0.00425}
{"event": "g_lr_apply", "armed": true, "update_index": 1773, "g_lr_before": 0.00425, "g_lr_after": 0.002125, "fires": 573, "prior_lr_before": 0.0085, "prior_lr_after": 0.00425}
{"event": "g_lr_apply", "armed": true, "update_index": 1774, "g_lr_before": 0.00425, "g_lr_after": 0.002125, "fires": 574, "prior_lr_before": 0.0085, "prior_lr_after": 0.00425}
{"event": "g_lr_apply", "armed": true, "update_index": 1775, "g_lr_before": 0.00425, "g_lr_after": 0.002125, "fires": 575, "prior_lr_before": 0.0085, "prior_lr_after": 0.00425}
{"event": "g_lr_apply", "armed": true, "update_index": 1776, "g_lr_before": 0.00425, "g_lr_after": 0.002125, "fires": 576, "prior_lr_before": 0.0085, "prior_lr_after": 0.00425}
{"event": "g_lr_apply", "armed": true, "update_index": 1777, "g_lr_before": 0.00425, "g_lr_after": 0.002125, "fires": 577, "prior_lr_before": 0.0085, "prior_lr_after": 0.00425}
{"event": "g_lr_apply", "armed": true, "update_index": 1778, "g_lr_before": 0.00425, "g_lr_after": 0.002125, "fires": 578, "prior_lr_before": 0.0085, "prior_lr_after": 0.00425}
{"event": "g_lr_apply", "armed": true, "update_index": 1779, "g_lr_before": 0.00425, "g_lr_after": 0.002125, "fires": 579, "prior_lr_before": 0.0085, "prior_lr_after": 0.00425}
{"event": "g_lr_apply", "armed": true, "update_index": 1780, "g_lr_before": 0.00425, "g_lr_after": 0.002125, "fires": 580, "prior_lr_before": 0.0085, "prior_lr_after": 0.00425}
{"event": "g_lr_apply", "armed": true, "update_index": 1781, "g_lr_before": 0.00425, "g_lr_after": 0.002125, "fires": 581, "prior_lr_before": 0.0085, "prior_lr_after": 0.00425}
{"event": "g_lr_apply", "armed": true, "update_index": 1782, "g_lr_before": 0.00425, "g_lr_after": 0.002125, "fires": 582, "prior_lr_before": 0.0085, "prior_lr_after": 0.00425}
{"event": "g_lr_apply", "armed": true, "update_index": 1783, "g_lr_before": 0.00425, "g_lr_after": 0.002125, "fires": 583, "prior_lr_before": 0.0085, "prior_lr_after": 0.00425}
{"event": "g_lr_apply", "armed": true, "update_index": 1784, "g_lr_before": 0.00425, "g_lr_after": 0.002125, "fires": 584, "prior_lr_before": 0.0085, "prior_lr_after": 0.00425}
{"event": "g_lr_apply", "armed": true, "update_index": 1785, "g_lr_before": 0.00425, "g_lr_after": 0.002125, "fires": 585, "prior_lr_before": 0.0085, "prior_lr_after": 0.00425}
{"event": "g_lr_apply", "armed": true, "update_index": 1786, "g_lr_before": 0.00425, "g_lr_after": 0.002125, "fires": 586, "prior_lr_before": 0.0085, "prior_lr_after": 0.00425}
{"event": "g_lr_apply", "armed": true, "update_index": 1787, "g_lr_before": 0.00425, "g_lr_after": 0.002125, "fires": 587, "prior_lr_before": 0.0085, "prior_lr_after": 0.00425}
{"event": "g_lr_apply", "armed": true, "update_index": 1788, "g_lr_before": 0.00425, "g_lr_after": 0.002125, "fires": 588, "prior_lr_before": 0.0085, "prior_lr_after": 0.00425}
{"event": "g_lr_apply", "armed": true, "update_index": 1789, "g_lr_before": 0.00425, "g_lr_after": 0.002125, "fires": 589, "prior_lr_before": 0.0085, "prior_lr_after": 0.00425}
{"event": "g_lr_apply", "armed": true, "update_index": 1790, "g_lr_before": 0.00425, "g_lr_after": 0.002125, "fires": 590, "prior_lr_before": 0.0085, "prior_lr_after": 0.00425}
{"event": "g_lr_apply", "armed": true, "update_index": 1791, "g_lr_before": 0.00425, "g_lr_after": 0.002125, "fires": 591, "prior_lr_before": 0.0085, "prior_lr_after": 0.00425}
{"event": "g_lr_apply", "armed": true, "update_index": 1792, "g_lr_before": 0.00425, "g_lr_after": 0.002125, "fires": 592, "prior_lr_before": 0.0085, "prior_lr_after": 0.00425}
{"event": "g_lr_apply", "armed": true, "update_index": 1793, "g_lr_before": 0.00425, "g_lr_after": 0.002125, "fires": 593, "prior_lr_before": 0.0085, "prior_lr_after": 0.00425}
{"event": "g_lr_apply", "armed": true, "update_index": 1794, "g_lr_before": 0.00425, "g_lr_after": 0.002125, "fires": 594, "prior_lr_before": 0.0085, "prior_lr_after": 0.00425}
{"event": "g_lr_apply", "armed": true, "update_index": 1795, "g_lr_before": 0.00425, "g_lr_after": 0.002125, "fires": 595, "prior_lr_before": 0.0085, "prior_lr_after": 0.00425}
{"event": "g_lr_apply", "armed": true, "update_index": 1796, "g_lr_before": 0.00425, "g_lr_after": 0.002125, "fires": 596, "prior_lr_before": 0.0085, "prior_lr_after": 0.00425}
{"event": "g_lr_apply", "armed": true, "update_index": 1797, "g_lr_before": 0.00425, "g_lr_after": 0.002125, "fires": 597, "prior_lr_before": 0.0085, "prior_lr_after": 0.00425}
{"event": "g_lr_apply", "armed": true, "update_index": 1798, "g_lr_before": 0.00425, "g_lr_after": 0.002125, "fires": 598, "prior_lr_before": 0.0085, "prior_lr_after": 0.00425}
{"event": "g_lr_apply", "armed": true, "update_index": 1799, "g_lr_before": 0.00425, "g_lr_after": 0.002125, "fires": 599, "prior_lr_before": 0.0085, "prior_lr_after": 0.00425}
{"event": "g_lr_apply", "armed": true, "update_index": 1800, "g_lr_before": 0.00425, "g_lr_after": 0.002125, "fires": 600, "prior_lr_before": 0.0085, "prior_lr_after": 0.00425}
{"event": "g_lr_apply", "armed": true, "update_index": 1801, "g_lr_before": 0.00425, "g_lr_after": 0.002125, "fires": 601, "prior_lr_before": 0.0085, "prior_lr_after": 0.00425}
{"event": "g_lr_apply", "armed": true, "update_index": 1802, "g_lr_before": 0.00425, "g_lr_after": 0.002125, "fires": 602, "prior_lr_before": 0.0085, "prior_lr_after": 0.00425}
{"event": "g_lr_apply", "armed": true, "update_index": 1803, "g_lr_before": 0.00425, "g_lr_after": 0.002125, "fires": 603, "prior_lr_before": 0.0085, "prior_lr_after": 0.00425}
{"event": "g_lr_apply", "armed": true, "update_index": 1804, "g_lr_before": 0.00425, "g_lr_after": 0.002125, "fires": 604, "prior_lr_before": 0.0085, "prior_lr_after": 0.00425}
{"event": "g_lr_apply", "armed": true, "update_index": 1805, "g_lr_before": 0.00425, "g_lr_after": 0.002125, "fires": 605, "prior_lr_before": 0.0085, "prior_lr_after": 0.00425}
{"event": "g_lr_apply", "armed": true, "update_index": 1806, "g_lr_before": 0.00425, "g_lr_after": 0.002125, "fires": 606, "prior_lr_before": 0.0085, "prior_lr_after": 0.00425}
{"event": "g_lr_apply", "armed": true, "update_index": 1807, "g_lr_before": 0.00425, "g_lr_after": 0.002125, "fires": 607, "prior_lr_before": 0.0085, "prior_lr_after": 0.00425}
{"event": "g_lr_apply", "armed": true, "update_index": 1808, "g_lr_before": 0.00425, "g_lr_after": 0.002125, "fires": 608, "prior_lr_before": 0.0085, "prior_lr_after": 0.00425}
{"event": "g_lr_apply", "armed": true, "update_index": 1809, "g_lr_before": 0.00425, "g_lr_after": 0.002125, "fires": 609, "prior_lr_before": 0.0085, "prior_lr_after": 0.00425}
{"event": "g_lr_apply", "armed": true, "update_index": 1810, "g_lr_before": 0.00425, "g_lr_after": 0.002125, "fires": 610, "prior_lr_before": 0.0085, "prior_lr_after": 0.00425}
{"event": "g_lr_apply", "armed": true, "update_index": 1811, "g_lr_before": 0.00425, "g_lr_after": 0.002125, "fires": 611, "prior_lr_before": 0.0085, "prior_lr_after": 0.00425}
{"event": "g_lr_apply", "armed": true, "update_index": 1812, "g_lr_before": 0.00425, "g_lr_after": 0.002125, "fires": 612, "prior_lr_before": 0.0085, "prior_lr_after": 0.00425}
{"event": "g_lr_apply", "armed": true, "update_index": 1813, "g_lr_before": 0.00425, "g_lr_after": 0.002125, "fires": 613, "prior_lr_before": 0.0085, "prior_lr_after": 0.00425}
{"event": "g_lr_apply", "armed": true, "update_index": 1814, "g_lr_before": 0.00425, "g_lr_after": 0.002125, "fires": 614, "prior_lr_before": 0.0085, "prior_lr_after": 0.00425}
{"event": "g_lr_apply", "armed": true, "update_index": 1815, "g_lr_before": 0.00425, "g_lr_after": 0.002125, "fires": 615, "prior_lr_before": 0.0085, "prior_lr_after": 0.00425}
{"event": "g_lr_apply", "armed": true, "update_index": 1816, "g_lr_before": 0.00425, "g_lr_after": 0.002125, "fires": 616, "prior_lr_before": 0.0085, "prior_lr_after": 0.00425}
{"event": "g_lr_apply", "armed": true, "update_index": 1817, "g_lr_before": 0.00425, "g_lr_after": 0.002125, "fires": 617, "prior_lr_before": 0.0085, "prior_lr_after": 0.00425}
{"event": "g_lr_apply", "armed": true, "update_index": 1818, "g_lr_before": 0.00425, "g_lr_after": 0.002125, "fires": 618, "prior_lr_before": 0.0085, "prior_lr_after": 0.00425}
{"event": "g_lr_apply", "armed": true, "update_index": 1819, "g_lr_before": 0.00425, "g_lr_after": 0.002125, "fires": 619, "prior_lr_before": 0.0085, "prior_lr_after": 0.00425}
{"event": "g_lr_apply", "armed": true, "update_index": 1820, "g_lr_before": 0.00425, "g_lr_after": 0.002125, "fires": 620, "prior_lr_before": 0.0085, "prior_lr_after": 0.00425}
{"event": "g_lr_apply", "armed": true, "update_index": 1821, "g_lr_before": 0.00425, "g_lr_after": 0.002125, "fires": 621, "prior_lr_before": 0.0085, "prior_lr_after": 0.00425}
{"event": "g_lr_apply", "armed": true, "update_index": 1822, "g_lr_before": 0.00425, "g_lr_after": 0.002125, "fires": 622, "prior_lr_before": 0.0085, "prior_lr_after": 0.00425}
{"event": "g_lr_apply", "armed": true, "update_index": 1823, "g_lr_before": 0.00425, "g_lr_after": 0.002125, "fires": 623, "prior_lr_before": 0.0085, "prior_lr_after": 0.00425}
{"event": "g_lr_apply", "armed": true, "update_index": 1824, "g_lr_before": 0.00425, "g_lr_after": 0.002125, "fires": 624, "prior_lr_before": 0.0085, "prior_lr_after": 0.00425}
{"event": "g_lr_apply", "armed": true, "update_index": 1825, "g_lr_before": 0.00425, "g_lr_after": 0.002125, "fires": 625, "prior_lr_before": 0.0085, "prior_lr_after": 0.00425}
{"event": "g_lr_apply", "armed": true, "update_index": 1826, "g_lr_before": 0.00425, "g_lr_after": 0.002125, "fires": 626, "prior_lr_before": 0.0085, "prior_lr_after": 0.00425}
{"event": "g_lr_apply", "armed": true, "update_index": 1827, "g_lr_before": 0.00425, "g_lr_after": 0.002125, "fires": 627, "prior_lr_before": 0.0085, "prior_lr_after": 0.00425}
{"event": "g_lr_apply", "armed": true, "update_index": 1828, "g_lr_before": 0.00425, "g_lr_after": 0.002125, "fires": 628, "prior_lr_before": 0.0085, "prior_lr_after": 0.00425}
{"event": "g_lr_apply", "armed": true, "update_index": 1829, "g_lr_before": 0.00425, "g_lr_after": 0.002125, "fires": 629, "prior_lr_before": 0.0085, "prior_lr_after": 0.00425}
{"event": "g_lr_apply", "armed": true, "update_index": 1830, "g_lr_before": 0.00425, "g_lr_after": 0.002125, "fires": 630, "prior_lr_before": 0.0085, "prior_lr_after": 0.00425}
{"event": "g_lr_apply", "armed": true, "update_index": 1831, "g_lr_before": 0.00425, "g_lr_after": 0.002125, "fires": 631, "prior_lr_before": 0.0085, "prior_lr_after": 0.00425}
{"event": "g_lr_apply", "armed": true, "update_index": 1832, "g_lr_before": 0.00425, "g_lr_after": 0.002125, "fires": 632, "prior_lr_before": 0.0085, "prior_lr_after": 0.00425}
{"event": "g_lr_apply", "armed": true, "update_index": 1833, "g_lr_before": 0.00425, "g_lr_after": 0.002125, "fires": 633, "prior_lr_before": 0.0085, "prior_lr_after": 0.00425}
{"event": "g_lr_apply", "armed": true, "update_index": 1834, "g_lr_before": 0.00425, "g_lr_after": 0.002125, "fires": 634, "prior_lr_before": 0.0085, "prior_lr_after": 0.00425}
{"event": "g_lr_apply", "armed": true, "update_index": 1835, "g_lr_before": 0.00425, "g_lr_after": 0.002125, "fires": 635, "prior_lr_before": 0.0085, "prior_lr_after": 0.00425}
{"event": "g_lr_apply", "armed": true, "update_index": 1836, "g_lr_before": 0.00425, "g_lr_after": 0.002125, "fires": 636, "prior_lr_before": 0.0085, "prior_lr_after": 0.00425}
{"event": "g_lr_apply", "armed": true, "update_index": 1837, "g_lr_before": 0.00425, "g_lr_after": 0.002125, "fires": 637, "prior_lr_before": 0.0085, "prior_lr_after": 0.00425}
{"event": "g_lr_apply", "armed": true, "update_index": 1838, "g_lr_before": 0.00425, "g_lr_after": 0.002125, "fires": 638, "prior_lr_before": 0.0085, "prior_lr_after": 0.00425}
{"event": "g_lr_apply", "armed": true, "update_index": 1839, "g_lr_before": 0.00425, "g_lr_after": 0.002125, "fires": 639, "prior_lr_before": 0.0085, "prior_lr_after": 0.00425}
{"event": "g_lr_apply", "armed": true, "update_index": 1840, "g_lr_before": 0.00425, "g_lr_after": 0.002125, "fires": 640, "prior_lr_before": 0.0085, "prior_lr_after": 0.00425}
{"event": "g_lr_apply", "armed": true, "update_index": 1841, "g_lr_before": 0.00425, "g_lr_after": 0.002125, "fires": 641, "prior_lr_before": 0.0085, "prior_lr_after": 0.00425}
{"event": "g_lr_apply", "armed": true, "update_index": 1842, "g_lr_before": 0.00425, "g_lr_after": 0.002125, "fires": 642, "prior_lr_before": 0.0085, "prior_lr_after": 0.00425}
{"event": "g_lr_apply", "armed": true, "update_index": 1843, "g_lr_before": 0.00425, "g_lr_after": 0.002125, "fires": 643, "prior_lr_before": 0.0085, "prior_lr_after": 0.00425}
{"event": "g_lr_apply", "armed": true, "update_index": 1844, "g_lr_before": 0.00425, "g_lr_after": 0.002125, "fires": 644, "prior_lr_before": 0.0085, "prior_lr_after": 0.00425}
{"event": "g_lr_apply", "armed": true, "update_index": 1845, "g_lr_before": 0.00425, "g_lr_after": 0.002125, "fires": 645, "prior_lr_before": 0.0085, "prior_lr_after": 0.00425}
{"event": "g_lr_apply", "armed": true, "update_index": 1846, "g_lr_before": 0.00425, "g_lr_after": 0.002125, "fires": 646, "prior_lr_before": 0.0085, "prior_lr_after": 0.00425}
{"event": "g_lr_apply", "armed": true, "update_index": 1847, "g_lr_before": 0.00425, "g_lr_after": 0.002125, "fires": 647, "prior_lr_before": 0.0085, "prior_lr_after": 0.00425}
{"event": "g_lr_apply", "armed": true, "update_index": 1848, "g_lr_before": 0.00425, "g_lr_after": 0.002125, "fires": 648, "prior_lr_before": 0.0085, "prior_lr_after": 0.00425}
{"event": "g_lr_apply", "armed": true, "update_index": 1849, "g_lr_before": 0.00425, "g_lr_after": 0.002125, "fires": 649, "prior_lr_before": 0.0085, "prior_lr_after": 0.00425}
{"event": "g_lr_apply", "armed": true, "update_index": 1850, "g_lr_before": 0.00425, "g_lr_after": 0.002125, "fires": 650, "prior_lr_before": 0.0085, "prior_lr_after": 0.00425}
{"event": "g_lr_apply", "armed": true, "update_index": 1851, "g_lr_before": 0.00425, "g_lr_after": 0.002125, "fires": 651, "prior_lr_before": 0.0085, "prior_lr_after": 0.00425}
{"event": "g_lr_apply", "armed": true, "update_index": 1852, "g_lr_before": 0.00425, "g_lr_after": 0.002125, "fires": 652, "prior_lr_before": 0.0085, "prior_lr_after": 0.00425}
{"event": "g_lr_apply", "armed": true, "update_index": 1853, "g_lr_before": 0.00425, "g_lr_after": 0.002125, "fires": 653, "prior_lr_before": 0.0085, "prior_lr_after": 0.00425}
{"event": "g_lr_apply", "armed": true, "update_index": 1854, "g_lr_before": 0.00425, "g_lr_after": 0.002125, "fires": 654, "prior_lr_before": 0.0085, "prior_lr_after": 0.00425}
{"event": "g_lr_apply", "armed": true, "update_index": 1855, "g_lr_before": 0.00425, "g_lr_after": 0.002125, "fires": 655, "prior_lr_before": 0.0085, "prior_lr_after": 0.00425}
{"event": "g_lr_apply", "armed": true, "update_index": 1856, "g_lr_before": 0.00425, "g_lr_after": 0.002125, "fires": 656, "prior_lr_before": 0.0085, "prior_lr_after": 0.00425}
{"event": "g_lr_apply", "armed": true, "update_index": 1857, "g_lr_before": 0.00425, "g_lr_after": 0.002125, "fires": 657, "prior_lr_before": 0.0085, "prior_lr_after": 0.00425}
{"event": "g_lr_apply", "armed": true, "update_index": 1858, "g_lr_before": 0.00425, "g_lr_after": 0.002125, "fires": 658, "prior_lr_before": 0.0085, "prior_lr_after": 0.00425}
{"event": "g_lr_apply", "armed": true, "update_index": 1859, "g_lr_before": 0.00425, "g_lr_after": 0.002125, "fires": 659, "prior_lr_before": 0.0085, "prior_lr_after": 0.00425}
{"event": "g_lr_apply", "armed": true, "update_index": 1860, "g_lr_before": 0.00425, "g_lr_after": 0.002125, "fires": 660, "prior_lr_before": 0.0085, "prior_lr_after": 0.00425}
{"event": "g_lr_apply", "armed": true, "update_index": 1861, "g_lr_before": 0.00425, "g_lr_after": 0.002125, "fires": 661, "prior_lr_before": 0.0085, "prior_lr_after": 0.00425}
{"event": "g_lr_apply", "armed": true, "update_index": 1862, "g_lr_before": 0.00425, "g_lr_after": 0.002125, "fires": 662, "prior_lr_before": 0.0085, "prior_lr_after": 0.00425}
{"event": "g_lr_apply", "armed": true, "update_index": 1863, "g_lr_before": 0.00425, "g_lr_after": 0.002125, "fires": 663, "prior_lr_before": 0.0085, "prior_lr_after": 0.00425}
{"event": "g_lr_apply", "armed": true, "update_index": 1864, "g_lr_before": 0.00425, "g_lr_after": 0.002125, "fires": 664, "prior_lr_before": 0.0085, "prior_lr_after": 0.00425}
{"event": "g_lr_apply", "armed": true, "update_index": 1865, "g_lr_before": 0.00425, "g_lr_after": 0.002125, "fires": 665, "prior_lr_before": 0.0085, "prior_lr_after": 0.00425}
{"event": "g_lr_apply", "armed": true, "update_index": 1866, "g_lr_before": 0.00425, "g_lr_after": 0.002125, "fires": 666, "prior_lr_before": 0.0085, "prior_lr_after": 0.00425}
{"event": "g_lr_apply", "armed": true, "update_index": 1867, "g_lr_before": 0.00425, "g_lr_after": 0.002125, "fires": 667, "prior_lr_before": 0.0085, "prior_lr_after": 0.00425}
{"event": "g_lr_apply", "armed": true, "update_index": 1868, "g_lr_before": 0.00425, "g_lr_after": 0.002125, "fires": 668, "prior_lr_before": 0.0085, "prior_lr_after": 0.00425}
{"event": "g_lr_apply", "armed": true, "update_index": 1869, "g_lr_before": 0.00425, "g_lr_after": 0.002125, "fires": 669, "prior_lr_before": 0.0085, "prior_lr_after": 0.00425}
{"event": "g_lr_apply", "armed": true, "update_index": 1870, "g_lr_before": 0.00425, "g_lr_after": 0.002125, "fires": 670, "prior_lr_before": 0.0085, "prior_lr_after": 0.00425}
{"event": "g_lr_apply", "armed": true, "update_index": 1871, "g_lr_before": 0.00425, "g_lr_after": 0.002125, "fires": 671, "prior_lr_before": 0.0085, "prior_lr_after": 0.00425}
{"event": "g_lr_apply", "armed": true, "update_index": 1872, "g_lr_before": 0.00425, "g_lr_after": 0.002125, "fires": 672, "prior_lr_before": 0.0085, "prior_lr_after": 0.00425}
{"event": "g_lr_apply", "armed": true, "update_index": 1873, "g_lr_before": 0.00425, "g_lr_after": 0.002125, "fires": 673, "prior_lr_before": 0.0085, "prior_lr_after": 0.00425}
{"event": "g_lr_apply", "armed": true, "update_index": 1874, "g_lr_before": 0.00425, "g_lr_after": 0.002125, "fires": 674, "prior_lr_before": 0.0085, "prior_lr_after": 0.00425}
{"event": "g_lr_apply", "armed": true, "update_index": 1875, "g_lr_before": 0.00425, "g_lr_after": 0.002125, "fires": 675, "prior_lr_before": 0.0085, "prior_lr_after": 0.00425}
{"event": "g_lr_apply", "armed": true, "update_index": 1876, "g_lr_before": 0.00425, "g_lr_after": 0.002125, "fires": 676, "prior_lr_before": 0.0085, "prior_lr_after": 0.00425}
{"event": "g_lr_apply", "armed": true, "update_index": 1877, "g_lr_before": 0.00425, "g_lr_after": 0.002125, "fires": 677, "prior_lr_before": 0.0085, "prior_lr_after": 0.00425}
{"event": "g_lr_apply", "armed": true, "update_index": 1878, "g_lr_before": 0.00425, "g_lr_after": 0.002125, "fires": 678, "prior_lr_before": 0.0085, "prior_lr_after": 0.00425}
{"event": "g_lr_apply", "armed": true, "update_index": 1879, "g_lr_before": 0.00425, "g_lr_after": 0.002125, "fires": 679, "prior_lr_before": 0.0085, "prior_lr_after": 0.00425}
{"event": "g_lr_apply", "armed": true, "update_index": 1880, "g_lr_before": 0.00425, "g_lr_after": 0.002125, "fires": 680, "prior_lr_before": 0.0085, "prior_lr_after": 0.00425}
{"event": "g_lr_apply", "armed": true, "update_index": 1881, "g_lr_before": 0.00425, "g_lr_after": 0.002125, "fires": 681, "prior_lr_before": 0.0085, "prior_lr_after": 0.00425}
{"event": "g_lr_apply", "armed": true, "update_index": 1882, "g_lr_before": 0.00425, "g_lr_after": 0.002125, "fires": 682, "prior_lr_before": 0.0085, "prior_lr_after": 0.00425}
{"event": "g_lr_apply", "armed": true, "update_index": 1883, "g_lr_before": 0.00425, "g_lr_after": 0.002125, "fires": 683, "prior_lr_before": 0.0085, "prior_lr_after": 0.00425}
{"event": "g_lr_apply", "armed": true, "update_index": 1884, "g_lr_before": 0.00425, "g_lr_after": 0.002125, "fires": 684, "prior_lr_before": 0.0085, "prior_lr_after": 0.00425}
{"event": "g_lr_apply", "armed": true, "update_index": 1885, "g_lr_before": 0.00425, "g_lr_after": 0.002125, "fires": 685, "prior_lr_before": 0.0085, "prior_lr_after": 0.00425}
{"event": "g_lr_apply", "armed": true, "update_index": 1886, "g_lr_before": 0.00425, "g_lr_after": 0.002125, "fires": 686, "prior_lr_before": 0.0085, "prior_lr_after": 0.00425}
{"event": "g_lr_apply", "armed": true, "update_index": 1887, "g_lr_before": 0.00425, "g_lr_after": 0.002125, "fires": 687, "prior_lr_before": 0.0085, "prior_lr_after": 0.00425}
{"event": "g_lr_apply", "armed": true, "update_index": 1888, "g_lr_before": 0.00425, "g_lr_after": 0.002125, "fires": 688, "prior_lr_before": 0.0085, "prior_lr_after": 0.00425}
{"event": "g_lr_apply", "armed": true, "update_index": 1889, "g_lr_before": 0.00425, "g_lr_after": 0.002125, "fires": 689, "prior_lr_before": 0.0085, "prior_lr_after": 0.00425}
{"event": "g_lr_apply", "armed": true, "update_index": 1890, "g_lr_before": 0.00425, "g_lr_after": 0.002125, "fires": 690, "prior_lr_before": 0.0085, "prior_lr_after": 0.00425}
{"event": "g_lr_apply", "armed": true, "update_index": 1891, "g_lr_before": 0.00425, "g_lr_after": 0.002125, "fires": 691, "prior_lr_before": 0.0085, "prior_lr_after": 0.00425}
{"event": "g_lr_apply", "armed": true, "update_index": 1892, "g_lr_before": 0.00425, "g_lr_after": 0.002125, "fires": 692, "prior_lr_before": 0.0085, "prior_lr_after": 0.00425}
{"event": "g_lr_apply", "armed": true, "update_index": 1893, "g_lr_before": 0.00425, "g_lr_after": 0.002125, "fires": 693, "prior_lr_before": 0.0085, "prior_lr_after": 0.00425}
{"event": "g_lr_apply", "armed": true, "update_index": 1894, "g_lr_before": 0.00425, "g_lr_after": 0.002125, "fires": 694, "prior_lr_before": 0.0085, "prior_lr_after": 0.00425}
{"event": "g_lr_apply", "armed": true, "update_index": 1895, "g_lr_before": 0.00425, "g_lr_after": 0.002125, "fires": 695, "prior_lr_before": 0.0085, "prior_lr_after": 0.00425}
{"event": "g_lr_apply", "armed": true, "update_index": 1896, "g_lr_before": 0.00425, "g_lr_after": 0.002125, "fires": 696, "prior_lr_before": 0.0085, "prior_lr_after": 0.00425}
{"event": "g_lr_apply", "armed": true, "update_index": 1897, "g_lr_before": 0.00425, "g_lr_after": 0.002125, "fires": 697, "prior_lr_before": 0.0085, "prior_lr_after": 0.00425}
{"event": "g_lr_apply", "armed": true, "update_index": 1898, "g_lr_before": 0.00425, "g_lr_after": 0.002125, "fires": 698, "prior_lr_before": 0.0085, "prior_lr_after": 0.00425}
{"event": "g_lr_apply", "armed": true, "update_index": 1899, "g_lr_before": 0.00425, "g_lr_after": 0.002125, "fires": 699, "prior_lr_before": 0.0085, "prior_lr_after": 0.00425}
{"event": "g_lr_apply", "armed": true, "update_index": 1900, "g_lr_before": 0.00425, "g_lr_after": 0.002125, "fires": 700, "prior_lr_before": 0.0085, "prior_lr_after": 0.00425}
{"event": "g_lr_apply", "armed": true, "update_index": 1901, "g_lr_before": 0.00425, "g_lr_after": 0.002125, "fires": 701, "prior_lr_before": 0.0085, "prior_lr_after": 0.00425}
{"event": "g_lr_apply", "armed": true, "update_index": 1902, "g_lr_before": 0.00425, "g_lr_after": 0.002125, "fires": 702, "prior_lr_before": 0.0085, "prior_lr_after": 0.00425}
{"event": "g_lr_apply", "armed": true, "update_index": 1903, "g_lr_before": 0.00425, "g_lr_after": 0.002125, "fires": 703, "prior_lr_before": 0.0085, "prior_lr_after": 0.00425}
{"event": "g_lr_apply", "armed": true, "update_index": 1904, "g_lr_before": 0.00425, "g_lr_after": 0.002125, "fires": 704, "prior_lr_before": 0.0085, "prior_lr_after": 0.00425}
{"event": "g_lr_apply", "armed": true, "update_index": 1905, "g_lr_before": 0.00425, "g_lr_after": 0.002125, "fires": 705, "prior_lr_before": 0.0085, "prior_lr_after": 0.00425}
{"event": "g_lr_apply", "armed": true, "update_index": 1906, "g_lr_before": 0.00425, "g_lr_after": 0.002125, "fires": 706, "prior_lr_before": 0.0085, "prior_lr_after": 0.00425}
{"event": "g_lr_apply", "armed": true, "update_index": 1907, "g_lr_before": 0.00425, "g_lr_after": 0.002125, "fires": 707, "prior_lr_before": 0.0085, "prior_lr_after": 0.00425}
{"event": "g_lr_apply", "armed": true, "update_index": 1908, "g_lr_before": 0.00425, "g_lr_after": 0.002125, "fires": 708, "prior_lr_before": 0.0085, "prior_lr_after": 0.00425}
{"event": "g_lr_apply", "armed": true, "update_index": 1909, "g_lr_before": 0.00425, "g_lr_after": 0.002125, "fires": 709, "prior_lr_before": 0.0085, "prior_lr_after": 0.00425}
{"event": "g_lr_apply", "armed": true, "update_index": 1910, "g_lr_before": 0.00425, "g_lr_after": 0.002125, "fires": 710, "prior_lr_before": 0.0085, "prior_lr_after": 0.00425}
{"event": "g_lr_apply", "armed": true, "update_index": 1911, "g_lr_before": 0.00425, "g_lr_after": 0.002125, "fires": 711, "prior_lr_before": 0.0085, "prior_lr_after": 0.00425}
{"event": "g_lr_apply", "armed": true, "update_index": 1912, "g_lr_before": 0.00425, "g_lr_after": 0.002125, "fires": 712, "prior_lr_before": 0.0085, "prior_lr_after": 0.00425}
{"event": "g_lr_apply", "armed": true, "update_index": 1913, "g_lr_before": 0.00425, "g_lr_after": 0.002125, "fires": 713, "prior_lr_before": 0.0085, "prior_lr_after": 0.00425}
{"event": "g_lr_apply", "armed": true, "update_index": 1914, "g_lr_before": 0.00425, "g_lr_after": 0.002125, "fires": 714, "prior_lr_before": 0.0085, "prior_lr_after": 0.00425}
{"event": "g_lr_apply", "armed": true, "update_index": 1915, "g_lr_before": 0.00425, "g_lr_after": 0.002125, "fires": 715, "prior_lr_before": 0.0085, "prior_lr_after": 0.00425}
{"event": "g_lr_apply", "armed": true, "update_index": 1916, "g_lr_before": 0.00425, "g_lr_after": 0.002125, "fires": 716, "prior_lr_before": 0.0085, "prior_lr_after": 0.00425}
{"event": "g_lr_apply", "armed": true, "update_index": 1917, "g_lr_before": 0.00425, "g_lr_after": 0.002125, "fires": 717, "prior_lr_before": 0.0085, "prior_lr_after": 0.00425}
{"event": "g_lr_apply", "armed": true, "update_index": 1918, "g_lr_before": 0.00425, "g_lr_after": 0.002125, "fires": 718, "prior_lr_before": 0.0085, "prior_lr_after": 0.00425}
{"event": "g_lr_apply", "armed": true, "update_index": 1919, "g_lr_before": 0.00425, "g_lr_after": 0.002125, "fires": 719, "prior_lr_before": 0.0085, "prior_lr_after": 0.00425}
{"event": "g_lr_apply", "armed": true, "update_index": 1920, "g_lr_before": 0.00425, "g_lr_after": 0.002125, "fires": 720, "prior_lr_before": 0.0085, "prior_lr_after": 0.00425}
{"event": "g_lr_apply", "armed": true, "update_index": 1921, "g_lr_before": 0.00425, "g_lr_after": 0.002125, "fires": 721, "prior_lr_before": 0.0085, "prior_lr_after": 0.00425}
{"event": "g_lr_apply", "armed": true, "update_index": 1922, "g_lr_before": 0.00425, "g_lr_after": 0.002125, "fires": 722, "prior_lr_before": 0.0085, "prior_lr_after": 0.00425}
{"event": "g_lr_apply", "armed": true, "update_index": 1923, "g_lr_before": 0.00425, "g_lr_after": 0.002125, "fires": 723, "prior_lr_before": 0.0085, "prior_lr_after": 0.00425}
{"event": "g_lr_apply", "armed": true, "update_index": 1924, "g_lr_before": 0.00425, "g_lr_after": 0.002125, "fires": 724, "prior_lr_before": 0.0085, "prior_lr_after": 0.00425}
{"event": "g_lr_apply", "armed": true, "update_index": 1925, "g_lr_before": 0.00425, "g_lr_after": 0.002125, "fires": 725, "prior_lr_before": 0.0085, "prior_lr_after": 0.00425}
{"event": "g_lr_apply", "armed": true, "update_index": 1926, "g_lr_before": 0.00425, "g_lr_after": 0.002125, "fires": 726, "prior_lr_before": 0.0085, "prior_lr_after": 0.00425}
{"event": "g_lr_apply", "armed": true, "update_index": 1927, "g_lr_before": 0.00425, "g_lr_after": 0.002125, "fires": 727, "prior_lr_before": 0.0085, "prior_lr_after": 0.00425}
{"event": "g_lr_apply", "armed": true, "update_index": 1928, "g_lr_before": 0.00425, "g_lr_after": 0.002125, "fires": 728, "prior_lr_before": 0.0085, "prior_lr_after": 0.00425}
{"event": "g_lr_apply", "armed": true, "update_index": 1929, "g_lr_before": 0.00425, "g_lr_after": 0.002125, "fires": 729, "prior_lr_before": 0.0085, "prior_lr_after": 0.00425}
{"event": "g_lr_apply", "armed": true, "update_index": 1930, "g_lr_before": 0.00425, "g_lr_after": 0.002125, "fires": 730, "prior_lr_before": 0.0085, "prior_lr_after": 0.00425}
{"event": "g_lr_apply", "armed": true, "update_index": 1931, "g_lr_before": 0.00425, "g_lr_after": 0.002125, "fires": 731, "prior_lr_before": 0.0085, "prior_lr_after": 0.00425}
{"event": "g_lr_apply", "armed": true, "update_index": 1932, "g_lr_before": 0.00425, "g_lr_after": 0.002125, "fires": 732, "prior_lr_before": 0.0085, "prior_lr_after": 0.00425}
{"event": "g_lr_apply", "armed": true, "update_index": 1933, "g_lr_before": 0.00425, "g_lr_after": 0.002125, "fires": 733, "prior_lr_before": 0.0085, "prior_lr_after": 0.00425}
{"event": "g_lr_apply", "armed": true, "update_index": 1934, "g_lr_before": 0.00425, "g_lr_after": 0.002125, "fires": 734, "prior_lr_before": 0.0085, "prior_lr_after": 0.00425}
{"event": "g_lr_apply", "armed": true, "update_index": 1935, "g_lr_before": 0.00425, "g_lr_after": 0.002125, "fires": 735, "prior_lr_before": 0.0085, "prior_lr_after": 0.00425}
{"event": "g_lr_apply", "armed": true, "update_index": 1936, "g_lr_before": 0.00425, "g_lr_after": 0.002125, "fires": 736, "prior_lr_before": 0.0085, "prior_lr_after": 0.00425}
{"event": "g_lr_apply", "armed": true, "update_index": 1937, "g_lr_before": 0.00425, "g_lr_after": 0.002125, "fires": 737, "prior_lr_before": 0.0085, "prior_lr_after": 0.00425}
{"event": "g_lr_apply", "armed": true, "update_index": 1938, "g_lr_before": 0.00425, "g_lr_after": 0.002125, "fires": 738, "prior_lr_before": 0.0085, "prior_lr_after": 0.00425}
{"event": "g_lr_apply", "armed": true, "update_index": 1939, "g_lr_before": 0.00425, "g_lr_after": 0.002125, "fires": 739, "prior_lr_before": 0.0085, "prior_lr_after": 0.00425}
{"event": "g_lr_apply", "armed": true, "update_index": 1940, "g_lr_before": 0.00425, "g_lr_after": 0.002125, "fires": 740, "prior_lr_before": 0.0085, "prior_lr_after": 0.00425}
{"event": "g_lr_apply", "armed": true, "update_index": 1941, "g_lr_before": 0.00425, "g_lr_after": 0.002125, "fires": 741, "prior_lr_before": 0.0085, "prior_lr_after": 0.00425}
{"event": "g_lr_apply", "armed": true, "update_index": 1942, "g_lr_before": 0.00425, "g_lr_after": 0.002125, "fires": 742, "prior_lr_before": 0.0085, "prior_lr_after": 0.00425}
{"event": "g_lr_apply", "armed": true, "update_index": 1943, "g_lr_before": 0.00425, "g_lr_after": 0.002125, "fires": 743, "prior_lr_before": 0.0085, "prior_lr_after": 0.00425}
{"event": "g_lr_apply", "armed": true, "update_index": 1944, "g_lr_before": 0.00425, "g_lr_after": 0.002125, "fires": 744, "prior_lr_before": 0.0085, "prior_lr_after": 0.00425}
{"event": "g_lr_apply", "armed": true, "update_index": 1945, "g_lr_before": 0.00425, "g_lr_after": 0.002125, "fires": 745, "prior_lr_before": 0.0085, "prior_lr_after": 0.00425}
{"event": "g_lr_apply", "armed": true, "update_index": 1946, "g_lr_before": 0.00425, "g_lr_after": 0.002125, "fires": 746, "prior_lr_before": 0.0085, "prior_lr_after": 0.00425}
{"event": "g_lr_apply", "armed": true, "update_index": 1947, "g_lr_before": 0.00425, "g_lr_after": 0.002125, "fires": 747, "prior_lr_before": 0.0085, "prior_lr_after": 0.00425}
{"event": "g_lr_apply", "armed": true, "update_index": 1948, "g_lr_before": 0.00425, "g_lr_after": 0.002125, "fires": 748, "prior_lr_before": 0.0085, "prior_lr_after": 0.00425}
{"event": "g_lr_apply", "armed": true, "update_index": 1949, "g_lr_before": 0.00425, "g_lr_after": 0.002125, "fires": 749, "prior_lr_before": 0.0085, "prior_lr_after": 0.00425}
{"event": "g_lr_apply", "armed": true, "update_index": 1950, "g_lr_before": 0.00425, "g_lr_after": 0.002125, "fires": 750, "prior_lr_before": 0.0085, "prior_lr_after": 0.00425}
{"event": "g_lr_apply", "armed": true, "update_index": 1951, "g_lr_before": 0.00425, "g_lr_after": 0.002125, "fires": 751, "prior_lr_before": 0.0085, "prior_lr_after": 0.00425}
{"event": "g_lr_apply", "armed": true, "update_index": 1952, "g_lr_before": 0.00425, "g_lr_after": 0.002125, "fires": 752, "prior_lr_before": 0.0085, "prior_lr_after": 0.00425}
{"event": "g_lr_apply", "armed": true, "update_index": 1953, "g_lr_before": 0.00425, "g_lr_after": 0.002125, "fires": 753, "prior_lr_before": 0.0085, "prior_lr_after": 0.00425}
{"event": "g_lr_apply", "armed": true, "update_index": 1954, "g_lr_before": 0.00425, "g_lr_after": 0.002125, "fires": 754, "prior_lr_before": 0.0085, "prior_lr_after": 0.00425}
{"event": "g_lr_apply", "armed": true, "update_index": 1955, "g_lr_before": 0.00425, "g_lr_after": 0.002125, "fires": 755, "prior_lr_before": 0.0085, "prior_lr_after": 0.00425}
{"event": "g_lr_apply", "armed": true, "update_index": 1956, "g_lr_before": 0.00425, "g_lr_after": 0.002125, "fires": 756, "prior_lr_before": 0.0085, "prior_lr_after": 0.00425}
{"event": "g_lr_apply", "armed": true, "update_index": 1957, "g_lr_before": 0.00425, "g_lr_after": 0.002125, "fires": 757, "prior_lr_before": 0.0085, "prior_lr_after": 0.00425}
{"event": "g_lr_apply", "armed": true, "update_index": 1958, "g_lr_before": 0.00425, "g_lr_after": 0.002125, "fires": 758, "prior_lr_before": 0.0085, "prior_lr_after": 0.00425}
{"event": "g_lr_apply", "armed": true, "update_index": 1959, "g_lr_before": 0.00425, "g_lr_after": 0.002125, "fires": 759, "prior_lr_before": 0.0085, "prior_lr_after": 0.00425}
{"event": "g_lr_apply", "armed": true, "update_index": 1960, "g_lr_before": 0.00425, "g_lr_after": 0.002125, "fires": 760, "prior_lr_before": 0.0085, "prior_lr_after": 0.00425}
{"event": "g_lr_apply", "armed": true, "update_index": 1961, "g_lr_before": 0.00425, "g_lr_after": 0.002125, "fires": 761, "prior_lr_before": 0.0085, "prior_lr_after": 0.00425}
{"event": "g_lr_apply", "armed": true, "update_index": 1962, "g_lr_before": 0.00425, "g_lr_after": 0.002125, "fires": 762, "prior_lr_before": 0.0085, "prior_lr_after": 0.00425}
{"event": "g_lr_apply", "armed": true, "update_index": 1963, "g_lr_before": 0.00425, "g_lr_after": 0.002125, "fires": 763, "prior_lr_before": 0.0085, "prior_lr_after": 0.00425}
{"event": "g_lr_apply", "armed": true, "update_index": 1964, "g_lr_before": 0.00425, "g_lr_after": 0.002125, "fires": 764, "prior_lr_before": 0.0085, "prior_lr_after": 0.00425}
{"event": "g_lr_apply", "armed": true, "update_index": 1965, "g_lr_before": 0.00425, "g_lr_after": 0.002125, "fires": 765, "prior_lr_before": 0.0085, "prior_lr_after": 0.00425}
{"event": "g_lr_apply", "armed": true, "update_index": 1966, "g_lr_before": 0.00425, "g_lr_after": 0.002125, "fires": 766, "prior_lr_before": 0.0085, "prior_lr_after": 0.00425}
{"event": "g_lr_apply", "armed": true, "update_index": 1967, "g_lr_before": 0.00425, "g_lr_after": 0.002125, "fires": 767, "prior_lr_before": 0.0085, "prior_lr_after": 0.00425}
{"event": "g_lr_apply", "armed": true, "update_index": 1968, "g_lr_before": 0.00425, "g_lr_after": 0.002125, "fires": 768, "prior_lr_before": 0.0085, "prior_lr_after": 0.00425}
{"event": "g_lr_apply", "armed": true, "update_index": 1969, "g_lr_before": 0.00425, "g_lr_after": 0.002125, "fires": 769, "prior_lr_before": 0.0085, "prior_lr_after": 0.00425}
{"event": "g_lr_apply", "armed": true, "update_index": 1970, "g_lr_before": 0.00425, "g_lr_after": 0.002125, "fires": 770, "prior_lr_before": 0.0085, "prior_lr_after": 0.00425}
{"event": "g_lr_apply", "armed": true, "update_index": 1971, "g_lr_before": 0.00425, "g_lr_after": 0.002125, "fires": 771, "prior_lr_before": 0.0085, "prior_lr_after": 0.00425}
{"event": "g_lr_apply", "armed": true, "update_index": 1972, "g_lr_before": 0.00425, "g_lr_after": 0.002125, "fires": 772, "prior_lr_before": 0.0085, "prior_lr_after": 0.00425}
{"event": "g_lr_apply", "armed": true, "update_index": 1973, "g_lr_before": 0.00425, "g_lr_after": 0.002125, "fires": 773, "prior_lr_before": 0.0085, "prior_lr_after": 0.00425}
{"event": "g_lr_apply", "armed": true, "update_index": 1974, "g_lr_before": 0.00425, "g_lr_after": 0.002125, "fires": 774, "prior_lr_before": 0.0085, "prior_lr_after": 0.00425}
{"event": "g_lr_apply", "armed": true, "update_index": 1975, "g_lr_before": 0.00425, "g_lr_after": 0.002125, "fires": 775, "prior_lr_before": 0.0085, "prior_lr_after": 0.00425}
{"event": "g_lr_apply", "armed": true, "update_index": 1976, "g_lr_before": 0.00425, "g_lr_after": 0.002125, "fires": 776, "prior_lr_before": 0.0085, "prior_lr_after": 0.00425}
{"event": "g_lr_apply", "armed": true, "update_index": 1977, "g_lr_before": 0.00425, "g_lr_after": 0.002125, "fires": 777, "prior_lr_before": 0.0085, "prior_lr_after": 0.00425}
{"event": "g_lr_apply", "armed": true, "update_index": 1978, "g_lr_before": 0.00425, "g_lr_after": 0.002125, "fires": 778, "prior_lr_before": 0.0085, "prior_lr_after": 0.00425}
{"event": "g_lr_apply", "armed": true, "update_index": 1979, "g_lr_before": 0.00425, "g_lr_after": 0.002125, "fires": 779, "prior_lr_before": 0.0085, "prior_lr_after": 0.00425}
{"event": "g_lr_apply", "armed": true, "update_index": 1980, "g_lr_before": 0.00425, "g_lr_after": 0.002125, "fires": 780, "prior_lr_before": 0.0085, "prior_lr_after": 0.00425}
{"event": "g_lr_apply", "armed": true, "update_index": 1981, "g_lr_before": 0.00425, "g_lr_after": 0.002125, "fires": 781, "prior_lr_before": 0.0085, "prior_lr_after": 0.00425}
{"event": "g_lr_apply", "armed": true, "update_index": 1982, "g_lr_before": 0.00425, "g_lr_after": 0.002125, "fires": 782, "prior_lr_before": 0.0085, "prior_lr_after": 0.00425}
{"event": "g_lr_apply", "armed": true, "update_index": 1983, "g_lr_before": 0.00425, "g_lr_after": 0.002125, "fires": 783, "prior_lr_before": 0.0085, "prior_lr_after": 0.00425}
{"event": "g_lr_apply", "armed": true, "update_index": 1984, "g_lr_before": 0.00425, "g_lr_after": 0.002125, "fires": 784, "prior_lr_before": 0.0085, "prior_lr_after": 0.00425}
{"event": "g_lr_apply", "armed": true, "update_index": 1985, "g_lr_before": 0.00425, "g_lr_after": 0.002125, "fires": 785, "prior_lr_before": 0.0085, "prior_lr_after": 0.00425}
{"event": "g_lr_apply", "armed": true, "update_index": 1986, "g_lr_before": 0.00425, "g_lr_after": 0.002125, "fires": 786, "prior_lr_before": 0.0085, "prior_lr_after": 0.00425}
{"event": "g_lr_apply", "armed": true, "update_index": 1987, "g_lr_before": 0.00425, "g_lr_after": 0.002125, "fires": 787, "prior_lr_before": 0.0085, "prior_lr_after": 0.00425}
{"event": "g_lr_apply", "armed": true, "update_index": 1988, "g_lr_before": 0.00425, "g_lr_after": 0.002125, "fires": 788, "prior_lr_before": 0.0085, "prior_lr_after": 0.00425}
{"event": "g_lr_apply", "armed": true, "update_index": 1989, "g_lr_before": 0.00425, "g_lr_after": 0.002125, "fires": 789, "prior_lr_before": 0.0085, "prior_lr_after": 0.00425}
{"event": "g_lr_apply", "armed": true, "update_index": 1990, "g_lr_before": 0.00425, "g_lr_after": 0.002125, "fires": 790, "prior_lr_before": 0.0085, "prior_lr_after": 0.00425}
{"event": "g_lr_apply", "armed": true, "update_index": 1991, "g_lr_before": 0.00425, "g_lr_after": 0.002125, "fires": 791, "prior_lr_before": 0.0085, "prior_lr_after": 0.00425}
{"event": "g_lr_apply", "armed": true, "update_index": 1992, "g_lr_before": 0.00425, "g_lr_after": 0.002125, "fires": 792, "prior_lr_before": 0.0085, "prior_lr_after": 0.00425}
{"event": "g_lr_apply", "armed": true, "update_index": 1993, "g_lr_before": 0.00425, "g_lr_after": 0.002125, "fires": 793, "prior_lr_before": 0.0085, "prior_lr_after": 0.00425}
{"event": "g_lr_apply", "armed": true, "update_index": 1994, "g_lr_before": 0.00425, "g_lr_after": 0.002125, "fires": 794, "prior_lr_before": 0.0085, "prior_lr_after": 0.00425}
{"event": "g_lr_apply", "armed": true, "update_index": 1995, "g_lr_before": 0.00425, "g_lr_after": 0.002125, "fires": 795, "prior_lr_before": 0.0085, "prior_lr_after": 0.00425}
{"event": "g_lr_apply", "armed": true, "update_index": 1996, "g_lr_before": 0.00425, "g_lr_after": 0.002125, "fires": 796, "prior_lr_before": 0.0085, "prior_lr_after": 0.00425}
{"event": "g_lr_apply", "armed": true, "update_index": 1997, "g_lr_before": 0.00425, "g_lr_after": 0.002125, "fires": 797, "prior_lr_before": 0.0085, "prior_lr_after": 0.00425}
{"event": "g_lr_apply", "armed": true, "update_index": 1998, "g_lr_before": 0.00425, "g_lr_after": 0.002125, "fires": 798, "prior_lr_before": 0.0085, "prior_lr_after": 0.00425}
{"event": "g_lr_apply", "armed": true, "update_index": 1999, "g_lr_before": 0.00425, "g_lr_after": 0.002125, "fires": 799, "prior_lr_before": 0.0085, "prior_lr_after": 0.00425}
{"event": "g_lr_apply", "armed": true, "update_index": 2000, "g_lr_before": 0.00425, "g_lr_after": 0.002125, "fires": 800, "prior_lr_before": 0.0085, "prior_lr_after": 0.00425}
{"event": "UPDATES", "candidate": "PR140", "task": "convergence", "adam_calls": 4000}
{"event": "g_lr_apply", "armed": true, "update_index": 2001, "g_lr_before": 0.00425, "g_lr_after": 0.002125, "fires": 801, "prior_lr_before": 0.0085, "prior_lr_after": 0.00425}
{"event": "g_lr_apply", "armed": true, "update_index": 2002, "g_lr_before": 0.00425, "g_lr_after": 0.002125, "fires": 802, "prior_lr_before": 0.0085, "prior_lr_after": 0.00425}
{"event": "g_lr_apply", "armed": true, "update_index": 2003, "g_lr_before": 0.00425, "g_lr_after": 0.002125, "fires": 803, "prior_lr_before": 0.0085, "prior_lr_after": 0.00425}
{"event": "g_lr_apply", "armed": true, "update_index": 2004, "g_lr_before": 0.00425, "g_lr_after": 0.002125, "fires": 804, "prior_lr_before": 0.0085, "prior_lr_after": 0.00425}
{"event": "g_lr_apply", "armed": true, "update_index": 2005, "g_lr_before": 0.00425, "g_lr_after": 0.002125, "fires": 805, "prior_lr_before": 0.0085, "prior_lr_after": 0.00425}
{"event": "g_lr_apply", "armed": true, "update_index": 2006, "g_lr_before": 0.00425, "g_lr_after": 0.002125, "fires": 806, "prior_lr_before": 0.0085, "prior_lr_after": 0.00425}
{"event": "g_lr_apply", "armed": true, "update_index": 2007, "g_lr_before": 0.00425, "g_lr_after": 0.002125, "fires": 807, "prior_lr_before": 0.0085, "prior_lr_after": 0.00425}
{"event": "g_lr_apply", "armed": true, "update_index": 2008, "g_lr_before": 0.00425, "g_lr_after": 0.002125, "fires": 808, "prior_lr_before": 0.0085, "prior_lr_after": 0.00425}
{"event": "g_lr_apply", "armed": true, "update_index": 2009, "g_lr_before": 0.00425, "g_lr_after": 0.002125, "fires": 809, "prior_lr_before": 0.0085, "prior_lr_after": 0.00425}
{"event": "g_lr_apply", "armed": true, "update_index": 2010, "g_lr_before": 0.00425, "g_lr_after": 0.002125, "fires": 810, "prior_lr_before": 0.0085, "prior_lr_after": 0.00425}
{"event": "g_lr_apply", "armed": true, "update_index": 2011, "g_lr_before": 0.00425, "g_lr_after": 0.002125, "fires": 811, "prior_lr_before": 0.0085, "prior_lr_after": 0.00425}
{"event": "g_lr_apply", "armed": true, "update_index": 2012, "g_lr_before": 0.00425, "g_lr_after": 0.002125, "fires": 812, "prior_lr_before": 0.0085, "prior_lr_after": 0.00425}
{"event": "g_lr_apply", "armed": true, "update_index": 2013, "g_lr_before": 0.00425, "g_lr_after": 0.002125, "fires": 813, "prior_lr_before": 0.0085, "prior_lr_after": 0.00425}
{"event": "g_lr_apply", "armed": true, "update_index": 2014, "g_lr_before": 0.00425, "g_lr_after": 0.002125, "fires": 814, "prior_lr_before": 0.0085, "prior_lr_after": 0.00425}
{"event": "g_lr_apply", "armed": true, "update_index": 2015, "g_lr_before": 0.00425, "g_lr_after": 0.002125, "fires": 815, "prior_lr_before": 0.0085, "prior_lr_after": 0.00425}
{"event": "g_lr_apply", "armed": true, "update_index": 2016, "g_lr_before": 0.00425, "g_lr_after": 0.002125, "fires": 816, "prior_lr_before": 0.0085, "prior_lr_after": 0.00425}
{"event": "g_lr_apply", "armed": true, "update_index": 2017, "g_lr_before": 0.00425, "g_lr_after": 0.002125, "fires": 817, "prior_lr_before": 0.0085, "prior_lr_after": 0.00425}
{"event": "g_lr_apply", "armed": true, "update_index": 2018, "g_lr_before": 0.00425, "g_lr_after": 0.002125, "fires": 818, "prior_lr_before": 0.0085, "prior_lr_after": 0.00425}
{"event": "g_lr_apply", "armed": true, "update_index": 2019, "g_lr_before": 0.00425, "g_lr_after": 0.002125, "fires": 819, "prior_lr_before": 0.0085, "prior_lr_after": 0.00425}
{"event": "g_lr_apply", "armed": true, "update_index": 2020, "g_lr_before": 0.00425, "g_lr_after": 0.002125, "fires": 820, "prior_lr_before": 0.0085, "prior_lr_after": 0.00425}
{"event": "g_lr_apply", "armed": true, "update_index": 2021, "g_lr_before": 0.00425, "g_lr_after": 0.002125, "fires": 821, "prior_lr_before": 0.0085, "prior_lr_after": 0.00425}
{"event": "g_lr_apply", "armed": true, "update_index": 2022, "g_lr_before": 0.00425, "g_lr_after": 0.002125, "fires": 822, "prior_lr_before": 0.0085, "prior_lr_after": 0.00425}
{"event": "g_lr_apply", "armed": true, "update_index": 2023, "g_lr_before": 0.00425, "g_lr_after": 0.002125, "fires": 823, "prior_lr_before": 0.0085, "prior_lr_after": 0.00425}
{"event": "g_lr_apply", "armed": true, "update_index": 2024, "g_lr_before": 0.00425, "g_lr_after": 0.002125, "fires": 824, "prior_lr_before": 0.0085, "prior_lr_after": 0.00425}
{"event": "g_lr_apply", "armed": true, "update_index": 2025, "g_lr_before": 0.00425, "g_lr_after": 0.002125, "fires": 825, "prior_lr_before": 0.0085, "prior_lr_after": 0.00425}
{"event": "g_lr_apply", "armed": true, "update_index": 2026, "g_lr_before": 0.00425, "g_lr_after": 0.002125, "fires": 826, "prior_lr_before": 0.0085, "prior_lr_after": 0.00425}
{"event": "g_lr_apply", "armed": true, "update_index": 2027, "g_lr_before": 0.00425, "g_lr_after": 0.002125, "fires": 827, "prior_lr_before": 0.0085, "prior_lr_after": 0.00425}
{"event": "g_lr_apply", "armed": true, "update_index": 2028, "g_lr_before": 0.00425, "g_lr_after": 0.002125, "fires": 828, "prior_lr_before": 0.0085, "prior_lr_after": 0.00425}
{"event": "g_lr_apply", "armed": true, "update_index": 2029, "g_lr_before": 0.00425, "g_lr_after": 0.002125, "fires": 829, "prior_lr_before": 0.0085, "prior_lr_after": 0.00425}
{"event": "g_lr_apply", "armed": true, "update_index": 2030, "g_lr_before": 0.00425, "g_lr_after": 0.002125, "fires": 830, "prior_lr_before": 0.0085, "prior_lr_after": 0.00425}
{"event": "g_lr_apply", "armed": true, "update_index": 2031, "g_lr_before": 0.00425, "g_lr_after": 0.002125, "fires": 831, "prior_lr_before": 0.0085, "prior_lr_after": 0.00425}
{"event": "g_lr_apply", "armed": true, "update_index": 2032, "g_lr_before": 0.00425, "g_lr_after": 0.002125, "fires": 832, "prior_lr_before": 0.0085, "prior_lr_after": 0.00425}
{"event": "g_lr_apply", "armed": true, "update_index": 2033, "g_lr_before": 0.00425, "g_lr_after": 0.002125, "fires": 833, "prior_lr_before": 0.0085, "prior_lr_after": 0.00425}
{"event": "g_lr_apply", "armed": true, "update_index": 2034, "g_lr_before": 0.00425, "g_lr_after": 0.002125, "fires": 834, "prior_lr_before": 0.0085, "prior_lr_after": 0.00425}
{"event": "g_lr_apply", "armed": true, "update_index": 2035, "g_lr_before": 0.00425, "g_lr_after": 0.002125, "fires": 835, "prior_lr_before": 0.0085, "prior_lr_after": 0.00425}
{"event": "g_lr_apply", "armed": true, "update_index": 2036, "g_lr_before": 0.00425, "g_lr_after": 0.002125, "fires": 836, "prior_lr_before": 0.0085, "prior_lr_after": 0.00425}
{"event": "g_lr_apply", "armed": true, "update_index": 2037, "g_lr_before": 0.00425, "g_lr_after": 0.002125, "fires": 837, "prior_lr_before": 0.0085, "prior_lr_after": 0.00425}
{"event": "g_lr_apply", "armed": true, "update_index": 2038, "g_lr_before": 0.00425, "g_lr_after": 0.002125, "fires": 838, "prior_lr_before": 0.0085, "prior_lr_after": 0.00425}
{"event": "g_lr_apply", "armed": true, "update_index": 2039, "g_lr_before": 0.00425, "g_lr_after": 0.002125, "fires": 839, "prior_lr_before": 0.0085, "prior_lr_after": 0.00425}
{"event": "g_lr_apply", "armed": true, "update_index": 2040, "g_lr_before": 0.00425, "g_lr_after": 0.002125, "fires": 840, "prior_lr_before": 0.0085, "prior_lr_after": 0.00425}
{"event": "g_lr_apply", "armed": true, "update_index": 2041, "g_lr_before": 0.00425, "g_lr_after": 0.002125, "fires": 841, "prior_lr_before": 0.0085, "prior_lr_after": 0.00425}
{"event": "g_lr_apply", "armed": true, "update_index": 2042, "g_lr_before": 0.00425, "g_lr_after": 0.002125, "fires": 842, "prior_lr_before": 0.0085, "prior_lr_after": 0.00425}
{"event": "g_lr_apply", "armed": true, "update_index": 2043, "g_lr_before": 0.00425, "g_lr_after": 0.002125, "fires": 843, "prior_lr_before": 0.0085, "prior_lr_after": 0.00425}
{"event": "g_lr_apply", "armed": true, "update_index": 2044, "g_lr_before": 0.00425, "g_lr_after": 0.002125, "fires": 844, "prior_lr_before": 0.0085, "prior_lr_after": 0.00425}
{"event": "g_lr_apply", "armed": true, "update_index": 2045, "g_lr_before": 0.00425, "g_lr_after": 0.002125, "fires": 845, "prior_lr_before": 0.0085, "prior_lr_after": 0.00425}
{"event": "g_lr_apply", "armed": true, "update_index": 2046, "g_lr_before": 0.00425, "g_lr_after": 0.002125, "fires": 846, "prior_lr_before": 0.0085, "prior_lr_after": 0.00425}
{"event": "g_lr_apply", "armed": true, "update_index": 2047, "g_lr_before": 0.00425, "g_lr_after": 0.002125, "fires": 847, "prior_lr_before": 0.0085, "prior_lr_after": 0.00425}
{"event": "g_lr_apply", "armed": true, "update_index": 2048, "g_lr_before": 0.00425, "g_lr_after": 0.002125, "fires": 848, "prior_lr_before": 0.0085, "prior_lr_after": 0.00425}
{"event": "g_lr_apply", "armed": true, "update_index": 2049, "g_lr_before": 0.00425, "g_lr_after": 0.002125, "fires": 849, "prior_lr_before": 0.0085, "prior_lr_after": 0.00425}
{"event": "g_lr_apply", "armed": true, "update_index": 2050, "g_lr_before": 0.00425, "g_lr_after": 0.002125, "fires": 850, "prior_lr_before": 0.0085, "prior_lr_after": 0.00425}
{"event": "g_lr_apply", "armed": true, "update_index": 2051, "g_lr_before": 0.00425, "g_lr_after": 0.002125, "fires": 851, "prior_lr_before": 0.0085, "prior_lr_after": 0.00425}
{"event": "g_lr_apply", "armed": true, "update_index": 2052, "g_lr_before": 0.00425, "g_lr_after": 0.002125, "fires": 852, "prior_lr_before": 0.0085, "prior_lr_after": 0.00425}
{"event": "g_lr_apply", "armed": true, "update_index": 2053, "g_lr_before": 0.00425, "g_lr_after": 0.002125, "fires": 853, "prior_lr_before": 0.0085, "prior_lr_after": 0.00425}
{"event": "g_lr_apply", "armed": true, "update_index": 2054, "g_lr_before": 0.00425, "g_lr_after": 0.002125, "fires": 854, "prior_lr_before": 0.0085, "prior_lr_after": 0.00425}
{"event": "g_lr_apply", "armed": true, "update_index": 2055, "g_lr_before": 0.00425, "g_lr_after": 0.002125, "fires": 855, "prior_lr_before": 0.0085, "prior_lr_after": 0.00425}
{"event": "g_lr_apply", "armed": true, "update_index": 2056, "g_lr_before": 0.00425, "g_lr_after": 0.002125, "fires": 856, "prior_lr_before": 0.0085, "prior_lr_after": 0.00425}
{"event": "g_lr_apply", "armed": true, "update_index": 2057, "g_lr_before": 0.00425, "g_lr_after": 0.002125, "fires": 857, "prior_lr_before": 0.0085, "prior_lr_after": 0.00425}
{"event": "g_lr_apply", "armed": true, "update_index": 2058, "g_lr_before": 0.00425, "g_lr_after": 0.002125, "fires": 858, "prior_lr_before": 0.0085, "prior_lr_after": 0.00425}
{"event": "g_lr_apply", "armed": true, "update_index": 2059, "g_lr_before": 0.00425, "g_lr_after": 0.002125, "fires": 859, "prior_lr_before": 0.0085, "prior_lr_after": 0.00425}
{"event": "g_lr_apply", "armed": true, "update_index": 2060, "g_lr_before": 0.00425, "g_lr_after": 0.002125, "fires": 860, "prior_lr_before": 0.0085, "prior_lr_after": 0.00425}
{"event": "g_lr_apply", "armed": true, "update_index": 2061, "g_lr_before": 0.00425, "g_lr_after": 0.002125, "fires": 861, "prior_lr_before": 0.0085, "prior_lr_after": 0.00425}
{"event": "g_lr_apply", "armed": true, "update_index": 2062, "g_lr_before": 0.00425, "g_lr_after": 0.002125, "fires": 862, "prior_lr_before": 0.0085, "prior_lr_after": 0.00425}
{"event": "g_lr_apply", "armed": true, "update_index": 2063, "g_lr_before": 0.00425, "g_lr_after": 0.002125, "fires": 863, "prior_lr_before": 0.0085, "prior_lr_after": 0.00425}
{"event": "g_lr_apply", "armed": true, "update_index": 2064, "g_lr_before": 0.00425, "g_lr_after": 0.002125, "fires": 864, "prior_lr_before": 0.0085, "prior_lr_after": 0.00425}
{"event": "g_lr_apply", "armed": true, "update_index": 2065, "g_lr_before": 0.00425, "g_lr_after": 0.002125, "fires": 865, "prior_lr_before": 0.0085, "prior_lr_after": 0.00425}
{"event": "g_lr_apply", "armed": true, "update_index": 2066, "g_lr_before": 0.00425, "g_lr_after": 0.002125, "fires": 866, "prior_lr_before": 0.0085, "prior_lr_after": 0.00425}
{"event": "g_lr_apply", "armed": true, "update_index": 2067, "g_lr_before": 0.00425, "g_lr_after": 0.002125, "fires": 867, "prior_lr_before": 0.0085, "prior_lr_after": 0.00425}
{"event": "g_lr_apply", "armed": true, "update_index": 2068, "g_lr_before": 0.00425, "g_lr_after": 0.002125, "fires": 868, "prior_lr_before": 0.0085, "prior_lr_after": 0.00425}
{"event": "g_lr_apply", "armed": true, "update_index": 2069, "g_lr_before": 0.00425, "g_lr_after": 0.002125, "fires": 869, "prior_lr_before": 0.0085, "prior_lr_after": 0.00425}
{"event": "g_lr_apply", "armed": true, "update_index": 2070, "g_lr_before": 0.00425, "g_lr_after": 0.002125, "fires": 870, "prior_lr_before": 0.0085, "prior_lr_after": 0.00425}
{"event": "g_lr_apply", "armed": true, "update_index": 2071, "g_lr_before": 0.00425, "g_lr_after": 0.002125, "fires": 871, "prior_lr_before": 0.0085, "prior_lr_after": 0.00425}
{"event": "g_lr_apply", "armed": true, "update_index": 2072, "g_lr_before": 0.00425, "g_lr_after": 0.002125, "fires": 872, "prior_lr_before": 0.0085, "prior_lr_after": 0.00425}
{"event": "g_lr_apply", "armed": true, "update_index": 2073, "g_lr_before": 0.00425, "g_lr_after": 0.002125, "fires": 873, "prior_lr_before": 0.0085, "prior_lr_after": 0.00425}
{"event": "g_lr_apply", "armed": true, "update_index": 2074, "g_lr_before": 0.00425, "g_lr_after": 0.002125, "fires": 874, "prior_lr_before": 0.0085, "prior_lr_after": 0.00425}
{"event": "g_lr_apply", "armed": true, "update_index": 2075, "g_lr_before": 0.00425, "g_lr_after": 0.002125, "fires": 875, "prior_lr_before": 0.0085, "prior_lr_after": 0.00425}
{"event": "g_lr_apply", "armed": true, "update_index": 2076, "g_lr_before": 0.00425, "g_lr_after": 0.002125, "fires": 876, "prior_lr_before": 0.0085, "prior_lr_after": 0.00425}
{"event": "g_lr_apply", "armed": true, "update_index": 2077, "g_lr_before": 0.00425, "g_lr_after": 0.002125, "fires": 877, "prior_lr_before": 0.0085, "prior_lr_after": 0.00425}
{"event": "g_lr_apply", "armed": true, "update_index": 2078, "g_lr_before": 0.00425, "g_lr_after": 0.002125, "fires": 878, "prior_lr_before": 0.0085, "prior_lr_after": 0.00425}
{"event": "g_lr_apply", "armed": true, "update_index": 2079, "g_lr_before": 0.00425, "g_lr_after": 0.002125, "fires": 879, "prior_lr_before": 0.0085, "prior_lr_after": 0.00425}
{"event": "g_lr_apply", "armed": true, "update_index": 2080, "g_lr_before": 0.00425, "g_lr_after": 0.002125, "fires": 880, "prior_lr_before": 0.0085, "prior_lr_after": 0.00425}
{"event": "g_lr_apply", "armed": true, "update_index": 2081, "g_lr_before": 0.00425, "g_lr_after": 0.002125, "fires": 881, "prior_lr_before": 0.0085, "prior_lr_after": 0.00425}
{"event": "g_lr_apply", "armed": true, "update_index": 2082, "g_lr_before": 0.00425, "g_lr_after": 0.002125, "fires": 882, "prior_lr_before": 0.0085, "prior_lr_after": 0.00425}
{"event": "g_lr_apply", "armed": true, "update_index": 2083, "g_lr_before": 0.00425, "g_lr_after": 0.002125, "fires": 883, "prior_lr_before": 0.0085, "prior_lr_after": 0.00425}
{"event": "g_lr_apply", "armed": true, "update_index": 2084, "g_lr_before": 0.00425, "g_lr_after": 0.002125, "fires": 884, "prior_lr_before": 0.0085, "prior_lr_after": 0.00425}
{"event": "g_lr_apply", "armed": true, "update_index": 2085, "g_lr_before": 0.00425, "g_lr_after": 0.002125, "fires": 885, "prior_lr_before": 0.0085, "prior_lr_after": 0.00425}
{"event": "g_lr_apply", "armed": true, "update_index": 2086, "g_lr_before": 0.00425, "g_lr_after": 0.002125, "fires": 886, "prior_lr_before": 0.0085, "prior_lr_after": 0.00425}
{"event": "g_lr_apply", "armed": true, "update_index": 2087, "g_lr_before": 0.00425, "g_lr_after": 0.002125, "fires": 887, "prior_lr_before": 0.0085, "prior_lr_after": 0.00425}
{"event": "g_lr_apply", "armed": true, "update_index": 2088, "g_lr_before": 0.00425, "g_lr_after": 0.002125, "fires": 888, "prior_lr_before": 0.0085, "prior_lr_after": 0.00425}
{"event": "g_lr_apply", "armed": true, "update_index": 2089, "g_lr_before": 0.00425, "g_lr_after": 0.002125, "fires": 889, "prior_lr_before": 0.0085, "prior_lr_after": 0.00425}
{"event": "g_lr_apply", "armed": true, "update_index": 2090, "g_lr_before": 0.00425, "g_lr_after": 0.002125, "fires": 890, "prior_lr_before": 0.0085, "prior_lr_after": 0.00425}
{"event": "g_lr_apply", "armed": true, "update_index": 2091, "g_lr_before": 0.00425, "g_lr_after": 0.002125, "fires": 891, "prior_lr_before": 0.0085, "prior_lr_after": 0.00425}
{"event": "g_lr_apply", "armed": true, "update_index": 2092, "g_lr_before": 0.00425, "g_lr_after": 0.002125, "fires": 892, "prior_lr_before": 0.0085, "prior_lr_after": 0.00425}
{"event": "g_lr_apply", "armed": true, "update_index": 2093, "g_lr_before": 0.00425, "g_lr_after": 0.002125, "fires": 893, "prior_lr_before": 0.0085, "prior_lr_after": 0.00425}
{"event": "g_lr_apply", "armed": true, "update_index": 2094, "g_lr_before": 0.00425, "g_lr_after": 0.002125, "fires": 894, "prior_lr_before": 0.0085, "prior_lr_after": 0.00425}
{"event": "g_lr_apply", "armed": true, "update_index": 2095, "g_lr_before": 0.00425, "g_lr_after": 0.002125, "fires": 895, "prior_lr_before": 0.0085, "prior_lr_after": 0.00425}
{"event": "g_lr_apply", "armed": true, "update_index": 2096, "g_lr_before": 0.00425, "g_lr_after": 0.002125, "fires": 896, "prior_lr_before": 0.0085, "prior_lr_after": 0.00425}
{"event": "g_lr_apply", "armed": true, "update_index": 2097, "g_lr_before": 0.00425, "g_lr_after": 0.002125, "fires": 897, "prior_lr_before": 0.0085, "prior_lr_after": 0.00425}
{"event": "g_lr_apply", "armed": true, "update_index": 2098, "g_lr_before": 0.00425, "g_lr_after": 0.002125, "fires": 898, "prior_lr_before": 0.0085, "prior_lr_after": 0.00425}
{"event": "g_lr_apply", "armed": true, "update_index": 2099, "g_lr_before": 0.00425, "g_lr_after": 0.002125, "fires": 899, "prior_lr_before": 0.0085, "prior_lr_after": 0.00425}
{"event": "g_lr_apply", "armed": true, "update_index": 2100, "g_lr_before": 0.00425, "g_lr_after": 0.002125, "fires": 900, "prior_lr_before": 0.0085, "prior_lr_after": 0.00425}
{"event": "g_lr_apply", "armed": true, "update_index": 2101, "g_lr_before": 0.00425, "g_lr_after": 0.002125, "fires": 901, "prior_lr_before": 0.0085, "prior_lr_after": 0.00425}
{"event": "g_lr_apply", "armed": true, "update_index": 2102, "g_lr_before": 0.00425, "g_lr_after": 0.002125, "fires": 902, "prior_lr_before": 0.0085, "prior_lr_after": 0.00425}
{"event": "g_lr_apply", "armed": true, "update_index": 2103, "g_lr_before": 0.00425, "g_lr_after": 0.002125, "fires": 903, "prior_lr_before": 0.0085, "prior_lr_after": 0.00425}
{"event": "g_lr_apply", "armed": true, "update_index": 2104, "g_lr_before": 0.00425, "g_lr_after": 0.002125, "fires": 904, "prior_lr_before": 0.0085, "prior_lr_after": 0.00425}
{"event": "g_lr_apply", "armed": true, "update_index": 2105, "g_lr_before": 0.00425, "g_lr_after": 0.002125, "fires": 905, "prior_lr_before": 0.0085, "prior_lr_after": 0.00425}
{"event": "g_lr_apply", "armed": true, "update_index": 2106, "g_lr_before": 0.00425, "g_lr_after": 0.002125, "fires": 906, "prior_lr_before": 0.0085, "prior_lr_after": 0.00425}
{"event": "g_lr_apply", "armed": true, "update_index": 2107, "g_lr_before": 0.00425, "g_lr_after": 0.002125, "fires": 907, "prior_lr_before": 0.0085, "prior_lr_after": 0.00425}
{"event": "g_lr_apply", "armed": true, "update_index": 2108, "g_lr_before": 0.00425, "g_lr_after": 0.002125, "fires": 908, "prior_lr_before": 0.0085, "prior_lr_after": 0.00425}
{"event": "g_lr_apply", "armed": true, "update_index": 2109, "g_lr_before": 0.00425, "g_lr_after": 0.002125, "fires": 909, "prior_lr_before": 0.0085, "prior_lr_after": 0.00425}
{"event": "g_lr_apply", "armed": true, "update_index": 2110, "g_lr_before": 0.00425, "g_lr_after": 0.002125, "fires": 910, "prior_lr_before": 0.0085, "prior_lr_after": 0.00425}
{"event": "g_lr_apply", "armed": true, "update_index": 2111, "g_lr_before": 0.00425, "g_lr_after": 0.002125, "fires": 911, "prior_lr_before": 0.0085, "prior_lr_after": 0.00425}
{"event": "g_lr_apply", "armed": true, "update_index": 2112, "g_lr_before": 0.00425, "g_lr_after": 0.002125, "fires": 912, "prior_lr_before": 0.0085, "prior_lr_after": 0.00425}
{"event": "g_lr_apply", "armed": true, "update_index": 2113, "g_lr_before": 0.00425, "g_lr_after": 0.002125, "fires": 913, "prior_lr_before": 0.0085, "prior_lr_after": 0.00425}
{"event": "g_lr_apply", "armed": true, "update_index": 2114, "g_lr_before": 0.00425, "g_lr_after": 0.002125, "fires": 914, "prior_lr_before": 0.0085, "prior_lr_after": 0.00425}
{"event": "g_lr_apply", "armed": true, "update_index": 2115, "g_lr_before": 0.00425, "g_lr_after": 0.002125, "fires": 915, "prior_lr_before": 0.0085, "prior_lr_after": 0.00425}
{"event": "g_lr_apply", "armed": true, "update_index": 2116, "g_lr_before": 0.00425, "g_lr_after": 0.002125, "fires": 916, "prior_lr_before": 0.0085, "prior_lr_after": 0.00425}
{"event": "g_lr_apply", "armed": true, "update_index": 2117, "g_lr_before": 0.00425, "g_lr_after": 0.002125, "fires": 917, "prior_lr_before": 0.0085, "prior_lr_after": 0.00425}
{"event": "g_lr_apply", "armed": true, "update_index": 2118, "g_lr_before": 0.00425, "g_lr_after": 0.002125, "fires": 918, "prior_lr_before": 0.0085, "prior_lr_after": 0.00425}
{"event": "g_lr_apply", "armed": true, "update_index": 2119, "g_lr_before": 0.00425, "g_lr_after": 0.002125, "fires": 919, "prior_lr_before": 0.0085, "prior_lr_after": 0.00425}
{"event": "g_lr_apply", "armed": true, "update_index": 2120, "g_lr_before": 0.00425, "g_lr_after": 0.002125, "fires": 920, "prior_lr_before": 0.0085, "prior_lr_after": 0.00425}
{"event": "g_lr_apply", "armed": true, "update_index": 2121, "g_lr_before": 0.00425, "g_lr_after": 0.002125, "fires": 921, "prior_lr_before": 0.0085, "prior_lr_after": 0.00425}
{"event": "g_lr_apply", "armed": true, "update_index": 2122, "g_lr_before": 0.00425, "g_lr_after": 0.002125, "fires": 922, "prior_lr_before": 0.0085, "prior_lr_after": 0.00425}
{"event": "g_lr_apply", "armed": true, "update_index": 2123, "g_lr_before": 0.00425, "g_lr_after": 0.002125, "fires": 923, "prior_lr_before": 0.0085, "prior_lr_after": 0.00425}
{"event": "g_lr_apply", "armed": true, "update_index": 2124, "g_lr_before": 0.00425, "g_lr_after": 0.002125, "fires": 924, "prior_lr_before": 0.0085, "prior_lr_after": 0.00425}
{"event": "g_lr_apply", "armed": true, "update_index": 2125, "g_lr_before": 0.00425, "g_lr_after": 0.002125, "fires": 925, "prior_lr_before": 0.0085, "prior_lr_after": 0.00425}
{"event": "g_lr_apply", "armed": true, "update_index": 2126, "g_lr_before": 0.00425, "g_lr_after": 0.002125, "fires": 926, "prior_lr_before": 0.0085, "prior_lr_after": 0.00425}
{"event": "g_lr_apply", "armed": true, "update_index": 2127, "g_lr_before": 0.00425, "g_lr_after": 0.002125, "fires": 927, "prior_lr_before": 0.0085, "prior_lr_after": 0.00425}
{"event": "g_lr_apply", "armed": true, "update_index": 2128, "g_lr_before": 0.00425, "g_lr_after": 0.002125, "fires": 928, "prior_lr_before": 0.0085, "prior_lr_after": 0.00425}
{"event": "g_lr_apply", "armed": true, "update_index": 2129, "g_lr_before": 0.00425, "g_lr_after": 0.002125, "fires": 929, "prior_lr_before": 0.0085, "prior_lr_after": 0.00425}
{"event": "g_lr_apply", "armed": true, "update_index": 2130, "g_lr_before": 0.00425, "g_lr_after": 0.002125, "fires": 930, "prior_lr_before": 0.0085, "prior_lr_after": 0.00425}
{"event": "g_lr_apply", "armed": true, "update_index": 2131, "g_lr_before": 0.00425, "g_lr_after": 0.002125, "fires": 931, "prior_lr_before": 0.0085, "prior_lr_after": 0.00425}
{"event": "g_lr_apply", "armed": true, "update_index": 2132, "g_lr_before": 0.00425, "g_lr_after": 0.002125, "fires": 932, "prior_lr_before": 0.0085, "prior_lr_after": 0.00425}
{"event": "g_lr_apply", "armed": true, "update_index": 2133, "g_lr_before": 0.00425, "g_lr_after": 0.002125, "fires": 933, "prior_lr_before": 0.0085, "prior_lr_after": 0.00425}
{"event": "g_lr_apply", "armed": true, "update_index": 2134, "g_lr_before": 0.00425, "g_lr_after": 0.002125, "fires": 934, "prior_lr_before": 0.0085, "prior_lr_after": 0.00425}
{"event": "g_lr_apply", "armed": true, "update_index": 2135, "g_lr_before": 0.00425, "g_lr_after": 0.002125, "fires": 935, "prior_lr_before": 0.0085, "prior_lr_after": 0.00425}
{"event": "g_lr_apply", "armed": true, "update_index": 2136, "g_lr_before": 0.00425, "g_lr_after": 0.002125, "fires": 936, "prior_lr_before": 0.0085, "prior_lr_after": 0.00425}
{"event": "g_lr_apply", "armed": true, "update_index": 2137, "g_lr_before": 0.00425, "g_lr_after": 0.002125, "fires": 937, "prior_lr_before": 0.0085, "prior_lr_after": 0.00425}
{"event": "g_lr_apply", "armed": true, "update_index": 2138, "g_lr_before": 0.00425, "g_lr_after": 0.002125, "fires": 938, "prior_lr_before": 0.0085, "prior_lr_after": 0.00425}
{"event": "g_lr_apply", "armed": true, "update_index": 2139, "g_lr_before": 0.00425, "g_lr_after": 0.002125, "fires": 939, "prior_lr_before": 0.0085, "prior_lr_after": 0.00425}
{"event": "g_lr_apply", "armed": true, "update_index": 2140, "g_lr_before": 0.00425, "g_lr_after": 0.002125, "fires": 940, "prior_lr_before": 0.0085, "prior_lr_after": 0.00425}
{"event": "g_lr_apply", "armed": true, "update_index": 2141, "g_lr_before": 0.00425, "g_lr_after": 0.002125, "fires": 941, "prior_lr_before": 0.0085, "prior_lr_after": 0.00425}
{"event": "g_lr_apply", "armed": true, "update_index": 2142, "g_lr_before": 0.00425, "g_lr_after": 0.002125, "fires": 942, "prior_lr_before": 0.0085, "prior_lr_after": 0.00425}
{"event": "g_lr_apply", "armed": true, "update_index": 2143, "g_lr_before": 0.00425, "g_lr_after": 0.002125, "fires": 943, "prior_lr_before": 0.0085, "prior_lr_after": 0.00425}
{"event": "g_lr_apply", "armed": true, "update_index": 2144, "g_lr_before": 0.00425, "g_lr_after": 0.002125, "fires": 944, "prior_lr_before": 0.0085, "prior_lr_after": 0.00425}
{"event": "g_lr_apply", "armed": true, "update_index": 2145, "g_lr_before": 0.00425, "g_lr_after": 0.002125, "fires": 945, "prior_lr_before": 0.0085, "prior_lr_after": 0.00425}
{"event": "g_lr_apply", "armed": true, "update_index": 2146, "g_lr_before": 0.00425, "g_lr_after": 0.002125, "fires": 946, "prior_lr_before": 0.0085, "prior_lr_after": 0.00425}
{"event": "g_lr_apply", "armed": true, "update_index": 2147, "g_lr_before": 0.00425, "g_lr_after": 0.002125, "fires": 947, "prior_lr_before": 0.0085, "prior_lr_after": 0.00425}
{"event": "g_lr_apply", "armed": true, "update_index": 2148, "g_lr_before": 0.00425, "g_lr_after": 0.002125, "fires": 948, "prior_lr_before": 0.0085, "prior_lr_after": 0.00425}
{"event": "g_lr_apply", "armed": true, "update_index": 2149, "g_lr_before": 0.00425, "g_lr_after": 0.002125, "fires": 949, "prior_lr_before": 0.0085, "prior_lr_after": 0.00425}
{"event": "g_lr_apply", "armed": true, "update_index": 2150, "g_lr_before": 0.00425, "g_lr_after": 0.002125, "fires": 950, "prior_lr_before": 0.0085, "prior_lr_after": 0.00425}
{"event": "g_lr_apply", "armed": true, "update_index": 2151, "g_lr_before": 0.00425, "g_lr_after": 0.002125, "fires": 951, "prior_lr_before": 0.0085, "prior_lr_after": 0.00425}
{"event": "g_lr_apply", "armed": true, "update_index": 2152, "g_lr_before": 0.00425, "g_lr_after": 0.002125, "fires": 952, "prior_lr_before": 0.0085, "prior_lr_after": 0.00425}
{"event": "g_lr_apply", "armed": true, "update_index": 2153, "g_lr_before": 0.00425, "g_lr_after": 0.002125, "fires": 953, "prior_lr_before": 0.0085, "prior_lr_after": 0.00425}
{"event": "g_lr_apply", "armed": true, "update_index": 2154, "g_lr_before": 0.00425, "g_lr_after": 0.002125, "fires": 954, "prior_lr_before": 0.0085, "prior_lr_after": 0.00425}
{"event": "g_lr_apply", "armed": true, "update_index": 2155, "g_lr_before": 0.00425, "g_lr_after": 0.002125, "fires": 955, "prior_lr_before": 0.0085, "prior_lr_after": 0.00425}
{"event": "g_lr_apply", "armed": true, "update_index": 2156, "g_lr_before": 0.00425, "g_lr_after": 0.002125, "fires": 956, "prior_lr_before": 0.0085, "prior_lr_after": 0.00425}
{"event": "g_lr_apply", "armed": true, "update_index": 2157, "g_lr_before": 0.00425, "g_lr_after": 0.002125, "fires": 957, "prior_lr_before": 0.0085, "prior_lr_after": 0.00425}
{"event": "g_lr_apply", "armed": true, "update_index": 2158, "g_lr_before": 0.00425, "g_lr_after": 0.002125, "fires": 958, "prior_lr_before": 0.0085, "prior_lr_after": 0.00425}
{"event": "g_lr_apply", "armed": true, "update_index": 2159, "g_lr_before": 0.00425, "g_lr_after": 0.002125, "fires": 959, "prior_lr_before": 0.0085, "prior_lr_after": 0.00425}
{"event": "g_lr_apply", "armed": true, "update_index": 2160, "g_lr_before": 0.00425, "g_lr_after": 0.002125, "fires": 960, "prior_lr_before": 0.0085, "prior_lr_after": 0.00425}
{"event": "g_lr_apply", "armed": true, "update_index": 2161, "g_lr_before": 0.00425, "g_lr_after": 0.002125, "fires": 961, "prior_lr_before": 0.0085, "prior_lr_after": 0.00425}
{"event": "g_lr_apply", "armed": true, "update_index": 2162, "g_lr_before": 0.00425, "g_lr_after": 0.002125, "fires": 962, "prior_lr_before": 0.0085, "prior_lr_after": 0.00425}
{"event": "g_lr_apply", "armed": true, "update_index": 2163, "g_lr_before": 0.00425, "g_lr_after": 0.002125, "fires": 963, "prior_lr_before": 0.0085, "prior_lr_after": 0.00425}
{"event": "g_lr_apply", "armed": true, "update_index": 2164, "g_lr_before": 0.00425, "g_lr_after": 0.002125, "fires": 964, "prior_lr_before": 0.0085, "prior_lr_after": 0.00425}
{"event": "g_lr_apply", "armed": true, "update_index": 2165, "g_lr_before": 0.00425, "g_lr_after": 0.002125, "fires": 965, "prior_lr_before": 0.0085, "prior_lr_after": 0.00425}
{"event": "g_lr_apply", "armed": true, "update_index": 2166, "g_lr_before": 0.00425, "g_lr_after": 0.002125, "fires": 966, "prior_lr_before": 0.0085, "prior_lr_after": 0.00425}
{"event": "g_lr_apply", "armed": true, "update_index": 2167, "g_lr_before": 0.00425, "g_lr_after": 0.002125, "fires": 967, "prior_lr_before": 0.0085, "prior_lr_after": 0.00425}
{"event": "g_lr_apply", "armed": true, "update_index": 2168, "g_lr_before": 0.00425, "g_lr_after": 0.002125, "fires": 968, "prior_lr_before": 0.0085, "prior_lr_after": 0.00425}
{"event": "g_lr_apply", "armed": true, "update_index": 2169, "g_lr_before": 0.00425, "g_lr_after": 0.002125, "fires": 969, "prior_lr_before": 0.0085, "prior_lr_after": 0.00425}
{"event": "g_lr_apply", "armed": true, "update_index": 2170, "g_lr_before": 0.00425, "g_lr_after": 0.002125, "fires": 970, "prior_lr_before": 0.0085, "prior_lr_after": 0.00425}
{"event": "g_lr_apply", "armed": true, "update_index": 2171, "g_lr_before": 0.00425, "g_lr_after": 0.002125, "fires": 971, "prior_lr_before": 0.0085, "prior_lr_after": 0.00425}
{"event": "g_lr_apply", "armed": true, "update_index": 2172, "g_lr_before": 0.00425, "g_lr_after": 0.002125, "fires": 972, "prior_lr_before": 0.0085, "prior_lr_after": 0.00425}
{"event": "g_lr_apply", "armed": true, "update_index": 2173, "g_lr_before": 0.00425, "g_lr_after": 0.002125, "fires": 973, "prior_lr_before": 0.0085, "prior_lr_after": 0.00425}
{"event": "g_lr_apply", "armed": true, "update_index": 2174, "g_lr_before": 0.00425, "g_lr_after": 0.002125, "fires": 974, "prior_lr_before": 0.0085, "prior_lr_after": 0.00425}
{"event": "g_lr_apply", "armed": true, "update_index": 2175, "g_lr_before": 0.00425, "g_lr_after": 0.002125, "fires": 975, "prior_lr_before": 0.0085, "prior_lr_after": 0.00425}
{"event": "g_lr_apply", "armed": true, "update_index": 2176, "g_lr_before": 0.00425, "g_lr_after": 0.002125, "fires": 976, "prior_lr_before": 0.0085, "prior_lr_after": 0.00425}
{"event": "g_lr_apply", "armed": true, "update_index": 2177, "g_lr_before": 0.00425, "g_lr_after": 0.002125, "fires": 977, "prior_lr_before": 0.0085, "prior_lr_after": 0.00425}
{"event": "g_lr_apply", "armed": true, "update_index": 2178, "g_lr_before": 0.00425, "g_lr_after": 0.002125, "fires": 978, "prior_lr_before": 0.0085, "prior_lr_after": 0.00425}
{"event": "g_lr_apply", "armed": true, "update_index": 2179, "g_lr_before": 0.00425, "g_lr_after": 0.002125, "fires": 979, "prior_lr_before": 0.0085, "prior_lr_after": 0.00425}
{"event": "g_lr_apply", "armed": true, "update_index": 2180, "g_lr_before": 0.00425, "g_lr_after": 0.002125, "fires": 980, "prior_lr_before": 0.0085, "prior_lr_after": 0.00425}
{"event": "g_lr_apply", "armed": true, "update_index": 2181, "g_lr_before": 0.00425, "g_lr_after": 0.002125, "fires": 981, "prior_lr_before": 0.0085, "prior_lr_after": 0.00425}
{"event": "g_lr_apply", "armed": true, "update_index": 2182, "g_lr_before": 0.00425, "g_lr_after": 0.002125, "fires": 982, "prior_lr_before": 0.0085, "prior_lr_after": 0.00425}
{"event": "g_lr_apply", "armed": true, "update_index": 2183, "g_lr_before": 0.00425, "g_lr_after": 0.002125, "fires": 983, "prior_lr_before": 0.0085, "prior_lr_after": 0.00425}
{"event": "g_lr_apply", "armed": true, "update_index": 2184, "g_lr_before": 0.00425, "g_lr_after": 0.002125, "fires": 984, "prior_lr_before": 0.0085, "prior_lr_after": 0.00425}
{"event": "g_lr_apply", "armed": true, "update_index": 2185, "g_lr_before": 0.00425, "g_lr_after": 0.002125, "fires": 985, "prior_lr_before": 0.0085, "prior_lr_after": 0.00425}
{"event": "g_lr_apply", "armed": true, "update_index": 2186, "g_lr_before": 0.00425, "g_lr_after": 0.002125, "fires": 986, "prior_lr_before": 0.0085, "prior_lr_after": 0.00425}
{"event": "g_lr_apply", "armed": true, "update_index": 2187, "g_lr_before": 0.00425, "g_lr_after": 0.002125, "fires": 987, "prior_lr_before": 0.0085, "prior_lr_after": 0.00425}
{"event": "g_lr_apply", "armed": true, "update_index": 2188, "g_lr_before": 0.00425, "g_lr_after": 0.002125, "fires": 988, "prior_lr_before": 0.0085, "prior_lr_after": 0.00425}
{"event": "g_lr_apply", "armed": true, "update_index": 2189, "g_lr_before": 0.00425, "g_lr_after": 0.002125, "fires": 989, "prior_lr_before": 0.0085, "prior_lr_after": 0.00425}
{"event": "g_lr_apply", "armed": true, "update_index": 2190, "g_lr_before": 0.00425, "g_lr_after": 0.002125, "fires": 990, "prior_lr_before": 0.0085, "prior_lr_after": 0.00425}
{"event": "g_lr_apply", "armed": true, "update_index": 2191, "g_lr_before": 0.00425, "g_lr_after": 0.002125, "fires": 991, "prior_lr_before": 0.0085, "prior_lr_after": 0.00425}
{"event": "g_lr_apply", "armed": true, "update_index": 2192, "g_lr_before": 0.00425, "g_lr_after": 0.002125, "fires": 992, "prior_lr_before": 0.0085, "prior_lr_after": 0.00425}
{"event": "g_lr_apply", "armed": true, "update_index": 2193, "g_lr_before": 0.00425, "g_lr_after": 0.002125, "fires": 993, "prior_lr_before": 0.0085, "prior_lr_after": 0.00425}
{"event": "g_lr_apply", "armed": true, "update_index": 2194, "g_lr_before": 0.00425, "g_lr_after": 0.002125, "fires": 994, "prior_lr_before": 0.0085, "prior_lr_after": 0.00425}
{"event": "g_lr_apply", "armed": true, "update_index": 2195, "g_lr_before": 0.00425, "g_lr_after": 0.002125, "fires": 995, "prior_lr_before": 0.0085, "prior_lr_after": 0.00425}
{"event": "g_lr_apply", "armed": true, "update_index": 2196, "g_lr_before": 0.00425, "g_lr_after": 0.002125, "fires": 996, "prior_lr_before": 0.0085, "prior_lr_after": 0.00425}
{"event": "g_lr_apply", "armed": true, "update_index": 2197, "g_lr_before": 0.00425, "g_lr_after": 0.002125, "fires": 997, "prior_lr_before": 0.0085, "prior_lr_after": 0.00425}
{"event": "g_lr_apply", "armed": true, "update_index": 2198, "g_lr_before": 0.00425, "g_lr_after": 0.002125, "fires": 998, "prior_lr_before": 0.0085, "prior_lr_after": 0.00425}
{"event": "g_lr_apply", "armed": true, "update_index": 2199, "g_lr_before": 0.00425, "g_lr_after": 0.002125, "fires": 999, "prior_lr_before": 0.0085, "prior_lr_after": 0.00425}
{"event": "g_lr_apply", "armed": true, "update_index": 2200, "g_lr_before": 0.00425, "g_lr_after": 0.002125, "fires": 1000, "prior_lr_before": 0.0085, "prior_lr_after": 0.00425}
{"event": "g_lr_apply", "armed": true, "update_index": 2201, "g_lr_before": 0.00425, "g_lr_after": 0.002125, "fires": 1001, "prior_lr_before": 0.0085, "prior_lr_after": 0.00425}
{"event": "g_lr_apply", "armed": true, "update_index": 2202, "g_lr_before": 0.00425, "g_lr_after": 0.002125, "fires": 1002, "prior_lr_before": 0.0085, "prior_lr_after": 0.00425}
{"event": "g_lr_apply", "armed": true, "update_index": 2203, "g_lr_before": 0.00425, "g_lr_after": 0.002125, "fires": 1003, "prior_lr_before": 0.0085, "prior_lr_after": 0.00425}
{"event": "g_lr_apply", "armed": true, "update_index": 2204, "g_lr_before": 0.00425, "g_lr_after": 0.002125, "fires": 1004, "prior_lr_before": 0.0085, "prior_lr_after": 0.00425}
{"event": "g_lr_apply", "armed": true, "update_index": 2205, "g_lr_before": 0.00425, "g_lr_after": 0.002125, "fires": 1005, "prior_lr_before": 0.0085, "prior_lr_after": 0.00425}
{"event": "g_lr_apply", "armed": true, "update_index": 2206, "g_lr_before": 0.00425, "g_lr_after": 0.002125, "fires": 1006, "prior_lr_before": 0.0085, "prior_lr_after": 0.00425}
{"event": "g_lr_apply", "armed": true, "update_index": 2207, "g_lr_before": 0.00425, "g_lr_after": 0.002125, "fires": 1007, "prior_lr_before": 0.0085, "prior_lr_after": 0.00425}
{"event": "g_lr_apply", "armed": true, "update_index": 2208, "g_lr_before": 0.00425, "g_lr_after": 0.002125, "fires": 1008, "prior_lr_before": 0.0085, "prior_lr_after": 0.00425}
{"event": "g_lr_apply", "armed": true, "update_index": 2209, "g_lr_before": 0.00425, "g_lr_after": 0.002125, "fires": 1009, "prior_lr_before": 0.0085, "prior_lr_after": 0.00425}
{"event": "g_lr_apply", "armed": true, "update_index": 2210, "g_lr_before": 0.00425, "g_lr_after": 0.002125, "fires": 1010, "prior_lr_before": 0.0085, "prior_lr_after": 0.00425}
{"event": "g_lr_apply", "armed": true, "update_index": 2211, "g_lr_before": 0.00425, "g_lr_after": 0.002125, "fires": 1011, "prior_lr_before": 0.0085, "prior_lr_after": 0.00425}
{"event": "g_lr_apply", "armed": true, "update_index": 2212, "g_lr_before": 0.00425, "g_lr_after": 0.002125, "fires": 1012, "prior_lr_before": 0.0085, "prior_lr_after": 0.00425}
{"event": "g_lr_apply", "armed": true, "update_index": 2213, "g_lr_before": 0.00425, "g_lr_after": 0.002125, "fires": 1013, "prior_lr_before": 0.0085, "prior_lr_after": 0.00425}
{"event": "g_lr_apply", "armed": true, "update_index": 2214, "g_lr_before": 0.00425, "g_lr_after": 0.002125, "fires": 1014, "prior_lr_before": 0.0085, "prior_lr_after": 0.00425}
{"event": "g_lr_apply", "armed": true, "update_index": 2215, "g_lr_before": 0.00425, "g_lr_after": 0.002125, "fires": 1015, "prior_lr_before": 0.0085, "prior_lr_after": 0.00425}
{"event": "g_lr_apply", "armed": true, "update_index": 2216, "g_lr_before": 0.00425, "g_lr_after": 0.002125, "fires": 1016, "prior_lr_before": 0.0085, "prior_lr_after": 0.00425}
{"event": "g_lr_apply", "armed": true, "update_index": 2217, "g_lr_before": 0.00425, "g_lr_after": 0.002125, "fires": 1017, "prior_lr_before": 0.0085, "prior_lr_after": 0.00425}
{"event": "g_lr_apply", "armed": true, "update_index": 2218, "g_lr_before": 0.00425, "g_lr_after": 0.002125, "fires": 1018, "prior_lr_before": 0.0085, "prior_lr_after": 0.00425}
{"event": "g_lr_apply", "armed": true, "update_index": 2219, "g_lr_before": 0.00425, "g_lr_after": 0.002125, "fires": 1019, "prior_lr_before": 0.0085, "prior_lr_after": 0.00425}
{"event": "g_lr_apply", "armed": true, "update_index": 2220, "g_lr_before": 0.00425, "g_lr_after": 0.002125, "fires": 1020, "prior_lr_before": 0.0085, "prior_lr_after": 0.00425}
{"event": "g_lr_apply", "armed": true, "update_index": 2221, "g_lr_before": 0.00425, "g_lr_after": 0.002125, "fires": 1021, "prior_lr_before": 0.0085, "prior_lr_after": 0.00425}
{"event": "g_lr_apply", "armed": true, "update_index": 2222, "g_lr_before": 0.00425, "g_lr_after": 0.002125, "fires": 1022, "prior_lr_before": 0.0085, "prior_lr_after": 0.00425}
{"event": "g_lr_apply", "armed": true, "update_index": 2223, "g_lr_before": 0.00425, "g_lr_after": 0.002125, "fires": 1023, "prior_lr_before": 0.0085, "prior_lr_after": 0.00425}
{"event": "g_lr_apply", "armed": true, "update_index": 2224, "g_lr_before": 0.00425, "g_lr_after": 0.002125, "fires": 1024, "prior_lr_before": 0.0085, "prior_lr_after": 0.00425}
{"event": "g_lr_apply", "armed": true, "update_index": 2225, "g_lr_before": 0.00425, "g_lr_after": 0.002125, "fires": 1025, "prior_lr_before": 0.0085, "prior_lr_after": 0.00425}
{"event": "g_lr_apply", "armed": true, "update_index": 2226, "g_lr_before": 0.00425, "g_lr_after": 0.002125, "fires": 1026, "prior_lr_before": 0.0085, "prior_lr_after": 0.00425}
{"event": "g_lr_apply", "armed": true, "update_index": 2227, "g_lr_before": 0.00425, "g_lr_after": 0.002125, "fires": 1027, "prior_lr_before": 0.0085, "prior_lr_after": 0.00425}
{"event": "g_lr_apply", "armed": true, "update_index": 2228, "g_lr_before": 0.00425, "g_lr_after": 0.002125, "fires": 1028, "prior_lr_before": 0.0085, "prior_lr_after": 0.00425}
{"event": "g_lr_apply", "armed": true, "update_index": 2229, "g_lr_before": 0.00425, "g_lr_after": 0.002125, "fires": 1029, "prior_lr_before": 0.0085, "prior_lr_after": 0.00425}
{"event": "g_lr_apply", "armed": true, "update_index": 2230, "g_lr_before": 0.00425, "g_lr_after": 0.002125, "fires": 1030, "prior_lr_before": 0.0085, "prior_lr_after": 0.00425}
{"event": "g_lr_apply", "armed": true, "update_index": 2231, "g_lr_before": 0.00425, "g_lr_after": 0.002125, "fires": 1031, "prior_lr_before": 0.0085, "prior_lr_after": 0.00425}
{"event": "g_lr_apply", "armed": true, "update_index": 2232, "g_lr_before": 0.00425, "g_lr_after": 0.002125, "fires": 1032, "prior_lr_before": 0.0085, "prior_lr_after": 0.00425}
{"event": "g_lr_apply", "armed": true, "update_index": 2233, "g_lr_before": 0.00425, "g_lr_after": 0.002125, "fires": 1033, "prior_lr_before": 0.0085, "prior_lr_after": 0.00425}
{"event": "g_lr_apply", "armed": true, "update_index": 2234, "g_lr_before": 0.00425, "g_lr_after": 0.002125, "fires": 1034, "prior_lr_before": 0.0085, "prior_lr_after": 0.00425}
{"event": "g_lr_apply", "armed": true, "update_index": 2235, "g_lr_before": 0.00425, "g_lr_after": 0.002125, "fires": 1035, "prior_lr_before": 0.0085, "prior_lr_after": 0.00425}
{"event": "g_lr_apply", "armed": true, "update_index": 2236, "g_lr_before": 0.00425, "g_lr_after": 0.002125, "fires": 1036, "prior_lr_before": 0.0085, "prior_lr_after": 0.00425}
{"event": "g_lr_apply", "armed": true, "update_index": 2237, "g_lr_before": 0.00425, "g_lr_after": 0.002125, "fires": 1037, "prior_lr_before": 0.0085, "prior_lr_after": 0.00425}
{"event": "g_lr_apply", "armed": true, "update_index": 2238, "g_lr_before": 0.00425, "g_lr_after": 0.002125, "fires": 1038, "prior_lr_before": 0.0085, "prior_lr_after": 0.00425}
{"event": "g_lr_apply", "armed": true, "update_index": 2239, "g_lr_before": 0.00425, "g_lr_after": 0.002125, "fires": 1039, "prior_lr_before": 0.0085, "prior_lr_after": 0.00425}
{"event": "g_lr_apply", "armed": true, "update_index": 2240, "g_lr_before": 0.00425, "g_lr_after": 0.002125, "fires": 1040, "prior_lr_before": 0.0085, "prior_lr_after": 0.00425}
{"event": "g_lr_apply", "armed": true, "update_index": 2241, "g_lr_before": 0.00425, "g_lr_after": 0.002125, "fires": 1041, "prior_lr_before": 0.0085, "prior_lr_after": 0.00425}
{"event": "g_lr_apply", "armed": true, "update_index": 2242, "g_lr_before": 0.00425, "g_lr_after": 0.002125, "fires": 1042, "prior_lr_before": 0.0085, "prior_lr_after": 0.00425}
{"event": "g_lr_apply", "armed": true, "update_index": 2243, "g_lr_before": 0.00425, "g_lr_after": 0.002125, "fires": 1043, "prior_lr_before": 0.0085, "prior_lr_after": 0.00425}
{"event": "g_lr_apply", "armed": true, "update_index": 2244, "g_lr_before": 0.00425, "g_lr_after": 0.002125, "fires": 1044, "prior_lr_before": 0.0085, "prior_lr_after": 0.00425}
{"event": "g_lr_apply", "armed": true, "update_index": 2245, "g_lr_before": 0.00425, "g_lr_after": 0.002125, "fires": 1045, "prior_lr_before": 0.0085, "prior_lr_after": 0.00425}
{"event": "g_lr_apply", "armed": true, "update_index": 2246, "g_lr_before": 0.00425, "g_lr_after": 0.002125, "fires": 1046, "prior_lr_before": 0.0085, "prior_lr_after": 0.00425}
{"event": "g_lr_apply", "armed": true, "update_index": 2247, "g_lr_before": 0.00425, "g_lr_after": 0.002125, "fires": 1047, "prior_lr_before": 0.0085, "prior_lr_after": 0.00425}
{"event": "g_lr_apply", "armed": true, "update_index": 2248, "g_lr_before": 0.00425, "g_lr_after": 0.002125, "fires": 1048, "prior_lr_before": 0.0085, "prior_lr_after": 0.00425}
{"event": "g_lr_apply", "armed": true, "update_index": 2249, "g_lr_before": 0.00425, "g_lr_after": 0.002125, "fires": 1049, "prior_lr_before": 0.0085, "prior_lr_after": 0.00425}
{"event": "g_lr_apply", "armed": true, "update_index": 2250, "g_lr_before": 0.00425, "g_lr_after": 0.002125, "fires": 1050, "prior_lr_before": 0.0085, "prior_lr_after": 0.00425}
{"event": "g_lr_apply", "armed": true, "update_index": 2251, "g_lr_before": 0.00425, "g_lr_after": 0.002125, "fires": 1051, "prior_lr_before": 0.0085, "prior_lr_after": 0.00425}
{"event": "g_lr_apply", "armed": true, "update_index": 2252, "g_lr_before": 0.00425, "g_lr_after": 0.002125, "fires": 1052, "prior_lr_before": 0.0085, "prior_lr_after": 0.00425}
{"event": "g_lr_apply", "armed": true, "update_index": 2253, "g_lr_before": 0.00425, "g_lr_after": 0.002125, "fires": 1053, "prior_lr_before": 0.0085, "prior_lr_after": 0.00425}
{"event": "g_lr_apply", "armed": true, "update_index": 2254, "g_lr_before": 0.00425, "g_lr_after": 0.002125, "fires": 1054, "prior_lr_before": 0.0085, "prior_lr_after": 0.00425}
{"event": "g_lr_apply", "armed": true, "update_index": 2255, "g_lr_before": 0.00425, "g_lr_after": 0.002125, "fires": 1055, "prior_lr_before": 0.0085, "prior_lr_after": 0.00425}
{"event": "g_lr_apply", "armed": true, "update_index": 2256, "g_lr_before": 0.00425, "g_lr_after": 0.002125, "fires": 1056, "prior_lr_before": 0.0085, "prior_lr_after": 0.00425}
{"event": "g_lr_apply", "armed": true, "update_index": 2257, "g_lr_before": 0.00425, "g_lr_after": 0.002125, "fires": 1057, "prior_lr_before": 0.0085, "prior_lr_after": 0.00425}
{"event": "g_lr_apply", "armed": true, "update_index": 2258, "g_lr_before": 0.00425, "g_lr_after": 0.002125, "fires": 1058, "prior_lr_before": 0.0085, "prior_lr_after": 0.00425}
{"event": "g_lr_apply", "armed": true, "update_index": 2259, "g_lr_before": 0.00425, "g_lr_after": 0.002125, "fires": 1059, "prior_lr_before": 0.0085, "prior_lr_after": 0.00425}
{"event": "g_lr_apply", "armed": true, "update_index": 2260, "g_lr_before": 0.00425, "g_lr_after": 0.002125, "fires": 1060, "prior_lr_before": 0.0085, "prior_lr_after": 0.00425}
{"event": "g_lr_apply", "armed": true, "update_index": 2261, "g_lr_before": 0.00425, "g_lr_after": 0.002125, "fires": 1061, "prior_lr_before": 0.0085, "prior_lr_after": 0.00425}
{"event": "g_lr_apply", "armed": true, "update_index": 2262, "g_lr_before": 0.00425, "g_lr_after": 0.002125, "fires": 1062, "prior_lr_before": 0.0085, "prior_lr_after": 0.00425}
{"event": "g_lr_apply", "armed": true, "update_index": 2263, "g_lr_before": 0.00425, "g_lr_after": 0.002125, "fires": 1063, "prior_lr_before": 0.0085, "prior_lr_after": 0.00425}
{"event": "g_lr_apply", "armed": true, "update_index": 2264, "g_lr_before": 0.00425, "g_lr_after": 0.002125, "fires": 1064, "prior_lr_before": 0.0085, "prior_lr_after": 0.00425}
{"event": "g_lr_apply", "armed": true, "update_index": 2265, "g_lr_before": 0.00425, "g_lr_after": 0.002125, "fires": 1065, "prior_lr_before": 0.0085, "prior_lr_after": 0.00425}
{"event": "g_lr_apply", "armed": true, "update_index": 2266, "g_lr_before": 0.00425, "g_lr_after": 0.002125, "fires": 1066, "prior_lr_before": 0.0085, "prior_lr_after": 0.00425}
{"event": "g_lr_apply", "armed": true, "update_index": 2267, "g_lr_before": 0.00425, "g_lr_after": 0.002125, "fires": 1067, "prior_lr_before": 0.0085, "prior_lr_after": 0.00425}
{"event": "g_lr_apply", "armed": true, "update_index": 2268, "g_lr_before": 0.00425, "g_lr_after": 0.002125, "fires": 1068, "prior_lr_before": 0.0085, "prior_lr_after": 0.00425}
{"event": "g_lr_apply", "armed": true, "update_index": 2269, "g_lr_before": 0.00425, "g_lr_after": 0.002125, "fires": 1069, "prior_lr_before": 0.0085, "prior_lr_after": 0.00425}
{"event": "g_lr_apply", "armed": true, "update_index": 2270, "g_lr_before": 0.00425, "g_lr_after": 0.002125, "fires": 1070, "prior_lr_before": 0.0085, "prior_lr_after": 0.00425}
{"event": "g_lr_apply", "armed": true, "update_index": 2271, "g_lr_before": 0.00425, "g_lr_after": 0.002125, "fires": 1071, "prior_lr_before": 0.0085, "prior_lr_after": 0.00425}
{"event": "g_lr_apply", "armed": true, "update_index": 2272, "g_lr_before": 0.00425, "g_lr_after": 0.002125, "fires": 1072, "prior_lr_before": 0.0085, "prior_lr_after": 0.00425}
{"event": "g_lr_apply", "armed": true, "update_index": 2273, "g_lr_before": 0.00425, "g_lr_after": 0.002125, "fires": 1073, "prior_lr_before": 0.0085, "prior_lr_after": 0.00425}
{"event": "g_lr_apply", "armed": true, "update_index": 2274, "g_lr_before": 0.00425, "g_lr_after": 0.002125, "fires": 1074, "prior_lr_before": 0.0085, "prior_lr_after": 0.00425}
{"event": "g_lr_apply", "armed": true, "update_index": 2275, "g_lr_before": 0.00425, "g_lr_after": 0.002125, "fires": 1075, "prior_lr_before": 0.0085, "prior_lr_after": 0.00425}
{"event": "g_lr_apply", "armed": true, "update_index": 2276, "g_lr_before": 0.00425, "g_lr_after": 0.002125, "fires": 1076, "prior_lr_before": 0.0085, "prior_lr_after": 0.00425}
{"event": "g_lr_apply", "armed": true, "update_index": 2277, "g_lr_before": 0.00425, "g_lr_after": 0.002125, "fires": 1077, "prior_lr_before": 0.0085, "prior_lr_after": 0.00425}
{"event": "g_lr_apply", "armed": true, "update_index": 2278, "g_lr_before": 0.00425, "g_lr_after": 0.002125, "fires": 1078, "prior_lr_before": 0.0085, "prior_lr_after": 0.00425}
{"event": "g_lr_apply", "armed": true, "update_index": 2279, "g_lr_before": 0.00425, "g_lr_after": 0.002125, "fires": 1079, "prior_lr_before": 0.0085, "prior_lr_after": 0.00425}
{"event": "g_lr_apply", "armed": true, "update_index": 2280, "g_lr_before": 0.00425, "g_lr_after": 0.002125, "fires": 1080, "prior_lr_before": 0.0085, "prior_lr_after": 0.00425}
{"event": "g_lr_apply", "armed": true, "update_index": 2281, "g_lr_before": 0.00425, "g_lr_after": 0.002125, "fires": 1081, "prior_lr_before": 0.0085, "prior_lr_after": 0.00425}
{"event": "g_lr_apply", "armed": true, "update_index": 2282, "g_lr_before": 0.00425, "g_lr_after": 0.002125, "fires": 1082, "prior_lr_before": 0.0085, "prior_lr_after": 0.00425}
{"event": "g_lr_apply", "armed": true, "update_index": 2283, "g_lr_before": 0.00425, "g_lr_after": 0.002125, "fires": 1083, "prior_lr_before": 0.0085, "prior_lr_after": 0.00425}
{"event": "g_lr_apply", "armed": true, "update_index": 2284, "g_lr_before": 0.00425, "g_lr_after": 0.002125, "fires": 1084, "prior_lr_before": 0.0085, "prior_lr_after": 0.00425}
{"event": "g_lr_apply", "armed": true, "update_index": 2285, "g_lr_before": 0.00425, "g_lr_after": 0.002125, "fires": 1085, "prior_lr_before": 0.0085, "prior_lr_after": 0.00425}
{"event": "g_lr_apply", "armed": true, "update_index": 2286, "g_lr_before": 0.00425, "g_lr_after": 0.002125, "fires": 1086, "prior_lr_before": 0.0085, "prior_lr_after": 0.00425}
{"event": "g_lr_apply", "armed": true, "update_index": 2287, "g_lr_before": 0.00425, "g_lr_after": 0.002125, "fires": 1087, "prior_lr_before": 0.0085, "prior_lr_after": 0.00425}
{"event": "g_lr_apply", "armed": true, "update_index": 2288, "g_lr_before": 0.00425, "g_lr_after": 0.002125, "fires": 1088, "prior_lr_before": 0.0085, "prior_lr_after": 0.00425}
{"event": "g_lr_apply", "armed": true, "update_index": 2289, "g_lr_before": 0.00425, "g_lr_after": 0.002125, "fires": 1089, "prior_lr_before": 0.0085, "prior_lr_after": 0.00425}
{"event": "g_lr_apply", "armed": true, "update_index": 2290, "g_lr_before": 0.00425, "g_lr_after": 0.002125, "fires": 1090, "prior_lr_before": 0.0085, "prior_lr_after": 0.00425}
{"event": "g_lr_apply", "armed": true, "update_index": 2291, "g_lr_before": 0.00425, "g_lr_after": 0.002125, "fires": 1091, "prior_lr_before": 0.0085, "prior_lr_after": 0.00425}
{"event": "g_lr_apply", "armed": true, "update_index": 2292, "g_lr_before": 0.00425, "g_lr_after": 0.002125, "fires": 1092, "prior_lr_before": 0.0085, "prior_lr_after": 0.00425}
{"event": "g_lr_apply", "armed": true, "update_index": 2293, "g_lr_before": 0.00425, "g_lr_after": 0.002125, "fires": 1093, "prior_lr_before": 0.0085, "prior_lr_after": 0.00425}
{"event": "g_lr_apply", "armed": true, "update_index": 2294, "g_lr_before": 0.00425, "g_lr_after": 0.002125, "fires": 1094, "prior_lr_before": 0.0085, "prior_lr_after": 0.00425}
{"event": "g_lr_apply", "armed": true, "update_index": 2295, "g_lr_before": 0.00425, "g_lr_after": 0.002125, "fires": 1095, "prior_lr_before": 0.0085, "prior_lr_after": 0.00425}
{"event": "g_lr_apply", "armed": true, "update_index": 2296, "g_lr_before": 0.00425, "g_lr_after": 0.002125, "fires": 1096, "prior_lr_before": 0.0085, "prior_lr_after": 0.00425}
{"event": "g_lr_apply", "armed": true, "update_index": 2297, "g_lr_before": 0.00425, "g_lr_after": 0.002125, "fires": 1097, "prior_lr_before": 0.0085, "prior_lr_after": 0.00425}
{"event": "g_lr_apply", "armed": true, "update_index": 2298, "g_lr_before": 0.00425, "g_lr_after": 0.002125, "fires": 1098, "prior_lr_before": 0.0085, "prior_lr_after": 0.00425}
{"event": "g_lr_apply", "armed": true, "update_index": 2299, "g_lr_before": 0.00425, "g_lr_after": 0.002125, "fires": 1099, "prior_lr_before": 0.0085, "prior_lr_after": 0.00425}
{"event": "g_lr_apply", "armed": true, "update_index": 2300, "g_lr_before": 0.00425, "g_lr_after": 0.002125, "fires": 1100, "prior_lr_before": 0.0085, "prior_lr_after": 0.00425}
{"event": "g_lr_apply", "armed": true, "update_index": 2301, "g_lr_before": 0.00425, "g_lr_after": 0.002125, "fires": 1101, "prior_lr_before": 0.0085, "prior_lr_after": 0.00425}
{"event": "g_lr_apply", "armed": true, "update_index": 2302, "g_lr_before": 0.00425, "g_lr_after": 0.002125, "fires": 1102, "prior_lr_before": 0.0085, "prior_lr_after": 0.00425}
{"event": "g_lr_apply", "armed": true, "update_index": 2303, "g_lr_before": 0.00425, "g_lr_after": 0.002125, "fires": 1103, "prior_lr_before": 0.0085, "prior_lr_after": 0.00425}
{"event": "g_lr_apply", "armed": true, "update_index": 2304, "g_lr_before": 0.00425, "g_lr_after": 0.002125, "fires": 1104, "prior_lr_before": 0.0085, "prior_lr_after": 0.00425}
{"event": "g_lr_apply", "armed": true, "update_index": 2305, "g_lr_before": 0.00425, "g_lr_after": 0.002125, "fires": 1105, "prior_lr_before": 0.0085, "prior_lr_after": 0.00425}
{"event": "g_lr_apply", "armed": true, "update_index": 2306, "g_lr_before": 0.00425, "g_lr_after": 0.002125, "fires": 1106, "prior_lr_before": 0.0085, "prior_lr_after": 0.00425}
{"event": "g_lr_apply", "armed": true, "update_index": 2307, "g_lr_before": 0.00425, "g_lr_after": 0.002125, "fires": 1107, "prior_lr_before": 0.0085, "prior_lr_after": 0.00425}
{"event": "g_lr_apply", "armed": true, "update_index": 2308, "g_lr_before": 0.00425, "g_lr_after": 0.002125, "fires": 1108, "prior_lr_before": 0.0085, "prior_lr_after": 0.00425}
{"event": "g_lr_apply", "armed": true, "update_index": 2309, "g_lr_before": 0.00425, "g_lr_after": 0.002125, "fires": 1109, "prior_lr_before": 0.0085, "prior_lr_after": 0.00425}
{"event": "g_lr_apply", "armed": true, "update_index": 2310, "g_lr_before": 0.00425, "g_lr_after": 0.002125, "fires": 1110, "prior_lr_before": 0.0085, "prior_lr_after": 0.00425}
{"event": "g_lr_apply", "armed": true, "update_index": 2311, "g_lr_before": 0.00425, "g_lr_after": 0.002125, "fires": 1111, "prior_lr_before": 0.0085, "prior_lr_after": 0.00425}
{"event": "g_lr_apply", "armed": true, "update_index": 2312, "g_lr_before": 0.00425, "g_lr_after": 0.002125, "fires": 1112, "prior_lr_before": 0.0085, "prior_lr_after": 0.00425}
{"event": "g_lr_apply", "armed": true, "update_index": 2313, "g_lr_before": 0.00425, "g_lr_after": 0.002125, "fires": 1113, "prior_lr_before": 0.0085, "prior_lr_after": 0.00425}
{"event": "g_lr_apply", "armed": true, "update_index": 2314, "g_lr_before": 0.00425, "g_lr_after": 0.002125, "fires": 1114, "prior_lr_before": 0.0085, "prior_lr_after": 0.00425}
{"event": "g_lr_apply", "armed": true, "update_index": 2315, "g_lr_before": 0.00425, "g_lr_after": 0.002125, "fires": 1115, "prior_lr_before": 0.0085, "prior_lr_after": 0.00425}
{"event": "g_lr_apply", "armed": true, "update_index": 2316, "g_lr_before": 0.00425, "g_lr_after": 0.002125, "fires": 1116, "prior_lr_before": 0.0085, "prior_lr_after": 0.00425}
{"event": "g_lr_apply", "armed": true, "update_index": 2317, "g_lr_before": 0.00425, "g_lr_after": 0.002125, "fires": 1117, "prior_lr_before": 0.0085, "prior_lr_after": 0.00425}
{"event": "g_lr_apply", "armed": true, "update_index": 2318, "g_lr_before": 0.00425, "g_lr_after": 0.002125, "fires": 1118, "prior_lr_before": 0.0085, "prior_lr_after": 0.00425}
{"event": "g_lr_apply", "armed": true, "update_index": 2319, "g_lr_before": 0.00425, "g_lr_after": 0.002125, "fires": 1119, "prior_lr_before": 0.0085, "prior_lr_after": 0.00425}
{"event": "g_lr_apply", "armed": true, "update_index": 2320, "g_lr_before": 0.00425, "g_lr_after": 0.002125, "fires": 1120, "prior_lr_before": 0.0085, "prior_lr_after": 0.00425}
{"event": "g_lr_apply", "armed": true, "update_index": 2321, "g_lr_before": 0.00425, "g_lr_after": 0.002125, "fires": 1121, "prior_lr_before": 0.0085, "prior_lr_after": 0.00425}
{"event": "g_lr_apply", "armed": true, "update_index": 2322, "g_lr_before": 0.00425, "g_lr_after": 0.002125, "fires": 1122, "prior_lr_before": 0.0085, "prior_lr_after": 0.00425}
{"event": "g_lr_apply", "armed": true, "update_index": 2323, "g_lr_before": 0.00425, "g_lr_after": 0.002125, "fires": 1123, "prior_lr_before": 0.0085, "prior_lr_after": 0.00425}
{"event": "g_lr_apply", "armed": true, "update_index": 2324, "g_lr_before": 0.00425, "g_lr_after": 0.002125, "fires": 1124, "prior_lr_before": 0.0085, "prior_lr_after": 0.00425}
{"event": "g_lr_apply", "armed": true, "update_index": 2325, "g_lr_before": 0.00425, "g_lr_after": 0.002125, "fires": 1125, "prior_lr_before": 0.0085, "prior_lr_after": 0.00425}
{"event": "g_lr_apply", "armed": true, "update_index": 2326, "g_lr_before": 0.00425, "g_lr_after": 0.002125, "fires": 1126, "prior_lr_before": 0.0085, "prior_lr_after": 0.00425}
{"event": "g_lr_apply", "armed": true, "update_index": 2327, "g_lr_before": 0.00425, "g_lr_after": 0.002125, "fires": 1127, "prior_lr_before": 0.0085, "prior_lr_after": 0.00425}
{"event": "g_lr_apply", "armed": true, "update_index": 2328, "g_lr_before": 0.00425, "g_lr_after": 0.002125, "fires": 1128, "prior_lr_before": 0.0085, "prior_lr_after": 0.00425}
{"event": "g_lr_apply", "armed": true, "update_index": 2329, "g_lr_before": 0.00425, "g_lr_after": 0.002125, "fires": 1129, "prior_lr_before": 0.0085, "prior_lr_after": 0.00425}
{"event": "g_lr_apply", "armed": true, "update_index": 2330, "g_lr_before": 0.00425, "g_lr_after": 0.002125, "fires": 1130, "prior_lr_before": 0.0085, "prior_lr_after": 0.00425}
{"event": "g_lr_apply", "armed": true, "update_index": 2331, "g_lr_before": 0.00425, "g_lr_after": 0.002125, "fires": 1131, "prior_lr_before": 0.0085, "prior_lr_after": 0.00425}
{"event": "g_lr_apply", "armed": true, "update_index": 2332, "g_lr_before": 0.00425, "g_lr_after": 0.002125, "fires": 1132, "prior_lr_before": 0.0085, "prior_lr_after": 0.00425}
{"event": "g_lr_apply", "armed": true, "update_index": 2333, "g_lr_before": 0.00425, "g_lr_after": 0.002125, "fires": 1133, "prior_lr_before": 0.0085, "prior_lr_after": 0.00425}
{"event": "g_lr_apply", "armed": true, "update_index": 2334, "g_lr_before": 0.00425, "g_lr_after": 0.002125, "fires": 1134, "prior_lr_before": 0.0085, "prior_lr_after": 0.00425}
{"event": "g_lr_apply", "armed": true, "update_index": 2335, "g_lr_before": 0.00425, "g_lr_after": 0.002125, "fires": 1135, "prior_lr_before": 0.0085, "prior_lr_after": 0.00425}
{"event": "g_lr_apply", "armed": true, "update_index": 2336, "g_lr_before": 0.00425, "g_lr_after": 0.002125, "fires": 1136, "prior_lr_before": 0.0085, "prior_lr_after": 0.00425}
{"event": "g_lr_apply", "armed": true, "update_index": 2337, "g_lr_before": 0.00425, "g_lr_after": 0.002125, "fires": 1137, "prior_lr_before": 0.0085, "prior_lr_after": 0.00425}
{"event": "g_lr_apply", "armed": true, "update_index": 2338, "g_lr_before": 0.00425, "g_lr_after": 0.002125, "fires": 1138, "prior_lr_before": 0.0085, "prior_lr_after": 0.00425}
{"event": "g_lr_apply", "armed": true, "update_index": 2339, "g_lr_before": 0.00425, "g_lr_after": 0.002125, "fires": 1139, "prior_lr_before": 0.0085, "prior_lr_after": 0.00425}
{"event": "g_lr_apply", "armed": true, "update_index": 2340, "g_lr_before": 0.00425, "g_lr_after": 0.002125, "fires": 1140, "prior_lr_before": 0.0085, "prior_lr_after": 0.00425}
{"event": "g_lr_apply", "armed": true, "update_index": 2341, "g_lr_before": 0.00425, "g_lr_after": 0.002125, "fires": 1141, "prior_lr_before": 0.0085, "prior_lr_after": 0.00425}
{"event": "g_lr_apply", "armed": true, "update_index": 2342, "g_lr_before": 0.00425, "g_lr_after": 0.002125, "fires": 1142, "prior_lr_before": 0.0085, "prior_lr_after": 0.00425}
{"event": "g_lr_apply", "armed": true, "update_index": 2343, "g_lr_before": 0.00425, "g_lr_after": 0.002125, "fires": 1143, "prior_lr_before": 0.0085, "prior_lr_after": 0.00425}
{"event": "g_lr_apply", "armed": true, "update_index": 2344, "g_lr_before": 0.00425, "g_lr_after": 0.002125, "fires": 1144, "prior_lr_before": 0.0085, "prior_lr_after": 0.00425}
{"event": "g_lr_apply", "armed": true, "update_index": 2345, "g_lr_before": 0.00425, "g_lr_after": 0.002125, "fires": 1145, "prior_lr_before": 0.0085, "prior_lr_after": 0.00425}
{"event": "g_lr_apply", "armed": true, "update_index": 2346, "g_lr_before": 0.00425, "g_lr_after": 0.002125, "fires": 1146, "prior_lr_before": 0.0085, "prior_lr_after": 0.00425}
{"event": "g_lr_apply", "armed": true, "update_index": 2347, "g_lr_before": 0.00425, "g_lr_after": 0.002125, "fires": 1147, "prior_lr_before": 0.0085, "prior_lr_after": 0.00425}
{"event": "g_lr_apply", "armed": true, "update_index": 2348, "g_lr_before": 0.00425, "g_lr_after": 0.002125, "fires": 1148, "prior_lr_before": 0.0085, "prior_lr_after": 0.00425}
{"event": "g_lr_apply", "armed": true, "update_index": 2349, "g_lr_before": 0.00425, "g_lr_after": 0.002125, "fires": 1149, "prior_lr_before": 0.0085, "prior_lr_after": 0.00425}
{"event": "g_lr_apply", "armed": true, "update_index": 2350, "g_lr_before": 0.00425, "g_lr_after": 0.002125, "fires": 1150, "prior_lr_before": 0.0085, "prior_lr_after": 0.00425}
{"event": "g_lr_apply", "armed": true, "update_index": 2351, "g_lr_before": 0.00425, "g_lr_after": 0.002125, "fires": 1151, "prior_lr_before": 0.0085, "prior_lr_after": 0.00425}
{"event": "g_lr_apply", "armed": true, "update_index": 2352, "g_lr_before": 0.00425, "g_lr_after": 0.002125, "fires": 1152, "prior_lr_before": 0.0085, "prior_lr_after": 0.00425}
{"event": "g_lr_apply", "armed": true, "update_index": 2353, "g_lr_before": 0.00425, "g_lr_after": 0.002125, "fires": 1153, "prior_lr_before": 0.0085, "prior_lr_after": 0.00425}
{"event": "g_lr_apply", "armed": true, "update_index": 2354, "g_lr_before": 0.00425, "g_lr_after": 0.002125, "fires": 1154, "prior_lr_before": 0.0085, "prior_lr_after": 0.00425}
{"event": "g_lr_apply", "armed": true, "update_index": 2355, "g_lr_before": 0.00425, "g_lr_after": 0.002125, "fires": 1155, "prior_lr_before": 0.0085, "prior_lr_after": 0.00425}
{"event": "g_lr_apply", "armed": true, "update_index": 2356, "g_lr_before": 0.00425, "g_lr_after": 0.002125, "fires": 1156, "prior_lr_before": 0.0085, "prior_lr_after": 0.00425}
{"event": "g_lr_apply", "armed": true, "update_index": 2357, "g_lr_before": 0.00425, "g_lr_after": 0.002125, "fires": 1157, "prior_lr_before": 0.0085, "prior_lr_after": 0.00425}
{"event": "g_lr_apply", "armed": true, "update_index": 2358, "g_lr_before": 0.00425, "g_lr_after": 0.002125, "fires": 1158, "prior_lr_before": 0.0085, "prior_lr_after": 0.00425}
{"event": "g_lr_apply", "armed": true, "update_index": 2359, "g_lr_before": 0.00425, "g_lr_after": 0.002125, "fires": 1159, "prior_lr_before": 0.0085, "prior_lr_after": 0.00425}
{"event": "g_lr_apply", "armed": true, "update_index": 2360, "g_lr_before": 0.00425, "g_lr_after": 0.002125, "fires": 1160, "prior_lr_before": 0.0085, "prior_lr_after": 0.00425}
{"event": "g_lr_apply", "armed": true, "update_index": 2361, "g_lr_before": 0.00425, "g_lr_after": 0.002125, "fires": 1161, "prior_lr_before": 0.0085, "prior_lr_after": 0.00425}
{"event": "g_lr_apply", "armed": true, "update_index": 2362, "g_lr_before": 0.00425, "g_lr_after": 0.002125, "fires": 1162, "prior_lr_before": 0.0085, "prior_lr_after": 0.00425}
{"event": "g_lr_apply", "armed": true, "update_index": 2363, "g_lr_before": 0.00425, "g_lr_after": 0.002125, "fires": 1163, "prior_lr_before": 0.0085, "prior_lr_after": 0.00425}
{"event": "g_lr_apply", "armed": true, "update_index": 2364, "g_lr_before": 0.00425, "g_lr_after": 0.002125, "fires": 1164, "prior_lr_before": 0.0085, "prior_lr_after": 0.00425}
{"event": "g_lr_apply", "armed": true, "update_index": 2365, "g_lr_before": 0.00425, "g_lr_after": 0.002125, "fires": 1165, "prior_lr_before": 0.0085, "prior_lr_after": 0.00425}
{"event": "g_lr_apply", "armed": true, "update_index": 2366, "g_lr_before": 0.00425, "g_lr_after": 0.002125, "fires": 1166, "prior_lr_before": 0.0085, "prior_lr_after": 0.00425}
{"event": "g_lr_apply", "armed": true, "update_index": 2367, "g_lr_before": 0.00425, "g_lr_after": 0.002125, "fires": 1167, "prior_lr_before": 0.0085, "prior_lr_after": 0.00425}
{"event": "g_lr_apply", "armed": true, "update_index": 2368, "g_lr_before": 0.00425, "g_lr_after": 0.002125, "fires": 1168, "prior_lr_before": 0.0085, "prior_lr_after": 0.00425}
{"event": "g_lr_apply", "armed": true, "update_index": 2369, "g_lr_before": 0.00425, "g_lr_after": 0.002125, "fires": 1169, "prior_lr_before": 0.0085, "prior_lr_after": 0.00425}
{"event": "g_lr_apply", "armed": true, "update_index": 2370, "g_lr_before": 0.00425, "g_lr_after": 0.002125, "fires": 1170, "prior_lr_before": 0.0085, "prior_lr_after": 0.00425}
{"event": "g_lr_apply", "armed": true, "update_index": 2371, "g_lr_before": 0.00425, "g_lr_after": 0.002125, "fires": 1171, "prior_lr_before": 0.0085, "prior_lr_after": 0.00425}
{"event": "g_lr_apply", "armed": true, "update_index": 2372, "g_lr_before": 0.00425, "g_lr_after": 0.002125, "fires": 1172, "prior_lr_before": 0.0085, "prior_lr_after": 0.00425}
{"event": "g_lr_apply", "armed": true, "update_index": 2373, "g_lr_before": 0.00425, "g_lr_after": 0.002125, "fires": 1173, "prior_lr_before": 0.0085, "prior_lr_after": 0.00425}
{"event": "g_lr_apply", "armed": true, "update_index": 2374, "g_lr_before": 0.00425, "g_lr_after": 0.002125, "fires": 1174, "prior_lr_before": 0.0085, "prior_lr_after": 0.00425}
{"event": "g_lr_apply", "armed": true, "update_index": 2375, "g_lr_before": 0.00425, "g_lr_after": 0.002125, "fires": 1175, "prior_lr_before": 0.0085, "prior_lr_after": 0.00425}
{"event": "g_lr_apply", "armed": true, "update_index": 2376, "g_lr_before": 0.00425, "g_lr_after": 0.002125, "fires": 1176, "prior_lr_before": 0.0085, "prior_lr_after": 0.00425}
{"event": "g_lr_apply", "armed": true, "update_index": 2377, "g_lr_before": 0.00425, "g_lr_after": 0.002125, "fires": 1177, "prior_lr_before": 0.0085, "prior_lr_after": 0.00425}
{"event": "g_lr_apply", "armed": true, "update_index": 2378, "g_lr_before": 0.00425, "g_lr_after": 0.002125, "fires": 1178, "prior_lr_before": 0.0085, "prior_lr_after": 0.00425}
{"event": "g_lr_apply", "armed": true, "update_index": 2379, "g_lr_before": 0.00425, "g_lr_after": 0.002125, "fires": 1179, "prior_lr_before": 0.0085, "prior_lr_after": 0.00425}
{"event": "g_lr_apply", "armed": true, "update_index": 2380, "g_lr_before": 0.00425, "g_lr_after": 0.002125, "fires": 1180, "prior_lr_before": 0.0085, "prior_lr_after": 0.00425}
{"event": "g_lr_apply", "armed": true, "update_index": 2381, "g_lr_before": 0.00425, "g_lr_after": 0.002125, "fires": 1181, "prior_lr_before": 0.0085, "prior_lr_after": 0.00425}
{"event": "g_lr_apply", "armed": true, "update_index": 2382, "g_lr_before": 0.00425, "g_lr_after": 0.002125, "fires": 1182, "prior_lr_before": 0.0085, "prior_lr_after": 0.00425}
{"event": "g_lr_apply", "armed": true, "update_index": 2383, "g_lr_before": 0.00425, "g_lr_after": 0.002125, "fires": 1183, "prior_lr_before": 0.0085, "prior_lr_after": 0.00425}
{"event": "g_lr_apply", "armed": true, "update_index": 2384, "g_lr_before": 0.00425, "g_lr_after": 0.002125, "fires": 1184, "prior_lr_before": 0.0085, "prior_lr_after": 0.00425}
{"event": "g_lr_apply", "armed": true, "update_index": 2385, "g_lr_before": 0.00425, "g_lr_after": 0.002125, "fires": 1185, "prior_lr_before": 0.0085, "prior_lr_after": 0.00425}
{"event": "g_lr_apply", "armed": true, "update_index": 2386, "g_lr_before": 0.00425, "g_lr_after": 0.002125, "fires": 1186, "prior_lr_before": 0.0085, "prior_lr_after": 0.00425}
{"event": "g_lr_apply", "armed": true, "update_index": 2387, "g_lr_before": 0.00425, "g_lr_after": 0.002125, "fires": 1187, "prior_lr_before": 0.0085, "prior_lr_after": 0.00425}
{"event": "g_lr_apply", "armed": true, "update_index": 2388, "g_lr_before": 0.00425, "g_lr_after": 0.002125, "fires": 1188, "prior_lr_before": 0.0085, "prior_lr_after": 0.00425}
{"event": "g_lr_apply", "armed": true, "update_index": 2389, "g_lr_before": 0.00425, "g_lr_after": 0.002125, "fires": 1189, "prior_lr_before": 0.0085, "prior_lr_after": 0.00425}
{"event": "g_lr_apply", "armed": true, "update_index": 2390, "g_lr_before": 0.00425, "g_lr_after": 0.002125, "fires": 1190, "prior_lr_before": 0.0085, "prior_lr_after": 0.00425}
{"event": "g_lr_apply", "armed": true, "update_index": 2391, "g_lr_before": 0.00425, "g_lr_after": 0.002125, "fires": 1191, "prior_lr_before": 0.0085, "prior_lr_after": 0.00425}
{"event": "g_lr_apply", "armed": true, "update_index": 2392, "g_lr_before": 0.00425, "g_lr_after": 0.002125, "fires": 1192, "prior_lr_before": 0.0085, "prior_lr_after": 0.00425}
{"event": "g_lr_apply", "armed": true, "update_index": 2393, "g_lr_before": 0.00425, "g_lr_after": 0.002125, "fires": 1193, "prior_lr_before": 0.0085, "prior_lr_after": 0.00425}
{"event": "g_lr_apply", "armed": true, "update_index": 2394, "g_lr_before": 0.00425, "g_lr_after": 0.002125, "fires": 1194, "prior_lr_before": 0.0085, "prior_lr_after": 0.00425}
{"event": "g_lr_apply", "armed": true, "update_index": 2395, "g_lr_before": 0.00425, "g_lr_after": 0.002125, "fires": 1195, "prior_lr_before": 0.0085, "prior_lr_after": 0.00425}
{"event": "g_lr_apply", "armed": true, "update_index": 2396, "g_lr_before": 0.00425, "g_lr_after": 0.002125, "fires": 1196, "prior_lr_before": 0.0085, "prior_lr_after": 0.00425}
{"event": "g_lr_apply", "armed": true, "update_index": 2397, "g_lr_before": 0.00425, "g_lr_after": 0.002125, "fires": 1197, "prior_lr_before": 0.0085, "prior_lr_after": 0.00425}
{"event": "g_lr_apply", "armed": true, "update_index": 2398, "g_lr_before": 0.00425, "g_lr_after": 0.002125, "fires": 1198, "prior_lr_before": 0.0085, "prior_lr_after": 0.00425}
{"event": "g_lr_apply", "armed": true, "update_index": 2399, "g_lr_before": 0.00425, "g_lr_after": 0.002125, "fires": 1199, "prior_lr_before": 0.0085, "prior_lr_after": 0.00425}
{"event": "g_lr_apply", "armed": true, "update_index": 2400, "g_lr_before": 0.00425, "g_lr_after": 0.002125, "fires": 1200, "prior_lr_before": 0.0085, "prior_lr_after": 0.00425}
{"event": "g_lr_apply", "armed": true, "update_index": 2401, "g_lr_before": 0.00425, "g_lr_after": 0.002125, "fires": 1201, "prior_lr_before": 0.0085, "prior_lr_after": 0.00425}
{"event": "g_lr_apply", "armed": true, "update_index": 2402, "g_lr_before": 0.00425, "g_lr_after": 0.002125, "fires": 1202, "prior_lr_before": 0.0085, "prior_lr_after": 0.00425}
{"event": "g_lr_apply", "armed": true, "update_index": 2403, "g_lr_before": 0.00425, "g_lr_after": 0.002125, "fires": 1203, "prior_lr_before": 0.0085, "prior_lr_after": 0.00425}
{"event": "g_lr_apply", "armed": true, "update_index": 2404, "g_lr_before": 0.00425, "g_lr_after": 0.002125, "fires": 1204, "prior_lr_before": 0.0085, "prior_lr_after": 0.00425}
{"event": "g_lr_apply", "armed": true, "update_index": 2405, "g_lr_before": 0.00425, "g_lr_after": 0.002125, "fires": 1205, "prior_lr_before": 0.0085, "prior_lr_after": 0.00425}
{"event": "g_lr_apply", "armed": true, "update_index": 2406, "g_lr_before": 0.00425, "g_lr_after": 0.002125, "fires": 1206, "prior_lr_before": 0.0085, "prior_lr_after": 0.00425}
{"event": "g_lr_apply", "armed": true, "update_index": 2407, "g_lr_before": 0.00425, "g_lr_after": 0.002125, "fires": 1207, "prior_lr_before": 0.0085, "prior_lr_after": 0.00425}
{"event": "g_lr_apply", "armed": true, "update_index": 2408, "g_lr_before": 0.00425, "g_lr_after": 0.002125, "fires": 1208, "prior_lr_before": 0.0085, "prior_lr_after": 0.00425}
{"event": "g_lr_apply", "armed": true, "update_index": 2409, "g_lr_before": 0.00425, "g_lr_after": 0.002125, "fires": 1209, "prior_lr_before": 0.0085, "prior_lr_after": 0.00425}
{"event": "g_lr_apply", "armed": true, "update_index": 2410, "g_lr_before": 0.00425, "g_lr_after": 0.002125, "fires": 1210, "prior_lr_before": 0.0085, "prior_lr_after": 0.00425}
{"event": "g_lr_apply", "armed": true, "update_index": 2411, "g_lr_before": 0.00425, "g_lr_after": 0.002125, "fires": 1211, "prior_lr_before": 0.0085, "prior_lr_after": 0.00425}
{"event": "g_lr_apply", "armed": true, "update_index": 2412, "g_lr_before": 0.00425, "g_lr_after": 0.002125, "fires": 1212, "prior_lr_before": 0.0085, "prior_lr_after": 0.00425}
{"event": "g_lr_apply", "armed": true, "update_index": 2413, "g_lr_before": 0.00425, "g_lr_after": 0.002125, "fires": 1213, "prior_lr_before": 0.0085, "prior_lr_after": 0.00425}
{"event": "g_lr_apply", "armed": true, "update_index": 2414, "g_lr_before": 0.00425, "g_lr_after": 0.002125, "fires": 1214, "prior_lr_before": 0.0085, "prior_lr_after": 0.00425}
{"event": "g_lr_apply", "armed": true, "update_index": 2415, "g_lr_before": 0.00425, "g_lr_after": 0.002125, "fires": 1215, "prior_lr_before": 0.0085, "prior_lr_after": 0.00425}
{"event": "g_lr_apply", "armed": true, "update_index": 2416, "g_lr_before": 0.00425, "g_lr_after": 0.002125, "fires": 1216, "prior_lr_before": 0.0085, "prior_lr_after": 0.00425}
{"event": "g_lr_apply", "armed": true, "update_index": 2417, "g_lr_before": 0.00425, "g_lr_after": 0.002125, "fires": 1217, "prior_lr_before": 0.0085, "prior_lr_after": 0.00425}
{"event": "g_lr_apply", "armed": true, "update_index": 2418, "g_lr_before": 0.00425, "g_lr_after": 0.002125, "fires": 1218, "prior_lr_before": 0.0085, "prior_lr_after": 0.00425}
{"event": "g_lr_apply", "armed": true, "update_index": 2419, "g_lr_before": 0.00425, "g_lr_after": 0.002125, "fires": 1219, "prior_lr_before": 0.0085, "prior_lr_after": 0.00425}
{"event": "g_lr_apply", "armed": true, "update_index": 2420, "g_lr_before": 0.00425, "g_lr_after": 0.002125, "fires": 1220, "prior_lr_before": 0.0085, "prior_lr_after": 0.00425}
{"event": "g_lr_apply", "armed": true, "update_index": 2421, "g_lr_before": 0.00425, "g_lr_after": 0.002125, "fires": 1221, "prior_lr_before": 0.0085, "prior_lr_after": 0.00425}
{"event": "g_lr_apply", "armed": true, "update_index": 2422, "g_lr_before": 0.00425, "g_lr_after": 0.002125, "fires": 1222, "prior_lr_before": 0.0085, "prior_lr_after": 0.00425}
{"event": "g_lr_apply", "armed": true, "update_index": 2423, "g_lr_before": 0.00425, "g_lr_after": 0.002125, "fires": 1223, "prior_lr_before": 0.0085, "prior_lr_after": 0.00425}
{"event": "g_lr_apply", "armed": true, "update_index": 2424, "g_lr_before": 0.00425, "g_lr_after": 0.002125, "fires": 1224, "prior_lr_before": 0.0085, "prior_lr_after": 0.00425}
{"event": "g_lr_apply", "armed": true, "update_index": 2425, "g_lr_before": 0.00425, "g_lr_after": 0.002125, "fires": 1225, "prior_lr_before": 0.0085, "prior_lr_after": 0.00425}
{"event": "g_lr_apply", "armed": true, "update_index": 2426, "g_lr_before": 0.00425, "g_lr_after": 0.002125, "fires": 1226, "prior_lr_before": 0.0085, "prior_lr_after": 0.00425}
{"event": "g_lr_apply", "armed": true, "update_index": 2427, "g_lr_before": 0.00425, "g_lr_after": 0.002125, "fires": 1227, "prior_lr_before": 0.0085, "prior_lr_after": 0.00425}
{"event": "g_lr_apply", "armed": true, "update_index": 2428, "g_lr_before": 0.00425, "g_lr_after": 0.002125, "fires": 1228, "prior_lr_before": 0.0085, "prior_lr_after": 0.00425}
{"event": "g_lr_apply", "armed": true, "update_index": 2429, "g_lr_before": 0.00425, "g_lr_after": 0.002125, "fires": 1229, "prior_lr_before": 0.0085, "prior_lr_after": 0.00425}
{"event": "g_lr_apply", "armed": true, "update_index": 2430, "g_lr_before": 0.00425, "g_lr_after": 0.002125, "fires": 1230, "prior_lr_before": 0.0085, "prior_lr_after": 0.00425}
{"event": "g_lr_apply", "armed": true, "update_index": 2431, "g_lr_before": 0.00425, "g_lr_after": 0.002125, "fires": 1231, "prior_lr_before": 0.0085, "prior_lr_after": 0.00425}
{"event": "g_lr_apply", "armed": true, "update_index": 2432, "g_lr_before": 0.00425, "g_lr_after": 0.002125, "fires": 1232, "prior_lr_before": 0.0085, "prior_lr_after": 0.00425}
{"event": "g_lr_apply", "armed": true, "update_index": 2433, "g_lr_before": 0.00425, "g_lr_after": 0.002125, "fires": 1233, "prior_lr_before": 0.0085, "prior_lr_after": 0.00425}
{"event": "g_lr_apply", "armed": true, "update_index": 2434, "g_lr_before": 0.00425, "g_lr_after": 0.002125, "fires": 1234, "prior_lr_before": 0.0085, "prior_lr_after": 0.00425}
{"event": "g_lr_apply", "armed": true, "update_index": 2435, "g_lr_before": 0.00425, "g_lr_after": 0.002125, "fires": 1235, "prior_lr_before": 0.0085, "prior_lr_after": 0.00425}
{"event": "g_lr_apply", "armed": true, "update_index": 2436, "g_lr_before": 0.00425, "g_lr_after": 0.002125, "fires": 1236, "prior_lr_before": 0.0085, "prior_lr_after": 0.00425}
{"event": "g_lr_apply", "armed": true, "update_index": 2437, "g_lr_before": 0.00425, "g_lr_after": 0.002125, "fires": 1237, "prior_lr_before": 0.0085, "prior_lr_after": 0.00425}
{"event": "g_lr_apply", "armed": true, "update_index": 2438, "g_lr_before": 0.00425, "g_lr_after": 0.002125, "fires": 1238, "prior_lr_before": 0.0085, "prior_lr_after": 0.00425}
{"event": "g_lr_apply", "armed": true, "update_index": 2439, "g_lr_before": 0.00425, "g_lr_after": 0.002125, "fires": 1239, "prior_lr_before": 0.0085, "prior_lr_after": 0.00425}
{"event": "g_lr_apply", "armed": true, "update_index": 2440, "g_lr_before": 0.00425, "g_lr_after": 0.002125, "fires": 1240, "prior_lr_before": 0.0085, "prior_lr_after": 0.00425}
{"event": "g_lr_apply", "armed": true, "update_index": 2441, "g_lr_before": 0.00425, "g_lr_after": 0.002125, "fires": 1241, "prior_lr_before": 0.0085, "prior_lr_after": 0.00425}
{"event": "g_lr_apply", "armed": true, "update_index": 2442, "g_lr_before": 0.00425, "g_lr_after": 0.002125, "fires": 1242, "prior_lr_before": 0.0085, "prior_lr_after": 0.00425}
{"event": "g_lr_apply", "armed": true, "update_index": 2443, "g_lr_before": 0.00425, "g_lr_after": 0.002125, "fires": 1243, "prior_lr_before": 0.0085, "prior_lr_after": 0.00425}
{"event": "g_lr_apply", "armed": true, "update_index": 2444, "g_lr_before": 0.00425, "g_lr_after": 0.002125, "fires": 1244, "prior_lr_before": 0.0085, "prior_lr_after": 0.00425}
{"event": "g_lr_apply", "armed": true, "update_index": 2445, "g_lr_before": 0.00425, "g_lr_after": 0.002125, "fires": 1245, "prior_lr_before": 0.0085, "prior_lr_after": 0.00425}
{"event": "g_lr_apply", "armed": true, "update_index": 2446, "g_lr_before": 0.00425, "g_lr_after": 0.002125, "fires": 1246, "prior_lr_before": 0.0085, "prior_lr_after": 0.00425}
{"event": "g_lr_apply", "armed": true, "update_index": 2447, "g_lr_before": 0.00425, "g_lr_after": 0.002125, "fires": 1247, "prior_lr_before": 0.0085, "prior_lr_after": 0.00425}
{"event": "g_lr_apply", "armed": true, "update_index": 2448, "g_lr_before": 0.00425, "g_lr_after": 0.002125, "fires": 1248, "prior_lr_before": 0.0085, "prior_lr_after": 0.00425}
{"event": "g_lr_apply", "armed": true, "update_index": 2449, "g_lr_before": 0.00425, "g_lr_after": 0.002125, "fires": 1249, "prior_lr_before": 0.0085, "prior_lr_after": 0.00425}
{"event": "g_lr_apply", "armed": true, "update_index": 2450, "g_lr_before": 0.00425, "g_lr_after": 0.002125, "fires": 1250, "prior_lr_before": 0.0085, "prior_lr_after": 0.00425}
{"event": "g_lr_apply", "armed": true, "update_index": 2451, "g_lr_before": 0.00425, "g_lr_after": 0.002125, "fires": 1251, "prior_lr_before": 0.0085, "prior_lr_after": 0.00425}
{"event": "g_lr_apply", "armed": true, "update_index": 2452, "g_lr_before": 0.00425, "g_lr_after": 0.002125, "fires": 1252, "prior_lr_before": 0.0085, "prior_lr_after": 0.00425}
{"event": "g_lr_apply", "armed": true, "update_index": 2453, "g_lr_before": 0.00425, "g_lr_after": 0.002125, "fires": 1253, "prior_lr_before": 0.0085, "prior_lr_after": 0.00425}
{"event": "g_lr_apply", "armed": true, "update_index": 2454, "g_lr_before": 0.00425, "g_lr_after": 0.002125, "fires": 1254, "prior_lr_before": 0.0085, "prior_lr_after": 0.00425}
{"event": "g_lr_apply", "armed": true, "update_index": 2455, "g_lr_before": 0.00425, "g_lr_after": 0.002125, "fires": 1255, "prior_lr_before": 0.0085, "prior_lr_after": 0.00425}
{"event": "g_lr_apply", "armed": true, "update_index": 2456, "g_lr_before": 0.00425, "g_lr_after": 0.002125, "fires": 1256, "prior_lr_before": 0.0085, "prior_lr_after": 0.00425}
{"event": "g_lr_apply", "armed": true, "update_index": 2457, "g_lr_before": 0.00425, "g_lr_after": 0.002125, "fires": 1257, "prior_lr_before": 0.0085, "prior_lr_after": 0.00425}
{"event": "g_lr_apply", "armed": true, "update_index": 2458, "g_lr_before": 0.00425, "g_lr_after": 0.002125, "fires": 1258, "prior_lr_before": 0.0085, "prior_lr_after": 0.00425}
{"event": "g_lr_apply", "armed": true, "update_index": 2459, "g_lr_before": 0.00425, "g_lr_after": 0.002125, "fires": 1259, "prior_lr_before": 0.0085, "prior_lr_after": 0.00425}
{"event": "g_lr_apply", "armed": true, "update_index": 2460, "g_lr_before": 0.00425, "g_lr_after": 0.002125, "fires": 1260, "prior_lr_before": 0.0085, "prior_lr_after": 0.00425}
{"event": "g_lr_apply", "armed": true, "update_index": 2461, "g_lr_before": 0.00425, "g_lr_after": 0.002125, "fires": 1261, "prior_lr_before": 0.0085, "prior_lr_after": 0.00425}
{"event": "g_lr_apply", "armed": true, "update_index": 2462, "g_lr_before": 0.00425, "g_lr_after": 0.002125, "fires": 1262, "prior_lr_before": 0.0085, "prior_lr_after": 0.00425}
{"event": "g_lr_apply", "armed": true, "update_index": 2463, "g_lr_before": 0.00425, "g_lr_after": 0.002125, "fires": 1263, "prior_lr_before": 0.0085, "prior_lr_after": 0.00425}
{"event": "g_lr_apply", "armed": true, "update_index": 2464, "g_lr_before": 0.00425, "g_lr_after": 0.002125, "fires": 1264, "prior_lr_before": 0.0085, "prior_lr_after": 0.00425}
{"event": "g_lr_apply", "armed": true, "update_index": 2465, "g_lr_before": 0.00425, "g_lr_after": 0.002125, "fires": 1265, "prior_lr_before": 0.0085, "prior_lr_after": 0.00425}
{"event": "g_lr_apply", "armed": true, "update_index": 2466, "g_lr_before": 0.00425, "g_lr_after": 0.002125, "fires": 1266, "prior_lr_before": 0.0085, "prior_lr_after": 0.00425}
{"event": "g_lr_apply", "armed": true, "update_index": 2467, "g_lr_before": 0.00425, "g_lr_after": 0.002125, "fires": 1267, "prior_lr_before": 0.0085, "prior_lr_after": 0.00425}
{"event": "g_lr_apply", "armed": true, "update_index": 2468, "g_lr_before": 0.00425, "g_lr_after": 0.002125, "fires": 1268, "prior_lr_before": 0.0085, "prior_lr_after": 0.00425}
{"event": "g_lr_apply", "armed": true, "update_index": 2469, "g_lr_before": 0.00425, "g_lr_after": 0.002125, "fires": 1269, "prior_lr_before": 0.0085, "prior_lr_after": 0.00425}
{"event": "g_lr_apply", "armed": true, "update_index": 2470, "g_lr_before": 0.00425, "g_lr_after": 0.002125, "fires": 1270, "prior_lr_before": 0.0085, "prior_lr_after": 0.00425}
{"event": "g_lr_apply", "armed": true, "update_index": 2471, "g_lr_before": 0.00425, "g_lr_after": 0.002125, "fires": 1271, "prior_lr_before": 0.0085, "prior_lr_after": 0.00425}
{"event": "g_lr_apply", "armed": true, "update_index": 2472, "g_lr_before": 0.00425, "g_lr_after": 0.002125, "fires": 1272, "prior_lr_before": 0.0085, "prior_lr_after": 0.00425}
{"event": "g_lr_apply", "armed": true, "update_index": 2473, "g_lr_before": 0.00425, "g_lr_after": 0.002125, "fires": 1273, "prior_lr_before": 0.0085, "prior_lr_after": 0.00425}
{"event": "g_lr_apply", "armed": true, "update_index": 2474, "g_lr_before": 0.00425, "g_lr_after": 0.002125, "fires": 1274, "prior_lr_before": 0.0085, "prior_lr_after": 0.00425}
{"event": "g_lr_apply", "armed": true, "update_index": 2475, "g_lr_before": 0.00425, "g_lr_after": 0.002125, "fires": 1275, "prior_lr_before": 0.0085, "prior_lr_after": 0.00425}
{"event": "g_lr_apply", "armed": true, "update_index": 2476, "g_lr_before": 0.00425, "g_lr_after": 0.002125, "fires": 1276, "prior_lr_before": 0.0085, "prior_lr_after": 0.00425}
{"event": "g_lr_apply", "armed": true, "update_index": 2477, "g_lr_before": 0.00425, "g_lr_after": 0.002125, "fires": 1277, "prior_lr_before": 0.0085, "prior_lr_after": 0.00425}
{"event": "g_lr_apply", "armed": true, "update_index": 2478, "g_lr_before": 0.00425, "g_lr_after": 0.002125, "fires": 1278, "prior_lr_before": 0.0085, "prior_lr_after": 0.00425}
{"event": "g_lr_apply", "armed": true, "update_index": 2479, "g_lr_before": 0.00425, "g_lr_after": 0.002125, "fires": 1279, "prior_lr_before": 0.0085, "prior_lr_after": 0.00425}
{"event": "g_lr_apply", "armed": true, "update_index": 2480, "g_lr_before": 0.00425, "g_lr_after": 0.002125, "fires": 1280, "prior_lr_before": 0.0085, "prior_lr_after": 0.00425}
{"event": "g_lr_apply", "armed": true, "update_index": 2481, "g_lr_before": 0.00425, "g_lr_after": 0.002125, "fires": 1281, "prior_lr_before": 0.0085, "prior_lr_after": 0.00425}
{"event": "g_lr_apply", "armed": true, "update_index": 2482, "g_lr_before": 0.00425, "g_lr_after": 0.002125, "fires": 1282, "prior_lr_before": 0.0085, "prior_lr_after": 0.00425}
{"event": "g_lr_apply", "armed": true, "update_index": 2483, "g_lr_before": 0.00425, "g_lr_after": 0.002125, "fires": 1283, "prior_lr_before": 0.0085, "prior_lr_after": 0.00425}
{"event": "g_lr_apply", "armed": true, "update_index": 2484, "g_lr_before": 0.00425, "g_lr_after": 0.002125, "fires": 1284, "prior_lr_before": 0.0085, "prior_lr_after": 0.00425}
{"event": "g_lr_apply", "armed": true, "update_index": 2485, "g_lr_before": 0.00425, "g_lr_after": 0.002125, "fires": 1285, "prior_lr_before": 0.0085, "prior_lr_after": 0.00425}
{"event": "g_lr_apply", "armed": true, "update_index": 2486, "g_lr_before": 0.00425, "g_lr_after": 0.002125, "fires": 1286, "prior_lr_before": 0.0085, "prior_lr_after": 0.00425}
{"event": "g_lr_apply", "armed": true, "update_index": 2487, "g_lr_before": 0.00425, "g_lr_after": 0.002125, "fires": 1287, "prior_lr_before": 0.0085, "prior_lr_after": 0.00425}
{"event": "g_lr_apply", "armed": true, "update_index": 2488, "g_lr_before": 0.00425, "g_lr_after": 0.002125, "fires": 1288, "prior_lr_before": 0.0085, "prior_lr_after": 0.00425}
{"event": "g_lr_apply", "armed": true, "update_index": 2489, "g_lr_before": 0.00425, "g_lr_after": 0.002125, "fires": 1289, "prior_lr_before": 0.0085, "prior_lr_after": 0.00425}
{"event": "g_lr_apply", "armed": true, "update_index": 2490, "g_lr_before": 0.00425, "g_lr_after": 0.002125, "fires": 1290, "prior_lr_before": 0.0085, "prior_lr_after": 0.00425}
{"event": "g_lr_apply", "armed": true, "update_index": 2491, "g_lr_before": 0.00425, "g_lr_after": 0.002125, "fires": 1291, "prior_lr_before": 0.0085, "prior_lr_after": 0.00425}
{"event": "g_lr_apply", "armed": true, "update_index": 2492, "g_lr_before": 0.00425, "g_lr_after": 0.002125, "fires": 1292, "prior_lr_before": 0.0085, "prior_lr_after": 0.00425}
{"event": "g_lr_apply", "armed": true, "update_index": 2493, "g_lr_before": 0.00425, "g_lr_after": 0.002125, "fires": 1293, "prior_lr_before": 0.0085, "prior_lr_after": 0.00425}
{"event": "g_lr_apply", "armed": true, "update_index": 2494, "g_lr_before": 0.00425, "g_lr_after": 0.002125, "fires": 1294, "prior_lr_before": 0.0085, "prior_lr_after": 0.00425}
{"event": "g_lr_apply", "armed": true, "update_index": 2495, "g_lr_before": 0.00425, "g_lr_after": 0.002125, "fires": 1295, "prior_lr_before": 0.0085, "prior_lr_after": 0.00425}
{"event": "g_lr_apply", "armed": true, "update_index": 2496, "g_lr_before": 0.00425, "g_lr_after": 0.002125, "fires": 1296, "prior_lr_before": 0.0085, "prior_lr_after": 0.00425}
{"event": "g_lr_apply", "armed": true, "update_index": 2497, "g_lr_before": 0.00425, "g_lr_after": 0.002125, "fires": 1297, "prior_lr_before": 0.0085, "prior_lr_after": 0.00425}
{"event": "g_lr_apply", "armed": true, "update_index": 2498, "g_lr_before": 0.00425, "g_lr_after": 0.002125, "fires": 1298, "prior_lr_before": 0.0085, "prior_lr_after": 0.00425}
{"event": "g_lr_apply", "armed": true, "update_index": 2499, "g_lr_before": 0.00425, "g_lr_after": 0.002125, "fires": 1299, "prior_lr_before": 0.0085, "prior_lr_after": 0.00425}
{"event": "g_lr_apply", "armed": true, "update_index": 2500, "g_lr_before": 0.00425, "g_lr_after": 0.002125, "fires": 1300, "prior_lr_before": 0.0085, "prior_lr_after": 0.00425}
{"event": "g_lr_apply", "armed": true, "update_index": 2501, "g_lr_before": 0.00425, "g_lr_after": 0.002125, "fires": 1301, "prior_lr_before": 0.0085, "prior_lr_after": 0.00425}
{"event": "g_lr_apply", "armed": true, "update_index": 2502, "g_lr_before": 0.00425, "g_lr_after": 0.002125, "fires": 1302, "prior_lr_before": 0.0085, "prior_lr_after": 0.00425}
{"event": "g_lr_apply", "armed": true, "update_index": 2503, "g_lr_before": 0.00425, "g_lr_after": 0.002125, "fires": 1303, "prior_lr_before": 0.0085, "prior_lr_after": 0.00425}
{"event": "g_lr_apply", "armed": true, "update_index": 2504, "g_lr_before": 0.00425, "g_lr_after": 0.002125, "fires": 1304, "prior_lr_before": 0.0085, "prior_lr_after": 0.00425}
{"event": "g_lr_apply", "armed": true, "update_index": 2505, "g_lr_before": 0.00425, "g_lr_after": 0.002125, "fires": 1305, "prior_lr_before": 0.0085, "prior_lr_after": 0.00425}
{"event": "g_lr_apply", "armed": true, "update_index": 2506, "g_lr_before": 0.00425, "g_lr_after": 0.002125, "fires": 1306, "prior_lr_before": 0.0085, "prior_lr_after": 0.00425}
{"event": "g_lr_apply", "armed": true, "update_index": 2507, "g_lr_before": 0.00425, "g_lr_after": 0.002125, "fires": 1307, "prior_lr_before": 0.0085, "prior_lr_after": 0.00425}
{"event": "g_lr_apply", "armed": true, "update_index": 2508, "g_lr_before": 0.00425, "g_lr_after": 0.002125, "fires": 1308, "prior_lr_before": 0.0085, "prior_lr_after": 0.00425}
{"event": "g_lr_apply", "armed": true, "update_index": 2509, "g_lr_before": 0.00425, "g_lr_after": 0.002125, "fires": 1309, "prior_lr_before": 0.0085, "prior_lr_after": 0.00425}
{"event": "g_lr_apply", "armed": true, "update_index": 2510, "g_lr_before": 0.00425, "g_lr_after": 0.002125, "fires": 1310, "prior_lr_before": 0.0085, "prior_lr_after": 0.00425}
{"event": "g_lr_apply", "armed": true, "update_index": 2511, "g_lr_before": 0.00425, "g_lr_after": 0.002125, "fires": 1311, "prior_lr_before": 0.0085, "prior_lr_after": 0.00425}
{"event": "g_lr_apply", "armed": true, "update_index": 2512, "g_lr_before": 0.00425, "g_lr_after": 0.002125, "fires": 1312, "prior_lr_before": 0.0085, "prior_lr_after": 0.00425}
{"event": "g_lr_apply", "armed": true, "update_index": 2513, "g_lr_before": 0.00425, "g_lr_after": 0.002125, "fires": 1313, "prior_lr_before": 0.0085, "prior_lr_after": 0.00425}
{"event": "g_lr_apply", "armed": true, "update_index": 2514, "g_lr_before": 0.00425, "g_lr_after": 0.002125, "fires": 1314, "prior_lr_before": 0.0085, "prior_lr_after": 0.00425}
{"event": "g_lr_apply", "armed": true, "update_index": 2515, "g_lr_before": 0.00425, "g_lr_after": 0.002125, "fires": 1315, "prior_lr_before": 0.0085, "prior_lr_after": 0.00425}
{"event": "g_lr_apply", "armed": true, "update_index": 2516, "g_lr_before": 0.00425, "g_lr_after": 0.002125, "fires": 1316, "prior_lr_before": 0.0085, "prior_lr_after": 0.00425}
{"event": "g_lr_apply", "armed": true, "update_index": 2517, "g_lr_before": 0.00425, "g_lr_after": 0.002125, "fires": 1317, "prior_lr_before": 0.0085, "prior_lr_after": 0.00425}
{"event": "g_lr_apply", "armed": true, "update_index": 2518, "g_lr_before": 0.00425, "g_lr_after": 0.002125, "fires": 1318, "prior_lr_before": 0.0085, "prior_lr_after": 0.00425}
{"event": "g_lr_apply", "armed": true, "update_index": 2519, "g_lr_before": 0.00425, "g_lr_after": 0.002125, "fires": 1319, "prior_lr_before": 0.0085, "prior_lr_after": 0.00425}
{"event": "g_lr_apply", "armed": true, "update_index": 2520, "g_lr_before": 0.00425, "g_lr_after": 0.002125, "fires": 1320, "prior_lr_before": 0.0085, "prior_lr_after": 0.00425}
{"event": "g_lr_apply", "armed": true, "update_index": 2521, "g_lr_before": 0.00425, "g_lr_after": 0.002125, "fires": 1321, "prior_lr_before": 0.0085, "prior_lr_after": 0.00425}
{"event": "g_lr_apply", "armed": true, "update_index": 2522, "g_lr_before": 0.00425, "g_lr_after": 0.002125, "fires": 1322, "prior_lr_before": 0.0085, "prior_lr_after": 0.00425}
{"event": "g_lr_apply", "armed": true, "update_index": 2523, "g_lr_before": 0.00425, "g_lr_after": 0.002125, "fires": 1323, "prior_lr_before": 0.0085, "prior_lr_after": 0.00425}
{"event": "g_lr_apply", "armed": true, "update_index": 2524, "g_lr_before": 0.00425, "g_lr_after": 0.002125, "fires": 1324, "prior_lr_before": 0.0085, "prior_lr_after": 0.00425}
{"event": "g_lr_apply", "armed": true, "update_index": 2525, "g_lr_before": 0.00425, "g_lr_after": 0.002125, "fires": 1325, "prior_lr_before": 0.0085, "prior_lr_after": 0.00425}
{"event": "g_lr_apply", "armed": true, "update_index": 2526, "g_lr_before": 0.00425, "g_lr_after": 0.002125, "fires": 1326, "prior_lr_before": 0.0085, "prior_lr_after": 0.00425}
{"event": "g_lr_apply", "armed": true, "update_index": 2527, "g_lr_before": 0.00425, "g_lr_after": 0.002125, "fires": 1327, "prior_lr_before": 0.0085, "prior_lr_after": 0.00425}
{"event": "g_lr_apply", "armed": true, "update_index": 2528, "g_lr_before": 0.00425, "g_lr_after": 0.002125, "fires": 1328, "prior_lr_before": 0.0085, "prior_lr_after": 0.00425}
{"event": "g_lr_apply", "armed": true, "update_index": 2529, "g_lr_before": 0.00425, "g_lr_after": 0.002125, "fires": 1329, "prior_lr_before": 0.0085, "prior_lr_after": 0.00425}
{"event": "g_lr_apply", "armed": true, "update_index": 2530, "g_lr_before": 0.00425, "g_lr_after": 0.002125, "fires": 1330, "prior_lr_before": 0.0085, "prior_lr_after": 0.00425}
{"event": "g_lr_apply", "armed": true, "update_index": 2531, "g_lr_before": 0.00425, "g_lr_after": 0.002125, "fires": 1331, "prior_lr_before": 0.0085, "prior_lr_after": 0.00425}
{"event": "g_lr_apply", "armed": true, "update_index": 2532, "g_lr_before": 0.00425, "g_lr_after": 0.002125, "fires": 1332, "prior_lr_before": 0.0085, "prior_lr_after": 0.00425}
{"event": "g_lr_apply", "armed": true, "update_index": 2533, "g_lr_before": 0.00425, "g_lr_after": 0.002125, "fires": 1333, "prior_lr_before": 0.0085, "prior_lr_after": 0.00425}
{"event": "g_lr_apply", "armed": true, "update_index": 2534, "g_lr_before": 0.00425, "g_lr_after": 0.002125, "fires": 1334, "prior_lr_before": 0.0085, "prior_lr_after": 0.00425}
{"event": "g_lr_apply", "armed": true, "update_index": 2535, "g_lr_before": 0.00425, "g_lr_after": 0.002125, "fires": 1335, "prior_lr_before": 0.0085, "prior_lr_after": 0.00425}
{"event": "g_lr_apply", "armed": true, "update_index": 2536, "g_lr_before": 0.00425, "g_lr_after": 0.002125, "fires": 1336, "prior_lr_before": 0.0085, "prior_lr_after": 0.00425}
{"event": "g_lr_apply", "armed": true, "update_index": 2537, "g_lr_before": 0.00425, "g_lr_after": 0.002125, "fires": 1337, "prior_lr_before": 0.0085, "prior_lr_after": 0.00425}
{"event": "g_lr_apply", "armed": true, "update_index": 2538, "g_lr_before": 0.00425, "g_lr_after": 0.002125, "fires": 1338, "prior_lr_before": 0.0085, "prior_lr_after": 0.00425}
{"event": "g_lr_apply", "armed": true, "update_index": 2539, "g_lr_before": 0.00425, "g_lr_after": 0.002125, "fires": 1339, "prior_lr_before": 0.0085, "prior_lr_after": 0.00425}
{"event": "g_lr_apply", "armed": true, "update_index": 2540, "g_lr_before": 0.00425, "g_lr_after": 0.002125, "fires": 1340, "prior_lr_before": 0.0085, "prior_lr_after": 0.00425}
{"event": "g_lr_apply", "armed": true, "update_index": 2541, "g_lr_before": 0.00425, "g_lr_after": 0.002125, "fires": 1341, "prior_lr_before": 0.0085, "prior_lr_after": 0.00425}
{"event": "g_lr_apply", "armed": true, "update_index": 2542, "g_lr_before": 0.00425, "g_lr_after": 0.002125, "fires": 1342, "prior_lr_before": 0.0085, "prior_lr_after": 0.00425}
{"event": "g_lr_apply", "armed": true, "update_index": 2543, "g_lr_before": 0.00425, "g_lr_after": 0.002125, "fires": 1343, "prior_lr_before": 0.0085, "prior_lr_after": 0.00425}
{"event": "g_lr_apply", "armed": true, "update_index": 2544, "g_lr_before": 0.00425, "g_lr_after": 0.002125, "fires": 1344, "prior_lr_before": 0.0085, "prior_lr_after": 0.00425}
{"event": "g_lr_apply", "armed": true, "update_index": 2545, "g_lr_before": 0.00425, "g_lr_after": 0.002125, "fires": 1345, "prior_lr_before": 0.0085, "prior_lr_after": 0.00425}
{"event": "g_lr_apply", "armed": true, "update_index": 2546, "g_lr_before": 0.00425, "g_lr_after": 0.002125, "fires": 1346, "prior_lr_before": 0.0085, "prior_lr_after": 0.00425}
{"event": "g_lr_apply", "armed": true, "update_index": 2547, "g_lr_before": 0.00425, "g_lr_after": 0.002125, "fires": 1347, "prior_lr_before": 0.0085, "prior_lr_after": 0.00425}
{"event": "g_lr_apply", "armed": true, "update_index": 2548, "g_lr_before": 0.00425, "g_lr_after": 0.002125, "fires": 1348, "prior_lr_before": 0.0085, "prior_lr_after": 0.00425}
{"event": "g_lr_apply", "armed": true, "update_index": 2549, "g_lr_before": 0.00425, "g_lr_after": 0.002125, "fires": 1349, "prior_lr_before": 0.0085, "prior_lr_after": 0.00425}
{"event": "g_lr_apply", "armed": true, "update_index": 2550, "g_lr_before": 0.00425, "g_lr_after": 0.002125, "fires": 1350, "prior_lr_before": 0.0085, "prior_lr_after": 0.00425}
{"event": "g_lr_apply", "armed": true, "update_index": 2551, "g_lr_before": 0.00425, "g_lr_after": 0.002125, "fires": 1351, "prior_lr_before": 0.0085, "prior_lr_after": 0.00425}
{"event": "g_lr_apply", "armed": true, "update_index": 2552, "g_lr_before": 0.00425, "g_lr_after": 0.002125, "fires": 1352, "prior_lr_before": 0.0085, "prior_lr_after": 0.00425}
{"event": "g_lr_apply", "armed": true, "update_index": 2553, "g_lr_before": 0.00425, "g_lr_after": 0.002125, "fires": 1353, "prior_lr_before": 0.0085, "prior_lr_after": 0.00425}
{"event": "g_lr_apply", "armed": true, "update_index": 2554, "g_lr_before": 0.00425, "g_lr_after": 0.002125, "fires": 1354, "prior_lr_before": 0.0085, "prior_lr_after": 0.00425}
{"event": "g_lr_apply", "armed": true, "update_index": 2555, "g_lr_before": 0.00425, "g_lr_after": 0.002125, "fires": 1355, "prior_lr_before": 0.0085, "prior_lr_after": 0.00425}
{"event": "g_lr_apply", "armed": true, "update_index": 2556, "g_lr_before": 0.00425, "g_lr_after": 0.002125, "fires": 1356, "prior_lr_before": 0.0085, "prior_lr_after": 0.00425}
{"event": "g_lr_apply", "armed": true, "update_index": 2557, "g_lr_before": 0.00425, "g_lr_after": 0.002125, "fires": 1357, "prior_lr_before": 0.0085, "prior_lr_after": 0.00425}
{"event": "g_lr_apply", "armed": true, "update_index": 2558, "g_lr_before": 0.00425, "g_lr_after": 0.002125, "fires": 1358, "prior_lr_before": 0.0085, "prior_lr_after": 0.00425}
{"event": "g_lr_apply", "armed": true, "update_index": 2559, "g_lr_before": 0.00425, "g_lr_after": 0.002125, "fires": 1359, "prior_lr_before": 0.0085, "prior_lr_after": 0.00425}
{"event": "g_lr_apply", "armed": true, "update_index": 2560, "g_lr_before": 0.00425, "g_lr_after": 0.002125, "fires": 1360, "prior_lr_before": 0.0085, "prior_lr_after": 0.00425}
{"event": "g_lr_apply", "armed": true, "update_index": 2561, "g_lr_before": 0.00425, "g_lr_after": 0.002125, "fires": 1361, "prior_lr_before": 0.0085, "prior_lr_after": 0.00425}
{"event": "g_lr_apply", "armed": true, "update_index": 2562, "g_lr_before": 0.00425, "g_lr_after": 0.002125, "fires": 1362, "prior_lr_before": 0.0085, "prior_lr_after": 0.00425}
{"event": "g_lr_apply", "armed": true, "update_index": 2563, "g_lr_before": 0.00425, "g_lr_after": 0.002125, "fires": 1363, "prior_lr_before": 0.0085, "prior_lr_after": 0.00425}
{"event": "g_lr_apply", "armed": true, "update_index": 2564, "g_lr_before": 0.00425, "g_lr_after": 0.002125, "fires": 1364, "prior_lr_before": 0.0085, "prior_lr_after": 0.00425}
{"event": "g_lr_apply", "armed": true, "update_index": 2565, "g_lr_before": 0.00425, "g_lr_after": 0.002125, "fires": 1365, "prior_lr_before": 0.0085, "prior_lr_after": 0.00425}
{"event": "g_lr_apply", "armed": true, "update_index": 2566, "g_lr_before": 0.00425, "g_lr_after": 0.002125, "fires": 1366, "prior_lr_before": 0.0085, "prior_lr_after": 0.00425}
{"event": "g_lr_apply", "armed": true, "update_index": 2567, "g_lr_before": 0.00425, "g_lr_after": 0.002125, "fires": 1367, "prior_lr_before": 0.0085, "prior_lr_after": 0.00425}
{"event": "g_lr_apply", "armed": true, "update_index": 2568, "g_lr_before": 0.00425, "g_lr_after": 0.002125, "fires": 1368, "prior_lr_before": 0.0085, "prior_lr_after": 0.00425}
{"event": "g_lr_apply", "armed": true, "update_index": 2569, "g_lr_before": 0.00425, "g_lr_after": 0.002125, "fires": 1369, "prior_lr_before": 0.0085, "prior_lr_after": 0.00425}
{"event": "g_lr_apply", "armed": true, "update_index": 2570, "g_lr_before": 0.00425, "g_lr_after": 0.002125, "fires": 1370, "prior_lr_before": 0.0085, "prior_lr_after": 0.00425}
{"event": "g_lr_apply", "armed": true, "update_index": 2571, "g_lr_before": 0.00425, "g_lr_after": 0.002125, "fires": 1371, "prior_lr_before": 0.0085, "prior_lr_after": 0.00425}
{"event": "g_lr_apply", "armed": true, "update_index": 2572, "g_lr_before": 0.00425, "g_lr_after": 0.002125, "fires": 1372, "prior_lr_before": 0.0085, "prior_lr_after": 0.00425}
{"event": "g_lr_apply", "armed": true, "update_index": 2573, "g_lr_before": 0.00425, "g_lr_after": 0.002125, "fires": 1373, "prior_lr_before": 0.0085, "prior_lr_after": 0.00425}
{"event": "g_lr_apply", "armed": true, "update_index": 2574, "g_lr_before": 0.00425, "g_lr_after": 0.002125, "fires": 1374, "prior_lr_before": 0.0085, "prior_lr_after": 0.00425}
{"event": "g_lr_apply", "armed": true, "update_index": 2575, "g_lr_before": 0.00425, "g_lr_after": 0.002125, "fires": 1375, "prior_lr_before": 0.0085, "prior_lr_after": 0.00425}
{"event": "g_lr_apply", "armed": true, "update_index": 2576, "g_lr_before": 0.00425, "g_lr_after": 0.002125, "fires": 1376, "prior_lr_before": 0.0085, "prior_lr_after": 0.00425}
{"event": "g_lr_apply", "armed": true, "update_index": 2577, "g_lr_before": 0.00425, "g_lr_after": 0.002125, "fires": 1377, "prior_lr_before": 0.0085, "prior_lr_after": 0.00425}
{"event": "g_lr_apply", "armed": true, "update_index": 2578, "g_lr_before": 0.00425, "g_lr_after": 0.002125, "fires": 1378, "prior_lr_before": 0.0085, "prior_lr_after": 0.00425}
{"event": "g_lr_apply", "armed": true, "update_index": 2579, "g_lr_before": 0.00425, "g_lr_after": 0.002125, "fires": 1379, "prior_lr_before": 0.0085, "prior_lr_after": 0.00425}
{"event": "g_lr_apply", "armed": true, "update_index": 2580, "g_lr_before": 0.00425, "g_lr_after": 0.002125, "fires": 1380, "prior_lr_before": 0.0085, "prior_lr_after": 0.00425}
{"event": "g_lr_apply", "armed": true, "update_index": 2581, "g_lr_before": 0.00425, "g_lr_after": 0.002125, "fires": 1381, "prior_lr_before": 0.0085, "prior_lr_after": 0.00425}
{"event": "g_lr_apply", "armed": true, "update_index": 2582, "g_lr_before": 0.00425, "g_lr_after": 0.002125, "fires": 1382, "prior_lr_before": 0.0085, "prior_lr_after": 0.00425}
{"event": "g_lr_apply", "armed": true, "update_index": 2583, "g_lr_before": 0.00425, "g_lr_after": 0.002125, "fires": 1383, "prior_lr_before": 0.0085, "prior_lr_after": 0.00425}
{"event": "g_lr_apply", "armed": true, "update_index": 2584, "g_lr_before": 0.00425, "g_lr_after": 0.002125, "fires": 1384, "prior_lr_before": 0.0085, "prior_lr_after": 0.00425}
{"event": "g_lr_apply", "armed": true, "update_index": 2585, "g_lr_before": 0.00425, "g_lr_after": 0.002125, "fires": 1385, "prior_lr_before": 0.0085, "prior_lr_after": 0.00425}
{"event": "g_lr_apply", "armed": true, "update_index": 2586, "g_lr_before": 0.00425, "g_lr_after": 0.002125, "fires": 1386, "prior_lr_before": 0.0085, "prior_lr_after": 0.00425}
{"event": "g_lr_apply", "armed": true, "update_index": 2587, "g_lr_before": 0.00425, "g_lr_after": 0.002125, "fires": 1387, "prior_lr_before": 0.0085, "prior_lr_after": 0.00425}
{"event": "g_lr_apply", "armed": true, "update_index": 2588, "g_lr_before": 0.00425, "g_lr_after": 0.002125, "fires": 1388, "prior_lr_before": 0.0085, "prior_lr_after": 0.00425}
{"event": "g_lr_apply", "armed": true, "update_index": 2589, "g_lr_before": 0.00425, "g_lr_after": 0.002125, "fires": 1389, "prior_lr_before": 0.0085, "prior_lr_after": 0.00425}
{"event": "g_lr_apply", "armed": true, "update_index": 2590, "g_lr_before": 0.00425, "g_lr_after": 0.002125, "fires": 1390, "prior_lr_before": 0.0085, "prior_lr_after": 0.00425}
{"event": "g_lr_apply", "armed": true, "update_index": 2591, "g_lr_before": 0.00425, "g_lr_after": 0.002125, "fires": 1391, "prior_lr_before": 0.0085, "prior_lr_after": 0.00425}
{"event": "g_lr_apply", "armed": true, "update_index": 2592, "g_lr_before": 0.00425, "g_lr_after": 0.002125, "fires": 1392, "prior_lr_before": 0.0085, "prior_lr_after": 0.00425}
{"event": "g_lr_apply", "armed": true, "update_index": 2593, "g_lr_before": 0.00425, "g_lr_after": 0.002125, "fires": 1393, "prior_lr_before": 0.0085, "prior_lr_after": 0.00425}
{"event": "g_lr_apply", "armed": true, "update_index": 2594, "g_lr_before": 0.00425, "g_lr_after": 0.002125, "fires": 1394, "prior_lr_before": 0.0085, "prior_lr_after": 0.00425}
{"event": "g_lr_apply", "armed": true, "update_index": 2595, "g_lr_before": 0.00425, "g_lr_after": 0.002125, "fires": 1395, "prior_lr_before": 0.0085, "prior_lr_after": 0.00425}
{"event": "g_lr_apply", "armed": true, "update_index": 2596, "g_lr_before": 0.00425, "g_lr_after": 0.002125, "fires": 1396, "prior_lr_before": 0.0085, "prior_lr_after": 0.00425}
{"event": "g_lr_apply", "armed": true, "update_index": 2597, "g_lr_before": 0.00425, "g_lr_after": 0.002125, "fires": 1397, "prior_lr_before": 0.0085, "prior_lr_after": 0.00425}
{"event": "g_lr_apply", "armed": true, "update_index": 2598, "g_lr_before": 0.00425, "g_lr_after": 0.002125, "fires": 1398, "prior_lr_before": 0.0085, "prior_lr_after": 0.00425}
{"event": "g_lr_apply", "armed": true, "update_index": 2599, "g_lr_before": 0.00425, "g_lr_after": 0.002125, "fires": 1399, "prior_lr_before": 0.0085, "prior_lr_after": 0.00425}
{"event": "g_lr_apply", "armed": true, "update_index": 2600, "g_lr_before": 0.00425, "g_lr_after": 0.002125, "fires": 1400, "prior_lr_before": 0.0085, "prior_lr_after": 0.00425}
{"event": "g_lr_apply", "armed": true, "update_index": 2601, "g_lr_before": 0.00425, "g_lr_after": 0.002125, "fires": 1401, "prior_lr_before": 0.0085, "prior_lr_after": 0.00425}
{"event": "g_lr_apply", "armed": true, "update_index": 2602, "g_lr_before": 0.00425, "g_lr_after": 0.002125, "fires": 1402, "prior_lr_before": 0.0085, "prior_lr_after": 0.00425}
{"event": "g_lr_apply", "armed": true, "update_index": 2603, "g_lr_before": 0.00425, "g_lr_after": 0.002125, "fires": 1403, "prior_lr_before": 0.0085, "prior_lr_after": 0.00425}
{"event": "g_lr_apply", "armed": true, "update_index": 2604, "g_lr_before": 0.00425, "g_lr_after": 0.002125, "fires": 1404, "prior_lr_before": 0.0085, "prior_lr_after": 0.00425}
{"event": "g_lr_apply", "armed": true, "update_index": 2605, "g_lr_before": 0.00425, "g_lr_after": 0.002125, "fires": 1405, "prior_lr_before": 0.0085, "prior_lr_after": 0.00425}
{"event": "g_lr_apply", "armed": true, "update_index": 2606, "g_lr_before": 0.00425, "g_lr_after": 0.002125, "fires": 1406, "prior_lr_before": 0.0085, "prior_lr_after": 0.00425}
{"event": "g_lr_apply", "armed": true, "update_index": 2607, "g_lr_before": 0.00425, "g_lr_after": 0.002125, "fires": 1407, "prior_lr_before": 0.0085, "prior_lr_after": 0.00425}
{"event": "g_lr_apply", "armed": true, "update_index": 2608, "g_lr_before": 0.00425, "g_lr_after": 0.002125, "fires": 1408, "prior_lr_before": 0.0085, "prior_lr_after": 0.00425}
{"event": "g_lr_apply", "armed": true, "update_index": 2609, "g_lr_before": 0.00425, "g_lr_after": 0.002125, "fires": 1409, "prior_lr_before": 0.0085, "prior_lr_after": 0.00425}
{"event": "g_lr_apply", "armed": true, "update_index": 2610, "g_lr_before": 0.00425, "g_lr_after": 0.002125, "fires": 1410, "prior_lr_before": 0.0085, "prior_lr_after": 0.00425}
{"event": "g_lr_apply", "armed": true, "update_index": 2611, "g_lr_before": 0.00425, "g_lr_after": 0.002125, "fires": 1411, "prior_lr_before": 0.0085, "prior_lr_after": 0.00425}
{"event": "g_lr_apply", "armed": true, "update_index": 2612, "g_lr_before": 0.00425, "g_lr_after": 0.002125, "fires": 1412, "prior_lr_before": 0.0085, "prior_lr_after": 0.00425}
{"event": "g_lr_apply", "armed": true, "update_index": 2613, "g_lr_before": 0.00425, "g_lr_after": 0.002125, "fires": 1413, "prior_lr_before": 0.0085, "prior_lr_after": 0.00425}
{"event": "g_lr_apply", "armed": true, "update_index": 2614, "g_lr_before": 0.00425, "g_lr_after": 0.002125, "fires": 1414, "prior_lr_before": 0.0085, "prior_lr_after": 0.00425}
{"event": "g_lr_apply", "armed": true, "update_index": 2615, "g_lr_before": 0.00425, "g_lr_after": 0.002125, "fires": 1415, "prior_lr_before": 0.0085, "prior_lr_after": 0.00425}
{"event": "g_lr_apply", "armed": true, "update_index": 2616, "g_lr_before": 0.00425, "g_lr_after": 0.002125, "fires": 1416, "prior_lr_before": 0.0085, "prior_lr_after": 0.00425}
{"event": "g_lr_apply", "armed": true, "update_index": 2617, "g_lr_before": 0.00425, "g_lr_after": 0.002125, "fires": 1417, "prior_lr_before": 0.0085, "prior_lr_after": 0.00425}
{"event": "g_lr_apply", "armed": true, "update_index": 2618, "g_lr_before": 0.00425, "g_lr_after": 0.002125, "fires": 1418, "prior_lr_before": 0.0085, "prior_lr_after": 0.00425}
{"event": "g_lr_apply", "armed": true, "update_index": 2619, "g_lr_before": 0.00425, "g_lr_after": 0.002125, "fires": 1419, "prior_lr_before": 0.0085, "prior_lr_after": 0.00425}
{"event": "g_lr_apply", "armed": true, "update_index": 2620, "g_lr_before": 0.00425, "g_lr_after": 0.002125, "fires": 1420, "prior_lr_before": 0.0085, "prior_lr_after": 0.00425}
{"event": "g_lr_apply", "armed": true, "update_index": 2621, "g_lr_before": 0.00425, "g_lr_after": 0.002125, "fires": 1421, "prior_lr_before": 0.0085, "prior_lr_after": 0.00425}
{"event": "g_lr_apply", "armed": true, "update_index": 2622, "g_lr_before": 0.00425, "g_lr_after": 0.002125, "fires": 1422, "prior_lr_before": 0.0085, "prior_lr_after": 0.00425}
{"event": "g_lr_apply", "armed": true, "update_index": 2623, "g_lr_before": 0.00425, "g_lr_after": 0.002125, "fires": 1423, "prior_lr_before": 0.0085, "prior_lr_after": 0.00425}
{"event": "g_lr_apply", "armed": true, "update_index": 2624, "g_lr_before": 0.00425, "g_lr_after": 0.002125, "fires": 1424, "prior_lr_before": 0.0085, "prior_lr_after": 0.00425}
{"event": "g_lr_apply", "armed": true, "update_index": 2625, "g_lr_before": 0.00425, "g_lr_after": 0.002125, "fires": 1425, "prior_lr_before": 0.0085, "prior_lr_after": 0.00425}
{"event": "g_lr_apply", "armed": true, "update_index": 2626, "g_lr_before": 0.00425, "g_lr_after": 0.002125, "fires": 1426, "prior_lr_before": 0.0085, "prior_lr_after": 0.00425}
{"event": "g_lr_apply", "armed": true, "update_index": 2627, "g_lr_before": 0.00425, "g_lr_after": 0.002125, "fires": 1427, "prior_lr_before": 0.0085, "prior_lr_after": 0.00425}
{"event": "g_lr_apply", "armed": true, "update_index": 2628, "g_lr_before": 0.00425, "g_lr_after": 0.002125, "fires": 1428, "prior_lr_before": 0.0085, "prior_lr_after": 0.00425}
{"event": "g_lr_apply", "armed": true, "update_index": 2629, "g_lr_before": 0.00425, "g_lr_after": 0.002125, "fires": 1429, "prior_lr_before": 0.0085, "prior_lr_after": 0.00425}
{"event": "g_lr_apply", "armed": true, "update_index": 2630, "g_lr_before": 0.00425, "g_lr_after": 0.002125, "fires": 1430, "prior_lr_before": 0.0085, "prior_lr_after": 0.00425}
{"event": "g_lr_apply", "armed": true, "update_index": 2631, "g_lr_before": 0.00425, "g_lr_after": 0.002125, "fires": 1431, "prior_lr_before": 0.0085, "prior_lr_after": 0.00425}
{"event": "g_lr_apply", "armed": true, "update_index": 2632, "g_lr_before": 0.00425, "g_lr_after": 0.002125, "fires": 1432, "prior_lr_before": 0.0085, "prior_lr_after": 0.00425}
{"event": "g_lr_apply", "armed": true, "update_index": 2633, "g_lr_before": 0.00425, "g_lr_after": 0.002125, "fires": 1433, "prior_lr_before": 0.0085, "prior_lr_after": 0.00425}
{"event": "g_lr_apply", "armed": true, "update_index": 2634, "g_lr_before": 0.00425, "g_lr_after": 0.002125, "fires": 1434, "prior_lr_before": 0.0085, "prior_lr_after": 0.00425}
{"event": "g_lr_apply", "armed": true, "update_index": 2635, "g_lr_before": 0.00425, "g_lr_after": 0.002125, "fires": 1435, "prior_lr_before": 0.0085, "prior_lr_after": 0.00425}
{"event": "g_lr_apply", "armed": true, "update_index": 2636, "g_lr_before": 0.00425, "g_lr_after": 0.002125, "fires": 1436, "prior_lr_before": 0.0085, "prior_lr_after": 0.00425}
{"event": "g_lr_apply", "armed": true, "update_index": 2637, "g_lr_before": 0.00425, "g_lr_after": 0.002125, "fires": 1437, "prior_lr_before": 0.0085, "prior_lr_after": 0.00425}
{"event": "g_lr_apply", "armed": true, "update_index": 2638, "g_lr_before": 0.00425, "g_lr_after": 0.002125, "fires": 1438, "prior_lr_before": 0.0085, "prior_lr_after": 0.00425}
{"event": "g_lr_apply", "armed": true, "update_index": 2639, "g_lr_before": 0.00425, "g_lr_after": 0.002125, "fires": 1439, "prior_lr_before": 0.0085, "prior_lr_after": 0.00425}
{"event": "g_lr_apply", "armed": true, "update_index": 2640, "g_lr_before": 0.00425, "g_lr_after": 0.002125, "fires": 1440, "prior_lr_before": 0.0085, "prior_lr_after": 0.00425}
{"event": "g_lr_apply", "armed": true, "update_index": 2641, "g_lr_before": 0.00425, "g_lr_after": 0.002125, "fires": 1441, "prior_lr_before": 0.0085, "prior_lr_after": 0.00425}
{"event": "g_lr_apply", "armed": true, "update_index": 2642, "g_lr_before": 0.00425, "g_lr_after": 0.002125, "fires": 1442, "prior_lr_before": 0.0085, "prior_lr_after": 0.00425}
{"event": "g_lr_apply", "armed": true, "update_index": 2643, "g_lr_before": 0.00425, "g_lr_after": 0.002125, "fires": 1443, "prior_lr_before": 0.0085, "prior_lr_after": 0.00425}
{"event": "g_lr_apply", "armed": true, "update_index": 2644, "g_lr_before": 0.00425, "g_lr_after": 0.002125, "fires": 1444, "prior_lr_before": 0.0085, "prior_lr_after": 0.00425}
{"event": "g_lr_apply", "armed": true, "update_index": 2645, "g_lr_before": 0.00425, "g_lr_after": 0.002125, "fires": 1445, "prior_lr_before": 0.0085, "prior_lr_after": 0.00425}
{"event": "g_lr_apply", "armed": true, "update_index": 2646, "g_lr_before": 0.00425, "g_lr_after": 0.002125, "fires": 1446, "prior_lr_before": 0.0085, "prior_lr_after": 0.00425}
{"event": "g_lr_apply", "armed": true, "update_index": 2647, "g_lr_before": 0.00425, "g_lr_after": 0.002125, "fires": 1447, "prior_lr_before": 0.0085, "prior_lr_after": 0.00425}
{"event": "g_lr_apply", "armed": true, "update_index": 2648, "g_lr_before": 0.00425, "g_lr_after": 0.002125, "fires": 1448, "prior_lr_before": 0.0085, "prior_lr_after": 0.00425}
{"event": "g_lr_apply", "armed": true, "update_index": 2649, "g_lr_before": 0.00425, "g_lr_after": 0.002125, "fires": 1449, "prior_lr_before": 0.0085, "prior_lr_after": 0.00425}
{"event": "g_lr_apply", "armed": true, "update_index": 2650, "g_lr_before": 0.00425, "g_lr_after": 0.002125, "fires": 1450, "prior_lr_before": 0.0085, "prior_lr_after": 0.00425}
{"event": "g_lr_apply", "armed": true, "update_index": 2651, "g_lr_before": 0.00425, "g_lr_after": 0.002125, "fires": 1451, "prior_lr_before": 0.0085, "prior_lr_after": 0.00425}
{"event": "g_lr_apply", "armed": true, "update_index": 2652, "g_lr_before": 0.00425, "g_lr_after": 0.002125, "fires": 1452, "prior_lr_before": 0.0085, "prior_lr_after": 0.00425}
{"event": "g_lr_apply", "armed": true, "update_index": 2653, "g_lr_before": 0.00425, "g_lr_after": 0.002125, "fires": 1453, "prior_lr_before": 0.0085, "prior_lr_after": 0.00425}
{"event": "g_lr_apply", "armed": true, "update_index": 2654, "g_lr_before": 0.00425, "g_lr_after": 0.002125, "fires": 1454, "prior_lr_before": 0.0085, "prior_lr_after": 0.00425}
{"event": "g_lr_apply", "armed": true, "update_index": 2655, "g_lr_before": 0.00425, "g_lr_after": 0.002125, "fires": 1455, "prior_lr_before": 0.0085, "prior_lr_after": 0.00425}
{"event": "g_lr_apply", "armed": true, "update_index": 2656, "g_lr_before": 0.00425, "g_lr_after": 0.002125, "fires": 1456, "prior_lr_before": 0.0085, "prior_lr_after": 0.00425}
{"event": "g_lr_apply", "armed": true, "update_index": 2657, "g_lr_before": 0.00425, "g_lr_after": 0.002125, "fires": 1457, "prior_lr_before": 0.0085, "prior_lr_after": 0.00425}
{"event": "g_lr_apply", "armed": true, "update_index": 2658, "g_lr_before": 0.00425, "g_lr_after": 0.002125, "fires": 1458, "prior_lr_before": 0.0085, "prior_lr_after": 0.00425}
{"event": "g_lr_apply", "armed": true, "update_index": 2659, "g_lr_before": 0.00425, "g_lr_after": 0.002125, "fires": 1459, "prior_lr_before": 0.0085, "prior_lr_after": 0.00425}
{"event": "g_lr_apply", "armed": true, "update_index": 2660, "g_lr_before": 0.00425, "g_lr_after": 0.002125, "fires": 1460, "prior_lr_before": 0.0085, "prior_lr_after": 0.00425}
{"event": "g_lr_apply", "armed": true, "update_index": 2661, "g_lr_before": 0.00425, "g_lr_after": 0.002125, "fires": 1461, "prior_lr_before": 0.0085, "prior_lr_after": 0.00425}
{"event": "g_lr_apply", "armed": true, "update_index": 2662, "g_lr_before": 0.00425, "g_lr_after": 0.002125, "fires": 1462, "prior_lr_before": 0.0085, "prior_lr_after": 0.00425}
{"event": "g_lr_apply", "armed": true, "update_index": 2663, "g_lr_before": 0.00425, "g_lr_after": 0.002125, "fires": 1463, "prior_lr_before": 0.0085, "prior_lr_after": 0.00425}
{"event": "g_lr_apply", "armed": true, "update_index": 2664, "g_lr_before": 0.00425, "g_lr_after": 0.002125, "fires": 1464, "prior_lr_before": 0.0085, "prior_lr_after": 0.00425}
{"event": "g_lr_apply", "armed": true, "update_index": 2665, "g_lr_before": 0.00425, "g_lr_after": 0.002125, "fires": 1465, "prior_lr_before": 0.0085, "prior_lr_after": 0.00425}
{"event": "g_lr_apply", "armed": true, "update_index": 2666, "g_lr_before": 0.00425, "g_lr_after": 0.002125, "fires": 1466, "prior_lr_before": 0.0085, "prior_lr_after": 0.00425}
{"event": "g_lr_apply", "armed": true, "update_index": 2667, "g_lr_before": 0.00425, "g_lr_after": 0.002125, "fires": 1467, "prior_lr_before": 0.0085, "prior_lr_after": 0.00425}
{"event": "g_lr_apply", "armed": true, "update_index": 2668, "g_lr_before": 0.00425, "g_lr_after": 0.002125, "fires": 1468, "prior_lr_before": 0.0085, "prior_lr_after": 0.00425}
{"event": "g_lr_apply", "armed": true, "update_index": 2669, "g_lr_before": 0.00425, "g_lr_after": 0.002125, "fires": 1469, "prior_lr_before": 0.0085, "prior_lr_after": 0.00425}
{"event": "g_lr_apply", "armed": true, "update_index": 2670, "g_lr_before": 0.00425, "g_lr_after": 0.002125, "fires": 1470, "prior_lr_before": 0.0085, "prior_lr_after": 0.00425}
{"event": "g_lr_apply", "armed": true, "update_index": 2671, "g_lr_before": 0.00425, "g_lr_after": 0.002125, "fires": 1471, "prior_lr_before": 0.0085, "prior_lr_after": 0.00425}
{"event": "g_lr_apply", "armed": true, "update_index": 2672, "g_lr_before": 0.00425, "g_lr_after": 0.002125, "fires": 1472, "prior_lr_before": 0.0085, "prior_lr_after": 0.00425}
{"event": "g_lr_apply", "armed": true, "update_index": 2673, "g_lr_before": 0.00425, "g_lr_after": 0.002125, "fires": 1473, "prior_lr_before": 0.0085, "prior_lr_after": 0.00425}
{"event": "g_lr_apply", "armed": true, "update_index": 2674, "g_lr_before": 0.00425, "g_lr_after": 0.002125, "fires": 1474, "prior_lr_before": 0.0085, "prior_lr_after": 0.00425}
{"event": "g_lr_apply", "armed": true, "update_index": 2675, "g_lr_before": 0.00425, "g_lr_after": 0.002125, "fires": 1475, "prior_lr_before": 0.0085, "prior_lr_after": 0.00425}
{"event": "g_lr_apply", "armed": true, "update_index": 2676, "g_lr_before": 0.00425, "g_lr_after": 0.002125, "fires": 1476, "prior_lr_before": 0.0085, "prior_lr_after": 0.00425}
{"event": "g_lr_apply", "armed": true, "update_index": 2677, "g_lr_before": 0.00425, "g_lr_after": 0.002125, "fires": 1477, "prior_lr_before": 0.0085, "prior_lr_after": 0.00425}
{"event": "g_lr_apply", "armed": true, "update_index": 2678, "g_lr_before": 0.00425, "g_lr_after": 0.002125, "fires": 1478, "prior_lr_before": 0.0085, "prior_lr_after": 0.00425}
{"event": "g_lr_apply", "armed": true, "update_index": 2679, "g_lr_before": 0.00425, "g_lr_after": 0.002125, "fires": 1479, "prior_lr_before": 0.0085, "prior_lr_after": 0.00425}
{"event": "g_lr_apply", "armed": true, "update_index": 2680, "g_lr_before": 0.00425, "g_lr_after": 0.002125, "fires": 1480, "prior_lr_before": 0.0085, "prior_lr_after": 0.00425}
{"event": "g_lr_apply", "armed": true, "update_index": 2681, "g_lr_before": 0.00425, "g_lr_after": 0.002125, "fires": 1481, "prior_lr_before": 0.0085, "prior_lr_after": 0.00425}
{"event": "g_lr_apply", "armed": true, "update_index": 2682, "g_lr_before": 0.00425, "g_lr_after": 0.002125, "fires": 1482, "prior_lr_before": 0.0085, "prior_lr_after": 0.00425}
{"event": "g_lr_apply", "armed": true, "update_index": 2683, "g_lr_before": 0.00425, "g_lr_after": 0.002125, "fires": 1483, "prior_lr_before": 0.0085, "prior_lr_after": 0.00425}
{"event": "g_lr_apply", "armed": true, "update_index": 2684, "g_lr_before": 0.00425, "g_lr_after": 0.002125, "fires": 1484, "prior_lr_before": 0.0085, "prior_lr_after": 0.00425}
{"event": "g_lr_apply", "armed": true, "update_index": 2685, "g_lr_before": 0.00425, "g_lr_after": 0.002125, "fires": 1485, "prior_lr_before": 0.0085, "prior_lr_after": 0.00425}
{"event": "g_lr_apply", "armed": true, "update_index": 2686, "g_lr_before": 0.00425, "g_lr_after": 0.002125, "fires": 1486, "prior_lr_before": 0.0085, "prior_lr_after": 0.00425}
{"event": "g_lr_apply", "armed": true, "update_index": 2687, "g_lr_before": 0.00425, "g_lr_after": 0.002125, "fires": 1487, "prior_lr_before": 0.0085, "prior_lr_after": 0.00425}
{"event": "g_lr_apply", "armed": true, "update_index": 2688, "g_lr_before": 0.00425, "g_lr_after": 0.002125, "fires": 1488, "prior_lr_before": 0.0085, "prior_lr_after": 0.00425}
{"event": "g_lr_apply", "armed": true, "update_index": 2689, "g_lr_before": 0.00425, "g_lr_after": 0.002125, "fires": 1489, "prior_lr_before": 0.0085, "prior_lr_after": 0.00425}
{"event": "g_lr_apply", "armed": true, "update_index": 2690, "g_lr_before": 0.00425, "g_lr_after": 0.002125, "fires": 1490, "prior_lr_before": 0.0085, "prior_lr_after": 0.00425}
{"event": "g_lr_apply", "armed": true, "update_index": 2691, "g_lr_before": 0.00425, "g_lr_after": 0.002125, "fires": 1491, "prior_lr_before": 0.0085, "prior_lr_after": 0.00425}
{"event": "g_lr_apply", "armed": true, "update_index": 2692, "g_lr_before": 0.00425, "g_lr_after": 0.002125, "fires": 1492, "prior_lr_before": 0.0085, "prior_lr_after": 0.00425}
{"event": "g_lr_apply", "armed": true, "update_index": 2693, "g_lr_before": 0.00425, "g_lr_after": 0.002125, "fires": 1493, "prior_lr_before": 0.0085, "prior_lr_after": 0.00425}
{"event": "g_lr_apply", "armed": true, "update_index": 2694, "g_lr_before": 0.00425, "g_lr_after": 0.002125, "fires": 1494, "prior_lr_before": 0.0085, "prior_lr_after": 0.00425}
{"event": "g_lr_apply", "armed": true, "update_index": 2695, "g_lr_before": 0.00425, "g_lr_after": 0.002125, "fires": 1495, "prior_lr_before": 0.0085, "prior_lr_after": 0.00425}
{"event": "g_lr_apply", "armed": true, "update_index": 2696, "g_lr_before": 0.00425, "g_lr_after": 0.002125, "fires": 1496, "prior_lr_before": 0.0085, "prior_lr_after": 0.00425}
{"event": "g_lr_apply", "armed": true, "update_index": 2697, "g_lr_before": 0.00425, "g_lr_after": 0.002125, "fires": 1497, "prior_lr_before": 0.0085, "prior_lr_after": 0.00425}
{"event": "g_lr_apply", "armed": true, "update_index": 2698, "g_lr_before": 0.00425, "g_lr_after": 0.002125, "fires": 1498, "prior_lr_before": 0.0085, "prior_lr_after": 0.00425}
{"event": "g_lr_apply", "armed": true, "update_index": 2699, "g_lr_before": 0.00425, "g_lr_after": 0.002125, "fires": 1499, "prior_lr_before": 0.0085, "prior_lr_after": 0.00425}
{"event": "g_lr_apply", "armed": true, "update_index": 2700, "g_lr_before": 0.00425, "g_lr_after": 0.002125, "fires": 1500, "prior_lr_before": 0.0085, "prior_lr_after": 0.00425}
{"event": "g_lr_apply", "armed": true, "update_index": 2701, "g_lr_before": 0.00425, "g_lr_after": 0.002125, "fires": 1501, "prior_lr_before": 0.0085, "prior_lr_after": 0.00425}
{"event": "g_lr_apply", "armed": true, "update_index": 2702, "g_lr_before": 0.00425, "g_lr_after": 0.002125, "fires": 1502, "prior_lr_before": 0.0085, "prior_lr_after": 0.00425}
{"event": "g_lr_apply", "armed": true, "update_index": 2703, "g_lr_before": 0.00425, "g_lr_after": 0.002125, "fires": 1503, "prior_lr_before": 0.0085, "prior_lr_after": 0.00425}
{"event": "g_lr_apply", "armed": true, "update_index": 2704, "g_lr_before": 0.00425, "g_lr_after": 0.002125, "fires": 1504, "prior_lr_before": 0.0085, "prior_lr_after": 0.00425}
{"event": "g_lr_apply", "armed": true, "update_index": 2705, "g_lr_before": 0.00425, "g_lr_after": 0.002125, "fires": 1505, "prior_lr_before": 0.0085, "prior_lr_after": 0.00425}
{"event": "g_lr_apply", "armed": true, "update_index": 2706, "g_lr_before": 0.00425, "g_lr_after": 0.002125, "fires": 1506, "prior_lr_before": 0.0085, "prior_lr_after": 0.00425}
{"event": "g_lr_apply", "armed": true, "update_index": 2707, "g_lr_before": 0.00425, "g_lr_after": 0.002125, "fires": 1507, "prior_lr_before": 0.0085, "prior_lr_after": 0.00425}
{"event": "g_lr_apply", "armed": true, "update_index": 2708, "g_lr_before": 0.00425, "g_lr_after": 0.002125, "fires": 1508, "prior_lr_before": 0.0085, "prior_lr_after": 0.00425}
{"event": "g_lr_apply", "armed": true, "update_index": 2709, "g_lr_before": 0.00425, "g_lr_after": 0.002125, "fires": 1509, "prior_lr_before": 0.0085, "prior_lr_after": 0.00425}
{"event": "g_lr_apply", "armed": true, "update_index": 2710, "g_lr_before": 0.00425, "g_lr_after": 0.002125, "fires": 1510, "prior_lr_before": 0.0085, "prior_lr_after": 0.00425}
{"event": "g_lr_apply", "armed": true, "update_index": 2711, "g_lr_before": 0.00425, "g_lr_after": 0.002125, "fires": 1511, "prior_lr_before": 0.0085, "prior_lr_after": 0.00425}
{"event": "g_lr_apply", "armed": true, "update_index": 2712, "g_lr_before": 0.00425, "g_lr_after": 0.002125, "fires": 1512, "prior_lr_before": 0.0085, "prior_lr_after": 0.00425}
{"event": "g_lr_apply", "armed": true, "update_index": 2713, "g_lr_before": 0.00425, "g_lr_after": 0.002125, "fires": 1513, "prior_lr_before": 0.0085, "prior_lr_after": 0.00425}
{"event": "g_lr_apply", "armed": true, "update_index": 2714, "g_lr_before": 0.00425, "g_lr_after": 0.002125, "fires": 1514, "prior_lr_before": 0.0085, "prior_lr_after": 0.00425}
{"event": "g_lr_apply", "armed": true, "update_index": 2715, "g_lr_before": 0.00425, "g_lr_after": 0.002125, "fires": 1515, "prior_lr_before": 0.0085, "prior_lr_after": 0.00425}
{"event": "g_lr_apply", "armed": true, "update_index": 2716, "g_lr_before": 0.00425, "g_lr_after": 0.002125, "fires": 1516, "prior_lr_before": 0.0085, "prior_lr_after": 0.00425}
{"event": "g_lr_apply", "armed": true, "update_index": 2717, "g_lr_before": 0.00425, "g_lr_after": 0.002125, "fires": 1517, "prior_lr_before": 0.0085, "prior_lr_after": 0.00425}
{"event": "g_lr_apply", "armed": true, "update_index": 2718, "g_lr_before": 0.00425, "g_lr_after": 0.002125, "fires": 1518, "prior_lr_before": 0.0085, "prior_lr_after": 0.00425}
{"event": "g_lr_apply", "armed": true, "update_index": 2719, "g_lr_before": 0.00425, "g_lr_after": 0.002125, "fires": 1519, "prior_lr_before": 0.0085, "prior_lr_after": 0.00425}
{"event": "g_lr_apply", "armed": true, "update_index": 2720, "g_lr_before": 0.00425, "g_lr_after": 0.002125, "fires": 1520, "prior_lr_before": 0.0085, "prior_lr_after": 0.00425}
{"event": "g_lr_apply", "armed": true, "update_index": 2721, "g_lr_before": 0.00425, "g_lr_after": 0.002125, "fires": 1521, "prior_lr_before": 0.0085, "prior_lr_after": 0.00425}
{"event": "g_lr_apply", "armed": true, "update_index": 2722, "g_lr_before": 0.00425, "g_lr_after": 0.002125, "fires": 1522, "prior_lr_before": 0.0085, "prior_lr_after": 0.00425}
{"event": "g_lr_apply", "armed": true, "update_index": 2723, "g_lr_before": 0.00425, "g_lr_after": 0.002125, "fires": 1523, "prior_lr_before": 0.0085, "prior_lr_after": 0.00425}
{"event": "g_lr_apply", "armed": true, "update_index": 2724, "g_lr_before": 0.00425, "g_lr_after": 0.002125, "fires": 1524, "prior_lr_before": 0.0085, "prior_lr_after": 0.00425}
{"event": "g_lr_apply", "armed": true, "update_index": 2725, "g_lr_before": 0.00425, "g_lr_after": 0.002125, "fires": 1525, "prior_lr_before": 0.0085, "prior_lr_after": 0.00425}
{"event": "g_lr_apply", "armed": true, "update_index": 2726, "g_lr_before": 0.00425, "g_lr_after": 0.002125, "fires": 1526, "prior_lr_before": 0.0085, "prior_lr_after": 0.00425}
{"event": "g_lr_apply", "armed": true, "update_index": 2727, "g_lr_before": 0.00425, "g_lr_after": 0.002125, "fires": 1527, "prior_lr_before": 0.0085, "prior_lr_after": 0.00425}
{"event": "g_lr_apply", "armed": true, "update_index": 2728, "g_lr_before": 0.00425, "g_lr_after": 0.002125, "fires": 1528, "prior_lr_before": 0.0085, "prior_lr_after": 0.00425}
{"event": "g_lr_apply", "armed": true, "update_index": 2729, "g_lr_before": 0.00425, "g_lr_after": 0.002125, "fires": 1529, "prior_lr_before": 0.0085, "prior_lr_after": 0.00425}
{"event": "g_lr_apply", "armed": true, "update_index": 2730, "g_lr_before": 0.00425, "g_lr_after": 0.002125, "fires": 1530, "prior_lr_before": 0.0085, "prior_lr_after": 0.00425}
{"event": "g_lr_apply", "armed": true, "update_index": 2731, "g_lr_before": 0.00425, "g_lr_after": 0.002125, "fires": 1531, "prior_lr_before": 0.0085, "prior_lr_after": 0.00425}
{"event": "g_lr_apply", "armed": true, "update_index": 2732, "g_lr_before": 0.00425, "g_lr_after": 0.002125, "fires": 1532, "prior_lr_before": 0.0085, "prior_lr_after": 0.00425}
{"event": "g_lr_apply", "armed": true, "update_index": 2733, "g_lr_before": 0.00425, "g_lr_after": 0.002125, "fires": 1533, "prior_lr_before": 0.0085, "prior_lr_after": 0.00425}
{"event": "g_lr_apply", "armed": true, "update_index": 2734, "g_lr_before": 0.00425, "g_lr_after": 0.002125, "fires": 1534, "prior_lr_before": 0.0085, "prior_lr_after": 0.00425}
{"event": "g_lr_apply", "armed": true, "update_index": 2735, "g_lr_before": 0.00425, "g_lr_after": 0.002125, "fires": 1535, "prior_lr_before": 0.0085, "prior_lr_after": 0.00425}
{"event": "g_lr_apply", "armed": true, "update_index": 2736, "g_lr_before": 0.00425, "g_lr_after": 0.002125, "fires": 1536, "prior_lr_before": 0.0085, "prior_lr_after": 0.00425}
{"event": "g_lr_apply", "armed": true, "update_index": 2737, "g_lr_before": 0.00425, "g_lr_after": 0.002125, "fires": 1537, "prior_lr_before": 0.0085, "prior_lr_after": 0.00425}
{"event": "g_lr_apply", "armed": true, "update_index": 2738, "g_lr_before": 0.00425, "g_lr_after": 0.002125, "fires": 1538, "prior_lr_before": 0.0085, "prior_lr_after": 0.00425}
{"event": "g_lr_apply", "armed": true, "update_index": 2739, "g_lr_before": 0.00425, "g_lr_after": 0.002125, "fires": 1539, "prior_lr_before": 0.0085, "prior_lr_after": 0.00425}
{"event": "g_lr_apply", "armed": true, "update_index": 2740, "g_lr_before": 0.00425, "g_lr_after": 0.002125, "fires": 1540, "prior_lr_before": 0.0085, "prior_lr_after": 0.00425}
{"event": "g_lr_apply", "armed": true, "update_index": 2741, "g_lr_before": 0.00425, "g_lr_after": 0.002125, "fires": 1541, "prior_lr_before": 0.0085, "prior_lr_after": 0.00425}
{"event": "g_lr_apply", "armed": true, "update_index": 2742, "g_lr_before": 0.00425, "g_lr_after": 0.002125, "fires": 1542, "prior_lr_before": 0.0085, "prior_lr_after": 0.00425}
{"event": "g_lr_apply", "armed": true, "update_index": 2743, "g_lr_before": 0.00425, "g_lr_after": 0.002125, "fires": 1543, "prior_lr_before": 0.0085, "prior_lr_after": 0.00425}
{"event": "g_lr_apply", "armed": true, "update_index": 2744, "g_lr_before": 0.00425, "g_lr_after": 0.002125, "fires": 1544, "prior_lr_before": 0.0085, "prior_lr_after": 0.00425}
{"event": "g_lr_apply", "armed": true, "update_index": 2745, "g_lr_before": 0.00425, "g_lr_after": 0.002125, "fires": 1545, "prior_lr_before": 0.0085, "prior_lr_after": 0.00425}
{"event": "g_lr_apply", "armed": true, "update_index": 2746, "g_lr_before": 0.00425, "g_lr_after": 0.002125, "fires": 1546, "prior_lr_before": 0.0085, "prior_lr_after": 0.00425}
{"event": "g_lr_apply", "armed": true, "update_index": 2747, "g_lr_before": 0.00425, "g_lr_after": 0.002125, "fires": 1547, "prior_lr_before": 0.0085, "prior_lr_after": 0.00425}
{"event": "g_lr_apply", "armed": true, "update_index": 2748, "g_lr_before": 0.00425, "g_lr_after": 0.002125, "fires": 1548, "prior_lr_before": 0.0085, "prior_lr_after": 0.00425}
{"event": "g_lr_apply", "armed": true, "update_index": 2749, "g_lr_before": 0.00425, "g_lr_after": 0.002125, "fires": 1549, "prior_lr_before": 0.0085, "prior_lr_after": 0.00425}
{"event": "g_lr_apply", "armed": true, "update_index": 2750, "g_lr_before": 0.00425, "g_lr_after": 0.002125, "fires": 1550, "prior_lr_before": 0.0085, "prior_lr_after": 0.00425}
{"event": "g_lr_apply", "armed": true, "update_index": 2751, "g_lr_before": 0.00425, "g_lr_after": 0.002125, "fires": 1551, "prior_lr_before": 0.0085, "prior_lr_after": 0.00425}
{"event": "g_lr_apply", "armed": true, "update_index": 2752, "g_lr_before": 0.00425, "g_lr_after": 0.002125, "fires": 1552, "prior_lr_before": 0.0085, "prior_lr_after": 0.00425}
{"event": "g_lr_apply", "armed": true, "update_index": 2753, "g_lr_before": 0.00425, "g_lr_after": 0.002125, "fires": 1553, "prior_lr_before": 0.0085, "prior_lr_after": 0.00425}
{"event": "g_lr_apply", "armed": true, "update_index": 2754, "g_lr_before": 0.00425, "g_lr_after": 0.002125, "fires": 1554, "prior_lr_before": 0.0085, "prior_lr_after": 0.00425}
{"event": "g_lr_apply", "armed": true, "update_index": 2755, "g_lr_before": 0.00425, "g_lr_after": 0.002125, "fires": 1555, "prior_lr_before": 0.0085, "prior_lr_after": 0.00425}
{"event": "g_lr_apply", "armed": true, "update_index": 2756, "g_lr_before": 0.00425, "g_lr_after": 0.002125, "fires": 1556, "prior_lr_before": 0.0085, "prior_lr_after": 0.00425}
{"event": "g_lr_apply", "armed": true, "update_index": 2757, "g_lr_before": 0.00425, "g_lr_after": 0.002125, "fires": 1557, "prior_lr_before": 0.0085, "prior_lr_after": 0.00425}
{"event": "g_lr_apply", "armed": true, "update_index": 2758, "g_lr_before": 0.00425, "g_lr_after": 0.002125, "fires": 1558, "prior_lr_before": 0.0085, "prior_lr_after": 0.00425}
{"event": "g_lr_apply", "armed": true, "update_index": 2759, "g_lr_before": 0.00425, "g_lr_after": 0.002125, "fires": 1559, "prior_lr_before": 0.0085, "prior_lr_after": 0.00425}
{"event": "g_lr_apply", "armed": true, "update_index": 2760, "g_lr_before": 0.00425, "g_lr_after": 0.002125, "fires": 1560, "prior_lr_before": 0.0085, "prior_lr_after": 0.00425}
{"event": "g_lr_apply", "armed": true, "update_index": 2761, "g_lr_before": 0.00425, "g_lr_after": 0.002125, "fires": 1561, "prior_lr_before": 0.0085, "prior_lr_after": 0.00425}
{"event": "g_lr_apply", "armed": true, "update_index": 2762, "g_lr_before": 0.00425, "g_lr_after": 0.002125, "fires": 1562, "prior_lr_before": 0.0085, "prior_lr_after": 0.00425}
{"event": "g_lr_apply", "armed": true, "update_index": 2763, "g_lr_before": 0.00425, "g_lr_after": 0.002125, "fires": 1563, "prior_lr_before": 0.0085, "prior_lr_after": 0.00425}
{"event": "g_lr_apply", "armed": true, "update_index": 2764, "g_lr_before": 0.00425, "g_lr_after": 0.002125, "fires": 1564, "prior_lr_before": 0.0085, "prior_lr_after": 0.00425}
{"event": "g_lr_apply", "armed": true, "update_index": 2765, "g_lr_before": 0.00425, "g_lr_after": 0.002125, "fires": 1565, "prior_lr_before": 0.0085, "prior_lr_after": 0.00425}
{"event": "g_lr_apply", "armed": true, "update_index": 2766, "g_lr_before": 0.00425, "g_lr_after": 0.002125, "fires": 1566, "prior_lr_before": 0.0085, "prior_lr_after": 0.00425}
{"event": "g_lr_apply", "armed": true, "update_index": 2767, "g_lr_before": 0.00425, "g_lr_after": 0.002125, "fires": 1567, "prior_lr_before": 0.0085, "prior_lr_after": 0.00425}
{"event": "g_lr_apply", "armed": true, "update_index": 2768, "g_lr_before": 0.00425, "g_lr_after": 0.002125, "fires": 1568, "prior_lr_before": 0.0085, "prior_lr_after": 0.00425}
{"event": "g_lr_apply", "armed": true, "update_index": 2769, "g_lr_before": 0.00425, "g_lr_after": 0.002125, "fires": 1569, "prior_lr_before": 0.0085, "prior_lr_after": 0.00425}
{"event": "g_lr_apply", "armed": true, "update_index": 2770, "g_lr_before": 0.00425, "g_lr_after": 0.002125, "fires": 1570, "prior_lr_before": 0.0085, "prior_lr_after": 0.00425}
{"event": "g_lr_apply", "armed": true, "update_index": 2771, "g_lr_before": 0.00425, "g_lr_after": 0.002125, "fires": 1571, "prior_lr_before": 0.0085, "prior_lr_after": 0.00425}
{"event": "g_lr_apply", "armed": true, "update_index": 2772, "g_lr_before": 0.00425, "g_lr_after": 0.002125, "fires": 1572, "prior_lr_before": 0.0085, "prior_lr_after": 0.00425}
{"event": "g_lr_apply", "armed": true, "update_index": 2773, "g_lr_before": 0.00425, "g_lr_after": 0.002125, "fires": 1573, "prior_lr_before": 0.0085, "prior_lr_after": 0.00425}
{"event": "g_lr_apply", "armed": true, "update_index": 2774, "g_lr_before": 0.00425, "g_lr_after": 0.002125, "fires": 1574, "prior_lr_before": 0.0085, "prior_lr_after": 0.00425}
{"event": "g_lr_apply", "armed": true, "update_index": 2775, "g_lr_before": 0.00425, "g_lr_after": 0.002125, "fires": 1575, "prior_lr_before": 0.0085, "prior_lr_after": 0.00425}
{"event": "g_lr_apply", "armed": true, "update_index": 2776, "g_lr_before": 0.00425, "g_lr_after": 0.002125, "fires": 1576, "prior_lr_before": 0.0085, "prior_lr_after": 0.00425}
{"event": "g_lr_apply", "armed": true, "update_index": 2777, "g_lr_before": 0.00425, "g_lr_after": 0.002125, "fires": 1577, "prior_lr_before": 0.0085, "prior_lr_after": 0.00425}
{"event": "g_lr_apply", "armed": true, "update_index": 2778, "g_lr_before": 0.00425, "g_lr_after": 0.002125, "fires": 1578, "prior_lr_before": 0.0085, "prior_lr_after": 0.00425}
{"event": "g_lr_apply", "armed": true, "update_index": 2779, "g_lr_before": 0.00425, "g_lr_after": 0.002125, "fires": 1579, "prior_lr_before": 0.0085, "prior_lr_after": 0.00425}
{"event": "g_lr_apply", "armed": true, "update_index": 2780, "g_lr_before": 0.00425, "g_lr_after": 0.002125, "fires": 1580, "prior_lr_before": 0.0085, "prior_lr_after": 0.00425}
{"event": "g_lr_apply", "armed": true, "update_index": 2781, "g_lr_before": 0.00425, "g_lr_after": 0.002125, "fires": 1581, "prior_lr_before": 0.0085, "prior_lr_after": 0.00425}
{"event": "g_lr_apply", "armed": true, "update_index": 2782, "g_lr_before": 0.00425, "g_lr_after": 0.002125, "fires": 1582, "prior_lr_before": 0.0085, "prior_lr_after": 0.00425}
{"event": "g_lr_apply", "armed": true, "update_index": 2783, "g_lr_before": 0.00425, "g_lr_after": 0.002125, "fires": 1583, "prior_lr_before": 0.0085, "prior_lr_after": 0.00425}
{"event": "g_lr_apply", "armed": true, "update_index": 2784, "g_lr_before": 0.00425, "g_lr_after": 0.002125, "fires": 1584, "prior_lr_before": 0.0085, "prior_lr_after": 0.00425}
{"event": "g_lr_apply", "armed": true, "update_index": 2785, "g_lr_before": 0.00425, "g_lr_after": 0.002125, "fires": 1585, "prior_lr_before": 0.0085, "prior_lr_after": 0.00425}
{"event": "g_lr_apply", "armed": true, "update_index": 2786, "g_lr_before": 0.00425, "g_lr_after": 0.002125, "fires": 1586, "prior_lr_before": 0.0085, "prior_lr_after": 0.00425}
{"event": "g_lr_apply", "armed": true, "update_index": 2787, "g_lr_before": 0.00425, "g_lr_after": 0.002125, "fires": 1587, "prior_lr_before": 0.0085, "prior_lr_after": 0.00425}
{"event": "g_lr_apply", "armed": true, "update_index": 2788, "g_lr_before": 0.00425, "g_lr_after": 0.002125, "fires": 1588, "prior_lr_before": 0.0085, "prior_lr_after": 0.00425}
{"event": "g_lr_apply", "armed": true, "update_index": 2789, "g_lr_before": 0.00425, "g_lr_after": 0.002125, "fires": 1589, "prior_lr_before": 0.0085, "prior_lr_after": 0.00425}
{"event": "g_lr_apply", "armed": true, "update_index": 2790, "g_lr_before": 0.00425, "g_lr_after": 0.002125, "fires": 1590, "prior_lr_before": 0.0085, "prior_lr_after": 0.00425}
{"event": "g_lr_apply", "armed": true, "update_index": 2791, "g_lr_before": 0.00425, "g_lr_after": 0.002125, "fires": 1591, "prior_lr_before": 0.0085, "prior_lr_after": 0.00425}
{"event": "g_lr_apply", "armed": true, "update_index": 2792, "g_lr_before": 0.00425, "g_lr_after": 0.002125, "fires": 1592, "prior_lr_before": 0.0085, "prior_lr_after": 0.00425}
{"event": "g_lr_apply", "armed": true, "update_index": 2793, "g_lr_before": 0.00425, "g_lr_after": 0.002125, "fires": 1593, "prior_lr_before": 0.0085, "prior_lr_after": 0.00425}
{"event": "g_lr_apply", "armed": true, "update_index": 2794, "g_lr_before": 0.00425, "g_lr_after": 0.002125, "fires": 1594, "prior_lr_before": 0.0085, "prior_lr_after": 0.00425}
{"event": "g_lr_apply", "armed": true, "update_index": 2795, "g_lr_before": 0.00425, "g_lr_after": 0.002125, "fires": 1595, "prior_lr_before": 0.0085, "prior_lr_after": 0.00425}
{"event": "g_lr_apply", "armed": true, "update_index": 2796, "g_lr_before": 0.00425, "g_lr_after": 0.002125, "fires": 1596, "prior_lr_before": 0.0085, "prior_lr_after": 0.00425}
{"event": "g_lr_apply", "armed": true, "update_index": 2797, "g_lr_before": 0.00425, "g_lr_after": 0.002125, "fires": 1597, "prior_lr_before": 0.0085, "prior_lr_after": 0.00425}
{"event": "g_lr_apply", "armed": true, "update_index": 2798, "g_lr_before": 0.00425, "g_lr_after": 0.002125, "fires": 1598, "prior_lr_before": 0.0085, "prior_lr_after": 0.00425}
{"event": "g_lr_apply", "armed": true, "update_index": 2799, "g_lr_before": 0.00425, "g_lr_after": 0.002125, "fires": 1599, "prior_lr_before": 0.0085, "prior_lr_after": 0.00425}
{"event": "g_lr_apply", "armed": true, "update_index": 2800, "g_lr_before": 0.00425, "g_lr_after": 0.002125, "fires": 1600, "prior_lr_before": 0.0085, "prior_lr_after": 0.00425}
{"event": "g_lr_apply", "armed": true, "update_index": 2801, "g_lr_before": 0.00425, "g_lr_after": 0.002125, "fires": 1601, "prior_lr_before": 0.0085, "prior_lr_after": 0.00425}
{"event": "g_lr_apply", "armed": true, "update_index": 2802, "g_lr_before": 0.00425, "g_lr_after": 0.002125, "fires": 1602, "prior_lr_before": 0.0085, "prior_lr_after": 0.00425}
{"event": "g_lr_apply", "armed": true, "update_index": 2803, "g_lr_before": 0.00425, "g_lr_after": 0.002125, "fires": 1603, "prior_lr_before": 0.0085, "prior_lr_after": 0.00425}
{"event": "g_lr_apply", "armed": true, "update_index": 2804, "g_lr_before": 0.00425, "g_lr_after": 0.002125, "fires": 1604, "prior_lr_before": 0.0085, "prior_lr_after": 0.00425}
{"event": "g_lr_apply", "armed": true, "update_index": 2805, "g_lr_before": 0.00425, "g_lr_after": 0.002125, "fires": 1605, "prior_lr_before": 0.0085, "prior_lr_after": 0.00425}
{"event": "g_lr_apply", "armed": true, "update_index": 2806, "g_lr_before": 0.00425, "g_lr_after": 0.002125, "fires": 1606, "prior_lr_before": 0.0085, "prior_lr_after": 0.00425}
{"event": "g_lr_apply", "armed": true, "update_index": 2807, "g_lr_before": 0.00425, "g_lr_after": 0.002125, "fires": 1607, "prior_lr_before": 0.0085, "prior_lr_after": 0.00425}
{"event": "g_lr_apply", "armed": true, "update_index": 2808, "g_lr_before": 0.00425, "g_lr_after": 0.002125, "fires": 1608, "prior_lr_before": 0.0085, "prior_lr_after": 0.00425}
{"event": "g_lr_apply", "armed": true, "update_index": 2809, "g_lr_before": 0.00425, "g_lr_after": 0.002125, "fires": 1609, "prior_lr_before": 0.0085, "prior_lr_after": 0.00425}
{"event": "g_lr_apply", "armed": true, "update_index": 2810, "g_lr_before": 0.00425, "g_lr_after": 0.002125, "fires": 1610, "prior_lr_before": 0.0085, "prior_lr_after": 0.00425}
{"event": "g_lr_apply", "armed": true, "update_index": 2811, "g_lr_before": 0.00425, "g_lr_after": 0.002125, "fires": 1611, "prior_lr_before": 0.0085, "prior_lr_after": 0.00425}
{"event": "g_lr_apply", "armed": true, "update_index": 2812, "g_lr_before": 0.00425, "g_lr_after": 0.002125, "fires": 1612, "prior_lr_before": 0.0085, "prior_lr_after": 0.00425}
{"event": "g_lr_apply", "armed": true, "update_index": 2813, "g_lr_before": 0.00425, "g_lr_after": 0.002125, "fires": 1613, "prior_lr_before": 0.0085, "prior_lr_after": 0.00425}
{"event": "g_lr_apply", "armed": true, "update_index": 2814, "g_lr_before": 0.00425, "g_lr_after": 0.002125, "fires": 1614, "prior_lr_before": 0.0085, "prior_lr_after": 0.00425}
{"event": "g_lr_apply", "armed": true, "update_index": 2815, "g_lr_before": 0.00425, "g_lr_after": 0.002125, "fires": 1615, "prior_lr_before": 0.0085, "prior_lr_after": 0.00425}
{"event": "g_lr_apply", "armed": true, "update_index": 2816, "g_lr_before": 0.00425, "g_lr_after": 0.002125, "fires": 1616, "prior_lr_before": 0.0085, "prior_lr_after": 0.00425}
{"event": "g_lr_apply", "armed": true, "update_index": 2817, "g_lr_before": 0.00425, "g_lr_after": 0.002125, "fires": 1617, "prior_lr_before": 0.0085, "prior_lr_after": 0.00425}
{"event": "g_lr_apply", "armed": true, "update_index": 2818, "g_lr_before": 0.00425, "g_lr_after": 0.002125, "fires": 1618, "prior_lr_before": 0.0085, "prior_lr_after": 0.00425}
{"event": "g_lr_apply", "armed": true, "update_index": 2819, "g_lr_before": 0.00425, "g_lr_after": 0.002125, "fires": 1619, "prior_lr_before": 0.0085, "prior_lr_after": 0.00425}
{"event": "g_lr_apply", "armed": true, "update_index": 2820, "g_lr_before": 0.00425, "g_lr_after": 0.002125, "fires": 1620, "prior_lr_before": 0.0085, "prior_lr_after": 0.00425}
{"event": "g_lr_apply", "armed": true, "update_index": 2821, "g_lr_before": 0.00425, "g_lr_after": 0.002125, "fires": 1621, "prior_lr_before": 0.0085, "prior_lr_after": 0.00425}
{"event": "g_lr_apply", "armed": true, "update_index": 2822, "g_lr_before": 0.00425, "g_lr_after": 0.002125, "fires": 1622, "prior_lr_before": 0.0085, "prior_lr_after": 0.00425}
{"event": "g_lr_apply", "armed": true, "update_index": 2823, "g_lr_before": 0.00425, "g_lr_after": 0.002125, "fires": 1623, "prior_lr_before": 0.0085, "prior_lr_after": 0.00425}
{"event": "g_lr_apply", "armed": true, "update_index": 2824, "g_lr_before": 0.00425, "g_lr_after": 0.002125, "fires": 1624, "prior_lr_before": 0.0085, "prior_lr_after": 0.00425}
{"event": "g_lr_apply", "armed": true, "update_index": 2825, "g_lr_before": 0.00425, "g_lr_after": 0.002125, "fires": 1625, "prior_lr_before": 0.0085, "prior_lr_after": 0.00425}
{"event": "g_lr_apply", "armed": true, "update_index": 2826, "g_lr_before": 0.00425, "g_lr_after": 0.002125, "fires": 1626, "prior_lr_before": 0.0085, "prior_lr_after": 0.00425}
{"event": "g_lr_apply", "armed": true, "update_index": 2827, "g_lr_before": 0.00425, "g_lr_after": 0.002125, "fires": 1627, "prior_lr_before": 0.0085, "prior_lr_after": 0.00425}
{"event": "g_lr_apply", "armed": true, "update_index": 2828, "g_lr_before": 0.00425, "g_lr_after": 0.002125, "fires": 1628, "prior_lr_before": 0.0085, "prior_lr_after": 0.00425}
{"event": "g_lr_apply", "armed": true, "update_index": 2829, "g_lr_before": 0.00425, "g_lr_after": 0.002125, "fires": 1629, "prior_lr_before": 0.0085, "prior_lr_after": 0.00425}
{"event": "g_lr_apply", "armed": true, "update_index": 2830, "g_lr_before": 0.00425, "g_lr_after": 0.002125, "fires": 1630, "prior_lr_before": 0.0085, "prior_lr_after": 0.00425}
{"event": "g_lr_apply", "armed": true, "update_index": 2831, "g_lr_before": 0.00425, "g_lr_after": 0.002125, "fires": 1631, "prior_lr_before": 0.0085, "prior_lr_after": 0.00425}
{"event": "g_lr_apply", "armed": true, "update_index": 2832, "g_lr_before": 0.00425, "g_lr_after": 0.002125, "fires": 1632, "prior_lr_before": 0.0085, "prior_lr_after": 0.00425}
{"event": "g_lr_apply", "armed": true, "update_index": 2833, "g_lr_before": 0.00425, "g_lr_after": 0.002125, "fires": 1633, "prior_lr_before": 0.0085, "prior_lr_after": 0.00425}
{"event": "g_lr_apply", "armed": true, "update_index": 2834, "g_lr_before": 0.00425, "g_lr_after": 0.002125, "fires": 1634, "prior_lr_before": 0.0085, "prior_lr_after": 0.00425}
{"event": "g_lr_apply", "armed": true, "update_index": 2835, "g_lr_before": 0.00425, "g_lr_after": 0.002125, "fires": 1635, "prior_lr_before": 0.0085, "prior_lr_after": 0.00425}
{"event": "g_lr_apply", "armed": true, "update_index": 2836, "g_lr_before": 0.00425, "g_lr_after": 0.002125, "fires": 1636, "prior_lr_before": 0.0085, "prior_lr_after": 0.00425}
{"event": "g_lr_apply", "armed": true, "update_index": 2837, "g_lr_before": 0.00425, "g_lr_after": 0.002125, "fires": 1637, "prior_lr_before": 0.0085, "prior_lr_after": 0.00425}
{"event": "g_lr_apply", "armed": true, "update_index": 2838, "g_lr_before": 0.00425, "g_lr_after": 0.002125, "fires": 1638, "prior_lr_before": 0.0085, "prior_lr_after": 0.00425}
{"event": "g_lr_apply", "armed": true, "update_index": 2839, "g_lr_before": 0.00425, "g_lr_after": 0.002125, "fires": 1639, "prior_lr_before": 0.0085, "prior_lr_after": 0.00425}
{"event": "g_lr_apply", "armed": true, "update_index": 2840, "g_lr_before": 0.00425, "g_lr_after": 0.002125, "fires": 1640, "prior_lr_before": 0.0085, "prior_lr_after": 0.00425}
{"event": "g_lr_apply", "armed": true, "update_index": 2841, "g_lr_before": 0.00425, "g_lr_after": 0.002125, "fires": 1641, "prior_lr_before": 0.0085, "prior_lr_after": 0.00425}
{"event": "g_lr_apply", "armed": true, "update_index": 2842, "g_lr_before": 0.00425, "g_lr_after": 0.002125, "fires": 1642, "prior_lr_before": 0.0085, "prior_lr_after": 0.00425}
{"event": "g_lr_apply", "armed": true, "update_index": 2843, "g_lr_before": 0.00425, "g_lr_after": 0.002125, "fires": 1643, "prior_lr_before": 0.0085, "prior_lr_after": 0.00425}
{"event": "g_lr_apply", "armed": true, "update_index": 2844, "g_lr_before": 0.00425, "g_lr_after": 0.002125, "fires": 1644, "prior_lr_before": 0.0085, "prior_lr_after": 0.00425}
{"event": "g_lr_apply", "armed": true, "update_index": 2845, "g_lr_before": 0.00425, "g_lr_after": 0.002125, "fires": 1645, "prior_lr_before": 0.0085, "prior_lr_after": 0.00425}
{"event": "g_lr_apply", "armed": true, "update_index": 2846, "g_lr_before": 0.00425, "g_lr_after": 0.002125, "fires": 1646, "prior_lr_before": 0.0085, "prior_lr_after": 0.00425}
{"event": "g_lr_apply", "armed": true, "update_index": 2847, "g_lr_before": 0.00425, "g_lr_after": 0.002125, "fires": 1647, "prior_lr_before": 0.0085, "prior_lr_after": 0.00425}
{"event": "g_lr_apply", "armed": true, "update_index": 2848, "g_lr_before": 0.00425, "g_lr_after": 0.002125, "fires": 1648, "prior_lr_before": 0.0085, "prior_lr_after": 0.00425}
{"event": "g_lr_apply", "armed": true, "update_index": 2849, "g_lr_before": 0.00425, "g_lr_after": 0.002125, "fires": 1649, "prior_lr_before": 0.0085, "prior_lr_after": 0.00425}
{"event": "g_lr_apply", "armed": true, "update_index": 2850, "g_lr_before": 0.00425, "g_lr_after": 0.002125, "fires": 1650, "prior_lr_before": 0.0085, "prior_lr_after": 0.00425}
{"event": "g_lr_apply", "armed": true, "update_index": 2851, "g_lr_before": 0.00425, "g_lr_after": 0.002125, "fires": 1651, "prior_lr_before": 0.0085, "prior_lr_after": 0.00425}
{"event": "g_lr_apply", "armed": true, "update_index": 2852, "g_lr_before": 0.00425, "g_lr_after": 0.002125, "fires": 1652, "prior_lr_before": 0.0085, "prior_lr_after": 0.00425}
{"event": "g_lr_apply", "armed": true, "update_index": 2853, "g_lr_before": 0.00425, "g_lr_after": 0.002125, "fires": 1653, "prior_lr_before": 0.0085, "prior_lr_after": 0.00425}
{"event": "g_lr_apply", "armed": true, "update_index": 2854, "g_lr_before": 0.00425, "g_lr_after": 0.002125, "fires": 1654, "prior_lr_before": 0.0085, "prior_lr_after": 0.00425}
{"event": "g_lr_apply", "armed": true, "update_index": 2855, "g_lr_before": 0.00425, "g_lr_after": 0.002125, "fires": 1655, "prior_lr_before": 0.0085, "prior_lr_after": 0.00425}
{"event": "g_lr_apply", "armed": true, "update_index": 2856, "g_lr_before": 0.00425, "g_lr_after": 0.002125, "fires": 1656, "prior_lr_before": 0.0085, "prior_lr_after": 0.00425}
{"event": "g_lr_apply", "armed": true, "update_index": 2857, "g_lr_before": 0.00425, "g_lr_after": 0.002125, "fires": 1657, "prior_lr_before": 0.0085, "prior_lr_after": 0.00425}
{"event": "g_lr_apply", "armed": true, "update_index": 2858, "g_lr_before": 0.00425, "g_lr_after": 0.002125, "fires": 1658, "prior_lr_before": 0.0085, "prior_lr_after": 0.00425}
{"event": "g_lr_apply", "armed": true, "update_index": 2859, "g_lr_before": 0.00425, "g_lr_after": 0.002125, "fires": 1659, "prior_lr_before": 0.0085, "prior_lr_after": 0.00425}
{"event": "g_lr_apply", "armed": true, "update_index": 2860, "g_lr_before": 0.00425, "g_lr_after": 0.002125, "fires": 1660, "prior_lr_before": 0.0085, "prior_lr_after": 0.00425}
{"event": "g_lr_apply", "armed": true, "update_index": 2861, "g_lr_before": 0.00425, "g_lr_after": 0.002125, "fires": 1661, "prior_lr_before": 0.0085, "prior_lr_after": 0.00425}
{"event": "g_lr_apply", "armed": true, "update_index": 2862, "g_lr_before": 0.00425, "g_lr_after": 0.002125, "fires": 1662, "prior_lr_before": 0.0085, "prior_lr_after": 0.00425}
{"event": "g_lr_apply", "armed": true, "update_index": 2863, "g_lr_before": 0.00425, "g_lr_after": 0.002125, "fires": 1663, "prior_lr_before": 0.0085, "prior_lr_after": 0.00425}
{"event": "g_lr_apply", "armed": true, "update_index": 2864, "g_lr_before": 0.00425, "g_lr_after": 0.002125, "fires": 1664, "prior_lr_before": 0.0085, "prior_lr_after": 0.00425}
{"event": "g_lr_apply", "armed": true, "update_index": 2865, "g_lr_before": 0.00425, "g_lr_after": 0.002125, "fires": 1665, "prior_lr_before": 0.0085, "prior_lr_after": 0.00425}
{"event": "g_lr_apply", "armed": true, "update_index": 2866, "g_lr_before": 0.00425, "g_lr_after": 0.002125, "fires": 1666, "prior_lr_before": 0.0085, "prior_lr_after": 0.00425}
{"event": "g_lr_apply", "armed": true, "update_index": 2867, "g_lr_before": 0.00425, "g_lr_after": 0.002125, "fires": 1667, "prior_lr_before": 0.0085, "prior_lr_after": 0.00425}
{"event": "g_lr_apply", "armed": true, "update_index": 2868, "g_lr_before": 0.00425, "g_lr_after": 0.002125, "fires": 1668, "prior_lr_before": 0.0085, "prior_lr_after": 0.00425}
{"event": "g_lr_apply", "armed": true, "update_index": 2869, "g_lr_before": 0.00425, "g_lr_after": 0.002125, "fires": 1669, "prior_lr_before": 0.0085, "prior_lr_after": 0.00425}
{"event": "g_lr_apply", "armed": true, "update_index": 2870, "g_lr_before": 0.00425, "g_lr_after": 0.002125, "fires": 1670, "prior_lr_before": 0.0085, "prior_lr_after": 0.00425}
{"event": "g_lr_apply", "armed": true, "update_index": 2871, "g_lr_before": 0.00425, "g_lr_after": 0.002125, "fires": 1671, "prior_lr_before": 0.0085, "prior_lr_after": 0.00425}
{"event": "g_lr_apply", "armed": true, "update_index": 2872, "g_lr_before": 0.00425, "g_lr_after": 0.002125, "fires": 1672, "prior_lr_before": 0.0085, "prior_lr_after": 0.00425}
{"event": "g_lr_apply", "armed": true, "update_index": 2873, "g_lr_before": 0.00425, "g_lr_after": 0.002125, "fires": 1673, "prior_lr_before": 0.0085, "prior_lr_after": 0.00425}
{"event": "g_lr_apply", "armed": true, "update_index": 2874, "g_lr_before": 0.00425, "g_lr_after": 0.002125, "fires": 1674, "prior_lr_before": 0.0085, "prior_lr_after": 0.00425}
{"event": "g_lr_apply", "armed": true, "update_index": 2875, "g_lr_before": 0.00425, "g_lr_after": 0.002125, "fires": 1675, "prior_lr_before": 0.0085, "prior_lr_after": 0.00425}
{"event": "g_lr_apply", "armed": true, "update_index": 2876, "g_lr_before": 0.00425, "g_lr_after": 0.002125, "fires": 1676, "prior_lr_before": 0.0085, "prior_lr_after": 0.00425}
{"event": "g_lr_apply", "armed": true, "update_index": 2877, "g_lr_before": 0.00425, "g_lr_after": 0.002125, "fires": 1677, "prior_lr_before": 0.0085, "prior_lr_after": 0.00425}
{"event": "g_lr_apply", "armed": true, "update_index": 2878, "g_lr_before": 0.00425, "g_lr_after": 0.002125, "fires": 1678, "prior_lr_before": 0.0085, "prior_lr_after": 0.00425}
{"event": "g_lr_apply", "armed": true, "update_index": 2879, "g_lr_before": 0.00425, "g_lr_after": 0.002125, "fires": 1679, "prior_lr_before": 0.0085, "prior_lr_after": 0.00425}
{"event": "g_lr_apply", "armed": true, "update_index": 2880, "g_lr_before": 0.00425, "g_lr_after": 0.002125, "fires": 1680, "prior_lr_before": 0.0085, "prior_lr_after": 0.00425}
{"event": "g_lr_apply", "armed": true, "update_index": 2881, "g_lr_before": 0.00425, "g_lr_after": 0.002125, "fires": 1681, "prior_lr_before": 0.0085, "prior_lr_after": 0.00425}
{"event": "g_lr_apply", "armed": true, "update_index": 2882, "g_lr_before": 0.00425, "g_lr_after": 0.002125, "fires": 1682, "prior_lr_before": 0.0085, "prior_lr_after": 0.00425}
{"event": "g_lr_apply", "armed": true, "update_index": 2883, "g_lr_before": 0.00425, "g_lr_after": 0.002125, "fires": 1683, "prior_lr_before": 0.0085, "prior_lr_after": 0.00425}
{"event": "g_lr_apply", "armed": true, "update_index": 2884, "g_lr_before": 0.00425, "g_lr_after": 0.002125, "fires": 1684, "prior_lr_before": 0.0085, "prior_lr_after": 0.00425}
{"event": "g_lr_apply", "armed": true, "update_index": 2885, "g_lr_before": 0.00425, "g_lr_after": 0.002125, "fires": 1685, "prior_lr_before": 0.0085, "prior_lr_after": 0.00425}
{"event": "g_lr_apply", "armed": true, "update_index": 2886, "g_lr_before": 0.00425, "g_lr_after": 0.002125, "fires": 1686, "prior_lr_before": 0.0085, "prior_lr_after": 0.00425}
{"event": "g_lr_apply", "armed": true, "update_index": 2887, "g_lr_before": 0.00425, "g_lr_after": 0.002125, "fires": 1687, "prior_lr_before": 0.0085, "prior_lr_after": 0.00425}
{"event": "g_lr_apply", "armed": true, "update_index": 2888, "g_lr_before": 0.00425, "g_lr_after": 0.002125, "fires": 1688, "prior_lr_before": 0.0085, "prior_lr_after": 0.00425}
{"event": "g_lr_apply", "armed": true, "update_index": 2889, "g_lr_before": 0.00425, "g_lr_after": 0.002125, "fires": 1689, "prior_lr_before": 0.0085, "prior_lr_after": 0.00425}
{"event": "g_lr_apply", "armed": true, "update_index": 2890, "g_lr_before": 0.00425, "g_lr_after": 0.002125, "fires": 1690, "prior_lr_before": 0.0085, "prior_lr_after": 0.00425}
{"event": "g_lr_apply", "armed": true, "update_index": 2891, "g_lr_before": 0.00425, "g_lr_after": 0.002125, "fires": 1691, "prior_lr_before": 0.0085, "prior_lr_after": 0.00425}
{"event": "g_lr_apply", "armed": true, "update_index": 2892, "g_lr_before": 0.00425, "g_lr_after": 0.002125, "fires": 1692, "prior_lr_before": 0.0085, "prior_lr_after": 0.00425}
{"event": "g_lr_apply", "armed": true, "update_index": 2893, "g_lr_before": 0.00425, "g_lr_after": 0.002125, "fires": 1693, "prior_lr_before": 0.0085, "prior_lr_after": 0.00425}
{"event": "g_lr_apply", "armed": true, "update_index": 2894, "g_lr_before": 0.00425, "g_lr_after": 0.002125, "fires": 1694, "prior_lr_before": 0.0085, "prior_lr_after": 0.00425}
{"event": "g_lr_apply", "armed": true, "update_index": 2895, "g_lr_before": 0.00425, "g_lr_after": 0.002125, "fires": 1695, "prior_lr_before": 0.0085, "prior_lr_after": 0.00425}
{"event": "g_lr_apply", "armed": true, "update_index": 2896, "g_lr_before": 0.00425, "g_lr_after": 0.002125, "fires": 1696, "prior_lr_before": 0.0085, "prior_lr_after": 0.00425}
{"event": "g_lr_apply", "armed": true, "update_index": 2897, "g_lr_before": 0.00425, "g_lr_after": 0.002125, "fires": 1697, "prior_lr_before": 0.0085, "prior_lr_after": 0.00425}
{"event": "g_lr_apply", "armed": true, "update_index": 2898, "g_lr_before": 0.00425, "g_lr_after": 0.002125, "fires": 1698, "prior_lr_before": 0.0085, "prior_lr_after": 0.00425}
{"event": "g_lr_apply", "armed": true, "update_index": 2899, "g_lr_before": 0.00425, "g_lr_after": 0.002125, "fires": 1699, "prior_lr_before": 0.0085, "prior_lr_after": 0.00425}
{"event": "g_lr_apply", "armed": true, "update_index": 2900, "g_lr_before": 0.00425, "g_lr_after": 0.002125, "fires": 1700, "prior_lr_before": 0.0085, "prior_lr_after": 0.00425}
{"event": "g_lr_apply", "armed": true, "update_index": 2901, "g_lr_before": 0.00425, "g_lr_after": 0.002125, "fires": 1701, "prior_lr_before": 0.0085, "prior_lr_after": 0.00425}
{"event": "g_lr_apply", "armed": true, "update_index": 2902, "g_lr_before": 0.00425, "g_lr_after": 0.002125, "fires": 1702, "prior_lr_before": 0.0085, "prior_lr_after": 0.00425}
{"event": "g_lr_apply", "armed": true, "update_index": 2903, "g_lr_before": 0.00425, "g_lr_after": 0.002125, "fires": 1703, "prior_lr_before": 0.0085, "prior_lr_after": 0.00425}
{"event": "g_lr_apply", "armed": true, "update_index": 2904, "g_lr_before": 0.00425, "g_lr_after": 0.002125, "fires": 1704, "prior_lr_before": 0.0085, "prior_lr_after": 0.00425}
{"event": "g_lr_apply", "armed": true, "update_index": 2905, "g_lr_before": 0.00425, "g_lr_after": 0.002125, "fires": 1705, "prior_lr_before": 0.0085, "prior_lr_after": 0.00425}
{"event": "g_lr_apply", "armed": true, "update_index": 2906, "g_lr_before": 0.00425, "g_lr_after": 0.002125, "fires": 1706, "prior_lr_before": 0.0085, "prior_lr_after": 0.00425}
{"event": "g_lr_apply", "armed": true, "update_index": 2907, "g_lr_before": 0.00425, "g_lr_after": 0.002125, "fires": 1707, "prior_lr_before": 0.0085, "prior_lr_after": 0.00425}
{"event": "g_lr_apply", "armed": true, "update_index": 2908, "g_lr_before": 0.00425, "g_lr_after": 0.002125, "fires": 1708, "prior_lr_before": 0.0085, "prior_lr_after": 0.00425}
{"event": "g_lr_apply", "armed": true, "update_index": 2909, "g_lr_before": 0.00425, "g_lr_after": 0.002125, "fires": 1709, "prior_lr_before": 0.0085, "prior_lr_after": 0.00425}
{"event": "g_lr_apply", "armed": true, "update_index": 2910, "g_lr_before": 0.00425, "g_lr_after": 0.002125, "fires": 1710, "prior_lr_before": 0.0085, "prior_lr_after": 0.00425}
{"event": "g_lr_apply", "armed": true, "update_index": 2911, "g_lr_before": 0.00425, "g_lr_after": 0.002125, "fires": 1711, "prior_lr_before": 0.0085, "prior_lr_after": 0.00425}
{"event": "g_lr_apply", "armed": true, "update_index": 2912, "g_lr_before": 0.00425, "g_lr_after": 0.002125, "fires": 1712, "prior_lr_before": 0.0085, "prior_lr_after": 0.00425}
{"event": "g_lr_apply", "armed": true, "update_index": 2913, "g_lr_before": 0.00425, "g_lr_after": 0.002125, "fires": 1713, "prior_lr_before": 0.0085, "prior_lr_after": 0.00425}
{"event": "g_lr_apply", "armed": true, "update_index": 2914, "g_lr_before": 0.00425, "g_lr_after": 0.002125, "fires": 1714, "prior_lr_before": 0.0085, "prior_lr_after": 0.00425}
{"event": "g_lr_apply", "armed": true, "update_index": 2915, "g_lr_before": 0.00425, "g_lr_after": 0.002125, "fires": 1715, "prior_lr_before": 0.0085, "prior_lr_after": 0.00425}
{"event": "g_lr_apply", "armed": true, "update_index": 2916, "g_lr_before": 0.00425, "g_lr_after": 0.002125, "fires": 1716, "prior_lr_before": 0.0085, "prior_lr_after": 0.00425}
{"event": "g_lr_apply", "armed": true, "update_index": 2917, "g_lr_before": 0.00425, "g_lr_after": 0.002125, "fires": 1717, "prior_lr_before": 0.0085, "prior_lr_after": 0.00425}
{"event": "g_lr_apply", "armed": true, "update_index": 2918, "g_lr_before": 0.00425, "g_lr_after": 0.002125, "fires": 1718, "prior_lr_before": 0.0085, "prior_lr_after": 0.00425}
{"event": "g_lr_apply", "armed": true, "update_index": 2919, "g_lr_before": 0.00425, "g_lr_after": 0.002125, "fires": 1719, "prior_lr_before": 0.0085, "prior_lr_after": 0.00425}
{"event": "g_lr_apply", "armed": true, "update_index": 2920, "g_lr_before": 0.00425, "g_lr_after": 0.002125, "fires": 1720, "prior_lr_before": 0.0085, "prior_lr_after": 0.00425}
{"event": "g_lr_apply", "armed": true, "update_index": 2921, "g_lr_before": 0.00425, "g_lr_after": 0.002125, "fires": 1721, "prior_lr_before": 0.0085, "prior_lr_after": 0.00425}
{"event": "g_lr_apply", "armed": true, "update_index": 2922, "g_lr_before": 0.00425, "g_lr_after": 0.002125, "fires": 1722, "prior_lr_before": 0.0085, "prior_lr_after": 0.00425}
{"event": "g_lr_apply", "armed": true, "update_index": 2923, "g_lr_before": 0.00425, "g_lr_after": 0.002125, "fires": 1723, "prior_lr_before": 0.0085, "prior_lr_after": 0.00425}
{"event": "g_lr_apply", "armed": true, "update_index": 2924, "g_lr_before": 0.00425, "g_lr_after": 0.002125, "fires": 1724, "prior_lr_before": 0.0085, "prior_lr_after": 0.00425}
{"event": "g_lr_apply", "armed": true, "update_index": 2925, "g_lr_before": 0.00425, "g_lr_after": 0.002125, "fires": 1725, "prior_lr_before": 0.0085, "prior_lr_after": 0.00425}
{"event": "g_lr_apply", "armed": true, "update_index": 2926, "g_lr_before": 0.00425, "g_lr_after": 0.002125, "fires": 1726, "prior_lr_before": 0.0085, "prior_lr_after": 0.00425}
{"event": "g_lr_apply", "armed": true, "update_index": 2927, "g_lr_before": 0.00425, "g_lr_after": 0.002125, "fires": 1727, "prior_lr_before": 0.0085, "prior_lr_after": 0.00425}
{"event": "g_lr_apply", "armed": true, "update_index": 2928, "g_lr_before": 0.00425, "g_lr_after": 0.002125, "fires": 1728, "prior_lr_before": 0.0085, "prior_lr_after": 0.00425}
{"event": "g_lr_apply", "armed": true, "update_index": 2929, "g_lr_before": 0.00425, "g_lr_after": 0.002125, "fires": 1729, "prior_lr_before": 0.0085, "prior_lr_after": 0.00425}
{"event": "g_lr_apply", "armed": true, "update_index": 2930, "g_lr_before": 0.00425, "g_lr_after": 0.002125, "fires": 1730, "prior_lr_before": 0.0085, "prior_lr_after": 0.00425}
{"event": "g_lr_apply", "armed": true, "update_index": 2931, "g_lr_before": 0.00425, "g_lr_after": 0.002125, "fires": 1731, "prior_lr_before": 0.0085, "prior_lr_after": 0.00425}
{"event": "g_lr_apply", "armed": true, "update_index": 2932, "g_lr_before": 0.00425, "g_lr_after": 0.002125, "fires": 1732, "prior_lr_before": 0.0085, "prior_lr_after": 0.00425}
{"event": "g_lr_apply", "armed": true, "update_index": 2933, "g_lr_before": 0.00425, "g_lr_after": 0.002125, "fires": 1733, "prior_lr_before": 0.0085, "prior_lr_after": 0.00425}
{"event": "g_lr_apply", "armed": true, "update_index": 2934, "g_lr_before": 0.00425, "g_lr_after": 0.002125, "fires": 1734, "prior_lr_before": 0.0085, "prior_lr_after": 0.00425}
{"event": "g_lr_apply", "armed": true, "update_index": 2935, "g_lr_before": 0.00425, "g_lr_after": 0.002125, "fires": 1735, "prior_lr_before": 0.0085, "prior_lr_after": 0.00425}
{"event": "g_lr_apply", "armed": true, "update_index": 2936, "g_lr_before": 0.00425, "g_lr_after": 0.002125, "fires": 1736, "prior_lr_before": 0.0085, "prior_lr_after": 0.00425}
{"event": "g_lr_apply", "armed": true, "update_index": 2937, "g_lr_before": 0.00425, "g_lr_after": 0.002125, "fires": 1737, "prior_lr_before": 0.0085, "prior_lr_after": 0.00425}
{"event": "g_lr_apply", "armed": true, "update_index": 2938, "g_lr_before": 0.00425, "g_lr_after": 0.002125, "fires": 1738, "prior_lr_before": 0.0085, "prior_lr_after": 0.00425}
{"event": "g_lr_apply", "armed": true, "update_index": 2939, "g_lr_before": 0.00425, "g_lr_after": 0.002125, "fires": 1739, "prior_lr_before": 0.0085, "prior_lr_after": 0.00425}
{"event": "g_lr_apply", "armed": true, "update_index": 2940, "g_lr_before": 0.00425, "g_lr_after": 0.002125, "fires": 1740, "prior_lr_before": 0.0085, "prior_lr_after": 0.00425}
{"event": "g_lr_apply", "armed": true, "update_index": 2941, "g_lr_before": 0.00425, "g_lr_after": 0.002125, "fires": 1741, "prior_lr_before": 0.0085, "prior_lr_after": 0.00425}
{"event": "g_lr_apply", "armed": true, "update_index": 2942, "g_lr_before": 0.00425, "g_lr_after": 0.002125, "fires": 1742, "prior_lr_before": 0.0085, "prior_lr_after": 0.00425}
{"event": "g_lr_apply", "armed": true, "update_index": 2943, "g_lr_before": 0.00425, "g_lr_after": 0.002125, "fires": 1743, "prior_lr_before": 0.0085, "prior_lr_after": 0.00425}
{"event": "g_lr_apply", "armed": true, "update_index": 2944, "g_lr_before": 0.00425, "g_lr_after": 0.002125, "fires": 1744, "prior_lr_before": 0.0085, "prior_lr_after": 0.00425}
{"event": "g_lr_apply", "armed": true, "update_index": 2945, "g_lr_before": 0.00425, "g_lr_after": 0.002125, "fires": 1745, "prior_lr_before": 0.0085, "prior_lr_after": 0.00425}
{"event": "g_lr_apply", "armed": true, "update_index": 2946, "g_lr_before": 0.00425, "g_lr_after": 0.002125, "fires": 1746, "prior_lr_before": 0.0085, "prior_lr_after": 0.00425}
{"event": "g_lr_apply", "armed": true, "update_index": 2947, "g_lr_before": 0.00425, "g_lr_after": 0.002125, "fires": 1747, "prior_lr_before": 0.0085, "prior_lr_after": 0.00425}
{"event": "g_lr_apply", "armed": true, "update_index": 2948, "g_lr_before": 0.00425, "g_lr_after": 0.002125, "fires": 1748, "prior_lr_before": 0.0085, "prior_lr_after": 0.00425}
{"event": "g_lr_apply", "armed": true, "update_index": 2949, "g_lr_before": 0.00425, "g_lr_after": 0.002125, "fires": 1749, "prior_lr_before": 0.0085, "prior_lr_after": 0.00425}
{"event": "g_lr_apply", "armed": true, "update_index": 2950, "g_lr_before": 0.00425, "g_lr_after": 0.002125, "fires": 1750, "prior_lr_before": 0.0085, "prior_lr_after": 0.00425}
{"event": "g_lr_apply", "armed": true, "update_index": 2951, "g_lr_before": 0.00425, "g_lr_after": 0.002125, "fires": 1751, "prior_lr_before": 0.0085, "prior_lr_after": 0.00425}
{"event": "g_lr_apply", "armed": true, "update_index": 2952, "g_lr_before": 0.00425, "g_lr_after": 0.002125, "fires": 1752, "prior_lr_before": 0.0085, "prior_lr_after": 0.00425}
{"event": "g_lr_apply", "armed": true, "update_index": 2953, "g_lr_before": 0.00425, "g_lr_after": 0.002125, "fires": 1753, "prior_lr_before": 0.0085, "prior_lr_after": 0.00425}
{"event": "g_lr_apply", "armed": true, "update_index": 2954, "g_lr_before": 0.00425, "g_lr_after": 0.002125, "fires": 1754, "prior_lr_before": 0.0085, "prior_lr_after": 0.00425}
{"event": "g_lr_apply", "armed": true, "update_index": 2955, "g_lr_before": 0.00425, "g_lr_after": 0.002125, "fires": 1755, "prior_lr_before": 0.0085, "prior_lr_after": 0.00425}
{"event": "g_lr_apply", "armed": true, "update_index": 2956, "g_lr_before": 0.00425, "g_lr_after": 0.002125, "fires": 1756, "prior_lr_before": 0.0085, "prior_lr_after": 0.00425}
{"event": "g_lr_apply", "armed": true, "update_index": 2957, "g_lr_before": 0.00425, "g_lr_after": 0.002125, "fires": 1757, "prior_lr_before": 0.0085, "prior_lr_after": 0.00425}
{"event": "g_lr_apply", "armed": true, "update_index": 2958, "g_lr_before": 0.00425, "g_lr_after": 0.002125, "fires": 1758, "prior_lr_before": 0.0085, "prior_lr_after": 0.00425}
{"event": "g_lr_apply", "armed": true, "update_index": 2959, "g_lr_before": 0.00425, "g_lr_after": 0.002125, "fires": 1759, "prior_lr_before": 0.0085, "prior_lr_after": 0.00425}
{"event": "g_lr_apply", "armed": true, "update_index": 2960, "g_lr_before": 0.00425, "g_lr_after": 0.002125, "fires": 1760, "prior_lr_before": 0.0085, "prior_lr_after": 0.00425}
{"event": "g_lr_apply", "armed": true, "update_index": 2961, "g_lr_before": 0.00425, "g_lr_after": 0.002125, "fires": 1761, "prior_lr_before": 0.0085, "prior_lr_after": 0.00425}
{"event": "g_lr_apply", "armed": true, "update_index": 2962, "g_lr_before": 0.00425, "g_lr_after": 0.002125, "fires": 1762, "prior_lr_before": 0.0085, "prior_lr_after": 0.00425}
{"event": "g_lr_apply", "armed": true, "update_index": 2963, "g_lr_before": 0.00425, "g_lr_after": 0.002125, "fires": 1763, "prior_lr_before": 0.0085, "prior_lr_after": 0.00425}
{"event": "g_lr_apply", "armed": true, "update_index": 2964, "g_lr_before": 0.00425, "g_lr_after": 0.002125, "fires": 1764, "prior_lr_before": 0.0085, "prior_lr_after": 0.00425}
{"event": "g_lr_apply", "armed": true, "update_index": 2965, "g_lr_before": 0.00425, "g_lr_after": 0.002125, "fires": 1765, "prior_lr_before": 0.0085, "prior_lr_after": 0.00425}
{"event": "g_lr_apply", "armed": true, "update_index": 2966, "g_lr_before": 0.00425, "g_lr_after": 0.002125, "fires": 1766, "prior_lr_before": 0.0085, "prior_lr_after": 0.00425}
{"event": "g_lr_apply", "armed": true, "update_index": 2967, "g_lr_before": 0.00425, "g_lr_after": 0.002125, "fires": 1767, "prior_lr_before": 0.0085, "prior_lr_after": 0.00425}
{"event": "g_lr_apply", "armed": true, "update_index": 2968, "g_lr_before": 0.00425, "g_lr_after": 0.002125, "fires": 1768, "prior_lr_before": 0.0085, "prior_lr_after": 0.00425}
{"event": "g_lr_apply", "armed": true, "update_index": 2969, "g_lr_before": 0.00425, "g_lr_after": 0.002125, "fires": 1769, "prior_lr_before": 0.0085, "prior_lr_after": 0.00425}
{"event": "g_lr_apply", "armed": true, "update_index": 2970, "g_lr_before": 0.00425, "g_lr_after": 0.002125, "fires": 1770, "prior_lr_before": 0.0085, "prior_lr_after": 0.00425}
{"event": "g_lr_apply", "armed": true, "update_index": 2971, "g_lr_before": 0.00425, "g_lr_after": 0.002125, "fires": 1771, "prior_lr_before": 0.0085, "prior_lr_after": 0.00425}
{"event": "g_lr_apply", "armed": true, "update_index": 2972, "g_lr_before": 0.00425, "g_lr_after": 0.002125, "fires": 1772, "prior_lr_before": 0.0085, "prior_lr_after": 0.00425}
{"event": "g_lr_apply", "armed": true, "update_index": 2973, "g_lr_before": 0.00425, "g_lr_after": 0.002125, "fires": 1773, "prior_lr_before": 0.0085, "prior_lr_after": 0.00425}
{"event": "g_lr_apply", "armed": true, "update_index": 2974, "g_lr_before": 0.00425, "g_lr_after": 0.002125, "fires": 1774, "prior_lr_before": 0.0085, "prior_lr_after": 0.00425}
{"event": "g_lr_apply", "armed": true, "update_index": 2975, "g_lr_before": 0.00425, "g_lr_after": 0.002125, "fires": 1775, "prior_lr_before": 0.0085, "prior_lr_after": 0.00425}
{"event": "g_lr_apply", "armed": true, "update_index": 2976, "g_lr_before": 0.00425, "g_lr_after": 0.002125, "fires": 1776, "prior_lr_before": 0.0085, "prior_lr_after": 0.00425}
{"event": "g_lr_apply", "armed": true, "update_index": 2977, "g_lr_before": 0.00425, "g_lr_after": 0.002125, "fires": 1777, "prior_lr_before": 0.0085, "prior_lr_after": 0.00425}
{"event": "g_lr_apply", "armed": true, "update_index": 2978, "g_lr_before": 0.00425, "g_lr_after": 0.002125, "fires": 1778, "prior_lr_before": 0.0085, "prior_lr_after": 0.00425}
{"event": "g_lr_apply", "armed": true, "update_index": 2979, "g_lr_before": 0.00425, "g_lr_after": 0.002125, "fires": 1779, "prior_lr_before": 0.0085, "prior_lr_after": 0.00425}
{"event": "g_lr_apply", "armed": true, "update_index": 2980, "g_lr_before": 0.00425, "g_lr_after": 0.002125, "fires": 1780, "prior_lr_before": 0.0085, "prior_lr_after": 0.00425}
{"event": "g_lr_apply", "armed": true, "update_index": 2981, "g_lr_before": 0.00425, "g_lr_after": 0.002125, "fires": 1781, "prior_lr_before": 0.0085, "prior_lr_after": 0.00425}
{"event": "g_lr_apply", "armed": true, "update_index": 2982, "g_lr_before": 0.00425, "g_lr_after": 0.002125, "fires": 1782, "prior_lr_before": 0.0085, "prior_lr_after": 0.00425}
{"event": "g_lr_apply", "armed": true, "update_index": 2983, "g_lr_before": 0.00425, "g_lr_after": 0.002125, "fires": 1783, "prior_lr_before": 0.0085, "prior_lr_after": 0.00425}
{"event": "g_lr_apply", "armed": true, "update_index": 2984, "g_lr_before": 0.00425, "g_lr_after": 0.002125, "fires": 1784, "prior_lr_before": 0.0085, "prior_lr_after": 0.00425}
{"event": "g_lr_apply", "armed": true, "update_index": 2985, "g_lr_before": 0.00425, "g_lr_after": 0.002125, "fires": 1785, "prior_lr_before": 0.0085, "prior_lr_after": 0.00425}
{"event": "g_lr_apply", "armed": true, "update_index": 2986, "g_lr_before": 0.00425, "g_lr_after": 0.002125, "fires": 1786, "prior_lr_before": 0.0085, "prior_lr_after": 0.00425}
{"event": "g_lr_apply", "armed": true, "update_index": 2987, "g_lr_before": 0.00425, "g_lr_after": 0.002125, "fires": 1787, "prior_lr_before": 0.0085, "prior_lr_after": 0.00425}
{"event": "g_lr_apply", "armed": true, "update_index": 2988, "g_lr_before": 0.00425, "g_lr_after": 0.002125, "fires": 1788, "prior_lr_before": 0.0085, "prior_lr_after": 0.00425}
{"event": "g_lr_apply", "armed": true, "update_index": 2989, "g_lr_before": 0.00425, "g_lr_after": 0.002125, "fires": 1789, "prior_lr_before": 0.0085, "prior_lr_after": 0.00425}
{"event": "g_lr_apply", "armed": true, "update_index": 2990, "g_lr_before": 0.00425, "g_lr_after": 0.002125, "fires": 1790, "prior_lr_before": 0.0085, "prior_lr_after": 0.00425}
{"event": "g_lr_apply", "armed": true, "update_index": 2991, "g_lr_before": 0.00425, "g_lr_after": 0.002125, "fires": 1791, "prior_lr_before": 0.0085, "prior_lr_after": 0.00425}
{"event": "g_lr_apply", "armed": true, "update_index": 2992, "g_lr_before": 0.00425, "g_lr_after": 0.002125, "fires": 1792, "prior_lr_before": 0.0085, "prior_lr_after": 0.00425}
{"event": "g_lr_apply", "armed": true, "update_index": 2993, "g_lr_before": 0.00425, "g_lr_after": 0.002125, "fires": 1793, "prior_lr_before": 0.0085, "prior_lr_after": 0.00425}
{"event": "g_lr_apply", "armed": true, "update_index": 2994, "g_lr_before": 0.00425, "g_lr_after": 0.002125, "fires": 1794, "prior_lr_before": 0.0085, "prior_lr_after": 0.00425}
{"event": "g_lr_apply", "armed": true, "update_index": 2995, "g_lr_before": 0.00425, "g_lr_after": 0.002125, "fires": 1795, "prior_lr_before": 0.0085, "prior_lr_after": 0.00425}
{"event": "g_lr_apply", "armed": true, "update_index": 2996, "g_lr_before": 0.00425, "g_lr_after": 0.002125, "fires": 1796, "prior_lr_before": 0.0085, "prior_lr_after": 0.00425}
{"event": "g_lr_apply", "armed": true, "update_index": 2997, "g_lr_before": 0.00425, "g_lr_after": 0.002125, "fires": 1797, "prior_lr_before": 0.0085, "prior_lr_after": 0.00425}
{"event": "g_lr_apply", "armed": true, "update_index": 2998, "g_lr_before": 0.00425, "g_lr_after": 0.002125, "fires": 1798, "prior_lr_before": 0.0085, "prior_lr_after": 0.00425}
{"event": "g_lr_apply", "armed": true, "update_index": 2999, "g_lr_before": 0.00425, "g_lr_after": 0.002125, "fires": 1799, "prior_lr_before": 0.0085, "prior_lr_after": 0.00425}
{"event": "g_lr_apply", "armed": true, "update_index": 3000, "g_lr_before": 0.00425, "g_lr_after": 0.002125, "fires": 1800, "prior_lr_before": 0.0085, "prior_lr_after": 0.00425}
{"event": "UPDATES", "candidate": "PR140", "task": "convergence", "adam_calls": 6000}
{"event": "g_lr_apply", "armed": true, "update_index": 3001, "g_lr_before": 0.00425, "g_lr_after": 0.002125, "fires": 1801, "prior_lr_before": 0.0085, "prior_lr_after": 0.00425}
{"event": "g_lr_apply", "armed": true, "update_index": 3002, "g_lr_before": 0.00425, "g_lr_after": 0.002125, "fires": 1802, "prior_lr_before": 0.0085, "prior_lr_after": 0.00425}
{"event": "g_lr_apply", "armed": true, "update_index": 3003, "g_lr_before": 0.00425, "g_lr_after": 0.002125, "fires": 1803, "prior_lr_before": 0.0085, "prior_lr_after": 0.00425}
{"event": "g_lr_apply", "armed": true, "update_index": 3004, "g_lr_before": 0.00425, "g_lr_after": 0.002125, "fires": 1804, "prior_lr_before": 0.0085, "prior_lr_after": 0.00425}
{"event": "g_lr_apply", "armed": true, "update_index": 3005, "g_lr_before": 0.00425, "g_lr_after": 0.002125, "fires": 1805, "prior_lr_before": 0.0085, "prior_lr_after": 0.00425}
{"event": "g_lr_apply", "armed": true, "update_index": 3006, "g_lr_before": 0.00425, "g_lr_after": 0.002125, "fires": 1806, "prior_lr_before": 0.0085, "prior_lr_after": 0.00425}
{"event": "g_lr_apply", "armed": true, "update_index": 3007, "g_lr_before": 0.00425, "g_lr_after": 0.002125, "fires": 1807, "prior_lr_before": 0.0085, "prior_lr_after": 0.00425}
{"event": "g_lr_apply", "armed": true, "update_index": 3008, "g_lr_before": 0.00425, "g_lr_after": 0.002125, "fires": 1808, "prior_lr_before": 0.0085, "prior_lr_after": 0.00425}
{"event": "g_lr_apply", "armed": true, "update_index": 3009, "g_lr_before": 0.00425, "g_lr_after": 0.002125, "fires": 1809, "prior_lr_before": 0.0085, "prior_lr_after": 0.00425}
{"event": "g_lr_apply", "armed": true, "update_index": 3010, "g_lr_before": 0.00425, "g_lr_after": 0.002125, "fires": 1810, "prior_lr_before": 0.0085, "prior_lr_after": 0.00425}
{"event": "g_lr_apply", "armed": true, "update_index": 3011, "g_lr_before": 0.00425, "g_lr_after": 0.002125, "fires": 1811, "prior_lr_before": 0.0085, "prior_lr_after": 0.00425}
{"event": "g_lr_apply", "armed": true, "update_index": 3012, "g_lr_before": 0.00425, "g_lr_after": 0.002125, "fires": 1812, "prior_lr_before": 0.0085, "prior_lr_after": 0.00425}
{"event": "g_lr_apply", "armed": true, "update_index": 3013, "g_lr_before": 0.00425, "g_lr_after": 0.002125, "fires": 1813, "prior_lr_before": 0.0085, "prior_lr_after": 0.00425}
{"event": "g_lr_apply", "armed": true, "update_index": 3014, "g_lr_before": 0.00425, "g_lr_after": 0.002125, "fires": 1814, "prior_lr_before": 0.0085, "prior_lr_after": 0.00425}
{"event": "g_lr_apply", "armed": true, "update_index": 3015, "g_lr_before": 0.00425, "g_lr_after": 0.002125, "fires": 1815, "prior_lr_before": 0.0085, "prior_lr_after": 0.00425}
{"event": "g_lr_apply", "armed": true, "update_index": 3016, "g_lr_before": 0.00425, "g_lr_after": 0.002125, "fires": 1816, "prior_lr_before": 0.0085, "prior_lr_after": 0.00425}
{"event": "g_lr_apply", "armed": true, "update_index": 3017, "g_lr_before": 0.00425, "g_lr_after": 0.002125, "fires": 1817, "prior_lr_before": 0.0085, "prior_lr_after": 0.00425}
{"event": "g_lr_apply", "armed": true, "update_index": 3018, "g_lr_before": 0.00425, "g_lr_after": 0.002125, "fires": 1818, "prior_lr_before": 0.0085, "prior_lr_after": 0.00425}
{"event": "g_lr_apply", "armed": true, "update_index": 3019, "g_lr_before": 0.00425, "g_lr_after": 0.002125, "fires": 1819, "prior_lr_before": 0.0085, "prior_lr_after": 0.00425}
{"event": "g_lr_apply", "armed": true, "update_index": 3020, "g_lr_before": 0.00425, "g_lr_after": 0.002125, "fires": 1820, "prior_lr_before": 0.0085, "prior_lr_after": 0.00425}
{"event": "g_lr_apply", "armed": true, "update_index": 3021, "g_lr_before": 0.00425, "g_lr_after": 0.002125, "fires": 1821, "prior_lr_before": 0.0085, "prior_lr_after": 0.00425}
{"event": "g_lr_apply", "armed": true, "update_index": 3022, "g_lr_before": 0.00425, "g_lr_after": 0.002125, "fires": 1822, "prior_lr_before": 0.0085, "prior_lr_after": 0.00425}
{"event": "g_lr_apply", "armed": true, "update_index": 3023, "g_lr_before": 0.00425, "g_lr_after": 0.002125, "fires": 1823, "prior_lr_before": 0.0085, "prior_lr_after": 0.00425}
{"event": "g_lr_apply", "armed": true, "update_index": 3024, "g_lr_before": 0.00425, "g_lr_after": 0.002125, "fires": 1824, "prior_lr_before": 0.0085, "prior_lr_after": 0.00425}
{"event": "g_lr_apply", "armed": true, "update_index": 3025, "g_lr_before": 0.00425, "g_lr_after": 0.002125, "fires": 1825, "prior_lr_before": 0.0085, "prior_lr_after": 0.00425}
{"event": "g_lr_apply", "armed": true, "update_index": 3026, "g_lr_before": 0.00425, "g_lr_after": 0.002125, "fires": 1826, "prior_lr_before": 0.0085, "prior_lr_after": 0.00425}
{"event": "g_lr_apply", "armed": true, "update_index": 3027, "g_lr_before": 0.00425, "g_lr_after": 0.002125, "fires": 1827, "prior_lr_before": 0.0085, "prior_lr_after": 0.00425}
{"event": "g_lr_apply", "armed": true, "update_index": 3028, "g_lr_before": 0.00425, "g_lr_after": 0.002125, "fires": 1828, "prior_lr_before": 0.0085, "prior_lr_after": 0.00425}
{"event": "g_lr_apply", "armed": true, "update_index": 3029, "g_lr_before": 0.00425, "g_lr_after": 0.002125, "fires": 1829, "prior_lr_before": 0.0085, "prior_lr_after": 0.00425}
{"event": "g_lr_apply", "armed": true, "update_index": 3030, "g_lr_before": 0.00425, "g_lr_after": 0.002125, "fires": 1830, "prior_lr_before": 0.0085, "prior_lr_after": 0.00425}
{"event": "g_lr_apply", "armed": true, "update_index": 3031, "g_lr_before": 0.00425, "g_lr_after": 0.002125, "fires": 1831, "prior_lr_before": 0.0085, "prior_lr_after": 0.00425}
{"event": "g_lr_apply", "armed": true, "update_index": 3032, "g_lr_before": 0.00425, "g_lr_after": 0.002125, "fires": 1832, "prior_lr_before": 0.0085, "prior_lr_after": 0.00425}
{"event": "g_lr_apply", "armed": true, "update_index": 3033, "g_lr_before": 0.00425, "g_lr_after": 0.002125, "fires": 1833, "prior_lr_before": 0.0085, "prior_lr_after": 0.00425}
{"event": "g_lr_apply", "armed": true, "update_index": 3034, "g_lr_before": 0.00425, "g_lr_after": 0.002125, "fires": 1834, "prior_lr_before": 0.0085, "prior_lr_after": 0.00425}
{"event": "g_lr_apply", "armed": true, "update_index": 3035, "g_lr_before": 0.00425, "g_lr_after": 0.002125, "fires": 1835, "prior_lr_before": 0.0085, "prior_lr_after": 0.00425}
{"event": "g_lr_apply", "armed": true, "update_index": 3036, "g_lr_before": 0.00425, "g_lr_after": 0.002125, "fires": 1836, "prior_lr_before": 0.0085, "prior_lr_after": 0.00425}
{"event": "g_lr_apply", "armed": true, "update_index": 3037, "g_lr_before": 0.00425, "g_lr_after": 0.002125, "fires": 1837, "prior_lr_before": 0.0085, "prior_lr_after": 0.00425}
{"event": "g_lr_apply", "armed": true, "update_index": 3038, "g_lr_before": 0.00425, "g_lr_after": 0.002125, "fires": 1838, "prior_lr_before": 0.0085, "prior_lr_after": 0.00425}
{"event": "g_lr_apply", "armed": true, "update_index": 3039, "g_lr_before": 0.00425, "g_lr_after": 0.002125, "fires": 1839, "prior_lr_before": 0.0085, "prior_lr_after": 0.00425}
{"event": "g_lr_apply", "armed": true, "update_index": 3040, "g_lr_before": 0.00425, "g_lr_after": 0.002125, "fires": 1840, "prior_lr_before": 0.0085, "prior_lr_after": 0.00425}
{"event": "g_lr_apply", "armed": true, "update_index": 3041, "g_lr_before": 0.00425, "g_lr_after": 0.002125, "fires": 1841, "prior_lr_before": 0.0085, "prior_lr_after": 0.00425}
{"event": "g_lr_apply", "armed": true, "update_index": 3042, "g_lr_before": 0.00425, "g_lr_after": 0.002125, "fires": 1842, "prior_lr_before": 0.0085, "prior_lr_after": 0.00425}
{"event": "g_lr_apply", "armed": true, "update_index": 3043, "g_lr_before": 0.00425, "g_lr_after": 0.002125, "fires": 1843, "prior_lr_before": 0.0085, "prior_lr_after": 0.00425}
{"event": "g_lr_apply", "armed": true, "update_index": 3044, "g_lr_before": 0.00425, "g_lr_after": 0.002125, "fires": 1844, "prior_lr_before": 0.0085, "prior_lr_after": 0.00425}
{"event": "g_lr_apply", "armed": true, "update_index": 3045, "g_lr_before": 0.00425, "g_lr_after": 0.002125, "fires": 1845, "prior_lr_before": 0.0085, "prior_lr_after": 0.00425}
{"event": "g_lr_apply", "armed": true, "update_index": 3046, "g_lr_before": 0.00425, "g_lr_after": 0.002125, "fires": 1846, "prior_lr_before": 0.0085, "prior_lr_after": 0.00425}
{"event": "g_lr_apply", "armed": true, "update_index": 3047, "g_lr_before": 0.00425, "g_lr_after": 0.002125, "fires": 1847, "prior_lr_before": 0.0085, "prior_lr_after": 0.00425}
{"event": "g_lr_apply", "armed": true, "update_index": 3048, "g_lr_before": 0.00425, "g_lr_after": 0.002125, "fires": 1848, "prior_lr_before": 0.0085, "prior_lr_after": 0.00425}
{"event": "g_lr_apply", "armed": true, "update_index": 3049, "g_lr_before": 0.00425, "g_lr_after": 0.002125, "fires": 1849, "prior_lr_before": 0.0085, "prior_lr_after": 0.00425}
{"event": "g_lr_apply", "armed": true, "update_index": 3050, "g_lr_before": 0.00425, "g_lr_after": 0.002125, "fires": 1850, "prior_lr_before": 0.0085, "prior_lr_after": 0.00425}
{"event": "g_lr_apply", "armed": true, "update_index": 3051, "g_lr_before": 0.00425, "g_lr_after": 0.002125, "fires": 1851, "prior_lr_before": 0.0085, "prior_lr_after": 0.00425}
{"event": "g_lr_apply", "armed": true, "update_index": 3052, "g_lr_before": 0.00425, "g_lr_after": 0.002125, "fires": 1852, "prior_lr_before": 0.0085, "prior_lr_after": 0.00425}
{"event": "g_lr_apply", "armed": true, "update_index": 3053, "g_lr_before": 0.00425, "g_lr_after": 0.002125, "fires": 1853, "prior_lr_before": 0.0085, "prior_lr_after": 0.00425}
{"event": "g_lr_apply", "armed": true, "update_index": 3054, "g_lr_before": 0.00425, "g_lr_after": 0.002125, "fires": 1854, "prior_lr_before": 0.0085, "prior_lr_after": 0.00425}
{"event": "g_lr_apply", "armed": true, "update_index": 3055, "g_lr_before": 0.00425, "g_lr_after": 0.002125, "fires": 1855, "prior_lr_before": 0.0085, "prior_lr_after": 0.00425}
{"event": "g_lr_apply", "armed": true, "update_index": 3056, "g_lr_before": 0.00425, "g_lr_after": 0.002125, "fires": 1856, "prior_lr_before": 0.0085, "prior_lr_after": 0.00425}
{"event": "g_lr_apply", "armed": true, "update_index": 3057, "g_lr_before": 0.00425, "g_lr_after": 0.002125, "fires": 1857, "prior_lr_before": 0.0085, "prior_lr_after": 0.00425}
{"event": "g_lr_apply", "armed": true, "update_index": 3058, "g_lr_before": 0.00425, "g_lr_after": 0.002125, "fires": 1858, "prior_lr_before": 0.0085, "prior_lr_after": 0.00425}
{"event": "g_lr_apply", "armed": true, "update_index": 3059, "g_lr_before": 0.00425, "g_lr_after": 0.002125, "fires": 1859, "prior_lr_before": 0.0085, "prior_lr_after": 0.00425}
{"event": "g_lr_apply", "armed": true, "update_index": 3060, "g_lr_before": 0.00425, "g_lr_after": 0.002125, "fires": 1860, "prior_lr_before": 0.0085, "prior_lr_after": 0.00425}
{"event": "g_lr_apply", "armed": true, "update_index": 3061, "g_lr_before": 0.00425, "g_lr_after": 0.002125, "fires": 1861, "prior_lr_before": 0.0085, "prior_lr_after": 0.00425}
{"event": "g_lr_apply", "armed": true, "update_index": 3062, "g_lr_before": 0.00425, "g_lr_after": 0.002125, "fires": 1862, "prior_lr_before": 0.0085, "prior_lr_after": 0.00425}
{"event": "g_lr_apply", "armed": true, "update_index": 3063, "g_lr_before": 0.00425, "g_lr_after": 0.002125, "fires": 1863, "prior_lr_before": 0.0085, "prior_lr_after": 0.00425}
{"event": "g_lr_apply", "armed": true, "update_index": 3064, "g_lr_before": 0.00425, "g_lr_after": 0.002125, "fires": 1864, "prior_lr_before": 0.0085, "prior_lr_after": 0.00425}
{"event": "g_lr_apply", "armed": true, "update_index": 3065, "g_lr_before": 0.00425, "g_lr_after": 0.002125, "fires": 1865, "prior_lr_before": 0.0085, "prior_lr_after": 0.00425}
{"event": "g_lr_apply", "armed": true, "update_index": 3066, "g_lr_before": 0.00425, "g_lr_after": 0.002125, "fires": 1866, "prior_lr_before": 0.0085, "prior_lr_after": 0.00425}
{"event": "g_lr_apply", "armed": true, "update_index": 3067, "g_lr_before": 0.00425, "g_lr_after": 0.002125, "fires": 1867, "prior_lr_before": 0.0085, "prior_lr_after": 0.00425}
{"event": "g_lr_apply", "armed": true, "update_index": 3068, "g_lr_before": 0.00425, "g_lr_after": 0.002125, "fires": 1868, "prior_lr_before": 0.0085, "prior_lr_after": 0.00425}
{"event": "g_lr_apply", "armed": true, "update_index": 3069, "g_lr_before": 0.00425, "g_lr_after": 0.002125, "fires": 1869, "prior_lr_before": 0.0085, "prior_lr_after": 0.00425}
{"event": "g_lr_apply", "armed": true, "update_index": 3070, "g_lr_before": 0.00425, "g_lr_after": 0.002125, "fires": 1870, "prior_lr_before": 0.0085, "prior_lr_after": 0.00425}
{"event": "g_lr_apply", "armed": true, "update_index": 3071, "g_lr_before": 0.00425, "g_lr_after": 0.002125, "fires": 1871, "prior_lr_before": 0.0085, "prior_lr_after": 0.00425}
{"event": "g_lr_apply", "armed": true, "update_index": 3072, "g_lr_before": 0.00425, "g_lr_after": 0.002125, "fires": 1872, "prior_lr_before": 0.0085, "prior_lr_after": 0.00425}
{"event": "g_lr_apply", "armed": true, "update_index": 3073, "g_lr_before": 0.00425, "g_lr_after": 0.002125, "fires": 1873, "prior_lr_before": 0.0085, "prior_lr_after": 0.00425}
{"event": "g_lr_apply", "armed": true, "update_index": 3074, "g_lr_before": 0.00425, "g_lr_after": 0.002125, "fires": 1874, "prior_lr_before": 0.0085, "prior_lr_after": 0.00425}
{"event": "g_lr_apply", "armed": true, "update_index": 3075, "g_lr_before": 0.00425, "g_lr_after": 0.002125, "fires": 1875, "prior_lr_before": 0.0085, "prior_lr_after": 0.00425}
{"event": "g_lr_apply", "armed": true, "update_index": 3076, "g_lr_before": 0.00425, "g_lr_after": 0.002125, "fires": 1876, "prior_lr_before": 0.0085, "prior_lr_after": 0.00425}
{"event": "g_lr_apply", "armed": true, "update_index": 3077, "g_lr_before": 0.00425, "g_lr_after": 0.002125, "fires": 1877, "prior_lr_before": 0.0085, "prior_lr_after": 0.00425}
{"event": "g_lr_apply", "armed": true, "update_index": 3078, "g_lr_before": 0.00425, "g_lr_after": 0.002125, "fires": 1878, "prior_lr_before": 0.0085, "prior_lr_after": 0.00425}
{"event": "g_lr_apply", "armed": true, "update_index": 3079, "g_lr_before": 0.00425, "g_lr_after": 0.002125, "fires": 1879, "prior_lr_before": 0.0085, "prior_lr_after": 0.00425}
{"event": "g_lr_apply", "armed": true, "update_index": 3080, "g_lr_before": 0.00425, "g_lr_after": 0.002125, "fires": 1880, "prior_lr_before": 0.0085, "prior_lr_after": 0.00425}
{"event": "g_lr_apply", "armed": true, "update_index": 3081, "g_lr_before": 0.00425, "g_lr_after": 0.002125, "fires": 1881, "prior_lr_before": 0.0085, "prior_lr_after": 0.00425}
{"event": "g_lr_apply", "armed": true, "update_index": 3082, "g_lr_before": 0.00425, "g_lr_after": 0.002125, "fires": 1882, "prior_lr_before": 0.0085, "prior_lr_after": 0.00425}
{"event": "g_lr_apply", "armed": true, "update_index": 3083, "g_lr_before": 0.00425, "g_lr_after": 0.002125, "fires": 1883, "prior_lr_before": 0.0085, "prior_lr_after": 0.00425}
{"event": "g_lr_apply", "armed": true, "update_index": 3084, "g_lr_before": 0.00425, "g_lr_after": 0.002125, "fires": 1884, "prior_lr_before": 0.0085, "prior_lr_after": 0.00425}
{"event": "g_lr_apply", "armed": true, "update_index": 3085, "g_lr_before": 0.00425, "g_lr_after": 0.002125, "fires": 1885, "prior_lr_before": 0.0085, "prior_lr_after": 0.00425}
{"event": "g_lr_apply", "armed": true, "update_index": 3086, "g_lr_before": 0.00425, "g_lr_after": 0.002125, "fires": 1886, "prior_lr_before": 0.0085, "prior_lr_after": 0.00425}
{"event": "g_lr_apply", "armed": true, "update_index": 3087, "g_lr_before": 0.00425, "g_lr_after": 0.002125, "fires": 1887, "prior_lr_before": 0.0085, "prior_lr_after": 0.00425}
{"event": "g_lr_apply", "armed": true, "update_index": 3088, "g_lr_before": 0.00425, "g_lr_after": 0.002125, "fires": 1888, "prior_lr_before": 0.0085, "prior_lr_after": 0.00425}
{"event": "g_lr_apply", "armed": true, "update_index": 3089, "g_lr_before": 0.00425, "g_lr_after": 0.002125, "fires": 1889, "prior_lr_before": 0.0085, "prior_lr_after": 0.00425}
{"event": "g_lr_apply", "armed": true, "update_index": 3090, "g_lr_before": 0.00425, "g_lr_after": 0.002125, "fires": 1890, "prior_lr_before": 0.0085, "prior_lr_after": 0.00425}
{"event": "g_lr_apply", "armed": true, "update_index": 3091, "g_lr_before": 0.00425, "g_lr_after": 0.002125, "fires": 1891, "prior_lr_before": 0.0085, "prior_lr_after": 0.00425}
{"event": "g_lr_apply", "armed": true, "update_index": 3092, "g_lr_before": 0.00425, "g_lr_after": 0.002125, "fires": 1892, "prior_lr_before": 0.0085, "prior_lr_after": 0.00425}
{"event": "g_lr_apply", "armed": true, "update_index": 3093, "g_lr_before": 0.00425, "g_lr_after": 0.002125, "fires": 1893, "prior_lr_before": 0.0085, "prior_lr_after": 0.00425}
{"event": "g_lr_apply", "armed": true, "update_index": 3094, "g_lr_before": 0.00425, "g_lr_after": 0.002125, "fires": 1894, "prior_lr_before": 0.0085, "prior_lr_after": 0.00425}
{"event": "g_lr_apply", "armed": true, "update_index": 3095, "g_lr_before": 0.00425, "g_lr_after": 0.002125, "fires": 1895, "prior_lr_before": 0.0085, "prior_lr_after": 0.00425}
{"event": "g_lr_apply", "armed": true, "update_index": 3096, "g_lr_before": 0.00425, "g_lr_after": 0.002125, "fires": 1896, "prior_lr_before": 0.0085, "prior_lr_after": 0.00425}
{"event": "g_lr_apply", "armed": true, "update_index": 3097, "g_lr_before": 0.00425, "g_lr_after": 0.002125, "fires": 1897, "prior_lr_before": 0.0085, "prior_lr_after": 0.00425}
{"event": "g_lr_apply", "armed": true, "update_index": 3098, "g_lr_before": 0.00425, "g_lr_after": 0.002125, "fires": 1898, "prior_lr_before": 0.0085, "prior_lr_after": 0.00425}
{"event": "g_lr_apply", "armed": true, "update_index": 3099, "g_lr_before": 0.00425, "g_lr_after": 0.002125, "fires": 1899, "prior_lr_before": 0.0085, "prior_lr_after": 0.00425}
{"event": "g_lr_apply", "armed": true, "update_index": 3100, "g_lr_before": 0.00425, "g_lr_after": 0.002125, "fires": 1900, "prior_lr_before": 0.0085, "prior_lr_after": 0.00425}
{"event": "g_lr_apply", "armed": true, "update_index": 3101, "g_lr_before": 0.00425, "g_lr_after": 0.002125, "fires": 1901, "prior_lr_before": 0.0085, "prior_lr_after": 0.00425}
{"event": "g_lr_apply", "armed": true, "update_index": 3102, "g_lr_before": 0.00425, "g_lr_after": 0.002125, "fires": 1902, "prior_lr_before": 0.0085, "prior_lr_after": 0.00425}
{"event": "g_lr_apply", "armed": true, "update_index": 3103, "g_lr_before": 0.00425, "g_lr_after": 0.002125, "fires": 1903, "prior_lr_before": 0.0085, "prior_lr_after": 0.00425}
{"event": "g_lr_apply", "armed": true, "update_index": 3104, "g_lr_before": 0.00425, "g_lr_after": 0.002125, "fires": 1904, "prior_lr_before": 0.0085, "prior_lr_after": 0.00425}
{"event": "g_lr_apply", "armed": true, "update_index": 3105, "g_lr_before": 0.00425, "g_lr_after": 0.002125, "fires": 1905, "prior_lr_before": 0.0085, "prior_lr_after": 0.00425}
{"event": "g_lr_apply", "armed": true, "update_index": 3106, "g_lr_before": 0.00425, "g_lr_after": 0.002125, "fires": 1906, "prior_lr_before": 0.0085, "prior_lr_after": 0.00425}
{"event": "g_lr_apply", "armed": true, "update_index": 3107, "g_lr_before": 0.00425, "g_lr_after": 0.002125, "fires": 1907, "prior_lr_before": 0.0085, "prior_lr_after": 0.00425}
{"event": "g_lr_apply", "armed": true, "update_index": 3108, "g_lr_before": 0.00425, "g_lr_after": 0.002125, "fires": 1908, "prior_lr_before": 0.0085, "prior_lr_after": 0.00425}
{"event": "g_lr_apply", "armed": true, "update_index": 3109, "g_lr_before": 0.00425, "g_lr_after": 0.002125, "fires": 1909, "prior_lr_before": 0.0085, "prior_lr_after": 0.00425}
{"event": "g_lr_apply", "armed": true, "update_index": 3110, "g_lr_before": 0.00425, "g_lr_after": 0.002125, "fires": 1910, "prior_lr_before": 0.0085, "prior_lr_after": 0.00425}
{"event": "g_lr_apply", "armed": true, "update_index": 3111, "g_lr_before": 0.00425, "g_lr_after": 0.002125, "fires": 1911, "prior_lr_before": 0.0085, "prior_lr_after": 0.00425}
{"event": "g_lr_apply", "armed": true, "update_index": 3112, "g_lr_before": 0.00425, "g_lr_after": 0.002125, "fires": 1912, "prior_lr_before": 0.0085, "prior_lr_after": 0.00425}
{"event": "g_lr_apply", "armed": true, "update_index": 3113, "g_lr_before": 0.00425, "g_lr_after": 0.002125, "fires": 1913, "prior_lr_before": 0.0085, "prior_lr_after": 0.00425}
{"event": "g_lr_apply", "armed": true, "update_index": 3114, "g_lr_before": 0.00425, "g_lr_after": 0.002125, "fires": 1914, "prior_lr_before": 0.0085, "prior_lr_after": 0.00425}
{"event": "g_lr_apply", "armed": true, "update_index": 3115, "g_lr_before": 0.00425, "g_lr_after": 0.002125, "fires": 1915, "prior_lr_before": 0.0085, "prior_lr_after": 0.00425}
{"event": "g_lr_apply", "armed": true, "update_index": 3116, "g_lr_before": 0.00425, "g_lr_after": 0.002125, "fires": 1916, "prior_lr_before": 0.0085, "prior_lr_after": 0.00425}
{"event": "g_lr_apply", "armed": true, "update_index": 3117, "g_lr_before": 0.00425, "g_lr_after": 0.002125, "fires": 1917, "prior_lr_before": 0.0085, "prior_lr_after": 0.00425}
{"event": "g_lr_apply", "armed": true, "update_index": 3118, "g_lr_before": 0.00425, "g_lr_after": 0.002125, "fires": 1918, "prior_lr_before": 0.0085, "prior_lr_after": 0.00425}
{"event": "g_lr_apply", "armed": true, "update_index": 3119, "g_lr_before": 0.00425, "g_lr_after": 0.002125, "fires": 1919, "prior_lr_before": 0.0085, "prior_lr_after": 0.00425}
{"event": "g_lr_apply", "armed": true, "update_index": 3120, "g_lr_before": 0.00425, "g_lr_after": 0.002125, "fires": 1920, "prior_lr_before": 0.0085, "prior_lr_after": 0.00425}
{"event": "g_lr_apply", "armed": true, "update_index": 3121, "g_lr_before": 0.00425, "g_lr_after": 0.002125, "fires": 1921, "prior_lr_before": 0.0085, "prior_lr_after": 0.00425}
{"event": "g_lr_apply", "armed": true, "update_index": 3122, "g_lr_before": 0.00425, "g_lr_after": 0.002125, "fires": 1922, "prior_lr_before": 0.0085, "prior_lr_after": 0.00425}
{"event": "g_lr_apply", "armed": true, "update_index": 3123, "g_lr_before": 0.00425, "g_lr_after": 0.002125, "fires": 1923, "prior_lr_before": 0.0085, "prior_lr_after": 0.00425}
{"event": "g_lr_apply", "armed": true, "update_index": 3124, "g_lr_before": 0.00425, "g_lr_after": 0.002125, "fires": 1924, "prior_lr_before": 0.0085, "prior_lr_after": 0.00425}
{"event": "g_lr_apply", "armed": true, "update_index": 3125, "g_lr_before": 0.00425, "g_lr_after": 0.002125, "fires": 1925, "prior_lr_before": 0.0085, "prior_lr_after": 0.00425}
{"event": "g_lr_apply", "armed": true, "update_index": 3126, "g_lr_before": 0.00425, "g_lr_after": 0.002125, "fires": 1926, "prior_lr_before": 0.0085, "prior_lr_after": 0.00425}
{"event": "g_lr_apply", "armed": true, "update_index": 3127, "g_lr_before": 0.00425, "g_lr_after": 0.002125, "fires": 1927, "prior_lr_before": 0.0085, "prior_lr_after": 0.00425}
{"event": "g_lr_apply", "armed": true, "update_index": 3128, "g_lr_before": 0.00425, "g_lr_after": 0.002125, "fires": 1928, "prior_lr_before": 0.0085, "prior_lr_after": 0.00425}
{"event": "g_lr_apply", "armed": true, "update_index": 3129, "g_lr_before": 0.00425, "g_lr_after": 0.002125, "fires": 1929, "prior_lr_before": 0.0085, "prior_lr_after": 0.00425}
{"event": "g_lr_apply", "armed": true, "update_index": 3130, "g_lr_before": 0.00425, "g_lr_after": 0.002125, "fires": 1930, "prior_lr_before": 0.0085, "prior_lr_after": 0.00425}
{"event": "g_lr_apply", "armed": true, "update_index": 3131, "g_lr_before": 0.00425, "g_lr_after": 0.002125, "fires": 1931, "prior_lr_before": 0.0085, "prior_lr_after": 0.00425}
{"event": "g_lr_apply", "armed": true, "update_index": 3132, "g_lr_before": 0.00425, "g_lr_after": 0.002125, "fires": 1932, "prior_lr_before": 0.0085, "prior_lr_after": 0.00425}
{"event": "g_lr_apply", "armed": true, "update_index": 3133, "g_lr_before": 0.00425, "g_lr_after": 0.002125, "fires": 1933, "prior_lr_before": 0.0085, "prior_lr_after": 0.00425}
{"event": "g_lr_apply", "armed": true, "update_index": 3134, "g_lr_before": 0.00425, "g_lr_after": 0.002125, "fires": 1934, "prior_lr_before": 0.0085, "prior_lr_after": 0.00425}
{"event": "g_lr_apply", "armed": true, "update_index": 3135, "g_lr_before": 0.00425, "g_lr_after": 0.002125, "fires": 1935, "prior_lr_before": 0.0085, "prior_lr_after": 0.00425}
{"event": "g_lr_apply", "armed": true, "update_index": 3136, "g_lr_before": 0.00425, "g_lr_after": 0.002125, "fires": 1936, "prior_lr_before": 0.0085, "prior_lr_after": 0.00425}
{"event": "g_lr_apply", "armed": true, "update_index": 3137, "g_lr_before": 0.00425, "g_lr_after": 0.002125, "fires": 1937, "prior_lr_before": 0.0085, "prior_lr_after": 0.00425}
{"event": "g_lr_apply", "armed": true, "update_index": 3138, "g_lr_before": 0.00425, "g_lr_after": 0.002125, "fires": 1938, "prior_lr_before": 0.0085, "prior_lr_after": 0.00425}
{"event": "g_lr_apply", "armed": true, "update_index": 3139, "g_lr_before": 0.00425, "g_lr_after": 0.002125, "fires": 1939, "prior_lr_before": 0.0085, "prior_lr_after": 0.00425}
{"event": "g_lr_apply", "armed": true, "update_index": 3140, "g_lr_before": 0.00425, "g_lr_after": 0.002125, "fires": 1940, "prior_lr_before": 0.0085, "prior_lr_after": 0.00425}
{"event": "g_lr_apply", "armed": true, "update_index": 3141, "g_lr_before": 0.00425, "g_lr_after": 0.002125, "fires": 1941, "prior_lr_before": 0.0085, "prior_lr_after": 0.00425}
{"event": "g_lr_apply", "armed": true, "update_index": 3142, "g_lr_before": 0.00425, "g_lr_after": 0.002125, "fires": 1942, "prior_lr_before": 0.0085, "prior_lr_after": 0.00425}
{"event": "g_lr_apply", "armed": true, "update_index": 3143, "g_lr_before": 0.00425, "g_lr_after": 0.002125, "fires": 1943, "prior_lr_before": 0.0085, "prior_lr_after": 0.00425}
{"event": "g_lr_apply", "armed": true, "update_index": 3144, "g_lr_before": 0.00425, "g_lr_after": 0.002125, "fires": 1944, "prior_lr_before": 0.0085, "prior_lr_after": 0.00425}
{"event": "g_lr_apply", "armed": true, "update_index": 3145, "g_lr_before": 0.00425, "g_lr_after": 0.002125, "fires": 1945, "prior_lr_before": 0.0085, "prior_lr_after": 0.00425}
{"event": "g_lr_apply", "armed": true, "update_index": 3146, "g_lr_before": 0.00425, "g_lr_after": 0.002125, "fires": 1946, "prior_lr_before": 0.0085, "prior_lr_after": 0.00425}
{"event": "g_lr_apply", "armed": true, "update_index": 3147, "g_lr_before": 0.00425, "g_lr_after": 0.002125, "fires": 1947, "prior_lr_before": 0.0085, "prior_lr_after": 0.00425}
{"event": "g_lr_apply", "armed": true, "update_index": 3148, "g_lr_before": 0.00425, "g_lr_after": 0.002125, "fires": 1948, "prior_lr_before": 0.0085, "prior_lr_after": 0.00425}
{"event": "g_lr_apply", "armed": true, "update_index": 3149, "g_lr_before": 0.00425, "g_lr_after": 0.002125, "fires": 1949, "prior_lr_before": 0.0085, "prior_lr_after": 0.00425}
{"event": "g_lr_apply", "armed": true, "update_index": 3150, "g_lr_before": 0.00425, "g_lr_after": 0.002125, "fires": 1950, "prior_lr_before": 0.0085, "prior_lr_after": 0.00425}
{"event": "g_lr_apply", "armed": true, "update_index": 3151, "g_lr_before": 0.00425, "g_lr_after": 0.002125, "fires": 1951, "prior_lr_before": 0.0085, "prior_lr_after": 0.00425}
{"event": "g_lr_apply", "armed": true, "update_index": 3152, "g_lr_before": 0.00425, "g_lr_after": 0.002125, "fires": 1952, "prior_lr_before": 0.0085, "prior_lr_after": 0.00425}
{"event": "g_lr_apply", "armed": true, "update_index": 3153, "g_lr_before": 0.00425, "g_lr_after": 0.002125, "fires": 1953, "prior_lr_before": 0.0085, "prior_lr_after": 0.00425}
{"event": "g_lr_apply", "armed": true, "update_index": 3154, "g_lr_before": 0.00425, "g_lr_after": 0.002125, "fires": 1954, "prior_lr_before": 0.0085, "prior_lr_after": 0.00425}
{"event": "g_lr_apply", "armed": true, "update_index": 3155, "g_lr_before": 0.00425, "g_lr_after": 0.002125, "fires": 1955, "prior_lr_before": 0.0085, "prior_lr_after": 0.00425}
{"event": "g_lr_apply", "armed": true, "update_index": 3156, "g_lr_before": 0.00425, "g_lr_after": 0.002125, "fires": 1956, "prior_lr_before": 0.0085, "prior_lr_after": 0.00425}
{"event": "g_lr_apply", "armed": true, "update_index": 3157, "g_lr_before": 0.00425, "g_lr_after": 0.002125, "fires": 1957, "prior_lr_before": 0.0085, "prior_lr_after": 0.00425}
{"event": "g_lr_apply", "armed": true, "update_index": 3158, "g_lr_before": 0.00425, "g_lr_after": 0.002125, "fires": 1958, "prior_lr_before": 0.0085, "prior_lr_after": 0.00425}
{"event": "g_lr_apply", "armed": true, "update_index": 3159, "g_lr_before": 0.00425, "g_lr_after": 0.002125, "fires": 1959, "prior_lr_before": 0.0085, "prior_lr_after": 0.00425}
{"event": "g_lr_apply", "armed": true, "update_index": 3160, "g_lr_before": 0.00425, "g_lr_after": 0.002125, "fires": 1960, "prior_lr_before": 0.0085, "prior_lr_after": 0.00425}
{"event": "g_lr_apply", "armed": true, "update_index": 3161, "g_lr_before": 0.00425, "g_lr_after": 0.002125, "fires": 1961, "prior_lr_before": 0.0085, "prior_lr_after": 0.00425}
{"event": "g_lr_apply", "armed": true, "update_index": 3162, "g_lr_before": 0.00425, "g_lr_after": 0.002125, "fires": 1962, "prior_lr_before": 0.0085, "prior_lr_after": 0.00425}
{"event": "g_lr_apply", "armed": true, "update_index": 3163, "g_lr_before": 0.00425, "g_lr_after": 0.002125, "fires": 1963, "prior_lr_before": 0.0085, "prior_lr_after": 0.00425}
{"event": "g_lr_apply", "armed": true, "update_index": 3164, "g_lr_before": 0.00425, "g_lr_after": 0.002125, "fires": 1964, "prior_lr_before": 0.0085, "prior_lr_after": 0.00425}
{"event": "g_lr_apply", "armed": true, "update_index": 3165, "g_lr_before": 0.00425, "g_lr_after": 0.002125, "fires": 1965, "prior_lr_before": 0.0085, "prior_lr_after": 0.00425}
{"event": "g_lr_apply", "armed": true, "update_index": 3166, "g_lr_before": 0.00425, "g_lr_after": 0.002125, "fires": 1966, "prior_lr_before": 0.0085, "prior_lr_after": 0.00425}
{"event": "g_lr_apply", "armed": true, "update_index": 3167, "g_lr_before": 0.00425, "g_lr_after": 0.002125, "fires": 1967, "prior_lr_before": 0.0085, "prior_lr_after": 0.00425}
{"event": "g_lr_apply", "armed": true, "update_index": 3168, "g_lr_before": 0.00425, "g_lr_after": 0.002125, "fires": 1968, "prior_lr_before": 0.0085, "prior_lr_after": 0.00425}
{"event": "g_lr_apply", "armed": true, "update_index": 3169, "g_lr_before": 0.00425, "g_lr_after": 0.002125, "fires": 1969, "prior_lr_before": 0.0085, "prior_lr_after": 0.00425}
{"event": "g_lr_apply", "armed": true, "update_index": 3170, "g_lr_before": 0.00425, "g_lr_after": 0.002125, "fires": 1970, "prior_lr_before": 0.0085, "prior_lr_after": 0.00425}
{"event": "g_lr_apply", "armed": true, "update_index": 3171, "g_lr_before": 0.00425, "g_lr_after": 0.002125, "fires": 1971, "prior_lr_before": 0.0085, "prior_lr_after": 0.00425}
{"event": "g_lr_apply", "armed": true, "update_index": 3172, "g_lr_before": 0.00425, "g_lr_after": 0.002125, "fires": 1972, "prior_lr_before": 0.0085, "prior_lr_after": 0.00425}
{"event": "g_lr_apply", "armed": true, "update_index": 3173, "g_lr_before": 0.00425, "g_lr_after": 0.002125, "fires": 1973, "prior_lr_before": 0.0085, "prior_lr_after": 0.00425}
{"event": "g_lr_apply", "armed": true, "update_index": 3174, "g_lr_before": 0.00425, "g_lr_after": 0.002125, "fires": 1974, "prior_lr_before": 0.0085, "prior_lr_after": 0.00425}
{"event": "g_lr_apply", "armed": true, "update_index": 3175, "g_lr_before": 0.00425, "g_lr_after": 0.002125, "fires": 1975, "prior_lr_before": 0.0085, "prior_lr_after": 0.00425}
{"event": "g_lr_apply", "armed": true, "update_index": 3176, "g_lr_before": 0.00425, "g_lr_after": 0.002125, "fires": 1976, "prior_lr_before": 0.0085, "prior_lr_after": 0.00425}
{"event": "g_lr_apply", "armed": true, "update_index": 3177, "g_lr_before": 0.00425, "g_lr_after": 0.002125, "fires": 1977, "prior_lr_before": 0.0085, "prior_lr_after": 0.00425}
{"event": "g_lr_apply", "armed": true, "update_index": 3178, "g_lr_before": 0.00425, "g_lr_after": 0.002125, "fires": 1978, "prior_lr_before": 0.0085, "prior_lr_after": 0.00425}
{"event": "g_lr_apply", "armed": true, "update_index": 3179, "g_lr_before": 0.00425, "g_lr_after": 0.002125, "fires": 1979, "prior_lr_before": 0.0085, "prior_lr_after": 0.00425}
{"event": "g_lr_apply", "armed": true, "update_index": 3180, "g_lr_before": 0.00425, "g_lr_after": 0.002125, "fires": 1980, "prior_lr_before": 0.0085, "prior_lr_after": 0.00425}
{"event": "g_lr_apply", "armed": true, "update_index": 3181, "g_lr_before": 0.00425, "g_lr_after": 0.002125, "fires": 1981, "prior_lr_before": 0.0085, "prior_lr_after": 0.00425}
{"event": "g_lr_apply", "armed": true, "update_index": 3182, "g_lr_before": 0.00425, "g_lr_after": 0.002125, "fires": 1982, "prior_lr_before": 0.0085, "prior_lr_after": 0.00425}
{"event": "g_lr_apply", "armed": true, "update_index": 3183, "g_lr_before": 0.00425, "g_lr_after": 0.002125, "fires": 1983, "prior_lr_before": 0.0085, "prior_lr_after": 0.00425}
{"event": "g_lr_apply", "armed": true, "update_index": 3184, "g_lr_before": 0.00425, "g_lr_after": 0.002125, "fires": 1984, "prior_lr_before": 0.0085, "prior_lr_after": 0.00425}
{"event": "g_lr_apply", "armed": true, "update_index": 3185, "g_lr_before": 0.00425, "g_lr_after": 0.002125, "fires": 1985, "prior_lr_before": 0.0085, "prior_lr_after": 0.00425}
{"event": "g_lr_apply", "armed": true, "update_index": 3186, "g_lr_before": 0.00425, "g_lr_after": 0.002125, "fires": 1986, "prior_lr_before": 0.0085, "prior_lr_after": 0.00425}
{"event": "g_lr_apply", "armed": true, "update_index": 3187, "g_lr_before": 0.00425, "g_lr_after": 0.002125, "fires": 1987, "prior_lr_before": 0.0085, "prior_lr_after": 0.00425}
{"event": "g_lr_apply", "armed": true, "update_index": 3188, "g_lr_before": 0.00425, "g_lr_after": 0.002125, "fires": 1988, "prior_lr_before": 0.0085, "prior_lr_after": 0.00425}
{"event": "g_lr_apply", "armed": true, "update_index": 3189, "g_lr_before": 0.00425, "g_lr_after": 0.002125, "fires": 1989, "prior_lr_before": 0.0085, "prior_lr_after": 0.00425}
{"event": "g_lr_apply", "armed": true, "update_index": 3190, "g_lr_before": 0.00425, "g_lr_after": 0.002125, "fires": 1990, "prior_lr_before": 0.0085, "prior_lr_after": 0.00425}
{"event": "g_lr_apply", "armed": true, "update_index": 3191, "g_lr_before": 0.00425, "g_lr_after": 0.002125, "fires": 1991, "prior_lr_before": 0.0085, "prior_lr_after": 0.00425}
{"event": "g_lr_apply", "armed": true, "update_index": 3192, "g_lr_before": 0.00425, "g_lr_after": 0.002125, "fires": 1992, "prior_lr_before": 0.0085, "prior_lr_after": 0.00425}
{"event": "g_lr_apply", "armed": true, "update_index": 3193, "g_lr_before": 0.00425, "g_lr_after": 0.002125, "fires": 1993, "prior_lr_before": 0.0085, "prior_lr_after": 0.00425}
{"event": "g_lr_apply", "armed": true, "update_index": 3194, "g_lr_before": 0.00425, "g_lr_after": 0.002125, "fires": 1994, "prior_lr_before": 0.0085, "prior_lr_after": 0.00425}
{"event": "g_lr_apply", "armed": true, "update_index": 3195, "g_lr_before": 0.00425, "g_lr_after": 0.002125, "fires": 1995, "prior_lr_before": 0.0085, "prior_lr_after": 0.00425}
{"event": "g_lr_apply", "armed": true, "update_index": 3196, "g_lr_before": 0.00425, "g_lr_after": 0.002125, "fires": 1996, "prior_lr_before": 0.0085, "prior_lr_after": 0.00425}
{"event": "g_lr_apply", "armed": true, "update_index": 3197, "g_lr_before": 0.00425, "g_lr_after": 0.002125, "fires": 1997, "prior_lr_before": 0.0085, "prior_lr_after": 0.00425}
{"event": "g_lr_apply", "armed": true, "update_index": 3198, "g_lr_before": 0.00425, "g_lr_after": 0.002125, "fires": 1998, "prior_lr_before": 0.0085, "prior_lr_after": 0.00425}
{"event": "g_lr_apply", "armed": true, "update_index": 3199, "g_lr_before": 0.00425, "g_lr_after": 0.002125, "fires": 1999, "prior_lr_before": 0.0085, "prior_lr_after": 0.00425}
{"event": "g_lr_apply", "armed": true, "update_index": 3200, "g_lr_before": 0.00425, "g_lr_after": 0.002125, "fires": 2000, "prior_lr_before": 0.0085, "prior_lr_after": 0.00425}
{"event": "g_lr_apply", "armed": true, "update_index": 3201, "g_lr_before": 0.00425, "g_lr_after": 0.002125, "fires": 2001, "prior_lr_before": 0.0085, "prior_lr_after": 0.00425}
{"event": "g_lr_apply", "armed": true, "update_index": 3202, "g_lr_before": 0.00425, "g_lr_after": 0.002125, "fires": 2002, "prior_lr_before": 0.0085, "prior_lr_after": 0.00425}
{"event": "g_lr_apply", "armed": true, "update_index": 3203, "g_lr_before": 0.00425, "g_lr_after": 0.002125, "fires": 2003, "prior_lr_before": 0.0085, "prior_lr_after": 0.00425}
{"event": "g_lr_apply", "armed": true, "update_index": 3204, "g_lr_before": 0.00425, "g_lr_after": 0.002125, "fires": 2004, "prior_lr_before": 0.0085, "prior_lr_after": 0.00425}
{"event": "g_lr_apply", "armed": true, "update_index": 3205, "g_lr_before": 0.00425, "g_lr_after": 0.002125, "fires": 2005, "prior_lr_before": 0.0085, "prior_lr_after": 0.00425}
{"event": "g_lr_apply", "armed": true, "update_index": 3206, "g_lr_before": 0.00425, "g_lr_after": 0.002125, "fires": 2006, "prior_lr_before": 0.0085, "prior_lr_after": 0.00425}
{"event": "g_lr_apply", "armed": true, "update_index": 3207, "g_lr_before": 0.00425, "g_lr_after": 0.002125, "fires": 2007, "prior_lr_before": 0.0085, "prior_lr_after": 0.00425}
{"event": "g_lr_apply", "armed": true, "update_index": 3208, "g_lr_before": 0.00425, "g_lr_after": 0.002125, "fires": 2008, "prior_lr_before": 0.0085, "prior_lr_after": 0.00425}
{"event": "g_lr_apply", "armed": true, "update_index": 3209, "g_lr_before": 0.00425, "g_lr_after": 0.002125, "fires": 2009, "prior_lr_before": 0.0085, "prior_lr_after": 0.00425}
{"event": "g_lr_apply", "armed": true, "update_index": 3210, "g_lr_before": 0.00425, "g_lr_after": 0.002125, "fires": 2010, "prior_lr_before": 0.0085, "prior_lr_after": 0.00425}
{"event": "g_lr_apply", "armed": true, "update_index": 3211, "g_lr_before": 0.00425, "g_lr_after": 0.002125, "fires": 2011, "prior_lr_before": 0.0085, "prior_lr_after": 0.00425}
{"event": "g_lr_apply", "armed": true, "update_index": 3212, "g_lr_before": 0.00425, "g_lr_after": 0.002125, "fires": 2012, "prior_lr_before": 0.0085, "prior_lr_after": 0.00425}
{"event": "g_lr_apply", "armed": true, "update_index": 3213, "g_lr_before": 0.00425, "g_lr_after": 0.002125, "fires": 2013, "prior_lr_before": 0.0085, "prior_lr_after": 0.00425}
{"event": "g_lr_apply", "armed": true, "update_index": 3214, "g_lr_before": 0.00425, "g_lr_after": 0.002125, "fires": 2014, "prior_lr_before": 0.0085, "prior_lr_after": 0.00425}
{"event": "g_lr_apply", "armed": true, "update_index": 3215, "g_lr_before": 0.00425, "g_lr_after": 0.002125, "fires": 2015, "prior_lr_before": 0.0085, "prior_lr_after": 0.00425}
{"event": "g_lr_apply", "armed": true, "update_index": 3216, "g_lr_before": 0.00425, "g_lr_after": 0.002125, "fires": 2016, "prior_lr_before": 0.0085, "prior_lr_after": 0.00425}
{"event": "g_lr_apply", "armed": true, "update_index": 3217, "g_lr_before": 0.00425, "g_lr_after": 0.002125, "fires": 2017, "prior_lr_before": 0.0085, "prior_lr_after": 0.00425}
{"event": "g_lr_apply", "armed": true, "update_index": 3218, "g_lr_before": 0.00425, "g_lr_after": 0.002125, "fires": 2018, "prior_lr_before": 0.0085, "prior_lr_after": 0.00425}
{"event": "g_lr_apply", "armed": true, "update_index": 3219, "g_lr_before": 0.00425, "g_lr_after": 0.002125, "fires": 2019, "prior_lr_before": 0.0085, "prior_lr_after": 0.00425}
{"event": "g_lr_apply", "armed": true, "update_index": 3220, "g_lr_before": 0.00425, "g_lr_after": 0.002125, "fires": 2020, "prior_lr_before": 0.0085, "prior_lr_after": 0.00425}
{"event": "g_lr_apply", "armed": true, "update_index": 3221, "g_lr_before": 0.00425, "g_lr_after": 0.002125, "fires": 2021, "prior_lr_before": 0.0085, "prior_lr_after": 0.00425}
{"event": "g_lr_apply", "armed": true, "update_index": 3222, "g_lr_before": 0.00425, "g_lr_after": 0.002125, "fires": 2022, "prior_lr_before": 0.0085, "prior_lr_after": 0.00425}
{"event": "g_lr_apply", "armed": true, "update_index": 3223, "g_lr_before": 0.00425, "g_lr_after": 0.002125, "fires": 2023, "prior_lr_before": 0.0085, "prior_lr_after": 0.00425}
{"event": "g_lr_apply", "armed": true, "update_index": 3224, "g_lr_before": 0.00425, "g_lr_after": 0.002125, "fires": 2024, "prior_lr_before": 0.0085, "prior_lr_after": 0.00425}
{"event": "g_lr_apply", "armed": true, "update_index": 3225, "g_lr_before": 0.00425, "g_lr_after": 0.002125, "fires": 2025, "prior_lr_before": 0.0085, "prior_lr_after": 0.00425}
{"event": "g_lr_apply", "armed": true, "update_index": 3226, "g_lr_before": 0.00425, "g_lr_after": 0.002125, "fires": 2026, "prior_lr_before": 0.0085, "prior_lr_after": 0.00425}
{"event": "g_lr_apply", "armed": true, "update_index": 3227, "g_lr_before": 0.00425, "g_lr_after": 0.002125, "fires": 2027, "prior_lr_before": 0.0085, "prior_lr_after": 0.00425}
{"event": "g_lr_apply", "armed": true, "update_index": 3228, "g_lr_before": 0.00425, "g_lr_after": 0.002125, "fires": 2028, "prior_lr_before": 0.0085, "prior_lr_after": 0.00425}
{"event": "g_lr_apply", "armed": true, "update_index": 3229, "g_lr_before": 0.00425, "g_lr_after": 0.002125, "fires": 2029, "prior_lr_before": 0.0085, "prior_lr_after": 0.00425}
{"event": "g_lr_apply", "armed": true, "update_index": 3230, "g_lr_before": 0.00425, "g_lr_after": 0.002125, "fires": 2030, "prior_lr_before": 0.0085, "prior_lr_after": 0.00425}
{"event": "g_lr_apply", "armed": true, "update_index": 3231, "g_lr_before": 0.00425, "g_lr_after": 0.002125, "fires": 2031, "prior_lr_before": 0.0085, "prior_lr_after": 0.00425}
{"event": "g_lr_apply", "armed": true, "update_index": 3232, "g_lr_before": 0.00425, "g_lr_after": 0.002125, "fires": 2032, "prior_lr_before": 0.0085, "prior_lr_after": 0.00425}
{"event": "g_lr_apply", "armed": true, "update_index": 3233, "g_lr_before": 0.00425, "g_lr_after": 0.002125, "fires": 2033, "prior_lr_before": 0.0085, "prior_lr_after": 0.00425}
{"event": "g_lr_apply", "armed": true, "update_index": 3234, "g_lr_before": 0.00425, "g_lr_after": 0.002125, "fires": 2034, "prior_lr_before": 0.0085, "prior_lr_after": 0.00425}
{"event": "g_lr_apply", "armed": true, "update_index": 3235, "g_lr_before": 0.00425, "g_lr_after": 0.002125, "fires": 2035, "prior_lr_before": 0.0085, "prior_lr_after": 0.00425}
{"event": "g_lr_apply", "armed": true, "update_index": 3236, "g_lr_before": 0.00425, "g_lr_after": 0.002125, "fires": 2036, "prior_lr_before": 0.0085, "prior_lr_after": 0.00425}
{"event": "g_lr_apply", "armed": true, "update_index": 3237, "g_lr_before": 0.00425, "g_lr_after": 0.002125, "fires": 2037, "prior_lr_before": 0.0085, "prior_lr_after": 0.00425}
{"event": "g_lr_apply", "armed": true, "update_index": 3238, "g_lr_before": 0.00425, "g_lr_after": 0.002125, "fires": 2038, "prior_lr_before": 0.0085, "prior_lr_after": 0.00425}
{"event": "g_lr_apply", "armed": true, "update_index": 3239, "g_lr_before": 0.00425, "g_lr_after": 0.002125, "fires": 2039, "prior_lr_before": 0.0085, "prior_lr_after": 0.00425}
{"event": "g_lr_apply", "armed": true, "update_index": 3240, "g_lr_before": 0.00425, "g_lr_after": 0.002125, "fires": 2040, "prior_lr_before": 0.0085, "prior_lr_after": 0.00425}
{"event": "g_lr_apply", "armed": true, "update_index": 3241, "g_lr_before": 0.00425, "g_lr_after": 0.002125, "fires": 2041, "prior_lr_before": 0.0085, "prior_lr_after": 0.00425}
{"event": "g_lr_apply", "armed": true, "update_index": 3242, "g_lr_before": 0.00425, "g_lr_after": 0.002125, "fires": 2042, "prior_lr_before": 0.0085, "prior_lr_after": 0.00425}
{"event": "g_lr_apply", "armed": true, "update_index": 3243, "g_lr_before": 0.00425, "g_lr_after": 0.002125, "fires": 2043, "prior_lr_before": 0.0085, "prior_lr_after": 0.00425}
{"event": "g_lr_apply", "armed": true, "update_index": 3244, "g_lr_before": 0.00425, "g_lr_after": 0.002125, "fires": 2044, "prior_lr_before": 0.0085, "prior_lr_after": 0.00425}
{"event": "g_lr_apply", "armed": true, "update_index": 3245, "g_lr_before": 0.00425, "g_lr_after": 0.002125, "fires": 2045, "prior_lr_before": 0.0085, "prior_lr_after": 0.00425}
{"event": "g_lr_apply", "armed": true, "update_index": 3246, "g_lr_before": 0.00425, "g_lr_after": 0.002125, "fires": 2046, "prior_lr_before": 0.0085, "prior_lr_after": 0.00425}
{"event": "g_lr_apply", "armed": true, "update_index": 3247, "g_lr_before": 0.00425, "g_lr_after": 0.002125, "fires": 2047, "prior_lr_before": 0.0085, "prior_lr_after": 0.00425}
{"event": "g_lr_apply", "armed": true, "update_index": 3248, "g_lr_before": 0.00425, "g_lr_after": 0.002125, "fires": 2048, "prior_lr_before": 0.0085, "prior_lr_after": 0.00425}
{"event": "g_lr_apply", "armed": true, "update_index": 3249, "g_lr_before": 0.00425, "g_lr_after": 0.002125, "fires": 2049, "prior_lr_before": 0.0085, "prior_lr_after": 0.00425}
{"event": "g_lr_apply", "armed": true, "update_index": 3250, "g_lr_before": 0.00425, "g_lr_after": 0.002125, "fires": 2050, "prior_lr_before": 0.0085, "prior_lr_after": 0.00425}
{"event": "g_lr_apply", "armed": true, "update_index": 3251, "g_lr_before": 0.00425, "g_lr_after": 0.002125, "fires": 2051, "prior_lr_before": 0.0085, "prior_lr_after": 0.00425}
{"event": "g_lr_apply", "armed": true, "update_index": 3252, "g_lr_before": 0.00425, "g_lr_after": 0.002125, "fires": 2052, "prior_lr_before": 0.0085, "prior_lr_after": 0.00425}
{"event": "g_lr_apply", "armed": true, "update_index": 3253, "g_lr_before": 0.00425, "g_lr_after": 0.002125, "fires": 2053, "prior_lr_before": 0.0085, "prior_lr_after": 0.00425}
{"event": "g_lr_apply", "armed": true, "update_index": 3254, "g_lr_before": 0.00425, "g_lr_after": 0.002125, "fires": 2054, "prior_lr_before": 0.0085, "prior_lr_after": 0.00425}
{"event": "g_lr_apply", "armed": true, "update_index": 3255, "g_lr_before": 0.00425, "g_lr_after": 0.002125, "fires": 2055, "prior_lr_before": 0.0085, "prior_lr_after": 0.00425}
{"event": "g_lr_apply", "armed": true, "update_index": 3256, "g_lr_before": 0.00425, "g_lr_after": 0.002125, "fires": 2056, "prior_lr_before": 0.0085, "prior_lr_after": 0.00425}
{"event": "g_lr_apply", "armed": true, "update_index": 3257, "g_lr_before": 0.00425, "g_lr_after": 0.002125, "fires": 2057, "prior_lr_before": 0.0085, "prior_lr_after": 0.00425}
{"event": "g_lr_apply", "armed": true, "update_index": 3258, "g_lr_before": 0.00425, "g_lr_after": 0.002125, "fires": 2058, "prior_lr_before": 0.0085, "prior_lr_after": 0.00425}
{"event": "g_lr_apply", "armed": true, "update_index": 3259, "g_lr_before": 0.00425, "g_lr_after": 0.002125, "fires": 2059, "prior_lr_before": 0.0085, "prior_lr_after": 0.00425}
{"event": "g_lr_apply", "armed": true, "update_index": 3260, "g_lr_before": 0.00425, "g_lr_after": 0.002125, "fires": 2060, "prior_lr_before": 0.0085, "prior_lr_after": 0.00425}
{"event": "g_lr_apply", "armed": true, "update_index": 3261, "g_lr_before": 0.00425, "g_lr_after": 0.002125, "fires": 2061, "prior_lr_before": 0.0085, "prior_lr_after": 0.00425}
{"event": "g_lr_apply", "armed": true, "update_index": 3262, "g_lr_before": 0.00425, "g_lr_after": 0.002125, "fires": 2062, "prior_lr_before": 0.0085, "prior_lr_after": 0.00425}
{"event": "g_lr_apply", "armed": true, "update_index": 3263, "g_lr_before": 0.00425, "g_lr_after": 0.002125, "fires": 2063, "prior_lr_before": 0.0085, "prior_lr_after": 0.00425}
{"event": "g_lr_apply", "armed": true, "update_index": 3264, "g_lr_before": 0.00425, "g_lr_after": 0.002125, "fires": 2064, "prior_lr_before": 0.0085, "prior_lr_after": 0.00425}
{"event": "g_lr_apply", "armed": true, "update_index": 3265, "g_lr_before": 0.00425, "g_lr_after": 0.002125, "fires": 2065, "prior_lr_before": 0.0085, "prior_lr_after": 0.00425}
{"event": "g_lr_apply", "armed": true, "update_index": 3266, "g_lr_before": 0.00425, "g_lr_after": 0.002125, "fires": 2066, "prior_lr_before": 0.0085, "prior_lr_after": 0.00425}
{"event": "g_lr_apply", "armed": true, "update_index": 3267, "g_lr_before": 0.00425, "g_lr_after": 0.002125, "fires": 2067, "prior_lr_before": 0.0085, "prior_lr_after": 0.00425}
{"event": "g_lr_apply", "armed": true, "update_index": 3268, "g_lr_before": 0.00425, "g_lr_after": 0.002125, "fires": 2068, "prior_lr_before": 0.0085, "prior_lr_after": 0.00425}
{"event": "g_lr_apply", "armed": true, "update_index": 3269, "g_lr_before": 0.00425, "g_lr_after": 0.002125, "fires": 2069, "prior_lr_before": 0.0085, "prior_lr_after": 0.00425}
{"event": "g_lr_apply", "armed": true, "update_index": 3270, "g_lr_before": 0.00425, "g_lr_after": 0.002125, "fires": 2070, "prior_lr_before": 0.0085, "prior_lr_after": 0.00425}
{"event": "g_lr_apply", "armed": true, "update_index": 3271, "g_lr_before": 0.00425, "g_lr_after": 0.002125, "fires": 2071, "prior_lr_before": 0.0085, "prior_lr_after": 0.00425}
{"event": "g_lr_apply", "armed": true, "update_index": 3272, "g_lr_before": 0.00425, "g_lr_after": 0.002125, "fires": 2072, "prior_lr_before": 0.0085, "prior_lr_after": 0.00425}
{"event": "g_lr_apply", "armed": true, "update_index": 3273, "g_lr_before": 0.00425, "g_lr_after": 0.002125, "fires": 2073, "prior_lr_before": 0.0085, "prior_lr_after": 0.00425}
{"event": "g_lr_apply", "armed": true, "update_index": 3274, "g_lr_before": 0.00425, "g_lr_after": 0.002125, "fires": 2074, "prior_lr_before": 0.0085, "prior_lr_after": 0.00425}
{"event": "g_lr_apply", "armed": true, "update_index": 3275, "g_lr_before": 0.00425, "g_lr_after": 0.002125, "fires": 2075, "prior_lr_before": 0.0085, "prior_lr_after": 0.00425}
{"event": "g_lr_apply", "armed": true, "update_index": 3276, "g_lr_before": 0.00425, "g_lr_after": 0.002125, "fires": 2076, "prior_lr_before": 0.0085, "prior_lr_after": 0.00425}
{"event": "g_lr_apply", "armed": true, "update_index": 3277, "g_lr_before": 0.00425, "g_lr_after": 0.002125, "fires": 2077, "prior_lr_before": 0.0085, "prior_lr_after": 0.00425}
{"event": "g_lr_apply", "armed": true, "update_index": 3278, "g_lr_before": 0.00425, "g_lr_after": 0.002125, "fires": 2078, "prior_lr_before": 0.0085, "prior_lr_after": 0.00425}
{"event": "g_lr_apply", "armed": true, "update_index": 3279, "g_lr_before": 0.00425, "g_lr_after": 0.002125, "fires": 2079, "prior_lr_before": 0.0085, "prior_lr_after": 0.00425}
{"event": "g_lr_apply", "armed": true, "update_index": 3280, "g_lr_before": 0.00425, "g_lr_after": 0.002125, "fires": 2080, "prior_lr_before": 0.0085, "prior_lr_after": 0.00425}
{"event": "g_lr_apply", "armed": true, "update_index": 3281, "g_lr_before": 0.00425, "g_lr_after": 0.002125, "fires": 2081, "prior_lr_before": 0.0085, "prior_lr_after": 0.00425}
{"event": "g_lr_apply", "armed": true, "update_index": 3282, "g_lr_before": 0.00425, "g_lr_after": 0.002125, "fires": 2082, "prior_lr_before": 0.0085, "prior_lr_after": 0.00425}
{"event": "g_lr_apply", "armed": true, "update_index": 3283, "g_lr_before": 0.00425, "g_lr_after": 0.002125, "fires": 2083, "prior_lr_before": 0.0085, "prior_lr_after": 0.00425}
{"event": "g_lr_apply", "armed": true, "update_index": 3284, "g_lr_before": 0.00425, "g_lr_after": 0.002125, "fires": 2084, "prior_lr_before": 0.0085, "prior_lr_after": 0.00425}
{"event": "g_lr_apply", "armed": true, "update_index": 3285, "g_lr_before": 0.00425, "g_lr_after": 0.002125, "fires": 2085, "prior_lr_before": 0.0085, "prior_lr_after": 0.00425}
{"event": "g_lr_apply", "armed": true, "update_index": 3286, "g_lr_before": 0.00425, "g_lr_after": 0.002125, "fires": 2086, "prior_lr_before": 0.0085, "prior_lr_after": 0.00425}
{"event": "g_lr_apply", "armed": true, "update_index": 3287, "g_lr_before": 0.00425, "g_lr_after": 0.002125, "fires": 2087, "prior_lr_before": 0.0085, "prior_lr_after": 0.00425}
{"event": "g_lr_apply", "armed": true, "update_index": 3288, "g_lr_before": 0.00425, "g_lr_after": 0.002125, "fires": 2088, "prior_lr_before": 0.0085, "prior_lr_after": 0.00425}
{"event": "g_lr_apply", "armed": true, "update_index": 3289, "g_lr_before": 0.00425, "g_lr_after": 0.002125, "fires": 2089, "prior_lr_before": 0.0085, "prior_lr_after": 0.00425}
{"event": "g_lr_apply", "armed": true, "update_index": 3290, "g_lr_before": 0.00425, "g_lr_after": 0.002125, "fires": 2090, "prior_lr_before": 0.0085, "prior_lr_after": 0.00425}
{"event": "g_lr_apply", "armed": true, "update_index": 3291, "g_lr_before": 0.00425, "g_lr_after": 0.002125, "fires": 2091, "prior_lr_before": 0.0085, "prior_lr_after": 0.00425}
{"event": "g_lr_apply", "armed": true, "update_index": 3292, "g_lr_before": 0.00425, "g_lr_after": 0.002125, "fires": 2092, "prior_lr_before": 0.0085, "prior_lr_after": 0.00425}
{"event": "g_lr_apply", "armed": true, "update_index": 3293, "g_lr_before": 0.00425, "g_lr_after": 0.002125, "fires": 2093, "prior_lr_before": 0.0085, "prior_lr_after": 0.00425}
{"event": "g_lr_apply", "armed": true, "update_index": 3294, "g_lr_before": 0.00425, "g_lr_after": 0.002125, "fires": 2094, "prior_lr_before": 0.0085, "prior_lr_after": 0.00425}
{"event": "g_lr_apply", "armed": true, "update_index": 3295, "g_lr_before": 0.00425, "g_lr_after": 0.002125, "fires": 2095, "prior_lr_before": 0.0085, "prior_lr_after": 0.00425}
{"event": "g_lr_apply", "armed": true, "update_index": 3296, "g_lr_before": 0.00425, "g_lr_after": 0.002125, "fires": 2096, "prior_lr_before": 0.0085, "prior_lr_after": 0.00425}
{"event": "g_lr_apply", "armed": true, "update_index": 3297, "g_lr_before": 0.00425, "g_lr_after": 0.002125, "fires": 2097, "prior_lr_before": 0.0085, "prior_lr_after": 0.00425}
{"event": "g_lr_apply", "armed": true, "update_index": 3298, "g_lr_before": 0.00425, "g_lr_after": 0.002125, "fires": 2098, "prior_lr_before": 0.0085, "prior_lr_after": 0.00425}
{"event": "g_lr_apply", "armed": true, "update_index": 3299, "g_lr_before": 0.00425, "g_lr_after": 0.002125, "fires": 2099, "prior_lr_before": 0.0085, "prior_lr_after": 0.00425}
{"event": "g_lr_apply", "armed": true, "update_index": 3300, "g_lr_before": 0.00425, "g_lr_after": 0.002125, "fires": 2100, "prior_lr_before": 0.0085, "prior_lr_after": 0.00425}
{"event": "g_lr_apply", "armed": true, "update_index": 3301, "g_lr_before": 0.00425, "g_lr_after": 0.002125, "fires": 2101, "prior_lr_before": 0.0085, "prior_lr_after": 0.00425}
{"event": "g_lr_apply", "armed": true, "update_index": 3302, "g_lr_before": 0.00425, "g_lr_after": 0.002125, "fires": 2102, "prior_lr_before": 0.0085, "prior_lr_after": 0.00425}
{"event": "g_lr_apply", "armed": true, "update_index": 3303, "g_lr_before": 0.00425, "g_lr_after": 0.002125, "fires": 2103, "prior_lr_before": 0.0085, "prior_lr_after": 0.00425}
{"event": "g_lr_apply", "armed": true, "update_index": 3304, "g_lr_before": 0.00425, "g_lr_after": 0.002125, "fires": 2104, "prior_lr_before": 0.0085, "prior_lr_after": 0.00425}
{"event": "g_lr_apply", "armed": true, "update_index": 3305, "g_lr_before": 0.00425, "g_lr_after": 0.002125, "fires": 2105, "prior_lr_before": 0.0085, "prior_lr_after": 0.00425}
{"event": "g_lr_apply", "armed": true, "update_index": 3306, "g_lr_before": 0.00425, "g_lr_after": 0.002125, "fires": 2106, "prior_lr_before": 0.0085, "prior_lr_after": 0.00425}
{"event": "g_lr_apply", "armed": true, "update_index": 3307, "g_lr_before": 0.00425, "g_lr_after": 0.002125, "fires": 2107, "prior_lr_before": 0.0085, "prior_lr_after": 0.00425}
{"event": "g_lr_apply", "armed": true, "update_index": 3308, "g_lr_before": 0.00425, "g_lr_after": 0.002125, "fires": 2108, "prior_lr_before": 0.0085, "prior_lr_after": 0.00425}
{"event": "g_lr_apply", "armed": true, "update_index": 3309, "g_lr_before": 0.00425, "g_lr_after": 0.002125, "fires": 2109, "prior_lr_before": 0.0085, "prior_lr_after": 0.00425}
{"event": "g_lr_apply", "armed": true, "update_index": 3310, "g_lr_before": 0.00425, "g_lr_after": 0.002125, "fires": 2110, "prior_lr_before": 0.0085, "prior_lr_after": 0.00425}
{"event": "g_lr_apply", "armed": true, "update_index": 3311, "g_lr_before": 0.00425, "g_lr_after": 0.002125, "fires": 2111, "prior_lr_before": 0.0085, "prior_lr_after": 0.00425}
{"event": "g_lr_apply", "armed": true, "update_index": 3312, "g_lr_before": 0.00425, "g_lr_after": 0.002125, "fires": 2112, "prior_lr_before": 0.0085, "prior_lr_after": 0.00425}
{"event": "g_lr_apply", "armed": true, "update_index": 3313, "g_lr_before": 0.00425, "g_lr_after": 0.002125, "fires": 2113, "prior_lr_before": 0.0085, "prior_lr_after": 0.00425}
{"event": "g_lr_apply", "armed": true, "update_index": 3314, "g_lr_before": 0.00425, "g_lr_after": 0.002125, "fires": 2114, "prior_lr_before": 0.0085, "prior_lr_after": 0.00425}
{"event": "g_lr_apply", "armed": true, "update_index": 3315, "g_lr_before": 0.00425, "g_lr_after": 0.002125, "fires": 2115, "prior_lr_before": 0.0085, "prior_lr_after": 0.00425}
{"event": "g_lr_apply", "armed": true, "update_index": 3316, "g_lr_before": 0.00425, "g_lr_after": 0.002125, "fires": 2116, "prior_lr_before": 0.0085, "prior_lr_after": 0.00425}
{"event": "g_lr_apply", "armed": true, "update_index": 3317, "g_lr_before": 0.00425, "g_lr_after": 0.002125, "fires": 2117, "prior_lr_before": 0.0085, "prior_lr_after": 0.00425}
{"event": "g_lr_apply", "armed": true, "update_index": 3318, "g_lr_before": 0.00425, "g_lr_after": 0.002125, "fires": 2118, "prior_lr_before": 0.0085, "prior_lr_after": 0.00425}
{"event": "g_lr_apply", "armed": true, "update_index": 3319, "g_lr_before": 0.00425, "g_lr_after": 0.002125, "fires": 2119, "prior_lr_before": 0.0085, "prior_lr_after": 0.00425}
{"event": "g_lr_apply", "armed": true, "update_index": 3320, "g_lr_before": 0.00425, "g_lr_after": 0.002125, "fires": 2120, "prior_lr_before": 0.0085, "prior_lr_after": 0.00425}
{"event": "g_lr_apply", "armed": true, "update_index": 3321, "g_lr_before": 0.00425, "g_lr_after": 0.002125, "fires": 2121, "prior_lr_before": 0.0085, "prior_lr_after": 0.00425}
{"event": "g_lr_apply", "armed": true, "update_index": 3322, "g_lr_before": 0.00425, "g_lr_after": 0.002125, "fires": 2122, "prior_lr_before": 0.0085, "prior_lr_after": 0.00425}
{"event": "g_lr_apply", "armed": true, "update_index": 3323, "g_lr_before": 0.00425, "g_lr_after": 0.002125, "fires": 2123, "prior_lr_before": 0.0085, "prior_lr_after": 0.00425}
{"event": "g_lr_apply", "armed": true, "update_index": 3324, "g_lr_before": 0.00425, "g_lr_after": 0.002125, "fires": 2124, "prior_lr_before": 0.0085, "prior_lr_after": 0.00425}
{"event": "g_lr_apply", "armed": true, "update_index": 3325, "g_lr_before": 0.00425, "g_lr_after": 0.002125, "fires": 2125, "prior_lr_before": 0.0085, "prior_lr_after": 0.00425}
{"event": "g_lr_apply", "armed": true, "update_index": 3326, "g_lr_before": 0.00425, "g_lr_after": 0.002125, "fires": 2126, "prior_lr_before": 0.0085, "prior_lr_after": 0.00425}
{"event": "g_lr_apply", "armed": true, "update_index": 3327, "g_lr_before": 0.00425, "g_lr_after": 0.002125, "fires": 2127, "prior_lr_before": 0.0085, "prior_lr_after": 0.00425}
{"event": "g_lr_apply", "armed": true, "update_index": 3328, "g_lr_before": 0.00425, "g_lr_after": 0.002125, "fires": 2128, "prior_lr_before": 0.0085, "prior_lr_after": 0.00425}
{"event": "g_lr_apply", "armed": true, "update_index": 3329, "g_lr_before": 0.00425, "g_lr_after": 0.002125, "fires": 2129, "prior_lr_before": 0.0085, "prior_lr_after": 0.00425}
{"event": "g_lr_apply", "armed": true, "update_index": 3330, "g_lr_before": 0.00425, "g_lr_after": 0.002125, "fires": 2130, "prior_lr_before": 0.0085, "prior_lr_after": 0.00425}
{"event": "g_lr_apply", "armed": true, "update_index": 3331, "g_lr_before": 0.00425, "g_lr_after": 0.002125, "fires": 2131, "prior_lr_before": 0.0085, "prior_lr_after": 0.00425}
{"event": "g_lr_apply", "armed": true, "update_index": 3332, "g_lr_before": 0.00425, "g_lr_after": 0.002125, "fires": 2132, "prior_lr_before": 0.0085, "prior_lr_after": 0.00425}
{"event": "g_lr_apply", "armed": true, "update_index": 3333, "g_lr_before": 0.00425, "g_lr_after": 0.002125, "fires": 2133, "prior_lr_before": 0.0085, "prior_lr_after": 0.00425}
{"event": "g_lr_apply", "armed": true, "update_index": 3334, "g_lr_before": 0.00425, "g_lr_after": 0.002125, "fires": 2134, "prior_lr_before": 0.0085, "prior_lr_after": 0.00425}
{"event": "g_lr_apply", "armed": true, "update_index": 3335, "g_lr_before": 0.00425, "g_lr_after": 0.002125, "fires": 2135, "prior_lr_before": 0.0085, "prior_lr_after": 0.00425}
{"event": "g_lr_apply", "armed": true, "update_index": 3336, "g_lr_before": 0.00425, "g_lr_after": 0.002125, "fires": 2136, "prior_lr_before": 0.0085, "prior_lr_after": 0.00425}
{"event": "g_lr_apply", "armed": true, "update_index": 3337, "g_lr_before": 0.00425, "g_lr_after": 0.002125, "fires": 2137, "prior_lr_before": 0.0085, "prior_lr_after": 0.00425}
{"event": "g_lr_apply", "armed": true, "update_index": 3338, "g_lr_before": 0.00425, "g_lr_after": 0.002125, "fires": 2138, "prior_lr_before": 0.0085, "prior_lr_after": 0.00425}
{"event": "g_lr_apply", "armed": true, "update_index": 3339, "g_lr_before": 0.00425, "g_lr_after": 0.002125, "fires": 2139, "prior_lr_before": 0.0085, "prior_lr_after": 0.00425}
{"event": "g_lr_apply", "armed": true, "update_index": 3340, "g_lr_before": 0.00425, "g_lr_after": 0.002125, "fires": 2140, "prior_lr_before": 0.0085, "prior_lr_after": 0.00425}
{"event": "g_lr_apply", "armed": true, "update_index": 3341, "g_lr_before": 0.00425, "g_lr_after": 0.002125, "fires": 2141, "prior_lr_before": 0.0085, "prior_lr_after": 0.00425}
{"event": "g_lr_apply", "armed": true, "update_index": 3342, "g_lr_before": 0.00425, "g_lr_after": 0.002125, "fires": 2142, "prior_lr_before": 0.0085, "prior_lr_after": 0.00425}
{"event": "g_lr_apply", "armed": true, "update_index": 3343, "g_lr_before": 0.00425, "g_lr_after": 0.002125, "fires": 2143, "prior_lr_before": 0.0085, "prior_lr_after": 0.00425}
{"event": "g_lr_apply", "armed": true, "update_index": 3344, "g_lr_before": 0.00425, "g_lr_after": 0.002125, "fires": 2144, "prior_lr_before": 0.0085, "prior_lr_after": 0.00425}
{"event": "g_lr_apply", "armed": true, "update_index": 3345, "g_lr_before": 0.00425, "g_lr_after": 0.002125, "fires": 2145, "prior_lr_before": 0.0085, "prior_lr_after": 0.00425}
{"event": "g_lr_apply", "armed": true, "update_index": 3346, "g_lr_before": 0.00425, "g_lr_after": 0.002125, "fires": 2146, "prior_lr_before": 0.0085, "prior_lr_after": 0.00425}
{"event": "g_lr_apply", "armed": true, "update_index": 3347, "g_lr_before": 0.00425, "g_lr_after": 0.002125, "fires": 2147, "prior_lr_before": 0.0085, "prior_lr_after": 0.00425}
{"event": "g_lr_apply", "armed": true, "update_index": 3348, "g_lr_before": 0.00425, "g_lr_after": 0.002125, "fires": 2148, "prior_lr_before": 0.0085, "prior_lr_after": 0.00425}
{"event": "g_lr_apply", "armed": true, "update_index": 3349, "g_lr_before": 0.00425, "g_lr_after": 0.002125, "fires": 2149, "prior_lr_before": 0.0085, "prior_lr_after": 0.00425}
{"event": "g_lr_apply", "armed": true, "update_index": 3350, "g_lr_before": 0.00425, "g_lr_after": 0.002125, "fires": 2150, "prior_lr_before": 0.0085, "prior_lr_after": 0.00425}
{"event": "g_lr_apply", "armed": true, "update_index": 3351, "g_lr_before": 0.00425, "g_lr_after": 0.002125, "fires": 2151, "prior_lr_before": 0.0085, "prior_lr_after": 0.00425}
{"event": "g_lr_apply", "armed": true, "update_index": 3352, "g_lr_before": 0.00425, "g_lr_after": 0.002125, "fires": 2152, "prior_lr_before": 0.0085, "prior_lr_after": 0.00425}
{"event": "g_lr_apply", "armed": true, "update_index": 3353, "g_lr_before": 0.00425, "g_lr_after": 0.002125, "fires": 2153, "prior_lr_before": 0.0085, "prior_lr_after": 0.00425}
{"event": "g_lr_apply", "armed": true, "update_index": 3354, "g_lr_before": 0.00425, "g_lr_after": 0.002125, "fires": 2154, "prior_lr_before": 0.0085, "prior_lr_after": 0.00425}
{"event": "g_lr_apply", "armed": true, "update_index": 3355, "g_lr_before": 0.00425, "g_lr_after": 0.002125, "fires": 2155, "prior_lr_before": 0.0085, "prior_lr_after": 0.00425}
{"event": "g_lr_apply", "armed": true, "update_index": 3356, "g_lr_before": 0.00425, "g_lr_after": 0.002125, "fires": 2156, "prior_lr_before": 0.0085, "prior_lr_after": 0.00425}
{"event": "g_lr_apply", "armed": true, "update_index": 3357, "g_lr_before": 0.00425, "g_lr_after": 0.002125, "fires": 2157, "prior_lr_before": 0.0085, "prior_lr_after": 0.00425}
{"event": "g_lr_apply", "armed": true, "update_index": 3358, "g_lr_before": 0.00425, "g_lr_after": 0.002125, "fires": 2158, "prior_lr_before": 0.0085, "prior_lr_after": 0.00425}
{"event": "g_lr_apply", "armed": true, "update_index": 3359, "g_lr_before": 0.00425, "g_lr_after": 0.002125, "fires": 2159, "prior_lr_before": 0.0085, "prior_lr_after": 0.00425}
{"event": "g_lr_apply", "armed": true, "update_index": 3360, "g_lr_before": 0.00425, "g_lr_after": 0.002125, "fires": 2160, "prior_lr_before": 0.0085, "prior_lr_after": 0.00425}
{"event": "g_lr_apply", "armed": true, "update_index": 3361, "g_lr_before": 0.00425, "g_lr_after": 0.002125, "fires": 2161, "prior_lr_before": 0.0085, "prior_lr_after": 0.00425}
{"event": "g_lr_apply", "armed": true, "update_index": 3362, "g_lr_before": 0.00425, "g_lr_after": 0.002125, "fires": 2162, "prior_lr_before": 0.0085, "prior_lr_after": 0.00425}
{"event": "g_lr_apply", "armed": true, "update_index": 3363, "g_lr_before": 0.00425, "g_lr_after": 0.002125, "fires": 2163, "prior_lr_before": 0.0085, "prior_lr_after": 0.00425}
{"event": "g_lr_apply", "armed": true, "update_index": 3364, "g_lr_before": 0.00425, "g_lr_after": 0.002125, "fires": 2164, "prior_lr_before": 0.0085, "prior_lr_after": 0.00425}
{"event": "g_lr_apply", "armed": true, "update_index": 3365, "g_lr_before": 0.00425, "g_lr_after": 0.002125, "fires": 2165, "prior_lr_before": 0.0085, "prior_lr_after": 0.00425}
{"event": "g_lr_apply", "armed": true, "update_index": 3366, "g_lr_before": 0.00425, "g_lr_after": 0.002125, "fires": 2166, "prior_lr_before": 0.0085, "prior_lr_after": 0.00425}
{"event": "g_lr_apply", "armed": true, "update_index": 3367, "g_lr_before": 0.00425, "g_lr_after": 0.002125, "fires": 2167, "prior_lr_before": 0.0085, "prior_lr_after": 0.00425}
{"event": "g_lr_apply", "armed": true, "update_index": 3368, "g_lr_before": 0.00425, "g_lr_after": 0.002125, "fires": 2168, "prior_lr_before": 0.0085, "prior_lr_after": 0.00425}
{"event": "g_lr_apply", "armed": true, "update_index": 3369, "g_lr_before": 0.00425, "g_lr_after": 0.002125, "fires": 2169, "prior_lr_before": 0.0085, "prior_lr_after": 0.00425}
{"event": "g_lr_apply", "armed": true, "update_index": 3370, "g_lr_before": 0.00425, "g_lr_after": 0.002125, "fires": 2170, "prior_lr_before": 0.0085, "prior_lr_after": 0.00425}
{"event": "g_lr_apply", "armed": true, "update_index": 3371, "g_lr_before": 0.00425, "g_lr_after": 0.002125, "fires": 2171, "prior_lr_before": 0.0085, "prior_lr_after": 0.00425}
{"event": "g_lr_apply", "armed": true, "update_index": 3372, "g_lr_before": 0.00425, "g_lr_after": 0.002125, "fires": 2172, "prior_lr_before": 0.0085, "prior_lr_after": 0.00425}
{"event": "g_lr_apply", "armed": true, "update_index": 3373, "g_lr_before": 0.00425, "g_lr_after": 0.002125, "fires": 2173, "prior_lr_before": 0.0085, "prior_lr_after": 0.00425}
{"event": "g_lr_apply", "armed": true, "update_index": 3374, "g_lr_before": 0.00425, "g_lr_after": 0.002125, "fires": 2174, "prior_lr_before": 0.0085, "prior_lr_after": 0.00425}
{"event": "g_lr_apply", "armed": true, "update_index": 3375, "g_lr_before": 0.00425, "g_lr_after": 0.002125, "fires": 2175, "prior_lr_before": 0.0085, "prior_lr_after": 0.00425}
{"event": "g_lr_apply", "armed": true, "update_index": 3376, "g_lr_before": 0.00425, "g_lr_after": 0.002125, "fires": 2176, "prior_lr_before": 0.0085, "prior_lr_after": 0.00425}
{"event": "g_lr_apply", "armed": true, "update_index": 3377, "g_lr_before": 0.00425, "g_lr_after": 0.002125, "fires": 2177, "prior_lr_before": 0.0085, "prior_lr_after": 0.00425}
{"event": "g_lr_apply", "armed": true, "update_index": 3378, "g_lr_before": 0.00425, "g_lr_after": 0.002125, "fires": 2178, "prior_lr_before": 0.0085, "prior_lr_after": 0.00425}
{"event": "g_lr_apply", "armed": true, "update_index": 3379, "g_lr_before": 0.00425, "g_lr_after": 0.002125, "fires": 2179, "prior_lr_before": 0.0085, "prior_lr_after": 0.00425}
{"event": "g_lr_apply", "armed": true, "update_index": 3380, "g_lr_before": 0.00425, "g_lr_after": 0.002125, "fires": 2180, "prior_lr_before": 0.0085, "prior_lr_after": 0.00425}
{"event": "g_lr_apply", "armed": true, "update_index": 3381, "g_lr_before": 0.00425, "g_lr_after": 0.002125, "fires": 2181, "prior_lr_before": 0.0085, "prior_lr_after": 0.00425}
{"event": "g_lr_apply", "armed": true, "update_index": 3382, "g_lr_before": 0.00425, "g_lr_after": 0.002125, "fires": 2182, "prior_lr_before": 0.0085, "prior_lr_after": 0.00425}
{"event": "g_lr_apply", "armed": true, "update_index": 3383, "g_lr_before": 0.00425, "g_lr_after": 0.002125, "fires": 2183, "prior_lr_before": 0.0085, "prior_lr_after": 0.00425}
{"event": "g_lr_apply", "armed": true, "update_index": 3384, "g_lr_before": 0.00425, "g_lr_after": 0.002125, "fires": 2184, "prior_lr_before": 0.0085, "prior_lr_after": 0.00425}
{"event": "g_lr_apply", "armed": true, "update_index": 3385, "g_lr_before": 0.00425, "g_lr_after": 0.002125, "fires": 2185, "prior_lr_before": 0.0085, "prior_lr_after": 0.00425}
{"event": "g_lr_apply", "armed": true, "update_index": 3386, "g_lr_before": 0.00425, "g_lr_after": 0.002125, "fires": 2186, "prior_lr_before": 0.0085, "prior_lr_after": 0.00425}
{"event": "g_lr_apply", "armed": true, "update_index": 3387, "g_lr_before": 0.00425, "g_lr_after": 0.002125, "fires": 2187, "prior_lr_before": 0.0085, "prior_lr_after": 0.00425}
{"event": "g_lr_apply", "armed": true, "update_index": 3388, "g_lr_before": 0.00425, "g_lr_after": 0.002125, "fires": 2188, "prior_lr_before": 0.0085, "prior_lr_after": 0.00425}
{"event": "g_lr_apply", "armed": true, "update_index": 3389, "g_lr_before": 0.00425, "g_lr_after": 0.002125, "fires": 2189, "prior_lr_before": 0.0085, "prior_lr_after": 0.00425}
{"event": "g_lr_apply", "armed": true, "update_index": 3390, "g_lr_before": 0.00425, "g_lr_after": 0.002125, "fires": 2190, "prior_lr_before": 0.0085, "prior_lr_after": 0.00425}
{"event": "g_lr_apply", "armed": true, "update_index": 3391, "g_lr_before": 0.00425, "g_lr_after": 0.002125, "fires": 2191, "prior_lr_before": 0.0085, "prior_lr_after": 0.00425}
{"event": "g_lr_apply", "armed": true, "update_index": 3392, "g_lr_before": 0.00425, "g_lr_after": 0.002125, "fires": 2192, "prior_lr_before": 0.0085, "prior_lr_after": 0.00425}
{"event": "g_lr_apply", "armed": true, "update_index": 3393, "g_lr_before": 0.00425, "g_lr_after": 0.002125, "fires": 2193, "prior_lr_before": 0.0085, "prior_lr_after": 0.00425}
{"event": "g_lr_apply", "armed": true, "update_index": 3394, "g_lr_before": 0.00425, "g_lr_after": 0.002125, "fires": 2194, "prior_lr_before": 0.0085, "prior_lr_after": 0.00425}
{"event": "g_lr_apply", "armed": true, "update_index": 3395, "g_lr_before": 0.00425, "g_lr_after": 0.002125, "fires": 2195, "prior_lr_before": 0.0085, "prior_lr_after": 0.00425}
{"event": "g_lr_apply", "armed": true, "update_index": 3396, "g_lr_before": 0.00425, "g_lr_after": 0.002125, "fires": 2196, "prior_lr_before": 0.0085, "prior_lr_after": 0.00425}
{"event": "g_lr_apply", "armed": true, "update_index": 3397, "g_lr_before": 0.00425, "g_lr_after": 0.002125, "fires": 2197, "prior_lr_before": 0.0085, "prior_lr_after": 0.00425}
{"event": "g_lr_apply", "armed": true, "update_index": 3398, "g_lr_before": 0.00425, "g_lr_after": 0.002125, "fires": 2198, "prior_lr_before": 0.0085, "prior_lr_after": 0.00425}
{"event": "g_lr_apply", "armed": true, "update_index": 3399, "g_lr_before": 0.00425, "g_lr_after": 0.002125, "fires": 2199, "prior_lr_before": 0.0085, "prior_lr_after": 0.00425}
{"event": "g_lr_apply", "armed": true, "update_index": 3400, "g_lr_before": 0.00425, "g_lr_after": 0.002125, "fires": 2200, "prior_lr_before": 0.0085, "prior_lr_after": 0.00425}
{"event": "g_lr_apply", "armed": true, "update_index": 3401, "g_lr_before": 0.00425, "g_lr_after": 0.002125, "fires": 2201, "prior_lr_before": 0.0085, "prior_lr_after": 0.00425}
{"event": "g_lr_apply", "armed": true, "update_index": 3402, "g_lr_before": 0.00425, "g_lr_after": 0.002125, "fires": 2202, "prior_lr_before": 0.0085, "prior_lr_after": 0.00425}
{"event": "g_lr_apply", "armed": true, "update_index": 3403, "g_lr_before": 0.00425, "g_lr_after": 0.002125, "fires": 2203, "prior_lr_before": 0.0085, "prior_lr_after": 0.00425}
{"event": "g_lr_apply", "armed": true, "update_index": 3404, "g_lr_before": 0.00425, "g_lr_after": 0.002125, "fires": 2204, "prior_lr_before": 0.0085, "prior_lr_after": 0.00425}
{"event": "g_lr_apply", "armed": true, "update_index": 3405, "g_lr_before": 0.00425, "g_lr_after": 0.002125, "fires": 2205, "prior_lr_before": 0.0085, "prior_lr_after": 0.00425}
{"event": "g_lr_apply", "armed": true, "update_index": 3406, "g_lr_before": 0.00425, "g_lr_after": 0.002125, "fires": 2206, "prior_lr_before": 0.0085, "prior_lr_after": 0.00425}
{"event": "g_lr_apply", "armed": true, "update_index": 3407, "g_lr_before": 0.00425, "g_lr_after": 0.002125, "fires": 2207, "prior_lr_before": 0.0085, "prior_lr_after": 0.00425}
{"event": "g_lr_apply", "armed": true, "update_index": 3408, "g_lr_before": 0.00425, "g_lr_after": 0.002125, "fires": 2208, "prior_lr_before": 0.0085, "prior_lr_after": 0.00425}
{"event": "g_lr_apply", "armed": true, "update_index": 3409, "g_lr_before": 0.00425, "g_lr_after": 0.002125, "fires": 2209, "prior_lr_before": 0.0085, "prior_lr_after": 0.00425}
{"event": "g_lr_apply", "armed": true, "update_index": 3410, "g_lr_before": 0.00425, "g_lr_after": 0.002125, "fires": 2210, "prior_lr_before": 0.0085, "prior_lr_after": 0.00425}
{"event": "g_lr_apply", "armed": true, "update_index": 3411, "g_lr_before": 0.00425, "g_lr_after": 0.002125, "fires": 2211, "prior_lr_before": 0.0085, "prior_lr_after": 0.00425}
{"event": "g_lr_apply", "armed": true, "update_index": 3412, "g_lr_before": 0.00425, "g_lr_after": 0.002125, "fires": 2212, "prior_lr_before": 0.0085, "prior_lr_after": 0.00425}
{"event": "g_lr_apply", "armed": true, "update_index": 3413, "g_lr_before": 0.00425, "g_lr_after": 0.002125, "fires": 2213, "prior_lr_before": 0.0085, "prior_lr_after": 0.00425}
{"event": "g_lr_apply", "armed": true, "update_index": 3414, "g_lr_before": 0.00425, "g_lr_after": 0.002125, "fires": 2214, "prior_lr_before": 0.0085, "prior_lr_after": 0.00425}
{"event": "g_lr_apply", "armed": true, "update_index": 3415, "g_lr_before": 0.00425, "g_lr_after": 0.002125, "fires": 2215, "prior_lr_before": 0.0085, "prior_lr_after": 0.00425}
{"event": "g_lr_apply", "armed": true, "update_index": 3416, "g_lr_before": 0.00425, "g_lr_after": 0.002125, "fires": 2216, "prior_lr_before": 0.0085, "prior_lr_after": 0.00425}
{"event": "g_lr_apply", "armed": true, "update_index": 3417, "g_lr_before": 0.00425, "g_lr_after": 0.002125, "fires": 2217, "prior_lr_before": 0.0085, "prior_lr_after": 0.00425}
{"event": "g_lr_apply", "armed": true, "update_index": 3418, "g_lr_before": 0.00425, "g_lr_after": 0.002125, "fires": 2218, "prior_lr_before": 0.0085, "prior_lr_after": 0.00425}
{"event": "g_lr_apply", "armed": true, "update_index": 3419, "g_lr_before": 0.00425, "g_lr_after": 0.002125, "fires": 2219, "prior_lr_before": 0.0085, "prior_lr_after": 0.00425}
{"event": "g_lr_apply", "armed": true, "update_index": 3420, "g_lr_before": 0.00425, "g_lr_after": 0.002125, "fires": 2220, "prior_lr_before": 0.0085, "prior_lr_after": 0.00425}
{"event": "g_lr_apply", "armed": true, "update_index": 3421, "g_lr_before": 0.00425, "g_lr_after": 0.002125, "fires": 2221, "prior_lr_before": 0.0085, "prior_lr_after": 0.00425}
{"event": "g_lr_apply", "armed": true, "update_index": 3422, "g_lr_before": 0.00425, "g_lr_after": 0.002125, "fires": 2222, "prior_lr_before": 0.0085, "prior_lr_after": 0.00425}
{"event": "g_lr_apply", "armed": true, "update_index": 3423, "g_lr_before": 0.00425, "g_lr_after": 0.002125, "fires": 2223, "prior_lr_before": 0.0085, "prior_lr_after": 0.00425}
{"event": "g_lr_apply", "armed": true, "update_index": 3424, "g_lr_before": 0.00425, "g_lr_after": 0.002125, "fires": 2224, "prior_lr_before": 0.0085, "prior_lr_after": 0.00425}
{"event": "g_lr_apply", "armed": true, "update_index": 3425, "g_lr_before": 0.00425, "g_lr_after": 0.002125, "fires": 2225, "prior_lr_before": 0.0085, "prior_lr_after": 0.00425}
{"event": "g_lr_apply", "armed": true, "update_index": 3426, "g_lr_before": 0.00425, "g_lr_after": 0.002125, "fires": 2226, "prior_lr_before": 0.0085, "prior_lr_after": 0.00425}
{"event": "g_lr_apply", "armed": true, "update_index": 3427, "g_lr_before": 0.00425, "g_lr_after": 0.002125, "fires": 2227, "prior_lr_before": 0.0085, "prior_lr_after": 0.00425}
{"event": "g_lr_apply", "armed": true, "update_index": 3428, "g_lr_before": 0.00425, "g_lr_after": 0.002125, "fires": 2228, "prior_lr_before": 0.0085, "prior_lr_after": 0.00425}
{"event": "g_lr_apply", "armed": true, "update_index": 3429, "g_lr_before": 0.00425, "g_lr_after": 0.002125, "fires": 2229, "prior_lr_before": 0.0085, "prior_lr_after": 0.00425}
{"event": "g_lr_apply", "armed": true, "update_index": 3430, "g_lr_before": 0.00425, "g_lr_after": 0.002125, "fires": 2230, "prior_lr_before": 0.0085, "prior_lr_after": 0.00425}
{"event": "g_lr_apply", "armed": true, "update_index": 3431, "g_lr_before": 0.00425, "g_lr_after": 0.002125, "fires": 2231, "prior_lr_before": 0.0085, "prior_lr_after": 0.00425}
{"event": "g_lr_apply", "armed": true, "update_index": 3432, "g_lr_before": 0.00425, "g_lr_after": 0.002125, "fires": 2232, "prior_lr_before": 0.0085, "prior_lr_after": 0.00425}
{"event": "g_lr_apply", "armed": true, "update_index": 3433, "g_lr_before": 0.00425, "g_lr_after": 0.002125, "fires": 2233, "prior_lr_before": 0.0085, "prior_lr_after": 0.00425}
{"event": "g_lr_apply", "armed": true, "update_index": 3434, "g_lr_before": 0.00425, "g_lr_after": 0.002125, "fires": 2234, "prior_lr_before": 0.0085, "prior_lr_after": 0.00425}
{"event": "g_lr_apply", "armed": true, "update_index": 3435, "g_lr_before": 0.00425, "g_lr_after": 0.002125, "fires": 2235, "prior_lr_before": 0.0085, "prior_lr_after": 0.00425}
{"event": "g_lr_apply", "armed": true, "update_index": 3436, "g_lr_before": 0.00425, "g_lr_after": 0.002125, "fires": 2236, "prior_lr_before": 0.0085, "prior_lr_after": 0.00425}
{"event": "g_lr_apply", "armed": true, "update_index": 3437, "g_lr_before": 0.00425, "g_lr_after": 0.002125, "fires": 2237, "prior_lr_before": 0.0085, "prior_lr_after": 0.00425}
{"event": "g_lr_apply", "armed": true, "update_index": 3438, "g_lr_before": 0.00425, "g_lr_after": 0.002125, "fires": 2238, "prior_lr_before": 0.0085, "prior_lr_after": 0.00425}
{"event": "g_lr_apply", "armed": true, "update_index": 3439, "g_lr_before": 0.00425, "g_lr_after": 0.002125, "fires": 2239, "prior_lr_before": 0.0085, "prior_lr_after": 0.00425}
{"event": "g_lr_apply", "armed": true, "update_index": 3440, "g_lr_before": 0.00425, "g_lr_after": 0.002125, "fires": 2240, "prior_lr_before": 0.0085, "prior_lr_after": 0.00425}
{"event": "g_lr_apply", "armed": true, "update_index": 3441, "g_lr_before": 0.00425, "g_lr_after": 0.002125, "fires": 2241, "prior_lr_before": 0.0085, "prior_lr_after": 0.00425}
{"event": "g_lr_apply", "armed": true, "update_index": 3442, "g_lr_before": 0.00425, "g_lr_after": 0.002125, "fires": 2242, "prior_lr_before": 0.0085, "prior_lr_after": 0.00425}
{"event": "g_lr_apply", "armed": true, "update_index": 3443, "g_lr_before": 0.00425, "g_lr_after": 0.002125, "fires": 2243, "prior_lr_before": 0.0085, "prior_lr_after": 0.00425}
{"event": "g_lr_apply", "armed": true, "update_index": 3444, "g_lr_before": 0.00425, "g_lr_after": 0.002125, "fires": 2244, "prior_lr_before": 0.0085, "prior_lr_after": 0.00425}
{"event": "g_lr_apply", "armed": true, "update_index": 3445, "g_lr_before": 0.00425, "g_lr_after": 0.002125, "fires": 2245, "prior_lr_before": 0.0085, "prior_lr_after": 0.00425}
{"event": "g_lr_apply", "armed": true, "update_index": 3446, "g_lr_before": 0.00425, "g_lr_after": 0.002125, "fires": 2246, "prior_lr_before": 0.0085, "prior_lr_after": 0.00425}
{"event": "g_lr_apply", "armed": true, "update_index": 3447, "g_lr_before": 0.00425, "g_lr_after": 0.002125, "fires": 2247, "prior_lr_before": 0.0085, "prior_lr_after": 0.00425}
{"event": "g_lr_apply", "armed": true, "update_index": 3448, "g_lr_before": 0.00425, "g_lr_after": 0.002125, "fires": 2248, "prior_lr_before": 0.0085, "prior_lr_after": 0.00425}
{"event": "g_lr_apply", "armed": true, "update_index": 3449, "g_lr_before": 0.00425, "g_lr_after": 0.002125, "fires": 2249, "prior_lr_before": 0.0085, "prior_lr_after": 0.00425}
{"event": "g_lr_apply", "armed": true, "update_index": 3450, "g_lr_before": 0.00425, "g_lr_after": 0.002125, "fires": 2250, "prior_lr_before": 0.0085, "prior_lr_after": 0.00425}
{"event": "g_lr_apply", "armed": true, "update_index": 3451, "g_lr_before": 0.00425, "g_lr_after": 0.002125, "fires": 2251, "prior_lr_before": 0.0085, "prior_lr_after": 0.00425}
{"event": "g_lr_apply", "armed": true, "update_index": 3452, "g_lr_before": 0.00425, "g_lr_after": 0.002125, "fires": 2252, "prior_lr_before": 0.0085, "prior_lr_after": 0.00425}
{"event": "g_lr_apply", "armed": true, "update_index": 3453, "g_lr_before": 0.00425, "g_lr_after": 0.002125, "fires": 2253, "prior_lr_before": 0.0085, "prior_lr_after": 0.00425}
{"event": "g_lr_apply", "armed": true, "update_index": 3454, "g_lr_before": 0.00425, "g_lr_after": 0.002125, "fires": 2254, "prior_lr_before": 0.0085, "prior_lr_after": 0.00425}
{"event": "g_lr_apply", "armed": true, "update_index": 3455, "g_lr_before": 0.00425, "g_lr_after": 0.002125, "fires": 2255, "prior_lr_before": 0.0085, "prior_lr_after": 0.00425}
{"event": "g_lr_apply", "armed": true, "update_index": 3456, "g_lr_before": 0.00425, "g_lr_after": 0.002125, "fires": 2256, "prior_lr_before": 0.0085, "prior_lr_after": 0.00425}
{"event": "g_lr_apply", "armed": true, "update_index": 3457, "g_lr_before": 0.00425, "g_lr_after": 0.002125, "fires": 2257, "prior_lr_before": 0.0085, "prior_lr_after": 0.00425}
{"event": "g_lr_apply", "armed": true, "update_index": 3458, "g_lr_before": 0.00425, "g_lr_after": 0.002125, "fires": 2258, "prior_lr_before": 0.0085, "prior_lr_after": 0.00425}
{"event": "g_lr_apply", "armed": true, "update_index": 3459, "g_lr_before": 0.00425, "g_lr_after": 0.002125, "fires": 2259, "prior_lr_before": 0.0085, "prior_lr_after": 0.00425}
{"event": "g_lr_apply", "armed": true, "update_index": 3460, "g_lr_before": 0.00425, "g_lr_after": 0.002125, "fires": 2260, "prior_lr_before": 0.0085, "prior_lr_after": 0.00425}
{"event": "g_lr_apply", "armed": true, "update_index": 3461, "g_lr_before": 0.00425, "g_lr_after": 0.002125, "fires": 2261, "prior_lr_before": 0.0085, "prior_lr_after": 0.00425}
{"event": "g_lr_apply", "armed": true, "update_index": 3462, "g_lr_before": 0.00425, "g_lr_after": 0.002125, "fires": 2262, "prior_lr_before": 0.0085, "prior_lr_after": 0.00425}
{"event": "g_lr_apply", "armed": true, "update_index": 3463, "g_lr_before": 0.00425, "g_lr_after": 0.002125, "fires": 2263, "prior_lr_before": 0.0085, "prior_lr_after": 0.00425}
{"event": "g_lr_apply", "armed": true, "update_index": 3464, "g_lr_before": 0.00425, "g_lr_after": 0.002125, "fires": 2264, "prior_lr_before": 0.0085, "prior_lr_after": 0.00425}
{"event": "g_lr_apply", "armed": true, "update_index": 3465, "g_lr_before": 0.00425, "g_lr_after": 0.002125, "fires": 2265, "prior_lr_before": 0.0085, "prior_lr_after": 0.00425}
{"event": "g_lr_apply", "armed": true, "update_index": 3466, "g_lr_before": 0.00425, "g_lr_after": 0.002125, "fires": 2266, "prior_lr_before": 0.0085, "prior_lr_after": 0.00425}
{"event": "g_lr_apply", "armed": true, "update_index": 3467, "g_lr_before": 0.00425, "g_lr_after": 0.002125, "fires": 2267, "prior_lr_before": 0.0085, "prior_lr_after": 0.00425}
{"event": "g_lr_apply", "armed": true, "update_index": 3468, "g_lr_before": 0.00425, "g_lr_after": 0.002125, "fires": 2268, "prior_lr_before": 0.0085, "prior_lr_after": 0.00425}
{"event": "g_lr_apply", "armed": true, "update_index": 3469, "g_lr_before": 0.00425, "g_lr_after": 0.002125, "fires": 2269, "prior_lr_before": 0.0085, "prior_lr_after": 0.00425}
{"event": "g_lr_apply", "armed": true, "update_index": 3470, "g_lr_before": 0.00425, "g_lr_after": 0.002125, "fires": 2270, "prior_lr_before": 0.0085, "prior_lr_after": 0.00425}
{"event": "g_lr_apply", "armed": true, "update_index": 3471, "g_lr_before": 0.00425, "g_lr_after": 0.002125, "fires": 2271, "prior_lr_before": 0.0085, "prior_lr_after": 0.00425}
{"event": "g_lr_apply", "armed": true, "update_index": 3472, "g_lr_before": 0.00425, "g_lr_after": 0.002125, "fires": 2272, "prior_lr_before": 0.0085, "prior_lr_after": 0.00425}
{"event": "g_lr_apply", "armed": true, "update_index": 3473, "g_lr_before": 0.00425, "g_lr_after": 0.002125, "fires": 2273, "prior_lr_before": 0.0085, "prior_lr_after": 0.00425}
{"event": "g_lr_apply", "armed": true, "update_index": 3474, "g_lr_before": 0.00425, "g_lr_after": 0.002125, "fires": 2274, "prior_lr_before": 0.0085, "prior_lr_after": 0.00425}
{"event": "g_lr_apply", "armed": true, "update_index": 3475, "g_lr_before": 0.00425, "g_lr_after": 0.002125, "fires": 2275, "prior_lr_before": 0.0085, "prior_lr_after": 0.00425}
{"event": "g_lr_apply", "armed": true, "update_index": 3476, "g_lr_before": 0.00425, "g_lr_after": 0.002125, "fires": 2276, "prior_lr_before": 0.0085, "prior_lr_after": 0.00425}
{"event": "g_lr_apply", "armed": true, "update_index": 3477, "g_lr_before": 0.00425, "g_lr_after": 0.002125, "fires": 2277, "prior_lr_before": 0.0085, "prior_lr_after": 0.00425}
{"event": "g_lr_apply", "armed": true, "update_index": 3478, "g_lr_before": 0.00425, "g_lr_after": 0.002125, "fires": 2278, "prior_lr_before": 0.0085, "prior_lr_after": 0.00425}
{"event": "g_lr_apply", "armed": true, "update_index": 3479, "g_lr_before": 0.00425, "g_lr_after": 0.002125, "fires": 2279, "prior_lr_before": 0.0085, "prior_lr_after": 0.00425}
{"event": "g_lr_apply", "armed": true, "update_index": 3480, "g_lr_before": 0.00425, "g_lr_after": 0.002125, "fires": 2280, "prior_lr_before": 0.0085, "prior_lr_after": 0.00425}
{"event": "g_lr_apply", "armed": true, "update_index": 3481, "g_lr_before": 0.00425, "g_lr_after": 0.002125, "fires": 2281, "prior_lr_before": 0.0085, "prior_lr_after": 0.00425}
{"event": "g_lr_apply", "armed": true, "update_index": 3482, "g_lr_before": 0.00425, "g_lr_after": 0.002125, "fires": 2282, "prior_lr_before": 0.0085, "prior_lr_after": 0.00425}
{"event": "g_lr_apply", "armed": true, "update_index": 3483, "g_lr_before": 0.00425, "g_lr_after": 0.002125, "fires": 2283, "prior_lr_before": 0.0085, "prior_lr_after": 0.00425}
{"event": "g_lr_apply", "armed": true, "update_index": 3484, "g_lr_before": 0.00425, "g_lr_after": 0.002125, "fires": 2284, "prior_lr_before": 0.0085, "prior_lr_after": 0.00425}
{"event": "g_lr_apply", "armed": true, "update_index": 3485, "g_lr_before": 0.00425, "g_lr_after": 0.002125, "fires": 2285, "prior_lr_before": 0.0085, "prior_lr_after": 0.00425}
{"event": "g_lr_apply", "armed": true, "update_index": 3486, "g_lr_before": 0.00425, "g_lr_after": 0.002125, "fires": 2286, "prior_lr_before": 0.0085, "prior_lr_after": 0.00425}
{"event": "g_lr_apply", "armed": true, "update_index": 3487, "g_lr_before": 0.00425, "g_lr_after": 0.002125, "fires": 2287, "prior_lr_before": 0.0085, "prior_lr_after": 0.00425}
{"event": "g_lr_apply", "armed": true, "update_index": 3488, "g_lr_before": 0.00425, "g_lr_after": 0.002125, "fires": 2288, "prior_lr_before": 0.0085, "prior_lr_after": 0.00425}
{"event": "g_lr_apply", "armed": true, "update_index": 3489, "g_lr_before": 0.00425, "g_lr_after": 0.002125, "fires": 2289, "prior_lr_before": 0.0085, "prior_lr_after": 0.00425}
{"event": "g_lr_apply", "armed": true, "update_index": 3490, "g_lr_before": 0.00425, "g_lr_after": 0.002125, "fires": 2290, "prior_lr_before": 0.0085, "prior_lr_after": 0.00425}
{"event": "g_lr_apply", "armed": true, "update_index": 3491, "g_lr_before": 0.00425, "g_lr_after": 0.002125, "fires": 2291, "prior_lr_before": 0.0085, "prior_lr_after": 0.00425}
{"event": "g_lr_apply", "armed": true, "update_index": 3492, "g_lr_before": 0.00425, "g_lr_after": 0.002125, "fires": 2292, "prior_lr_before": 0.0085, "prior_lr_after": 0.00425}
{"event": "g_lr_apply", "armed": true, "update_index": 3493, "g_lr_before": 0.00425, "g_lr_after": 0.002125, "fires": 2293, "prior_lr_before": 0.0085, "prior_lr_after": 0.00425}
{"event": "g_lr_apply", "armed": true, "update_index": 3494, "g_lr_before": 0.00425, "g_lr_after": 0.002125, "fires": 2294, "prior_lr_before": 0.0085, "prior_lr_after": 0.00425}
{"event": "g_lr_apply", "armed": true, "update_index": 3495, "g_lr_before": 0.00425, "g_lr_after": 0.002125, "fires": 2295, "prior_lr_before": 0.0085, "prior_lr_after": 0.00425}
{"event": "g_lr_apply", "armed": true, "update_index": 3496, "g_lr_before": 0.00425, "g_lr_after": 0.002125, "fires": 2296, "prior_lr_before": 0.0085, "prior_lr_after": 0.00425}
{"event": "g_lr_apply", "armed": true, "update_index": 3497, "g_lr_before": 0.00425, "g_lr_after": 0.002125, "fires": 2297, "prior_lr_before": 0.0085, "prior_lr_after": 0.00425}
{"event": "g_lr_apply", "armed": true, "update_index": 3498, "g_lr_before": 0.00425, "g_lr_after": 0.002125, "fires": 2298, "prior_lr_before": 0.0085, "prior_lr_after": 0.00425}
{"event": "g_lr_apply", "armed": true, "update_index": 3499, "g_lr_before": 0.00425, "g_lr_after": 0.002125, "fires": 2299, "prior_lr_before": 0.0085, "prior_lr_after": 0.00425}
{"event": "g_lr_apply", "armed": true, "update_index": 3500, "g_lr_before": 0.00425, "g_lr_after": 0.002125, "fires": 2300, "prior_lr_before": 0.0085, "prior_lr_after": 0.00425}
{"event": "g_lr_apply", "armed": true, "update_index": 3501, "g_lr_before": 0.00425, "g_lr_after": 0.002125, "fires": 2301, "prior_lr_before": 0.0085, "prior_lr_after": 0.00425}
{"event": "g_lr_apply", "armed": true, "update_index": 3502, "g_lr_before": 0.00425, "g_lr_after": 0.002125, "fires": 2302, "prior_lr_before": 0.0085, "prior_lr_after": 0.00425}
{"event": "g_lr_apply", "armed": true, "update_index": 3503, "g_lr_before": 0.00425, "g_lr_after": 0.002125, "fires": 2303, "prior_lr_before": 0.0085, "prior_lr_after": 0.00425}
{"event": "g_lr_apply", "armed": true, "update_index": 3504, "g_lr_before": 0.00425, "g_lr_after": 0.002125, "fires": 2304, "prior_lr_before": 0.0085, "prior_lr_after": 0.00425}
{"event": "g_lr_apply", "armed": true, "update_index": 3505, "g_lr_before": 0.00425, "g_lr_after": 0.002125, "fires": 2305, "prior_lr_before": 0.0085, "prior_lr_after": 0.00425}
{"event": "g_lr_apply", "armed": true, "update_index": 3506, "g_lr_before": 0.00425, "g_lr_after": 0.002125, "fires": 2306, "prior_lr_before": 0.0085, "prior_lr_after": 0.00425}
{"event": "g_lr_apply", "armed": true, "update_index": 3507, "g_lr_before": 0.00425, "g_lr_after": 0.002125, "fires": 2307, "prior_lr_before": 0.0085, "prior_lr_after": 0.00425}
{"event": "g_lr_apply", "armed": true, "update_index": 3508, "g_lr_before": 0.00425, "g_lr_after": 0.002125, "fires": 2308, "prior_lr_before": 0.0085, "prior_lr_after": 0.00425}
{"event": "g_lr_apply", "armed": true, "update_index": 3509, "g_lr_before": 0.00425, "g_lr_after": 0.002125, "fires": 2309, "prior_lr_before": 0.0085, "prior_lr_after": 0.00425}
{"event": "g_lr_apply", "armed": true, "update_index": 3510, "g_lr_before": 0.00425, "g_lr_after": 0.002125, "fires": 2310, "prior_lr_before": 0.0085, "prior_lr_after": 0.00425}
{"event": "g_lr_apply", "armed": true, "update_index": 3511, "g_lr_before": 0.00425, "g_lr_after": 0.002125, "fires": 2311, "prior_lr_before": 0.0085, "prior_lr_after": 0.00425}
{"event": "g_lr_apply", "armed": true, "update_index": 3512, "g_lr_before": 0.00425, "g_lr_after": 0.002125, "fires": 2312, "prior_lr_before": 0.0085, "prior_lr_after": 0.00425}
{"event": "g_lr_apply", "armed": true, "update_index": 3513, "g_lr_before": 0.00425, "g_lr_after": 0.002125, "fires": 2313, "prior_lr_before": 0.0085, "prior_lr_after": 0.00425}
{"event": "g_lr_apply", "armed": true, "update_index": 3514, "g_lr_before": 0.00425, "g_lr_after": 0.002125, "fires": 2314, "prior_lr_before": 0.0085, "prior_lr_after": 0.00425}
{"event": "g_lr_apply", "armed": true, "update_index": 3515, "g_lr_before": 0.00425, "g_lr_after": 0.002125, "fires": 2315, "prior_lr_before": 0.0085, "prior_lr_after": 0.00425}
{"event": "g_lr_apply", "armed": true, "update_index": 3516, "g_lr_before": 0.00425, "g_lr_after": 0.002125, "fires": 2316, "prior_lr_before": 0.0085, "prior_lr_after": 0.00425}
{"event": "g_lr_apply", "armed": true, "update_index": 3517, "g_lr_before": 0.00425, "g_lr_after": 0.002125, "fires": 2317, "prior_lr_before": 0.0085, "prior_lr_after": 0.00425}
{"event": "g_lr_apply", "armed": true, "update_index": 3518, "g_lr_before": 0.00425, "g_lr_after": 0.002125, "fires": 2318, "prior_lr_before": 0.0085, "prior_lr_after": 0.00425}
{"event": "g_lr_apply", "armed": true, "update_index": 3519, "g_lr_before": 0.00425, "g_lr_after": 0.002125, "fires": 2319, "prior_lr_before": 0.0085, "prior_lr_after": 0.00425}
{"event": "g_lr_apply", "armed": true, "update_index": 3520, "g_lr_before": 0.00425, "g_lr_after": 0.002125, "fires": 2320, "prior_lr_before": 0.0085, "prior_lr_after": 0.00425}
{"event": "g_lr_apply", "armed": true, "update_index": 3521, "g_lr_before": 0.00425, "g_lr_after": 0.002125, "fires": 2321, "prior_lr_before": 0.0085, "prior_lr_after": 0.00425}
{"event": "g_lr_apply", "armed": true, "update_index": 3522, "g_lr_before": 0.00425, "g_lr_after": 0.002125, "fires": 2322, "prior_lr_before": 0.0085, "prior_lr_after": 0.00425}
{"event": "g_lr_apply", "armed": true, "update_index": 3523, "g_lr_before": 0.00425, "g_lr_after": 0.002125, "fires": 2323, "prior_lr_before": 0.0085, "prior_lr_after": 0.00425}
{"event": "g_lr_apply", "armed": true, "update_index": 3524, "g_lr_before": 0.00425, "g_lr_after": 0.002125, "fires": 2324, "prior_lr_before": 0.0085, "prior_lr_after": 0.00425}
{"event": "g_lr_apply", "armed": true, "update_index": 3525, "g_lr_before": 0.00425, "g_lr_after": 0.002125, "fires": 2325, "prior_lr_before": 0.0085, "prior_lr_after": 0.00425}
{"event": "g_lr_apply", "armed": true, "update_index": 3526, "g_lr_before": 0.00425, "g_lr_after": 0.002125, "fires": 2326, "prior_lr_before": 0.0085, "prior_lr_after": 0.00425}
{"event": "g_lr_apply", "armed": true, "update_index": 3527, "g_lr_before": 0.00425, "g_lr_after": 0.002125, "fires": 2327, "prior_lr_before": 0.0085, "prior_lr_after": 0.00425}
{"event": "g_lr_apply", "armed": true, "update_index": 3528, "g_lr_before": 0.00425, "g_lr_after": 0.002125, "fires": 2328, "prior_lr_before": 0.0085, "prior_lr_after": 0.00425}
{"event": "g_lr_apply", "armed": true, "update_index": 3529, "g_lr_before": 0.00425, "g_lr_after": 0.002125, "fires": 2329, "prior_lr_before": 0.0085, "prior_lr_after": 0.00425}
{"event": "g_lr_apply", "armed": true, "update_index": 3530, "g_lr_before": 0.00425, "g_lr_after": 0.002125, "fires": 2330, "prior_lr_before": 0.0085, "prior_lr_after": 0.00425}
{"event": "g_lr_apply", "armed": true, "update_index": 3531, "g_lr_before": 0.00425, "g_lr_after": 0.002125, "fires": 2331, "prior_lr_before": 0.0085, "prior_lr_after": 0.00425}
{"event": "g_lr_apply", "armed": true, "update_index": 3532, "g_lr_before": 0.00425, "g_lr_after": 0.002125, "fires": 2332, "prior_lr_before": 0.0085, "prior_lr_after": 0.00425}
{"event": "g_lr_apply", "armed": true, "update_index": 3533, "g_lr_before": 0.00425, "g_lr_after": 0.002125, "fires": 2333, "prior_lr_before": 0.0085, "prior_lr_after": 0.00425}
{"event": "g_lr_apply", "armed": true, "update_index": 3534, "g_lr_before": 0.00425, "g_lr_after": 0.002125, "fires": 2334, "prior_lr_before": 0.0085, "prior_lr_after": 0.00425}
{"event": "g_lr_apply", "armed": true, "update_index": 3535, "g_lr_before": 0.00425, "g_lr_after": 0.002125, "fires": 2335, "prior_lr_before": 0.0085, "prior_lr_after": 0.00425}
{"event": "g_lr_apply", "armed": true, "update_index": 3536, "g_lr_before": 0.00425, "g_lr_after": 0.002125, "fires": 2336, "prior_lr_before": 0.0085, "prior_lr_after": 0.00425}
{"event": "g_lr_apply", "armed": true, "update_index": 3537, "g_lr_before": 0.00425, "g_lr_after": 0.002125, "fires": 2337, "prior_lr_before": 0.0085, "prior_lr_after": 0.00425}
{"event": "g_lr_apply", "armed": true, "update_index": 3538, "g_lr_before": 0.00425, "g_lr_after": 0.002125, "fires": 2338, "prior_lr_before": 0.0085, "prior_lr_after": 0.00425}
{"event": "g_lr_apply", "armed": true, "update_index": 3539, "g_lr_before": 0.00425, "g_lr_after": 0.002125, "fires": 2339, "prior_lr_before": 0.0085, "prior_lr_after": 0.00425}
{"event": "g_lr_apply", "armed": true, "update_index": 3540, "g_lr_before": 0.00425, "g_lr_after": 0.002125, "fires": 2340, "prior_lr_before": 0.0085, "prior_lr_after": 0.00425}
{"event": "g_lr_apply", "armed": true, "update_index": 3541, "g_lr_before": 0.00425, "g_lr_after": 0.002125, "fires": 2341, "prior_lr_before": 0.0085, "prior_lr_after": 0.00425}
{"event": "g_lr_apply", "armed": true, "update_index": 3542, "g_lr_before": 0.00425, "g_lr_after": 0.002125, "fires": 2342, "prior_lr_before": 0.0085, "prior_lr_after": 0.00425}
{"event": "g_lr_apply", "armed": true, "update_index": 3543, "g_lr_before": 0.00425, "g_lr_after": 0.002125, "fires": 2343, "prior_lr_before": 0.0085, "prior_lr_after": 0.00425}
{"event": "g_lr_apply", "armed": true, "update_index": 3544, "g_lr_before": 0.00425, "g_lr_after": 0.002125, "fires": 2344, "prior_lr_before": 0.0085, "prior_lr_after": 0.00425}
{"event": "g_lr_apply", "armed": true, "update_index": 3545, "g_lr_before": 0.00425, "g_lr_after": 0.002125, "fires": 2345, "prior_lr_before": 0.0085, "prior_lr_after": 0.00425}
{"event": "g_lr_apply", "armed": true, "update_index": 3546, "g_lr_before": 0.00425, "g_lr_after": 0.002125, "fires": 2346, "prior_lr_before": 0.0085, "prior_lr_after": 0.00425}
{"event": "g_lr_apply", "armed": true, "update_index": 3547, "g_lr_before": 0.00425, "g_lr_after": 0.002125, "fires": 2347, "prior_lr_before": 0.0085, "prior_lr_after": 0.00425}
{"event": "g_lr_apply", "armed": true, "update_index": 3548, "g_lr_before": 0.00425, "g_lr_after": 0.002125, "fires": 2348, "prior_lr_before": 0.0085, "prior_lr_after": 0.00425}
{"event": "g_lr_apply", "armed": true, "update_index": 3549, "g_lr_before": 0.00425, "g_lr_after": 0.002125, "fires": 2349, "prior_lr_before": 0.0085, "prior_lr_after": 0.00425}
{"event": "g_lr_apply", "armed": true, "update_index": 3550, "g_lr_before": 0.00425, "g_lr_after": 0.002125, "fires": 2350, "prior_lr_before": 0.0085, "prior_lr_after": 0.00425}
{"event": "g_lr_apply", "armed": true, "update_index": 3551, "g_lr_before": 0.00425, "g_lr_after": 0.002125, "fires": 2351, "prior_lr_before": 0.0085, "prior_lr_after": 0.00425}
{"event": "g_lr_apply", "armed": true, "update_index": 3552, "g_lr_before": 0.00425, "g_lr_after": 0.002125, "fires": 2352, "prior_lr_before": 0.0085, "prior_lr_after": 0.00425}
{"event": "g_lr_apply", "armed": true, "update_index": 3553, "g_lr_before": 0.00425, "g_lr_after": 0.002125, "fires": 2353, "prior_lr_before": 0.0085, "prior_lr_after": 0.00425}
{"event": "g_lr_apply", "armed": true, "update_index": 3554, "g_lr_before": 0.00425, "g_lr_after": 0.002125, "fires": 2354, "prior_lr_before": 0.0085, "prior_lr_after": 0.00425}
{"event": "g_lr_apply", "armed": true, "update_index": 3555, "g_lr_before": 0.00425, "g_lr_after": 0.002125, "fires": 2355, "prior_lr_before": 0.0085, "prior_lr_after": 0.00425}
{"event": "g_lr_apply", "armed": true, "update_index": 3556, "g_lr_before": 0.00425, "g_lr_after": 0.002125, "fires": 2356, "prior_lr_before": 0.0085, "prior_lr_after": 0.00425}
{"event": "g_lr_apply", "armed": true, "update_index": 3557, "g_lr_before": 0.00425, "g_lr_after": 0.002125, "fires": 2357, "prior_lr_before": 0.0085, "prior_lr_after": 0.00425}
{"event": "g_lr_apply", "armed": true, "update_index": 3558, "g_lr_before": 0.00425, "g_lr_after": 0.002125, "fires": 2358, "prior_lr_before": 0.0085, "prior_lr_after": 0.00425}
{"event": "g_lr_apply", "armed": true, "update_index": 3559, "g_lr_before": 0.00425, "g_lr_after": 0.002125, "fires": 2359, "prior_lr_before": 0.0085, "prior_lr_after": 0.00425}
{"event": "g_lr_apply", "armed": true, "update_index": 3560, "g_lr_before": 0.00425, "g_lr_after": 0.002125, "fires": 2360, "prior_lr_before": 0.0085, "prior_lr_after": 0.00425}
{"event": "g_lr_apply", "armed": true, "update_index": 3561, "g_lr_before": 0.00425, "g_lr_after": 0.002125, "fires": 2361, "prior_lr_before": 0.0085, "prior_lr_after": 0.00425}
{"event": "g_lr_apply", "armed": true, "update_index": 3562, "g_lr_before": 0.00425, "g_lr_after": 0.002125, "fires": 2362, "prior_lr_before": 0.0085, "prior_lr_after": 0.00425}
{"event": "g_lr_apply", "armed": true, "update_index": 3563, "g_lr_before": 0.00425, "g_lr_after": 0.002125, "fires": 2363, "prior_lr_before": 0.0085, "prior_lr_after": 0.00425}
{"event": "g_lr_apply", "armed": true, "update_index": 3564, "g_lr_before": 0.00425, "g_lr_after": 0.002125, "fires": 2364, "prior_lr_before": 0.0085, "prior_lr_after": 0.00425}
{"event": "g_lr_apply", "armed": true, "update_index": 3565, "g_lr_before": 0.00425, "g_lr_after": 0.002125, "fires": 2365, "prior_lr_before": 0.0085, "prior_lr_after": 0.00425}
{"event": "g_lr_apply", "armed": true, "update_index": 3566, "g_lr_before": 0.00425, "g_lr_after": 0.002125, "fires": 2366, "prior_lr_before": 0.0085, "prior_lr_after": 0.00425}
{"event": "g_lr_apply", "armed": true, "update_index": 3567, "g_lr_before": 0.00425, "g_lr_after": 0.002125, "fires": 2367, "prior_lr_before": 0.0085, "prior_lr_after": 0.00425}
{"event": "g_lr_apply", "armed": true, "update_index": 3568, "g_lr_before": 0.00425, "g_lr_after": 0.002125, "fires": 2368, "prior_lr_before": 0.0085, "prior_lr_after": 0.00425}
{"event": "g_lr_apply", "armed": true, "update_index": 3569, "g_lr_before": 0.00425, "g_lr_after": 0.002125, "fires": 2369, "prior_lr_before": 0.0085, "prior_lr_after": 0.00425}
{"event": "g_lr_apply", "armed": true, "update_index": 3570, "g_lr_before": 0.00425, "g_lr_after": 0.002125, "fires": 2370, "prior_lr_before": 0.0085, "prior_lr_after": 0.00425}
{"event": "g_lr_apply", "armed": true, "update_index": 3571, "g_lr_before": 0.00425, "g_lr_after": 0.002125, "fires": 2371, "prior_lr_before": 0.0085, "prior_lr_after": 0.00425}
{"event": "g_lr_apply", "armed": true, "update_index": 3572, "g_lr_before": 0.00425, "g_lr_after": 0.002125, "fires": 2372, "prior_lr_before": 0.0085, "prior_lr_after": 0.00425}
{"event": "g_lr_apply", "armed": true, "update_index": 3573, "g_lr_before": 0.00425, "g_lr_after": 0.002125, "fires": 2373, "prior_lr_before": 0.0085, "prior_lr_after": 0.00425}
{"event": "g_lr_apply", "armed": true, "update_index": 3574, "g_lr_before": 0.00425, "g_lr_after": 0.002125, "fires": 2374, "prior_lr_before": 0.0085, "prior_lr_after": 0.00425}
{"event": "g_lr_apply", "armed": true, "update_index": 3575, "g_lr_before": 0.00425, "g_lr_after": 0.002125, "fires": 2375, "prior_lr_before": 0.0085, "prior_lr_after": 0.00425}
{"event": "g_lr_apply", "armed": true, "update_index": 3576, "g_lr_before": 0.00425, "g_lr_after": 0.002125, "fires": 2376, "prior_lr_before": 0.0085, "prior_lr_after": 0.00425}
{"event": "g_lr_apply", "armed": true, "update_index": 3577, "g_lr_before": 0.00425, "g_lr_after": 0.002125, "fires": 2377, "prior_lr_before": 0.0085, "prior_lr_after": 0.00425}
{"event": "g_lr_apply", "armed": true, "update_index": 3578, "g_lr_before": 0.00425, "g_lr_after": 0.002125, "fires": 2378, "prior_lr_before": 0.0085, "prior_lr_after": 0.00425}
{"event": "g_lr_apply", "armed": true, "update_index": 3579, "g_lr_before": 0.00425, "g_lr_after": 0.002125, "fires": 2379, "prior_lr_before": 0.0085, "prior_lr_after": 0.00425}
{"event": "g_lr_apply", "armed": true, "update_index": 3580, "g_lr_before": 0.00425, "g_lr_after": 0.002125, "fires": 2380, "prior_lr_before": 0.0085, "prior_lr_after": 0.00425}
{"event": "g_lr_apply", "armed": true, "update_index": 3581, "g_lr_before": 0.00425, "g_lr_after": 0.002125, "fires": 2381, "prior_lr_before": 0.0085, "prior_lr_after": 0.00425}
{"event": "g_lr_apply", "armed": true, "update_index": 3582, "g_lr_before": 0.00425, "g_lr_after": 0.002125, "fires": 2382, "prior_lr_before": 0.0085, "prior_lr_after": 0.00425}
{"event": "g_lr_apply", "armed": true, "update_index": 3583, "g_lr_before": 0.00425, "g_lr_after": 0.002125, "fires": 2383, "prior_lr_before": 0.0085, "prior_lr_after": 0.00425}
{"event": "g_lr_apply", "armed": true, "update_index": 3584, "g_lr_before": 0.00425, "g_lr_after": 0.002125, "fires": 2384, "prior_lr_before": 0.0085, "prior_lr_after": 0.00425}
{"event": "g_lr_apply", "armed": true, "update_index": 3585, "g_lr_before": 0.00425, "g_lr_after": 0.002125, "fires": 2385, "prior_lr_before": 0.0085, "prior_lr_after": 0.00425}
{"event": "g_lr_apply", "armed": true, "update_index": 3586, "g_lr_before": 0.00425, "g_lr_after": 0.002125, "fires": 2386, "prior_lr_before": 0.0085, "prior_lr_after": 0.00425}
{"event": "g_lr_apply", "armed": true, "update_index": 3587, "g_lr_before": 0.00425, "g_lr_after": 0.002125, "fires": 2387, "prior_lr_before": 0.0085, "prior_lr_after": 0.00425}
{"event": "g_lr_apply", "armed": true, "update_index": 3588, "g_lr_before": 0.00425, "g_lr_after": 0.002125, "fires": 2388, "prior_lr_before": 0.0085, "prior_lr_after": 0.00425}
{"event": "g_lr_apply", "armed": true, "update_index": 3589, "g_lr_before": 0.00425, "g_lr_after": 0.002125, "fires": 2389, "prior_lr_before": 0.0085, "prior_lr_after": 0.00425}
{"event": "g_lr_apply", "armed": true, "update_index": 3590, "g_lr_before": 0.00425, "g_lr_after": 0.002125, "fires": 2390, "prior_lr_before": 0.0085, "prior_lr_after": 0.00425}
{"event": "g_lr_apply", "armed": true, "update_index": 3591, "g_lr_before": 0.00425, "g_lr_after": 0.002125, "fires": 2391, "prior_lr_before": 0.0085, "prior_lr_after": 0.00425}
{"event": "g_lr_apply", "armed": true, "update_index": 3592, "g_lr_before": 0.00425, "g_lr_after": 0.002125, "fires": 2392, "prior_lr_before": 0.0085, "prior_lr_after": 0.00425}
{"event": "g_lr_apply", "armed": true, "update_index": 3593, "g_lr_before": 0.00425, "g_lr_after": 0.002125, "fires": 2393, "prior_lr_before": 0.0085, "prior_lr_after": 0.00425}
{"event": "g_lr_apply", "armed": true, "update_index": 3594, "g_lr_before": 0.00425, "g_lr_after": 0.002125, "fires": 2394, "prior_lr_before": 0.0085, "prior_lr_after": 0.00425}
{"event": "g_lr_apply", "armed": true, "update_index": 3595, "g_lr_before": 0.00425, "g_lr_after": 0.002125, "fires": 2395, "prior_lr_before": 0.0085, "prior_lr_after": 0.00425}
{"event": "g_lr_apply", "armed": true, "update_index": 3596, "g_lr_before": 0.00425, "g_lr_after": 0.002125, "fires": 2396, "prior_lr_before": 0.0085, "prior_lr_after": 0.00425}
{"event": "g_lr_apply", "armed": true, "update_index": 3597, "g_lr_before": 0.00425, "g_lr_after": 0.002125, "fires": 2397, "prior_lr_before": 0.0085, "prior_lr_after": 0.00425}
{"event": "g_lr_apply", "armed": true, "update_index": 3598, "g_lr_before": 0.00425, "g_lr_after": 0.002125, "fires": 2398, "prior_lr_before": 0.0085, "prior_lr_after": 0.00425}
{"event": "g_lr_apply", "armed": true, "update_index": 3599, "g_lr_before": 0.00425, "g_lr_after": 0.002125, "fires": 2399, "prior_lr_before": 0.0085, "prior_lr_after": 0.00425}
{"event": "g_lr_apply", "armed": true, "update_index": 3600, "g_lr_before": 0.00425, "g_lr_after": 0.002125, "fires": 2400, "prior_lr_before": 0.0085, "prior_lr_after": 0.00425}
{"event": "g_lr_apply", "armed": true, "update_index": 3601, "g_lr_before": 0.00425, "g_lr_after": 0.002125, "fires": 2401, "prior_lr_before": 0.0085, "prior_lr_after": 0.00425}
{"event": "g_lr_apply", "armed": true, "update_index": 3602, "g_lr_before": 0.00425, "g_lr_after": 0.002125, "fires": 2402, "prior_lr_before": 0.0085, "prior_lr_after": 0.00425}
{"event": "g_lr_apply", "armed": true, "update_index": 3603, "g_lr_before": 0.00425, "g_lr_after": 0.002125, "fires": 2403, "prior_lr_before": 0.0085, "prior_lr_after": 0.00425}
{"event": "g_lr_apply", "armed": true, "update_index": 3604, "g_lr_before": 0.00425, "g_lr_after": 0.002125, "fires": 2404, "prior_lr_before": 0.0085, "prior_lr_after": 0.00425}
{"event": "g_lr_apply", "armed": true, "update_index": 3605, "g_lr_before": 0.00425, "g_lr_after": 0.002125, "fires": 2405, "prior_lr_before": 0.0085, "prior_lr_after": 0.00425}
{"event": "g_lr_apply", "armed": true, "update_index": 3606, "g_lr_before": 0.00425, "g_lr_after": 0.002125, "fires": 2406, "prior_lr_before": 0.0085, "prior_lr_after": 0.00425}
{"event": "g_lr_apply", "armed": true, "update_index": 3607, "g_lr_before": 0.00425, "g_lr_after": 0.002125, "fires": 2407, "prior_lr_before": 0.0085, "prior_lr_after": 0.00425}
{"event": "g_lr_apply", "armed": true, "update_index": 3608, "g_lr_before": 0.00425, "g_lr_after": 0.002125, "fires": 2408, "prior_lr_before": 0.0085, "prior_lr_after": 0.00425}
{"event": "g_lr_apply", "armed": true, "update_index": 3609, "g_lr_before": 0.00425, "g_lr_after": 0.002125, "fires": 2409, "prior_lr_before": 0.0085, "prior_lr_after": 0.00425}
{"event": "g_lr_apply", "armed": true, "update_index": 3610, "g_lr_before": 0.00425, "g_lr_after": 0.002125, "fires": 2410, "prior_lr_before": 0.0085, "prior_lr_after": 0.00425}
{"event": "g_lr_apply", "armed": true, "update_index": 3611, "g_lr_before": 0.00425, "g_lr_after": 0.002125, "fires": 2411, "prior_lr_before": 0.0085, "prior_lr_after": 0.00425}
{"event": "g_lr_apply", "armed": true, "update_index": 3612, "g_lr_before": 0.00425, "g_lr_after": 0.002125, "fires": 2412, "prior_lr_before": 0.0085, "prior_lr_after": 0.00425}
{"event": "g_lr_apply", "armed": true, "update_index": 3613, "g_lr_before": 0.00425, "g_lr_after": 0.002125, "fires": 2413, "prior_lr_before": 0.0085, "prior_lr_after": 0.00425}
{"event": "g_lr_apply", "armed": true, "update_index": 3614, "g_lr_before": 0.00425, "g_lr_after": 0.002125, "fires": 2414, "prior_lr_before": 0.0085, "prior_lr_after": 0.00425}
{"event": "g_lr_apply", "armed": true, "update_index": 3615, "g_lr_before": 0.00425, "g_lr_after": 0.002125, "fires": 2415, "prior_lr_before": 0.0085, "prior_lr_after": 0.00425}
{"event": "g_lr_apply", "armed": true, "update_index": 3616, "g_lr_before": 0.00425, "g_lr_after": 0.002125, "fires": 2416, "prior_lr_before": 0.0085, "prior_lr_after": 0.00425}
{"event": "g_lr_apply", "armed": true, "update_index": 3617, "g_lr_before": 0.00425, "g_lr_after": 0.002125, "fires": 2417, "prior_lr_before": 0.0085, "prior_lr_after": 0.00425}
{"event": "g_lr_apply", "armed": true, "update_index": 3618, "g_lr_before": 0.00425, "g_lr_after": 0.002125, "fires": 2418, "prior_lr_before": 0.0085, "prior_lr_after": 0.00425}
{"event": "g_lr_apply", "armed": true, "update_index": 3619, "g_lr_before": 0.00425, "g_lr_after": 0.002125, "fires": 2419, "prior_lr_before": 0.0085, "prior_lr_after": 0.00425}
{"event": "g_lr_apply", "armed": true, "update_index": 3620, "g_lr_before": 0.00425, "g_lr_after": 0.002125, "fires": 2420, "prior_lr_before": 0.0085, "prior_lr_after": 0.00425}
{"event": "g_lr_apply", "armed": true, "update_index": 3621, "g_lr_before": 0.00425, "g_lr_after": 0.002125, "fires": 2421, "prior_lr_before": 0.0085, "prior_lr_after": 0.00425}
{"event": "g_lr_apply", "armed": true, "update_index": 3622, "g_lr_before": 0.00425, "g_lr_after": 0.002125, "fires": 2422, "prior_lr_before": 0.0085, "prior_lr_after": 0.00425}
{"event": "g_lr_apply", "armed": true, "update_index": 3623, "g_lr_before": 0.00425, "g_lr_after": 0.002125, "fires": 2423, "prior_lr_before": 0.0085, "prior_lr_after": 0.00425}
{"event": "g_lr_apply", "armed": true, "update_index": 3624, "g_lr_before": 0.00425, "g_lr_after": 0.002125, "fires": 2424, "prior_lr_before": 0.0085, "prior_lr_after": 0.00425}
{"event": "g_lr_apply", "armed": true, "update_index": 3625, "g_lr_before": 0.00425, "g_lr_after": 0.002125, "fires": 2425, "prior_lr_before": 0.0085, "prior_lr_after": 0.00425}
{"event": "g_lr_apply", "armed": true, "update_index": 3626, "g_lr_before": 0.00425, "g_lr_after": 0.002125, "fires": 2426, "prior_lr_before": 0.0085, "prior_lr_after": 0.00425}
{"event": "g_lr_apply", "armed": true, "update_index": 3627, "g_lr_before": 0.00425, "g_lr_after": 0.002125, "fires": 2427, "prior_lr_before": 0.0085, "prior_lr_after": 0.00425}
{"event": "g_lr_apply", "armed": true, "update_index": 3628, "g_lr_before": 0.00425, "g_lr_after": 0.002125, "fires": 2428, "prior_lr_before": 0.0085, "prior_lr_after": 0.00425}
{"event": "g_lr_apply", "armed": true, "update_index": 3629, "g_lr_before": 0.00425, "g_lr_after": 0.002125, "fires": 2429, "prior_lr_before": 0.0085, "prior_lr_after": 0.00425}
{"event": "g_lr_apply", "armed": true, "update_index": 3630, "g_lr_before": 0.00425, "g_lr_after": 0.002125, "fires": 2430, "prior_lr_before": 0.0085, "prior_lr_after": 0.00425}
{"event": "g_lr_apply", "armed": true, "update_index": 3631, "g_lr_before": 0.00425, "g_lr_after": 0.002125, "fires": 2431, "prior_lr_before": 0.0085, "prior_lr_after": 0.00425}
{"event": "g_lr_apply", "armed": true, "update_index": 3632, "g_lr_before": 0.00425, "g_lr_after": 0.002125, "fires": 2432, "prior_lr_before": 0.0085, "prior_lr_after": 0.00425}
{"event": "g_lr_apply", "armed": true, "update_index": 3633, "g_lr_before": 0.00425, "g_lr_after": 0.002125, "fires": 2433, "prior_lr_before": 0.0085, "prior_lr_after": 0.00425}
{"event": "g_lr_apply", "armed": true, "update_index": 3634, "g_lr_before": 0.00425, "g_lr_after": 0.002125, "fires": 2434, "prior_lr_before": 0.0085, "prior_lr_after": 0.00425}
{"event": "g_lr_apply", "armed": true, "update_index": 3635, "g_lr_before": 0.00425, "g_lr_after": 0.002125, "fires": 2435, "prior_lr_before": 0.0085, "prior_lr_after": 0.00425}
{"event": "g_lr_apply", "armed": true, "update_index": 3636, "g_lr_before": 0.00425, "g_lr_after": 0.002125, "fires": 2436, "prior_lr_before": 0.0085, "prior_lr_after": 0.00425}
{"event": "g_lr_apply", "armed": true, "update_index": 3637, "g_lr_before": 0.00425, "g_lr_after": 0.002125, "fires": 2437, "prior_lr_before": 0.0085, "prior_lr_after": 0.00425}
{"event": "g_lr_apply", "armed": true, "update_index": 3638, "g_lr_before": 0.00425, "g_lr_after": 0.002125, "fires": 2438, "prior_lr_before": 0.0085, "prior_lr_after": 0.00425}
{"event": "g_lr_apply", "armed": true, "update_index": 3639, "g_lr_before": 0.00425, "g_lr_after": 0.002125, "fires": 2439, "prior_lr_before": 0.0085, "prior_lr_after": 0.00425}
{"event": "g_lr_apply", "armed": true, "update_index": 3640, "g_lr_before": 0.00425, "g_lr_after": 0.002125, "fires": 2440, "prior_lr_before": 0.0085, "prior_lr_after": 0.00425}
{"event": "g_lr_apply", "armed": true, "update_index": 3641, "g_lr_before": 0.00425, "g_lr_after": 0.002125, "fires": 2441, "prior_lr_before": 0.0085, "prior_lr_after": 0.00425}
{"event": "g_lr_apply", "armed": true, "update_index": 3642, "g_lr_before": 0.00425, "g_lr_after": 0.002125, "fires": 2442, "prior_lr_before": 0.0085, "prior_lr_after": 0.00425}
{"event": "g_lr_apply", "armed": true, "update_index": 3643, "g_lr_before": 0.00425, "g_lr_after": 0.002125, "fires": 2443, "prior_lr_before": 0.0085, "prior_lr_after": 0.00425}
{"event": "g_lr_apply", "armed": true, "update_index": 3644, "g_lr_before": 0.00425, "g_lr_after": 0.002125, "fires": 2444, "prior_lr_before": 0.0085, "prior_lr_after": 0.00425}
{"event": "g_lr_apply", "armed": true, "update_index": 3645, "g_lr_before": 0.00425, "g_lr_after": 0.002125, "fires": 2445, "prior_lr_before": 0.0085, "prior_lr_after": 0.00425}
{"event": "g_lr_apply", "armed": true, "update_index": 3646, "g_lr_before": 0.00425, "g_lr_after": 0.002125, "fires": 2446, "prior_lr_before": 0.0085, "prior_lr_after": 0.00425}
{"event": "g_lr_apply", "armed": true, "update_index": 3647, "g_lr_before": 0.00425, "g_lr_after": 0.002125, "fires": 2447, "prior_lr_before": 0.0085, "prior_lr_after": 0.00425}
{"event": "g_lr_apply", "armed": true, "update_index": 3648, "g_lr_before": 0.00425, "g_lr_after": 0.002125, "fires": 2448, "prior_lr_before": 0.0085, "prior_lr_after": 0.00425}
{"event": "g_lr_apply", "armed": true, "update_index": 3649, "g_lr_before": 0.00425, "g_lr_after": 0.002125, "fires": 2449, "prior_lr_before": 0.0085, "prior_lr_after": 0.00425}
{"event": "g_lr_apply", "armed": true, "update_index": 3650, "g_lr_before": 0.00425, "g_lr_after": 0.002125, "fires": 2450, "prior_lr_before": 0.0085, "prior_lr_after": 0.00425}
{"event": "g_lr_apply", "armed": true, "update_index": 3651, "g_lr_before": 0.00425, "g_lr_after": 0.002125, "fires": 2451, "prior_lr_before": 0.0085, "prior_lr_after": 0.00425}
{"event": "g_lr_apply", "armed": true, "update_index": 3652, "g_lr_before": 0.00425, "g_lr_after": 0.002125, "fires": 2452, "prior_lr_before": 0.0085, "prior_lr_after": 0.00425}
{"event": "g_lr_apply", "armed": true, "update_index": 3653, "g_lr_before": 0.00425, "g_lr_after": 0.002125, "fires": 2453, "prior_lr_before": 0.0085, "prior_lr_after": 0.00425}
{"event": "g_lr_apply", "armed": true, "update_index": 3654, "g_lr_before": 0.00425, "g_lr_after": 0.002125, "fires": 2454, "prior_lr_before": 0.0085, "prior_lr_after": 0.00425}
{"event": "g_lr_apply", "armed": true, "update_index": 3655, "g_lr_before": 0.00425, "g_lr_after": 0.002125, "fires": 2455, "prior_lr_before": 0.0085, "prior_lr_after": 0.00425}
{"event": "g_lr_apply", "armed": true, "update_index": 3656, "g_lr_before": 0.00425, "g_lr_after": 0.002125, "fires": 2456, "prior_lr_before": 0.0085, "prior_lr_after": 0.00425}
{"event": "g_lr_apply", "armed": true, "update_index": 3657, "g_lr_before": 0.00425, "g_lr_after": 0.002125, "fires": 2457, "prior_lr_before": 0.0085, "prior_lr_after": 0.00425}
{"event": "g_lr_apply", "armed": true, "update_index": 3658, "g_lr_before": 0.00425, "g_lr_after": 0.002125, "fires": 2458, "prior_lr_before": 0.0085, "prior_lr_after": 0.00425}
{"event": "g_lr_apply", "armed": true, "update_index": 3659, "g_lr_before": 0.00425, "g_lr_after": 0.002125, "fires": 2459, "prior_lr_before": 0.0085, "prior_lr_after": 0.00425}
{"event": "g_lr_apply", "armed": true, "update_index": 3660, "g_lr_before": 0.00425, "g_lr_after": 0.002125, "fires": 2460, "prior_lr_before": 0.0085, "prior_lr_after": 0.00425}
{"event": "g_lr_apply", "armed": true, "update_index": 3661, "g_lr_before": 0.00425, "g_lr_after": 0.002125, "fires": 2461, "prior_lr_before": 0.0085, "prior_lr_after": 0.00425}
{"event": "g_lr_apply", "armed": true, "update_index": 3662, "g_lr_before": 0.00425, "g_lr_after": 0.002125, "fires": 2462, "prior_lr_before": 0.0085, "prior_lr_after": 0.00425}
{"event": "g_lr_apply", "armed": true, "update_index": 3663, "g_lr_before": 0.00425, "g_lr_after": 0.002125, "fires": 2463, "prior_lr_before": 0.0085, "prior_lr_after": 0.00425}
{"event": "g_lr_apply", "armed": true, "update_index": 3664, "g_lr_before": 0.00425, "g_lr_after": 0.002125, "fires": 2464, "prior_lr_before": 0.0085, "prior_lr_after": 0.00425}
{"event": "g_lr_apply", "armed": true, "update_index": 3665, "g_lr_before": 0.00425, "g_lr_after": 0.002125, "fires": 2465, "prior_lr_before": 0.0085, "prior_lr_after": 0.00425}
{"event": "g_lr_apply", "armed": true, "update_index": 3666, "g_lr_before": 0.00425, "g_lr_after": 0.002125, "fires": 2466, "prior_lr_before": 0.0085, "prior_lr_after": 0.00425}
{"event": "g_lr_apply", "armed": true, "update_index": 3667, "g_lr_before": 0.00425, "g_lr_after": 0.002125, "fires": 2467, "prior_lr_before": 0.0085, "prior_lr_after": 0.00425}
{"event": "g_lr_apply", "armed": true, "update_index": 3668, "g_lr_before": 0.00425, "g_lr_after": 0.002125, "fires": 2468, "prior_lr_before": 0.0085, "prior_lr_after": 0.00425}
{"event": "g_lr_apply", "armed": true, "update_index": 3669, "g_lr_before": 0.00425, "g_lr_after": 0.002125, "fires": 2469, "prior_lr_before": 0.0085, "prior_lr_after": 0.00425}
{"event": "g_lr_apply", "armed": true, "update_index": 3670, "g_lr_before": 0.00425, "g_lr_after": 0.002125, "fires": 2470, "prior_lr_before": 0.0085, "prior_lr_after": 0.00425}
{"event": "g_lr_apply", "armed": true, "update_index": 3671, "g_lr_before": 0.00425, "g_lr_after": 0.002125, "fires": 2471, "prior_lr_before": 0.0085, "prior_lr_after": 0.00425}
{"event": "g_lr_apply", "armed": true, "update_index": 3672, "g_lr_before": 0.00425, "g_lr_after": 0.002125, "fires": 2472, "prior_lr_before": 0.0085, "prior_lr_after": 0.00425}
{"event": "g_lr_apply", "armed": true, "update_index": 3673, "g_lr_before": 0.00425, "g_lr_after": 0.002125, "fires": 2473, "prior_lr_before": 0.0085, "prior_lr_after": 0.00425}
{"event": "g_lr_apply", "armed": true, "update_index": 3674, "g_lr_before": 0.00425, "g_lr_after": 0.002125, "fires": 2474, "prior_lr_before": 0.0085, "prior_lr_after": 0.00425}
{"event": "g_lr_apply", "armed": true, "update_index": 3675, "g_lr_before": 0.00425, "g_lr_after": 0.002125, "fires": 2475, "prior_lr_before": 0.0085, "prior_lr_after": 0.00425}
{"event": "g_lr_apply", "armed": true, "update_index": 3676, "g_lr_before": 0.00425, "g_lr_after": 0.002125, "fires": 2476, "prior_lr_before": 0.0085, "prior_lr_after": 0.00425}
{"event": "g_lr_apply", "armed": true, "update_index": 3677, "g_lr_before": 0.00425, "g_lr_after": 0.002125, "fires": 2477, "prior_lr_before": 0.0085, "prior_lr_after": 0.00425}
{"event": "g_lr_apply", "armed": true, "update_index": 3678, "g_lr_before": 0.00425, "g_lr_after": 0.002125, "fires": 2478, "prior_lr_before": 0.0085, "prior_lr_after": 0.00425}
{"event": "g_lr_apply", "armed": true, "update_index": 3679, "g_lr_before": 0.00425, "g_lr_after": 0.002125, "fires": 2479, "prior_lr_before": 0.0085, "prior_lr_after": 0.00425}
{"event": "g_lr_apply", "armed": true, "update_index": 3680, "g_lr_before": 0.00425, "g_lr_after": 0.002125, "fires": 2480, "prior_lr_before": 0.0085, "prior_lr_after": 0.00425}
{"event": "g_lr_apply", "armed": true, "update_index": 3681, "g_lr_before": 0.00425, "g_lr_after": 0.002125, "fires": 2481, "prior_lr_before": 0.0085, "prior_lr_after": 0.00425}
{"event": "g_lr_apply", "armed": true, "update_index": 3682, "g_lr_before": 0.00425, "g_lr_after": 0.002125, "fires": 2482, "prior_lr_before": 0.0085, "prior_lr_after": 0.00425}
{"event": "g_lr_apply", "armed": true, "update_index": 3683, "g_lr_before": 0.00425, "g_lr_after": 0.002125, "fires": 2483, "prior_lr_before": 0.0085, "prior_lr_after": 0.00425}
{"event": "g_lr_apply", "armed": true, "update_index": 3684, "g_lr_before": 0.00425, "g_lr_after": 0.002125, "fires": 2484, "prior_lr_before": 0.0085, "prior_lr_after": 0.00425}
{"event": "g_lr_apply", "armed": true, "update_index": 3685, "g_lr_before": 0.00425, "g_lr_after": 0.002125, "fires": 2485, "prior_lr_before": 0.0085, "prior_lr_after": 0.00425}
{"event": "g_lr_apply", "armed": true, "update_index": 3686, "g_lr_before": 0.00425, "g_lr_after": 0.002125, "fires": 2486, "prior_lr_before": 0.0085, "prior_lr_after": 0.00425}
{"event": "g_lr_apply", "armed": true, "update_index": 3687, "g_lr_before": 0.00425, "g_lr_after": 0.002125, "fires": 2487, "prior_lr_before": 0.0085, "prior_lr_after": 0.00425}
{"event": "g_lr_apply", "armed": true, "update_index": 3688, "g_lr_before": 0.00425, "g_lr_after": 0.002125, "fires": 2488, "prior_lr_before": 0.0085, "prior_lr_after": 0.00425}
{"event": "g_lr_apply", "armed": true, "update_index": 3689, "g_lr_before": 0.00425, "g_lr_after": 0.002125, "fires": 2489, "prior_lr_before": 0.0085, "prior_lr_after": 0.00425}
{"event": "g_lr_apply", "armed": true, "update_index": 3690, "g_lr_before": 0.00425, "g_lr_after": 0.002125, "fires": 2490, "prior_lr_before": 0.0085, "prior_lr_after": 0.00425}
{"event": "g_lr_apply", "armed": true, "update_index": 3691, "g_lr_before": 0.00425, "g_lr_after": 0.002125, "fires": 2491, "prior_lr_before": 0.0085, "prior_lr_after": 0.00425}
{"event": "g_lr_apply", "armed": true, "update_index": 3692, "g_lr_before": 0.00425, "g_lr_after": 0.002125, "fires": 2492, "prior_lr_before": 0.0085, "prior_lr_after": 0.00425}
{"event": "g_lr_apply", "armed": true, "update_index": 3693, "g_lr_before": 0.00425, "g_lr_after": 0.002125, "fires": 2493, "prior_lr_before": 0.0085, "prior_lr_after": 0.00425}
{"event": "g_lr_apply", "armed": true, "update_index": 3694, "g_lr_before": 0.00425, "g_lr_after": 0.002125, "fires": 2494, "prior_lr_before": 0.0085, "prior_lr_after": 0.00425}
{"event": "g_lr_apply", "armed": true, "update_index": 3695, "g_lr_before": 0.00425, "g_lr_after": 0.002125, "fires": 2495, "prior_lr_before": 0.0085, "prior_lr_after": 0.00425}
{"event": "g_lr_apply", "armed": true, "update_index": 3696, "g_lr_before": 0.00425, "g_lr_after": 0.002125, "fires": 2496, "prior_lr_before": 0.0085, "prior_lr_after": 0.00425}
{"event": "g_lr_apply", "armed": true, "update_index": 3697, "g_lr_before": 0.00425, "g_lr_after": 0.002125, "fires": 2497, "prior_lr_before": 0.0085, "prior_lr_after": 0.00425}
{"event": "g_lr_apply", "armed": true, "update_index": 3698, "g_lr_before": 0.00425, "g_lr_after": 0.002125, "fires": 2498, "prior_lr_before": 0.0085, "prior_lr_after": 0.00425}
{"event": "g_lr_apply", "armed": true, "update_index": 3699, "g_lr_before": 0.00425, "g_lr_after": 0.002125, "fires": 2499, "prior_lr_before": 0.0085, "prior_lr_after": 0.00425}
{"event": "g_lr_apply", "armed": true, "update_index": 3700, "g_lr_before": 0.00425, "g_lr_after": 0.002125, "fires": 2500, "prior_lr_before": 0.0085, "prior_lr_after": 0.00425}
{"event": "g_lr_apply", "armed": true, "update_index": 3701, "g_lr_before": 0.00425, "g_lr_after": 0.002125, "fires": 2501, "prior_lr_before": 0.0085, "prior_lr_after": 0.00425}
{"event": "g_lr_apply", "armed": true, "update_index": 3702, "g_lr_before": 0.00425, "g_lr_after": 0.002125, "fires": 2502, "prior_lr_before": 0.0085, "prior_lr_after": 0.00425}
{"event": "g_lr_apply", "armed": true, "update_index": 3703, "g_lr_before": 0.00425, "g_lr_after": 0.002125, "fires": 2503, "prior_lr_before": 0.0085, "prior_lr_after": 0.00425}
{"event": "g_lr_apply", "armed": true, "update_index": 3704, "g_lr_before": 0.00425, "g_lr_after": 0.002125, "fires": 2504, "prior_lr_before": 0.0085, "prior_lr_after": 0.00425}
{"event": "g_lr_apply", "armed": true, "update_index": 3705, "g_lr_before": 0.00425, "g_lr_after": 0.002125, "fires": 2505, "prior_lr_before": 0.0085, "prior_lr_after": 0.00425}
{"event": "g_lr_apply", "armed": true, "update_index": 3706, "g_lr_before": 0.00425, "g_lr_after": 0.002125, "fires": 2506, "prior_lr_before": 0.0085, "prior_lr_after": 0.00425}
{"event": "g_lr_apply", "armed": true, "update_index": 3707, "g_lr_before": 0.00425, "g_lr_after": 0.002125, "fires": 2507, "prior_lr_before": 0.0085, "prior_lr_after": 0.00425}
{"event": "g_lr_apply", "armed": true, "update_index": 3708, "g_lr_before": 0.00425, "g_lr_after": 0.002125, "fires": 2508, "prior_lr_before": 0.0085, "prior_lr_after": 0.00425}
{"event": "g_lr_apply", "armed": true, "update_index": 3709, "g_lr_before": 0.00425, "g_lr_after": 0.002125, "fires": 2509, "prior_lr_before": 0.0085, "prior_lr_after": 0.00425}
{"event": "g_lr_apply", "armed": true, "update_index": 3710, "g_lr_before": 0.00425, "g_lr_after": 0.002125, "fires": 2510, "prior_lr_before": 0.0085, "prior_lr_after": 0.00425}
{"event": "g_lr_apply", "armed": true, "update_index": 3711, "g_lr_before": 0.00425, "g_lr_after": 0.002125, "fires": 2511, "prior_lr_before": 0.0085, "prior_lr_after": 0.00425}
{"event": "g_lr_apply", "armed": true, "update_index": 3712, "g_lr_before": 0.00425, "g_lr_after": 0.002125, "fires": 2512, "prior_lr_before": 0.0085, "prior_lr_after": 0.00425}
{"event": "g_lr_apply", "armed": true, "update_index": 3713, "g_lr_before": 0.00425, "g_lr_after": 0.002125, "fires": 2513, "prior_lr_before": 0.0085, "prior_lr_after": 0.00425}
{"event": "g_lr_apply", "armed": true, "update_index": 3714, "g_lr_before": 0.00425, "g_lr_after": 0.002125, "fires": 2514, "prior_lr_before": 0.0085, "prior_lr_after": 0.00425}
{"event": "g_lr_apply", "armed": true, "update_index": 3715, "g_lr_before": 0.00425, "g_lr_after": 0.002125, "fires": 2515, "prior_lr_before": 0.0085, "prior_lr_after": 0.00425}
{"event": "g_lr_apply", "armed": true, "update_index": 3716, "g_lr_before": 0.00425, "g_lr_after": 0.002125, "fires": 2516, "prior_lr_before": 0.0085, "prior_lr_after": 0.00425}
{"event": "g_lr_apply", "armed": true, "update_index": 3717, "g_lr_before": 0.00425, "g_lr_after": 0.002125, "fires": 2517, "prior_lr_before": 0.0085, "prior_lr_after": 0.00425}
{"event": "g_lr_apply", "armed": true, "update_index": 3718, "g_lr_before": 0.00425, "g_lr_after": 0.002125, "fires": 2518, "prior_lr_before": 0.0085, "prior_lr_after": 0.00425}
{"event": "g_lr_apply", "armed": true, "update_index": 3719, "g_lr_before": 0.00425, "g_lr_after": 0.002125, "fires": 2519, "prior_lr_before": 0.0085, "prior_lr_after": 0.00425}
{"event": "g_lr_apply", "armed": true, "update_index": 3720, "g_lr_before": 0.00425, "g_lr_after": 0.002125, "fires": 2520, "prior_lr_before": 0.0085, "prior_lr_after": 0.00425}
{"event": "g_lr_apply", "armed": true, "update_index": 3721, "g_lr_before": 0.00425, "g_lr_after": 0.002125, "fires": 2521, "prior_lr_before": 0.0085, "prior_lr_after": 0.00425}
{"event": "g_lr_apply", "armed": true, "update_index": 3722, "g_lr_before": 0.00425, "g_lr_after": 0.002125, "fires": 2522, "prior_lr_before": 0.0085, "prior_lr_after": 0.00425}
{"event": "g_lr_apply", "armed": true, "update_index": 3723, "g_lr_before": 0.00425, "g_lr_after": 0.002125, "fires": 2523, "prior_lr_before": 0.0085, "prior_lr_after": 0.00425}
{"event": "g_lr_apply", "armed": true, "update_index": 3724, "g_lr_before": 0.00425, "g_lr_after": 0.002125, "fires": 2524, "prior_lr_before": 0.0085, "prior_lr_after": 0.00425}
{"event": "g_lr_apply", "armed": true, "update_index": 3725, "g_lr_before": 0.00425, "g_lr_after": 0.002125, "fires": 2525, "prior_lr_before": 0.0085, "prior_lr_after": 0.00425}
{"event": "g_lr_apply", "armed": true, "update_index": 3726, "g_lr_before": 0.00425, "g_lr_after": 0.002125, "fires": 2526, "prior_lr_before": 0.0085, "prior_lr_after": 0.00425}
{"event": "g_lr_apply", "armed": true, "update_index": 3727, "g_lr_before": 0.00425, "g_lr_after": 0.002125, "fires": 2527, "prior_lr_before": 0.0085, "prior_lr_after": 0.00425}
{"event": "g_lr_apply", "armed": true, "update_index": 3728, "g_lr_before": 0.00425, "g_lr_after": 0.002125, "fires": 2528, "prior_lr_before": 0.0085, "prior_lr_after": 0.00425}
{"event": "g_lr_apply", "armed": true, "update_index": 3729, "g_lr_before": 0.00425, "g_lr_after": 0.002125, "fires": 2529, "prior_lr_before": 0.0085, "prior_lr_after": 0.00425}
{"event": "g_lr_apply", "armed": true, "update_index": 3730, "g_lr_before": 0.00425, "g_lr_after": 0.002125, "fires": 2530, "prior_lr_before": 0.0085, "prior_lr_after": 0.00425}
{"event": "g_lr_apply", "armed": true, "update_index": 3731, "g_lr_before": 0.00425, "g_lr_after": 0.002125, "fires": 2531, "prior_lr_before": 0.0085, "prior_lr_after": 0.00425}
{"event": "g_lr_apply", "armed": true, "update_index": 3732, "g_lr_before": 0.00425, "g_lr_after": 0.002125, "fires": 2532, "prior_lr_before": 0.0085, "prior_lr_after": 0.00425}
{"event": "g_lr_apply", "armed": true, "update_index": 3733, "g_lr_before": 0.00425, "g_lr_after": 0.002125, "fires": 2533, "prior_lr_before": 0.0085, "prior_lr_after": 0.00425}
{"event": "g_lr_apply", "armed": true, "update_index": 3734, "g_lr_before": 0.00425, "g_lr_after": 0.002125, "fires": 2534, "prior_lr_before": 0.0085, "prior_lr_after": 0.00425}
{"event": "g_lr_apply", "armed": true, "update_index": 3735, "g_lr_before": 0.00425, "g_lr_after": 0.002125, "fires": 2535, "prior_lr_before": 0.0085, "prior_lr_after": 0.00425}
{"event": "g_lr_apply", "armed": true, "update_index": 3736, "g_lr_before": 0.00425, "g_lr_after": 0.002125, "fires": 2536, "prior_lr_before": 0.0085, "prior_lr_after": 0.00425}
{"event": "g_lr_apply", "armed": true, "update_index": 3737, "g_lr_before": 0.00425, "g_lr_after": 0.002125, "fires": 2537, "prior_lr_before": 0.0085, "prior_lr_after": 0.00425}
{"event": "g_lr_apply", "armed": true, "update_index": 3738, "g_lr_before": 0.00425, "g_lr_after": 0.002125, "fires": 2538, "prior_lr_before": 0.0085, "prior_lr_after": 0.00425}
{"event": "g_lr_apply", "armed": true, "update_index": 3739, "g_lr_before": 0.00425, "g_lr_after": 0.002125, "fires": 2539, "prior_lr_before": 0.0085, "prior_lr_after": 0.00425}
{"event": "g_lr_apply", "armed": true, "update_index": 3740, "g_lr_before": 0.00425, "g_lr_after": 0.002125, "fires": 2540, "prior_lr_before": 0.0085, "prior_lr_after": 0.00425}
{"event": "g_lr_apply", "armed": true, "update_index": 3741, "g_lr_before": 0.00425, "g_lr_after": 0.002125, "fires": 2541, "prior_lr_before": 0.0085, "prior_lr_after": 0.00425}
{"event": "g_lr_apply", "armed": true, "update_index": 3742, "g_lr_before": 0.00425, "g_lr_after": 0.002125, "fires": 2542, "prior_lr_before": 0.0085, "prior_lr_after": 0.00425}
{"event": "g_lr_apply", "armed": true, "update_index": 3743, "g_lr_before": 0.00425, "g_lr_after": 0.002125, "fires": 2543, "prior_lr_before": 0.0085, "prior_lr_after": 0.00425}
{"event": "g_lr_apply", "armed": true, "update_index": 3744, "g_lr_before": 0.00425, "g_lr_after": 0.002125, "fires": 2544, "prior_lr_before": 0.0085, "prior_lr_after": 0.00425}
{"event": "g_lr_apply", "armed": true, "update_index": 3745, "g_lr_before": 0.00425, "g_lr_after": 0.002125, "fires": 2545, "prior_lr_before": 0.0085, "prior_lr_after": 0.00425}
{"event": "g_lr_apply", "armed": true, "update_index": 3746, "g_lr_before": 0.00425, "g_lr_after": 0.002125, "fires": 2546, "prior_lr_before": 0.0085, "prior_lr_after": 0.00425}
{"event": "g_lr_apply", "armed": true, "update_index": 3747, "g_lr_before": 0.00425, "g_lr_after": 0.002125, "fires": 2547, "prior_lr_before": 0.0085, "prior_lr_after": 0.00425}
{"event": "g_lr_apply", "armed": true, "update_index": 3748, "g_lr_before": 0.00425, "g_lr_after": 0.002125, "fires": 2548, "prior_lr_before": 0.0085, "prior_lr_after": 0.00425}
{"event": "g_lr_apply", "armed": true, "update_index": 3749, "g_lr_before": 0.00425, "g_lr_after": 0.002125, "fires": 2549, "prior_lr_before": 0.0085, "prior_lr_after": 0.00425}
{"event": "g_lr_apply", "armed": true, "update_index": 3750, "g_lr_before": 0.00425, "g_lr_after": 0.002125, "fires": 2550, "prior_lr_before": 0.0085, "prior_lr_after": 0.00425}
{"event": "g_lr_apply", "armed": true, "update_index": 3751, "g_lr_before": 0.00425, "g_lr_after": 0.002125, "fires": 2551, "prior_lr_before": 0.0085, "prior_lr_after": 0.00425}
{"event": "g_lr_apply", "armed": true, "update_index": 3752, "g_lr_before": 0.00425, "g_lr_after": 0.002125, "fires": 2552, "prior_lr_before": 0.0085, "prior_lr_after": 0.00425}
{"event": "g_lr_apply", "armed": true, "update_index": 3753, "g_lr_before": 0.00425, "g_lr_after": 0.002125, "fires": 2553, "prior_lr_before": 0.0085, "prior_lr_after": 0.00425}
{"event": "g_lr_apply", "armed": true, "update_index": 3754, "g_lr_before": 0.00425, "g_lr_after": 0.002125, "fires": 2554, "prior_lr_before": 0.0085, "prior_lr_after": 0.00425}
{"event": "g_lr_apply", "armed": true, "update_index": 3755, "g_lr_before": 0.00425, "g_lr_after": 0.002125, "fires": 2555, "prior_lr_before": 0.0085, "prior_lr_after": 0.00425}
{"event": "g_lr_apply", "armed": true, "update_index": 3756, "g_lr_before": 0.00425, "g_lr_after": 0.002125, "fires": 2556, "prior_lr_before": 0.0085, "prior_lr_after": 0.00425}
{"event": "g_lr_apply", "armed": true, "update_index": 3757, "g_lr_before": 0.00425, "g_lr_after": 0.002125, "fires": 2557, "prior_lr_before": 0.0085, "prior_lr_after": 0.00425}
{"event": "g_lr_apply", "armed": true, "update_index": 3758, "g_lr_before": 0.00425, "g_lr_after": 0.002125, "fires": 2558, "prior_lr_before": 0.0085, "prior_lr_after": 0.00425}
{"event": "g_lr_apply", "armed": true, "update_index": 3759, "g_lr_before": 0.00425, "g_lr_after": 0.002125, "fires": 2559, "prior_lr_before": 0.0085, "prior_lr_after": 0.00425}
{"event": "g_lr_apply", "armed": true, "update_index": 3760, "g_lr_before": 0.00425, "g_lr_after": 0.002125, "fires": 2560, "prior_lr_before": 0.0085, "prior_lr_after": 0.00425}
{"event": "g_lr_apply", "armed": true, "update_index": 3761, "g_lr_before": 0.00425, "g_lr_after": 0.002125, "fires": 2561, "prior_lr_before": 0.0085, "prior_lr_after": 0.00425}
{"event": "g_lr_apply", "armed": true, "update_index": 3762, "g_lr_before": 0.00425, "g_lr_after": 0.002125, "fires": 2562, "prior_lr_before": 0.0085, "prior_lr_after": 0.00425}
{"event": "g_lr_apply", "armed": true, "update_index": 3763, "g_lr_before": 0.00425, "g_lr_after": 0.002125, "fires": 2563, "prior_lr_before": 0.0085, "prior_lr_after": 0.00425}
{"event": "g_lr_apply", "armed": true, "update_index": 3764, "g_lr_before": 0.00425, "g_lr_after": 0.002125, "fires": 2564, "prior_lr_before": 0.0085, "prior_lr_after": 0.00425}
{"event": "g_lr_apply", "armed": true, "update_index": 3765, "g_lr_before": 0.00425, "g_lr_after": 0.002125, "fires": 2565, "prior_lr_before": 0.0085, "prior_lr_after": 0.00425}
{"event": "g_lr_apply", "armed": true, "update_index": 3766, "g_lr_before": 0.00425, "g_lr_after": 0.002125, "fires": 2566, "prior_lr_before": 0.0085, "prior_lr_after": 0.00425}
{"event": "g_lr_apply", "armed": true, "update_index": 3767, "g_lr_before": 0.00425, "g_lr_after": 0.002125, "fires": 2567, "prior_lr_before": 0.0085, "prior_lr_after": 0.00425}
{"event": "g_lr_apply", "armed": true, "update_index": 3768, "g_lr_before": 0.00425, "g_lr_after": 0.002125, "fires": 2568, "prior_lr_before": 0.0085, "prior_lr_after": 0.00425}
{"event": "g_lr_apply", "armed": true, "update_index": 3769, "g_lr_before": 0.00425, "g_lr_after": 0.002125, "fires": 2569, "prior_lr_before": 0.0085, "prior_lr_after": 0.00425}
{"event": "g_lr_apply", "armed": true, "update_index": 3770, "g_lr_before": 0.00425, "g_lr_after": 0.002125, "fires": 2570, "prior_lr_before": 0.0085, "prior_lr_after": 0.00425}
{"event": "g_lr_apply", "armed": true, "update_index": 3771, "g_lr_before": 0.00425, "g_lr_after": 0.002125, "fires": 2571, "prior_lr_before": 0.0085, "prior_lr_after": 0.00425}
{"event": "g_lr_apply", "armed": true, "update_index": 3772, "g_lr_before": 0.00425, "g_lr_after": 0.002125, "fires": 2572, "prior_lr_before": 0.0085, "prior_lr_after": 0.00425}
{"event": "g_lr_apply", "armed": true, "update_index": 3773, "g_lr_before": 0.00425, "g_lr_after": 0.002125, "fires": 2573, "prior_lr_before": 0.0085, "prior_lr_after": 0.00425}
{"event": "g_lr_apply", "armed": true, "update_index": 3774, "g_lr_before": 0.00425, "g_lr_after": 0.002125, "fires": 2574, "prior_lr_before": 0.0085, "prior_lr_after": 0.00425}
{"event": "g_lr_apply", "armed": true, "update_index": 3775, "g_lr_before": 0.00425, "g_lr_after": 0.002125, "fires": 2575, "prior_lr_before": 0.0085, "prior_lr_after": 0.00425}
{"event": "g_lr_apply", "armed": true, "update_index": 3776, "g_lr_before": 0.00425, "g_lr_after": 0.002125, "fires": 2576, "prior_lr_before": 0.0085, "prior_lr_after": 0.00425}
{"event": "g_lr_apply", "armed": true, "update_index": 3777, "g_lr_before": 0.00425, "g_lr_after": 0.002125, "fires": 2577, "prior_lr_before": 0.0085, "prior_lr_after": 0.00425}
{"event": "g_lr_apply", "armed": true, "update_index": 3778, "g_lr_before": 0.00425, "g_lr_after": 0.002125, "fires": 2578, "prior_lr_before": 0.0085, "prior_lr_after": 0.00425}
{"event": "g_lr_apply", "armed": true, "update_index": 3779, "g_lr_before": 0.00425, "g_lr_after": 0.002125, "fires": 2579, "prior_lr_before": 0.0085, "prior_lr_after": 0.00425}
{"event": "g_lr_apply", "armed": true, "update_index": 3780, "g_lr_before": 0.00425, "g_lr_after": 0.002125, "fires": 2580, "prior_lr_before": 0.0085, "prior_lr_after": 0.00425}
{"event": "g_lr_apply", "armed": true, "update_index": 3781, "g_lr_before": 0.00425, "g_lr_after": 0.002125, "fires": 2581, "prior_lr_before": 0.0085, "prior_lr_after": 0.00425}
{"event": "g_lr_apply", "armed": true, "update_index": 3782, "g_lr_before": 0.00425, "g_lr_after": 0.002125, "fires": 2582, "prior_lr_before": 0.0085, "prior_lr_after": 0.00425}
{"event": "g_lr_apply", "armed": true, "update_index": 3783, "g_lr_before": 0.00425, "g_lr_after": 0.002125, "fires": 2583, "prior_lr_before": 0.0085, "prior_lr_after": 0.00425}
{"event": "g_lr_apply", "armed": true, "update_index": 3784, "g_lr_before": 0.00425, "g_lr_after": 0.002125, "fires": 2584, "prior_lr_before": 0.0085, "prior_lr_after": 0.00425}
{"event": "g_lr_apply", "armed": true, "update_index": 3785, "g_lr_before": 0.00425, "g_lr_after": 0.002125, "fires": 2585, "prior_lr_before": 0.0085, "prior_lr_after": 0.00425}
{"event": "g_lr_apply", "armed": true, "update_index": 3786, "g_lr_before": 0.00425, "g_lr_after": 0.002125, "fires": 2586, "prior_lr_before": 0.0085, "prior_lr_after": 0.00425}
{"event": "g_lr_apply", "armed": true, "update_index": 3787, "g_lr_before": 0.00425, "g_lr_after": 0.002125, "fires": 2587, "prior_lr_before": 0.0085, "prior_lr_after": 0.00425}
{"event": "g_lr_apply", "armed": true, "update_index": 3788, "g_lr_before": 0.00425, "g_lr_after": 0.002125, "fires": 2588, "prior_lr_before": 0.0085, "prior_lr_after": 0.00425}
{"event": "g_lr_apply", "armed": true, "update_index": 3789, "g_lr_before": 0.00425, "g_lr_after": 0.002125, "fires": 2589, "prior_lr_before": 0.0085, "prior_lr_after": 0.00425}
{"event": "g_lr_apply", "armed": true, "update_index": 3790, "g_lr_before": 0.00425, "g_lr_after": 0.002125, "fires": 2590, "prior_lr_before": 0.0085, "prior_lr_after": 0.00425}
{"event": "g_lr_apply", "armed": true, "update_index": 3791, "g_lr_before": 0.00425, "g_lr_after": 0.002125, "fires": 2591, "prior_lr_before": 0.0085, "prior_lr_after": 0.00425}
{"event": "g_lr_apply", "armed": true, "update_index": 3792, "g_lr_before": 0.00425, "g_lr_after": 0.002125, "fires": 2592, "prior_lr_before": 0.0085, "prior_lr_after": 0.00425}
{"event": "g_lr_apply", "armed": true, "update_index": 3793, "g_lr_before": 0.00425, "g_lr_after": 0.002125, "fires": 2593, "prior_lr_before": 0.0085, "prior_lr_after": 0.00425}
{"event": "g_lr_apply", "armed": true, "update_index": 3794, "g_lr_before": 0.00425, "g_lr_after": 0.002125, "fires": 2594, "prior_lr_before": 0.0085, "prior_lr_after": 0.00425}
{"event": "g_lr_apply", "armed": true, "update_index": 3795, "g_lr_before": 0.00425, "g_lr_after": 0.002125, "fires": 2595, "prior_lr_before": 0.0085, "prior_lr_after": 0.00425}
{"event": "g_lr_apply", "armed": true, "update_index": 3796, "g_lr_before": 0.00425, "g_lr_after": 0.002125, "fires": 2596, "prior_lr_before": 0.0085, "prior_lr_after": 0.00425}
{"event": "g_lr_apply", "armed": true, "update_index": 3797, "g_lr_before": 0.00425, "g_lr_after": 0.002125, "fires": 2597, "prior_lr_before": 0.0085, "prior_lr_after": 0.00425}
{"event": "g_lr_apply", "armed": true, "update_index": 3798, "g_lr_before": 0.00425, "g_lr_after": 0.002125, "fires": 2598, "prior_lr_before": 0.0085, "prior_lr_after": 0.00425}
{"event": "g_lr_apply", "armed": true, "update_index": 3799, "g_lr_before": 0.00425, "g_lr_after": 0.002125, "fires": 2599, "prior_lr_before": 0.0085, "prior_lr_after": 0.00425}
{"event": "g_lr_apply", "armed": true, "update_index": 3800, "g_lr_before": 0.00425, "g_lr_after": 0.002125, "fires": 2600, "prior_lr_before": 0.0085, "prior_lr_after": 0.00425}
{"event": "g_lr_apply", "armed": true, "update_index": 3801, "g_lr_before": 0.00425, "g_lr_after": 0.002125, "fires": 2601, "prior_lr_before": 0.0085, "prior_lr_after": 0.00425}
{"event": "g_lr_apply", "armed": true, "update_index": 3802, "g_lr_before": 0.00425, "g_lr_after": 0.002125, "fires": 2602, "prior_lr_before": 0.0085, "prior_lr_after": 0.00425}
{"event": "g_lr_apply", "armed": true, "update_index": 3803, "g_lr_before": 0.00425, "g_lr_after": 0.002125, "fires": 2603, "prior_lr_before": 0.0085, "prior_lr_after": 0.00425}
{"event": "g_lr_apply", "armed": true, "update_index": 3804, "g_lr_before": 0.00425, "g_lr_after": 0.002125, "fires": 2604, "prior_lr_before": 0.0085, "prior_lr_after": 0.00425}
{"event": "g_lr_apply", "armed": true, "update_index": 3805, "g_lr_before": 0.00425, "g_lr_after": 0.002125, "fires": 2605, "prior_lr_before": 0.0085, "prior_lr_after": 0.00425}
{"event": "g_lr_apply", "armed": true, "update_index": 3806, "g_lr_before": 0.00425, "g_lr_after": 0.002125, "fires": 2606, "prior_lr_before": 0.0085, "prior_lr_after": 0.00425}
{"event": "g_lr_apply", "armed": true, "update_index": 3807, "g_lr_before": 0.00425, "g_lr_after": 0.002125, "fires": 2607, "prior_lr_before": 0.0085, "prior_lr_after": 0.00425}
{"event": "g_lr_apply", "armed": true, "update_index": 3808, "g_lr_before": 0.00425, "g_lr_after": 0.002125, "fires": 2608, "prior_lr_before": 0.0085, "prior_lr_after": 0.00425}
{"event": "g_lr_apply", "armed": true, "update_index": 3809, "g_lr_before": 0.00425, "g_lr_after": 0.002125, "fires": 2609, "prior_lr_before": 0.0085, "prior_lr_after": 0.00425}
{"event": "g_lr_apply", "armed": true, "update_index": 3810, "g_lr_before": 0.00425, "g_lr_after": 0.002125, "fires": 2610, "prior_lr_before": 0.0085, "prior_lr_after": 0.00425}
{"event": "g_lr_apply", "armed": true, "update_index": 3811, "g_lr_before": 0.00425, "g_lr_after": 0.002125, "fires": 2611, "prior_lr_before": 0.0085, "prior_lr_after": 0.00425}
{"event": "g_lr_apply", "armed": true, "update_index": 3812, "g_lr_before": 0.00425, "g_lr_after": 0.002125, "fires": 2612, "prior_lr_before": 0.0085, "prior_lr_after": 0.00425}
{"event": "g_lr_apply", "armed": true, "update_index": 3813, "g_lr_before": 0.00425, "g_lr_after": 0.002125, "fires": 2613, "prior_lr_before": 0.0085, "prior_lr_after": 0.00425}
{"event": "g_lr_apply", "armed": true, "update_index": 3814, "g_lr_before": 0.00425, "g_lr_after": 0.002125, "fires": 2614, "prior_lr_before": 0.0085, "prior_lr_after": 0.00425}
{"event": "g_lr_apply", "armed": true, "update_index": 3815, "g_lr_before": 0.00425, "g_lr_after": 0.002125, "fires": 2615, "prior_lr_before": 0.0085, "prior_lr_after": 0.00425}
{"event": "g_lr_apply", "armed": true, "update_index": 3816, "g_lr_before": 0.00425, "g_lr_after": 0.002125, "fires": 2616, "prior_lr_before": 0.0085, "prior_lr_after": 0.00425}
{"event": "g_lr_apply", "armed": true, "update_index": 3817, "g_lr_before": 0.00425, "g_lr_after": 0.002125, "fires": 2617, "prior_lr_before": 0.0085, "prior_lr_after": 0.00425}
{"event": "g_lr_apply", "armed": true, "update_index": 3818, "g_lr_before": 0.00425, "g_lr_after": 0.002125, "fires": 2618, "prior_lr_before": 0.0085, "prior_lr_after": 0.00425}
{"event": "g_lr_apply", "armed": true, "update_index": 3819, "g_lr_before": 0.00425, "g_lr_after": 0.002125, "fires": 2619, "prior_lr_before": 0.0085, "prior_lr_after": 0.00425}
{"event": "g_lr_apply", "armed": true, "update_index": 3820, "g_lr_before": 0.00425, "g_lr_after": 0.002125, "fires": 2620, "prior_lr_before": 0.0085, "prior_lr_after": 0.00425}
{"event": "g_lr_apply", "armed": true, "update_index": 3821, "g_lr_before": 0.00425, "g_lr_after": 0.002125, "fires": 2621, "prior_lr_before": 0.0085, "prior_lr_after": 0.00425}
{"event": "g_lr_apply", "armed": true, "update_index": 3822, "g_lr_before": 0.00425, "g_lr_after": 0.002125, "fires": 2622, "prior_lr_before": 0.0085, "prior_lr_after": 0.00425}
{"event": "g_lr_apply", "armed": true, "update_index": 3823, "g_lr_before": 0.00425, "g_lr_after": 0.002125, "fires": 2623, "prior_lr_before": 0.0085, "prior_lr_after": 0.00425}
{"event": "g_lr_apply", "armed": true, "update_index": 3824, "g_lr_before": 0.00425, "g_lr_after": 0.002125, "fires": 2624, "prior_lr_before": 0.0085, "prior_lr_after": 0.00425}
{"event": "g_lr_apply", "armed": true, "update_index": 3825, "g_lr_before": 0.00425, "g_lr_after": 0.002125, "fires": 2625, "prior_lr_before": 0.0085, "prior_lr_after": 0.00425}
{"event": "g_lr_apply", "armed": true, "update_index": 3826, "g_lr_before": 0.00425, "g_lr_after": 0.002125, "fires": 2626, "prior_lr_before": 0.0085, "prior_lr_after": 0.00425}
{"event": "g_lr_apply", "armed": true, "update_index": 3827, "g_lr_before": 0.00425, "g_lr_after": 0.002125, "fires": 2627, "prior_lr_before": 0.0085, "prior_lr_after": 0.00425}
{"event": "g_lr_apply", "armed": true, "update_index": 3828, "g_lr_before": 0.00425, "g_lr_after": 0.002125, "fires": 2628, "prior_lr_before": 0.0085, "prior_lr_after": 0.00425}
{"event": "g_lr_apply", "armed": true, "update_index": 3829, "g_lr_before": 0.00425, "g_lr_after": 0.002125, "fires": 2629, "prior_lr_before": 0.0085, "prior_lr_after": 0.00425}
{"event": "g_lr_apply", "armed": true, "update_index": 3830, "g_lr_before": 0.00425, "g_lr_after": 0.002125, "fires": 2630, "prior_lr_before": 0.0085, "prior_lr_after": 0.00425}
{"event": "g_lr_apply", "armed": true, "update_index": 3831, "g_lr_before": 0.00425, "g_lr_after": 0.002125, "fires": 2631, "prior_lr_before": 0.0085, "prior_lr_after": 0.00425}
{"event": "g_lr_apply", "armed": true, "update_index": 3832, "g_lr_before": 0.00425, "g_lr_after": 0.002125, "fires": 2632, "prior_lr_before": 0.0085, "prior_lr_after": 0.00425}
{"event": "g_lr_apply", "armed": true, "update_index": 3833, "g_lr_before": 0.00425, "g_lr_after": 0.002125, "fires": 2633, "prior_lr_before": 0.0085, "prior_lr_after": 0.00425}
{"event": "g_lr_apply", "armed": true, "update_index": 3834, "g_lr_before": 0.00425, "g_lr_after": 0.002125, "fires": 2634, "prior_lr_before": 0.0085, "prior_lr_after": 0.00425}
{"event": "g_lr_apply", "armed": true, "update_index": 3835, "g_lr_before": 0.00425, "g_lr_after": 0.002125, "fires": 2635, "prior_lr_before": 0.0085, "prior_lr_after": 0.00425}
{"event": "g_lr_apply", "armed": true, "update_index": 3836, "g_lr_before": 0.00425, "g_lr_after": 0.002125, "fires": 2636, "prior_lr_before": 0.0085, "prior_lr_after": 0.00425}
{"event": "g_lr_apply", "armed": true, "update_index": 3837, "g_lr_before": 0.00425, "g_lr_after": 0.002125, "fires": 2637, "prior_lr_before": 0.0085, "prior_lr_after": 0.00425}
{"event": "g_lr_apply", "armed": true, "update_index": 3838, "g_lr_before": 0.00425, "g_lr_after": 0.002125, "fires": 2638, "prior_lr_before": 0.0085, "prior_lr_after": 0.00425}
{"event": "g_lr_apply", "armed": true, "update_index": 3839, "g_lr_before": 0.00425, "g_lr_after": 0.002125, "fires": 2639, "prior_lr_before": 0.0085, "prior_lr_after": 0.00425}
{"event": "g_lr_apply", "armed": true, "update_index": 3840, "g_lr_before": 0.00425, "g_lr_after": 0.002125, "fires": 2640, "prior_lr_before": 0.0085, "prior_lr_after": 0.00425}
{"event": "g_lr_apply", "armed": true, "update_index": 3841, "g_lr_before": 0.00425, "g_lr_after": 0.002125, "fires": 2641, "prior_lr_before": 0.0085, "prior_lr_after": 0.00425}
{"event": "g_lr_apply", "armed": true, "update_index": 3842, "g_lr_before": 0.00425, "g_lr_after": 0.002125, "fires": 2642, "prior_lr_before": 0.0085, "prior_lr_after": 0.00425}
{"event": "g_lr_apply", "armed": true, "update_index": 3843, "g_lr_before": 0.00425, "g_lr_after": 0.002125, "fires": 2643, "prior_lr_before": 0.0085, "prior_lr_after": 0.00425}
{"event": "g_lr_apply", "armed": true, "update_index": 3844, "g_lr_before": 0.00425, "g_lr_after": 0.002125, "fires": 2644, "prior_lr_before": 0.0085, "prior_lr_after": 0.00425}
{"event": "g_lr_apply", "armed": true, "update_index": 3845, "g_lr_before": 0.00425, "g_lr_after": 0.002125, "fires": 2645, "prior_lr_before": 0.0085, "prior_lr_after": 0.00425}
{"event": "g_lr_apply", "armed": true, "update_index": 3846, "g_lr_before": 0.00425, "g_lr_after": 0.002125, "fires": 2646, "prior_lr_before": 0.0085, "prior_lr_after": 0.00425}
{"event": "g_lr_apply", "armed": true, "update_index": 3847, "g_lr_before": 0.00425, "g_lr_after": 0.002125, "fires": 2647, "prior_lr_before": 0.0085, "prior_lr_after": 0.00425}
{"event": "g_lr_apply", "armed": true, "update_index": 3848, "g_lr_before": 0.00425, "g_lr_after": 0.002125, "fires": 2648, "prior_lr_before": 0.0085, "prior_lr_after": 0.00425}
{"event": "g_lr_apply", "armed": true, "update_index": 3849, "g_lr_before": 0.00425, "g_lr_after": 0.002125, "fires": 2649, "prior_lr_before": 0.0085, "prior_lr_after": 0.00425}
{"event": "g_lr_apply", "armed": true, "update_index": 3850, "g_lr_before": 0.00425, "g_lr_after": 0.002125, "fires": 2650, "prior_lr_before": 0.0085, "prior_lr_after": 0.00425}
{"event": "g_lr_apply", "armed": true, "update_index": 3851, "g_lr_before": 0.00425, "g_lr_after": 0.002125, "fires": 2651, "prior_lr_before": 0.0085, "prior_lr_after": 0.00425}
{"event": "g_lr_apply", "armed": true, "update_index": 3852, "g_lr_before": 0.00425, "g_lr_after": 0.002125, "fires": 2652, "prior_lr_before": 0.0085, "prior_lr_after": 0.00425}
{"event": "g_lr_apply", "armed": true, "update_index": 3853, "g_lr_before": 0.00425, "g_lr_after": 0.002125, "fires": 2653, "prior_lr_before": 0.0085, "prior_lr_after": 0.00425}
{"event": "g_lr_apply", "armed": true, "update_index": 3854, "g_lr_before": 0.00425, "g_lr_after": 0.002125, "fires": 2654, "prior_lr_before": 0.0085, "prior_lr_after": 0.00425}
{"event": "g_lr_apply", "armed": true, "update_index": 3855, "g_lr_before": 0.00425, "g_lr_after": 0.002125, "fires": 2655, "prior_lr_before": 0.0085, "prior_lr_after": 0.00425}
{"event": "g_lr_apply", "armed": true, "update_index": 3856, "g_lr_before": 0.00425, "g_lr_after": 0.002125, "fires": 2656, "prior_lr_before": 0.0085, "prior_lr_after": 0.00425}
{"event": "g_lr_apply", "armed": true, "update_index": 3857, "g_lr_before": 0.00425, "g_lr_after": 0.002125, "fires": 2657, "prior_lr_before": 0.0085, "prior_lr_after": 0.00425}
{"event": "g_lr_apply", "armed": true, "update_index": 3858, "g_lr_before": 0.00425, "g_lr_after": 0.002125, "fires": 2658, "prior_lr_before": 0.0085, "prior_lr_after": 0.00425}
{"event": "g_lr_apply", "armed": true, "update_index": 3859, "g_lr_before": 0.00425, "g_lr_after": 0.002125, "fires": 2659, "prior_lr_before": 0.0085, "prior_lr_after": 0.00425}
{"event": "g_lr_apply", "armed": true, "update_index": 3860, "g_lr_before": 0.00425, "g_lr_after": 0.002125, "fires": 2660, "prior_lr_before": 0.0085, "prior_lr_after": 0.00425}
{"event": "g_lr_apply", "armed": true, "update_index": 3861, "g_lr_before": 0.00425, "g_lr_after": 0.002125, "fires": 2661, "prior_lr_before": 0.0085, "prior_lr_after": 0.00425}
{"event": "g_lr_apply", "armed": true, "update_index": 3862, "g_lr_before": 0.00425, "g_lr_after": 0.002125, "fires": 2662, "prior_lr_before": 0.0085, "prior_lr_after": 0.00425}
{"event": "g_lr_apply", "armed": true, "update_index": 3863, "g_lr_before": 0.00425, "g_lr_after": 0.002125, "fires": 2663, "prior_lr_before": 0.0085, "prior_lr_after": 0.00425}
{"event": "g_lr_apply", "armed": true, "update_index": 3864, "g_lr_before": 0.00425, "g_lr_after": 0.002125, "fires": 2664, "prior_lr_before": 0.0085, "prior_lr_after": 0.00425}
{"event": "g_lr_apply", "armed": true, "update_index": 3865, "g_lr_before": 0.00425, "g_lr_after": 0.002125, "fires": 2665, "prior_lr_before": 0.0085, "prior_lr_after": 0.00425}
{"event": "g_lr_apply", "armed": true, "update_index": 3866, "g_lr_before": 0.00425, "g_lr_after": 0.002125, "fires": 2666, "prior_lr_before": 0.0085, "prior_lr_after": 0.00425}
{"event": "g_lr_apply", "armed": true, "update_index": 3867, "g_lr_before": 0.00425, "g_lr_after": 0.002125, "fires": 2667, "prior_lr_before": 0.0085, "prior_lr_after": 0.00425}
{"event": "g_lr_apply", "armed": true, "update_index": 3868, "g_lr_before": 0.00425, "g_lr_after": 0.002125, "fires": 2668, "prior_lr_before": 0.0085, "prior_lr_after": 0.00425}
{"event": "g_lr_apply", "armed": true, "update_index": 3869, "g_lr_before": 0.00425, "g_lr_after": 0.002125, "fires": 2669, "prior_lr_before": 0.0085, "prior_lr_after": 0.00425}
{"event": "g_lr_apply", "armed": true, "update_index": 3870, "g_lr_before": 0.00425, "g_lr_after": 0.002125, "fires": 2670, "prior_lr_before": 0.0085, "prior_lr_after": 0.00425}
{"event": "g_lr_apply", "armed": true, "update_index": 3871, "g_lr_before": 0.00425, "g_lr_after": 0.002125, "fires": 2671, "prior_lr_before": 0.0085, "prior_lr_after": 0.00425}
{"event": "g_lr_apply", "armed": true, "update_index": 3872, "g_lr_before": 0.00425, "g_lr_after": 0.002125, "fires": 2672, "prior_lr_before": 0.0085, "prior_lr_after": 0.00425}
{"event": "g_lr_apply", "armed": true, "update_index": 3873, "g_lr_before": 0.00425, "g_lr_after": 0.002125, "fires": 2673, "prior_lr_before": 0.0085, "prior_lr_after": 0.00425}
{"event": "g_lr_apply", "armed": true, "update_index": 3874, "g_lr_before": 0.00425, "g_lr_after": 0.002125, "fires": 2674, "prior_lr_before": 0.0085, "prior_lr_after": 0.00425}
{"event": "g_lr_apply", "armed": true, "update_index": 3875, "g_lr_before": 0.00425, "g_lr_after": 0.002125, "fires": 2675, "prior_lr_before": 0.0085, "prior_lr_after": 0.00425}
{"event": "g_lr_apply", "armed": true, "update_index": 3876, "g_lr_before": 0.00425, "g_lr_after": 0.002125, "fires": 2676, "prior_lr_before": 0.0085, "prior_lr_after": 0.00425}
{"event": "g_lr_apply", "armed": true, "update_index": 3877, "g_lr_before": 0.00425, "g_lr_after": 0.002125, "fires": 2677, "prior_lr_before": 0.0085, "prior_lr_after": 0.00425}
{"event": "g_lr_apply", "armed": true, "update_index": 3878, "g_lr_before": 0.00425, "g_lr_after": 0.002125, "fires": 2678, "prior_lr_before": 0.0085, "prior_lr_after": 0.00425}
{"event": "g_lr_apply", "armed": true, "update_index": 3879, "g_lr_before": 0.00425, "g_lr_after": 0.002125, "fires": 2679, "prior_lr_before": 0.0085, "prior_lr_after": 0.00425}
{"event": "g_lr_apply", "armed": true, "update_index": 3880, "g_lr_before": 0.00425, "g_lr_after": 0.002125, "fires": 2680, "prior_lr_before": 0.0085, "prior_lr_after": 0.00425}
{"event": "g_lr_apply", "armed": true, "update_index": 3881, "g_lr_before": 0.00425, "g_lr_after": 0.002125, "fires": 2681, "prior_lr_before": 0.0085, "prior_lr_after": 0.00425}
{"event": "g_lr_apply", "armed": true, "update_index": 3882, "g_lr_before": 0.00425, "g_lr_after": 0.002125, "fires": 2682, "prior_lr_before": 0.0085, "prior_lr_after": 0.00425}
{"event": "g_lr_apply", "armed": true, "update_index": 3883, "g_lr_before": 0.00425, "g_lr_after": 0.002125, "fires": 2683, "prior_lr_before": 0.0085, "prior_lr_after": 0.00425}
{"event": "g_lr_apply", "armed": true, "update_index": 3884, "g_lr_before": 0.00425, "g_lr_after": 0.002125, "fires": 2684, "prior_lr_before": 0.0085, "prior_lr_after": 0.00425}
{"event": "g_lr_apply", "armed": true, "update_index": 3885, "g_lr_before": 0.00425, "g_lr_after": 0.002125, "fires": 2685, "prior_lr_before": 0.0085, "prior_lr_after": 0.00425}
{"event": "g_lr_apply", "armed": true, "update_index": 3886, "g_lr_before": 0.00425, "g_lr_after": 0.002125, "fires": 2686, "prior_lr_before": 0.0085, "prior_lr_after": 0.00425}
{"event": "g_lr_apply", "armed": true, "update_index": 3887, "g_lr_before": 0.00425, "g_lr_after": 0.002125, "fires": 2687, "prior_lr_before": 0.0085, "prior_lr_after": 0.00425}
{"event": "g_lr_apply", "armed": true, "update_index": 3888, "g_lr_before": 0.00425, "g_lr_after": 0.002125, "fires": 2688, "prior_lr_before": 0.0085, "prior_lr_after": 0.00425}
{"event": "g_lr_apply", "armed": true, "update_index": 3889, "g_lr_before": 0.00425, "g_lr_after": 0.002125, "fires": 2689, "prior_lr_before": 0.0085, "prior_lr_after": 0.00425}
{"event": "g_lr_apply", "armed": true, "update_index": 3890, "g_lr_before": 0.00425, "g_lr_after": 0.002125, "fires": 2690, "prior_lr_before": 0.0085, "prior_lr_after": 0.00425}
{"event": "g_lr_apply", "armed": true, "update_index": 3891, "g_lr_before": 0.00425, "g_lr_after": 0.002125, "fires": 2691, "prior_lr_before": 0.0085, "prior_lr_after": 0.00425}
{"event": "g_lr_apply", "armed": true, "update_index": 3892, "g_lr_before": 0.00425, "g_lr_after": 0.002125, "fires": 2692, "prior_lr_before": 0.0085, "prior_lr_after": 0.00425}
{"event": "g_lr_apply", "armed": true, "update_index": 3893, "g_lr_before": 0.00425, "g_lr_after": 0.002125, "fires": 2693, "prior_lr_before": 0.0085, "prior_lr_after": 0.00425}
{"event": "g_lr_apply", "armed": true, "update_index": 3894, "g_lr_before": 0.00425, "g_lr_after": 0.002125, "fires": 2694, "prior_lr_before": 0.0085, "prior_lr_after": 0.00425}
{"event": "g_lr_apply", "armed": true, "update_index": 3895, "g_lr_before": 0.00425, "g_lr_after": 0.002125, "fires": 2695, "prior_lr_before": 0.0085, "prior_lr_after": 0.00425}
{"event": "g_lr_apply", "armed": true, "update_index": 3896, "g_lr_before": 0.00425, "g_lr_after": 0.002125, "fires": 2696, "prior_lr_before": 0.0085, "prior_lr_after": 0.00425}
{"event": "g_lr_apply", "armed": true, "update_index": 3897, "g_lr_before": 0.00425, "g_lr_after": 0.002125, "fires": 2697, "prior_lr_before": 0.0085, "prior_lr_after": 0.00425}
{"event": "g_lr_apply", "armed": true, "update_index": 3898, "g_lr_before": 0.00425, "g_lr_after": 0.002125, "fires": 2698, "prior_lr_before": 0.0085, "prior_lr_after": 0.00425}
{"event": "g_lr_apply", "armed": true, "update_index": 3899, "g_lr_before": 0.00425, "g_lr_after": 0.002125, "fires": 2699, "prior_lr_before": 0.0085, "prior_lr_after": 0.00425}
{"event": "g_lr_apply", "armed": true, "update_index": 3900, "g_lr_before": 0.00425, "g_lr_after": 0.002125, "fires": 2700, "prior_lr_before": 0.0085, "prior_lr_after": 0.00425}
{"event": "g_lr_apply", "armed": true, "update_index": 3901, "g_lr_before": 0.00425, "g_lr_after": 0.002125, "fires": 2701, "prior_lr_before": 0.0085, "prior_lr_after": 0.00425}
{"event": "g_lr_apply", "armed": true, "update_index": 3902, "g_lr_before": 0.00425, "g_lr_after": 0.002125, "fires": 2702, "prior_lr_before": 0.0085, "prior_lr_after": 0.00425}
{"event": "g_lr_apply", "armed": true, "update_index": 3903, "g_lr_before": 0.00425, "g_lr_after": 0.002125, "fires": 2703, "prior_lr_before": 0.0085, "prior_lr_after": 0.00425}
{"event": "g_lr_apply", "armed": true, "update_index": 3904, "g_lr_before": 0.00425, "g_lr_after": 0.002125, "fires": 2704, "prior_lr_before": 0.0085, "prior_lr_after": 0.00425}
{"event": "g_lr_apply", "armed": true, "update_index": 3905, "g_lr_before": 0.00425, "g_lr_after": 0.002125, "fires": 2705, "prior_lr_before": 0.0085, "prior_lr_after": 0.00425}
{"event": "g_lr_apply", "armed": true, "update_index": 3906, "g_lr_before": 0.00425, "g_lr_after": 0.002125, "fires": 2706, "prior_lr_before": 0.0085, "prior_lr_after": 0.00425}
{"event": "g_lr_apply", "armed": true, "update_index": 3907, "g_lr_before": 0.00425, "g_lr_after": 0.002125, "fires": 2707, "prior_lr_before": 0.0085, "prior_lr_after": 0.00425}
{"event": "g_lr_apply", "armed": true, "update_index": 3908, "g_lr_before": 0.00425, "g_lr_after": 0.002125, "fires": 2708, "prior_lr_before": 0.0085, "prior_lr_after": 0.00425}
{"event": "g_lr_apply", "armed": true, "update_index": 3909, "g_lr_before": 0.00425, "g_lr_after": 0.002125, "fires": 2709, "prior_lr_before": 0.0085, "prior_lr_after": 0.00425}
{"event": "g_lr_apply", "armed": true, "update_index": 3910, "g_lr_before": 0.00425, "g_lr_after": 0.002125, "fires": 2710, "prior_lr_before": 0.0085, "prior_lr_after": 0.00425}
{"event": "g_lr_apply", "armed": true, "update_index": 3911, "g_lr_before": 0.00425, "g_lr_after": 0.002125, "fires": 2711, "prior_lr_before": 0.0085, "prior_lr_after": 0.00425}
{"event": "g_lr_apply", "armed": true, "update_index": 3912, "g_lr_before": 0.00425, "g_lr_after": 0.002125, "fires": 2712, "prior_lr_before": 0.0085, "prior_lr_after": 0.00425}
{"event": "g_lr_apply", "armed": true, "update_index": 3913, "g_lr_before": 0.00425, "g_lr_after": 0.002125, "fires": 2713, "prior_lr_before": 0.0085, "prior_lr_after": 0.00425}
{"event": "g_lr_apply", "armed": true, "update_index": 3914, "g_lr_before": 0.00425, "g_lr_after": 0.002125, "fires": 2714, "prior_lr_before": 0.0085, "prior_lr_after": 0.00425}
{"event": "g_lr_apply", "armed": true, "update_index": 3915, "g_lr_before": 0.00425, "g_lr_after": 0.002125, "fires": 2715, "prior_lr_before": 0.0085, "prior_lr_after": 0.00425}
{"event": "g_lr_apply", "armed": true, "update_index": 3916, "g_lr_before": 0.00425, "g_lr_after": 0.002125, "fires": 2716, "prior_lr_before": 0.0085, "prior_lr_after": 0.00425}
{"event": "g_lr_apply", "armed": true, "update_index": 3917, "g_lr_before": 0.00425, "g_lr_after": 0.002125, "fires": 2717, "prior_lr_before": 0.0085, "prior_lr_after": 0.00425}
{"event": "g_lr_apply", "armed": true, "update_index": 3918, "g_lr_before": 0.00425, "g_lr_after": 0.002125, "fires": 2718, "prior_lr_before": 0.0085, "prior_lr_after": 0.00425}
{"event": "g_lr_apply", "armed": true, "update_index": 3919, "g_lr_before": 0.00425, "g_lr_after": 0.002125, "fires": 2719, "prior_lr_before": 0.0085, "prior_lr_after": 0.00425}
{"event": "g_lr_apply", "armed": true, "update_index": 3920, "g_lr_before": 0.00425, "g_lr_after": 0.002125, "fires": 2720, "prior_lr_before": 0.0085, "prior_lr_after": 0.00425}
{"event": "g_lr_apply", "armed": true, "update_index": 3921, "g_lr_before": 0.00425, "g_lr_after": 0.002125, "fires": 2721, "prior_lr_before": 0.0085, "prior_lr_after": 0.00425}
{"event": "g_lr_apply", "armed": true, "update_index": 3922, "g_lr_before": 0.00425, "g_lr_after": 0.002125, "fires": 2722, "prior_lr_before": 0.0085, "prior_lr_after": 0.00425}
{"event": "g_lr_apply", "armed": true, "update_index": 3923, "g_lr_before": 0.00425, "g_lr_after": 0.002125, "fires": 2723, "prior_lr_before": 0.0085, "prior_lr_after": 0.00425}
{"event": "g_lr_apply", "armed": true, "update_index": 3924, "g_lr_before": 0.00425, "g_lr_after": 0.002125, "fires": 2724, "prior_lr_before": 0.0085, "prior_lr_after": 0.00425}
{"event": "g_lr_apply", "armed": true, "update_index": 3925, "g_lr_before": 0.00425, "g_lr_after": 0.002125, "fires": 2725, "prior_lr_before": 0.0085, "prior_lr_after": 0.00425}
{"event": "g_lr_apply", "armed": true, "update_index": 3926, "g_lr_before": 0.00425, "g_lr_after": 0.002125, "fires": 2726, "prior_lr_before": 0.0085, "prior_lr_after": 0.00425}
{"event": "g_lr_apply", "armed": true, "update_index": 3927, "g_lr_before": 0.00425, "g_lr_after": 0.002125, "fires": 2727, "prior_lr_before": 0.0085, "prior_lr_after": 0.00425}
{"event": "g_lr_apply", "armed": true, "update_index": 3928, "g_lr_before": 0.00425, "g_lr_after": 0.002125, "fires": 2728, "prior_lr_before": 0.0085, "prior_lr_after": 0.00425}
{"event": "g_lr_apply", "armed": true, "update_index": 3929, "g_lr_before": 0.00425, "g_lr_after": 0.002125, "fires": 2729, "prior_lr_before": 0.0085, "prior_lr_after": 0.00425}
{"event": "g_lr_apply", "armed": true, "update_index": 3930, "g_lr_before": 0.00425, "g_lr_after": 0.002125, "fires": 2730, "prior_lr_before": 0.0085, "prior_lr_after": 0.00425}
{"event": "g_lr_apply", "armed": true, "update_index": 3931, "g_lr_before": 0.00425, "g_lr_after": 0.002125, "fires": 2731, "prior_lr_before": 0.0085, "prior_lr_after": 0.00425}
{"event": "g_lr_apply", "armed": true, "update_index": 3932, "g_lr_before": 0.00425, "g_lr_after": 0.002125, "fires": 2732, "prior_lr_before": 0.0085, "prior_lr_after": 0.00425}
{"event": "g_lr_apply", "armed": true, "update_index": 3933, "g_lr_before": 0.00425, "g_lr_after": 0.002125, "fires": 2733, "prior_lr_before": 0.0085, "prior_lr_after": 0.00425}
{"event": "g_lr_apply", "armed": true, "update_index": 3934, "g_lr_before": 0.00425, "g_lr_after": 0.002125, "fires": 2734, "prior_lr_before": 0.0085, "prior_lr_after": 0.00425}
{"event": "g_lr_apply", "armed": true, "update_index": 3935, "g_lr_before": 0.00425, "g_lr_after": 0.002125, "fires": 2735, "prior_lr_before": 0.0085, "prior_lr_after": 0.00425}
{"event": "g_lr_apply", "armed": true, "update_index": 3936, "g_lr_before": 0.00425, "g_lr_after": 0.002125, "fires": 2736, "prior_lr_before": 0.0085, "prior_lr_after": 0.00425}
{"event": "g_lr_apply", "armed": true, "update_index": 3937, "g_lr_before": 0.00425, "g_lr_after": 0.002125, "fires": 2737, "prior_lr_before": 0.0085, "prior_lr_after": 0.00425}
{"event": "g_lr_apply", "armed": true, "update_index": 3938, "g_lr_before": 0.00425, "g_lr_after": 0.002125, "fires": 2738, "prior_lr_before": 0.0085, "prior_lr_after": 0.00425}
{"event": "g_lr_apply", "armed": true, "update_index": 3939, "g_lr_before": 0.00425, "g_lr_after": 0.002125, "fires": 2739, "prior_lr_before": 0.0085, "prior_lr_after": 0.00425}
{"event": "g_lr_apply", "armed": true, "update_index": 3940, "g_lr_before": 0.00425, "g_lr_after": 0.002125, "fires": 2740, "prior_lr_before": 0.0085, "prior_lr_after": 0.00425}
{"event": "g_lr_apply", "armed": true, "update_index": 3941, "g_lr_before": 0.00425, "g_lr_after": 0.002125, "fires": 2741, "prior_lr_before": 0.0085, "prior_lr_after": 0.00425}
{"event": "g_lr_apply", "armed": true, "update_index": 3942, "g_lr_before": 0.00425, "g_lr_after": 0.002125, "fires": 2742, "prior_lr_before": 0.0085, "prior_lr_after": 0.00425}
{"event": "g_lr_apply", "armed": true, "update_index": 3943, "g_lr_before": 0.00425, "g_lr_after": 0.002125, "fires": 2743, "prior_lr_before": 0.0085, "prior_lr_after": 0.00425}
{"event": "g_lr_apply", "armed": true, "update_index": 3944, "g_lr_before": 0.00425, "g_lr_after": 0.002125, "fires": 2744, "prior_lr_before": 0.0085, "prior_lr_after": 0.00425}
{"event": "g_lr_apply", "armed": true, "update_index": 3945, "g_lr_before": 0.00425, "g_lr_after": 0.002125, "fires": 2745, "prior_lr_before": 0.0085, "prior_lr_after": 0.00425}
{"event": "g_lr_apply", "armed": true, "update_index": 3946, "g_lr_before": 0.00425, "g_lr_after": 0.002125, "fires": 2746, "prior_lr_before": 0.0085, "prior_lr_after": 0.00425}
{"event": "g_lr_apply", "armed": true, "update_index": 3947, "g_lr_before": 0.00425, "g_lr_after": 0.002125, "fires": 2747, "prior_lr_before": 0.0085, "prior_lr_after": 0.00425}
{"event": "g_lr_apply", "armed": true, "update_index": 3948, "g_lr_before": 0.00425, "g_lr_after": 0.002125, "fires": 2748, "prior_lr_before": 0.0085, "prior_lr_after": 0.00425}
{"event": "g_lr_apply", "armed": true, "update_index": 3949, "g_lr_before": 0.00425, "g_lr_after": 0.002125, "fires": 2749, "prior_lr_before": 0.0085, "prior_lr_after": 0.00425}
{"event": "g_lr_apply", "armed": true, "update_index": 3950, "g_lr_before": 0.00425, "g_lr_after": 0.002125, "fires": 2750, "prior_lr_before": 0.0085, "prior_lr_after": 0.00425}
{"event": "g_lr_apply", "armed": true, "update_index": 3951, "g_lr_before": 0.00425, "g_lr_after": 0.002125, "fires": 2751, "prior_lr_before": 0.0085, "prior_lr_after": 0.00425}
{"event": "g_lr_apply", "armed": true, "update_index": 3952, "g_lr_before": 0.00425, "g_lr_after": 0.002125, "fires": 2752, "prior_lr_before": 0.0085, "prior_lr_after": 0.00425}
{"event": "g_lr_apply", "armed": true, "update_index": 3953, "g_lr_before": 0.00425, "g_lr_after": 0.002125, "fires": 2753, "prior_lr_before": 0.0085, "prior_lr_after": 0.00425}
{"event": "g_lr_apply", "armed": true, "update_index": 3954, "g_lr_before": 0.00425, "g_lr_after": 0.002125, "fires": 2754, "prior_lr_before": 0.0085, "prior_lr_after": 0.00425}
{"event": "g_lr_apply", "armed": true, "update_index": 3955, "g_lr_before": 0.00425, "g_lr_after": 0.002125, "fires": 2755, "prior_lr_before": 0.0085, "prior_lr_after": 0.00425}
{"event": "g_lr_apply", "armed": true, "update_index": 3956, "g_lr_before": 0.00425, "g_lr_after": 0.002125, "fires": 2756, "prior_lr_before": 0.0085, "prior_lr_after": 0.00425}
{"event": "g_lr_apply", "armed": true, "update_index": 3957, "g_lr_before": 0.00425, "g_lr_after": 0.002125, "fires": 2757, "prior_lr_before": 0.0085, "prior_lr_after": 0.00425}
{"event": "g_lr_apply", "armed": true, "update_index": 3958, "g_lr_before": 0.00425, "g_lr_after": 0.002125, "fires": 2758, "prior_lr_before": 0.0085, "prior_lr_after": 0.00425}
{"event": "g_lr_apply", "armed": true, "update_index": 3959, "g_lr_before": 0.00425, "g_lr_after": 0.002125, "fires": 2759, "prior_lr_before": 0.0085, "prior_lr_after": 0.00425}
{"event": "g_lr_apply", "armed": true, "update_index": 3960, "g_lr_before": 0.00425, "g_lr_after": 0.002125, "fires": 2760, "prior_lr_before": 0.0085, "prior_lr_after": 0.00425}
{"event": "g_lr_apply", "armed": true, "update_index": 3961, "g_lr_before": 0.00425, "g_lr_after": 0.002125, "fires": 2761, "prior_lr_before": 0.0085, "prior_lr_after": 0.00425}
{"event": "g_lr_apply", "armed": true, "update_index": 3962, "g_lr_before": 0.00425, "g_lr_after": 0.002125, "fires": 2762, "prior_lr_before": 0.0085, "prior_lr_after": 0.00425}
{"event": "g_lr_apply", "armed": true, "update_index": 3963, "g_lr_before": 0.00425, "g_lr_after": 0.002125, "fires": 2763, "prior_lr_before": 0.0085, "prior_lr_after": 0.00425}
{"event": "g_lr_apply", "armed": true, "update_index": 3964, "g_lr_before": 0.00425, "g_lr_after": 0.002125, "fires": 2764, "prior_lr_before": 0.0085, "prior_lr_after": 0.00425}
{"event": "g_lr_apply", "armed": true, "update_index": 3965, "g_lr_before": 0.00425, "g_lr_after": 0.002125, "fires": 2765, "prior_lr_before": 0.0085, "prior_lr_after": 0.00425}
{"event": "g_lr_apply", "armed": true, "update_index": 3966, "g_lr_before": 0.00425, "g_lr_after": 0.002125, "fires": 2766, "prior_lr_before": 0.0085, "prior_lr_after": 0.00425}
{"event": "g_lr_apply", "armed": true, "update_index": 3967, "g_lr_before": 0.00425, "g_lr_after": 0.002125, "fires": 2767, "prior_lr_before": 0.0085, "prior_lr_after": 0.00425}
{"event": "g_lr_apply", "armed": true, "update_index": 3968, "g_lr_before": 0.00425, "g_lr_after": 0.002125, "fires": 2768, "prior_lr_before": 0.0085, "prior_lr_after": 0.00425}
{"event": "g_lr_apply", "armed": true, "update_index": 3969, "g_lr_before": 0.00425, "g_lr_after": 0.002125, "fires": 2769, "prior_lr_before": 0.0085, "prior_lr_after": 0.00425}
{"event": "g_lr_apply", "armed": true, "update_index": 3970, "g_lr_before": 0.00425, "g_lr_after": 0.002125, "fires": 2770, "prior_lr_before": 0.0085, "prior_lr_after": 0.00425}
{"event": "g_lr_apply", "armed": true, "update_index": 3971, "g_lr_before": 0.00425, "g_lr_after": 0.002125, "fires": 2771, "prior_lr_before": 0.0085, "prior_lr_after": 0.00425}
{"event": "g_lr_apply", "armed": true, "update_index": 3972, "g_lr_before": 0.00425, "g_lr_after": 0.002125, "fires": 2772, "prior_lr_before": 0.0085, "prior_lr_after": 0.00425}
{"event": "g_lr_apply", "armed": true, "update_index": 3973, "g_lr_before": 0.00425, "g_lr_after": 0.002125, "fires": 2773, "prior_lr_before": 0.0085, "prior_lr_after": 0.00425}
{"event": "g_lr_apply", "armed": true, "update_index": 3974, "g_lr_before": 0.00425, "g_lr_after": 0.002125, "fires": 2774, "prior_lr_before": 0.0085, "prior_lr_after": 0.00425}
{"event": "g_lr_apply", "armed": true, "update_index": 3975, "g_lr_before": 0.00425, "g_lr_after": 0.002125, "fires": 2775, "prior_lr_before": 0.0085, "prior_lr_after": 0.00425}
{"event": "g_lr_apply", "armed": true, "update_index": 3976, "g_lr_before": 0.00425, "g_lr_after": 0.002125, "fires": 2776, "prior_lr_before": 0.0085, "prior_lr_after": 0.00425}
{"event": "g_lr_apply", "armed": true, "update_index": 3977, "g_lr_before": 0.00425, "g_lr_after": 0.002125, "fires": 2777, "prior_lr_before": 0.0085, "prior_lr_after": 0.00425}
{"event": "g_lr_apply", "armed": true, "update_index": 3978, "g_lr_before": 0.00425, "g_lr_after": 0.002125, "fires": 2778, "prior_lr_before": 0.0085, "prior_lr_after": 0.00425}
{"event": "g_lr_apply", "armed": true, "update_index": 3979, "g_lr_before": 0.00425, "g_lr_after": 0.002125, "fires": 2779, "prior_lr_before": 0.0085, "prior_lr_after": 0.00425}
{"event": "g_lr_apply", "armed": true, "update_index": 3980, "g_lr_before": 0.00425, "g_lr_after": 0.002125, "fires": 2780, "prior_lr_before": 0.0085, "prior_lr_after": 0.00425}
{"event": "g_lr_apply", "armed": true, "update_index": 3981, "g_lr_before": 0.00425, "g_lr_after": 0.002125, "fires": 2781, "prior_lr_before": 0.0085, "prior_lr_after": 0.00425}
{"event": "g_lr_apply", "armed": true, "update_index": 3982, "g_lr_before": 0.00425, "g_lr_after": 0.002125, "fires": 2782, "prior_lr_before": 0.0085, "prior_lr_after": 0.00425}
{"event": "g_lr_apply", "armed": true, "update_index": 3983, "g_lr_before": 0.00425, "g_lr_after": 0.002125, "fires": 2783, "prior_lr_before": 0.0085, "prior_lr_after": 0.00425}
{"event": "g_lr_apply", "armed": true, "update_index": 3984, "g_lr_before": 0.00425, "g_lr_after": 0.002125, "fires": 2784, "prior_lr_before": 0.0085, "prior_lr_after": 0.00425}
{"event": "g_lr_apply", "armed": true, "update_index": 3985, "g_lr_before": 0.00425, "g_lr_after": 0.002125, "fires": 2785, "prior_lr_before": 0.0085, "prior_lr_after": 0.00425}
{"event": "g_lr_apply", "armed": true, "update_index": 3986, "g_lr_before": 0.00425, "g_lr_after": 0.002125, "fires": 2786, "prior_lr_before": 0.0085, "prior_lr_after": 0.00425}
{"event": "g_lr_apply", "armed": true, "update_index": 3987, "g_lr_before": 0.00425, "g_lr_after": 0.002125, "fires": 2787, "prior_lr_before": 0.0085, "prior_lr_after": 0.00425}
{"event": "g_lr_apply", "armed": true, "update_index": 3988, "g_lr_before": 0.00425, "g_lr_after": 0.002125, "fires": 2788, "prior_lr_before": 0.0085, "prior_lr_after": 0.00425}
{"event": "g_lr_apply", "armed": true, "update_index": 3989, "g_lr_before": 0.00425, "g_lr_after": 0.002125, "fires": 2789, "prior_lr_before": 0.0085, "prior_lr_after": 0.00425}
{"event": "g_lr_apply", "armed": true, "update_index": 3990, "g_lr_before": 0.00425, "g_lr_after": 0.002125, "fires": 2790, "prior_lr_before": 0.0085, "prior_lr_after": 0.00425}
{"event": "g_lr_apply", "armed": true, "update_index": 3991, "g_lr_before": 0.00425, "g_lr_after": 0.002125, "fires": 2791, "prior_lr_before": 0.0085, "prior_lr_after": 0.00425}
{"event": "g_lr_apply", "armed": true, "update_index": 3992, "g_lr_before": 0.00425, "g_lr_after": 0.002125, "fires": 2792, "prior_lr_before": 0.0085, "prior_lr_after": 0.00425}
{"event": "g_lr_apply", "armed": true, "update_index": 3993, "g_lr_before": 0.00425, "g_lr_after": 0.002125, "fires": 2793, "prior_lr_before": 0.0085, "prior_lr_after": 0.00425}
{"event": "g_lr_apply", "armed": true, "update_index": 3994, "g_lr_before": 0.00425, "g_lr_after": 0.002125, "fires": 2794, "prior_lr_before": 0.0085, "prior_lr_after": 0.00425}
{"event": "g_lr_apply", "armed": true, "update_index": 3995, "g_lr_before": 0.00425, "g_lr_after": 0.002125, "fires": 2795, "prior_lr_before": 0.0085, "prior_lr_after": 0.00425}
{"event": "g_lr_apply", "armed": true, "update_index": 3996, "g_lr_before": 0.00425, "g_lr_after": 0.002125, "fires": 2796, "prior_lr_before": 0.0085, "prior_lr_after": 0.00425}
{"event": "g_lr_apply", "armed": true, "update_index": 3997, "g_lr_before": 0.00425, "g_lr_after": 0.002125, "fires": 2797, "prior_lr_before": 0.0085, "prior_lr_after": 0.00425}
{"event": "g_lr_apply", "armed": true, "update_index": 3998, "g_lr_before": 0.00425, "g_lr_after": 0.002125, "fires": 2798, "prior_lr_before": 0.0085, "prior_lr_after": 0.00425}
{"event": "g_lr_apply", "armed": true, "update_index": 3999, "g_lr_before": 0.00425, "g_lr_after": 0.002125, "fires": 2799, "prior_lr_before": 0.0085, "prior_lr_after": 0.00425}
{"event": "g_lr_apply", "armed": true, "update_index": 4000, "g_lr_before": 0.00425, "g_lr_after": 0.002125, "fires": 2800, "prior_lr_before": 0.0085, "prior_lr_after": 0.00425}
{"event": "UPDATES", "candidate": "PR140", "task": "convergence", "adam_calls": 8000}
{"event": "g_lr_apply", "armed": true, "update_index": 4001, "g_lr_before": 0.00425, "g_lr_after": 0.002125, "fires": 2801, "prior_lr_before": 0.0085, "prior_lr_after": 0.00425}
{"event": "g_lr_apply", "armed": true, "update_index": 4002, "g_lr_before": 0.00425, "g_lr_after": 0.002125, "fires": 2802, "prior_lr_before": 0.0085, "prior_lr_after": 0.00425}
{"event": "g_lr_apply", "armed": true, "update_index": 4003, "g_lr_before": 0.00425, "g_lr_after": 0.002125, "fires": 2803, "prior_lr_before": 0.0085, "prior_lr_after": 0.00425}
{"event": "g_lr_apply", "armed": true, "update_index": 4004, "g_lr_before": 0.00425, "g_lr_after": 0.002125, "fires": 2804, "prior_lr_before": 0.0085, "prior_lr_after": 0.00425}
{"event": "g_lr_apply", "armed": true, "update_index": 4005, "g_lr_before": 0.00425, "g_lr_after": 0.002125, "fires": 2805, "prior_lr_before": 0.0085, "prior_lr_after": 0.00425}
{"event": "g_lr_apply", "armed": true, "update_index": 4006, "g_lr_before": 0.00425, "g_lr_after": 0.002125, "fires": 2806, "prior_lr_before": 0.0085, "prior_lr_after": 0.00425}
{"event": "g_lr_apply", "armed": true, "update_index": 4007, "g_lr_before": 0.00425, "g_lr_after": 0.002125, "fires": 2807, "prior_lr_before": 0.0085, "prior_lr_after": 0.00425}
{"event": "g_lr_apply", "armed": true, "update_index": 4008, "g_lr_before": 0.00425, "g_lr_after": 0.002125, "fires": 2808, "prior_lr_before": 0.0085, "prior_lr_after": 0.00425}
{"event": "g_lr_apply", "armed": true, "update_index": 4009, "g_lr_before": 0.00425, "g_lr_after": 0.002125, "fires": 2809, "prior_lr_before": 0.0085, "prior_lr_after": 0.00425}
{"event": "g_lr_apply", "armed": true, "update_index": 4010, "g_lr_before": 0.00425, "g_lr_after": 0.002125, "fires": 2810, "prior_lr_before": 0.0085, "prior_lr_after": 0.00425}
{"event": "g_lr_apply", "armed": true, "update_index": 4011, "g_lr_before": 0.00425, "g_lr_after": 0.002125, "fires": 2811, "prior_lr_before": 0.0085, "prior_lr_after": 0.00425}
{"event": "g_lr_apply", "armed": true, "update_index": 4012, "g_lr_before": 0.00425, "g_lr_after": 0.002125, "fires": 2812, "prior_lr_before": 0.0085, "prior_lr_after": 0.00425}
{"event": "g_lr_apply", "armed": true, "update_index": 4013, "g_lr_before": 0.00425, "g_lr_after": 0.002125, "fires": 2813, "prior_lr_before": 0.0085, "prior_lr_after": 0.00425}
{"event": "g_lr_apply", "armed": true, "update_index": 4014, "g_lr_before": 0.00425, "g_lr_after": 0.002125, "fires": 2814, "prior_lr_before": 0.0085, "prior_lr_after": 0.00425}
{"event": "g_lr_apply", "armed": true, "update_index": 4015, "g_lr_before": 0.00425, "g_lr_after": 0.002125, "fires": 2815, "prior_lr_before": 0.0085, "prior_lr_after": 0.00425}
{"event": "g_lr_apply", "armed": true, "update_index": 4016, "g_lr_before": 0.00425, "g_lr_after": 0.002125, "fires": 2816, "prior_lr_before": 0.0085, "prior_lr_after": 0.00425}
{"event": "g_lr_apply", "armed": true, "update_index": 4017, "g_lr_before": 0.00425, "g_lr_after": 0.002125, "fires": 2817, "prior_lr_before": 0.0085, "prior_lr_after": 0.00425}
{"event": "g_lr_apply", "armed": true, "update_index": 4018, "g_lr_before": 0.00425, "g_lr_after": 0.002125, "fires": 2818, "prior_lr_before": 0.0085, "prior_lr_after": 0.00425}
{"event": "g_lr_apply", "armed": true, "update_index": 4019, "g_lr_before": 0.00425, "g_lr_after": 0.002125, "fires": 2819, "prior_lr_before": 0.0085, "prior_lr_after": 0.00425}
{"event": "g_lr_apply", "armed": true, "update_index": 4020, "g_lr_before": 0.00425, "g_lr_after": 0.002125, "fires": 2820, "prior_lr_before": 0.0085, "prior_lr_after": 0.00425}
{"event": "g_lr_apply", "armed": true, "update_index": 4021, "g_lr_before": 0.00425, "g_lr_after": 0.002125, "fires": 2821, "prior_lr_before": 0.0085, "prior_lr_after": 0.00425}
{"event": "g_lr_apply", "armed": true, "update_index": 4022, "g_lr_before": 0.00425, "g_lr_after": 0.002125, "fires": 2822, "prior_lr_before": 0.0085, "prior_lr_after": 0.00425}
{"event": "g_lr_apply", "armed": true, "update_index": 4023, "g_lr_before": 0.00425, "g_lr_after": 0.002125, "fires": 2823, "prior_lr_before": 0.0085, "prior_lr_after": 0.00425}
{"event": "g_lr_apply", "armed": true, "update_index": 4024, "g_lr_before": 0.00425, "g_lr_after": 0.002125, "fires": 2824, "prior_lr_before": 0.0085, "prior_lr_after": 0.00425}
{"event": "g_lr_apply", "armed": true, "update_index": 4025, "g_lr_before": 0.00425, "g_lr_after": 0.002125, "fires": 2825, "prior_lr_before": 0.0085, "prior_lr_after": 0.00425}
{"event": "g_lr_apply", "armed": true, "update_index": 4026, "g_lr_before": 0.00425, "g_lr_after": 0.002125, "fires": 2826, "prior_lr_before": 0.0085, "prior_lr_after": 0.00425}
{"event": "g_lr_apply", "armed": true, "update_index": 4027, "g_lr_before": 0.00425, "g_lr_after": 0.002125, "fires": 2827, "prior_lr_before": 0.0085, "prior_lr_after": 0.00425}
{"event": "g_lr_apply", "armed": true, "update_index": 4028, "g_lr_before": 0.00425, "g_lr_after": 0.002125, "fires": 2828, "prior_lr_before": 0.0085, "prior_lr_after": 0.00425}
{"event": "g_lr_apply", "armed": true, "update_index": 4029, "g_lr_before": 0.00425, "g_lr_after": 0.002125, "fires": 2829, "prior_lr_before": 0.0085, "prior_lr_after": 0.00425}
{"event": "g_lr_apply", "armed": true, "update_index": 4030, "g_lr_before": 0.00425, "g_lr_after": 0.002125, "fires": 2830, "prior_lr_before": 0.0085, "prior_lr_after": 0.00425}
{"event": "g_lr_apply", "armed": true, "update_index": 4031, "g_lr_before": 0.00425, "g_lr_after": 0.002125, "fires": 2831, "prior_lr_before": 0.0085, "prior_lr_after": 0.00425}
{"event": "g_lr_apply", "armed": true, "update_index": 4032, "g_lr_before": 0.00425, "g_lr_after": 0.002125, "fires": 2832, "prior_lr_before": 0.0085, "prior_lr_after": 0.00425}
{"event": "g_lr_apply", "armed": true, "update_index": 4033, "g_lr_before": 0.00425, "g_lr_after": 0.002125, "fires": 2833, "prior_lr_before": 0.0085, "prior_lr_after": 0.00425}
{"event": "g_lr_apply", "armed": true, "update_index": 4034, "g_lr_before": 0.00425, "g_lr_after": 0.002125, "fires": 2834, "prior_lr_before": 0.0085, "prior_lr_after": 0.00425}
{"event": "g_lr_apply", "armed": true, "update_index": 4035, "g_lr_before": 0.00425, "g_lr_after": 0.002125, "fires": 2835, "prior_lr_before": 0.0085, "prior_lr_after": 0.00425}
{"event": "g_lr_apply", "armed": true, "update_index": 4036, "g_lr_before": 0.00425, "g_lr_after": 0.002125, "fires": 2836, "prior_lr_before": 0.0085, "prior_lr_after": 0.00425}
{"event": "g_lr_apply", "armed": true, "update_index": 4037, "g_lr_before": 0.00425, "g_lr_after": 0.002125, "fires": 2837, "prior_lr_before": 0.0085, "prior_lr_after": 0.00425}
{"event": "g_lr_apply", "armed": true, "update_index": 4038, "g_lr_before": 0.00425, "g_lr_after": 0.002125, "fires": 2838, "prior_lr_before": 0.0085, "prior_lr_after": 0.00425}
{"event": "g_lr_apply", "armed": true, "update_index": 4039, "g_lr_before": 0.00425, "g_lr_after": 0.002125, "fires": 2839, "prior_lr_before": 0.0085, "prior_lr_after": 0.00425}
{"event": "g_lr_apply", "armed": true, "update_index": 4040, "g_lr_before": 0.00425, "g_lr_after": 0.002125, "fires": 2840, "prior_lr_before": 0.0085, "prior_lr_after": 0.00425}
{"event": "g_lr_apply", "armed": true, "update_index": 4041, "g_lr_before": 0.00425, "g_lr_after": 0.002125, "fires": 2841, "prior_lr_before": 0.0085, "prior_lr_after": 0.00425}
{"event": "g_lr_apply", "armed": true, "update_index": 4042, "g_lr_before": 0.00425, "g_lr_after": 0.002125, "fires": 2842, "prior_lr_before": 0.0085, "prior_lr_after": 0.00425}
{"event": "g_lr_apply", "armed": true, "update_index": 4043, "g_lr_before": 0.00425, "g_lr_after": 0.002125, "fires": 2843, "prior_lr_before": 0.0085, "prior_lr_after": 0.00425}
{"event": "g_lr_apply", "armed": true, "update_index": 4044, "g_lr_before": 0.00425, "g_lr_after": 0.002125, "fires": 2844, "prior_lr_before": 0.0085, "prior_lr_after": 0.00425}
{"event": "g_lr_apply", "armed": true, "update_index": 4045, "g_lr_before": 0.00425, "g_lr_after": 0.002125, "fires": 2845, "prior_lr_before": 0.0085, "prior_lr_after": 0.00425}
{"event": "g_lr_apply", "armed": true, "update_index": 4046, "g_lr_before": 0.00425, "g_lr_after": 0.002125, "fires": 2846, "prior_lr_before": 0.0085, "prior_lr_after": 0.00425}
{"event": "g_lr_apply", "armed": true, "update_index": 4047, "g_lr_before": 0.00425, "g_lr_after": 0.002125, "fires": 2847, "prior_lr_before": 0.0085, "prior_lr_after": 0.00425}
{"event": "g_lr_apply", "armed": true, "update_index": 4048, "g_lr_before": 0.00425, "g_lr_after": 0.002125, "fires": 2848, "prior_lr_before": 0.0085, "prior_lr_after": 0.00425}
{"event": "g_lr_apply", "armed": true, "update_index": 4049, "g_lr_before": 0.00425, "g_lr_after": 0.002125, "fires": 2849, "prior_lr_before": 0.0085, "prior_lr_after": 0.00425}
{"event": "g_lr_apply", "armed": true, "update_index": 4050, "g_lr_before": 0.00425, "g_lr_after": 0.002125, "fires": 2850, "prior_lr_before": 0.0085, "prior_lr_after": 0.00425}
{"event": "g_lr_apply", "armed": true, "update_index": 4051, "g_lr_before": 0.00425, "g_lr_after": 0.002125, "fires": 2851, "prior_lr_before": 0.0085, "prior_lr_after": 0.00425}
{"event": "g_lr_apply", "armed": true, "update_index": 4052, "g_lr_before": 0.00425, "g_lr_after": 0.002125, "fires": 2852, "prior_lr_before": 0.0085, "prior_lr_after": 0.00425}
{"event": "g_lr_apply", "armed": true, "update_index": 4053, "g_lr_before": 0.00425, "g_lr_after": 0.002125, "fires": 2853, "prior_lr_before": 0.0085, "prior_lr_after": 0.00425}
{"event": "g_lr_apply", "armed": true, "update_index": 4054, "g_lr_before": 0.00425, "g_lr_after": 0.002125, "fires": 2854, "prior_lr_before": 0.0085, "prior_lr_after": 0.00425}
{"event": "g_lr_apply", "armed": true, "update_index": 4055, "g_lr_before": 0.00425, "g_lr_after": 0.002125, "fires": 2855, "prior_lr_before": 0.0085, "prior_lr_after": 0.00425}
{"event": "g_lr_apply", "armed": true, "update_index": 4056, "g_lr_before": 0.00425, "g_lr_after": 0.002125, "fires": 2856, "prior_lr_before": 0.0085, "prior_lr_after": 0.00425}
{"event": "g_lr_apply", "armed": true, "update_index": 4057, "g_lr_before": 0.00425, "g_lr_after": 0.002125, "fires": 2857, "prior_lr_before": 0.0085, "prior_lr_after": 0.00425}
{"event": "g_lr_apply", "armed": true, "update_index": 4058, "g_lr_before": 0.00425, "g_lr_after": 0.002125, "fires": 2858, "prior_lr_before": 0.0085, "prior_lr_after": 0.00425}
{"event": "g_lr_apply", "armed": true, "update_index": 4059, "g_lr_before": 0.00425, "g_lr_after": 0.002125, "fires": 2859, "prior_lr_before": 0.0085, "prior_lr_after": 0.00425}
{"event": "g_lr_apply", "armed": true, "update_index": 4060, "g_lr_before": 0.00425, "g_lr_after": 0.002125, "fires": 2860, "prior_lr_before": 0.0085, "prior_lr_after": 0.00425}
{"event": "g_lr_apply", "armed": true, "update_index": 4061, "g_lr_before": 0.00425, "g_lr_after": 0.002125, "fires": 2861, "prior_lr_before": 0.0085, "prior_lr_after": 0.00425}
{"event": "g_lr_apply", "armed": true, "update_index": 4062, "g_lr_before": 0.00425, "g_lr_after": 0.002125, "fires": 2862, "prior_lr_before": 0.0085, "prior_lr_after": 0.00425}
{"event": "g_lr_apply", "armed": true, "update_index": 4063, "g_lr_before": 0.00425, "g_lr_after": 0.002125, "fires": 2863, "prior_lr_before": 0.0085, "prior_lr_after": 0.00425}
{"event": "g_lr_apply", "armed": true, "update_index": 4064, "g_lr_before": 0.00425, "g_lr_after": 0.002125, "fires": 2864, "prior_lr_before": 0.0085, "prior_lr_after": 0.00425}
{"event": "g_lr_apply", "armed": true, "update_index": 4065, "g_lr_before": 0.00425, "g_lr_after": 0.002125, "fires": 2865, "prior_lr_before": 0.0085, "prior_lr_after": 0.00425}
{"event": "g_lr_apply", "armed": true, "update_index": 4066, "g_lr_before": 0.00425, "g_lr_after": 0.002125, "fires": 2866, "prior_lr_before": 0.0085, "prior_lr_after": 0.00425}
{"event": "g_lr_apply", "armed": true, "update_index": 4067, "g_lr_before": 0.00425, "g_lr_after": 0.002125, "fires": 2867, "prior_lr_before": 0.0085, "prior_lr_after": 0.00425}
{"event": "g_lr_apply", "armed": true, "update_index": 4068, "g_lr_before": 0.00425, "g_lr_after": 0.002125, "fires": 2868, "prior_lr_before": 0.0085, "prior_lr_after": 0.00425}
{"event": "g_lr_apply", "armed": true, "update_index": 4069, "g_lr_before": 0.00425, "g_lr_after": 0.002125, "fires": 2869, "prior_lr_before": 0.0085, "prior_lr_after": 0.00425}
{"event": "g_lr_apply", "armed": true, "update_index": 4070, "g_lr_before": 0.00425, "g_lr_after": 0.002125, "fires": 2870, "prior_lr_before": 0.0085, "prior_lr_after": 0.00425}
{"event": "g_lr_apply", "armed": true, "update_index": 4071, "g_lr_before": 0.00425, "g_lr_after": 0.002125, "fires": 2871, "prior_lr_before": 0.0085, "prior_lr_after": 0.00425}
{"event": "g_lr_apply", "armed": true, "update_index": 4072, "g_lr_before": 0.00425, "g_lr_after": 0.002125, "fires": 2872, "prior_lr_before": 0.0085, "prior_lr_after": 0.00425}
{"event": "g_lr_apply", "armed": true, "update_index": 4073, "g_lr_before": 0.00425, "g_lr_after": 0.002125, "fires": 2873, "prior_lr_before": 0.0085, "prior_lr_after": 0.00425}
{"event": "g_lr_apply", "armed": true, "update_index": 4074, "g_lr_before": 0.00425, "g_lr_after": 0.002125, "fires": 2874, "prior_lr_before": 0.0085, "prior_lr_after": 0.00425}
{"event": "g_lr_apply", "armed": true, "update_index": 4075, "g_lr_before": 0.00425, "g_lr_after": 0.002125, "fires": 2875, "prior_lr_before": 0.0085, "prior_lr_after": 0.00425}
{"event": "g_lr_apply", "armed": true, "update_index": 4076, "g_lr_before": 0.00425, "g_lr_after": 0.002125, "fires": 2876, "prior_lr_before": 0.0085, "prior_lr_after": 0.00425}
{"event": "g_lr_apply", "armed": true, "update_index": 4077, "g_lr_before": 0.00425, "g_lr_after": 0.002125, "fires": 2877, "prior_lr_before": 0.0085, "prior_lr_after": 0.00425}
{"event": "g_lr_apply", "armed": true, "update_index": 4078, "g_lr_before": 0.00425, "g_lr_after": 0.002125, "fires": 2878, "prior_lr_before": 0.0085, "prior_lr_after": 0.00425}
{"event": "g_lr_apply", "armed": true, "update_index": 4079, "g_lr_before": 0.00425, "g_lr_after": 0.002125, "fires": 2879, "prior_lr_before": 0.0085, "prior_lr_after": 0.00425}
{"event": "g_lr_apply", "armed": true, "update_index": 4080, "g_lr_before": 0.00425, "g_lr_after": 0.002125, "fires": 2880, "prior_lr_before": 0.0085, "prior_lr_after": 0.00425}
{"event": "g_lr_apply", "armed": true, "update_index": 4081, "g_lr_before": 0.00425, "g_lr_after": 0.002125, "fires": 2881, "prior_lr_before": 0.0085, "prior_lr_after": 0.00425}
{"event": "g_lr_apply", "armed": true, "update_index": 4082, "g_lr_before": 0.00425, "g_lr_after": 0.002125, "fires": 2882, "prior_lr_before": 0.0085, "prior_lr_after": 0.00425}
{"event": "g_lr_apply", "armed": true, "update_index": 4083, "g_lr_before": 0.00425, "g_lr_after": 0.002125, "fires": 2883, "prior_lr_before": 0.0085, "prior_lr_after": 0.00425}
{"event": "g_lr_apply", "armed": true, "update_index": 4084, "g_lr_before": 0.00425, "g_lr_after": 0.002125, "fires": 2884, "prior_lr_before": 0.0085, "prior_lr_after": 0.00425}
{"event": "g_lr_apply", "armed": true, "update_index": 4085, "g_lr_before": 0.00425, "g_lr_after": 0.002125, "fires": 2885, "prior_lr_before": 0.0085, "prior_lr_after": 0.00425}
{"event": "g_lr_apply", "armed": true, "update_index": 4086, "g_lr_before": 0.00425, "g_lr_after": 0.002125, "fires": 2886, "prior_lr_before": 0.0085, "prior_lr_after": 0.00425}
{"event": "g_lr_apply", "armed": true, "update_index": 4087, "g_lr_before": 0.00425, "g_lr_after": 0.002125, "fires": 2887, "prior_lr_before": 0.0085, "prior_lr_after": 0.00425}
{"event": "g_lr_apply", "armed": true, "update_index": 4088, "g_lr_before": 0.00425, "g_lr_after": 0.002125, "fires": 2888, "prior_lr_before": 0.0085, "prior_lr_after": 0.00425}
{"event": "g_lr_apply", "armed": true, "update_index": 4089, "g_lr_before": 0.00425, "g_lr_after": 0.002125, "fires": 2889, "prior_lr_before": 0.0085, "prior_lr_after": 0.00425}
{"event": "g_lr_apply", "armed": true, "update_index": 4090, "g_lr_before": 0.00425, "g_lr_after": 0.002125, "fires": 2890, "prior_lr_before": 0.0085, "prior_lr_after": 0.00425}
{"event": "g_lr_apply", "armed": true, "update_index": 4091, "g_lr_before": 0.00425, "g_lr_after": 0.002125, "fires": 2891, "prior_lr_before": 0.0085, "prior_lr_after": 0.00425}
{"event": "g_lr_apply", "armed": true, "update_index": 4092, "g_lr_before": 0.00425, "g_lr_after": 0.002125, "fires": 2892, "prior_lr_before": 0.0085, "prior_lr_after": 0.00425}
{"event": "g_lr_apply", "armed": true, "update_index": 4093, "g_lr_before": 0.00425, "g_lr_after": 0.002125, "fires": 2893, "prior_lr_before": 0.0085, "prior_lr_after": 0.00425}
{"event": "g_lr_apply", "armed": true, "update_index": 4094, "g_lr_before": 0.00425, "g_lr_after": 0.002125, "fires": 2894, "prior_lr_before": 0.0085, "prior_lr_after": 0.00425}
{"event": "g_lr_apply", "armed": true, "update_index": 4095, "g_lr_before": 0.00425, "g_lr_after": 0.002125, "fires": 2895, "prior_lr_before": 0.0085, "prior_lr_after": 0.00425}
{"event": "g_lr_apply", "armed": true, "update_index": 4096, "g_lr_before": 0.00425, "g_lr_after": 0.002125, "fires": 2896, "prior_lr_before": 0.0085, "prior_lr_after": 0.00425}
{"event": "g_lr_apply", "armed": true, "update_index": 4097, "g_lr_before": 0.00425, "g_lr_after": 0.002125, "fires": 2897, "prior_lr_before": 0.0085, "prior_lr_after": 0.00425}
{"event": "g_lr_apply", "armed": true, "update_index": 4098, "g_lr_before": 0.00425, "g_lr_after": 0.002125, "fires": 2898, "prior_lr_before": 0.0085, "prior_lr_after": 0.00425}
{"event": "g_lr_apply", "armed": true, "update_index": 4099, "g_lr_before": 0.00425, "g_lr_after": 0.002125, "fires": 2899, "prior_lr_before": 0.0085, "prior_lr_after": 0.00425}
{"event": "g_lr_apply", "armed": true, "update_index": 4100, "g_lr_before": 0.00425, "g_lr_after": 0.002125, "fires": 2900, "prior_lr_before": 0.0085, "prior_lr_after": 0.00425}
{"event": "g_lr_apply", "armed": true, "update_index": 4101, "g_lr_before": 0.00425, "g_lr_after": 0.002125, "fires": 2901, "prior_lr_before": 0.0085, "prior_lr_after": 0.00425}
{"event": "g_lr_apply", "armed": true, "update_index": 4102, "g_lr_before": 0.00425, "g_lr_after": 0.002125, "fires": 2902, "prior_lr_before": 0.0085, "prior_lr_after": 0.00425}
{"event": "g_lr_apply", "armed": true, "update_index": 4103, "g_lr_before": 0.00425, "g_lr_after": 0.002125, "fires": 2903, "prior_lr_before": 0.0085, "prior_lr_after": 0.00425}
{"event": "g_lr_apply", "armed": true, "update_index": 4104, "g_lr_before": 0.00425, "g_lr_after": 0.002125, "fires": 2904, "prior_lr_before": 0.0085, "prior_lr_after": 0.00425}
{"event": "g_lr_apply", "armed": true, "update_index": 4105, "g_lr_before": 0.00425, "g_lr_after": 0.002125, "fires": 2905, "prior_lr_before": 0.0085, "prior_lr_after": 0.00425}
{"event": "g_lr_apply", "armed": true, "update_index": 4106, "g_lr_before": 0.00425, "g_lr_after": 0.002125, "fires": 2906, "prior_lr_before": 0.0085, "prior_lr_after": 0.00425}
{"event": "g_lr_apply", "armed": true, "update_index": 4107, "g_lr_before": 0.00425, "g_lr_after": 0.002125, "fires": 2907, "prior_lr_before": 0.0085, "prior_lr_after": 0.00425}
{"event": "g_lr_apply", "armed": true, "update_index": 4108, "g_lr_before": 0.00425, "g_lr_after": 0.002125, "fires": 2908, "prior_lr_before": 0.0085, "prior_lr_after": 0.00425}
{"event": "g_lr_apply", "armed": true, "update_index": 4109, "g_lr_before": 0.00425, "g_lr_after": 0.002125, "fires": 2909, "prior_lr_before": 0.0085, "prior_lr_after": 0.00425}
{"event": "g_lr_apply", "armed": true, "update_index": 4110, "g_lr_before": 0.00425, "g_lr_after": 0.002125, "fires": 2910, "prior_lr_before": 0.0085, "prior_lr_after": 0.00425}
{"event": "g_lr_apply", "armed": true, "update_index": 4111, "g_lr_before": 0.00425, "g_lr_after": 0.002125, "fires": 2911, "prior_lr_before": 0.0085, "prior_lr_after": 0.00425}
{"event": "g_lr_apply", "armed": true, "update_index": 4112, "g_lr_before": 0.00425, "g_lr_after": 0.002125, "fires": 2912, "prior_lr_before": 0.0085, "prior_lr_after": 0.00425}
{"event": "g_lr_apply", "armed": true, "update_index": 4113, "g_lr_before": 0.00425, "g_lr_after": 0.002125, "fires": 2913, "prior_lr_before": 0.0085, "prior_lr_after": 0.00425}
{"event": "g_lr_apply", "armed": true, "update_index": 4114, "g_lr_before": 0.00425, "g_lr_after": 0.002125, "fires": 2914, "prior_lr_before": 0.0085, "prior_lr_after": 0.00425}
{"event": "g_lr_apply", "armed": true, "update_index": 4115, "g_lr_before": 0.00425, "g_lr_after": 0.002125, "fires": 2915, "prior_lr_before": 0.0085, "prior_lr_after": 0.00425}
{"event": "g_lr_apply", "armed": true, "update_index": 4116, "g_lr_before": 0.00425, "g_lr_after": 0.002125, "fires": 2916, "prior_lr_before": 0.0085, "prior_lr_after": 0.00425}
{"event": "g_lr_apply", "armed": true, "update_index": 4117, "g_lr_before": 0.00425, "g_lr_after": 0.002125, "fires": 2917, "prior_lr_before": 0.0085, "prior_lr_after": 0.00425}
{"event": "g_lr_apply", "armed": true, "update_index": 4118, "g_lr_before": 0.00425, "g_lr_after": 0.002125, "fires": 2918, "prior_lr_before": 0.0085, "prior_lr_after": 0.00425}
{"event": "g_lr_apply", "armed": true, "update_index": 4119, "g_lr_before": 0.00425, "g_lr_after": 0.002125, "fires": 2919, "prior_lr_before": 0.0085, "prior_lr_after": 0.00425}
{"event": "g_lr_apply", "armed": true, "update_index": 4120, "g_lr_before": 0.00425, "g_lr_after": 0.002125, "fires": 2920, "prior_lr_before": 0.0085, "prior_lr_after": 0.00425}
{"event": "g_lr_apply", "armed": true, "update_index": 4121, "g_lr_before": 0.00425, "g_lr_after": 0.002125, "fires": 2921, "prior_lr_before": 0.0085, "prior_lr_after": 0.00425}
{"event": "g_lr_apply", "armed": true, "update_index": 4122, "g_lr_before": 0.00425, "g_lr_after": 0.002125, "fires": 2922, "prior_lr_before": 0.0085, "prior_lr_after": 0.00425}
{"event": "g_lr_apply", "armed": true, "update_index": 4123, "g_lr_before": 0.00425, "g_lr_after": 0.002125, "fires": 2923, "prior_lr_before": 0.0085, "prior_lr_after": 0.00425}
{"event": "g_lr_apply", "armed": true, "update_index": 4124, "g_lr_before": 0.00425, "g_lr_after": 0.002125, "fires": 2924, "prior_lr_before": 0.0085, "prior_lr_after": 0.00425}
{"event": "g_lr_apply", "armed": true, "update_index": 4125, "g_lr_before": 0.00425, "g_lr_after": 0.002125, "fires": 2925, "prior_lr_before": 0.0085, "prior_lr_after": 0.00425}
{"event": "g_lr_apply", "armed": true, "update_index": 4126, "g_lr_before": 0.00425, "g_lr_after": 0.002125, "fires": 2926, "prior_lr_before": 0.0085, "prior_lr_after": 0.00425}
{"event": "g_lr_apply", "armed": true, "update_index": 4127, "g_lr_before": 0.00425, "g_lr_after": 0.002125, "fires": 2927, "prior_lr_before": 0.0085, "prior_lr_after": 0.00425}
{"event": "g_lr_apply", "armed": true, "update_index": 4128, "g_lr_before": 0.00425, "g_lr_after": 0.002125, "fires": 2928, "prior_lr_before": 0.0085, "prior_lr_after": 0.00425}
{"event": "g_lr_apply", "armed": true, "update_index": 4129, "g_lr_before": 0.00425, "g_lr_after": 0.002125, "fires": 2929, "prior_lr_before": 0.0085, "prior_lr_after": 0.00425}
{"event": "g_lr_apply", "armed": true, "update_index": 4130, "g_lr_before": 0.00425, "g_lr_after": 0.002125, "fires": 2930, "prior_lr_before": 0.0085, "prior_lr_after": 0.00425}
{"event": "g_lr_apply", "armed": true, "update_index": 4131, "g_lr_before": 0.00425, "g_lr_after": 0.002125, "fires": 2931, "prior_lr_before": 0.0085, "prior_lr_after": 0.00425}
{"event": "g_lr_apply", "armed": true, "update_index": 4132, "g_lr_before": 0.00425, "g_lr_after": 0.002125, "fires": 2932, "prior_lr_before": 0.0085, "prior_lr_after": 0.00425}
{"event": "g_lr_apply", "armed": true, "update_index": 4133, "g_lr_before": 0.00425, "g_lr_after": 0.002125, "fires": 2933, "prior_lr_before": 0.0085, "prior_lr_after": 0.00425}
{"event": "g_lr_apply", "armed": true, "update_index": 4134, "g_lr_before": 0.00425, "g_lr_after": 0.002125, "fires": 2934, "prior_lr_before": 0.0085, "prior_lr_after": 0.00425}
{"event": "g_lr_apply", "armed": true, "update_index": 4135, "g_lr_before": 0.00425, "g_lr_after": 0.002125, "fires": 2935, "prior_lr_before": 0.0085, "prior_lr_after": 0.00425}
{"event": "g_lr_apply", "armed": true, "update_index": 4136, "g_lr_before": 0.00425, "g_lr_after": 0.002125, "fires": 2936, "prior_lr_before": 0.0085, "prior_lr_after": 0.00425}
{"event": "g_lr_apply", "armed": true, "update_index": 4137, "g_lr_before": 0.00425, "g_lr_after": 0.002125, "fires": 2937, "prior_lr_before": 0.0085, "prior_lr_after": 0.00425}
{"event": "g_lr_apply", "armed": true, "update_index": 4138, "g_lr_before": 0.00425, "g_lr_after": 0.002125, "fires": 2938, "prior_lr_before": 0.0085, "prior_lr_after": 0.00425}
{"event": "g_lr_apply", "armed": true, "update_index": 4139, "g_lr_before": 0.00425, "g_lr_after": 0.002125, "fires": 2939, "prior_lr_before": 0.0085, "prior_lr_after": 0.00425}
{"event": "g_lr_apply", "armed": true, "update_index": 4140, "g_lr_before": 0.00425, "g_lr_after": 0.002125, "fires": 2940, "prior_lr_before": 0.0085, "prior_lr_after": 0.00425}
{"event": "g_lr_apply", "armed": true, "update_index": 4141, "g_lr_before": 0.00425, "g_lr_after": 0.002125, "fires": 2941, "prior_lr_before": 0.0085, "prior_lr_after": 0.00425}
{"event": "g_lr_apply", "armed": true, "update_index": 4142, "g_lr_before": 0.00425, "g_lr_after": 0.002125, "fires": 2942, "prior_lr_before": 0.0085, "prior_lr_after": 0.00425}
{"event": "g_lr_apply", "armed": true, "update_index": 4143, "g_lr_before": 0.00425, "g_lr_after": 0.002125, "fires": 2943, "prior_lr_before": 0.0085, "prior_lr_after": 0.00425}
{"event": "g_lr_apply", "armed": true, "update_index": 4144, "g_lr_before": 0.00425, "g_lr_after": 0.002125, "fires": 2944, "prior_lr_before": 0.0085, "prior_lr_after": 0.00425}
{"event": "g_lr_apply", "armed": true, "update_index": 4145, "g_lr_before": 0.00425, "g_lr_after": 0.002125, "fires": 2945, "prior_lr_before": 0.0085, "prior_lr_after": 0.00425}
{"event": "g_lr_apply", "armed": true, "update_index": 4146, "g_lr_before": 0.00425, "g_lr_after": 0.002125, "fires": 2946, "prior_lr_before": 0.0085, "prior_lr_after": 0.00425}
{"event": "g_lr_apply", "armed": true, "update_index": 4147, "g_lr_before": 0.00425, "g_lr_after": 0.002125, "fires": 2947, "prior_lr_before": 0.0085, "prior_lr_after": 0.00425}
{"event": "g_lr_apply", "armed": true, "update_index": 4148, "g_lr_before": 0.00425, "g_lr_after": 0.002125, "fires": 2948, "prior_lr_before": 0.0085, "prior_lr_after": 0.00425}
{"event": "g_lr_apply", "armed": true, "update_index": 4149, "g_lr_before": 0.00425, "g_lr_after": 0.002125, "fires": 2949, "prior_lr_before": 0.0085, "prior_lr_after": 0.00425}
{"event": "g_lr_apply", "armed": true, "update_index": 4150, "g_lr_before": 0.00425, "g_lr_after": 0.002125, "fires": 2950, "prior_lr_before": 0.0085, "prior_lr_after": 0.00425}
{"event": "g_lr_apply", "armed": true, "update_index": 4151, "g_lr_before": 0.00425, "g_lr_after": 0.002125, "fires": 2951, "prior_lr_before": 0.0085, "prior_lr_after": 0.00425}
{"event": "g_lr_apply", "armed": true, "update_index": 4152, "g_lr_before": 0.00425, "g_lr_after": 0.002125, "fires": 2952, "prior_lr_before": 0.0085, "prior_lr_after": 0.00425}
{"event": "g_lr_apply", "armed": true, "update_index": 4153, "g_lr_before": 0.00425, "g_lr_after": 0.002125, "fires": 2953, "prior_lr_before": 0.0085, "prior_lr_after": 0.00425}
{"event": "g_lr_apply", "armed": true, "update_index": 4154, "g_lr_before": 0.00425, "g_lr_after": 0.002125, "fires": 2954, "prior_lr_before": 0.0085, "prior_lr_after": 0.00425}
{"event": "g_lr_apply", "armed": true, "update_index": 4155, "g_lr_before": 0.00425, "g_lr_after": 0.002125, "fires": 2955, "prior_lr_before": 0.0085, "prior_lr_after": 0.00425}
{"event": "g_lr_apply", "armed": true, "update_index": 4156, "g_lr_before": 0.00425, "g_lr_after": 0.002125, "fires": 2956, "prior_lr_before": 0.0085, "prior_lr_after": 0.00425}
{"event": "g_lr_apply", "armed": true, "update_index": 4157, "g_lr_before": 0.00425, "g_lr_after": 0.002125, "fires": 2957, "prior_lr_before": 0.0085, "prior_lr_after": 0.00425}
{"event": "g_lr_apply", "armed": true, "update_index": 4158, "g_lr_before": 0.00425, "g_lr_after": 0.002125, "fires": 2958, "prior_lr_before": 0.0085, "prior_lr_after": 0.00425}
{"event": "g_lr_apply", "armed": true, "update_index": 4159, "g_lr_before": 0.00425, "g_lr_after": 0.002125, "fires": 2959, "prior_lr_before": 0.0085, "prior_lr_after": 0.00425}
{"event": "g_lr_apply", "armed": true, "update_index": 4160, "g_lr_before": 0.00425, "g_lr_after": 0.002125, "fires": 2960, "prior_lr_before": 0.0085, "prior_lr_after": 0.00425}
{"event": "g_lr_apply", "armed": true, "update_index": 4161, "g_lr_before": 0.00425, "g_lr_after": 0.002125, "fires": 2961, "prior_lr_before": 0.0085, "prior_lr_after": 0.00425}
{"event": "g_lr_apply", "armed": true, "update_index": 4162, "g_lr_before": 0.00425, "g_lr_after": 0.002125, "fires": 2962, "prior_lr_before": 0.0085, "prior_lr_after": 0.00425}
{"event": "g_lr_apply", "armed": true, "update_index": 4163, "g_lr_before": 0.00425, "g_lr_after": 0.002125, "fires": 2963, "prior_lr_before": 0.0085, "prior_lr_after": 0.00425}
{"event": "g_lr_apply", "armed": true, "update_index": 4164, "g_lr_before": 0.00425, "g_lr_after": 0.002125, "fires": 2964, "prior_lr_before": 0.0085, "prior_lr_after": 0.00425}
{"event": "g_lr_apply", "armed": true, "update_index": 4165, "g_lr_before": 0.00425, "g_lr_after": 0.002125, "fires": 2965, "prior_lr_before": 0.0085, "prior_lr_after": 0.00425}
{"event": "g_lr_apply", "armed": true, "update_index": 4166, "g_lr_before": 0.00425, "g_lr_after": 0.002125, "fires": 2966, "prior_lr_before": 0.0085, "prior_lr_after": 0.00425}
{"event": "g_lr_apply", "armed": true, "update_index": 4167, "g_lr_before": 0.00425, "g_lr_after": 0.002125, "fires": 2967, "prior_lr_before": 0.0085, "prior_lr_after": 0.00425}
{"event": "g_lr_apply", "armed": true, "update_index": 4168, "g_lr_before": 0.00425, "g_lr_after": 0.002125, "fires": 2968, "prior_lr_before": 0.0085, "prior_lr_after": 0.00425}
{"event": "g_lr_apply", "armed": true, "update_index": 4169, "g_lr_before": 0.00425, "g_lr_after": 0.002125, "fires": 2969, "prior_lr_before": 0.0085, "prior_lr_after": 0.00425}
{"event": "g_lr_apply", "armed": true, "update_index": 4170, "g_lr_before": 0.00425, "g_lr_after": 0.002125, "fires": 2970, "prior_lr_before": 0.0085, "prior_lr_after": 0.00425}
{"event": "g_lr_apply", "armed": true, "update_index": 4171, "g_lr_before": 0.00425, "g_lr_after": 0.002125, "fires": 2971, "prior_lr_before": 0.0085, "prior_lr_after": 0.00425}
{"event": "g_lr_apply", "armed": true, "update_index": 4172, "g_lr_before": 0.00425, "g_lr_after": 0.002125, "fires": 2972, "prior_lr_before": 0.0085, "prior_lr_after": 0.00425}
{"event": "g_lr_apply", "armed": true, "update_index": 4173, "g_lr_before": 0.00425, "g_lr_after": 0.002125, "fires": 2973, "prior_lr_before": 0.0085, "prior_lr_after": 0.00425}
{"event": "g_lr_apply", "armed": true, "update_index": 4174, "g_lr_before": 0.00425, "g_lr_after": 0.002125, "fires": 2974, "prior_lr_before": 0.0085, "prior_lr_after": 0.00425}
{"event": "g_lr_apply", "armed": true, "update_index": 4175, "g_lr_before": 0.00425, "g_lr_after": 0.002125, "fires": 2975, "prior_lr_before": 0.0085, "prior_lr_after": 0.00425}
{"event": "g_lr_apply", "armed": true, "update_index": 4176, "g_lr_before": 0.00425, "g_lr_after": 0.002125, "fires": 2976, "prior_lr_before": 0.0085, "prior_lr_after": 0.00425}
{"event": "g_lr_apply", "armed": true, "update_index": 4177, "g_lr_before": 0.00425, "g_lr_after": 0.002125, "fires": 2977, "prior_lr_before": 0.0085, "prior_lr_after": 0.00425}
{"event": "g_lr_apply", "armed": true, "update_index": 4178, "g_lr_before": 0.00425, "g_lr_after": 0.002125, "fires": 2978, "prior_lr_before": 0.0085, "prior_lr_after": 0.00425}
{"event": "g_lr_apply", "armed": true, "update_index": 4179, "g_lr_before": 0.00425, "g_lr_after": 0.002125, "fires": 2979, "prior_lr_before": 0.0085, "prior_lr_after": 0.00425}
{"event": "g_lr_apply", "armed": true, "update_index": 4180, "g_lr_before": 0.00425, "g_lr_after": 0.002125, "fires": 2980, "prior_lr_before": 0.0085, "prior_lr_after": 0.00425}
{"event": "g_lr_apply", "armed": true, "update_index": 4181, "g_lr_before": 0.00425, "g_lr_after": 0.002125, "fires": 2981, "prior_lr_before": 0.0085, "prior_lr_after": 0.00425}
{"event": "g_lr_apply", "armed": true, "update_index": 4182, "g_lr_before": 0.00425, "g_lr_after": 0.002125, "fires": 2982, "prior_lr_before": 0.0085, "prior_lr_after": 0.00425}
{"event": "g_lr_apply", "armed": true, "update_index": 4183, "g_lr_before": 0.00425, "g_lr_after": 0.002125, "fires": 2983, "prior_lr_before": 0.0085, "prior_lr_after": 0.00425}
{"event": "g_lr_apply", "armed": true, "update_index": 4184, "g_lr_before": 0.00425, "g_lr_after": 0.002125, "fires": 2984, "prior_lr_before": 0.0085, "prior_lr_after": 0.00425}
{"event": "g_lr_apply", "armed": true, "update_index": 4185, "g_lr_before": 0.00425, "g_lr_after": 0.002125, "fires": 2985, "prior_lr_before": 0.0085, "prior_lr_after": 0.00425}
{"event": "g_lr_apply", "armed": true, "update_index": 4186, "g_lr_before": 0.00425, "g_lr_after": 0.002125, "fires": 2986, "prior_lr_before": 0.0085, "prior_lr_after": 0.00425}
{"event": "g_lr_apply", "armed": true, "update_index": 4187, "g_lr_before": 0.00425, "g_lr_after": 0.002125, "fires": 2987, "prior_lr_before": 0.0085, "prior_lr_after": 0.00425}
{"event": "g_lr_apply", "armed": true, "update_index": 4188, "g_lr_before": 0.00425, "g_lr_after": 0.002125, "fires": 2988, "prior_lr_before": 0.0085, "prior_lr_after": 0.00425}
{"event": "g_lr_apply", "armed": true, "update_index": 4189, "g_lr_before": 0.00425, "g_lr_after": 0.002125, "fires": 2989, "prior_lr_before": 0.0085, "prior_lr_after": 0.00425}
{"event": "g_lr_apply", "armed": true, "update_index": 4190, "g_lr_before": 0.00425, "g_lr_after": 0.002125, "fires": 2990, "prior_lr_before": 0.0085, "prior_lr_after": 0.00425}
{"event": "g_lr_apply", "armed": true, "update_index": 4191, "g_lr_before": 0.00425, "g_lr_after": 0.002125, "fires": 2991, "prior_lr_before": 0.0085, "prior_lr_after": 0.00425}
{"event": "g_lr_apply", "armed": true, "update_index": 4192, "g_lr_before": 0.00425, "g_lr_after": 0.002125, "fires": 2992, "prior_lr_before": 0.0085, "prior_lr_after": 0.00425}
{"event": "g_lr_apply", "armed": true, "update_index": 4193, "g_lr_before": 0.00425, "g_lr_after": 0.002125, "fires": 2993, "prior_lr_before": 0.0085, "prior_lr_after": 0.00425}
{"event": "g_lr_apply", "armed": true, "update_index": 4194, "g_lr_before": 0.00425, "g_lr_after": 0.002125, "fires": 2994, "prior_lr_before": 0.0085, "prior_lr_after": 0.00425}
{"event": "g_lr_apply", "armed": true, "update_index": 4195, "g_lr_before": 0.00425, "g_lr_after": 0.002125, "fires": 2995, "prior_lr_before": 0.0085, "prior_lr_after": 0.00425}
{"event": "g_lr_apply", "armed": true, "update_index": 4196, "g_lr_before": 0.00425, "g_lr_after": 0.002125, "fires": 2996, "prior_lr_before": 0.0085, "prior_lr_after": 0.00425}
{"event": "g_lr_apply", "armed": true, "update_index": 4197, "g_lr_before": 0.00425, "g_lr_after": 0.002125, "fires": 2997, "prior_lr_before": 0.0085, "prior_lr_after": 0.00425}
{"event": "g_lr_apply", "armed": true, "update_index": 4198, "g_lr_before": 0.00425, "g_lr_after": 0.002125, "fires": 2998, "prior_lr_before": 0.0085, "prior_lr_after": 0.00425}
{"event": "g_lr_apply", "armed": true, "update_index": 4199, "g_lr_before": 0.00425, "g_lr_after": 0.002125, "fires": 2999, "prior_lr_before": 0.0085, "prior_lr_after": 0.00425}
{"event": "g_lr_apply", "armed": true, "update_index": 4200, "g_lr_before": 0.00425, "g_lr_after": 0.002125, "fires": 3000, "prior_lr_before": 0.0085, "prior_lr_after": 0.00425}
{"event": "g_lr_apply", "armed": true, "update_index": 4201, "g_lr_before": 0.00425, "g_lr_after": 0.002125, "fires": 3001, "prior_lr_before": 0.0085, "prior_lr_after": 0.00425}
{"event": "g_lr_apply", "armed": true, "update_index": 4202, "g_lr_before": 0.00425, "g_lr_after": 0.002125, "fires": 3002, "prior_lr_before": 0.0085, "prior_lr_after": 0.00425}
{"event": "g_lr_apply", "armed": true, "update_index": 4203, "g_lr_before": 0.00425, "g_lr_after": 0.002125, "fires": 3003, "prior_lr_before": 0.0085, "prior_lr_after": 0.00425}
{"event": "g_lr_apply", "armed": true, "update_index": 4204, "g_lr_before": 0.00425, "g_lr_after": 0.002125, "fires": 3004, "prior_lr_before": 0.0085, "prior_lr_after": 0.00425}
{"event": "g_lr_apply", "armed": true, "update_index": 4205, "g_lr_before": 0.00425, "g_lr_after": 0.002125, "fires": 3005, "prior_lr_before": 0.0085, "prior_lr_after": 0.00425}
{"event": "g_lr_apply", "armed": true, "update_index": 4206, "g_lr_before": 0.00425, "g_lr_after": 0.002125, "fires": 3006, "prior_lr_before": 0.0085, "prior_lr_after": 0.00425}
{"event": "g_lr_apply", "armed": true, "update_index": 4207, "g_lr_before": 0.00425, "g_lr_after": 0.002125, "fires": 3007, "prior_lr_before": 0.0085, "prior_lr_after": 0.00425}
{"event": "g_lr_apply", "armed": true, "update_index": 4208, "g_lr_before": 0.00425, "g_lr_after": 0.002125, "fires": 3008, "prior_lr_before": 0.0085, "prior_lr_after": 0.00425}
{"event": "g_lr_apply", "armed": true, "update_index": 4209, "g_lr_before": 0.00425, "g_lr_after": 0.002125, "fires": 3009, "prior_lr_before": 0.0085, "prior_lr_after": 0.00425}
{"event": "g_lr_apply", "armed": true, "update_index": 4210, "g_lr_before": 0.00425, "g_lr_after": 0.002125, "fires": 3010, "prior_lr_before": 0.0085, "prior_lr_after": 0.00425}
{"event": "g_lr_apply", "armed": true, "update_index": 4211, "g_lr_before": 0.00425, "g_lr_after": 0.002125, "fires": 3011, "prior_lr_before": 0.0085, "prior_lr_after": 0.00425}
{"event": "g_lr_apply", "armed": true, "update_index": 4212, "g_lr_before": 0.00425, "g_lr_after": 0.002125, "fires": 3012, "prior_lr_before": 0.0085, "prior_lr_after": 0.00425}
{"event": "g_lr_apply", "armed": true, "update_index": 4213, "g_lr_before": 0.00425, "g_lr_after": 0.002125, "fires": 3013, "prior_lr_before": 0.0085, "prior_lr_after": 0.00425}
{"event": "g_lr_apply", "armed": true, "update_index": 4214, "g_lr_before": 0.00425, "g_lr_after": 0.002125, "fires": 3014, "prior_lr_before": 0.0085, "prior_lr_after": 0.00425}
{"event": "g_lr_apply", "armed": true, "update_index": 4215, "g_lr_before": 0.00425, "g_lr_after": 0.002125, "fires": 3015, "prior_lr_before": 0.0085, "prior_lr_after": 0.00425}
{"event": "g_lr_apply", "armed": true, "update_index": 4216, "g_lr_before": 0.00425, "g_lr_after": 0.002125, "fires": 3016, "prior_lr_before": 0.0085, "prior_lr_after": 0.00425}
{"event": "g_lr_apply", "armed": true, "update_index": 4217, "g_lr_before": 0.00425, "g_lr_after": 0.002125, "fires": 3017, "prior_lr_before": 0.0085, "prior_lr_after": 0.00425}
{"event": "g_lr_apply", "armed": true, "update_index": 4218, "g_lr_before": 0.00425, "g_lr_after": 0.002125, "fires": 3018, "prior_lr_before": 0.0085, "prior_lr_after": 0.00425}
{"event": "g_lr_apply", "armed": true, "update_index": 4219, "g_lr_before": 0.00425, "g_lr_after": 0.002125, "fires": 3019, "prior_lr_before": 0.0085, "prior_lr_after": 0.00425}
{"event": "g_lr_apply", "armed": true, "update_index": 4220, "g_lr_before": 0.00425, "g_lr_after": 0.002125, "fires": 3020, "prior_lr_before": 0.0085, "prior_lr_after": 0.00425}
{"event": "g_lr_apply", "armed": true, "update_index": 4221, "g_lr_before": 0.00425, "g_lr_after": 0.002125, "fires": 3021, "prior_lr_before": 0.0085, "prior_lr_after": 0.00425}
{"event": "g_lr_apply", "armed": true, "update_index": 4222, "g_lr_before": 0.00425, "g_lr_after": 0.002125, "fires": 3022, "prior_lr_before": 0.0085, "prior_lr_after": 0.00425}
{"event": "g_lr_apply", "armed": true, "update_index": 4223, "g_lr_before": 0.00425, "g_lr_after": 0.002125, "fires": 3023, "prior_lr_before": 0.0085, "prior_lr_after": 0.00425}
{"event": "g_lr_apply", "armed": true, "update_index": 4224, "g_lr_before": 0.00425, "g_lr_after": 0.002125, "fires": 3024, "prior_lr_before": 0.0085, "prior_lr_after": 0.00425}
{"event": "g_lr_apply", "armed": true, "update_index": 4225, "g_lr_before": 0.00425, "g_lr_after": 0.002125, "fires": 3025, "prior_lr_before": 0.0085, "prior_lr_after": 0.00425}
{"event": "g_lr_apply", "armed": true, "update_index": 4226, "g_lr_before": 0.00425, "g_lr_after": 0.002125, "fires": 3026, "prior_lr_before": 0.0085, "prior_lr_after": 0.00425}
{"event": "g_lr_apply", "armed": true, "update_index": 4227, "g_lr_before": 0.00425, "g_lr_after": 0.002125, "fires": 3027, "prior_lr_before": 0.0085, "prior_lr_after": 0.00425}
{"event": "g_lr_apply", "armed": true, "update_index": 4228, "g_lr_before": 0.00425, "g_lr_after": 0.002125, "fires": 3028, "prior_lr_before": 0.0085, "prior_lr_after": 0.00425}
{"event": "g_lr_apply", "armed": true, "update_index": 4229, "g_lr_before": 0.00425, "g_lr_after": 0.002125, "fires": 3029, "prior_lr_before": 0.0085, "prior_lr_after": 0.00425}
{"event": "g_lr_apply", "armed": true, "update_index": 4230, "g_lr_before": 0.00425, "g_lr_after": 0.002125, "fires": 3030, "prior_lr_before": 0.0085, "prior_lr_after": 0.00425}
{"event": "g_lr_apply", "armed": true, "update_index": 4231, "g_lr_before": 0.00425, "g_lr_after": 0.002125, "fires": 3031, "prior_lr_before": 0.0085, "prior_lr_after": 0.00425}
{"event": "g_lr_apply", "armed": true, "update_index": 4232, "g_lr_before": 0.00425, "g_lr_after": 0.002125, "fires": 3032, "prior_lr_before": 0.0085, "prior_lr_after": 0.00425}
{"event": "g_lr_apply", "armed": true, "update_index": 4233, "g_lr_before": 0.00425, "g_lr_after": 0.002125, "fires": 3033, "prior_lr_before": 0.0085, "prior_lr_after": 0.00425}
{"event": "g_lr_apply", "armed": true, "update_index": 4234, "g_lr_before": 0.00425, "g_lr_after": 0.002125, "fires": 3034, "prior_lr_before": 0.0085, "prior_lr_after": 0.00425}
{"event": "g_lr_apply", "armed": true, "update_index": 4235, "g_lr_before": 0.00425, "g_lr_after": 0.002125, "fires": 3035, "prior_lr_before": 0.0085, "prior_lr_after": 0.00425}
{"event": "g_lr_apply", "armed": true, "update_index": 4236, "g_lr_before": 0.00425, "g_lr_after": 0.002125, "fires": 3036, "prior_lr_before": 0.0085, "prior_lr_after": 0.00425}
{"event": "g_lr_apply", "armed": true, "update_index": 4237, "g_lr_before": 0.00425, "g_lr_after": 0.002125, "fires": 3037, "prior_lr_before": 0.0085, "prior_lr_after": 0.00425}
{"event": "g_lr_apply", "armed": true, "update_index": 4238, "g_lr_before": 0.00425, "g_lr_after": 0.002125, "fires": 3038, "prior_lr_before": 0.0085, "prior_lr_after": 0.00425}
{"event": "g_lr_apply", "armed": true, "update_index": 4239, "g_lr_before": 0.00425, "g_lr_after": 0.002125, "fires": 3039, "prior_lr_before": 0.0085, "prior_lr_after": 0.00425}
{"event": "g_lr_apply", "armed": true, "update_index": 4240, "g_lr_before": 0.00425, "g_lr_after": 0.002125, "fires": 3040, "prior_lr_before": 0.0085, "prior_lr_after": 0.00425}
{"event": "g_lr_apply", "armed": true, "update_index": 4241, "g_lr_before": 0.00425, "g_lr_after": 0.002125, "fires": 3041, "prior_lr_before": 0.0085, "prior_lr_after": 0.00425}
{"event": "g_lr_apply", "armed": true, "update_index": 4242, "g_lr_before": 0.00425, "g_lr_after": 0.002125, "fires": 3042, "prior_lr_before": 0.0085, "prior_lr_after": 0.00425}
{"event": "g_lr_apply", "armed": true, "update_index": 4243, "g_lr_before": 0.00425, "g_lr_after": 0.002125, "fires": 3043, "prior_lr_before": 0.0085, "prior_lr_after": 0.00425}
{"event": "g_lr_apply", "armed": true, "update_index": 4244, "g_lr_before": 0.00425, "g_lr_after": 0.002125, "fires": 3044, "prior_lr_before": 0.0085, "prior_lr_after": 0.00425}
{"event": "g_lr_apply", "armed": true, "update_index": 4245, "g_lr_before": 0.00425, "g_lr_after": 0.002125, "fires": 3045, "prior_lr_before": 0.0085, "prior_lr_after": 0.00425}
{"event": "g_lr_apply", "armed": true, "update_index": 4246, "g_lr_before": 0.00425, "g_lr_after": 0.002125, "fires": 3046, "prior_lr_before": 0.0085, "prior_lr_after": 0.00425}
{"event": "g_lr_apply", "armed": true, "update_index": 4247, "g_lr_before": 0.00425, "g_lr_after": 0.002125, "fires": 3047, "prior_lr_before": 0.0085, "prior_lr_after": 0.00425}
{"event": "g_lr_apply", "armed": true, "update_index": 4248, "g_lr_before": 0.00425, "g_lr_after": 0.002125, "fires": 3048, "prior_lr_before": 0.0085, "prior_lr_after": 0.00425}
{"event": "g_lr_apply", "armed": true, "update_index": 4249, "g_lr_before": 0.00425, "g_lr_after": 0.002125, "fires": 3049, "prior_lr_before": 0.0085, "prior_lr_after": 0.00425}
{"event": "g_lr_apply", "armed": true, "update_index": 4250, "g_lr_before": 0.00425, "g_lr_after": 0.002125, "fires": 3050, "prior_lr_before": 0.0085, "prior_lr_after": 0.00425}
{"event": "g_lr_apply", "armed": true, "update_index": 4251, "g_lr_before": 0.00425, "g_lr_after": 0.002125, "fires": 3051, "prior_lr_before": 0.0085, "prior_lr_after": 0.00425}
{"event": "g_lr_apply", "armed": true, "update_index": 4252, "g_lr_before": 0.00425, "g_lr_after": 0.002125, "fires": 3052, "prior_lr_before": 0.0085, "prior_lr_after": 0.00425}
{"event": "g_lr_apply", "armed": true, "update_index": 4253, "g_lr_before": 0.00425, "g_lr_after": 0.002125, "fires": 3053, "prior_lr_before": 0.0085, "prior_lr_after": 0.00425}
{"event": "g_lr_apply", "armed": true, "update_index": 4254, "g_lr_before": 0.00425, "g_lr_after": 0.002125, "fires": 3054, "prior_lr_before": 0.0085, "prior_lr_after": 0.00425}
{"event": "g_lr_apply", "armed": true, "update_index": 4255, "g_lr_before": 0.00425, "g_lr_after": 0.002125, "fires": 3055, "prior_lr_before": 0.0085, "prior_lr_after": 0.00425}
{"event": "g_lr_apply", "armed": true, "update_index": 4256, "g_lr_before": 0.00425, "g_lr_after": 0.002125, "fires": 3056, "prior_lr_before": 0.0085, "prior_lr_after": 0.00425}
{"event": "g_lr_apply", "armed": true, "update_index": 4257, "g_lr_before": 0.00425, "g_lr_after": 0.002125, "fires": 3057, "prior_lr_before": 0.0085, "prior_lr_after": 0.00425}
{"event": "g_lr_apply", "armed": true, "update_index": 4258, "g_lr_before": 0.00425, "g_lr_after": 0.002125, "fires": 3058, "prior_lr_before": 0.0085, "prior_lr_after": 0.00425}
{"event": "g_lr_apply", "armed": true, "update_index": 4259, "g_lr_before": 0.00425, "g_lr_after": 0.002125, "fires": 3059, "prior_lr_before": 0.0085, "prior_lr_after": 0.00425}
{"event": "g_lr_apply", "armed": true, "update_index": 4260, "g_lr_before": 0.00425, "g_lr_after": 0.002125, "fires": 3060, "prior_lr_before": 0.0085, "prior_lr_after": 0.00425}
{"event": "g_lr_apply", "armed": true, "update_index": 4261, "g_lr_before": 0.00425, "g_lr_after": 0.002125, "fires": 3061, "prior_lr_before": 0.0085, "prior_lr_after": 0.00425}
{"event": "g_lr_apply", "armed": true, "update_index": 4262, "g_lr_before": 0.00425, "g_lr_after": 0.002125, "fires": 3062, "prior_lr_before": 0.0085, "prior_lr_after": 0.00425}
{"event": "g_lr_apply", "armed": true, "update_index": 4263, "g_lr_before": 0.00425, "g_lr_after": 0.002125, "fires": 3063, "prior_lr_before": 0.0085, "prior_lr_after": 0.00425}
{"event": "g_lr_apply", "armed": true, "update_index": 4264, "g_lr_before": 0.00425, "g_lr_after": 0.002125, "fires": 3064, "prior_lr_before": 0.0085, "prior_lr_after": 0.00425}
{"event": "g_lr_apply", "armed": true, "update_index": 4265, "g_lr_before": 0.00425, "g_lr_after": 0.002125, "fires": 3065, "prior_lr_before": 0.0085, "prior_lr_after": 0.00425}
{"event": "g_lr_apply", "armed": true, "update_index": 4266, "g_lr_before": 0.00425, "g_lr_after": 0.002125, "fires": 3066, "prior_lr_before": 0.0085, "prior_lr_after": 0.00425}
{"event": "g_lr_apply", "armed": true, "update_index": 4267, "g_lr_before": 0.00425, "g_lr_after": 0.002125, "fires": 3067, "prior_lr_before": 0.0085, "prior_lr_after": 0.00425}
{"event": "g_lr_apply", "armed": true, "update_index": 4268, "g_lr_before": 0.00425, "g_lr_after": 0.002125, "fires": 3068, "prior_lr_before": 0.0085, "prior_lr_after": 0.00425}
{"event": "g_lr_apply", "armed": true, "update_index": 4269, "g_lr_before": 0.00425, "g_lr_after": 0.002125, "fires": 3069, "prior_lr_before": 0.0085, "prior_lr_after": 0.00425}
{"event": "g_lr_apply", "armed": true, "update_index": 4270, "g_lr_before": 0.00425, "g_lr_after": 0.002125, "fires": 3070, "prior_lr_before": 0.0085, "prior_lr_after": 0.00425}
{"event": "g_lr_apply", "armed": true, "update_index": 4271, "g_lr_before": 0.00425, "g_lr_after": 0.002125, "fires": 3071, "prior_lr_before": 0.0085, "prior_lr_after": 0.00425}
{"event": "g_lr_apply", "armed": true, "update_index": 4272, "g_lr_before": 0.00425, "g_lr_after": 0.002125, "fires": 3072, "prior_lr_before": 0.0085, "prior_lr_after": 0.00425}
{"event": "g_lr_apply", "armed": true, "update_index": 4273, "g_lr_before": 0.00425, "g_lr_after": 0.002125, "fires": 3073, "prior_lr_before": 0.0085, "prior_lr_after": 0.00425}
{"event": "g_lr_apply", "armed": true, "update_index": 4274, "g_lr_before": 0.00425, "g_lr_after": 0.002125, "fires": 3074, "prior_lr_before": 0.0085, "prior_lr_after": 0.00425}
{"event": "g_lr_apply", "armed": true, "update_index": 4275, "g_lr_before": 0.00425, "g_lr_after": 0.002125, "fires": 3075, "prior_lr_before": 0.0085, "prior_lr_after": 0.00425}
{"event": "g_lr_apply", "armed": true, "update_index": 4276, "g_lr_before": 0.00425, "g_lr_after": 0.002125, "fires": 3076, "prior_lr_before": 0.0085, "prior_lr_after": 0.00425}
{"event": "g_lr_apply", "armed": true, "update_index": 4277, "g_lr_before": 0.00425, "g_lr_after": 0.002125, "fires": 3077, "prior_lr_before": 0.0085, "prior_lr_after": 0.00425}
{"event": "g_lr_apply", "armed": true, "update_index": 4278, "g_lr_before": 0.00425, "g_lr_after": 0.002125, "fires": 3078, "prior_lr_before": 0.0085, "prior_lr_after": 0.00425}
{"event": "g_lr_apply", "armed": true, "update_index": 4279, "g_lr_before": 0.00425, "g_lr_after": 0.002125, "fires": 3079, "prior_lr_before": 0.0085, "prior_lr_after": 0.00425}
{"event": "g_lr_apply", "armed": true, "update_index": 4280, "g_lr_before": 0.00425, "g_lr_after": 0.002125, "fires": 3080, "prior_lr_before": 0.0085, "prior_lr_after": 0.00425}
{"event": "g_lr_apply", "armed": true, "update_index": 4281, "g_lr_before": 0.00425, "g_lr_after": 0.002125, "fires": 3081, "prior_lr_before": 0.0085, "prior_lr_after": 0.00425}
{"event": "g_lr_apply", "armed": true, "update_index": 4282, "g_lr_before": 0.00425, "g_lr_after": 0.002125, "fires": 3082, "prior_lr_before": 0.0085, "prior_lr_after": 0.00425}
{"event": "g_lr_apply", "armed": true, "update_index": 4283, "g_lr_before": 0.00425, "g_lr_after": 0.002125, "fires": 3083, "prior_lr_before": 0.0085, "prior_lr_after": 0.00425}
{"event": "g_lr_apply", "armed": true, "update_index": 4284, "g_lr_before": 0.00425, "g_lr_after": 0.002125, "fires": 3084, "prior_lr_before": 0.0085, "prior_lr_after": 0.00425}
{"event": "g_lr_apply", "armed": true, "update_index": 4285, "g_lr_before": 0.00425, "g_lr_after": 0.002125, "fires": 3085, "prior_lr_before": 0.0085, "prior_lr_after": 0.00425}
{"event": "g_lr_apply", "armed": true, "update_index": 4286, "g_lr_before": 0.00425, "g_lr_after": 0.002125, "fires": 3086, "prior_lr_before": 0.0085, "prior_lr_after": 0.00425}
{"event": "g_lr_apply", "armed": true, "update_index": 4287, "g_lr_before": 0.00425, "g_lr_after": 0.002125, "fires": 3087, "prior_lr_before": 0.0085, "prior_lr_after": 0.00425}
{"event": "g_lr_apply", "armed": true, "update_index": 4288, "g_lr_before": 0.00425, "g_lr_after": 0.002125, "fires": 3088, "prior_lr_before": 0.0085, "prior_lr_after": 0.00425}
{"event": "g_lr_apply", "armed": true, "update_index": 4289, "g_lr_before": 0.00425, "g_lr_after": 0.002125, "fires": 3089, "prior_lr_before": 0.0085, "prior_lr_after": 0.00425}
{"event": "g_lr_apply", "armed": true, "update_index": 4290, "g_lr_before": 0.00425, "g_lr_after": 0.002125, "fires": 3090, "prior_lr_before": 0.0085, "prior_lr_after": 0.00425}
{"event": "g_lr_apply", "armed": true, "update_index": 4291, "g_lr_before": 0.00425, "g_lr_after": 0.002125, "fires": 3091, "prior_lr_before": 0.0085, "prior_lr_after": 0.00425}
{"event": "g_lr_apply", "armed": true, "update_index": 4292, "g_lr_before": 0.00425, "g_lr_after": 0.002125, "fires": 3092, "prior_lr_before": 0.0085, "prior_lr_after": 0.00425}
{"event": "g_lr_apply", "armed": true, "update_index": 4293, "g_lr_before": 0.00425, "g_lr_after": 0.002125, "fires": 3093, "prior_lr_before": 0.0085, "prior_lr_after": 0.00425}
{"event": "g_lr_apply", "armed": true, "update_index": 4294, "g_lr_before": 0.00425, "g_lr_after": 0.002125, "fires": 3094, "prior_lr_before": 0.0085, "prior_lr_after": 0.00425}
{"event": "g_lr_apply", "armed": true, "update_index": 4295, "g_lr_before": 0.00425, "g_lr_after": 0.002125, "fires": 3095, "prior_lr_before": 0.0085, "prior_lr_after": 0.00425}
{"event": "g_lr_apply", "armed": true, "update_index": 4296, "g_lr_before": 0.00425, "g_lr_after": 0.002125, "fires": 3096, "prior_lr_before": 0.0085, "prior_lr_after": 0.00425}
{"event": "g_lr_apply", "armed": true, "update_index": 4297, "g_lr_before": 0.00425, "g_lr_after": 0.002125, "fires": 3097, "prior_lr_before": 0.0085, "prior_lr_after": 0.00425}
{"event": "g_lr_apply", "armed": true, "update_index": 4298, "g_lr_before": 0.00425, "g_lr_after": 0.002125, "fires": 3098, "prior_lr_before": 0.0085, "prior_lr_after": 0.00425}
{"event": "g_lr_apply", "armed": true, "update_index": 4299, "g_lr_before": 0.00425, "g_lr_after": 0.002125, "fires": 3099, "prior_lr_before": 0.0085, "prior_lr_after": 0.00425}
{"event": "g_lr_apply", "armed": true, "update_index": 4300, "g_lr_before": 0.00425, "g_lr_after": 0.002125, "fires": 3100, "prior_lr_before": 0.0085, "prior_lr_after": 0.00425}
{"event": "g_lr_apply", "armed": true, "update_index": 4301, "g_lr_before": 0.00425, "g_lr_after": 0.002125, "fires": 3101, "prior_lr_before": 0.0085, "prior_lr_after": 0.00425}
{"event": "g_lr_apply", "armed": true, "update_index": 4302, "g_lr_before": 0.00425, "g_lr_after": 0.002125, "fires": 3102, "prior_lr_before": 0.0085, "prior_lr_after": 0.00425}
{"event": "g_lr_apply", "armed": true, "update_index": 4303, "g_lr_before": 0.00425, "g_lr_after": 0.002125, "fires": 3103, "prior_lr_before": 0.0085, "prior_lr_after": 0.00425}
{"event": "g_lr_apply", "armed": true, "update_index": 4304, "g_lr_before": 0.00425, "g_lr_after": 0.002125, "fires": 3104, "prior_lr_before": 0.0085, "prior_lr_after": 0.00425}
{"event": "g_lr_apply", "armed": true, "update_index": 4305, "g_lr_before": 0.00425, "g_lr_after": 0.002125, "fires": 3105, "prior_lr_before": 0.0085, "prior_lr_after": 0.00425}
{"event": "g_lr_apply", "armed": true, "update_index": 4306, "g_lr_before": 0.00425, "g_lr_after": 0.002125, "fires": 3106, "prior_lr_before": 0.0085, "prior_lr_after": 0.00425}
{"event": "g_lr_apply", "armed": true, "update_index": 4307, "g_lr_before": 0.00425, "g_lr_after": 0.002125, "fires": 3107, "prior_lr_before": 0.0085, "prior_lr_after": 0.00425}
{"event": "g_lr_apply", "armed": true, "update_index": 4308, "g_lr_before": 0.00425, "g_lr_after": 0.002125, "fires": 3108, "prior_lr_before": 0.0085, "prior_lr_after": 0.00425}
{"event": "g_lr_apply", "armed": true, "update_index": 4309, "g_lr_before": 0.00425, "g_lr_after": 0.002125, "fires": 3109, "prior_lr_before": 0.0085, "prior_lr_after": 0.00425}
{"event": "g_lr_apply", "armed": true, "update_index": 4310, "g_lr_before": 0.00425, "g_lr_after": 0.002125, "fires": 3110, "prior_lr_before": 0.0085, "prior_lr_after": 0.00425}
{"event": "g_lr_apply", "armed": true, "update_index": 4311, "g_lr_before": 0.00425, "g_lr_after": 0.002125, "fires": 3111, "prior_lr_before": 0.0085, "prior_lr_after": 0.00425}
{"event": "g_lr_apply", "armed": true, "update_index": 4312, "g_lr_before": 0.00425, "g_lr_after": 0.002125, "fires": 3112, "prior_lr_before": 0.0085, "prior_lr_after": 0.00425}
{"event": "g_lr_apply", "armed": true, "update_index": 4313, "g_lr_before": 0.00425, "g_lr_after": 0.002125, "fires": 3113, "prior_lr_before": 0.0085, "prior_lr_after": 0.00425}
{"event": "g_lr_apply", "armed": true, "update_index": 4314, "g_lr_before": 0.00425, "g_lr_after": 0.002125, "fires": 3114, "prior_lr_before": 0.0085, "prior_lr_after": 0.00425}
{"event": "g_lr_apply", "armed": true, "update_index": 4315, "g_lr_before": 0.00425, "g_lr_after": 0.002125, "fires": 3115, "prior_lr_before": 0.0085, "prior_lr_after": 0.00425}
{"event": "g_lr_apply", "armed": true, "update_index": 4316, "g_lr_before": 0.00425, "g_lr_after": 0.002125, "fires": 3116, "prior_lr_before": 0.0085, "prior_lr_after": 0.00425}
{"event": "g_lr_apply", "armed": true, "update_index": 4317, "g_lr_before": 0.00425, "g_lr_after": 0.002125, "fires": 3117, "prior_lr_before": 0.0085, "prior_lr_after": 0.00425}
{"event": "g_lr_apply", "armed": true, "update_index": 4318, "g_lr_before": 0.00425, "g_lr_after": 0.002125, "fires": 3118, "prior_lr_before": 0.0085, "prior_lr_after": 0.00425}
{"event": "g_lr_apply", "armed": true, "update_index": 4319, "g_lr_before": 0.00425, "g_lr_after": 0.002125, "fires": 3119, "prior_lr_before": 0.0085, "prior_lr_after": 0.00425}
{"event": "g_lr_apply", "armed": true, "update_index": 4320, "g_lr_before": 0.00425, "g_lr_after": 0.002125, "fires": 3120, "prior_lr_before": 0.0085, "prior_lr_after": 0.00425}
{"event": "g_lr_apply", "armed": true, "update_index": 4321, "g_lr_before": 0.00425, "g_lr_after": 0.002125, "fires": 3121, "prior_lr_before": 0.0085, "prior_lr_after": 0.00425}
{"event": "g_lr_apply", "armed": true, "update_index": 4322, "g_lr_before": 0.00425, "g_lr_after": 0.002125, "fires": 3122, "prior_lr_before": 0.0085, "prior_lr_after": 0.00425}
{"event": "g_lr_apply", "armed": true, "update_index": 4323, "g_lr_before": 0.00425, "g_lr_after": 0.002125, "fires": 3123, "prior_lr_before": 0.0085, "prior_lr_after": 0.00425}
{"event": "g_lr_apply", "armed": true, "update_index": 4324, "g_lr_before": 0.00425, "g_lr_after": 0.002125, "fires": 3124, "prior_lr_before": 0.0085, "prior_lr_after": 0.00425}
{"event": "g_lr_apply", "armed": true, "update_index": 4325, "g_lr_before": 0.00425, "g_lr_after": 0.002125, "fires": 3125, "prior_lr_before": 0.0085, "prior_lr_after": 0.00425}
{"event": "g_lr_apply", "armed": true, "update_index": 4326, "g_lr_before": 0.00425, "g_lr_after": 0.002125, "fires": 3126, "prior_lr_before": 0.0085, "prior_lr_after": 0.00425}
{"event": "g_lr_apply", "armed": true, "update_index": 4327, "g_lr_before": 0.00425, "g_lr_after": 0.002125, "fires": 3127, "prior_lr_before": 0.0085, "prior_lr_after": 0.00425}
{"event": "g_lr_apply", "armed": true, "update_index": 4328, "g_lr_before": 0.00425, "g_lr_after": 0.002125, "fires": 3128, "prior_lr_before": 0.0085, "prior_lr_after": 0.00425}
{"event": "g_lr_apply", "armed": true, "update_index": 4329, "g_lr_before": 0.00425, "g_lr_after": 0.002125, "fires": 3129, "prior_lr_before": 0.0085, "prior_lr_after": 0.00425}
{"event": "g_lr_apply", "armed": true, "update_index": 4330, "g_lr_before": 0.00425, "g_lr_after": 0.002125, "fires": 3130, "prior_lr_before": 0.0085, "prior_lr_after": 0.00425}
{"event": "g_lr_apply", "armed": true, "update_index": 4331, "g_lr_before": 0.00425, "g_lr_after": 0.002125, "fires": 3131, "prior_lr_before": 0.0085, "prior_lr_after": 0.00425}
{"event": "g_lr_apply", "armed": true, "update_index": 4332, "g_lr_before": 0.00425, "g_lr_after": 0.002125, "fires": 3132, "prior_lr_before": 0.0085, "prior_lr_after": 0.00425}
{"event": "g_lr_apply", "armed": true, "update_index": 4333, "g_lr_before": 0.00425, "g_lr_after": 0.002125, "fires": 3133, "prior_lr_before": 0.0085, "prior_lr_after": 0.00425}
{"event": "g_lr_apply", "armed": true, "update_index": 4334, "g_lr_before": 0.00425, "g_lr_after": 0.002125, "fires": 3134, "prior_lr_before": 0.0085, "prior_lr_after": 0.00425}
{"event": "g_lr_apply", "armed": true, "update_index": 4335, "g_lr_before": 0.00425, "g_lr_after": 0.002125, "fires": 3135, "prior_lr_before": 0.0085, "prior_lr_after": 0.00425}
{"event": "g_lr_apply", "armed": true, "update_index": 4336, "g_lr_before": 0.00425, "g_lr_after": 0.002125, "fires": 3136, "prior_lr_before": 0.0085, "prior_lr_after": 0.00425}
{"event": "g_lr_apply", "armed": true, "update_index": 4337, "g_lr_before": 0.00425, "g_lr_after": 0.002125, "fires": 3137, "prior_lr_before": 0.0085, "prior_lr_after": 0.00425}
{"event": "g_lr_apply", "armed": true, "update_index": 4338, "g_lr_before": 0.00425, "g_lr_after": 0.002125, "fires": 3138, "prior_lr_before": 0.0085, "prior_lr_after": 0.00425}
{"event": "g_lr_apply", "armed": true, "update_index": 4339, "g_lr_before": 0.00425, "g_lr_after": 0.002125, "fires": 3139, "prior_lr_before": 0.0085, "prior_lr_after": 0.00425}
{"event": "g_lr_apply", "armed": true, "update_index": 4340, "g_lr_before": 0.00425, "g_lr_after": 0.002125, "fires": 3140, "prior_lr_before": 0.0085, "prior_lr_after": 0.00425}
{"event": "g_lr_apply", "armed": true, "update_index": 4341, "g_lr_before": 0.00425, "g_lr_after": 0.002125, "fires": 3141, "prior_lr_before": 0.0085, "prior_lr_after": 0.00425}
{"event": "g_lr_apply", "armed": true, "update_index": 4342, "g_lr_before": 0.00425, "g_lr_after": 0.002125, "fires": 3142, "prior_lr_before": 0.0085, "prior_lr_after": 0.00425}
{"event": "g_lr_apply", "armed": true, "update_index": 4343, "g_lr_before": 0.00425, "g_lr_after": 0.002125, "fires": 3143, "prior_lr_before": 0.0085, "prior_lr_after": 0.00425}
{"event": "g_lr_apply", "armed": true, "update_index": 4344, "g_lr_before": 0.00425, "g_lr_after": 0.002125, "fires": 3144, "prior_lr_before": 0.0085, "prior_lr_after": 0.00425}
{"event": "g_lr_apply", "armed": true, "update_index": 4345, "g_lr_before": 0.00425, "g_lr_after": 0.002125, "fires": 3145, "prior_lr_before": 0.0085, "prior_lr_after": 0.00425}
{"event": "g_lr_apply", "armed": true, "update_index": 4346, "g_lr_before": 0.00425, "g_lr_after": 0.002125, "fires": 3146, "prior_lr_before": 0.0085, "prior_lr_after": 0.00425}
{"event": "g_lr_apply", "armed": true, "update_index": 4347, "g_lr_before": 0.00425, "g_lr_after": 0.002125, "fires": 3147, "prior_lr_before": 0.0085, "prior_lr_after": 0.00425}
{"event": "g_lr_apply", "armed": true, "update_index": 4348, "g_lr_before": 0.00425, "g_lr_after": 0.002125, "fires": 3148, "prior_lr_before": 0.0085, "prior_lr_after": 0.00425}
{"event": "g_lr_apply", "armed": true, "update_index": 4349, "g_lr_before": 0.00425, "g_lr_after": 0.002125, "fires": 3149, "prior_lr_before": 0.0085, "prior_lr_after": 0.00425}
{"event": "g_lr_apply", "armed": true, "update_index": 4350, "g_lr_before": 0.00425, "g_lr_after": 0.002125, "fires": 3150, "prior_lr_before": 0.0085, "prior_lr_after": 0.00425}
{"event": "g_lr_apply", "armed": true, "update_index": 4351, "g_lr_before": 0.00425, "g_lr_after": 0.002125, "fires": 3151, "prior_lr_before": 0.0085, "prior_lr_after": 0.00425}
{"event": "g_lr_apply", "armed": true, "update_index": 4352, "g_lr_before": 0.00425, "g_lr_after": 0.002125, "fires": 3152, "prior_lr_before": 0.0085, "prior_lr_after": 0.00425}
{"event": "g_lr_apply", "armed": true, "update_index": 4353, "g_lr_before": 0.00425, "g_lr_after": 0.002125, "fires": 3153, "prior_lr_before": 0.0085, "prior_lr_after": 0.00425}
{"event": "g_lr_apply", "armed": true, "update_index": 4354, "g_lr_before": 0.00425, "g_lr_after": 0.002125, "fires": 3154, "prior_lr_before": 0.0085, "prior_lr_after": 0.00425}
{"event": "g_lr_apply", "armed": true, "update_index": 4355, "g_lr_before": 0.00425, "g_lr_after": 0.002125, "fires": 3155, "prior_lr_before": 0.0085, "prior_lr_after": 0.00425}
{"event": "g_lr_apply", "armed": true, "update_index": 4356, "g_lr_before": 0.00425, "g_lr_after": 0.002125, "fires": 3156, "prior_lr_before": 0.0085, "prior_lr_after": 0.00425}
{"event": "g_lr_apply", "armed": true, "update_index": 4357, "g_lr_before": 0.00425, "g_lr_after": 0.002125, "fires": 3157, "prior_lr_before": 0.0085, "prior_lr_after": 0.00425}
{"event": "g_lr_apply", "armed": true, "update_index": 4358, "g_lr_before": 0.00425, "g_lr_after": 0.002125, "fires": 3158, "prior_lr_before": 0.0085, "prior_lr_after": 0.00425}
{"event": "g_lr_apply", "armed": true, "update_index": 4359, "g_lr_before": 0.00425, "g_lr_after": 0.002125, "fires": 3159, "prior_lr_before": 0.0085, "prior_lr_after": 0.00425}
{"event": "g_lr_apply", "armed": true, "update_index": 4360, "g_lr_before": 0.00425, "g_lr_after": 0.002125, "fires": 3160, "prior_lr_before": 0.0085, "prior_lr_after": 0.00425}
{"event": "g_lr_apply", "armed": true, "update_index": 4361, "g_lr_before": 0.00425, "g_lr_after": 0.002125, "fires": 3161, "prior_lr_before": 0.0085, "prior_lr_after": 0.00425}
{"event": "g_lr_apply", "armed": true, "update_index": 4362, "g_lr_before": 0.00425, "g_lr_after": 0.002125, "fires": 3162, "prior_lr_before": 0.0085, "prior_lr_after": 0.00425}
{"event": "g_lr_apply", "armed": true, "update_index": 4363, "g_lr_before": 0.00425, "g_lr_after": 0.002125, "fires": 3163, "prior_lr_before": 0.0085, "prior_lr_after": 0.00425}
{"event": "g_lr_apply", "armed": true, "update_index": 4364, "g_lr_before": 0.00425, "g_lr_after": 0.002125, "fires": 3164, "prior_lr_before": 0.0085, "prior_lr_after": 0.00425}
{"event": "g_lr_apply", "armed": true, "update_index": 4365, "g_lr_before": 0.00425, "g_lr_after": 0.002125, "fires": 3165, "prior_lr_before": 0.0085, "prior_lr_after": 0.00425}
{"event": "g_lr_apply", "armed": true, "update_index": 4366, "g_lr_before": 0.00425, "g_lr_after": 0.002125, "fires": 3166, "prior_lr_before": 0.0085, "prior_lr_after": 0.00425}
{"event": "g_lr_apply", "armed": true, "update_index": 4367, "g_lr_before": 0.00425, "g_lr_after": 0.002125, "fires": 3167, "prior_lr_before": 0.0085, "prior_lr_after": 0.00425}
{"event": "g_lr_apply", "armed": true, "update_index": 4368, "g_lr_before": 0.00425, "g_lr_after": 0.002125, "fires": 3168, "prior_lr_before": 0.0085, "prior_lr_after": 0.00425}
{"event": "g_lr_apply", "armed": true, "update_index": 4369, "g_lr_before": 0.00425, "g_lr_after": 0.002125, "fires": 3169, "prior_lr_before": 0.0085, "prior_lr_after": 0.00425}
{"event": "g_lr_apply", "armed": true, "update_index": 4370, "g_lr_before": 0.00425, "g_lr_after": 0.002125, "fires": 3170, "prior_lr_before": 0.0085, "prior_lr_after": 0.00425}
{"event": "g_lr_apply", "armed": true, "update_index": 4371, "g_lr_before": 0.00425, "g_lr_after": 0.002125, "fires": 3171, "prior_lr_before": 0.0085, "prior_lr_after": 0.00425}
{"event": "g_lr_apply", "armed": true, "update_index": 4372, "g_lr_before": 0.00425, "g_lr_after": 0.002125, "fires": 3172, "prior_lr_before": 0.0085, "prior_lr_after": 0.00425}
{"event": "g_lr_apply", "armed": true, "update_index": 4373, "g_lr_before": 0.00425, "g_lr_after": 0.002125, "fires": 3173, "prior_lr_before": 0.0085, "prior_lr_after": 0.00425}
{"event": "g_lr_apply", "armed": true, "update_index": 4374, "g_lr_before": 0.00425, "g_lr_after": 0.002125, "fires": 3174, "prior_lr_before": 0.0085, "prior_lr_after": 0.00425}
{"event": "g_lr_apply", "armed": true, "update_index": 4375, "g_lr_before": 0.00425, "g_lr_after": 0.002125, "fires": 3175, "prior_lr_before": 0.0085, "prior_lr_after": 0.00425}
{"event": "g_lr_apply", "armed": true, "update_index": 4376, "g_lr_before": 0.00425, "g_lr_after": 0.002125, "fires": 3176, "prior_lr_before": 0.0085, "prior_lr_after": 0.00425}
{"event": "g_lr_apply", "armed": true, "update_index": 4377, "g_lr_before": 0.00425, "g_lr_after": 0.002125, "fires": 3177, "prior_lr_before": 0.0085, "prior_lr_after": 0.00425}
{"event": "g_lr_apply", "armed": true, "update_index": 4378, "g_lr_before": 0.00425, "g_lr_after": 0.002125, "fires": 3178, "prior_lr_before": 0.0085, "prior_lr_after": 0.00425}
{"event": "g_lr_apply", "armed": true, "update_index": 4379, "g_lr_before": 0.00425, "g_lr_after": 0.002125, "fires": 3179, "prior_lr_before": 0.0085, "prior_lr_after": 0.00425}
{"event": "g_lr_apply", "armed": true, "update_index": 4380, "g_lr_before": 0.00425, "g_lr_after": 0.002125, "fires": 3180, "prior_lr_before": 0.0085, "prior_lr_after": 0.00425}
{"event": "g_lr_apply", "armed": true, "update_index": 4381, "g_lr_before": 0.00425, "g_lr_after": 0.002125, "fires": 3181, "prior_lr_before": 0.0085, "prior_lr_after": 0.00425}
{"event": "g_lr_apply", "armed": true, "update_index": 4382, "g_lr_before": 0.00425, "g_lr_after": 0.002125, "fires": 3182, "prior_lr_before": 0.0085, "prior_lr_after": 0.00425}
{"event": "g_lr_apply", "armed": true, "update_index": 4383, "g_lr_before": 0.00425, "g_lr_after": 0.002125, "fires": 3183, "prior_lr_before": 0.0085, "prior_lr_after": 0.00425}
{"event": "g_lr_apply", "armed": true, "update_index": 4384, "g_lr_before": 0.00425, "g_lr_after": 0.002125, "fires": 3184, "prior_lr_before": 0.0085, "prior_lr_after": 0.00425}
{"event": "g_lr_apply", "armed": true, "update_index": 4385, "g_lr_before": 0.00425, "g_lr_after": 0.002125, "fires": 3185, "prior_lr_before": 0.0085, "prior_lr_after": 0.00425}
{"event": "g_lr_apply", "armed": true, "update_index": 4386, "g_lr_before": 0.00425, "g_lr_after": 0.002125, "fires": 3186, "prior_lr_before": 0.0085, "prior_lr_after": 0.00425}
{"event": "g_lr_apply", "armed": true, "update_index": 4387, "g_lr_before": 0.00425, "g_lr_after": 0.002125, "fires": 3187, "prior_lr_before": 0.0085, "prior_lr_after": 0.00425}
{"event": "g_lr_apply", "armed": true, "update_index": 4388, "g_lr_before": 0.00425, "g_lr_after": 0.002125, "fires": 3188, "prior_lr_before": 0.0085, "prior_lr_after": 0.00425}
{"event": "g_lr_apply", "armed": true, "update_index": 4389, "g_lr_before": 0.00425, "g_lr_after": 0.002125, "fires": 3189, "prior_lr_before": 0.0085, "prior_lr_after": 0.00425}
{"event": "g_lr_apply", "armed": true, "update_index": 4390, "g_lr_before": 0.00425, "g_lr_after": 0.002125, "fires": 3190, "prior_lr_before": 0.0085, "prior_lr_after": 0.00425}
{"event": "g_lr_apply", "armed": true, "update_index": 4391, "g_lr_before": 0.00425, "g_lr_after": 0.002125, "fires": 3191, "prior_lr_before": 0.0085, "prior_lr_after": 0.00425}
{"event": "g_lr_apply", "armed": true, "update_index": 4392, "g_lr_before": 0.00425, "g_lr_after": 0.002125, "fires": 3192, "prior_lr_before": 0.0085, "prior_lr_after": 0.00425}
{"event": "g_lr_apply", "armed": true, "update_index": 4393, "g_lr_before": 0.00425, "g_lr_after": 0.002125, "fires": 3193, "prior_lr_before": 0.0085, "prior_lr_after": 0.00425}
{"event": "g_lr_apply", "armed": true, "update_index": 4394, "g_lr_before": 0.00425, "g_lr_after": 0.002125, "fires": 3194, "prior_lr_before": 0.0085, "prior_lr_after": 0.00425}
{"event": "g_lr_apply", "armed": true, "update_index": 4395, "g_lr_before": 0.00425, "g_lr_after": 0.002125, "fires": 3195, "prior_lr_before": 0.0085, "prior_lr_after": 0.00425}
{"event": "g_lr_apply", "armed": true, "update_index": 4396, "g_lr_before": 0.00425, "g_lr_after": 0.002125, "fires": 3196, "prior_lr_before": 0.0085, "prior_lr_after": 0.00425}
{"event": "g_lr_apply", "armed": true, "update_index": 4397, "g_lr_before": 0.00425, "g_lr_after": 0.002125, "fires": 3197, "prior_lr_before": 0.0085, "prior_lr_after": 0.00425}
{"event": "g_lr_apply", "armed": true, "update_index": 4398, "g_lr_before": 0.00425, "g_lr_after": 0.002125, "fires": 3198, "prior_lr_before": 0.0085, "prior_lr_after": 0.00425}
{"event": "g_lr_apply", "armed": true, "update_index": 4399, "g_lr_before": 0.00425, "g_lr_after": 0.002125, "fires": 3199, "prior_lr_before": 0.0085, "prior_lr_after": 0.00425}
{"event": "g_lr_apply", "armed": true, "update_index": 4400, "g_lr_before": 0.00425, "g_lr_after": 0.002125, "fires": 3200, "prior_lr_before": 0.0085, "prior_lr_after": 0.00425}
{"event": "g_lr_apply", "armed": true, "update_index": 4401, "g_lr_before": 0.00425, "g_lr_after": 0.002125, "fires": 3201, "prior_lr_before": 0.0085, "prior_lr_after": 0.00425}
{"event": "g_lr_apply", "armed": true, "update_index": 4402, "g_lr_before": 0.00425, "g_lr_after": 0.002125, "fires": 3202, "prior_lr_before": 0.0085, "prior_lr_after": 0.00425}
{"event": "g_lr_apply", "armed": true, "update_index": 4403, "g_lr_before": 0.00425, "g_lr_after": 0.002125, "fires": 3203, "prior_lr_before": 0.0085, "prior_lr_after": 0.00425}
{"event": "g_lr_apply", "armed": true, "update_index": 4404, "g_lr_before": 0.00425, "g_lr_after": 0.002125, "fires": 3204, "prior_lr_before": 0.0085, "prior_lr_after": 0.00425}
{"event": "g_lr_apply", "armed": true, "update_index": 4405, "g_lr_before": 0.00425, "g_lr_after": 0.002125, "fires": 3205, "prior_lr_before": 0.0085, "prior_lr_after": 0.00425}
{"event": "g_lr_apply", "armed": true, "update_index": 4406, "g_lr_before": 0.00425, "g_lr_after": 0.002125, "fires": 3206, "prior_lr_before": 0.0085, "prior_lr_after": 0.00425}
{"event": "g_lr_apply", "armed": true, "update_index": 4407, "g_lr_before": 0.00425, "g_lr_after": 0.002125, "fires": 3207, "prior_lr_before": 0.0085, "prior_lr_after": 0.00425}
{"event": "g_lr_apply", "armed": true, "update_index": 4408, "g_lr_before": 0.00425, "g_lr_after": 0.002125, "fires": 3208, "prior_lr_before": 0.0085, "prior_lr_after": 0.00425}
{"event": "g_lr_apply", "armed": true, "update_index": 4409, "g_lr_before": 0.00425, "g_lr_after": 0.002125, "fires": 3209, "prior_lr_before": 0.0085, "prior_lr_after": 0.00425}
{"event": "g_lr_apply", "armed": true, "update_index": 4410, "g_lr_before": 0.00425, "g_lr_after": 0.002125, "fires": 3210, "prior_lr_before": 0.0085, "prior_lr_after": 0.00425}
{"event": "g_lr_apply", "armed": true, "update_index": 4411, "g_lr_before": 0.00425, "g_lr_after": 0.002125, "fires": 3211, "prior_lr_before": 0.0085, "prior_lr_after": 0.00425}
{"event": "g_lr_apply", "armed": true, "update_index": 4412, "g_lr_before": 0.00425, "g_lr_after": 0.002125, "fires": 3212, "prior_lr_before": 0.0085, "prior_lr_after": 0.00425}
{"event": "g_lr_apply", "armed": true, "update_index": 4413, "g_lr_before": 0.00425, "g_lr_after": 0.002125, "fires": 3213, "prior_lr_before": 0.0085, "prior_lr_after": 0.00425}
{"event": "g_lr_apply", "armed": true, "update_index": 4414, "g_lr_before": 0.00425, "g_lr_after": 0.002125, "fires": 3214, "prior_lr_before": 0.0085, "prior_lr_after": 0.00425}
{"event": "g_lr_apply", "armed": true, "update_index": 4415, "g_lr_before": 0.00425, "g_lr_after": 0.002125, "fires": 3215, "prior_lr_before": 0.0085, "prior_lr_after": 0.00425}
{"event": "g_lr_apply", "armed": true, "update_index": 4416, "g_lr_before": 0.00425, "g_lr_after": 0.002125, "fires": 3216, "prior_lr_before": 0.0085, "prior_lr_after": 0.00425}
{"event": "g_lr_apply", "armed": true, "update_index": 4417, "g_lr_before": 0.00425, "g_lr_after": 0.002125, "fires": 3217, "prior_lr_before": 0.0085, "prior_lr_after": 0.00425}
{"event": "g_lr_apply", "armed": true, "update_index": 4418, "g_lr_before": 0.00425, "g_lr_after": 0.002125, "fires": 3218, "prior_lr_before": 0.0085, "prior_lr_after": 0.00425}
{"event": "g_lr_apply", "armed": true, "update_index": 4419, "g_lr_before": 0.00425, "g_lr_after": 0.002125, "fires": 3219, "prior_lr_before": 0.0085, "prior_lr_after": 0.00425}
{"event": "g_lr_apply", "armed": true, "update_index": 4420, "g_lr_before": 0.00425, "g_lr_after": 0.002125, "fires": 3220, "prior_lr_before": 0.0085, "prior_lr_after": 0.00425}
{"event": "g_lr_apply", "armed": true, "update_index": 4421, "g_lr_before": 0.00425, "g_lr_after": 0.002125, "fires": 3221, "prior_lr_before": 0.0085, "prior_lr_after": 0.00425}
{"event": "g_lr_apply", "armed": true, "update_index": 4422, "g_lr_before": 0.00425, "g_lr_after": 0.002125, "fires": 3222, "prior_lr_before": 0.0085, "prior_lr_after": 0.00425}
{"event": "g_lr_apply", "armed": true, "update_index": 4423, "g_lr_before": 0.00425, "g_lr_after": 0.002125, "fires": 3223, "prior_lr_before": 0.0085, "prior_lr_after": 0.00425}
{"event": "g_lr_apply", "armed": true, "update_index": 4424, "g_lr_before": 0.00425, "g_lr_after": 0.002125, "fires": 3224, "prior_lr_before": 0.0085, "prior_lr_after": 0.00425}
{"event": "g_lr_apply", "armed": true, "update_index": 4425, "g_lr_before": 0.00425, "g_lr_after": 0.002125, "fires": 3225, "prior_lr_before": 0.0085, "prior_lr_after": 0.00425}
{"event": "g_lr_apply", "armed": true, "update_index": 4426, "g_lr_before": 0.00425, "g_lr_after": 0.002125, "fires": 3226, "prior_lr_before": 0.0085, "prior_lr_after": 0.00425}
{"event": "g_lr_apply", "armed": true, "update_index": 4427, "g_lr_before": 0.00425, "g_lr_after": 0.002125, "fires": 3227, "prior_lr_before": 0.0085, "prior_lr_after": 0.00425}
{"event": "g_lr_apply", "armed": true, "update_index": 4428, "g_lr_before": 0.00425, "g_lr_after": 0.002125, "fires": 3228, "prior_lr_before": 0.0085, "prior_lr_after": 0.00425}
{"event": "g_lr_apply", "armed": true, "update_index": 4429, "g_lr_before": 0.00425, "g_lr_after": 0.002125, "fires": 3229, "prior_lr_before": 0.0085, "prior_lr_after": 0.00425}
{"event": "g_lr_apply", "armed": true, "update_index": 4430, "g_lr_before": 0.00425, "g_lr_after": 0.002125, "fires": 3230, "prior_lr_before": 0.0085, "prior_lr_after": 0.00425}
{"event": "g_lr_apply", "armed": true, "update_index": 4431, "g_lr_before": 0.00425, "g_lr_after": 0.002125, "fires": 3231, "prior_lr_before": 0.0085, "prior_lr_after": 0.00425}
{"event": "g_lr_apply", "armed": true, "update_index": 4432, "g_lr_before": 0.00425, "g_lr_after": 0.002125, "fires": 3232, "prior_lr_before": 0.0085, "prior_lr_after": 0.00425}
{"event": "g_lr_apply", "armed": true, "update_index": 4433, "g_lr_before": 0.00425, "g_lr_after": 0.002125, "fires": 3233, "prior_lr_before": 0.0085, "prior_lr_after": 0.00425}
{"event": "g_lr_apply", "armed": true, "update_index": 4434, "g_lr_before": 0.00425, "g_lr_after": 0.002125, "fires": 3234, "prior_lr_before": 0.0085, "prior_lr_after": 0.00425}
{"event": "g_lr_apply", "armed": true, "update_index": 4435, "g_lr_before": 0.00425, "g_lr_after": 0.002125, "fires": 3235, "prior_lr_before": 0.0085, "prior_lr_after": 0.00425}
{"event": "g_lr_apply", "armed": true, "update_index": 4436, "g_lr_before": 0.00425, "g_lr_after": 0.002125, "fires": 3236, "prior_lr_before": 0.0085, "prior_lr_after": 0.00425}
{"event": "g_lr_apply", "armed": true, "update_index": 4437, "g_lr_before": 0.00425, "g_lr_after": 0.002125, "fires": 3237, "prior_lr_before": 0.0085, "prior_lr_after": 0.00425}
{"event": "g_lr_apply", "armed": true, "update_index": 4438, "g_lr_before": 0.00425, "g_lr_after": 0.002125, "fires": 3238, "prior_lr_before": 0.0085, "prior_lr_after": 0.00425}
{"event": "g_lr_apply", "armed": true, "update_index": 4439, "g_lr_before": 0.00425, "g_lr_after": 0.002125, "fires": 3239, "prior_lr_before": 0.0085, "prior_lr_after": 0.00425}
{"event": "g_lr_apply", "armed": true, "update_index": 4440, "g_lr_before": 0.00425, "g_lr_after": 0.002125, "fires": 3240, "prior_lr_before": 0.0085, "prior_lr_after": 0.00425}
{"event": "g_lr_apply", "armed": true, "update_index": 4441, "g_lr_before": 0.00425, "g_lr_after": 0.002125, "fires": 3241, "prior_lr_before": 0.0085, "prior_lr_after": 0.00425}
{"event": "g_lr_apply", "armed": true, "update_index": 4442, "g_lr_before": 0.00425, "g_lr_after": 0.002125, "fires": 3242, "prior_lr_before": 0.0085, "prior_lr_after": 0.00425}
{"event": "g_lr_apply", "armed": true, "update_index": 4443, "g_lr_before": 0.00425, "g_lr_after": 0.002125, "fires": 3243, "prior_lr_before": 0.0085, "prior_lr_after": 0.00425}
{"event": "g_lr_apply", "armed": true, "update_index": 4444, "g_lr_before": 0.00425, "g_lr_after": 0.002125, "fires": 3244, "prior_lr_before": 0.0085, "prior_lr_after": 0.00425}
{"event": "g_lr_apply", "armed": true, "update_index": 4445, "g_lr_before": 0.00425, "g_lr_after": 0.002125, "fires": 3245, "prior_lr_before": 0.0085, "prior_lr_after": 0.00425}
{"event": "g_lr_apply", "armed": true, "update_index": 4446, "g_lr_before": 0.00425, "g_lr_after": 0.002125, "fires": 3246, "prior_lr_before": 0.0085, "prior_lr_after": 0.00425}
{"event": "g_lr_apply", "armed": true, "update_index": 4447, "g_lr_before": 0.00425, "g_lr_after": 0.002125, "fires": 3247, "prior_lr_before": 0.0085, "prior_lr_after": 0.00425}
{"event": "g_lr_apply", "armed": true, "update_index": 4448, "g_lr_before": 0.00425, "g_lr_after": 0.002125, "fires": 3248, "prior_lr_before": 0.0085, "prior_lr_after": 0.00425}
{"event": "g_lr_apply", "armed": true, "update_index": 4449, "g_lr_before": 0.00425, "g_lr_after": 0.002125, "fires": 3249, "prior_lr_before": 0.0085, "prior_lr_after": 0.00425}
{"event": "g_lr_apply", "armed": true, "update_index": 4450, "g_lr_before": 0.00425, "g_lr_after": 0.002125, "fires": 3250, "prior_lr_before": 0.0085, "prior_lr_after": 0.00425}
{"event": "g_lr_apply", "armed": true, "update_index": 4451, "g_lr_before": 0.00425, "g_lr_after": 0.002125, "fires": 3251, "prior_lr_before": 0.0085, "prior_lr_after": 0.00425}
{"event": "g_lr_apply", "armed": true, "update_index": 4452, "g_lr_before": 0.00425, "g_lr_after": 0.002125, "fires": 3252, "prior_lr_before": 0.0085, "prior_lr_after": 0.00425}
{"event": "g_lr_apply", "armed": true, "update_index": 4453, "g_lr_before": 0.00425, "g_lr_after": 0.002125, "fires": 3253, "prior_lr_before": 0.0085, "prior_lr_after": 0.00425}
{"event": "g_lr_apply", "armed": true, "update_index": 4454, "g_lr_before": 0.00425, "g_lr_after": 0.002125, "fires": 3254, "prior_lr_before": 0.0085, "prior_lr_after": 0.00425}
{"event": "g_lr_apply", "armed": true, "update_index": 4455, "g_lr_before": 0.00425, "g_lr_after": 0.002125, "fires": 3255, "prior_lr_before": 0.0085, "prior_lr_after": 0.00425}
{"event": "g_lr_apply", "armed": true, "update_index": 4456, "g_lr_before": 0.00425, "g_lr_after": 0.002125, "fires": 3256, "prior_lr_before": 0.0085, "prior_lr_after": 0.00425}
{"event": "g_lr_apply", "armed": true, "update_index": 4457, "g_lr_before": 0.00425, "g_lr_after": 0.002125, "fires": 3257, "prior_lr_before": 0.0085, "prior_lr_after": 0.00425}
{"event": "g_lr_apply", "armed": true, "update_index": 4458, "g_lr_before": 0.00425, "g_lr_after": 0.002125, "fires": 3258, "prior_lr_before": 0.0085, "prior_lr_after": 0.00425}
{"event": "g_lr_apply", "armed": true, "update_index": 4459, "g_lr_before": 0.00425, "g_lr_after": 0.002125, "fires": 3259, "prior_lr_before": 0.0085, "prior_lr_after": 0.00425}
{"event": "g_lr_apply", "armed": true, "update_index": 4460, "g_lr_before": 0.00425, "g_lr_after": 0.002125, "fires": 3260, "prior_lr_before": 0.0085, "prior_lr_after": 0.00425}
{"event": "g_lr_apply", "armed": true, "update_index": 4461, "g_lr_before": 0.00425, "g_lr_after": 0.002125, "fires": 3261, "prior_lr_before": 0.0085, "prior_lr_after": 0.00425}
{"event": "g_lr_apply", "armed": true, "update_index": 4462, "g_lr_before": 0.00425, "g_lr_after": 0.002125, "fires": 3262, "prior_lr_before": 0.0085, "prior_lr_after": 0.00425}
{"event": "g_lr_apply", "armed": true, "update_index": 4463, "g_lr_before": 0.00425, "g_lr_after": 0.002125, "fires": 3263, "prior_lr_before": 0.0085, "prior_lr_after": 0.00425}
{"event": "g_lr_apply", "armed": true, "update_index": 4464, "g_lr_before": 0.00425, "g_lr_after": 0.002125, "fires": 3264, "prior_lr_before": 0.0085, "prior_lr_after": 0.00425}
{"event": "g_lr_apply", "armed": true, "update_index": 4465, "g_lr_before": 0.00425, "g_lr_after": 0.002125, "fires": 3265, "prior_lr_before": 0.0085, "prior_lr_after": 0.00425}
{"event": "g_lr_apply", "armed": true, "update_index": 4466, "g_lr_before": 0.00425, "g_lr_after": 0.002125, "fires": 3266, "prior_lr_before": 0.0085, "prior_lr_after": 0.00425}
{"event": "g_lr_apply", "armed": true, "update_index": 4467, "g_lr_before": 0.00425, "g_lr_after": 0.002125, "fires": 3267, "prior_lr_before": 0.0085, "prior_lr_after": 0.00425}
{"event": "g_lr_apply", "armed": true, "update_index": 4468, "g_lr_before": 0.00425, "g_lr_after": 0.002125, "fires": 3268, "prior_lr_before": 0.0085, "prior_lr_after": 0.00425}
{"event": "g_lr_apply", "armed": true, "update_index": 4469, "g_lr_before": 0.00425, "g_lr_after": 0.002125, "fires": 3269, "prior_lr_before": 0.0085, "prior_lr_after": 0.00425}
{"event": "g_lr_apply", "armed": true, "update_index": 4470, "g_lr_before": 0.00425, "g_lr_after": 0.002125, "fires": 3270, "prior_lr_before": 0.0085, "prior_lr_after": 0.00425}
{"event": "g_lr_apply", "armed": true, "update_index": 4471, "g_lr_before": 0.00425, "g_lr_after": 0.002125, "fires": 3271, "prior_lr_before": 0.0085, "prior_lr_after": 0.00425}
{"event": "g_lr_apply", "armed": true, "update_index": 4472, "g_lr_before": 0.00425, "g_lr_after": 0.002125, "fires": 3272, "prior_lr_before": 0.0085, "prior_lr_after": 0.00425}
{"event": "g_lr_apply", "armed": true, "update_index": 4473, "g_lr_before": 0.00425, "g_lr_after": 0.002125, "fires": 3273, "prior_lr_before": 0.0085, "prior_lr_after": 0.00425}
{"event": "g_lr_apply", "armed": true, "update_index": 4474, "g_lr_before": 0.00425, "g_lr_after": 0.002125, "fires": 3274, "prior_lr_before": 0.0085, "prior_lr_after": 0.00425}
{"event": "g_lr_apply", "armed": true, "update_index": 4475, "g_lr_before": 0.00425, "g_lr_after": 0.002125, "fires": 3275, "prior_lr_before": 0.0085, "prior_lr_after": 0.00425}
{"event": "g_lr_apply", "armed": true, "update_index": 4476, "g_lr_before": 0.00425, "g_lr_after": 0.002125, "fires": 3276, "prior_lr_before": 0.0085, "prior_lr_after": 0.00425}
{"event": "g_lr_apply", "armed": true, "update_index": 4477, "g_lr_before": 0.00425, "g_lr_after": 0.002125, "fires": 3277, "prior_lr_before": 0.0085, "prior_lr_after": 0.00425}
{"event": "g_lr_apply", "armed": true, "update_index": 4478, "g_lr_before": 0.00425, "g_lr_after": 0.002125, "fires": 3278, "prior_lr_before": 0.0085, "prior_lr_after": 0.00425}
{"event": "g_lr_apply", "armed": true, "update_index": 4479, "g_lr_before": 0.00425, "g_lr_after": 0.002125, "fires": 3279, "prior_lr_before": 0.0085, "prior_lr_after": 0.00425}
{"event": "g_lr_apply", "armed": true, "update_index": 4480, "g_lr_before": 0.00425, "g_lr_after": 0.002125, "fires": 3280, "prior_lr_before": 0.0085, "prior_lr_after": 0.00425}
{"event": "g_lr_apply", "armed": true, "update_index": 4481, "g_lr_before": 0.00425, "g_lr_after": 0.002125, "fires": 3281, "prior_lr_before": 0.0085, "prior_lr_after": 0.00425}
{"event": "g_lr_apply", "armed": true, "update_index": 4482, "g_lr_before": 0.00425, "g_lr_after": 0.002125, "fires": 3282, "prior_lr_before": 0.0085, "prior_lr_after": 0.00425}
{"event": "g_lr_apply", "armed": true, "update_index": 4483, "g_lr_before": 0.00425, "g_lr_after": 0.002125, "fires": 3283, "prior_lr_before": 0.0085, "prior_lr_after": 0.00425}
{"event": "g_lr_apply", "armed": true, "update_index": 4484, "g_lr_before": 0.00425, "g_lr_after": 0.002125, "fires": 3284, "prior_lr_before": 0.0085, "prior_lr_after": 0.00425}
{"event": "g_lr_apply", "armed": true, "update_index": 4485, "g_lr_before": 0.00425, "g_lr_after": 0.002125, "fires": 3285, "prior_lr_before": 0.0085, "prior_lr_after": 0.00425}
{"event": "g_lr_apply", "armed": true, "update_index": 4486, "g_lr_before": 0.00425, "g_lr_after": 0.002125, "fires": 3286, "prior_lr_before": 0.0085, "prior_lr_after": 0.00425}
{"event": "g_lr_apply", "armed": true, "update_index": 4487, "g_lr_before": 0.00425, "g_lr_after": 0.002125, "fires": 3287, "prior_lr_before": 0.0085, "prior_lr_after": 0.00425}
{"event": "g_lr_apply", "armed": true, "update_index": 4488, "g_lr_before": 0.00425, "g_lr_after": 0.002125, "fires": 3288, "prior_lr_before": 0.0085, "prior_lr_after": 0.00425}
{"event": "g_lr_apply", "armed": true, "update_index": 4489, "g_lr_before": 0.00425, "g_lr_after": 0.002125, "fires": 3289, "prior_lr_before": 0.0085, "prior_lr_after": 0.00425}
{"event": "g_lr_apply", "armed": true, "update_index": 4490, "g_lr_before": 0.00425, "g_lr_after": 0.002125, "fires": 3290, "prior_lr_before": 0.0085, "prior_lr_after": 0.00425}
{"event": "g_lr_apply", "armed": true, "update_index": 4491, "g_lr_before": 0.00425, "g_lr_after": 0.002125, "fires": 3291, "prior_lr_before": 0.0085, "prior_lr_after": 0.00425}
{"event": "g_lr_apply", "armed": true, "update_index": 4492, "g_lr_before": 0.00425, "g_lr_after": 0.002125, "fires": 3292, "prior_lr_before": 0.0085, "prior_lr_after": 0.00425}
{"event": "g_lr_apply", "armed": true, "update_index": 4493, "g_lr_before": 0.00425, "g_lr_after": 0.002125, "fires": 3293, "prior_lr_before": 0.0085, "prior_lr_after": 0.00425}
{"event": "g_lr_apply", "armed": true, "update_index": 4494, "g_lr_before": 0.00425, "g_lr_after": 0.002125, "fires": 3294, "prior_lr_before": 0.0085, "prior_lr_after": 0.00425}
{"event": "g_lr_apply", "armed": true, "update_index": 4495, "g_lr_before": 0.00425, "g_lr_after": 0.002125, "fires": 3295, "prior_lr_before": 0.0085, "prior_lr_after": 0.00425}
{"event": "g_lr_apply", "armed": true, "update_index": 4496, "g_lr_before": 0.00425, "g_lr_after": 0.002125, "fires": 3296, "prior_lr_before": 0.0085, "prior_lr_after": 0.00425}
{"event": "g_lr_apply", "armed": true, "update_index": 4497, "g_lr_before": 0.00425, "g_lr_after": 0.002125, "fires": 3297, "prior_lr_before": 0.0085, "prior_lr_after": 0.00425}
{"event": "g_lr_apply", "armed": true, "update_index": 4498, "g_lr_before": 0.00425, "g_lr_after": 0.002125, "fires": 3298, "prior_lr_before": 0.0085, "prior_lr_after": 0.00425}
{"event": "g_lr_apply", "armed": true, "update_index": 4499, "g_lr_before": 0.00425, "g_lr_after": 0.002125, "fires": 3299, "prior_lr_before": 0.0085, "prior_lr_after": 0.00425}
{"event": "g_lr_apply", "armed": true, "update_index": 4500, "g_lr_before": 0.00425, "g_lr_after": 0.002125, "fires": 3300, "prior_lr_before": 0.0085, "prior_lr_after": 0.00425}
{"event": "g_lr_apply", "armed": true, "update_index": 4501, "g_lr_before": 0.00425, "g_lr_after": 0.002125, "fires": 3301, "prior_lr_before": 0.0085, "prior_lr_after": 0.00425}
{"event": "g_lr_apply", "armed": true, "update_index": 4502, "g_lr_before": 0.00425, "g_lr_after": 0.002125, "fires": 3302, "prior_lr_before": 0.0085, "prior_lr_after": 0.00425}
{"event": "g_lr_apply", "armed": true, "update_index": 4503, "g_lr_before": 0.00425, "g_lr_after": 0.002125, "fires": 3303, "prior_lr_before": 0.0085, "prior_lr_after": 0.00425}
{"event": "g_lr_apply", "armed": true, "update_index": 4504, "g_lr_before": 0.00425, "g_lr_after": 0.002125, "fires": 3304, "prior_lr_before": 0.0085, "prior_lr_after": 0.00425}
{"event": "g_lr_apply", "armed": true, "update_index": 4505, "g_lr_before": 0.00425, "g_lr_after": 0.002125, "fires": 3305, "prior_lr_before": 0.0085, "prior_lr_after": 0.00425}
{"event": "g_lr_apply", "armed": true, "update_index": 4506, "g_lr_before": 0.00425, "g_lr_after": 0.002125, "fires": 3306, "prior_lr_before": 0.0085, "prior_lr_after": 0.00425}
{"event": "g_lr_apply", "armed": true, "update_index": 4507, "g_lr_before": 0.00425, "g_lr_after": 0.002125, "fires": 3307, "prior_lr_before": 0.0085, "prior_lr_after": 0.00425}
{"event": "g_lr_apply", "armed": true, "update_index": 4508, "g_lr_before": 0.00425, "g_lr_after": 0.002125, "fires": 3308, "prior_lr_before": 0.0085, "prior_lr_after": 0.00425}
{"event": "g_lr_apply", "armed": true, "update_index": 4509, "g_lr_before": 0.00425, "g_lr_after": 0.002125, "fires": 3309, "prior_lr_before": 0.0085, "prior_lr_after": 0.00425}
{"event": "g_lr_apply", "armed": true, "update_index": 4510, "g_lr_before": 0.00425, "g_lr_after": 0.002125, "fires": 3310, "prior_lr_before": 0.0085, "prior_lr_after": 0.00425}
{"event": "g_lr_apply", "armed": true, "update_index": 4511, "g_lr_before": 0.00425, "g_lr_after": 0.002125, "fires": 3311, "prior_lr_before": 0.0085, "prior_lr_after": 0.00425}
{"event": "g_lr_apply", "armed": true, "update_index": 4512, "g_lr_before": 0.00425, "g_lr_after": 0.002125, "fires": 3312, "prior_lr_before": 0.0085, "prior_lr_after": 0.00425}
{"event": "g_lr_apply", "armed": true, "update_index": 4513, "g_lr_before": 0.00425, "g_lr_after": 0.002125, "fires": 3313, "prior_lr_before": 0.0085, "prior_lr_after": 0.00425}
{"event": "g_lr_apply", "armed": true, "update_index": 4514, "g_lr_before": 0.00425, "g_lr_after": 0.002125, "fires": 3314, "prior_lr_before": 0.0085, "prior_lr_after": 0.00425}
{"event": "g_lr_apply", "armed": true, "update_index": 4515, "g_lr_before": 0.00425, "g_lr_after": 0.002125, "fires": 3315, "prior_lr_before": 0.0085, "prior_lr_after": 0.00425}
{"event": "g_lr_apply", "armed": true, "update_index": 4516, "g_lr_before": 0.00425, "g_lr_after": 0.002125, "fires": 3316, "prior_lr_before": 0.0085, "prior_lr_after": 0.00425}
{"event": "g_lr_apply", "armed": true, "update_index": 4517, "g_lr_before": 0.00425, "g_lr_after": 0.002125, "fires": 3317, "prior_lr_before": 0.0085, "prior_lr_after": 0.00425}
{"event": "g_lr_apply", "armed": true, "update_index": 4518, "g_lr_before": 0.00425, "g_lr_after": 0.002125, "fires": 3318, "prior_lr_before": 0.0085, "prior_lr_after": 0.00425}
{"event": "g_lr_apply", "armed": true, "update_index": 4519, "g_lr_before": 0.00425, "g_lr_after": 0.002125, "fires": 3319, "prior_lr_before": 0.0085, "prior_lr_after": 0.00425}
{"event": "g_lr_apply", "armed": true, "update_index": 4520, "g_lr_before": 0.00425, "g_lr_after": 0.002125, "fires": 3320, "prior_lr_before": 0.0085, "prior_lr_after": 0.00425}
{"event": "g_lr_apply", "armed": true, "update_index": 4521, "g_lr_before": 0.00425, "g_lr_after": 0.002125, "fires": 3321, "prior_lr_before": 0.0085, "prior_lr_after": 0.00425}
{"event": "g_lr_apply", "armed": true, "update_index": 4522, "g_lr_before": 0.00425, "g_lr_after": 0.002125, "fires": 3322, "prior_lr_before": 0.0085, "prior_lr_after": 0.00425}
{"event": "g_lr_apply", "armed": true, "update_index": 4523, "g_lr_before": 0.00425, "g_lr_after": 0.002125, "fires": 3323, "prior_lr_before": 0.0085, "prior_lr_after": 0.00425}
{"event": "g_lr_apply", "armed": true, "update_index": 4524, "g_lr_before": 0.00425, "g_lr_after": 0.002125, "fires": 3324, "prior_lr_before": 0.0085, "prior_lr_after": 0.00425}
{"event": "g_lr_apply", "armed": true, "update_index": 4525, "g_lr_before": 0.00425, "g_lr_after": 0.002125, "fires": 3325, "prior_lr_before": 0.0085, "prior_lr_after": 0.00425}
{"event": "g_lr_apply", "armed": true, "update_index": 4526, "g_lr_before": 0.00425, "g_lr_after": 0.002125, "fires": 3326, "prior_lr_before": 0.0085, "prior_lr_after": 0.00425}
{"event": "g_lr_apply", "armed": true, "update_index": 4527, "g_lr_before": 0.00425, "g_lr_after": 0.002125, "fires": 3327, "prior_lr_before": 0.0085, "prior_lr_after": 0.00425}
{"event": "g_lr_apply", "armed": true, "update_index": 4528, "g_lr_before": 0.00425, "g_lr_after": 0.002125, "fires": 3328, "prior_lr_before": 0.0085, "prior_lr_after": 0.00425}
{"event": "g_lr_apply", "armed": true, "update_index": 4529, "g_lr_before": 0.00425, "g_lr_after": 0.002125, "fires": 3329, "prior_lr_before": 0.0085, "prior_lr_after": 0.00425}
{"event": "g_lr_apply", "armed": true, "update_index": 4530, "g_lr_before": 0.00425, "g_lr_after": 0.002125, "fires": 3330, "prior_lr_before": 0.0085, "prior_lr_after": 0.00425}
{"event": "g_lr_apply", "armed": true, "update_index": 4531, "g_lr_before": 0.00425, "g_lr_after": 0.002125, "fires": 3331, "prior_lr_before": 0.0085, "prior_lr_after": 0.00425}
{"event": "g_lr_apply", "armed": true, "update_index": 4532, "g_lr_before": 0.00425, "g_lr_after": 0.002125, "fires": 3332, "prior_lr_before": 0.0085, "prior_lr_after": 0.00425}
{"event": "g_lr_apply", "armed": true, "update_index": 4533, "g_lr_before": 0.00425, "g_lr_after": 0.002125, "fires": 3333, "prior_lr_before": 0.0085, "prior_lr_after": 0.00425}
{"event": "g_lr_apply", "armed": true, "update_index": 4534, "g_lr_before": 0.00425, "g_lr_after": 0.002125, "fires": 3334, "prior_lr_before": 0.0085, "prior_lr_after": 0.00425}
{"event": "g_lr_apply", "armed": true, "update_index": 4535, "g_lr_before": 0.00425, "g_lr_after": 0.002125, "fires": 3335, "prior_lr_before": 0.0085, "prior_lr_after": 0.00425}
{"event": "g_lr_apply", "armed": true, "update_index": 4536, "g_lr_before": 0.00425, "g_lr_after": 0.002125, "fires": 3336, "prior_lr_before": 0.0085, "prior_lr_after": 0.00425}
{"event": "g_lr_apply", "armed": true, "update_index": 4537, "g_lr_before": 0.00425, "g_lr_after": 0.002125, "fires": 3337, "prior_lr_before": 0.0085, "prior_lr_after": 0.00425}
{"event": "g_lr_apply", "armed": true, "update_index": 4538, "g_lr_before": 0.00425, "g_lr_after": 0.002125, "fires": 3338, "prior_lr_before": 0.0085, "prior_lr_after": 0.00425}
{"event": "g_lr_apply", "armed": true, "update_index": 4539, "g_lr_before": 0.00425, "g_lr_after": 0.002125, "fires": 3339, "prior_lr_before": 0.0085, "prior_lr_after": 0.00425}
{"event": "g_lr_apply", "armed": true, "update_index": 4540, "g_lr_before": 0.00425, "g_lr_after": 0.002125, "fires": 3340, "prior_lr_before": 0.0085, "prior_lr_after": 0.00425}
{"event": "g_lr_apply", "armed": true, "update_index": 4541, "g_lr_before": 0.00425, "g_lr_after": 0.002125, "fires": 3341, "prior_lr_before": 0.0085, "prior_lr_after": 0.00425}
{"event": "g_lr_apply", "armed": true, "update_index": 4542, "g_lr_before": 0.00425, "g_lr_after": 0.002125, "fires": 3342, "prior_lr_before": 0.0085, "prior_lr_after": 0.00425}
{"event": "g_lr_apply", "armed": true, "update_index": 4543, "g_lr_before": 0.00425, "g_lr_after": 0.002125, "fires": 3343, "prior_lr_before": 0.0085, "prior_lr_after": 0.00425}
{"event": "g_lr_apply", "armed": true, "update_index": 4544, "g_lr_before": 0.00425, "g_lr_after": 0.002125, "fires": 3344, "prior_lr_before": 0.0085, "prior_lr_after": 0.00425}
{"event": "g_lr_apply", "armed": true, "update_index": 4545, "g_lr_before": 0.00425, "g_lr_after": 0.002125, "fires": 3345, "prior_lr_before": 0.0085, "prior_lr_after": 0.00425}
{"event": "g_lr_apply", "armed": true, "update_index": 4546, "g_lr_before": 0.00425, "g_lr_after": 0.002125, "fires": 3346, "prior_lr_before": 0.0085, "prior_lr_after": 0.00425}
{"event": "g_lr_apply", "armed": true, "update_index": 4547, "g_lr_before": 0.00425, "g_lr_after": 0.002125, "fires": 3347, "prior_lr_before": 0.0085, "prior_lr_after": 0.00425}
{"event": "g_lr_apply", "armed": true, "update_index": 4548, "g_lr_before": 0.00425, "g_lr_after": 0.002125, "fires": 3348, "prior_lr_before": 0.0085, "prior_lr_after": 0.00425}
{"event": "g_lr_apply", "armed": true, "update_index": 4549, "g_lr_before": 0.00425, "g_lr_after": 0.002125, "fires": 3349, "prior_lr_before": 0.0085, "prior_lr_after": 0.00425}
{"event": "g_lr_apply", "armed": true, "update_index": 4550, "g_lr_before": 0.00425, "g_lr_after": 0.002125, "fires": 3350, "prior_lr_before": 0.0085, "prior_lr_after": 0.00425}
{"event": "g_lr_apply", "armed": true, "update_index": 4551, "g_lr_before": 0.00425, "g_lr_after": 0.002125, "fires": 3351, "prior_lr_before": 0.0085, "prior_lr_after": 0.00425}
{"event": "g_lr_apply", "armed": true, "update_index": 4552, "g_lr_before": 0.00425, "g_lr_after": 0.002125, "fires": 3352, "prior_lr_before": 0.0085, "prior_lr_after": 0.00425}
{"event": "g_lr_apply", "armed": true, "update_index": 4553, "g_lr_before": 0.00425, "g_lr_after": 0.002125, "fires": 3353, "prior_lr_before": 0.0085, "prior_lr_after": 0.00425}
{"event": "g_lr_apply", "armed": true, "update_index": 4554, "g_lr_before": 0.00425, "g_lr_after": 0.002125, "fires": 3354, "prior_lr_before": 0.0085, "prior_lr_after": 0.00425}
{"event": "g_lr_apply", "armed": true, "update_index": 4555, "g_lr_before": 0.00425, "g_lr_after": 0.002125, "fires": 3355, "prior_lr_before": 0.0085, "prior_lr_after": 0.00425}
{"event": "g_lr_apply", "armed": true, "update_index": 4556, "g_lr_before": 0.00425, "g_lr_after": 0.002125, "fires": 3356, "prior_lr_before": 0.0085, "prior_lr_after": 0.00425}
{"event": "g_lr_apply", "armed": true, "update_index": 4557, "g_lr_before": 0.00425, "g_lr_after": 0.002125, "fires": 3357, "prior_lr_before": 0.0085, "prior_lr_after": 0.00425}
{"event": "g_lr_apply", "armed": true, "update_index": 4558, "g_lr_before": 0.00425, "g_lr_after": 0.002125, "fires": 3358, "prior_lr_before": 0.0085, "prior_lr_after": 0.00425}
{"event": "g_lr_apply", "armed": true, "update_index": 4559, "g_lr_before": 0.00425, "g_lr_after": 0.002125, "fires": 3359, "prior_lr_before": 0.0085, "prior_lr_after": 0.00425}
{"event": "g_lr_apply", "armed": true, "update_index": 4560, "g_lr_before": 0.00425, "g_lr_after": 0.002125, "fires": 3360, "prior_lr_before": 0.0085, "prior_lr_after": 0.00425}
{"event": "g_lr_apply", "armed": true, "update_index": 4561, "g_lr_before": 0.00425, "g_lr_after": 0.002125, "fires": 3361, "prior_lr_before": 0.0085, "prior_lr_after": 0.00425}
{"event": "g_lr_apply", "armed": true, "update_index": 4562, "g_lr_before": 0.00425, "g_lr_after": 0.002125, "fires": 3362, "prior_lr_before": 0.0085, "prior_lr_after": 0.00425}
{"event": "g_lr_apply", "armed": true, "update_index": 4563, "g_lr_before": 0.00425, "g_lr_after": 0.002125, "fires": 3363, "prior_lr_before": 0.0085, "prior_lr_after": 0.00425}
{"event": "g_lr_apply", "armed": true, "update_index": 4564, "g_lr_before": 0.00425, "g_lr_after": 0.002125, "fires": 3364, "prior_lr_before": 0.0085, "prior_lr_after": 0.00425}
{"event": "g_lr_apply", "armed": true, "update_index": 4565, "g_lr_before": 0.00425, "g_lr_after": 0.002125, "fires": 3365, "prior_lr_before": 0.0085, "prior_lr_after": 0.00425}
{"event": "g_lr_apply", "armed": true, "update_index": 4566, "g_lr_before": 0.00425, "g_lr_after": 0.002125, "fires": 3366, "prior_lr_before": 0.0085, "prior_lr_after": 0.00425}
{"event": "g_lr_apply", "armed": true, "update_index": 4567, "g_lr_before": 0.00425, "g_lr_after": 0.002125, "fires": 3367, "prior_lr_before": 0.0085, "prior_lr_after": 0.00425}
{"event": "g_lr_apply", "armed": true, "update_index": 4568, "g_lr_before": 0.00425, "g_lr_after": 0.002125, "fires": 3368, "prior_lr_before": 0.0085, "prior_lr_after": 0.00425}
{"event": "g_lr_apply", "armed": true, "update_index": 4569, "g_lr_before": 0.00425, "g_lr_after": 0.002125, "fires": 3369, "prior_lr_before": 0.0085, "prior_lr_after": 0.00425}
{"event": "g_lr_apply", "armed": true, "update_index": 4570, "g_lr_before": 0.00425, "g_lr_after": 0.002125, "fires": 3370, "prior_lr_before": 0.0085, "prior_lr_after": 0.00425}
{"event": "g_lr_apply", "armed": true, "update_index": 4571, "g_lr_before": 0.00425, "g_lr_after": 0.002125, "fires": 3371, "prior_lr_before": 0.0085, "prior_lr_after": 0.00425}
{"event": "g_lr_apply", "armed": true, "update_index": 4572, "g_lr_before": 0.00425, "g_lr_after": 0.002125, "fires": 3372, "prior_lr_before": 0.0085, "prior_lr_after": 0.00425}
{"event": "g_lr_apply", "armed": true, "update_index": 4573, "g_lr_before": 0.00425, "g_lr_after": 0.002125, "fires": 3373, "prior_lr_before": 0.0085, "prior_lr_after": 0.00425}
{"event": "g_lr_apply", "armed": true, "update_index": 4574, "g_lr_before": 0.00425, "g_lr_after": 0.002125, "fires": 3374, "prior_lr_before": 0.0085, "prior_lr_after": 0.00425}
{"event": "g_lr_apply", "armed": true, "update_index": 4575, "g_lr_before": 0.00425, "g_lr_after": 0.002125, "fires": 3375, "prior_lr_before": 0.0085, "prior_lr_after": 0.00425}
{"event": "g_lr_apply", "armed": true, "update_index": 4576, "g_lr_before": 0.00425, "g_lr_after": 0.002125, "fires": 3376, "prior_lr_before": 0.0085, "prior_lr_after": 0.00425}
{"event": "g_lr_apply", "armed": true, "update_index": 4577, "g_lr_before": 0.00425, "g_lr_after": 0.002125, "fires": 3377, "prior_lr_before": 0.0085, "prior_lr_after": 0.00425}
{"event": "g_lr_apply", "armed": true, "update_index": 4578, "g_lr_before": 0.00425, "g_lr_after": 0.002125, "fires": 3378, "prior_lr_before": 0.0085, "prior_lr_after": 0.00425}
{"event": "g_lr_apply", "armed": true, "update_index": 4579, "g_lr_before": 0.00425, "g_lr_after": 0.002125, "fires": 3379, "prior_lr_before": 0.0085, "prior_lr_after": 0.00425}
{"event": "g_lr_apply", "armed": true, "update_index": 4580, "g_lr_before": 0.00425, "g_lr_after": 0.002125, "fires": 3380, "prior_lr_before": 0.0085, "prior_lr_after": 0.00425}
{"event": "g_lr_apply", "armed": true, "update_index": 4581, "g_lr_before": 0.00425, "g_lr_after": 0.002125, "fires": 3381, "prior_lr_before": 0.0085, "prior_lr_after": 0.00425}
{"event": "g_lr_apply", "armed": true, "update_index": 4582, "g_lr_before": 0.00425, "g_lr_after": 0.002125, "fires": 3382, "prior_lr_before": 0.0085, "prior_lr_after": 0.00425}
{"event": "g_lr_apply", "armed": true, "update_index": 4583, "g_lr_before": 0.00425, "g_lr_after": 0.002125, "fires": 3383, "prior_lr_before": 0.0085, "prior_lr_after": 0.00425}
{"event": "g_lr_apply", "armed": true, "update_index": 4584, "g_lr_before": 0.00425, "g_lr_after": 0.002125, "fires": 3384, "prior_lr_before": 0.0085, "prior_lr_after": 0.00425}
{"event": "g_lr_apply", "armed": true, "update_index": 4585, "g_lr_before": 0.00425, "g_lr_after": 0.002125, "fires": 3385, "prior_lr_before": 0.0085, "prior_lr_after": 0.00425}
{"event": "g_lr_apply", "armed": true, "update_index": 4586, "g_lr_before": 0.00425, "g_lr_after": 0.002125, "fires": 3386, "prior_lr_before": 0.0085, "prior_lr_after": 0.00425}
{"event": "g_lr_apply", "armed": true, "update_index": 4587, "g_lr_before": 0.00425, "g_lr_after": 0.002125, "fires": 3387, "prior_lr_before": 0.0085, "prior_lr_after": 0.00425}
{"event": "g_lr_apply", "armed": true, "update_index": 4588, "g_lr_before": 0.00425, "g_lr_after": 0.002125, "fires": 3388, "prior_lr_before": 0.0085, "prior_lr_after": 0.00425}
{"event": "g_lr_apply", "armed": true, "update_index": 4589, "g_lr_before": 0.00425, "g_lr_after": 0.002125, "fires": 3389, "prior_lr_before": 0.0085, "prior_lr_after": 0.00425}
{"event": "g_lr_apply", "armed": true, "update_index": 4590, "g_lr_before": 0.00425, "g_lr_after": 0.002125, "fires": 3390, "prior_lr_before": 0.0085, "prior_lr_after": 0.00425}
{"event": "g_lr_apply", "armed": true, "update_index": 4591, "g_lr_before": 0.00425, "g_lr_after": 0.002125, "fires": 3391, "prior_lr_before": 0.0085, "prior_lr_after": 0.00425}
{"event": "g_lr_apply", "armed": true, "update_index": 4592, "g_lr_before": 0.00425, "g_lr_after": 0.002125, "fires": 3392, "prior_lr_before": 0.0085, "prior_lr_after": 0.00425}
{"event": "g_lr_apply", "armed": true, "update_index": 4593, "g_lr_before": 0.00425, "g_lr_after": 0.002125, "fires": 3393, "prior_lr_before": 0.0085, "prior_lr_after": 0.00425}
{"event": "g_lr_apply", "armed": true, "update_index": 4594, "g_lr_before": 0.00425, "g_lr_after": 0.002125, "fires": 3394, "prior_lr_before": 0.0085, "prior_lr_after": 0.00425}
{"event": "g_lr_apply", "armed": true, "update_index": 4595, "g_lr_before": 0.00425, "g_lr_after": 0.002125, "fires": 3395, "prior_lr_before": 0.0085, "prior_lr_after": 0.00425}
{"event": "g_lr_apply", "armed": true, "update_index": 4596, "g_lr_before": 0.00425, "g_lr_after": 0.002125, "fires": 3396, "prior_lr_before": 0.0085, "prior_lr_after": 0.00425}
{"event": "g_lr_apply", "armed": true, "update_index": 4597, "g_lr_before": 0.00425, "g_lr_after": 0.002125, "fires": 3397, "prior_lr_before": 0.0085, "prior_lr_after": 0.00425}
{"event": "g_lr_apply", "armed": true, "update_index": 4598, "g_lr_before": 0.00425, "g_lr_after": 0.002125, "fires": 3398, "prior_lr_before": 0.0085, "prior_lr_after": 0.00425}
{"event": "g_lr_apply", "armed": true, "update_index": 4599, "g_lr_before": 0.00425, "g_lr_after": 0.002125, "fires": 3399, "prior_lr_before": 0.0085, "prior_lr_after": 0.00425}
{"event": "g_lr_apply", "armed": true, "update_index": 4600, "g_lr_before": 0.00425, "g_lr_after": 0.002125, "fires": 3400, "prior_lr_before": 0.0085, "prior_lr_after": 0.00425}
{"event": "g_lr_apply", "armed": true, "update_index": 4601, "g_lr_before": 0.00425, "g_lr_after": 0.002125, "fires": 3401, "prior_lr_before": 0.0085, "prior_lr_after": 0.00425}
{"event": "g_lr_apply", "armed": true, "update_index": 4602, "g_lr_before": 0.00425, "g_lr_after": 0.002125, "fires": 3402, "prior_lr_before": 0.0085, "prior_lr_after": 0.00425}
{"event": "g_lr_apply", "armed": true, "update_index": 4603, "g_lr_before": 0.00425, "g_lr_after": 0.002125, "fires": 3403, "prior_lr_before": 0.0085, "prior_lr_after": 0.00425}
{"event": "g_lr_apply", "armed": true, "update_index": 4604, "g_lr_before": 0.00425, "g_lr_after": 0.002125, "fires": 3404, "prior_lr_before": 0.0085, "prior_lr_after": 0.00425}
{"event": "g_lr_apply", "armed": true, "update_index": 4605, "g_lr_before": 0.00425, "g_lr_after": 0.002125, "fires": 3405, "prior_lr_before": 0.0085, "prior_lr_after": 0.00425}
{"event": "g_lr_apply", "armed": true, "update_index": 4606, "g_lr_before": 0.00425, "g_lr_after": 0.002125, "fires": 3406, "prior_lr_before": 0.0085, "prior_lr_after": 0.00425}
{"event": "g_lr_apply", "armed": true, "update_index": 4607, "g_lr_before": 0.00425, "g_lr_after": 0.002125, "fires": 3407, "prior_lr_before": 0.0085, "prior_lr_after": 0.00425}
{"event": "g_lr_apply", "armed": true, "update_index": 4608, "g_lr_before": 0.00425, "g_lr_after": 0.002125, "fires": 3408, "prior_lr_before": 0.0085, "prior_lr_after": 0.00425}
{"event": "g_lr_apply", "armed": true, "update_index": 4609, "g_lr_before": 0.00425, "g_lr_after": 0.002125, "fires": 3409, "prior_lr_before": 0.0085, "prior_lr_after": 0.00425}
{"event": "g_lr_apply", "armed": true, "update_index": 4610, "g_lr_before": 0.00425, "g_lr_after": 0.002125, "fires": 3410, "prior_lr_before": 0.0085, "prior_lr_after": 0.00425}
{"event": "g_lr_apply", "armed": true, "update_index": 4611, "g_lr_before": 0.00425, "g_lr_after": 0.002125, "fires": 3411, "prior_lr_before": 0.0085, "prior_lr_after": 0.00425}
{"event": "g_lr_apply", "armed": true, "update_index": 4612, "g_lr_before": 0.00425, "g_lr_after": 0.002125, "fires": 3412, "prior_lr_before": 0.0085, "prior_lr_after": 0.00425}
{"event": "g_lr_apply", "armed": true, "update_index": 4613, "g_lr_before": 0.00425, "g_lr_after": 0.002125, "fires": 3413, "prior_lr_before": 0.0085, "prior_lr_after": 0.00425}
{"event": "g_lr_apply", "armed": true, "update_index": 4614, "g_lr_before": 0.00425, "g_lr_after": 0.002125, "fires": 3414, "prior_lr_before": 0.0085, "prior_lr_after": 0.00425}
{"event": "g_lr_apply", "armed": true, "update_index": 4615, "g_lr_before": 0.00425, "g_lr_after": 0.002125, "fires": 3415, "prior_lr_before": 0.0085, "prior_lr_after": 0.00425}
{"event": "g_lr_apply", "armed": true, "update_index": 4616, "g_lr_before": 0.00425, "g_lr_after": 0.002125, "fires": 3416, "prior_lr_before": 0.0085, "prior_lr_after": 0.00425}
{"event": "g_lr_apply", "armed": true, "update_index": 4617, "g_lr_before": 0.00425, "g_lr_after": 0.002125, "fires": 3417, "prior_lr_before": 0.0085, "prior_lr_after": 0.00425}
{"event": "g_lr_apply", "armed": true, "update_index": 4618, "g_lr_before": 0.00425, "g_lr_after": 0.002125, "fires": 3418, "prior_lr_before": 0.0085, "prior_lr_after": 0.00425}
{"event": "g_lr_apply", "armed": true, "update_index": 4619, "g_lr_before": 0.00425, "g_lr_after": 0.002125, "fires": 3419, "prior_lr_before": 0.0085, "prior_lr_after": 0.00425}
{"event": "g_lr_apply", "armed": true, "update_index": 4620, "g_lr_before": 0.00425, "g_lr_after": 0.002125, "fires": 3420, "prior_lr_before": 0.0085, "prior_lr_after": 0.00425}
{"event": "g_lr_apply", "armed": true, "update_index": 4621, "g_lr_before": 0.00425, "g_lr_after": 0.002125, "fires": 3421, "prior_lr_before": 0.0085, "prior_lr_after": 0.00425}
{"event": "g_lr_apply", "armed": true, "update_index": 4622, "g_lr_before": 0.00425, "g_lr_after": 0.002125, "fires": 3422, "prior_lr_before": 0.0085, "prior_lr_after": 0.00425}
{"event": "g_lr_apply", "armed": true, "update_index": 4623, "g_lr_before": 0.00425, "g_lr_after": 0.002125, "fires": 3423, "prior_lr_before": 0.0085, "prior_lr_after": 0.00425}
{"event": "g_lr_apply", "armed": true, "update_index": 4624, "g_lr_before": 0.00425, "g_lr_after": 0.002125, "fires": 3424, "prior_lr_before": 0.0085, "prior_lr_after": 0.00425}
{"event": "g_lr_apply", "armed": true, "update_index": 4625, "g_lr_before": 0.00425, "g_lr_after": 0.002125, "fires": 3425, "prior_lr_before": 0.0085, "prior_lr_after": 0.00425}
{"event": "g_lr_apply", "armed": true, "update_index": 4626, "g_lr_before": 0.00425, "g_lr_after": 0.002125, "fires": 3426, "prior_lr_before": 0.0085, "prior_lr_after": 0.00425}
{"event": "g_lr_apply", "armed": true, "update_index": 4627, "g_lr_before": 0.00425, "g_lr_after": 0.002125, "fires": 3427, "prior_lr_before": 0.0085, "prior_lr_after": 0.00425}
{"event": "g_lr_apply", "armed": true, "update_index": 4628, "g_lr_before": 0.00425, "g_lr_after": 0.002125, "fires": 3428, "prior_lr_before": 0.0085, "prior_lr_after": 0.00425}
{"event": "g_lr_apply", "armed": true, "update_index": 4629, "g_lr_before": 0.00425, "g_lr_after": 0.002125, "fires": 3429, "prior_lr_before": 0.0085, "prior_lr_after": 0.00425}
{"event": "g_lr_apply", "armed": true, "update_index": 4630, "g_lr_before": 0.00425, "g_lr_after": 0.002125, "fires": 3430, "prior_lr_before": 0.0085, "prior_lr_after": 0.00425}
{"event": "g_lr_apply", "armed": true, "update_index": 4631, "g_lr_before": 0.00425, "g_lr_after": 0.002125, "fires": 3431, "prior_lr_before": 0.0085, "prior_lr_after": 0.00425}
{"event": "g_lr_apply", "armed": true, "update_index": 4632, "g_lr_before": 0.00425, "g_lr_after": 0.002125, "fires": 3432, "prior_lr_before": 0.0085, "prior_lr_after": 0.00425}
{"event": "g_lr_apply", "armed": true, "update_index": 4633, "g_lr_before": 0.00425, "g_lr_after": 0.002125, "fires": 3433, "prior_lr_before": 0.0085, "prior_lr_after": 0.00425}
{"event": "g_lr_apply", "armed": true, "update_index": 4634, "g_lr_before": 0.00425, "g_lr_after": 0.002125, "fires": 3434, "prior_lr_before": 0.0085, "prior_lr_after": 0.00425}
{"event": "g_lr_apply", "armed": true, "update_index": 4635, "g_lr_before": 0.00425, "g_lr_after": 0.002125, "fires": 3435, "prior_lr_before": 0.0085, "prior_lr_after": 0.00425}
{"event": "g_lr_apply", "armed": true, "update_index": 4636, "g_lr_before": 0.00425, "g_lr_after": 0.002125, "fires": 3436, "prior_lr_before": 0.0085, "prior_lr_after": 0.00425}
{"event": "g_lr_apply", "armed": true, "update_index": 4637, "g_lr_before": 0.00425, "g_lr_after": 0.002125, "fires": 3437, "prior_lr_before": 0.0085, "prior_lr_after": 0.00425}
{"event": "g_lr_apply", "armed": true, "update_index": 4638, "g_lr_before": 0.00425, "g_lr_after": 0.002125, "fires": 3438, "prior_lr_before": 0.0085, "prior_lr_after": 0.00425}
{"event": "g_lr_apply", "armed": true, "update_index": 4639, "g_lr_before": 0.00425, "g_lr_after": 0.002125, "fires": 3439, "prior_lr_before": 0.0085, "prior_lr_after": 0.00425}
{"event": "g_lr_apply", "armed": true, "update_index": 4640, "g_lr_before": 0.00425, "g_lr_after": 0.002125, "fires": 3440, "prior_lr_before": 0.0085, "prior_lr_after": 0.00425}
{"event": "g_lr_apply", "armed": true, "update_index": 4641, "g_lr_before": 0.00425, "g_lr_after": 0.002125, "fires": 3441, "prior_lr_before": 0.0085, "prior_lr_after": 0.00425}
{"event": "g_lr_apply", "armed": true, "update_index": 4642, "g_lr_before": 0.00425, "g_lr_after": 0.002125, "fires": 3442, "prior_lr_before": 0.0085, "prior_lr_after": 0.00425}
{"event": "g_lr_apply", "armed": true, "update_index": 4643, "g_lr_before": 0.00425, "g_lr_after": 0.002125, "fires": 3443, "prior_lr_before": 0.0085, "prior_lr_after": 0.00425}
{"event": "g_lr_apply", "armed": true, "update_index": 4644, "g_lr_before": 0.00425, "g_lr_after": 0.002125, "fires": 3444, "prior_lr_before": 0.0085, "prior_lr_after": 0.00425}
{"event": "g_lr_apply", "armed": true, "update_index": 4645, "g_lr_before": 0.00425, "g_lr_after": 0.002125, "fires": 3445, "prior_lr_before": 0.0085, "prior_lr_after": 0.00425}
{"event": "g_lr_apply", "armed": true, "update_index": 4646, "g_lr_before": 0.00425, "g_lr_after": 0.002125, "fires": 3446, "prior_lr_before": 0.0085, "prior_lr_after": 0.00425}
{"event": "g_lr_apply", "armed": true, "update_index": 4647, "g_lr_before": 0.00425, "g_lr_after": 0.002125, "fires": 3447, "prior_lr_before": 0.0085, "prior_lr_after": 0.00425}
{"event": "g_lr_apply", "armed": true, "update_index": 4648, "g_lr_before": 0.00425, "g_lr_after": 0.002125, "fires": 3448, "prior_lr_before": 0.0085, "prior_lr_after": 0.00425}
{"event": "g_lr_apply", "armed": true, "update_index": 4649, "g_lr_before": 0.00425, "g_lr_after": 0.002125, "fires": 3449, "prior_lr_before": 0.0085, "prior_lr_after": 0.00425}
{"event": "g_lr_apply", "armed": true, "update_index": 4650, "g_lr_before": 0.00425, "g_lr_after": 0.002125, "fires": 3450, "prior_lr_before": 0.0085, "prior_lr_after": 0.00425}
{"event": "g_lr_apply", "armed": true, "update_index": 4651, "g_lr_before": 0.00425, "g_lr_after": 0.002125, "fires": 3451, "prior_lr_before": 0.0085, "prior_lr_after": 0.00425}
{"event": "g_lr_apply", "armed": true, "update_index": 4652, "g_lr_before": 0.00425, "g_lr_after": 0.002125, "fires": 3452, "prior_lr_before": 0.0085, "prior_lr_after": 0.00425}
{"event": "g_lr_apply", "armed": true, "update_index": 4653, "g_lr_before": 0.00425, "g_lr_after": 0.002125, "fires": 3453, "prior_lr_before": 0.0085, "prior_lr_after": 0.00425}
{"event": "g_lr_apply", "armed": true, "update_index": 4654, "g_lr_before": 0.00425, "g_lr_after": 0.002125, "fires": 3454, "prior_lr_before": 0.0085, "prior_lr_after": 0.00425}
{"event": "g_lr_apply", "armed": true, "update_index": 4655, "g_lr_before": 0.00425, "g_lr_after": 0.002125, "fires": 3455, "prior_lr_before": 0.0085, "prior_lr_after": 0.00425}
{"event": "g_lr_apply", "armed": true, "update_index": 4656, "g_lr_before": 0.00425, "g_lr_after": 0.002125, "fires": 3456, "prior_lr_before": 0.0085, "prior_lr_after": 0.00425}
{"event": "g_lr_apply", "armed": true, "update_index": 4657, "g_lr_before": 0.00425, "g_lr_after": 0.002125, "fires": 3457, "prior_lr_before": 0.0085, "prior_lr_after": 0.00425}
{"event": "g_lr_apply", "armed": true, "update_index": 4658, "g_lr_before": 0.00425, "g_lr_after": 0.002125, "fires": 3458, "prior_lr_before": 0.0085, "prior_lr_after": 0.00425}
{"event": "g_lr_apply", "armed": true, "update_index": 4659, "g_lr_before": 0.00425, "g_lr_after": 0.002125, "fires": 3459, "prior_lr_before": 0.0085, "prior_lr_after": 0.00425}
{"event": "g_lr_apply", "armed": true, "update_index": 4660, "g_lr_before": 0.00425, "g_lr_after": 0.002125, "fires": 3460, "prior_lr_before": 0.0085, "prior_lr_after": 0.00425}
{"event": "g_lr_apply", "armed": true, "update_index": 4661, "g_lr_before": 0.00425, "g_lr_after": 0.002125, "fires": 3461, "prior_lr_before": 0.0085, "prior_lr_after": 0.00425}
{"event": "g_lr_apply", "armed": true, "update_index": 4662, "g_lr_before": 0.00425, "g_lr_after": 0.002125, "fires": 3462, "prior_lr_before": 0.0085, "prior_lr_after": 0.00425}
{"event": "g_lr_apply", "armed": true, "update_index": 4663, "g_lr_before": 0.00425, "g_lr_after": 0.002125, "fires": 3463, "prior_lr_before": 0.0085, "prior_lr_after": 0.00425}
{"event": "g_lr_apply", "armed": true, "update_index": 4664, "g_lr_before": 0.00425, "g_lr_after": 0.002125, "fires": 3464, "prior_lr_before": 0.0085, "prior_lr_after": 0.00425}
{"event": "g_lr_apply", "armed": true, "update_index": 4665, "g_lr_before": 0.00425, "g_lr_after": 0.002125, "fires": 3465, "prior_lr_before": 0.0085, "prior_lr_after": 0.00425}
{"event": "g_lr_apply", "armed": true, "update_index": 4666, "g_lr_before": 0.00425, "g_lr_after": 0.002125, "fires": 3466, "prior_lr_before": 0.0085, "prior_lr_after": 0.00425}
{"event": "g_lr_apply", "armed": true, "update_index": 4667, "g_lr_before": 0.00425, "g_lr_after": 0.002125, "fires": 3467, "prior_lr_before": 0.0085, "prior_lr_after": 0.00425}
{"event": "g_lr_apply", "armed": true, "update_index": 4668, "g_lr_before": 0.00425, "g_lr_after": 0.002125, "fires": 3468, "prior_lr_before": 0.0085, "prior_lr_after": 0.00425}
{"event": "g_lr_apply", "armed": true, "update_index": 4669, "g_lr_before": 0.00425, "g_lr_after": 0.002125, "fires": 3469, "prior_lr_before": 0.0085, "prior_lr_after": 0.00425}
{"event": "g_lr_apply", "armed": true, "update_index": 4670, "g_lr_before": 0.00425, "g_lr_after": 0.002125, "fires": 3470, "prior_lr_before": 0.0085, "prior_lr_after": 0.00425}
{"event": "g_lr_apply", "armed": true, "update_index": 4671, "g_lr_before": 0.00425, "g_lr_after": 0.002125, "fires": 3471, "prior_lr_before": 0.0085, "prior_lr_after": 0.00425}
{"event": "g_lr_apply", "armed": true, "update_index": 4672, "g_lr_before": 0.00425, "g_lr_after": 0.002125, "fires": 3472, "prior_lr_before": 0.0085, "prior_lr_after": 0.00425}
{"event": "g_lr_apply", "armed": true, "update_index": 4673, "g_lr_before": 0.00425, "g_lr_after": 0.002125, "fires": 3473, "prior_lr_before": 0.0085, "prior_lr_after": 0.00425}
{"event": "g_lr_apply", "armed": true, "update_index": 4674, "g_lr_before": 0.00425, "g_lr_after": 0.002125, "fires": 3474, "prior_lr_before": 0.0085, "prior_lr_after": 0.00425}
{"event": "g_lr_apply", "armed": true, "update_index": 4675, "g_lr_before": 0.00425, "g_lr_after": 0.002125, "fires": 3475, "prior_lr_before": 0.0085, "prior_lr_after": 0.00425}
{"event": "g_lr_apply", "armed": true, "update_index": 4676, "g_lr_before": 0.00425, "g_lr_after": 0.002125, "fires": 3476, "prior_lr_before": 0.0085, "prior_lr_after": 0.00425}
{"event": "g_lr_apply", "armed": true, "update_index": 4677, "g_lr_before": 0.00425, "g_lr_after": 0.002125, "fires": 3477, "prior_lr_before": 0.0085, "prior_lr_after": 0.00425}
{"event": "g_lr_apply", "armed": true, "update_index": 4678, "g_lr_before": 0.00425, "g_lr_after": 0.002125, "fires": 3478, "prior_lr_before": 0.0085, "prior_lr_after": 0.00425}
{"event": "g_lr_apply", "armed": true, "update_index": 4679, "g_lr_before": 0.00425, "g_lr_after": 0.002125, "fires": 3479, "prior_lr_before": 0.0085, "prior_lr_after": 0.00425}
{"event": "g_lr_apply", "armed": true, "update_index": 4680, "g_lr_before": 0.00425, "g_lr_after": 0.002125, "fires": 3480, "prior_lr_before": 0.0085, "prior_lr_after": 0.00425}
{"event": "g_lr_apply", "armed": true, "update_index": 4681, "g_lr_before": 0.00425, "g_lr_after": 0.002125, "fires": 3481, "prior_lr_before": 0.0085, "prior_lr_after": 0.00425}
{"event": "g_lr_apply", "armed": true, "update_index": 4682, "g_lr_before": 0.00425, "g_lr_after": 0.002125, "fires": 3482, "prior_lr_before": 0.0085, "prior_lr_after": 0.00425}
{"event": "g_lr_apply", "armed": true, "update_index": 4683, "g_lr_before": 0.00425, "g_lr_after": 0.002125, "fires": 3483, "prior_lr_before": 0.0085, "prior_lr_after": 0.00425}
{"event": "g_lr_apply", "armed": true, "update_index": 4684, "g_lr_before": 0.00425, "g_lr_after": 0.002125, "fires": 3484, "prior_lr_before": 0.0085, "prior_lr_after": 0.00425}
{"event": "g_lr_apply", "armed": true, "update_index": 4685, "g_lr_before": 0.00425, "g_lr_after": 0.002125, "fires": 3485, "prior_lr_before": 0.0085, "prior_lr_after": 0.00425}
{"event": "g_lr_apply", "armed": true, "update_index": 4686, "g_lr_before": 0.00425, "g_lr_after": 0.002125, "fires": 3486, "prior_lr_before": 0.0085, "prior_lr_after": 0.00425}
{"event": "g_lr_apply", "armed": true, "update_index": 4687, "g_lr_before": 0.00425, "g_lr_after": 0.002125, "fires": 3487, "prior_lr_before": 0.0085, "prior_lr_after": 0.00425}
{"event": "g_lr_apply", "armed": true, "update_index": 4688, "g_lr_before": 0.00425, "g_lr_after": 0.002125, "fires": 3488, "prior_lr_before": 0.0085, "prior_lr_after": 0.00425}
{"event": "g_lr_apply", "armed": true, "update_index": 4689, "g_lr_before": 0.00425, "g_lr_after": 0.002125, "fires": 3489, "prior_lr_before": 0.0085, "prior_lr_after": 0.00425}
{"event": "g_lr_apply", "armed": true, "update_index": 4690, "g_lr_before": 0.00425, "g_lr_after": 0.002125, "fires": 3490, "prior_lr_before": 0.0085, "prior_lr_after": 0.00425}
{"event": "g_lr_apply", "armed": true, "update_index": 4691, "g_lr_before": 0.00425, "g_lr_after": 0.002125, "fires": 3491, "prior_lr_before": 0.0085, "prior_lr_after": 0.00425}
{"event": "g_lr_apply", "armed": true, "update_index": 4692, "g_lr_before": 0.00425, "g_lr_after": 0.002125, "fires": 3492, "prior_lr_before": 0.0085, "prior_lr_after": 0.00425}
{"event": "g_lr_apply", "armed": true, "update_index": 4693, "g_lr_before": 0.00425, "g_lr_after": 0.002125, "fires": 3493, "prior_lr_before": 0.0085, "prior_lr_after": 0.00425}
{"event": "g_lr_apply", "armed": true, "update_index": 4694, "g_lr_before": 0.00425, "g_lr_after": 0.002125, "fires": 3494, "prior_lr_before": 0.0085, "prior_lr_after": 0.00425}
{"event": "g_lr_apply", "armed": true, "update_index": 4695, "g_lr_before": 0.00425, "g_lr_after": 0.002125, "fires": 3495, "prior_lr_before": 0.0085, "prior_lr_after": 0.00425}
{"event": "g_lr_apply", "armed": true, "update_index": 4696, "g_lr_before": 0.00425, "g_lr_after": 0.002125, "fires": 3496, "prior_lr_before": 0.0085, "prior_lr_after": 0.00425}
{"event": "g_lr_apply", "armed": true, "update_index": 4697, "g_lr_before": 0.00425, "g_lr_after": 0.002125, "fires": 3497, "prior_lr_before": 0.0085, "prior_lr_after": 0.00425}
{"event": "g_lr_apply", "armed": true, "update_index": 4698, "g_lr_before": 0.00425, "g_lr_after": 0.002125, "fires": 3498, "prior_lr_before": 0.0085, "prior_lr_after": 0.00425}
{"event": "g_lr_apply", "armed": true, "update_index": 4699, "g_lr_before": 0.00425, "g_lr_after": 0.002125, "fires": 3499, "prior_lr_before": 0.0085, "prior_lr_after": 0.00425}
{"event": "g_lr_apply", "armed": true, "update_index": 4700, "g_lr_before": 0.00425, "g_lr_after": 0.002125, "fires": 3500, "prior_lr_before": 0.0085, "prior_lr_after": 0.00425}
{"event": "g_lr_apply", "armed": true, "update_index": 4701, "g_lr_before": 0.00425, "g_lr_after": 0.002125, "fires": 3501, "prior_lr_before": 0.0085, "prior_lr_after": 0.00425}
{"event": "g_lr_apply", "armed": true, "update_index": 4702, "g_lr_before": 0.00425, "g_lr_after": 0.002125, "fires": 3502, "prior_lr_before": 0.0085, "prior_lr_after": 0.00425}
{"event": "g_lr_apply", "armed": true, "update_index": 4703, "g_lr_before": 0.00425, "g_lr_after": 0.002125, "fires": 3503, "prior_lr_before": 0.0085, "prior_lr_after": 0.00425}
{"event": "g_lr_apply", "armed": true, "update_index": 4704, "g_lr_before": 0.00425, "g_lr_after": 0.002125, "fires": 3504, "prior_lr_before": 0.0085, "prior_lr_after": 0.00425}
{"event": "g_lr_apply", "armed": true, "update_index": 4705, "g_lr_before": 0.00425, "g_lr_after": 0.002125, "fires": 3505, "prior_lr_before": 0.0085, "prior_lr_after": 0.00425}
{"event": "g_lr_apply", "armed": true, "update_index": 4706, "g_lr_before": 0.00425, "g_lr_after": 0.002125, "fires": 3506, "prior_lr_before": 0.0085, "prior_lr_after": 0.00425}
{"event": "g_lr_apply", "armed": true, "update_index": 4707, "g_lr_before": 0.00425, "g_lr_after": 0.002125, "fires": 3507, "prior_lr_before": 0.0085, "prior_lr_after": 0.00425}
{"event": "g_lr_apply", "armed": true, "update_index": 4708, "g_lr_before": 0.00425, "g_lr_after": 0.002125, "fires": 3508, "prior_lr_before": 0.0085, "prior_lr_after": 0.00425}
{"event": "g_lr_apply", "armed": true, "update_index": 4709, "g_lr_before": 0.00425, "g_lr_after": 0.002125, "fires": 3509, "prior_lr_before": 0.0085, "prior_lr_after": 0.00425}
{"event": "g_lr_apply", "armed": true, "update_index": 4710, "g_lr_before": 0.00425, "g_lr_after": 0.002125, "fires": 3510, "prior_lr_before": 0.0085, "prior_lr_after": 0.00425}
{"event": "g_lr_apply", "armed": true, "update_index": 4711, "g_lr_before": 0.00425, "g_lr_after": 0.002125, "fires": 3511, "prior_lr_before": 0.0085, "prior_lr_after": 0.00425}
{"event": "g_lr_apply", "armed": true, "update_index": 4712, "g_lr_before": 0.00425, "g_lr_after": 0.002125, "fires": 3512, "prior_lr_before": 0.0085, "prior_lr_after": 0.00425}
{"event": "g_lr_apply", "armed": true, "update_index": 4713, "g_lr_before": 0.00425, "g_lr_after": 0.002125, "fires": 3513, "prior_lr_before": 0.0085, "prior_lr_after": 0.00425}
{"event": "g_lr_apply", "armed": true, "update_index": 4714, "g_lr_before": 0.00425, "g_lr_after": 0.002125, "fires": 3514, "prior_lr_before": 0.0085, "prior_lr_after": 0.00425}
{"event": "g_lr_apply", "armed": true, "update_index": 4715, "g_lr_before": 0.00425, "g_lr_after": 0.002125, "fires": 3515, "prior_lr_before": 0.0085, "prior_lr_after": 0.00425}
{"event": "g_lr_apply", "armed": true, "update_index": 4716, "g_lr_before": 0.00425, "g_lr_after": 0.002125, "fires": 3516, "prior_lr_before": 0.0085, "prior_lr_after": 0.00425}
{"event": "g_lr_apply", "armed": true, "update_index": 4717, "g_lr_before": 0.00425, "g_lr_after": 0.002125, "fires": 3517, "prior_lr_before": 0.0085, "prior_lr_after": 0.00425}
{"event": "g_lr_apply", "armed": true, "update_index": 4718, "g_lr_before": 0.00425, "g_lr_after": 0.002125, "fires": 3518, "prior_lr_before": 0.0085, "prior_lr_after": 0.00425}
{"event": "g_lr_apply", "armed": true, "update_index": 4719, "g_lr_before": 0.00425, "g_lr_after": 0.002125, "fires": 3519, "prior_lr_before": 0.0085, "prior_lr_after": 0.00425}
{"event": "g_lr_apply", "armed": true, "update_index": 4720, "g_lr_before": 0.00425, "g_lr_after": 0.002125, "fires": 3520, "prior_lr_before": 0.0085, "prior_lr_after": 0.00425}
{"event": "g_lr_apply", "armed": true, "update_index": 4721, "g_lr_before": 0.00425, "g_lr_after": 0.002125, "fires": 3521, "prior_lr_before": 0.0085, "prior_lr_after": 0.00425}
{"event": "g_lr_apply", "armed": true, "update_index": 4722, "g_lr_before": 0.00425, "g_lr_after": 0.002125, "fires": 3522, "prior_lr_before": 0.0085, "prior_lr_after": 0.00425}
{"event": "g_lr_apply", "armed": true, "update_index": 4723, "g_lr_before": 0.00425, "g_lr_after": 0.002125, "fires": 3523, "prior_lr_before": 0.0085, "prior_lr_after": 0.00425}
{"event": "g_lr_apply", "armed": true, "update_index": 4724, "g_lr_before": 0.00425, "g_lr_after": 0.002125, "fires": 3524, "prior_lr_before": 0.0085, "prior_lr_after": 0.00425}
{"event": "g_lr_apply", "armed": true, "update_index": 4725, "g_lr_before": 0.00425, "g_lr_after": 0.002125, "fires": 3525, "prior_lr_before": 0.0085, "prior_lr_after": 0.00425}
{"event": "g_lr_apply", "armed": true, "update_index": 4726, "g_lr_before": 0.00425, "g_lr_after": 0.002125, "fires": 3526, "prior_lr_before": 0.0085, "prior_lr_after": 0.00425}
{"event": "g_lr_apply", "armed": true, "update_index": 4727, "g_lr_before": 0.00425, "g_lr_after": 0.002125, "fires": 3527, "prior_lr_before": 0.0085, "prior_lr_after": 0.00425}
{"event": "g_lr_apply", "armed": true, "update_index": 4728, "g_lr_before": 0.00425, "g_lr_after": 0.002125, "fires": 3528, "prior_lr_before": 0.0085, "prior_lr_after": 0.00425}
{"event": "g_lr_apply", "armed": true, "update_index": 4729, "g_lr_before": 0.00425, "g_lr_after": 0.002125, "fires": 3529, "prior_lr_before": 0.0085, "prior_lr_after": 0.00425}
{"event": "g_lr_apply", "armed": true, "update_index": 4730, "g_lr_before": 0.00425, "g_lr_after": 0.002125, "fires": 3530, "prior_lr_before": 0.0085, "prior_lr_after": 0.00425}
{"event": "g_lr_apply", "armed": true, "update_index": 4731, "g_lr_before": 0.00425, "g_lr_after": 0.002125, "fires": 3531, "prior_lr_before": 0.0085, "prior_lr_after": 0.00425}
{"event": "g_lr_apply", "armed": true, "update_index": 4732, "g_lr_before": 0.00425, "g_lr_after": 0.002125, "fires": 3532, "prior_lr_before": 0.0085, "prior_lr_after": 0.00425}
{"event": "g_lr_apply", "armed": true, "update_index": 4733, "g_lr_before": 0.00425, "g_lr_after": 0.002125, "fires": 3533, "prior_lr_before": 0.0085, "prior_lr_after": 0.00425}
{"event": "g_lr_apply", "armed": true, "update_index": 4734, "g_lr_before": 0.00425, "g_lr_after": 0.002125, "fires": 3534, "prior_lr_before": 0.0085, "prior_lr_after": 0.00425}
{"event": "g_lr_apply", "armed": true, "update_index": 4735, "g_lr_before": 0.00425, "g_lr_after": 0.002125, "fires": 3535, "prior_lr_before": 0.0085, "prior_lr_after": 0.00425}
{"event": "g_lr_apply", "armed": true, "update_index": 4736, "g_lr_before": 0.00425, "g_lr_after": 0.002125, "fires": 3536, "prior_lr_before": 0.0085, "prior_lr_after": 0.00425}
{"event": "g_lr_apply", "armed": true, "update_index": 4737, "g_lr_before": 0.00425, "g_lr_after": 0.002125, "fires": 3537, "prior_lr_before": 0.0085, "prior_lr_after": 0.00425}
{"event": "g_lr_apply", "armed": true, "update_index": 4738, "g_lr_before": 0.00425, "g_lr_after": 0.002125, "fires": 3538, "prior_lr_before": 0.0085, "prior_lr_after": 0.00425}
{"event": "g_lr_apply", "armed": true, "update_index": 4739, "g_lr_before": 0.00425, "g_lr_after": 0.002125, "fires": 3539, "prior_lr_before": 0.0085, "prior_lr_after": 0.00425}
{"event": "g_lr_apply", "armed": true, "update_index": 4740, "g_lr_before": 0.00425, "g_lr_after": 0.002125, "fires": 3540, "prior_lr_before": 0.0085, "prior_lr_after": 0.00425}
{"event": "g_lr_apply", "armed": true, "update_index": 4741, "g_lr_before": 0.00425, "g_lr_after": 0.002125, "fires": 3541, "prior_lr_before": 0.0085, "prior_lr_after": 0.00425}
{"event": "g_lr_apply", "armed": true, "update_index": 4742, "g_lr_before": 0.00425, "g_lr_after": 0.002125, "fires": 3542, "prior_lr_before": 0.0085, "prior_lr_after": 0.00425}
{"event": "g_lr_apply", "armed": true, "update_index": 4743, "g_lr_before": 0.00425, "g_lr_after": 0.002125, "fires": 3543, "prior_lr_before": 0.0085, "prior_lr_after": 0.00425}
{"event": "g_lr_apply", "armed": true, "update_index": 4744, "g_lr_before": 0.00425, "g_lr_after": 0.002125, "fires": 3544, "prior_lr_before": 0.0085, "prior_lr_after": 0.00425}
{"event": "g_lr_apply", "armed": true, "update_index": 4745, "g_lr_before": 0.00425, "g_lr_after": 0.002125, "fires": 3545, "prior_lr_before": 0.0085, "prior_lr_after": 0.00425}
{"event": "g_lr_apply", "armed": true, "update_index": 4746, "g_lr_before": 0.00425, "g_lr_after": 0.002125, "fires": 3546, "prior_lr_before": 0.0085, "prior_lr_after": 0.00425}
{"event": "g_lr_apply", "armed": true, "update_index": 4747, "g_lr_before": 0.00425, "g_lr_after": 0.002125, "fires": 3547, "prior_lr_before": 0.0085, "prior_lr_after": 0.00425}
{"event": "g_lr_apply", "armed": true, "update_index": 4748, "g_lr_before": 0.00425, "g_lr_after": 0.002125, "fires": 3548, "prior_lr_before": 0.0085, "prior_lr_after": 0.00425}
{"event": "g_lr_apply", "armed": true, "update_index": 4749, "g_lr_before": 0.00425, "g_lr_after": 0.002125, "fires": 3549, "prior_lr_before": 0.0085, "prior_lr_after": 0.00425}
{"event": "g_lr_apply", "armed": true, "update_index": 4750, "g_lr_before": 0.00425, "g_lr_after": 0.002125, "fires": 3550, "prior_lr_before": 0.0085, "prior_lr_after": 0.00425}
{"event": "g_lr_apply", "armed": true, "update_index": 4751, "g_lr_before": 0.00425, "g_lr_after": 0.002125, "fires": 3551, "prior_lr_before": 0.0085, "prior_lr_after": 0.00425}
{"event": "g_lr_apply", "armed": true, "update_index": 4752, "g_lr_before": 0.00425, "g_lr_after": 0.002125, "fires": 3552, "prior_lr_before": 0.0085, "prior_lr_after": 0.00425}
{"event": "g_lr_apply", "armed": true, "update_index": 4753, "g_lr_before": 0.00425, "g_lr_after": 0.002125, "fires": 3553, "prior_lr_before": 0.0085, "prior_lr_after": 0.00425}
{"event": "g_lr_apply", "armed": true, "update_index": 4754, "g_lr_before": 0.00425, "g_lr_after": 0.002125, "fires": 3554, "prior_lr_before": 0.0085, "prior_lr_after": 0.00425}
{"event": "g_lr_apply", "armed": true, "update_index": 4755, "g_lr_before": 0.00425, "g_lr_after": 0.002125, "fires": 3555, "prior_lr_before": 0.0085, "prior_lr_after": 0.00425}
{"event": "g_lr_apply", "armed": true, "update_index": 4756, "g_lr_before": 0.00425, "g_lr_after": 0.002125, "fires": 3556, "prior_lr_before": 0.0085, "prior_lr_after": 0.00425}
{"event": "g_lr_apply", "armed": true, "update_index": 4757, "g_lr_before": 0.00425, "g_lr_after": 0.002125, "fires": 3557, "prior_lr_before": 0.0085, "prior_lr_after": 0.00425}
{"event": "g_lr_apply", "armed": true, "update_index": 4758, "g_lr_before": 0.00425, "g_lr_after": 0.002125, "fires": 3558, "prior_lr_before": 0.0085, "prior_lr_after": 0.00425}
{"event": "g_lr_apply", "armed": true, "update_index": 4759, "g_lr_before": 0.00425, "g_lr_after": 0.002125, "fires": 3559, "prior_lr_before": 0.0085, "prior_lr_after": 0.00425}
{"event": "g_lr_apply", "armed": true, "update_index": 4760, "g_lr_before": 0.00425, "g_lr_after": 0.002125, "fires": 3560, "prior_lr_before": 0.0085, "prior_lr_after": 0.00425}
{"event": "g_lr_apply", "armed": true, "update_index": 4761, "g_lr_before": 0.00425, "g_lr_after": 0.002125, "fires": 3561, "prior_lr_before": 0.0085, "prior_lr_after": 0.00425}
{"event": "g_lr_apply", "armed": true, "update_index": 4762, "g_lr_before": 0.00425, "g_lr_after": 0.002125, "fires": 3562, "prior_lr_before": 0.0085, "prior_lr_after": 0.00425}
{"event": "g_lr_apply", "armed": true, "update_index": 4763, "g_lr_before": 0.00425, "g_lr_after": 0.002125, "fires": 3563, "prior_lr_before": 0.0085, "prior_lr_after": 0.00425}
{"event": "g_lr_apply", "armed": true, "update_index": 4764, "g_lr_before": 0.00425, "g_lr_after": 0.002125, "fires": 3564, "prior_lr_before": 0.0085, "prior_lr_after": 0.00425}
{"event": "g_lr_apply", "armed": true, "update_index": 4765, "g_lr_before": 0.00425, "g_lr_after": 0.002125, "fires": 3565, "prior_lr_before": 0.0085, "prior_lr_after": 0.00425}
{"event": "g_lr_apply", "armed": true, "update_index": 4766, "g_lr_before": 0.00425, "g_lr_after": 0.002125, "fires": 3566, "prior_lr_before": 0.0085, "prior_lr_after": 0.00425}
{"event": "g_lr_apply", "armed": true, "update_index": 4767, "g_lr_before": 0.00425, "g_lr_after": 0.002125, "fires": 3567, "prior_lr_before": 0.0085, "prior_lr_after": 0.00425}
{"event": "g_lr_apply", "armed": true, "update_index": 4768, "g_lr_before": 0.00425, "g_lr_after": 0.002125, "fires": 3568, "prior_lr_before": 0.0085, "prior_lr_after": 0.00425}
{"event": "g_lr_apply", "armed": true, "update_index": 4769, "g_lr_before": 0.00425, "g_lr_after": 0.002125, "fires": 3569, "prior_lr_before": 0.0085, "prior_lr_after": 0.00425}
{"event": "g_lr_apply", "armed": true, "update_index": 4770, "g_lr_before": 0.00425, "g_lr_after": 0.002125, "fires": 3570, "prior_lr_before": 0.0085, "prior_lr_after": 0.00425}
{"event": "g_lr_apply", "armed": true, "update_index": 4771, "g_lr_before": 0.00425, "g_lr_after": 0.002125, "fires": 3571, "prior_lr_before": 0.0085, "prior_lr_after": 0.00425}
{"event": "g_lr_apply", "armed": true, "update_index": 4772, "g_lr_before": 0.00425, "g_lr_after": 0.002125, "fires": 3572, "prior_lr_before": 0.0085, "prior_lr_after": 0.00425}
{"event": "g_lr_apply", "armed": true, "update_index": 4773, "g_lr_before": 0.00425, "g_lr_after": 0.002125, "fires": 3573, "prior_lr_before": 0.0085, "prior_lr_after": 0.00425}
{"event": "g_lr_apply", "armed": true, "update_index": 4774, "g_lr_before": 0.00425, "g_lr_after": 0.002125, "fires": 3574, "prior_lr_before": 0.0085, "prior_lr_after": 0.00425}
{"event": "g_lr_apply", "armed": true, "update_index": 4775, "g_lr_before": 0.00425, "g_lr_after": 0.002125, "fires": 3575, "prior_lr_before": 0.0085, "prior_lr_after": 0.00425}
{"event": "g_lr_apply", "armed": true, "update_index": 4776, "g_lr_before": 0.00425, "g_lr_after": 0.002125, "fires": 3576, "prior_lr_before": 0.0085, "prior_lr_after": 0.00425}
{"event": "g_lr_apply", "armed": true, "update_index": 4777, "g_lr_before": 0.00425, "g_lr_after": 0.002125, "fires": 3577, "prior_lr_before": 0.0085, "prior_lr_after": 0.00425}
{"event": "g_lr_apply", "armed": true, "update_index": 4778, "g_lr_before": 0.00425, "g_lr_after": 0.002125, "fires": 3578, "prior_lr_before": 0.0085, "prior_lr_after": 0.00425}
{"event": "g_lr_apply", "armed": true, "update_index": 4779, "g_lr_before": 0.00425, "g_lr_after": 0.002125, "fires": 3579, "prior_lr_before": 0.0085, "prior_lr_after": 0.00425}
{"event": "g_lr_apply", "armed": true, "update_index": 4780, "g_lr_before": 0.00425, "g_lr_after": 0.002125, "fires": 3580, "prior_lr_before": 0.0085, "prior_lr_after": 0.00425}
{"event": "g_lr_apply", "armed": true, "update_index": 4781, "g_lr_before": 0.00425, "g_lr_after": 0.002125, "fires": 3581, "prior_lr_before": 0.0085, "prior_lr_after": 0.00425}
{"event": "g_lr_apply", "armed": true, "update_index": 4782, "g_lr_before": 0.00425, "g_lr_after": 0.002125, "fires": 3582, "prior_lr_before": 0.0085, "prior_lr_after": 0.00425}
{"event": "g_lr_apply", "armed": true, "update_index": 4783, "g_lr_before": 0.00425, "g_lr_after": 0.002125, "fires": 3583, "prior_lr_before": 0.0085, "prior_lr_after": 0.00425}
{"event": "g_lr_apply", "armed": true, "update_index": 4784, "g_lr_before": 0.00425, "g_lr_after": 0.002125, "fires": 3584, "prior_lr_before": 0.0085, "prior_lr_after": 0.00425}
{"event": "g_lr_apply", "armed": true, "update_index": 4785, "g_lr_before": 0.00425, "g_lr_after": 0.002125, "fires": 3585, "prior_lr_before": 0.0085, "prior_lr_after": 0.00425}
{"event": "g_lr_apply", "armed": true, "update_index": 4786, "g_lr_before": 0.00425, "g_lr_after": 0.002125, "fires": 3586, "prior_lr_before": 0.0085, "prior_lr_after": 0.00425}
{"event": "g_lr_apply", "armed": true, "update_index": 4787, "g_lr_before": 0.00425, "g_lr_after": 0.002125, "fires": 3587, "prior_lr_before": 0.0085, "prior_lr_after": 0.00425}
{"event": "g_lr_apply", "armed": true, "update_index": 4788, "g_lr_before": 0.00425, "g_lr_after": 0.002125, "fires": 3588, "prior_lr_before": 0.0085, "prior_lr_after": 0.00425}
{"event": "g_lr_apply", "armed": true, "update_index": 4789, "g_lr_before": 0.00425, "g_lr_after": 0.002125, "fires": 3589, "prior_lr_before": 0.0085, "prior_lr_after": 0.00425}
{"event": "g_lr_apply", "armed": true, "update_index": 4790, "g_lr_before": 0.00425, "g_lr_after": 0.002125, "fires": 3590, "prior_lr_before": 0.0085, "prior_lr_after": 0.00425}
{"event": "g_lr_apply", "armed": true, "update_index": 4791, "g_lr_before": 0.00425, "g_lr_after": 0.002125, "fires": 3591, "prior_lr_before": 0.0085, "prior_lr_after": 0.00425}
{"event": "g_lr_apply", "armed": true, "update_index": 4792, "g_lr_before": 0.00425, "g_lr_after": 0.002125, "fires": 3592, "prior_lr_before": 0.0085, "prior_lr_after": 0.00425}
{"event": "g_lr_apply", "armed": true, "update_index": 4793, "g_lr_before": 0.00425, "g_lr_after": 0.002125, "fires": 3593, "prior_lr_before": 0.0085, "prior_lr_after": 0.00425}
{"event": "g_lr_apply", "armed": true, "update_index": 4794, "g_lr_before": 0.00425, "g_lr_after": 0.002125, "fires": 3594, "prior_lr_before": 0.0085, "prior_lr_after": 0.00425}
{"event": "g_lr_apply", "armed": true, "update_index": 4795, "g_lr_before": 0.00425, "g_lr_after": 0.002125, "fires": 3595, "prior_lr_before": 0.0085, "prior_lr_after": 0.00425}
{"event": "g_lr_apply", "armed": true, "update_index": 4796, "g_lr_before": 0.00425, "g_lr_after": 0.002125, "fires": 3596, "prior_lr_before": 0.0085, "prior_lr_after": 0.00425}
{"event": "g_lr_apply", "armed": true, "update_index": 4797, "g_lr_before": 0.00425, "g_lr_after": 0.002125, "fires": 3597, "prior_lr_before": 0.0085, "prior_lr_after": 0.00425}
{"event": "g_lr_apply", "armed": true, "update_index": 4798, "g_lr_before": 0.00425, "g_lr_after": 0.002125, "fires": 3598, "prior_lr_before": 0.0085, "prior_lr_after": 0.00425}
{"event": "g_lr_apply", "armed": true, "update_index": 4799, "g_lr_before": 0.00425, "g_lr_after": 0.002125, "fires": 3599, "prior_lr_before": 0.0085, "prior_lr_after": 0.00425}
{"event": "g_lr_apply", "armed": true, "update_index": 4800, "g_lr_before": 0.00425, "g_lr_after": 0.002125, "fires": 3600, "prior_lr_before": 0.0085, "prior_lr_after": 0.00425}
{"event": "g_lr_apply", "armed": true, "update_index": 4801, "g_lr_before": 0.00425, "g_lr_after": 0.002125, "fires": 3601, "prior_lr_before": 0.0085, "prior_lr_after": 0.00425}
{"event": "g_lr_apply", "armed": true, "update_index": 4802, "g_lr_before": 0.00425, "g_lr_after": 0.002125, "fires": 3602, "prior_lr_before": 0.0085, "prior_lr_after": 0.00425}
{"event": "g_lr_apply", "armed": true, "update_index": 4803, "g_lr_before": 0.00425, "g_lr_after": 0.002125, "fires": 3603, "prior_lr_before": 0.0085, "prior_lr_after": 0.00425}
{"event": "g_lr_apply", "armed": true, "update_index": 4804, "g_lr_before": 0.00425, "g_lr_after": 0.002125, "fires": 3604, "prior_lr_before": 0.0085, "prior_lr_after": 0.00425}
{"event": "g_lr_apply", "armed": true, "update_index": 4805, "g_lr_before": 0.00425, "g_lr_after": 0.002125, "fires": 3605, "prior_lr_before": 0.0085, "prior_lr_after": 0.00425}
{"event": "g_lr_apply", "armed": true, "update_index": 4806, "g_lr_before": 0.00425, "g_lr_after": 0.002125, "fires": 3606, "prior_lr_before": 0.0085, "prior_lr_after": 0.00425}
{"event": "g_lr_apply", "armed": true, "update_index": 4807, "g_lr_before": 0.00425, "g_lr_after": 0.002125, "fires": 3607, "prior_lr_before": 0.0085, "prior_lr_after": 0.00425}
{"event": "g_lr_apply", "armed": true, "update_index": 4808, "g_lr_before": 0.00425, "g_lr_after": 0.002125, "fires": 3608, "prior_lr_before": 0.0085, "prior_lr_after": 0.00425}
{"event": "g_lr_apply", "armed": true, "update_index": 4809, "g_lr_before": 0.00425, "g_lr_after": 0.002125, "fires": 3609, "prior_lr_before": 0.0085, "prior_lr_after": 0.00425}
{"event": "g_lr_apply", "armed": true, "update_index": 4810, "g_lr_before": 0.00425, "g_lr_after": 0.002125, "fires": 3610, "prior_lr_before": 0.0085, "prior_lr_after": 0.00425}
{"event": "g_lr_apply", "armed": true, "update_index": 4811, "g_lr_before": 0.00425, "g_lr_after": 0.002125, "fires": 3611, "prior_lr_before": 0.0085, "prior_lr_after": 0.00425}
{"event": "g_lr_apply", "armed": true, "update_index": 4812, "g_lr_before": 0.00425, "g_lr_after": 0.002125, "fires": 3612, "prior_lr_before": 0.0085, "prior_lr_after": 0.00425}
{"event": "g_lr_apply", "armed": true, "update_index": 4813, "g_lr_before": 0.00425, "g_lr_after": 0.002125, "fires": 3613, "prior_lr_before": 0.0085, "prior_lr_after": 0.00425}
{"event": "g_lr_apply", "armed": true, "update_index": 4814, "g_lr_before": 0.00425, "g_lr_after": 0.002125, "fires": 3614, "prior_lr_before": 0.0085, "prior_lr_after": 0.00425}
{"event": "g_lr_apply", "armed": true, "update_index": 4815, "g_lr_before": 0.00425, "g_lr_after": 0.002125, "fires": 3615, "prior_lr_before": 0.0085, "prior_lr_after": 0.00425}
{"event": "g_lr_apply", "armed": true, "update_index": 4816, "g_lr_before": 0.00425, "g_lr_after": 0.002125, "fires": 3616, "prior_lr_before": 0.0085, "prior_lr_after": 0.00425}
{"event": "g_lr_apply", "armed": true, "update_index": 4817, "g_lr_before": 0.00425, "g_lr_after": 0.002125, "fires": 3617, "prior_lr_before": 0.0085, "prior_lr_after": 0.00425}
{"event": "g_lr_apply", "armed": true, "update_index": 4818, "g_lr_before": 0.00425, "g_lr_after": 0.002125, "fires": 3618, "prior_lr_before": 0.0085, "prior_lr_after": 0.00425}
{"event": "g_lr_apply", "armed": true, "update_index": 4819, "g_lr_before": 0.00425, "g_lr_after": 0.002125, "fires": 3619, "prior_lr_before": 0.0085, "prior_lr_after": 0.00425}
{"event": "g_lr_apply", "armed": true, "update_index": 4820, "g_lr_before": 0.00425, "g_lr_after": 0.002125, "fires": 3620, "prior_lr_before": 0.0085, "prior_lr_after": 0.00425}
{"event": "g_lr_apply", "armed": true, "update_index": 4821, "g_lr_before": 0.00425, "g_lr_after": 0.002125, "fires": 3621, "prior_lr_before": 0.0085, "prior_lr_after": 0.00425}
{"event": "g_lr_apply", "armed": true, "update_index": 4822, "g_lr_before": 0.00425, "g_lr_after": 0.002125, "fires": 3622, "prior_lr_before": 0.0085, "prior_lr_after": 0.00425}
{"event": "g_lr_apply", "armed": true, "update_index": 4823, "g_lr_before": 0.00425, "g_lr_after": 0.002125, "fires": 3623, "prior_lr_before": 0.0085, "prior_lr_after": 0.00425}
{"event": "g_lr_apply", "armed": true, "update_index": 4824, "g_lr_before": 0.00425, "g_lr_after": 0.002125, "fires": 3624, "prior_lr_before": 0.0085, "prior_lr_after": 0.00425}
{"event": "g_lr_apply", "armed": true, "update_index": 4825, "g_lr_before": 0.00425, "g_lr_after": 0.002125, "fires": 3625, "prior_lr_before": 0.0085, "prior_lr_after": 0.00425}
{"event": "g_lr_apply", "armed": true, "update_index": 4826, "g_lr_before": 0.00425, "g_lr_after": 0.002125, "fires": 3626, "prior_lr_before": 0.0085, "prior_lr_after": 0.00425}
{"event": "g_lr_apply", "armed": true, "update_index": 4827, "g_lr_before": 0.00425, "g_lr_after": 0.002125, "fires": 3627, "prior_lr_before": 0.0085, "prior_lr_after": 0.00425}
{"event": "g_lr_apply", "armed": true, "update_index": 4828, "g_lr_before": 0.00425, "g_lr_after": 0.002125, "fires": 3628, "prior_lr_before": 0.0085, "prior_lr_after": 0.00425}
{"event": "g_lr_apply", "armed": true, "update_index": 4829, "g_lr_before": 0.00425, "g_lr_after": 0.002125, "fires": 3629, "prior_lr_before": 0.0085, "prior_lr_after": 0.00425}
{"event": "g_lr_apply", "armed": true, "update_index": 4830, "g_lr_before": 0.00425, "g_lr_after": 0.002125, "fires": 3630, "prior_lr_before": 0.0085, "prior_lr_after": 0.00425}
{"event": "g_lr_apply", "armed": true, "update_index": 4831, "g_lr_before": 0.00425, "g_lr_after": 0.002125, "fires": 3631, "prior_lr_before": 0.0085, "prior_lr_after": 0.00425}
{"event": "g_lr_apply", "armed": true, "update_index": 4832, "g_lr_before": 0.00425, "g_lr_after": 0.002125, "fires": 3632, "prior_lr_before": 0.0085, "prior_lr_after": 0.00425}
{"event": "g_lr_apply", "armed": true, "update_index": 4833, "g_lr_before": 0.00425, "g_lr_after": 0.002125, "fires": 3633, "prior_lr_before": 0.0085, "prior_lr_after": 0.00425}
{"event": "g_lr_apply", "armed": true, "update_index": 4834, "g_lr_before": 0.00425, "g_lr_after": 0.002125, "fires": 3634, "prior_lr_before": 0.0085, "prior_lr_after": 0.00425}
{"event": "g_lr_apply", "armed": true, "update_index": 4835, "g_lr_before": 0.00425, "g_lr_after": 0.002125, "fires": 3635, "prior_lr_before": 0.0085, "prior_lr_after": 0.00425}
{"event": "g_lr_apply", "armed": true, "update_index": 4836, "g_lr_before": 0.00425, "g_lr_after": 0.002125, "fires": 3636, "prior_lr_before": 0.0085, "prior_lr_after": 0.00425}
{"event": "g_lr_apply", "armed": true, "update_index": 4837, "g_lr_before": 0.00425, "g_lr_after": 0.002125, "fires": 3637, "prior_lr_before": 0.0085, "prior_lr_after": 0.00425}
{"event": "g_lr_apply", "armed": true, "update_index": 4838, "g_lr_before": 0.00425, "g_lr_after": 0.002125, "fires": 3638, "prior_lr_before": 0.0085, "prior_lr_after": 0.00425}
{"event": "g_lr_apply", "armed": true, "update_index": 4839, "g_lr_before": 0.00425, "g_lr_after": 0.002125, "fires": 3639, "prior_lr_before": 0.0085, "prior_lr_after": 0.00425}
{"event": "g_lr_apply", "armed": true, "update_index": 4840, "g_lr_before": 0.00425, "g_lr_after": 0.002125, "fires": 3640, "prior_lr_before": 0.0085, "prior_lr_after": 0.00425}
{"event": "g_lr_apply", "armed": true, "update_index": 4841, "g_lr_before": 0.00425, "g_lr_after": 0.002125, "fires": 3641, "prior_lr_before": 0.0085, "prior_lr_after": 0.00425}
{"event": "g_lr_apply", "armed": true, "update_index": 4842, "g_lr_before": 0.00425, "g_lr_after": 0.002125, "fires": 3642, "prior_lr_before": 0.0085, "prior_lr_after": 0.00425}
{"event": "g_lr_apply", "armed": true, "update_index": 4843, "g_lr_before": 0.00425, "g_lr_after": 0.002125, "fires": 3643, "prior_lr_before": 0.0085, "prior_lr_after": 0.00425}
{"event": "g_lr_apply", "armed": true, "update_index": 4844, "g_lr_before": 0.00425, "g_lr_after": 0.002125, "fires": 3644, "prior_lr_before": 0.0085, "prior_lr_after": 0.00425}
{"event": "g_lr_apply", "armed": true, "update_index": 4845, "g_lr_before": 0.00425, "g_lr_after": 0.002125, "fires": 3645, "prior_lr_before": 0.0085, "prior_lr_after": 0.00425}
{"event": "g_lr_apply", "armed": true, "update_index": 4846, "g_lr_before": 0.00425, "g_lr_after": 0.002125, "fires": 3646, "prior_lr_before": 0.0085, "prior_lr_after": 0.00425}
{"event": "g_lr_apply", "armed": true, "update_index": 4847, "g_lr_before": 0.00425, "g_lr_after": 0.002125, "fires": 3647, "prior_lr_before": 0.0085, "prior_lr_after": 0.00425}
{"event": "g_lr_apply", "armed": true, "update_index": 4848, "g_lr_before": 0.00425, "g_lr_after": 0.002125, "fires": 3648, "prior_lr_before": 0.0085, "prior_lr_after": 0.00425}
{"event": "g_lr_apply", "armed": true, "update_index": 4849, "g_lr_before": 0.00425, "g_lr_after": 0.002125, "fires": 3649, "prior_lr_before": 0.0085, "prior_lr_after": 0.00425}
{"event": "g_lr_apply", "armed": true, "update_index": 4850, "g_lr_before": 0.00425, "g_lr_after": 0.002125, "fires": 3650, "prior_lr_before": 0.0085, "prior_lr_after": 0.00425}
{"event": "g_lr_apply", "armed": true, "update_index": 4851, "g_lr_before": 0.00425, "g_lr_after": 0.002125, "fires": 3651, "prior_lr_before": 0.0085, "prior_lr_after": 0.00425}
{"event": "g_lr_apply", "armed": true, "update_index": 4852, "g_lr_before": 0.00425, "g_lr_after": 0.002125, "fires": 3652, "prior_lr_before": 0.0085, "prior_lr_after": 0.00425}
{"event": "g_lr_apply", "armed": true, "update_index": 4853, "g_lr_before": 0.00425, "g_lr_after": 0.002125, "fires": 3653, "prior_lr_before": 0.0085, "prior_lr_after": 0.00425}
{"event": "g_lr_apply", "armed": true, "update_index": 4854, "g_lr_before": 0.00425, "g_lr_after": 0.002125, "fires": 3654, "prior_lr_before": 0.0085, "prior_lr_after": 0.00425}
{"event": "g_lr_apply", "armed": true, "update_index": 4855, "g_lr_before": 0.00425, "g_lr_after": 0.002125, "fires": 3655, "prior_lr_before": 0.0085, "prior_lr_after": 0.00425}
{"event": "g_lr_apply", "armed": true, "update_index": 4856, "g_lr_before": 0.00425, "g_lr_after": 0.002125, "fires": 3656, "prior_lr_before": 0.0085, "prior_lr_after": 0.00425}
{"event": "g_lr_apply", "armed": true, "update_index": 4857, "g_lr_before": 0.00425, "g_lr_after": 0.002125, "fires": 3657, "prior_lr_before": 0.0085, "prior_lr_after": 0.00425}
{"event": "g_lr_apply", "armed": true, "update_index": 4858, "g_lr_before": 0.00425, "g_lr_after": 0.002125, "fires": 3658, "prior_lr_before": 0.0085, "prior_lr_after": 0.00425}
{"event": "g_lr_apply", "armed": true, "update_index": 4859, "g_lr_before": 0.00425, "g_lr_after": 0.002125, "fires": 3659, "prior_lr_before": 0.0085, "prior_lr_after": 0.00425}
{"event": "g_lr_apply", "armed": true, "update_index": 4860, "g_lr_before": 0.00425, "g_lr_after": 0.002125, "fires": 3660, "prior_lr_before": 0.0085, "prior_lr_after": 0.00425}
{"event": "g_lr_apply", "armed": true, "update_index": 4861, "g_lr_before": 0.00425, "g_lr_after": 0.002125, "fires": 3661, "prior_lr_before": 0.0085, "prior_lr_after": 0.00425}
{"event": "g_lr_apply", "armed": true, "update_index": 4862, "g_lr_before": 0.00425, "g_lr_after": 0.002125, "fires": 3662, "prior_lr_before": 0.0085, "prior_lr_after": 0.00425}
{"event": "g_lr_apply", "armed": true, "update_index": 4863, "g_lr_before": 0.00425, "g_lr_after": 0.002125, "fires": 3663, "prior_lr_before": 0.0085, "prior_lr_after": 0.00425}
{"event": "g_lr_apply", "armed": true, "update_index": 4864, "g_lr_before": 0.00425, "g_lr_after": 0.002125, "fires": 3664, "prior_lr_before": 0.0085, "prior_lr_after": 0.00425}
{"event": "g_lr_apply", "armed": true, "update_index": 4865, "g_lr_before": 0.00425, "g_lr_after": 0.002125, "fires": 3665, "prior_lr_before": 0.0085, "prior_lr_after": 0.00425}
{"event": "g_lr_apply", "armed": true, "update_index": 4866, "g_lr_before": 0.00425, "g_lr_after": 0.002125, "fires": 3666, "prior_lr_before": 0.0085, "prior_lr_after": 0.00425}
{"event": "g_lr_apply", "armed": true, "update_index": 4867, "g_lr_before": 0.00425, "g_lr_after": 0.002125, "fires": 3667, "prior_lr_before": 0.0085, "prior_lr_after": 0.00425}
{"event": "g_lr_apply", "armed": true, "update_index": 4868, "g_lr_before": 0.00425, "g_lr_after": 0.002125, "fires": 3668, "prior_lr_before": 0.0085, "prior_lr_after": 0.00425}
{"event": "g_lr_apply", "armed": true, "update_index": 4869, "g_lr_before": 0.00425, "g_lr_after": 0.002125, "fires": 3669, "prior_lr_before": 0.0085, "prior_lr_after": 0.00425}
{"event": "g_lr_apply", "armed": true, "update_index": 4870, "g_lr_before": 0.00425, "g_lr_after": 0.002125, "fires": 3670, "prior_lr_before": 0.0085, "prior_lr_after": 0.00425}
{"event": "g_lr_apply", "armed": true, "update_index": 4871, "g_lr_before": 0.00425, "g_lr_after": 0.002125, "fires": 3671, "prior_lr_before": 0.0085, "prior_lr_after": 0.00425}
{"event": "g_lr_apply", "armed": true, "update_index": 4872, "g_lr_before": 0.00425, "g_lr_after": 0.002125, "fires": 3672, "prior_lr_before": 0.0085, "prior_lr_after": 0.00425}
{"event": "g_lr_apply", "armed": true, "update_index": 4873, "g_lr_before": 0.00425, "g_lr_after": 0.002125, "fires": 3673, "prior_lr_before": 0.0085, "prior_lr_after": 0.00425}
{"event": "g_lr_apply", "armed": true, "update_index": 4874, "g_lr_before": 0.00425, "g_lr_after": 0.002125, "fires": 3674, "prior_lr_before": 0.0085, "prior_lr_after": 0.00425}
{"event": "g_lr_apply", "armed": true, "update_index": 4875, "g_lr_before": 0.00425, "g_lr_after": 0.002125, "fires": 3675, "prior_lr_before": 0.0085, "prior_lr_after": 0.00425}
{"event": "g_lr_apply", "armed": true, "update_index": 4876, "g_lr_before": 0.00425, "g_lr_after": 0.002125, "fires": 3676, "prior_lr_before": 0.0085, "prior_lr_after": 0.00425}
{"event": "g_lr_apply", "armed": true, "update_index": 4877, "g_lr_before": 0.00425, "g_lr_after": 0.002125, "fires": 3677, "prior_lr_before": 0.0085, "prior_lr_after": 0.00425}
{"event": "g_lr_apply", "armed": true, "update_index": 4878, "g_lr_before": 0.00425, "g_lr_after": 0.002125, "fires": 3678, "prior_lr_before": 0.0085, "prior_lr_after": 0.00425}
{"event": "g_lr_apply", "armed": true, "update_index": 4879, "g_lr_before": 0.00425, "g_lr_after": 0.002125, "fires": 3679, "prior_lr_before": 0.0085, "prior_lr_after": 0.00425}
{"event": "g_lr_apply", "armed": true, "update_index": 4880, "g_lr_before": 0.00425, "g_lr_after": 0.002125, "fires": 3680, "prior_lr_before": 0.0085, "prior_lr_after": 0.00425}
{"event": "g_lr_apply", "armed": true, "update_index": 4881, "g_lr_before": 0.00425, "g_lr_after": 0.002125, "fires": 3681, "prior_lr_before": 0.0085, "prior_lr_after": 0.00425}
{"event": "g_lr_apply", "armed": true, "update_index": 4882, "g_lr_before": 0.00425, "g_lr_after": 0.002125, "fires": 3682, "prior_lr_before": 0.0085, "prior_lr_after": 0.00425}
{"event": "g_lr_apply", "armed": true, "update_index": 4883, "g_lr_before": 0.00425, "g_lr_after": 0.002125, "fires": 3683, "prior_lr_before": 0.0085, "prior_lr_after": 0.00425}
{"event": "g_lr_apply", "armed": true, "update_index": 4884, "g_lr_before": 0.00425, "g_lr_after": 0.002125, "fires": 3684, "prior_lr_before": 0.0085, "prior_lr_after": 0.00425}
{"event": "g_lr_apply", "armed": true, "update_index": 4885, "g_lr_before": 0.00425, "g_lr_after": 0.002125, "fires": 3685, "prior_lr_before": 0.0085, "prior_lr_after": 0.00425}
{"event": "g_lr_apply", "armed": true, "update_index": 4886, "g_lr_before": 0.00425, "g_lr_after": 0.002125, "fires": 3686, "prior_lr_before": 0.0085, "prior_lr_after": 0.00425}
{"event": "g_lr_apply", "armed": true, "update_index": 4887, "g_lr_before": 0.00425, "g_lr_after": 0.002125, "fires": 3687, "prior_lr_before": 0.0085, "prior_lr_after": 0.00425}
{"event": "g_lr_apply", "armed": true, "update_index": 4888, "g_lr_before": 0.00425, "g_lr_after": 0.002125, "fires": 3688, "prior_lr_before": 0.0085, "prior_lr_after": 0.00425}
{"event": "g_lr_apply", "armed": true, "update_index": 4889, "g_lr_before": 0.00425, "g_lr_after": 0.002125, "fires": 3689, "prior_lr_before": 0.0085, "prior_lr_after": 0.00425}
{"event": "g_lr_apply", "armed": true, "update_index": 4890, "g_lr_before": 0.00425, "g_lr_after": 0.002125, "fires": 3690, "prior_lr_before": 0.0085, "prior_lr_after": 0.00425}
{"event": "g_lr_apply", "armed": true, "update_index": 4891, "g_lr_before": 0.00425, "g_lr_after": 0.002125, "fires": 3691, "prior_lr_before": 0.0085, "prior_lr_after": 0.00425}
{"event": "g_lr_apply", "armed": true, "update_index": 4892, "g_lr_before": 0.00425, "g_lr_after": 0.002125, "fires": 3692, "prior_lr_before": 0.0085, "prior_lr_after": 0.00425}
{"event": "g_lr_apply", "armed": true, "update_index": 4893, "g_lr_before": 0.00425, "g_lr_after": 0.002125, "fires": 3693, "prior_lr_before": 0.0085, "prior_lr_after": 0.00425}
{"event": "g_lr_apply", "armed": true, "update_index": 4894, "g_lr_before": 0.00425, "g_lr_after": 0.002125, "fires": 3694, "prior_lr_before": 0.0085, "prior_lr_after": 0.00425}
{"event": "g_lr_apply", "armed": true, "update_index": 4895, "g_lr_before": 0.00425, "g_lr_after": 0.002125, "fires": 3695, "prior_lr_before": 0.0085, "prior_lr_after": 0.00425}
{"event": "g_lr_apply", "armed": true, "update_index": 4896, "g_lr_before": 0.00425, "g_lr_after": 0.002125, "fires": 3696, "prior_lr_before": 0.0085, "prior_lr_after": 0.00425}
{"event": "g_lr_apply", "armed": true, "update_index": 4897, "g_lr_before": 0.00425, "g_lr_after": 0.002125, "fires": 3697, "prior_lr_before": 0.0085, "prior_lr_after": 0.00425}
{"event": "g_lr_apply", "armed": true, "update_index": 4898, "g_lr_before": 0.00425, "g_lr_after": 0.002125, "fires": 3698, "prior_lr_before": 0.0085, "prior_lr_after": 0.00425}
{"event": "g_lr_apply", "armed": true, "update_index": 4899, "g_lr_before": 0.00425, "g_lr_after": 0.002125, "fires": 3699, "prior_lr_before": 0.0085, "prior_lr_after": 0.00425}
{"event": "g_lr_apply", "armed": true, "update_index": 4900, "g_lr_before": 0.00425, "g_lr_after": 0.002125, "fires": 3700, "prior_lr_before": 0.0085, "prior_lr_after": 0.00425}
{"event": "g_lr_apply", "armed": true, "update_index": 4901, "g_lr_before": 0.00425, "g_lr_after": 0.002125, "fires": 3701, "prior_lr_before": 0.0085, "prior_lr_after": 0.00425}
{"event": "g_lr_apply", "armed": true, "update_index": 4902, "g_lr_before": 0.00425, "g_lr_after": 0.002125, "fires": 3702, "prior_lr_before": 0.0085, "prior_lr_after": 0.00425}
{"event": "g_lr_apply", "armed": true, "update_index": 4903, "g_lr_before": 0.00425, "g_lr_after": 0.002125, "fires": 3703, "prior_lr_before": 0.0085, "prior_lr_after": 0.00425}
{"event": "g_lr_apply", "armed": true, "update_index": 4904, "g_lr_before": 0.00425, "g_lr_after": 0.002125, "fires": 3704, "prior_lr_before": 0.0085, "prior_lr_after": 0.00425}
{"event": "g_lr_apply", "armed": true, "update_index": 4905, "g_lr_before": 0.00425, "g_lr_after": 0.002125, "fires": 3705, "prior_lr_before": 0.0085, "prior_lr_after": 0.00425}
{"event": "g_lr_apply", "armed": true, "update_index": 4906, "g_lr_before": 0.00425, "g_lr_after": 0.002125, "fires": 3706, "prior_lr_before": 0.0085, "prior_lr_after": 0.00425}
{"event": "g_lr_apply", "armed": true, "update_index": 4907, "g_lr_before": 0.00425, "g_lr_after": 0.002125, "fires": 3707, "prior_lr_before": 0.0085, "prior_lr_after": 0.00425}
{"event": "g_lr_apply", "armed": true, "update_index": 4908, "g_lr_before": 0.00425, "g_lr_after": 0.002125, "fires": 3708, "prior_lr_before": 0.0085, "prior_lr_after": 0.00425}
{"event": "g_lr_apply", "armed": true, "update_index": 4909, "g_lr_before": 0.00425, "g_lr_after": 0.002125, "fires": 3709, "prior_lr_before": 0.0085, "prior_lr_after": 0.00425}
{"event": "g_lr_apply", "armed": true, "update_index": 4910, "g_lr_before": 0.00425, "g_lr_after": 0.002125, "fires": 3710, "prior_lr_before": 0.0085, "prior_lr_after": 0.00425}
{"event": "g_lr_apply", "armed": true, "update_index": 4911, "g_lr_before": 0.00425, "g_lr_after": 0.002125, "fires": 3711, "prior_lr_before": 0.0085, "prior_lr_after": 0.00425}
{"event": "g_lr_apply", "armed": true, "update_index": 4912, "g_lr_before": 0.00425, "g_lr_after": 0.002125, "fires": 3712, "prior_lr_before": 0.0085, "prior_lr_after": 0.00425}
{"event": "g_lr_apply", "armed": true, "update_index": 4913, "g_lr_before": 0.00425, "g_lr_after": 0.002125, "fires": 3713, "prior_lr_before": 0.0085, "prior_lr_after": 0.00425}
{"event": "g_lr_apply", "armed": true, "update_index": 4914, "g_lr_before": 0.00425, "g_lr_after": 0.002125, "fires": 3714, "prior_lr_before": 0.0085, "prior_lr_after": 0.00425}
{"event": "g_lr_apply", "armed": true, "update_index": 4915, "g_lr_before": 0.00425, "g_lr_after": 0.002125, "fires": 3715, "prior_lr_before": 0.0085, "prior_lr_after": 0.00425}
{"event": "g_lr_apply", "armed": true, "update_index": 4916, "g_lr_before": 0.00425, "g_lr_after": 0.002125, "fires": 3716, "prior_lr_before": 0.0085, "prior_lr_after": 0.00425}
{"event": "g_lr_apply", "armed": true, "update_index": 4917, "g_lr_before": 0.00425, "g_lr_after": 0.002125, "fires": 3717, "prior_lr_before": 0.0085, "prior_lr_after": 0.00425}
{"event": "g_lr_apply", "armed": true, "update_index": 4918, "g_lr_before": 0.00425, "g_lr_after": 0.002125, "fires": 3718, "prior_lr_before": 0.0085, "prior_lr_after": 0.00425}
{"event": "g_lr_apply", "armed": true, "update_index": 4919, "g_lr_before": 0.00425, "g_lr_after": 0.002125, "fires": 3719, "prior_lr_before": 0.0085, "prior_lr_after": 0.00425}
{"event": "g_lr_apply", "armed": true, "update_index": 4920, "g_lr_before": 0.00425, "g_lr_after": 0.002125, "fires": 3720, "prior_lr_before": 0.0085, "prior_lr_after": 0.00425}
{"event": "g_lr_apply", "armed": true, "update_index": 4921, "g_lr_before": 0.00425, "g_lr_after": 0.002125, "fires": 3721, "prior_lr_before": 0.0085, "prior_lr_after": 0.00425}
{"event": "g_lr_apply", "armed": true, "update_index": 4922, "g_lr_before": 0.00425, "g_lr_after": 0.002125, "fires": 3722, "prior_lr_before": 0.0085, "prior_lr_after": 0.00425}
{"event": "g_lr_apply", "armed": true, "update_index": 4923, "g_lr_before": 0.00425, "g_lr_after": 0.002125, "fires": 3723, "prior_lr_before": 0.0085, "prior_lr_after": 0.00425}
{"event": "g_lr_apply", "armed": true, "update_index": 4924, "g_lr_before": 0.00425, "g_lr_after": 0.002125, "fires": 3724, "prior_lr_before": 0.0085, "prior_lr_after": 0.00425}
{"event": "g_lr_apply", "armed": true, "update_index": 4925, "g_lr_before": 0.00425, "g_lr_after": 0.002125, "fires": 3725, "prior_lr_before": 0.0085, "prior_lr_after": 0.00425}
{"event": "g_lr_apply", "armed": true, "update_index": 4926, "g_lr_before": 0.00425, "g_lr_after": 0.002125, "fires": 3726, "prior_lr_before": 0.0085, "prior_lr_after": 0.00425}
{"event": "g_lr_apply", "armed": true, "update_index": 4927, "g_lr_before": 0.00425, "g_lr_after": 0.002125, "fires": 3727, "prior_lr_before": 0.0085, "prior_lr_after": 0.00425}
{"event": "g_lr_apply", "armed": true, "update_index": 4928, "g_lr_before": 0.00425, "g_lr_after": 0.002125, "fires": 3728, "prior_lr_before": 0.0085, "prior_lr_after": 0.00425}
{"event": "g_lr_apply", "armed": true, "update_index": 4929, "g_lr_before": 0.00425, "g_lr_after": 0.002125, "fires": 3729, "prior_lr_before": 0.0085, "prior_lr_after": 0.00425}
{"event": "g_lr_apply", "armed": true, "update_index": 4930, "g_lr_before": 0.00425, "g_lr_after": 0.002125, "fires": 3730, "prior_lr_before": 0.0085, "prior_lr_after": 0.00425}
{"event": "g_lr_apply", "armed": true, "update_index": 4931, "g_lr_before": 0.00425, "g_lr_after": 0.002125, "fires": 3731, "prior_lr_before": 0.0085, "prior_lr_after": 0.00425}
{"event": "g_lr_apply", "armed": true, "update_index": 4932, "g_lr_before": 0.00425, "g_lr_after": 0.002125, "fires": 3732, "prior_lr_before": 0.0085, "prior_lr_after": 0.00425}
{"event": "g_lr_apply", "armed": true, "update_index": 4933, "g_lr_before": 0.00425, "g_lr_after": 0.002125, "fires": 3733, "prior_lr_before": 0.0085, "prior_lr_after": 0.00425}
{"event": "g_lr_apply", "armed": true, "update_index": 4934, "g_lr_before": 0.00425, "g_lr_after": 0.002125, "fires": 3734, "prior_lr_before": 0.0085, "prior_lr_after": 0.00425}
{"event": "g_lr_apply", "armed": true, "update_index": 4935, "g_lr_before": 0.00425, "g_lr_after": 0.002125, "fires": 3735, "prior_lr_before": 0.0085, "prior_lr_after": 0.00425}
{"event": "g_lr_apply", "armed": true, "update_index": 4936, "g_lr_before": 0.00425, "g_lr_after": 0.002125, "fires": 3736, "prior_lr_before": 0.0085, "prior_lr_after": 0.00425}
{"event": "g_lr_apply", "armed": true, "update_index": 4937, "g_lr_before": 0.00425, "g_lr_after": 0.002125, "fires": 3737, "prior_lr_before": 0.0085, "prior_lr_after": 0.00425}
{"event": "g_lr_apply", "armed": true, "update_index": 4938, "g_lr_before": 0.00425, "g_lr_after": 0.002125, "fires": 3738, "prior_lr_before": 0.0085, "prior_lr_after": 0.00425}
{"event": "g_lr_apply", "armed": true, "update_index": 4939, "g_lr_before": 0.00425, "g_lr_after": 0.002125, "fires": 3739, "prior_lr_before": 0.0085, "prior_lr_after": 0.00425}
{"event": "g_lr_apply", "armed": true, "update_index": 4940, "g_lr_before": 0.00425, "g_lr_after": 0.002125, "fires": 3740, "prior_lr_before": 0.0085, "prior_lr_after": 0.00425}
{"event": "g_lr_apply", "armed": true, "update_index": 4941, "g_lr_before": 0.00425, "g_lr_after": 0.002125, "fires": 3741, "prior_lr_before": 0.0085, "prior_lr_after": 0.00425}
{"event": "g_lr_apply", "armed": true, "update_index": 4942, "g_lr_before": 0.00425, "g_lr_after": 0.002125, "fires": 3742, "prior_lr_before": 0.0085, "prior_lr_after": 0.00425}
{"event": "g_lr_apply", "armed": true, "update_index": 4943, "g_lr_before": 0.00425, "g_lr_after": 0.002125, "fires": 3743, "prior_lr_before": 0.0085, "prior_lr_after": 0.00425}
{"event": "g_lr_apply", "armed": true, "update_index": 4944, "g_lr_before": 0.00425, "g_lr_after": 0.002125, "fires": 3744, "prior_lr_before": 0.0085, "prior_lr_after": 0.00425}
{"event": "g_lr_apply", "armed": true, "update_index": 4945, "g_lr_before": 0.00425, "g_lr_after": 0.002125, "fires": 3745, "prior_lr_before": 0.0085, "prior_lr_after": 0.00425}
{"event": "g_lr_apply", "armed": true, "update_index": 4946, "g_lr_before": 0.00425, "g_lr_after": 0.002125, "fires": 3746, "prior_lr_before": 0.0085, "prior_lr_after": 0.00425}
{"event": "g_lr_apply", "armed": true, "update_index": 4947, "g_lr_before": 0.00425, "g_lr_after": 0.002125, "fires": 3747, "prior_lr_before": 0.0085, "prior_lr_after": 0.00425}
{"event": "g_lr_apply", "armed": true, "update_index": 4948, "g_lr_before": 0.00425, "g_lr_after": 0.002125, "fires": 3748, "prior_lr_before": 0.0085, "prior_lr_after": 0.00425}
{"event": "g_lr_apply", "armed": true, "update_index": 4949, "g_lr_before": 0.00425, "g_lr_after": 0.002125, "fires": 3749, "prior_lr_before": 0.0085, "prior_lr_after": 0.00425}
{"event": "g_lr_apply", "armed": true, "update_index": 4950, "g_lr_before": 0.00425, "g_lr_after": 0.002125, "fires": 3750, "prior_lr_before": 0.0085, "prior_lr_after": 0.00425}
{"event": "g_lr_apply", "armed": true, "update_index": 4951, "g_lr_before": 0.00425, "g_lr_after": 0.002125, "fires": 3751, "prior_lr_before": 0.0085, "prior_lr_after": 0.00425}
{"event": "g_lr_apply", "armed": true, "update_index": 4952, "g_lr_before": 0.00425, "g_lr_after": 0.002125, "fires": 3752, "prior_lr_before": 0.0085, "prior_lr_after": 0.00425}
{"event": "g_lr_apply", "armed": true, "update_index": 4953, "g_lr_before": 0.00425, "g_lr_after": 0.002125, "fires": 3753, "prior_lr_before": 0.0085, "prior_lr_after": 0.00425}
{"event": "g_lr_apply", "armed": true, "update_index": 4954, "g_lr_before": 0.00425, "g_lr_after": 0.002125, "fires": 3754, "prior_lr_before": 0.0085, "prior_lr_after": 0.00425}
{"event": "g_lr_apply", "armed": true, "update_index": 4955, "g_lr_before": 0.00425, "g_lr_after": 0.002125, "fires": 3755, "prior_lr_before": 0.0085, "prior_lr_after": 0.00425}
{"event": "g_lr_apply", "armed": true, "update_index": 4956, "g_lr_before": 0.00425, "g_lr_after": 0.002125, "fires": 3756, "prior_lr_before": 0.0085, "prior_lr_after": 0.00425}
{"event": "g_lr_apply", "armed": true, "update_index": 4957, "g_lr_before": 0.00425, "g_lr_after": 0.002125, "fires": 3757, "prior_lr_before": 0.0085, "prior_lr_after": 0.00425}
{"event": "g_lr_apply", "armed": true, "update_index": 4958, "g_lr_before": 0.00425, "g_lr_after": 0.002125, "fires": 3758, "prior_lr_before": 0.0085, "prior_lr_after": 0.00425}
{"event": "g_lr_apply", "armed": true, "update_index": 4959, "g_lr_before": 0.00425, "g_lr_after": 0.002125, "fires": 3759, "prior_lr_before": 0.0085, "prior_lr_after": 0.00425}
{"event": "g_lr_apply", "armed": true, "update_index": 4960, "g_lr_before": 0.00425, "g_lr_after": 0.002125, "fires": 3760, "prior_lr_before": 0.0085, "prior_lr_after": 0.00425}
{"event": "g_lr_apply", "armed": true, "update_index": 4961, "g_lr_before": 0.00425, "g_lr_after": 0.002125, "fires": 3761, "prior_lr_before": 0.0085, "prior_lr_after": 0.00425}
{"event": "g_lr_apply", "armed": true, "update_index": 4962, "g_lr_before": 0.00425, "g_lr_after": 0.002125, "fires": 3762, "prior_lr_before": 0.0085, "prior_lr_after": 0.00425}
{"event": "g_lr_apply", "armed": true, "update_index": 4963, "g_lr_before": 0.00425, "g_lr_after": 0.002125, "fires": 3763, "prior_lr_before": 0.0085, "prior_lr_after": 0.00425}
{"event": "g_lr_apply", "armed": true, "update_index": 4964, "g_lr_before": 0.00425, "g_lr_after": 0.002125, "fires": 3764, "prior_lr_before": 0.0085, "prior_lr_after": 0.00425}
{"event": "g_lr_apply", "armed": true, "update_index": 4965, "g_lr_before": 0.00425, "g_lr_after": 0.002125, "fires": 3765, "prior_lr_before": 0.0085, "prior_lr_after": 0.00425}
{"event": "g_lr_apply", "armed": true, "update_index": 4966, "g_lr_before": 0.00425, "g_lr_after": 0.002125, "fires": 3766, "prior_lr_before": 0.0085, "prior_lr_after": 0.00425}
{"event": "g_lr_apply", "armed": true, "update_index": 4967, "g_lr_before": 0.00425, "g_lr_after": 0.002125, "fires": 3767, "prior_lr_before": 0.0085, "prior_lr_after": 0.00425}
{"event": "g_lr_apply", "armed": true, "update_index": 4968, "g_lr_before": 0.00425, "g_lr_after": 0.002125, "fires": 3768, "prior_lr_before": 0.0085, "prior_lr_after": 0.00425}
{"event": "g_lr_apply", "armed": true, "update_index": 4969, "g_lr_before": 0.00425, "g_lr_after": 0.002125, "fires": 3769, "prior_lr_before": 0.0085, "prior_lr_after": 0.00425}
{"event": "g_lr_apply", "armed": true, "update_index": 4970, "g_lr_before": 0.00425, "g_lr_after": 0.002125, "fires": 3770, "prior_lr_before": 0.0085, "prior_lr_after": 0.00425}
{"event": "g_lr_apply", "armed": true, "update_index": 4971, "g_lr_before": 0.00425, "g_lr_after": 0.002125, "fires": 3771, "prior_lr_before": 0.0085, "prior_lr_after": 0.00425}
{"event": "g_lr_apply", "armed": true, "update_index": 4972, "g_lr_before": 0.00425, "g_lr_after": 0.002125, "fires": 3772, "prior_lr_before": 0.0085, "prior_lr_after": 0.00425}
{"event": "g_lr_apply", "armed": true, "update_index": 4973, "g_lr_before": 0.00425, "g_lr_after": 0.002125, "fires": 3773, "prior_lr_before": 0.0085, "prior_lr_after": 0.00425}
{"event": "g_lr_apply", "armed": true, "update_index": 4974, "g_lr_before": 0.00425, "g_lr_after": 0.002125, "fires": 3774, "prior_lr_before": 0.0085, "prior_lr_after": 0.00425}
{"event": "g_lr_apply", "armed": true, "update_index": 4975, "g_lr_before": 0.00425, "g_lr_after": 0.002125, "fires": 3775, "prior_lr_before": 0.0085, "prior_lr_after": 0.00425}
{"event": "g_lr_apply", "armed": true, "update_index": 4976, "g_lr_before": 0.00425, "g_lr_after": 0.002125, "fires": 3776, "prior_lr_before": 0.0085, "prior_lr_after": 0.00425}
{"event": "g_lr_apply", "armed": true, "update_index": 4977, "g_lr_before": 0.00425, "g_lr_after": 0.002125, "fires": 3777, "prior_lr_before": 0.0085, "prior_lr_after": 0.00425}
{"event": "g_lr_apply", "armed": true, "update_index": 4978, "g_lr_before": 0.00425, "g_lr_after": 0.002125, "fires": 3778, "prior_lr_before": 0.0085, "prior_lr_after": 0.00425}
{"event": "g_lr_apply", "armed": true, "update_index": 4979, "g_lr_before": 0.00425, "g_lr_after": 0.002125, "fires": 3779, "prior_lr_before": 0.0085, "prior_lr_after": 0.00425}
{"event": "g_lr_apply", "armed": true, "update_index": 4980, "g_lr_before": 0.00425, "g_lr_after": 0.002125, "fires": 3780, "prior_lr_before": 0.0085, "prior_lr_after": 0.00425}
{"event": "g_lr_apply", "armed": true, "update_index": 4981, "g_lr_before": 0.00425, "g_lr_after": 0.002125, "fires": 3781, "prior_lr_before": 0.0085, "prior_lr_after": 0.00425}
{"event": "g_lr_apply", "armed": true, "update_index": 4982, "g_lr_before": 0.00425, "g_lr_after": 0.002125, "fires": 3782, "prior_lr_before": 0.0085, "prior_lr_after": 0.00425}
{"event": "g_lr_apply", "armed": true, "update_index": 4983, "g_lr_before": 0.00425, "g_lr_after": 0.002125, "fires": 3783, "prior_lr_before": 0.0085, "prior_lr_after": 0.00425}
{"event": "g_lr_apply", "armed": true, "update_index": 4984, "g_lr_before": 0.00425, "g_lr_after": 0.002125, "fires": 3784, "prior_lr_before": 0.0085, "prior_lr_after": 0.00425}
{"event": "g_lr_apply", "armed": true, "update_index": 4985, "g_lr_before": 0.00425, "g_lr_after": 0.002125, "fires": 3785, "prior_lr_before": 0.0085, "prior_lr_after": 0.00425}
{"event": "g_lr_apply", "armed": true, "update_index": 4986, "g_lr_before": 0.00425, "g_lr_after": 0.002125, "fires": 3786, "prior_lr_before": 0.0085, "prior_lr_after": 0.00425}
{"event": "g_lr_apply", "armed": true, "update_index": 4987, "g_lr_before": 0.00425, "g_lr_after": 0.002125, "fires": 3787, "prior_lr_before": 0.0085, "prior_lr_after": 0.00425}
{"event": "g_lr_apply", "armed": true, "update_index": 4988, "g_lr_before": 0.00425, "g_lr_after": 0.002125, "fires": 3788, "prior_lr_before": 0.0085, "prior_lr_after": 0.00425}
{"event": "g_lr_apply", "armed": true, "update_index": 4989, "g_lr_before": 0.00425, "g_lr_after": 0.002125, "fires": 3789, "prior_lr_before": 0.0085, "prior_lr_after": 0.00425}
{"event": "g_lr_apply", "armed": true, "update_index": 4990, "g_lr_before": 0.00425, "g_lr_after": 0.002125, "fires": 3790, "prior_lr_before": 0.0085, "prior_lr_after": 0.00425}
{"event": "g_lr_apply", "armed": true, "update_index": 4991, "g_lr_before": 0.00425, "g_lr_after": 0.002125, "fires": 3791, "prior_lr_before": 0.0085, "prior_lr_after": 0.00425}
{"event": "g_lr_apply", "armed": true, "update_index": 4992, "g_lr_before": 0.00425, "g_lr_after": 0.002125, "fires": 3792, "prior_lr_before": 0.0085, "prior_lr_after": 0.00425}
{"event": "g_lr_apply", "armed": true, "update_index": 4993, "g_lr_before": 0.00425, "g_lr_after": 0.002125, "fires": 3793, "prior_lr_before": 0.0085, "prior_lr_after": 0.00425}
{"event": "g_lr_apply", "armed": true, "update_index": 4994, "g_lr_before": 0.00425, "g_lr_after": 0.002125, "fires": 3794, "prior_lr_before": 0.0085, "prior_lr_after": 0.00425}
{"event": "g_lr_apply", "armed": true, "update_index": 4995, "g_lr_before": 0.00425, "g_lr_after": 0.002125, "fires": 3795, "prior_lr_before": 0.0085, "prior_lr_after": 0.00425}
{"event": "g_lr_apply", "armed": true, "update_index": 4996, "g_lr_before": 0.00425, "g_lr_after": 0.002125, "fires": 3796, "prior_lr_before": 0.0085, "prior_lr_after": 0.00425}
{"event": "g_lr_apply", "armed": true, "update_index": 4997, "g_lr_before": 0.00425, "g_lr_after": 0.002125, "fires": 3797, "prior_lr_before": 0.0085, "prior_lr_after": 0.00425}
{"event": "g_lr_apply", "armed": true, "update_index": 4998, "g_lr_before": 0.00425, "g_lr_after": 0.002125, "fires": 3798, "prior_lr_before": 0.0085, "prior_lr_after": 0.00425}
{"event": "g_lr_apply", "armed": true, "update_index": 4999, "g_lr_before": 0.00425, "g_lr_after": 0.002125, "fires": 3799, "prior_lr_before": 0.0085, "prior_lr_after": 0.00425}
{"event": "g_lr_apply", "armed": true, "update_index": 5000, "g_lr_before": 0.00425, "g_lr_after": 0.002125, "fires": 3800, "prior_lr_before": 0.0085, "prior_lr_after": 0.00425}
{"event": "UPDATES", "candidate": "PR140", "task": "convergence", "adam_calls": 10000}
{"event": "g_lr_apply", "armed": true, "update_index": 5001, "g_lr_before": 0.00425, "g_lr_after": 0.002125, "fires": 3801, "prior_lr_before": 0.0085, "prior_lr_after": 0.00425}
{"event": "g_lr_apply", "armed": true, "update_index": 5002, "g_lr_before": 0.00425, "g_lr_after": 0.002125, "fires": 3802, "prior_lr_before": 0.0085, "prior_lr_after": 0.00425}
{"event": "g_lr_apply", "armed": true, "update_index": 5003, "g_lr_before": 0.00425, "g_lr_after": 0.002125, "fires": 3803, "prior_lr_before": 0.0085, "prior_lr_after": 0.00425}
{"event": "g_lr_apply", "armed": true, "update_index": 5004, "g_lr_before": 0.00425, "g_lr_after": 0.002125, "fires": 3804, "prior_lr_before": 0.0085, "prior_lr_after": 0.00425}
{"event": "g_lr_apply", "armed": true, "update_index": 5005, "g_lr_before": 0.00425, "g_lr_after": 0.002125, "fires": 3805, "prior_lr_before": 0.0085, "prior_lr_after": 0.00425}
{"event": "g_lr_apply", "armed": true, "update_index": 5006, "g_lr_before": 0.00425, "g_lr_after": 0.002125, "fires": 3806, "prior_lr_before": 0.0085, "prior_lr_after": 0.00425}
{"event": "g_lr_apply", "armed": true, "update_index": 5007, "g_lr_before": 0.00425, "g_lr_after": 0.002125, "fires": 3807, "prior_lr_before": 0.0085, "prior_lr_after": 0.00425}
{"event": "g_lr_apply", "armed": true, "update_index": 5008, "g_lr_before": 0.00425, "g_lr_after": 0.002125, "fires": 3808, "prior_lr_before": 0.0085, "prior_lr_after": 0.00425}
{"event": "g_lr_apply", "armed": true, "update_index": 5009, "g_lr_before": 0.00425, "g_lr_after": 0.002125, "fires": 3809, "prior_lr_before": 0.0085, "prior_lr_after": 0.00425}
{"event": "g_lr_apply", "armed": true, "update_index": 5010, "g_lr_before": 0.00425, "g_lr_after": 0.002125, "fires": 3810, "prior_lr_before": 0.0085, "prior_lr_after": 0.00425}
{"event": "g_lr_apply", "armed": true, "update_index": 5011, "g_lr_before": 0.00425, "g_lr_after": 0.002125, "fires": 3811, "prior_lr_before": 0.0085, "prior_lr_after": 0.00425}
{"event": "g_lr_apply", "armed": true, "update_index": 5012, "g_lr_before": 0.00425, "g_lr_after": 0.002125, "fires": 3812, "prior_lr_before": 0.0085, "prior_lr_after": 0.00425}
{"event": "g_lr_apply", "armed": true, "update_index": 5013, "g_lr_before": 0.00425, "g_lr_after": 0.002125, "fires": 3813, "prior_lr_before": 0.0085, "prior_lr_after": 0.00425}
{"event": "g_lr_apply", "armed": true, "update_index": 5014, "g_lr_before": 0.00425, "g_lr_after": 0.002125, "fires": 3814, "prior_lr_before": 0.0085, "prior_lr_after": 0.00425}
{"event": "g_lr_apply", "armed": true, "update_index": 5015, "g_lr_before": 0.00425, "g_lr_after": 0.002125, "fires": 3815, "prior_lr_before": 0.0085, "prior_lr_after": 0.00425}
{"event": "g_lr_apply", "armed": true, "update_index": 5016, "g_lr_before": 0.00425, "g_lr_after": 0.002125, "fires": 3816, "prior_lr_before": 0.0085, "prior_lr_after": 0.00425}
{"event": "g_lr_apply", "armed": true, "update_index": 5017, "g_lr_before": 0.00425, "g_lr_after": 0.002125, "fires": 3817, "prior_lr_before": 0.0085, "prior_lr_after": 0.00425}
{"event": "g_lr_apply", "armed": true, "update_index": 5018, "g_lr_before": 0.00425, "g_lr_after": 0.002125, "fires": 3818, "prior_lr_before": 0.0085, "prior_lr_after": 0.00425}
{"event": "g_lr_apply", "armed": true, "update_index": 5019, "g_lr_before": 0.00425, "g_lr_after": 0.002125, "fires": 3819, "prior_lr_before": 0.0085, "prior_lr_after": 0.00425}
{"event": "g_lr_apply", "armed": true, "update_index": 5020, "g_lr_before": 0.00425, "g_lr_after": 0.002125, "fires": 3820, "prior_lr_before": 0.0085, "prior_lr_after": 0.00425}
{"event": "g_lr_apply", "armed": true, "update_index": 5021, "g_lr_before": 0.00425, "g_lr_after": 0.002125, "fires": 3821, "prior_lr_before": 0.0085, "prior_lr_after": 0.00425}
{"event": "g_lr_apply", "armed": true, "update_index": 5022, "g_lr_before": 0.00425, "g_lr_after": 0.002125, "fires": 3822, "prior_lr_before": 0.0085, "prior_lr_after": 0.00425}
{"event": "g_lr_apply", "armed": true, "update_index": 5023, "g_lr_before": 0.00425, "g_lr_after": 0.002125, "fires": 3823, "prior_lr_before": 0.0085, "prior_lr_after": 0.00425}
{"event": "g_lr_apply", "armed": true, "update_index": 5024, "g_lr_before": 0.00425, "g_lr_after": 0.002125, "fires": 3824, "prior_lr_before": 0.0085, "prior_lr_after": 0.00425}
{"event": "g_lr_apply", "armed": true, "update_index": 5025, "g_lr_before": 0.00425, "g_lr_after": 0.002125, "fires": 3825, "prior_lr_before": 0.0085, "prior_lr_after": 0.00425}
{"event": "g_lr_apply", "armed": true, "update_index": 5026, "g_lr_before": 0.00425, "g_lr_after": 0.002125, "fires": 3826, "prior_lr_before": 0.0085, "prior_lr_after": 0.00425}
{"event": "g_lr_apply", "armed": true, "update_index": 5027, "g_lr_before": 0.00425, "g_lr_after": 0.002125, "fires": 3827, "prior_lr_before": 0.0085, "prior_lr_after": 0.00425}
{"event": "g_lr_apply", "armed": true, "update_index": 5028, "g_lr_before": 0.00425, "g_lr_after": 0.002125, "fires": 3828, "prior_lr_before": 0.0085, "prior_lr_after": 0.00425}
{"event": "g_lr_apply", "armed": true, "update_index": 5029, "g_lr_before": 0.00425, "g_lr_after": 0.002125, "fires": 3829, "prior_lr_before": 0.0085, "prior_lr_after": 0.00425}
{"event": "g_lr_apply", "armed": true, "update_index": 5030, "g_lr_before": 0.00425, "g_lr_after": 0.002125, "fires": 3830, "prior_lr_before": 0.0085, "prior_lr_after": 0.00425}
{"event": "g_lr_apply", "armed": true, "update_index": 5031, "g_lr_before": 0.00425, "g_lr_after": 0.002125, "fires": 3831, "prior_lr_before": 0.0085, "prior_lr_after": 0.00425}
{"event": "g_lr_apply", "armed": true, "update_index": 5032, "g_lr_before": 0.00425, "g_lr_after": 0.002125, "fires": 3832, "prior_lr_before": 0.0085, "prior_lr_after": 0.00425}
{"event": "g_lr_apply", "armed": true, "update_index": 5033, "g_lr_before": 0.00425, "g_lr_after": 0.002125, "fires": 3833, "prior_lr_before": 0.0085, "prior_lr_after": 0.00425}
{"event": "g_lr_apply", "armed": true, "update_index": 5034, "g_lr_before": 0.00425, "g_lr_after": 0.002125, "fires": 3834, "prior_lr_before": 0.0085, "prior_lr_after": 0.00425}
{"event": "g_lr_apply", "armed": true, "update_index": 5035, "g_lr_before": 0.00425, "g_lr_after": 0.002125, "fires": 3835, "prior_lr_before": 0.0085, "prior_lr_after": 0.00425}
{"event": "g_lr_apply", "armed": true, "update_index": 5036, "g_lr_before": 0.00425, "g_lr_after": 0.002125, "fires": 3836, "prior_lr_before": 0.0085, "prior_lr_after": 0.00425}
{"event": "g_lr_apply", "armed": true, "update_index": 5037, "g_lr_before": 0.00425, "g_lr_after": 0.002125, "fires": 3837, "prior_lr_before": 0.0085, "prior_lr_after": 0.00425}
{"event": "g_lr_apply", "armed": true, "update_index": 5038, "g_lr_before": 0.00425, "g_lr_after": 0.002125, "fires": 3838, "prior_lr_before": 0.0085, "prior_lr_after": 0.00425}
{"event": "g_lr_apply", "armed": true, "update_index": 5039, "g_lr_before": 0.00425, "g_lr_after": 0.002125, "fires": 3839, "prior_lr_before": 0.0085, "prior_lr_after": 0.00425}
{"event": "g_lr_apply", "armed": true, "update_index": 5040, "g_lr_before": 0.00425, "g_lr_after": 0.002125, "fires": 3840, "prior_lr_before": 0.0085, "prior_lr_after": 0.00425}
{"event": "g_lr_apply", "armed": true, "update_index": 5041, "g_lr_before": 0.00425, "g_lr_after": 0.002125, "fires": 3841, "prior_lr_before": 0.0085, "prior_lr_after": 0.00425}
{"event": "g_lr_apply", "armed": true, "update_index": 5042, "g_lr_before": 0.00425, "g_lr_after": 0.002125, "fires": 3842, "prior_lr_before": 0.0085, "prior_lr_after": 0.00425}
{"event": "g_lr_apply", "armed": true, "update_index": 5043, "g_lr_before": 0.00425, "g_lr_after": 0.002125, "fires": 3843, "prior_lr_before": 0.0085, "prior_lr_after": 0.00425}
{"event": "g_lr_apply", "armed": true, "update_index": 5044, "g_lr_before": 0.00425, "g_lr_after": 0.002125, "fires": 3844, "prior_lr_before": 0.0085, "prior_lr_after": 0.00425}
{"event": "g_lr_apply", "armed": true, "update_index": 5045, "g_lr_before": 0.00425, "g_lr_after": 0.002125, "fires": 3845, "prior_lr_before": 0.0085, "prior_lr_after": 0.00425}
{"event": "g_lr_apply", "armed": true, "update_index": 5046, "g_lr_before": 0.00425, "g_lr_after": 0.002125, "fires": 3846, "prior_lr_before": 0.0085, "prior_lr_after": 0.00425}
{"event": "g_lr_apply", "armed": true, "update_index": 5047, "g_lr_before": 0.00425, "g_lr_after": 0.002125, "fires": 3847, "prior_lr_before": 0.0085, "prior_lr_after": 0.00425}
{"event": "g_lr_apply", "armed": true, "update_index": 5048, "g_lr_before": 0.00425, "g_lr_after": 0.002125, "fires": 3848, "prior_lr_before": 0.0085, "prior_lr_after": 0.00425}
{"event": "g_lr_apply", "armed": true, "update_index": 5049, "g_lr_before": 0.00425, "g_lr_after": 0.002125, "fires": 3849, "prior_lr_before": 0.0085, "prior_lr_after": 0.00425}
{"event": "g_lr_apply", "armed": true, "update_index": 5050, "g_lr_before": 0.00425, "g_lr_after": 0.002125, "fires": 3850, "prior_lr_before": 0.0085, "prior_lr_after": 0.00425}
{"event": "g_lr_apply", "armed": true, "update_index": 5051, "g_lr_before": 0.00425, "g_lr_after": 0.002125, "fires": 3851, "prior_lr_before": 0.0085, "prior_lr_after": 0.00425}
{"event": "g_lr_apply", "armed": true, "update_index": 5052, "g_lr_before": 0.00425, "g_lr_after": 0.002125, "fires": 3852, "prior_lr_before": 0.0085, "prior_lr_after": 0.00425}
{"event": "g_lr_apply", "armed": true, "update_index": 5053, "g_lr_before": 0.00425, "g_lr_after": 0.002125, "fires": 3853, "prior_lr_before": 0.0085, "prior_lr_after": 0.00425}
{"event": "g_lr_apply", "armed": true, "update_index": 5054, "g_lr_before": 0.00425, "g_lr_after": 0.002125, "fires": 3854, "prior_lr_before": 0.0085, "prior_lr_after": 0.00425}
{"event": "g_lr_apply", "armed": true, "update_index": 5055, "g_lr_before": 0.00425, "g_lr_after": 0.002125, "fires": 3855, "prior_lr_before": 0.0085, "prior_lr_after": 0.00425}
{"event": "g_lr_apply", "armed": true, "update_index": 5056, "g_lr_before": 0.00425, "g_lr_after": 0.002125, "fires": 3856, "prior_lr_before": 0.0085, "prior_lr_after": 0.00425}
{"event": "g_lr_apply", "armed": true, "update_index": 5057, "g_lr_before": 0.00425, "g_lr_after": 0.002125, "fires": 3857, "prior_lr_before": 0.0085, "prior_lr_after": 0.00425}
{"event": "g_lr_apply", "armed": true, "update_index": 5058, "g_lr_before": 0.00425, "g_lr_after": 0.002125, "fires": 3858, "prior_lr_before": 0.0085, "prior_lr_after": 0.00425}
{"event": "g_lr_apply", "armed": true, "update_index": 5059, "g_lr_before": 0.00425, "g_lr_after": 0.002125, "fires": 3859, "prior_lr_before": 0.0085, "prior_lr_after": 0.00425}
{"event": "g_lr_apply", "armed": true, "update_index": 5060, "g_lr_before": 0.00425, "g_lr_after": 0.002125, "fires": 3860, "prior_lr_before": 0.0085, "prior_lr_after": 0.00425}
{"event": "g_lr_apply", "armed": true, "update_index": 5061, "g_lr_before": 0.00425, "g_lr_after": 0.002125, "fires": 3861, "prior_lr_before": 0.0085, "prior_lr_after": 0.00425}
{"event": "g_lr_apply", "armed": true, "update_index": 5062, "g_lr_before": 0.00425, "g_lr_after": 0.002125, "fires": 3862, "prior_lr_before": 0.0085, "prior_lr_after": 0.00425}
{"event": "g_lr_apply", "armed": true, "update_index": 5063, "g_lr_before": 0.00425, "g_lr_after": 0.002125, "fires": 3863, "prior_lr_before": 0.0085, "prior_lr_after": 0.00425}
{"event": "g_lr_apply", "armed": true, "update_index": 5064, "g_lr_before": 0.00425, "g_lr_after": 0.002125, "fires": 3864, "prior_lr_before": 0.0085, "prior_lr_after": 0.00425}
{"event": "g_lr_apply", "armed": true, "update_index": 5065, "g_lr_before": 0.00425, "g_lr_after": 0.002125, "fires": 3865, "prior_lr_before": 0.0085, "prior_lr_after": 0.00425}
{"event": "g_lr_apply", "armed": true, "update_index": 5066, "g_lr_before": 0.00425, "g_lr_after": 0.002125, "fires": 3866, "prior_lr_before": 0.0085, "prior_lr_after": 0.00425}
{"event": "g_lr_apply", "armed": true, "update_index": 5067, "g_lr_before": 0.00425, "g_lr_after": 0.002125, "fires": 3867, "prior_lr_before": 0.0085, "prior_lr_after": 0.00425}
{"event": "g_lr_apply", "armed": true, "update_index": 5068, "g_lr_before": 0.00425, "g_lr_after": 0.002125, "fires": 3868, "prior_lr_before": 0.0085, "prior_lr_after": 0.00425}
{"event": "g_lr_apply", "armed": true, "update_index": 5069, "g_lr_before": 0.00425, "g_lr_after": 0.002125, "fires": 3869, "prior_lr_before": 0.0085, "prior_lr_after": 0.00425}
{"event": "g_lr_apply", "armed": true, "update_index": 5070, "g_lr_before": 0.00425, "g_lr_after": 0.002125, "fires": 3870, "prior_lr_before": 0.0085, "prior_lr_after": 0.00425}
{"event": "g_lr_apply", "armed": true, "update_index": 5071, "g_lr_before": 0.00425, "g_lr_after": 0.002125, "fires": 3871, "prior_lr_before": 0.0085, "prior_lr_after": 0.00425}
{"event": "g_lr_apply", "armed": true, "update_index": 5072, "g_lr_before": 0.00425, "g_lr_after": 0.002125, "fires": 3872, "prior_lr_before": 0.0085, "prior_lr_after": 0.00425}
{"event": "g_lr_apply", "armed": true, "update_index": 5073, "g_lr_before": 0.00425, "g_lr_after": 0.002125, "fires": 3873, "prior_lr_before": 0.0085, "prior_lr_after": 0.00425}
{"event": "g_lr_apply", "armed": true, "update_index": 5074, "g_lr_before": 0.00425, "g_lr_after": 0.002125, "fires": 3874, "prior_lr_before": 0.0085, "prior_lr_after": 0.00425}
{"event": "g_lr_apply", "armed": true, "update_index": 5075, "g_lr_before": 0.00425, "g_lr_after": 0.002125, "fires": 3875, "prior_lr_before": 0.0085, "prior_lr_after": 0.00425}
{"event": "g_lr_apply", "armed": true, "update_index": 5076, "g_lr_before": 0.00425, "g_lr_after": 0.002125, "fires": 3876, "prior_lr_before": 0.0085, "prior_lr_after": 0.00425}
{"event": "g_lr_apply", "armed": true, "update_index": 5077, "g_lr_before": 0.00425, "g_lr_after": 0.002125, "fires": 3877, "prior_lr_before": 0.0085, "prior_lr_after": 0.00425}
{"event": "g_lr_apply", "armed": true, "update_index": 5078, "g_lr_before": 0.00425, "g_lr_after": 0.002125, "fires": 3878, "prior_lr_before": 0.0085, "prior_lr_after": 0.00425}
{"event": "g_lr_apply", "armed": true, "update_index": 5079, "g_lr_before": 0.00425, "g_lr_after": 0.002125, "fires": 3879, "prior_lr_before": 0.0085, "prior_lr_after": 0.00425}
{"event": "g_lr_apply", "armed": true, "update_index": 5080, "g_lr_before": 0.00425, "g_lr_after": 0.002125, "fires": 3880, "prior_lr_before": 0.0085, "prior_lr_after": 0.00425}
{"event": "g_lr_apply", "armed": true, "update_index": 5081, "g_lr_before": 0.00425, "g_lr_after": 0.002125, "fires": 3881, "prior_lr_before": 0.0085, "prior_lr_after": 0.00425}
{"event": "g_lr_apply", "armed": true, "update_index": 5082, "g_lr_before": 0.00425, "g_lr_after": 0.002125, "fires": 3882, "prior_lr_before": 0.0085, "prior_lr_after": 0.00425}
{"event": "g_lr_apply", "armed": true, "update_index": 5083, "g_lr_before": 0.00425, "g_lr_after": 0.002125, "fires": 3883, "prior_lr_before": 0.0085, "prior_lr_after": 0.00425}
{"event": "g_lr_apply", "armed": true, "update_index": 5084, "g_lr_before": 0.00425, "g_lr_after": 0.002125, "fires": 3884, "prior_lr_before": 0.0085, "prior_lr_after": 0.00425}
{"event": "g_lr_apply", "armed": true, "update_index": 5085, "g_lr_before": 0.00425, "g_lr_after": 0.002125, "fires": 3885, "prior_lr_before": 0.0085, "prior_lr_after": 0.00425}
{"event": "g_lr_apply", "armed": true, "update_index": 5086, "g_lr_before": 0.00425, "g_lr_after": 0.002125, "fires": 3886, "prior_lr_before": 0.0085, "prior_lr_after": 0.00425}
{"event": "g_lr_apply", "armed": true, "update_index": 5087, "g_lr_before": 0.00425, "g_lr_after": 0.002125, "fires": 3887, "prior_lr_before": 0.0085, "prior_lr_after": 0.00425}
{"event": "g_lr_apply", "armed": true, "update_index": 5088, "g_lr_before": 0.00425, "g_lr_after": 0.002125, "fires": 3888, "prior_lr_before": 0.0085, "prior_lr_after": 0.00425}
{"event": "g_lr_apply", "armed": true, "update_index": 5089, "g_lr_before": 0.00425, "g_lr_after": 0.002125, "fires": 3889, "prior_lr_before": 0.0085, "prior_lr_after": 0.00425}
{"event": "g_lr_apply", "armed": true, "update_index": 5090, "g_lr_before": 0.00425, "g_lr_after": 0.002125, "fires": 3890, "prior_lr_before": 0.0085, "prior_lr_after": 0.00425}
{"event": "g_lr_apply", "armed": true, "update_index": 5091, "g_lr_before": 0.00425, "g_lr_after": 0.002125, "fires": 3891, "prior_lr_before": 0.0085, "prior_lr_after": 0.00425}
{"event": "g_lr_apply", "armed": true, "update_index": 5092, "g_lr_before": 0.00425, "g_lr_after": 0.002125, "fires": 3892, "prior_lr_before": 0.0085, "prior_lr_after": 0.00425}
{"event": "g_lr_apply", "armed": true, "update_index": 5093, "g_lr_before": 0.00425, "g_lr_after": 0.002125, "fires": 3893, "prior_lr_before": 0.0085, "prior_lr_after": 0.00425}
{"event": "g_lr_apply", "armed": true, "update_index": 5094, "g_lr_before": 0.00425, "g_lr_after": 0.002125, "fires": 3894, "prior_lr_before": 0.0085, "prior_lr_after": 0.00425}
{"event": "g_lr_apply", "armed": true, "update_index": 5095, "g_lr_before": 0.00425, "g_lr_after": 0.002125, "fires": 3895, "prior_lr_before": 0.0085, "prior_lr_after": 0.00425}
{"event": "g_lr_apply", "armed": true, "update_index": 5096, "g_lr_before": 0.00425, "g_lr_after": 0.002125, "fires": 3896, "prior_lr_before": 0.0085, "prior_lr_after": 0.00425}
{"event": "g_lr_apply", "armed": true, "update_index": 5097, "g_lr_before": 0.00425, "g_lr_after": 0.002125, "fires": 3897, "prior_lr_before": 0.0085, "prior_lr_after": 0.00425}
{"event": "g_lr_apply", "armed": true, "update_index": 5098, "g_lr_before": 0.00425, "g_lr_after": 0.002125, "fires": 3898, "prior_lr_before": 0.0085, "prior_lr_after": 0.00425}
{"event": "g_lr_apply", "armed": true, "update_index": 5099, "g_lr_before": 0.00425, "g_lr_after": 0.002125, "fires": 3899, "prior_lr_before": 0.0085, "prior_lr_after": 0.00425}
{"event": "g_lr_apply", "armed": true, "update_index": 5100, "g_lr_before": 0.00425, "g_lr_after": 0.002125, "fires": 3900, "prior_lr_before": 0.0085, "prior_lr_after": 0.00425}
{"event": "g_lr_apply", "armed": true, "update_index": 5101, "g_lr_before": 0.00425, "g_lr_after": 0.002125, "fires": 3901, "prior_lr_before": 0.0085, "prior_lr_after": 0.00425}
{"event": "g_lr_apply", "armed": true, "update_index": 5102, "g_lr_before": 0.00425, "g_lr_after": 0.002125, "fires": 3902, "prior_lr_before": 0.0085, "prior_lr_after": 0.00425}
{"event": "g_lr_apply", "armed": true, "update_index": 5103, "g_lr_before": 0.00425, "g_lr_after": 0.002125, "fires": 3903, "prior_lr_before": 0.0085, "prior_lr_after": 0.00425}
{"event": "g_lr_apply", "armed": true, "update_index": 5104, "g_lr_before": 0.00425, "g_lr_after": 0.002125, "fires": 3904, "prior_lr_before": 0.0085, "prior_lr_after": 0.00425}
{"event": "g_lr_apply", "armed": true, "update_index": 5105, "g_lr_before": 0.00425, "g_lr_after": 0.002125, "fires": 3905, "prior_lr_before": 0.0085, "prior_lr_after": 0.00425}
{"event": "g_lr_apply", "armed": true, "update_index": 5106, "g_lr_before": 0.00425, "g_lr_after": 0.002125, "fires": 3906, "prior_lr_before": 0.0085, "prior_lr_after": 0.00425}
{"event": "g_lr_apply", "armed": true, "update_index": 5107, "g_lr_before": 0.00425, "g_lr_after": 0.002125, "fires": 3907, "prior_lr_before": 0.0085, "prior_lr_after": 0.00425}
{"event": "g_lr_apply", "armed": true, "update_index": 5108, "g_lr_before": 0.00425, "g_lr_after": 0.002125, "fires": 3908, "prior_lr_before": 0.0085, "prior_lr_after": 0.00425}
{"event": "g_lr_apply", "armed": true, "update_index": 5109, "g_lr_before": 0.00425, "g_lr_after": 0.002125, "fires": 3909, "prior_lr_before": 0.0085, "prior_lr_after": 0.00425}
{"event": "g_lr_apply", "armed": true, "update_index": 5110, "g_lr_before": 0.00425, "g_lr_after": 0.002125, "fires": 3910, "prior_lr_before": 0.0085, "prior_lr_after": 0.00425}
{"event": "g_lr_apply", "armed": true, "update_index": 5111, "g_lr_before": 0.00425, "g_lr_after": 0.002125, "fires": 3911, "prior_lr_before": 0.0085, "prior_lr_after": 0.00425}
{"event": "g_lr_apply", "armed": true, "update_index": 5112, "g_lr_before": 0.00425, "g_lr_after": 0.002125, "fires": 3912, "prior_lr_before": 0.0085, "prior_lr_after": 0.00425}
{"event": "g_lr_apply", "armed": true, "update_index": 5113, "g_lr_before": 0.00425, "g_lr_after": 0.002125, "fires": 3913, "prior_lr_before": 0.0085, "prior_lr_after": 0.00425}
{"event": "g_lr_apply", "armed": true, "update_index": 5114, "g_lr_before": 0.00425, "g_lr_after": 0.002125, "fires": 3914, "prior_lr_before": 0.0085, "prior_lr_after": 0.00425}
{"event": "g_lr_apply", "armed": true, "update_index": 5115, "g_lr_before": 0.00425, "g_lr_after": 0.002125, "fires": 3915, "prior_lr_before": 0.0085, "prior_lr_after": 0.00425}
{"event": "g_lr_apply", "armed": true, "update_index": 5116, "g_lr_before": 0.00425, "g_lr_after": 0.002125, "fires": 3916, "prior_lr_before": 0.0085, "prior_lr_after": 0.00425}
{"event": "g_lr_apply", "armed": true, "update_index": 5117, "g_lr_before": 0.00425, "g_lr_after": 0.002125, "fires": 3917, "prior_lr_before": 0.0085, "prior_lr_after": 0.00425}
{"event": "g_lr_apply", "armed": true, "update_index": 5118, "g_lr_before": 0.00425, "g_lr_after": 0.002125, "fires": 3918, "prior_lr_before": 0.0085, "prior_lr_after": 0.00425}
{"event": "g_lr_apply", "armed": true, "update_index": 5119, "g_lr_before": 0.00425, "g_lr_after": 0.002125, "fires": 3919, "prior_lr_before": 0.0085, "prior_lr_after": 0.00425}
{"event": "g_lr_apply", "armed": true, "update_index": 5120, "g_lr_before": 0.00425, "g_lr_after": 0.002125, "fires": 3920, "prior_lr_before": 0.0085, "prior_lr_after": 0.00425}
{"event": "g_lr_apply", "armed": true, "update_index": 5121, "g_lr_before": 0.00425, "g_lr_after": 0.002125, "fires": 3921, "prior_lr_before": 0.0085, "prior_lr_after": 0.00425}
{"event": "g_lr_apply", "armed": true, "update_index": 5122, "g_lr_before": 0.00425, "g_lr_after": 0.002125, "fires": 3922, "prior_lr_before": 0.0085, "prior_lr_after": 0.00425}
{"event": "g_lr_apply", "armed": true, "update_index": 5123, "g_lr_before": 0.00425, "g_lr_after": 0.002125, "fires": 3923, "prior_lr_before": 0.0085, "prior_lr_after": 0.00425}
{"event": "g_lr_apply", "armed": true, "update_index": 5124, "g_lr_before": 0.00425, "g_lr_after": 0.002125, "fires": 3924, "prior_lr_before": 0.0085, "prior_lr_after": 0.00425}
{"event": "g_lr_apply", "armed": true, "update_index": 5125, "g_lr_before": 0.00425, "g_lr_after": 0.002125, "fires": 3925, "prior_lr_before": 0.0085, "prior_lr_after": 0.00425}
{"event": "g_lr_apply", "armed": true, "update_index": 5126, "g_lr_before": 0.00425, "g_lr_after": 0.002125, "fires": 3926, "prior_lr_before": 0.0085, "prior_lr_after": 0.00425}
{"event": "g_lr_apply", "armed": true, "update_index": 5127, "g_lr_before": 0.00425, "g_lr_after": 0.002125, "fires": 3927, "prior_lr_before": 0.0085, "prior_lr_after": 0.00425}
{"event": "g_lr_apply", "armed": true, "update_index": 5128, "g_lr_before": 0.00425, "g_lr_after": 0.002125, "fires": 3928, "prior_lr_before": 0.0085, "prior_lr_after": 0.00425}
{"event": "g_lr_apply", "armed": true, "update_index": 5129, "g_lr_before": 0.00425, "g_lr_after": 0.002125, "fires": 3929, "prior_lr_before": 0.0085, "prior_lr_after": 0.00425}
{"event": "g_lr_apply", "armed": true, "update_index": 5130, "g_lr_before": 0.00425, "g_lr_after": 0.002125, "fires": 3930, "prior_lr_before": 0.0085, "prior_lr_after": 0.00425}
{"event": "g_lr_apply", "armed": true, "update_index": 5131, "g_lr_before": 0.00425, "g_lr_after": 0.002125, "fires": 3931, "prior_lr_before": 0.0085, "prior_lr_after": 0.00425}
{"event": "g_lr_apply", "armed": true, "update_index": 5132, "g_lr_before": 0.00425, "g_lr_after": 0.002125, "fires": 3932, "prior_lr_before": 0.0085, "prior_lr_after": 0.00425}
{"event": "g_lr_apply", "armed": true, "update_index": 5133, "g_lr_before": 0.00425, "g_lr_after": 0.002125, "fires": 3933, "prior_lr_before": 0.0085, "prior_lr_after": 0.00425}
{"event": "g_lr_apply", "armed": true, "update_index": 5134, "g_lr_before": 0.00425, "g_lr_after": 0.002125, "fires": 3934, "prior_lr_before": 0.0085, "prior_lr_after": 0.00425}
{"event": "g_lr_apply", "armed": true, "update_index": 5135, "g_lr_before": 0.00425, "g_lr_after": 0.002125, "fires": 3935, "prior_lr_before": 0.0085, "prior_lr_after": 0.00425}
{"event": "g_lr_apply", "armed": true, "update_index": 5136, "g_lr_before": 0.00425, "g_lr_after": 0.002125, "fires": 3936, "prior_lr_before": 0.0085, "prior_lr_after": 0.00425}
{"event": "g_lr_apply", "armed": true, "update_index": 5137, "g_lr_before": 0.00425, "g_lr_after": 0.002125, "fires": 3937, "prior_lr_before": 0.0085, "prior_lr_after": 0.00425}
{"event": "g_lr_apply", "armed": true, "update_index": 5138, "g_lr_before": 0.00425, "g_lr_after": 0.002125, "fires": 3938, "prior_lr_before": 0.0085, "prior_lr_after": 0.00425}
{"event": "g_lr_apply", "armed": true, "update_index": 5139, "g_lr_before": 0.00425, "g_lr_after": 0.002125, "fires": 3939, "prior_lr_before": 0.0085, "prior_lr_after": 0.00425}
{"event": "g_lr_apply", "armed": true, "update_index": 5140, "g_lr_before": 0.00425, "g_lr_after": 0.002125, "fires": 3940, "prior_lr_before": 0.0085, "prior_lr_after": 0.00425}
{"event": "g_lr_apply", "armed": true, "update_index": 5141, "g_lr_before": 0.00425, "g_lr_after": 0.002125, "fires": 3941, "prior_lr_before": 0.0085, "prior_lr_after": 0.00425}
{"event": "g_lr_apply", "armed": true, "update_index": 5142, "g_lr_before": 0.00425, "g_lr_after": 0.002125, "fires": 3942, "prior_lr_before": 0.0085, "prior_lr_after": 0.00425}
{"event": "g_lr_apply", "armed": true, "update_index": 5143, "g_lr_before": 0.00425, "g_lr_after": 0.002125, "fires": 3943, "prior_lr_before": 0.0085, "prior_lr_after": 0.00425}
{"event": "g_lr_apply", "armed": true, "update_index": 5144, "g_lr_before": 0.00425, "g_lr_after": 0.002125, "fires": 3944, "prior_lr_before": 0.0085, "prior_lr_after": 0.00425}
{"event": "g_lr_apply", "armed": true, "update_index": 5145, "g_lr_before": 0.00425, "g_lr_after": 0.002125, "fires": 3945, "prior_lr_before": 0.0085, "prior_lr_after": 0.00425}
{"event": "g_lr_apply", "armed": true, "update_index": 5146, "g_lr_before": 0.00425, "g_lr_after": 0.002125, "fires": 3946, "prior_lr_before": 0.0085, "prior_lr_after": 0.00425}
{"event": "g_lr_apply", "armed": true, "update_index": 5147, "g_lr_before": 0.00425, "g_lr_after": 0.002125, "fires": 3947, "prior_lr_before": 0.0085, "prior_lr_after": 0.00425}
{"event": "g_lr_apply", "armed": true, "update_index": 5148, "g_lr_before": 0.00425, "g_lr_after": 0.002125, "fires": 3948, "prior_lr_before": 0.0085, "prior_lr_after": 0.00425}
{"event": "g_lr_apply", "armed": true, "update_index": 5149, "g_lr_before": 0.00425, "g_lr_after": 0.002125, "fires": 3949, "prior_lr_before": 0.0085, "prior_lr_after": 0.00425}
{"event": "g_lr_apply", "armed": true, "update_index": 5150, "g_lr_before": 0.00425, "g_lr_after": 0.002125, "fires": 3950, "prior_lr_before": 0.0085, "prior_lr_after": 0.00425}
{"event": "g_lr_apply", "armed": true, "update_index": 5151, "g_lr_before": 0.00425, "g_lr_after": 0.002125, "fires": 3951, "prior_lr_before": 0.0085, "prior_lr_after": 0.00425}
{"event": "g_lr_apply", "armed": true, "update_index": 5152, "g_lr_before": 0.00425, "g_lr_after": 0.002125, "fires": 3952, "prior_lr_before": 0.0085, "prior_lr_after": 0.00425}
{"event": "g_lr_apply", "armed": true, "update_index": 5153, "g_lr_before": 0.00425, "g_lr_after": 0.002125, "fires": 3953, "prior_lr_before": 0.0085, "prior_lr_after": 0.00425}
{"event": "g_lr_apply", "armed": true, "update_index": 5154, "g_lr_before": 0.00425, "g_lr_after": 0.002125, "fires": 3954, "prior_lr_before": 0.0085, "prior_lr_after": 0.00425}
{"event": "g_lr_apply", "armed": true, "update_index": 5155, "g_lr_before": 0.00425, "g_lr_after": 0.002125, "fires": 3955, "prior_lr_before": 0.0085, "prior_lr_after": 0.00425}
{"event": "g_lr_apply", "armed": true, "update_index": 5156, "g_lr_before": 0.00425, "g_lr_after": 0.002125, "fires": 3956, "prior_lr_before": 0.0085, "prior_lr_after": 0.00425}
{"event": "g_lr_apply", "armed": true, "update_index": 5157, "g_lr_before": 0.00425, "g_lr_after": 0.002125, "fires": 3957, "prior_lr_before": 0.0085, "prior_lr_after": 0.00425}
{"event": "g_lr_apply", "armed": true, "update_index": 5158, "g_lr_before": 0.00425, "g_lr_after": 0.002125, "fires": 3958, "prior_lr_before": 0.0085, "prior_lr_after": 0.00425}
{"event": "g_lr_apply", "armed": true, "update_index": 5159, "g_lr_before": 0.00425, "g_lr_after": 0.002125, "fires": 3959, "prior_lr_before": 0.0085, "prior_lr_after": 0.00425}
{"event": "g_lr_apply", "armed": true, "update_index": 5160, "g_lr_before": 0.00425, "g_lr_after": 0.002125, "fires": 3960, "prior_lr_before": 0.0085, "prior_lr_after": 0.00425}
{"event": "g_lr_apply", "armed": true, "update_index": 5161, "g_lr_before": 0.00425, "g_lr_after": 0.002125, "fires": 3961, "prior_lr_before": 0.0085, "prior_lr_after": 0.00425}
{"event": "g_lr_apply", "armed": true, "update_index": 5162, "g_lr_before": 0.00425, "g_lr_after": 0.002125, "fires": 3962, "prior_lr_before": 0.0085, "prior_lr_after": 0.00425}
{"event": "g_lr_apply", "armed": true, "update_index": 5163, "g_lr_before": 0.00425, "g_lr_after": 0.002125, "fires": 3963, "prior_lr_before": 0.0085, "prior_lr_after": 0.00425}
{"event": "g_lr_apply", "armed": true, "update_index": 5164, "g_lr_before": 0.00425, "g_lr_after": 0.002125, "fires": 3964, "prior_lr_before": 0.0085, "prior_lr_after": 0.00425}
{"event": "g_lr_apply", "armed": true, "update_index": 5165, "g_lr_before": 0.00425, "g_lr_after": 0.002125, "fires": 3965, "prior_lr_before": 0.0085, "prior_lr_after": 0.00425}
{"event": "g_lr_apply", "armed": true, "update_index": 5166, "g_lr_before": 0.00425, "g_lr_after": 0.002125, "fires": 3966, "prior_lr_before": 0.0085, "prior_lr_after": 0.00425}
{"event": "g_lr_apply", "armed": true, "update_index": 5167, "g_lr_before": 0.00425, "g_lr_after": 0.002125, "fires": 3967, "prior_lr_before": 0.0085, "prior_lr_after": 0.00425}
{"event": "g_lr_apply", "armed": true, "update_index": 5168, "g_lr_before": 0.00425, "g_lr_after": 0.002125, "fires": 3968, "prior_lr_before": 0.0085, "prior_lr_after": 0.00425}
{"event": "g_lr_apply", "armed": true, "update_index": 5169, "g_lr_before": 0.00425, "g_lr_after": 0.002125, "fires": 3969, "prior_lr_before": 0.0085, "prior_lr_after": 0.00425}
{"event": "g_lr_apply", "armed": true, "update_index": 5170, "g_lr_before": 0.00425, "g_lr_after": 0.002125, "fires": 3970, "prior_lr_before": 0.0085, "prior_lr_after": 0.00425}
{"event": "g_lr_apply", "armed": true, "update_index": 5171, "g_lr_before": 0.00425, "g_lr_after": 0.002125, "fires": 3971, "prior_lr_before": 0.0085, "prior_lr_after": 0.00425}
{"event": "g_lr_apply", "armed": true, "update_index": 5172, "g_lr_before": 0.00425, "g_lr_after": 0.002125, "fires": 3972, "prior_lr_before": 0.0085, "prior_lr_after": 0.00425}
{"event": "g_lr_apply", "armed": true, "update_index": 5173, "g_lr_before": 0.00425, "g_lr_after": 0.002125, "fires": 3973, "prior_lr_before": 0.0085, "prior_lr_after": 0.00425}
{"event": "g_lr_apply", "armed": true, "update_index": 5174, "g_lr_before": 0.00425, "g_lr_after": 0.002125, "fires": 3974, "prior_lr_before": 0.0085, "prior_lr_after": 0.00425}
{"event": "g_lr_apply", "armed": true, "update_index": 5175, "g_lr_before": 0.00425, "g_lr_after": 0.002125, "fires": 3975, "prior_lr_before": 0.0085, "prior_lr_after": 0.00425}
{"event": "g_lr_apply", "armed": true, "update_index": 5176, "g_lr_before": 0.00425, "g_lr_after": 0.002125, "fires": 3976, "prior_lr_before": 0.0085, "prior_lr_after": 0.00425}
{"event": "g_lr_apply", "armed": true, "update_index": 5177, "g_lr_before": 0.00425, "g_lr_after": 0.002125, "fires": 3977, "prior_lr_before": 0.0085, "prior_lr_after": 0.00425}
{"event": "g_lr_apply", "armed": true, "update_index": 5178, "g_lr_before": 0.00425, "g_lr_after": 0.002125, "fires": 3978, "prior_lr_before": 0.0085, "prior_lr_after": 0.00425}
{"event": "g_lr_apply", "armed": true, "update_index": 5179, "g_lr_before": 0.00425, "g_lr_after": 0.002125, "fires": 3979, "prior_lr_before": 0.0085, "prior_lr_after": 0.00425}
{"event": "g_lr_apply", "armed": true, "update_index": 5180, "g_lr_before": 0.00425, "g_lr_after": 0.002125, "fires": 3980, "prior_lr_before": 0.0085, "prior_lr_after": 0.00425}
{"event": "g_lr_apply", "armed": true, "update_index": 5181, "g_lr_before": 0.00425, "g_lr_after": 0.002125, "fires": 3981, "prior_lr_before": 0.0085, "prior_lr_after": 0.00425}
{"event": "g_lr_apply", "armed": true, "update_index": 5182, "g_lr_before": 0.00425, "g_lr_after": 0.002125, "fires": 3982, "prior_lr_before": 0.0085, "prior_lr_after": 0.00425}
{"event": "g_lr_apply", "armed": true, "update_index": 5183, "g_lr_before": 0.00425, "g_lr_after": 0.002125, "fires": 3983, "prior_lr_before": 0.0085, "prior_lr_after": 0.00425}
{"event": "g_lr_apply", "armed": true, "update_index": 5184, "g_lr_before": 0.00425, "g_lr_after": 0.002125, "fires": 3984, "prior_lr_before": 0.0085, "prior_lr_after": 0.00425}
{"event": "g_lr_apply", "armed": true, "update_index": 5185, "g_lr_before": 0.00425, "g_lr_after": 0.002125, "fires": 3985, "prior_lr_before": 0.0085, "prior_lr_after": 0.00425}
{"event": "g_lr_apply", "armed": true, "update_index": 5186, "g_lr_before": 0.00425, "g_lr_after": 0.002125, "fires": 3986, "prior_lr_before": 0.0085, "prior_lr_after": 0.00425}
{"event": "g_lr_apply", "armed": true, "update_index": 5187, "g_lr_before": 0.00425, "g_lr_after": 0.002125, "fires": 3987, "prior_lr_before": 0.0085, "prior_lr_after": 0.00425}
{"event": "g_lr_apply", "armed": true, "update_index": 5188, "g_lr_before": 0.00425, "g_lr_after": 0.002125, "fires": 3988, "prior_lr_before": 0.0085, "prior_lr_after": 0.00425}
{"event": "g_lr_apply", "armed": true, "update_index": 5189, "g_lr_before": 0.00425, "g_lr_after": 0.002125, "fires": 3989, "prior_lr_before": 0.0085, "prior_lr_after": 0.00425}
{"event": "g_lr_apply", "armed": true, "update_index": 5190, "g_lr_before": 0.00425, "g_lr_after": 0.002125, "fires": 3990, "prior_lr_before": 0.0085, "prior_lr_after": 0.00425}
{"event": "g_lr_apply", "armed": true, "update_index": 5191, "g_lr_before": 0.00425, "g_lr_after": 0.002125, "fires": 3991, "prior_lr_before": 0.0085, "prior_lr_after": 0.00425}
{"event": "g_lr_apply", "armed": true, "update_index": 5192, "g_lr_before": 0.00425, "g_lr_after": 0.002125, "fires": 3992, "prior_lr_before": 0.0085, "prior_lr_after": 0.00425}
{"event": "g_lr_apply", "armed": true, "update_index": 5193, "g_lr_before": 0.00425, "g_lr_after": 0.002125, "fires": 3993, "prior_lr_before": 0.0085, "prior_lr_after": 0.00425}
{"event": "g_lr_apply", "armed": true, "update_index": 5194, "g_lr_before": 0.00425, "g_lr_after": 0.002125, "fires": 3994, "prior_lr_before": 0.0085, "prior_lr_after": 0.00425}
{"event": "g_lr_apply", "armed": true, "update_index": 5195, "g_lr_before": 0.00425, "g_lr_after": 0.002125, "fires": 3995, "prior_lr_before": 0.0085, "prior_lr_after": 0.00425}
{"event": "g_lr_apply", "armed": true, "update_index": 5196, "g_lr_before": 0.00425, "g_lr_after": 0.002125, "fires": 3996, "prior_lr_before": 0.0085, "prior_lr_after": 0.00425}
{"event": "g_lr_apply", "armed": true, "update_index": 5197, "g_lr_before": 0.00425, "g_lr_after": 0.002125, "fires": 3997, "prior_lr_before": 0.0085, "prior_lr_after": 0.00425}
{"event": "g_lr_apply", "armed": true, "update_index": 5198, "g_lr_before": 0.00425, "g_lr_after": 0.002125, "fires": 3998, "prior_lr_before": 0.0085, "prior_lr_after": 0.00425}
{"event": "g_lr_apply", "armed": true, "update_index": 5199, "g_lr_before": 0.00425, "g_lr_after": 0.002125, "fires": 3999, "prior_lr_before": 0.0085, "prior_lr_after": 0.00425}
{"event": "g_lr_apply", "armed": true, "update_index": 5200, "g_lr_before": 0.00425, "g_lr_after": 0.002125, "fires": 4000, "prior_lr_before": 0.0085, "prior_lr_after": 0.00425}
{"event": "g_lr_apply", "armed": true, "update_index": 5201, "g_lr_before": 0.00425, "g_lr_after": 0.002125, "fires": 4001, "prior_lr_before": 0.0085, "prior_lr_after": 0.00425}
{"event": "g_lr_apply", "armed": true, "update_index": 5202, "g_lr_before": 0.00425, "g_lr_after": 0.002125, "fires": 4002, "prior_lr_before": 0.0085, "prior_lr_after": 0.00425}
{"event": "g_lr_apply", "armed": true, "update_index": 5203, "g_lr_before": 0.00425, "g_lr_after": 0.002125, "fires": 4003, "prior_lr_before": 0.0085, "prior_lr_after": 0.00425}
{"event": "g_lr_apply", "armed": true, "update_index": 5204, "g_lr_before": 0.00425, "g_lr_after": 0.002125, "fires": 4004, "prior_lr_before": 0.0085, "prior_lr_after": 0.00425}
{"event": "g_lr_apply", "armed": true, "update_index": 5205, "g_lr_before": 0.00425, "g_lr_after": 0.002125, "fires": 4005, "prior_lr_before": 0.0085, "prior_lr_after": 0.00425}
{"event": "g_lr_apply", "armed": true, "update_index": 5206, "g_lr_before": 0.00425, "g_lr_after": 0.002125, "fires": 4006, "prior_lr_before": 0.0085, "prior_lr_after": 0.00425}
{"event": "g_lr_apply", "armed": true, "update_index": 5207, "g_lr_before": 0.00425, "g_lr_after": 0.002125, "fires": 4007, "prior_lr_before": 0.0085, "prior_lr_after": 0.00425}
{"event": "g_lr_apply", "armed": true, "update_index": 5208, "g_lr_before": 0.00425, "g_lr_after": 0.002125, "fires": 4008, "prior_lr_before": 0.0085, "prior_lr_after": 0.00425}
{"event": "g_lr_apply", "armed": true, "update_index": 5209, "g_lr_before": 0.00425, "g_lr_after": 0.002125, "fires": 4009, "prior_lr_before": 0.0085, "prior_lr_after": 0.00425}
{"event": "g_lr_apply", "armed": true, "update_index": 5210, "g_lr_before": 0.00425, "g_lr_after": 0.002125, "fires": 4010, "prior_lr_before": 0.0085, "prior_lr_after": 0.00425}
{"event": "g_lr_apply", "armed": true, "update_index": 5211, "g_lr_before": 0.00425, "g_lr_after": 0.002125, "fires": 4011, "prior_lr_before": 0.0085, "prior_lr_after": 0.00425}
{"event": "g_lr_apply", "armed": true, "update_index": 5212, "g_lr_before": 0.00425, "g_lr_after": 0.002125, "fires": 4012, "prior_lr_before": 0.0085, "prior_lr_after": 0.00425}
{"event": "g_lr_apply", "armed": true, "update_index": 5213, "g_lr_before": 0.00425, "g_lr_after": 0.002125, "fires": 4013, "prior_lr_before": 0.0085, "prior_lr_after": 0.00425}
{"event": "g_lr_apply", "armed": true, "update_index": 5214, "g_lr_before": 0.00425, "g_lr_after": 0.002125, "fires": 4014, "prior_lr_before": 0.0085, "prior_lr_after": 0.00425}
{"event": "g_lr_apply", "armed": true, "update_index": 5215, "g_lr_before": 0.00425, "g_lr_after": 0.002125, "fires": 4015, "prior_lr_before": 0.0085, "prior_lr_after": 0.00425}
{"event": "g_lr_apply", "armed": true, "update_index": 5216, "g_lr_before": 0.00425, "g_lr_after": 0.002125, "fires": 4016, "prior_lr_before": 0.0085, "prior_lr_after": 0.00425}
{"event": "g_lr_apply", "armed": true, "update_index": 5217, "g_lr_before": 0.00425, "g_lr_after": 0.002125, "fires": 4017, "prior_lr_before": 0.0085, "prior_lr_after": 0.00425}
{"event": "g_lr_apply", "armed": true, "update_index": 5218, "g_lr_before": 0.00425, "g_lr_after": 0.002125, "fires": 4018, "prior_lr_before": 0.0085, "prior_lr_after": 0.00425}
{"event": "g_lr_apply", "armed": true, "update_index": 5219, "g_lr_before": 0.00425, "g_lr_after": 0.002125, "fires": 4019, "prior_lr_before": 0.0085, "prior_lr_after": 0.00425}
{"event": "g_lr_apply", "armed": true, "update_index": 5220, "g_lr_before": 0.00425, "g_lr_after": 0.002125, "fires": 4020, "prior_lr_before": 0.0085, "prior_lr_after": 0.00425}
{"event": "g_lr_apply", "armed": true, "update_index": 5221, "g_lr_before": 0.00425, "g_lr_after": 0.002125, "fires": 4021, "prior_lr_before": 0.0085, "prior_lr_after": 0.00425}
{"event": "g_lr_apply", "armed": true, "update_index": 5222, "g_lr_before": 0.00425, "g_lr_after": 0.002125, "fires": 4022, "prior_lr_before": 0.0085, "prior_lr_after": 0.00425}
{"event": "g_lr_apply", "armed": true, "update_index": 5223, "g_lr_before": 0.00425, "g_lr_after": 0.002125, "fires": 4023, "prior_lr_before": 0.0085, "prior_lr_after": 0.00425}
{"event": "g_lr_apply", "armed": true, "update_index": 5224, "g_lr_before": 0.00425, "g_lr_after": 0.002125, "fires": 4024, "prior_lr_before": 0.0085, "prior_lr_after": 0.00425}
{"event": "g_lr_apply", "armed": true, "update_index": 5225, "g_lr_before": 0.00425, "g_lr_after": 0.002125, "fires": 4025, "prior_lr_before": 0.0085, "prior_lr_after": 0.00425}
{"event": "g_lr_apply", "armed": true, "update_index": 5226, "g_lr_before": 0.00425, "g_lr_after": 0.002125, "fires": 4026, "prior_lr_before": 0.0085, "prior_lr_after": 0.00425}
{"event": "g_lr_apply", "armed": true, "update_index": 5227, "g_lr_before": 0.00425, "g_lr_after": 0.002125, "fires": 4027, "prior_lr_before": 0.0085, "prior_lr_after": 0.00425}
{"event": "g_lr_apply", "armed": true, "update_index": 5228, "g_lr_before": 0.00425, "g_lr_after": 0.002125, "fires": 4028, "prior_lr_before": 0.0085, "prior_lr_after": 0.00425}
{"event": "g_lr_apply", "armed": true, "update_index": 5229, "g_lr_before": 0.00425, "g_lr_after": 0.002125, "fires": 4029, "prior_lr_before": 0.0085, "prior_lr_after": 0.00425}
{"event": "g_lr_apply", "armed": true, "update_index": 5230, "g_lr_before": 0.00425, "g_lr_after": 0.002125, "fires": 4030, "prior_lr_before": 0.0085, "prior_lr_after": 0.00425}
{"event": "g_lr_apply", "armed": true, "update_index": 5231, "g_lr_before": 0.00425, "g_lr_after": 0.002125, "fires": 4031, "prior_lr_before": 0.0085, "prior_lr_after": 0.00425}
{"event": "g_lr_apply", "armed": true, "update_index": 5232, "g_lr_before": 0.00425, "g_lr_after": 0.002125, "fires": 4032, "prior_lr_before": 0.0085, "prior_lr_after": 0.00425}
{"event": "g_lr_apply", "armed": true, "update_index": 5233, "g_lr_before": 0.00425, "g_lr_after": 0.002125, "fires": 4033, "prior_lr_before": 0.0085, "prior_lr_after": 0.00425}
{"event": "g_lr_apply", "armed": true, "update_index": 5234, "g_lr_before": 0.00425, "g_lr_after": 0.002125, "fires": 4034, "prior_lr_before": 0.0085, "prior_lr_after": 0.00425}
{"event": "g_lr_apply", "armed": true, "update_index": 5235, "g_lr_before": 0.00425, "g_lr_after": 0.002125, "fires": 4035, "prior_lr_before": 0.0085, "prior_lr_after": 0.00425}
{"event": "g_lr_apply", "armed": true, "update_index": 5236, "g_lr_before": 0.00425, "g_lr_after": 0.002125, "fires": 4036, "prior_lr_before": 0.0085, "prior_lr_after": 0.00425}
{"event": "g_lr_apply", "armed": true, "update_index": 5237, "g_lr_before": 0.00425, "g_lr_after": 0.002125, "fires": 4037, "prior_lr_before": 0.0085, "prior_lr_after": 0.00425}
{"event": "g_lr_apply", "armed": true, "update_index": 5238, "g_lr_before": 0.00425, "g_lr_after": 0.002125, "fires": 4038, "prior_lr_before": 0.0085, "prior_lr_after": 0.00425}
{"event": "g_lr_apply", "armed": true, "update_index": 5239, "g_lr_before": 0.00425, "g_lr_after": 0.002125, "fires": 4039, "prior_lr_before": 0.0085, "prior_lr_after": 0.00425}
{"event": "g_lr_apply", "armed": true, "update_index": 5240, "g_lr_before": 0.00425, "g_lr_after": 0.002125, "fires": 4040, "prior_lr_before": 0.0085, "prior_lr_after": 0.00425}
{"event": "g_lr_apply", "armed": true, "update_index": 5241, "g_lr_before": 0.00425, "g_lr_after": 0.002125, "fires": 4041, "prior_lr_before": 0.0085, "prior_lr_after": 0.00425}
{"event": "g_lr_apply", "armed": true, "update_index": 5242, "g_lr_before": 0.00425, "g_lr_after": 0.002125, "fires": 4042, "prior_lr_before": 0.0085, "prior_lr_after": 0.00425}
{"event": "g_lr_apply", "armed": true, "update_index": 5243, "g_lr_before": 0.00425, "g_lr_after": 0.002125, "fires": 4043, "prior_lr_before": 0.0085, "prior_lr_after": 0.00425}
{"event": "g_lr_apply", "armed": true, "update_index": 5244, "g_lr_before": 0.00425, "g_lr_after": 0.002125, "fires": 4044, "prior_lr_before": 0.0085, "prior_lr_after": 0.00425}
{"event": "g_lr_apply", "armed": true, "update_index": 5245, "g_lr_before": 0.00425, "g_lr_after": 0.002125, "fires": 4045, "prior_lr_before": 0.0085, "prior_lr_after": 0.00425}
{"event": "g_lr_apply", "armed": true, "update_index": 5246, "g_lr_before": 0.00425, "g_lr_after": 0.002125, "fires": 4046, "prior_lr_before": 0.0085, "prior_lr_after": 0.00425}
{"event": "g_lr_apply", "armed": true, "update_index": 5247, "g_lr_before": 0.00425, "g_lr_after": 0.002125, "fires": 4047, "prior_lr_before": 0.0085, "prior_lr_after": 0.00425}
{"event": "g_lr_apply", "armed": true, "update_index": 5248, "g_lr_before": 0.00425, "g_lr_after": 0.002125, "fires": 4048, "prior_lr_before": 0.0085, "prior_lr_after": 0.00425}
{"event": "g_lr_apply", "armed": true, "update_index": 5249, "g_lr_before": 0.00425, "g_lr_after": 0.002125, "fires": 4049, "prior_lr_before": 0.0085, "prior_lr_after": 0.00425}
{"event": "g_lr_apply", "armed": true, "update_index": 5250, "g_lr_before": 0.00425, "g_lr_after": 0.002125, "fires": 4050, "prior_lr_before": 0.0085, "prior_lr_after": 0.00425}
{"event": "g_lr_apply", "armed": true, "update_index": 5251, "g_lr_before": 0.00425, "g_lr_after": 0.002125, "fires": 4051, "prior_lr_before": 0.0085, "prior_lr_after": 0.00425}
{"event": "g_lr_apply", "armed": true, "update_index": 5252, "g_lr_before": 0.00425, "g_lr_after": 0.002125, "fires": 4052, "prior_lr_before": 0.0085, "prior_lr_after": 0.00425}
{"event": "g_lr_apply", "armed": true, "update_index": 5253, "g_lr_before": 0.00425, "g_lr_after": 0.002125, "fires": 4053, "prior_lr_before": 0.0085, "prior_lr_after": 0.00425}
{"event": "g_lr_apply", "armed": true, "update_index": 5254, "g_lr_before": 0.00425, "g_lr_after": 0.002125, "fires": 4054, "prior_lr_before": 0.0085, "prior_lr_after": 0.00425}
{"event": "g_lr_apply", "armed": true, "update_index": 5255, "g_lr_before": 0.00425, "g_lr_after": 0.002125, "fires": 4055, "prior_lr_before": 0.0085, "prior_lr_after": 0.00425}
{"event": "g_lr_apply", "armed": true, "update_index": 5256, "g_lr_before": 0.00425, "g_lr_after": 0.002125, "fires": 4056, "prior_lr_before": 0.0085, "prior_lr_after": 0.00425}
{"event": "g_lr_apply", "armed": true, "update_index": 5257, "g_lr_before": 0.00425, "g_lr_after": 0.002125, "fires": 4057, "prior_lr_before": 0.0085, "prior_lr_after": 0.00425}
{"event": "g_lr_apply", "armed": true, "update_index": 5258, "g_lr_before": 0.00425, "g_lr_after": 0.002125, "fires": 4058, "prior_lr_before": 0.0085, "prior_lr_after": 0.00425}
{"event": "g_lr_apply", "armed": true, "update_index": 5259, "g_lr_before": 0.00425, "g_lr_after": 0.002125, "fires": 4059, "prior_lr_before": 0.0085, "prior_lr_after": 0.00425}
{"event": "g_lr_apply", "armed": true, "update_index": 5260, "g_lr_before": 0.00425, "g_lr_after": 0.002125, "fires": 4060, "prior_lr_before": 0.0085, "prior_lr_after": 0.00425}
{"event": "g_lr_apply", "armed": true, "update_index": 5261, "g_lr_before": 0.00425, "g_lr_after": 0.002125, "fires": 4061, "prior_lr_before": 0.0085, "prior_lr_after": 0.00425}
{"event": "g_lr_apply", "armed": true, "update_index": 5262, "g_lr_before": 0.00425, "g_lr_after": 0.002125, "fires": 4062, "prior_lr_before": 0.0085, "prior_lr_after": 0.00425}
{"event": "g_lr_apply", "armed": true, "update_index": 5263, "g_lr_before": 0.00425, "g_lr_after": 0.002125, "fires": 4063, "prior_lr_before": 0.0085, "prior_lr_after": 0.00425}
{"event": "g_lr_apply", "armed": true, "update_index": 5264, "g_lr_before": 0.00425, "g_lr_after": 0.002125, "fires": 4064, "prior_lr_before": 0.0085, "prior_lr_after": 0.00425}
{"event": "g_lr_apply", "armed": true, "update_index": 5265, "g_lr_before": 0.00425, "g_lr_after": 0.002125, "fires": 4065, "prior_lr_before": 0.0085, "prior_lr_after": 0.00425}
{"event": "g_lr_apply", "armed": true, "update_index": 5266, "g_lr_before": 0.00425, "g_lr_after": 0.002125, "fires": 4066, "prior_lr_before": 0.0085, "prior_lr_after": 0.00425}
{"event": "g_lr_apply", "armed": true, "update_index": 5267, "g_lr_before": 0.00425, "g_lr_after": 0.002125, "fires": 4067, "prior_lr_before": 0.0085, "prior_lr_after": 0.00425}
{"event": "g_lr_apply", "armed": true, "update_index": 5268, "g_lr_before": 0.00425, "g_lr_after": 0.002125, "fires": 4068, "prior_lr_before": 0.0085, "prior_lr_after": 0.00425}
{"event": "g_lr_apply", "armed": true, "update_index": 5269, "g_lr_before": 0.00425, "g_lr_after": 0.002125, "fires": 4069, "prior_lr_before": 0.0085, "prior_lr_after": 0.00425}
{"event": "g_lr_apply", "armed": true, "update_index": 5270, "g_lr_before": 0.00425, "g_lr_after": 0.002125, "fires": 4070, "prior_lr_before": 0.0085, "prior_lr_after": 0.00425}
{"event": "g_lr_apply", "armed": true, "update_index": 5271, "g_lr_before": 0.00425, "g_lr_after": 0.002125, "fires": 4071, "prior_lr_before": 0.0085, "prior_lr_after": 0.00425}
{"event": "g_lr_apply", "armed": true, "update_index": 5272, "g_lr_before": 0.00425, "g_lr_after": 0.002125, "fires": 4072, "prior_lr_before": 0.0085, "prior_lr_after": 0.00425}
{"event": "g_lr_apply", "armed": true, "update_index": 5273, "g_lr_before": 0.00425, "g_lr_after": 0.002125, "fires": 4073, "prior_lr_before": 0.0085, "prior_lr_after": 0.00425}
{"event": "g_lr_apply", "armed": true, "update_index": 5274, "g_lr_before": 0.00425, "g_lr_after": 0.002125, "fires": 4074, "prior_lr_before": 0.0085, "prior_lr_after": 0.00425}
{"event": "g_lr_apply", "armed": true, "update_index": 5275, "g_lr_before": 0.00425, "g_lr_after": 0.002125, "fires": 4075, "prior_lr_before": 0.0085, "prior_lr_after": 0.00425}
{"event": "g_lr_apply", "armed": true, "update_index": 5276, "g_lr_before": 0.00425, "g_lr_after": 0.002125, "fires": 4076, "prior_lr_before": 0.0085, "prior_lr_after": 0.00425}
{"event": "g_lr_apply", "armed": true, "update_index": 5277, "g_lr_before": 0.00425, "g_lr_after": 0.002125, "fires": 4077, "prior_lr_before": 0.0085, "prior_lr_after": 0.00425}
{"event": "g_lr_apply", "armed": true, "update_index": 5278, "g_lr_before": 0.00425, "g_lr_after": 0.002125, "fires": 4078, "prior_lr_before": 0.0085, "prior_lr_after": 0.00425}
{"event": "g_lr_apply", "armed": true, "update_index": 5279, "g_lr_before": 0.00425, "g_lr_after": 0.002125, "fires": 4079, "prior_lr_before": 0.0085, "prior_lr_after": 0.00425}
{"event": "g_lr_apply", "armed": true, "update_index": 5280, "g_lr_before": 0.00425, "g_lr_after": 0.002125, "fires": 4080, "prior_lr_before": 0.0085, "prior_lr_after": 0.00425}
{"event": "g_lr_apply", "armed": true, "update_index": 5281, "g_lr_before": 0.00425, "g_lr_after": 0.002125, "fires": 4081, "prior_lr_before": 0.0085, "prior_lr_after": 0.00425}
{"event": "g_lr_apply", "armed": true, "update_index": 5282, "g_lr_before": 0.00425, "g_lr_after": 0.002125, "fires": 4082, "prior_lr_before": 0.0085, "prior_lr_after": 0.00425}
{"event": "g_lr_apply", "armed": true, "update_index": 5283, "g_lr_before": 0.00425, "g_lr_after": 0.002125, "fires": 4083, "prior_lr_before": 0.0085, "prior_lr_after": 0.00425}
{"event": "g_lr_apply", "armed": true, "update_index": 5284, "g_lr_before": 0.00425, "g_lr_after": 0.002125, "fires": 4084, "prior_lr_before": 0.0085, "prior_lr_after": 0.00425}
{"event": "g_lr_apply", "armed": true, "update_index": 5285, "g_lr_before": 0.00425, "g_lr_after": 0.002125, "fires": 4085, "prior_lr_before": 0.0085, "prior_lr_after": 0.00425}
{"event": "g_lr_apply", "armed": true, "update_index": 5286, "g_lr_before": 0.00425, "g_lr_after": 0.002125, "fires": 4086, "prior_lr_before": 0.0085, "prior_lr_after": 0.00425}
{"event": "g_lr_apply", "armed": true, "update_index": 5287, "g_lr_before": 0.00425, "g_lr_after": 0.002125, "fires": 4087, "prior_lr_before": 0.0085, "prior_lr_after": 0.00425}
{"event": "g_lr_apply", "armed": true, "update_index": 5288, "g_lr_before": 0.00425, "g_lr_after": 0.002125, "fires": 4088, "prior_lr_before": 0.0085, "prior_lr_after": 0.00425}
{"event": "g_lr_apply", "armed": true, "update_index": 5289, "g_lr_before": 0.00425, "g_lr_after": 0.002125, "fires": 4089, "prior_lr_before": 0.0085, "prior_lr_after": 0.00425}
{"event": "g_lr_apply", "armed": true, "update_index": 5290, "g_lr_before": 0.00425, "g_lr_after": 0.002125, "fires": 4090, "prior_lr_before": 0.0085, "prior_lr_after": 0.00425}
{"event": "g_lr_apply", "armed": true, "update_index": 5291, "g_lr_before": 0.00425, "g_lr_after": 0.002125, "fires": 4091, "prior_lr_before": 0.0085, "prior_lr_after": 0.00425}
{"event": "g_lr_apply", "armed": true, "update_index": 5292, "g_lr_before": 0.00425, "g_lr_after": 0.002125, "fires": 4092, "prior_lr_before": 0.0085, "prior_lr_after": 0.00425}
{"event": "g_lr_apply", "armed": true, "update_index": 5293, "g_lr_before": 0.00425, "g_lr_after": 0.002125, "fires": 4093, "prior_lr_before": 0.0085, "prior_lr_after": 0.00425}
{"event": "g_lr_apply", "armed": true, "update_index": 5294, "g_lr_before": 0.00425, "g_lr_after": 0.002125, "fires": 4094, "prior_lr_before": 0.0085, "prior_lr_after": 0.00425}
{"event": "g_lr_apply", "armed": true, "update_index": 5295, "g_lr_before": 0.00425, "g_lr_after": 0.002125, "fires": 4095, "prior_lr_before": 0.0085, "prior_lr_after": 0.00425}
{"event": "g_lr_apply", "armed": true, "update_index": 5296, "g_lr_before": 0.00425, "g_lr_after": 0.002125, "fires": 4096, "prior_lr_before": 0.0085, "prior_lr_after": 0.00425}
{"event": "g_lr_apply", "armed": true, "update_index": 5297, "g_lr_before": 0.00425, "g_lr_after": 0.002125, "fires": 4097, "prior_lr_before": 0.0085, "prior_lr_after": 0.00425}
{"event": "g_lr_apply", "armed": true, "update_index": 5298, "g_lr_before": 0.00425, "g_lr_after": 0.002125, "fires": 4098, "prior_lr_before": 0.0085, "prior_lr_after": 0.00425}
{"event": "g_lr_apply", "armed": true, "update_index": 5299, "g_lr_before": 0.00425, "g_lr_after": 0.002125, "fires": 4099, "prior_lr_before": 0.0085, "prior_lr_after": 0.00425}
{"event": "g_lr_apply", "armed": true, "update_index": 5300, "g_lr_before": 0.00425, "g_lr_after": 0.002125, "fires": 4100, "prior_lr_before": 0.0085, "prior_lr_after": 0.00425}
{"event": "g_lr_apply", "armed": true, "update_index": 5301, "g_lr_before": 0.00425, "g_lr_after": 0.002125, "fires": 4101, "prior_lr_before": 0.0085, "prior_lr_after": 0.00425}
{"event": "g_lr_apply", "armed": true, "update_index": 5302, "g_lr_before": 0.00425, "g_lr_after": 0.002125, "fires": 4102, "prior_lr_before": 0.0085, "prior_lr_after": 0.00425}
{"event": "g_lr_apply", "armed": true, "update_index": 5303, "g_lr_before": 0.00425, "g_lr_after": 0.002125, "fires": 4103, "prior_lr_before": 0.0085, "prior_lr_after": 0.00425}
{"event": "g_lr_apply", "armed": true, "update_index": 5304, "g_lr_before": 0.00425, "g_lr_after": 0.002125, "fires": 4104, "prior_lr_before": 0.0085, "prior_lr_after": 0.00425}
{"event": "g_lr_apply", "armed": true, "update_index": 5305, "g_lr_before": 0.00425, "g_lr_after": 0.002125, "fires": 4105, "prior_lr_before": 0.0085, "prior_lr_after": 0.00425}
{"event": "g_lr_apply", "armed": true, "update_index": 5306, "g_lr_before": 0.00425, "g_lr_after": 0.002125, "fires": 4106, "prior_lr_before": 0.0085, "prior_lr_after": 0.00425}
{"event": "g_lr_apply", "armed": true, "update_index": 5307, "g_lr_before": 0.00425, "g_lr_after": 0.002125, "fires": 4107, "prior_lr_before": 0.0085, "prior_lr_after": 0.00425}
{"event": "g_lr_apply", "armed": true, "update_index": 5308, "g_lr_before": 0.00425, "g_lr_after": 0.002125, "fires": 4108, "prior_lr_before": 0.0085, "prior_lr_after": 0.00425}
{"event": "g_lr_apply", "armed": true, "update_index": 5309, "g_lr_before": 0.00425, "g_lr_after": 0.002125, "fires": 4109, "prior_lr_before": 0.0085, "prior_lr_after": 0.00425}
{"event": "g_lr_apply", "armed": true, "update_index": 5310, "g_lr_before": 0.00425, "g_lr_after": 0.002125, "fires": 4110, "prior_lr_before": 0.0085, "prior_lr_after": 0.00425}
{"event": "g_lr_apply", "armed": true, "update_index": 5311, "g_lr_before": 0.00425, "g_lr_after": 0.002125, "fires": 4111, "prior_lr_before": 0.0085, "prior_lr_after": 0.00425}
{"event": "g_lr_apply", "armed": true, "update_index": 5312, "g_lr_before": 0.00425, "g_lr_after": 0.002125, "fires": 4112, "prior_lr_before": 0.0085, "prior_lr_after": 0.00425}
{"event": "g_lr_apply", "armed": true, "update_index": 5313, "g_lr_before": 0.00425, "g_lr_after": 0.002125, "fires": 4113, "prior_lr_before": 0.0085, "prior_lr_after": 0.00425}
{"event": "g_lr_apply", "armed": true, "update_index": 5314, "g_lr_before": 0.00425, "g_lr_after": 0.002125, "fires": 4114, "prior_lr_before": 0.0085, "prior_lr_after": 0.00425}
{"event": "g_lr_apply", "armed": true, "update_index": 5315, "g_lr_before": 0.00425, "g_lr_after": 0.002125, "fires": 4115, "prior_lr_before": 0.0085, "prior_lr_after": 0.00425}
{"event": "g_lr_apply", "armed": true, "update_index": 5316, "g_lr_before": 0.00425, "g_lr_after": 0.002125, "fires": 4116, "prior_lr_before": 0.0085, "prior_lr_after": 0.00425}
{"event": "g_lr_apply", "armed": true, "update_index": 5317, "g_lr_before": 0.00425, "g_lr_after": 0.002125, "fires": 4117, "prior_lr_before": 0.0085, "prior_lr_after": 0.00425}
{"event": "g_lr_apply", "armed": true, "update_index": 5318, "g_lr_before": 0.00425, "g_lr_after": 0.002125, "fires": 4118, "prior_lr_before": 0.0085, "prior_lr_after": 0.00425}
{"event": "g_lr_apply", "armed": true, "update_index": 5319, "g_lr_before": 0.00425, "g_lr_after": 0.002125, "fires": 4119, "prior_lr_before": 0.0085, "prior_lr_after": 0.00425}
{"event": "g_lr_apply", "armed": true, "update_index": 5320, "g_lr_before": 0.00425, "g_lr_after": 0.002125, "fires": 4120, "prior_lr_before": 0.0085, "prior_lr_after": 0.00425}
{"event": "g_lr_apply", "armed": true, "update_index": 5321, "g_lr_before": 0.00425, "g_lr_after": 0.002125, "fires": 4121, "prior_lr_before": 0.0085, "prior_lr_after": 0.00425}
{"event": "g_lr_apply", "armed": true, "update_index": 5322, "g_lr_before": 0.00425, "g_lr_after": 0.002125, "fires": 4122, "prior_lr_before": 0.0085, "prior_lr_after": 0.00425}
{"event": "g_lr_apply", "armed": true, "update_index": 5323, "g_lr_before": 0.00425, "g_lr_after": 0.002125, "fires": 4123, "prior_lr_before": 0.0085, "prior_lr_after": 0.00425}
{"event": "g_lr_apply", "armed": true, "update_index": 5324, "g_lr_before": 0.00425, "g_lr_after": 0.002125, "fires": 4124, "prior_lr_before": 0.0085, "prior_lr_after": 0.00425}
{"event": "g_lr_apply", "armed": true, "update_index": 5325, "g_lr_before": 0.00425, "g_lr_after": 0.002125, "fires": 4125, "prior_lr_before": 0.0085, "prior_lr_after": 0.00425}
{"event": "g_lr_apply", "armed": true, "update_index": 5326, "g_lr_before": 0.00425, "g_lr_after": 0.002125, "fires": 4126, "prior_lr_before": 0.0085, "prior_lr_after": 0.00425}
{"event": "g_lr_apply", "armed": true, "update_index": 5327, "g_lr_before": 0.00425, "g_lr_after": 0.002125, "fires": 4127, "prior_lr_before": 0.0085, "prior_lr_after": 0.00425}
{"event": "g_lr_apply", "armed": true, "update_index": 5328, "g_lr_before": 0.00425, "g_lr_after": 0.002125, "fires": 4128, "prior_lr_before": 0.0085, "prior_lr_after": 0.00425}
{"event": "g_lr_apply", "armed": true, "update_index": 5329, "g_lr_before": 0.00425, "g_lr_after": 0.002125, "fires": 4129, "prior_lr_before": 0.0085, "prior_lr_after": 0.00425}
{"event": "g_lr_apply", "armed": true, "update_index": 5330, "g_lr_before": 0.00425, "g_lr_after": 0.002125, "fires": 4130, "prior_lr_before": 0.0085, "prior_lr_after": 0.00425}
{"event": "g_lr_apply", "armed": true, "update_index": 5331, "g_lr_before": 0.00425, "g_lr_after": 0.002125, "fires": 4131, "prior_lr_before": 0.0085, "prior_lr_after": 0.00425}
{"event": "g_lr_apply", "armed": true, "update_index": 5332, "g_lr_before": 0.00425, "g_lr_after": 0.002125, "fires": 4132, "prior_lr_before": 0.0085, "prior_lr_after": 0.00425}
{"event": "g_lr_apply", "armed": true, "update_index": 5333, "g_lr_before": 0.00425, "g_lr_after": 0.002125, "fires": 4133, "prior_lr_before": 0.0085, "prior_lr_after": 0.00425}
{"event": "g_lr_apply", "armed": true, "update_index": 5334, "g_lr_before": 0.00425, "g_lr_after": 0.002125, "fires": 4134, "prior_lr_before": 0.0085, "prior_lr_after": 0.00425}
{"event": "g_lr_apply", "armed": true, "update_index": 5335, "g_lr_before": 0.00425, "g_lr_after": 0.002125, "fires": 4135, "prior_lr_before": 0.0085, "prior_lr_after": 0.00425}
{"event": "g_lr_apply", "armed": true, "update_index": 5336, "g_lr_before": 0.00425, "g_lr_after": 0.002125, "fires": 4136, "prior_lr_before": 0.0085, "prior_lr_after": 0.00425}
{"event": "g_lr_apply", "armed": true, "update_index": 5337, "g_lr_before": 0.00425, "g_lr_after": 0.002125, "fires": 4137, "prior_lr_before": 0.0085, "prior_lr_after": 0.00425}
{"event": "g_lr_apply", "armed": true, "update_index": 5338, "g_lr_before": 0.00425, "g_lr_after": 0.002125, "fires": 4138, "prior_lr_before": 0.0085, "prior_lr_after": 0.00425}
{"event": "g_lr_apply", "armed": true, "update_index": 5339, "g_lr_before": 0.00425, "g_lr_after": 0.002125, "fires": 4139, "prior_lr_before": 0.0085, "prior_lr_after": 0.00425}
{"event": "g_lr_apply", "armed": true, "update_index": 5340, "g_lr_before": 0.00425, "g_lr_after": 0.002125, "fires": 4140, "prior_lr_before": 0.0085, "prior_lr_after": 0.00425}
{"event": "g_lr_apply", "armed": true, "update_index": 5341, "g_lr_before": 0.00425, "g_lr_after": 0.002125, "fires": 4141, "prior_lr_before": 0.0085, "prior_lr_after": 0.00425}
{"event": "g_lr_apply", "armed": true, "update_index": 5342, "g_lr_before": 0.00425, "g_lr_after": 0.002125, "fires": 4142, "prior_lr_before": 0.0085, "prior_lr_after": 0.00425}
{"event": "g_lr_apply", "armed": true, "update_index": 5343, "g_lr_before": 0.00425, "g_lr_after": 0.002125, "fires": 4143, "prior_lr_before": 0.0085, "prior_lr_after": 0.00425}
{"event": "g_lr_apply", "armed": true, "update_index": 5344, "g_lr_before": 0.00425, "g_lr_after": 0.002125, "fires": 4144, "prior_lr_before": 0.0085, "prior_lr_after": 0.00425}
{"event": "g_lr_apply", "armed": true, "update_index": 5345, "g_lr_before": 0.00425, "g_lr_after": 0.002125, "fires": 4145, "prior_lr_before": 0.0085, "prior_lr_after": 0.00425}
{"event": "g_lr_apply", "armed": true, "update_index": 5346, "g_lr_before": 0.00425, "g_lr_after": 0.002125, "fires": 4146, "prior_lr_before": 0.0085, "prior_lr_after": 0.00425}
{"event": "g_lr_apply", "armed": true, "update_index": 5347, "g_lr_before": 0.00425, "g_lr_after": 0.002125, "fires": 4147, "prior_lr_before": 0.0085, "prior_lr_after": 0.00425}
{"event": "g_lr_apply", "armed": true, "update_index": 5348, "g_lr_before": 0.00425, "g_lr_after": 0.002125, "fires": 4148, "prior_lr_before": 0.0085, "prior_lr_after": 0.00425}
{"event": "g_lr_apply", "armed": true, "update_index": 5349, "g_lr_before": 0.00425, "g_lr_after": 0.002125, "fires": 4149, "prior_lr_before": 0.0085, "prior_lr_after": 0.00425}
{"event": "g_lr_apply", "armed": true, "update_index": 5350, "g_lr_before": 0.00425, "g_lr_after": 0.002125, "fires": 4150, "prior_lr_before": 0.0085, "prior_lr_after": 0.00425}
{"event": "g_lr_apply", "armed": true, "update_index": 5351, "g_lr_before": 0.00425, "g_lr_after": 0.002125, "fires": 4151, "prior_lr_before": 0.0085, "prior_lr_after": 0.00425}
{"event": "g_lr_apply", "armed": true, "update_index": 5352, "g_lr_before": 0.00425, "g_lr_after": 0.002125, "fires": 4152, "prior_lr_before": 0.0085, "prior_lr_after": 0.00425}
{"event": "g_lr_apply", "armed": true, "update_index": 5353, "g_lr_before": 0.00425, "g_lr_after": 0.002125, "fires": 4153, "prior_lr_before": 0.0085, "prior_lr_after": 0.00425}
{"event": "g_lr_apply", "armed": true, "update_index": 5354, "g_lr_before": 0.00425, "g_lr_after": 0.002125, "fires": 4154, "prior_lr_before": 0.0085, "prior_lr_after": 0.00425}
{"event": "g_lr_apply", "armed": true, "update_index": 5355, "g_lr_before": 0.00425, "g_lr_after": 0.002125, "fires": 4155, "prior_lr_before": 0.0085, "prior_lr_after": 0.00425}
{"event": "g_lr_apply", "armed": true, "update_index": 5356, "g_lr_before": 0.00425, "g_lr_after": 0.002125, "fires": 4156, "prior_lr_before": 0.0085, "prior_lr_after": 0.00425}
{"event": "g_lr_apply", "armed": true, "update_index": 5357, "g_lr_before": 0.00425, "g_lr_after": 0.002125, "fires": 4157, "prior_lr_before": 0.0085, "prior_lr_after": 0.00425}
{"event": "g_lr_apply", "armed": true, "update_index": 5358, "g_lr_before": 0.00425, "g_lr_after": 0.002125, "fires": 4158, "prior_lr_before": 0.0085, "prior_lr_after": 0.00425}
{"event": "g_lr_apply", "armed": true, "update_index": 5359, "g_lr_before": 0.00425, "g_lr_after": 0.002125, "fires": 4159, "prior_lr_before": 0.0085, "prior_lr_after": 0.00425}
{"event": "g_lr_apply", "armed": true, "update_index": 5360, "g_lr_before": 0.00425, "g_lr_after": 0.002125, "fires": 4160, "prior_lr_before": 0.0085, "prior_lr_after": 0.00425}
{"event": "g_lr_apply", "armed": true, "update_index": 5361, "g_lr_before": 0.00425, "g_lr_after": 0.002125, "fires": 4161, "prior_lr_before": 0.0085, "prior_lr_after": 0.00425}
{"event": "g_lr_apply", "armed": true, "update_index": 5362, "g_lr_before": 0.00425, "g_lr_after": 0.002125, "fires": 4162, "prior_lr_before": 0.0085, "prior_lr_after": 0.00425}
{"event": "g_lr_apply", "armed": true, "update_index": 5363, "g_lr_before": 0.00425, "g_lr_after": 0.002125, "fires": 4163, "prior_lr_before": 0.0085, "prior_lr_after": 0.00425}
{"event": "g_lr_apply", "armed": true, "update_index": 5364, "g_lr_before": 0.00425, "g_lr_after": 0.002125, "fires": 4164, "prior_lr_before": 0.0085, "prior_lr_after": 0.00425}
{"event": "g_lr_apply", "armed": true, "update_index": 5365, "g_lr_before": 0.00425, "g_lr_after": 0.002125, "fires": 4165, "prior_lr_before": 0.0085, "prior_lr_after": 0.00425}
{"event": "g_lr_apply", "armed": true, "update_index": 5366, "g_lr_before": 0.00425, "g_lr_after": 0.002125, "fires": 4166, "prior_lr_before": 0.0085, "prior_lr_after": 0.00425}
{"event": "g_lr_apply", "armed": true, "update_index": 5367, "g_lr_before": 0.00425, "g_lr_after": 0.002125, "fires": 4167, "prior_lr_before": 0.0085, "prior_lr_after": 0.00425}
{"event": "g_lr_apply", "armed": true, "update_index": 5368, "g_lr_before": 0.00425, "g_lr_after": 0.002125, "fires": 4168, "prior_lr_before": 0.0085, "prior_lr_after": 0.00425}
{"event": "g_lr_apply", "armed": true, "update_index": 5369, "g_lr_before": 0.00425, "g_lr_after": 0.002125, "fires": 4169, "prior_lr_before": 0.0085, "prior_lr_after": 0.00425}
{"event": "g_lr_apply", "armed": true, "update_index": 5370, "g_lr_before": 0.00425, "g_lr_after": 0.002125, "fires": 4170, "prior_lr_before": 0.0085, "prior_lr_after": 0.00425}
{"event": "g_lr_apply", "armed": true, "update_index": 5371, "g_lr_before": 0.00425, "g_lr_after": 0.002125, "fires": 4171, "prior_lr_before": 0.0085, "prior_lr_after": 0.00425}
{"event": "g_lr_apply", "armed": true, "update_index": 5372, "g_lr_before": 0.00425, "g_lr_after": 0.002125, "fires": 4172, "prior_lr_before": 0.0085, "prior_lr_after": 0.00425}
{"event": "g_lr_apply", "armed": true, "update_index": 5373, "g_lr_before": 0.00425, "g_lr_after": 0.002125, "fires": 4173, "prior_lr_before": 0.0085, "prior_lr_after": 0.00425}
{"event": "g_lr_apply", "armed": true, "update_index": 5374, "g_lr_before": 0.00425, "g_lr_after": 0.002125, "fires": 4174, "prior_lr_before": 0.0085, "prior_lr_after": 0.00425}
{"event": "g_lr_apply", "armed": true, "update_index": 5375, "g_lr_before": 0.00425, "g_lr_after": 0.002125, "fires": 4175, "prior_lr_before": 0.0085, "prior_lr_after": 0.00425}
{"event": "g_lr_apply", "armed": true, "update_index": 5376, "g_lr_before": 0.00425, "g_lr_after": 0.002125, "fires": 4176, "prior_lr_before": 0.0085, "prior_lr_after": 0.00425}
{"event": "g_lr_apply", "armed": true, "update_index": 5377, "g_lr_before": 0.00425, "g_lr_after": 0.002125, "fires": 4177, "prior_lr_before": 0.0085, "prior_lr_after": 0.00425}
{"event": "g_lr_apply", "armed": true, "update_index": 5378, "g_lr_before": 0.00425, "g_lr_after": 0.002125, "fires": 4178, "prior_lr_before": 0.0085, "prior_lr_after": 0.00425}
{"event": "g_lr_apply", "armed": true, "update_index": 5379, "g_lr_before": 0.00425, "g_lr_after": 0.002125, "fires": 4179, "prior_lr_before": 0.0085, "prior_lr_after": 0.00425}
{"event": "g_lr_apply", "armed": true, "update_index": 5380, "g_lr_before": 0.00425, "g_lr_after": 0.002125, "fires": 4180, "prior_lr_before": 0.0085, "prior_lr_after": 0.00425}
{"event": "g_lr_apply", "armed": true, "update_index": 5381, "g_lr_before": 0.00425, "g_lr_after": 0.002125, "fires": 4181, "prior_lr_before": 0.0085, "prior_lr_after": 0.00425}
{"event": "g_lr_apply", "armed": true, "update_index": 5382, "g_lr_before": 0.00425, "g_lr_after": 0.002125, "fires": 4182, "prior_lr_before": 0.0085, "prior_lr_after": 0.00425}
{"event": "g_lr_apply", "armed": true, "update_index": 5383, "g_lr_before": 0.00425, "g_lr_after": 0.002125, "fires": 4183, "prior_lr_before": 0.0085, "prior_lr_after": 0.00425}
{"event": "g_lr_apply", "armed": true, "update_index": 5384, "g_lr_before": 0.00425, "g_lr_after": 0.002125, "fires": 4184, "prior_lr_before": 0.0085, "prior_lr_after": 0.00425}
{"event": "g_lr_apply", "armed": true, "update_index": 5385, "g_lr_before": 0.00425, "g_lr_after": 0.002125, "fires": 4185, "prior_lr_before": 0.0085, "prior_lr_after": 0.00425}
{"event": "g_lr_apply", "armed": true, "update_index": 5386, "g_lr_before": 0.00425, "g_lr_after": 0.002125, "fires": 4186, "prior_lr_before": 0.0085, "prior_lr_after": 0.00425}
{"event": "g_lr_apply", "armed": true, "update_index": 5387, "g_lr_before": 0.00425, "g_lr_after": 0.002125, "fires": 4187, "prior_lr_before": 0.0085, "prior_lr_after": 0.00425}
{"event": "g_lr_apply", "armed": true, "update_index": 5388, "g_lr_before": 0.00425, "g_lr_after": 0.002125, "fires": 4188, "prior_lr_before": 0.0085, "prior_lr_after": 0.00425}
{"event": "g_lr_apply", "armed": true, "update_index": 5389, "g_lr_before": 0.00425, "g_lr_after": 0.002125, "fires": 4189, "prior_lr_before": 0.0085, "prior_lr_after": 0.00425}
{"event": "g_lr_apply", "armed": true, "update_index": 5390, "g_lr_before": 0.00425, "g_lr_after": 0.002125, "fires": 4190, "prior_lr_before": 0.0085, "prior_lr_after": 0.00425}
{"event": "g_lr_apply", "armed": true, "update_index": 5391, "g_lr_before": 0.00425, "g_lr_after": 0.002125, "fires": 4191, "prior_lr_before": 0.0085, "prior_lr_after": 0.00425}
{"event": "g_lr_apply", "armed": true, "update_index": 5392, "g_lr_before": 0.00425, "g_lr_after": 0.002125, "fires": 4192, "prior_lr_before": 0.0085, "prior_lr_after": 0.00425}
{"event": "g_lr_apply", "armed": true, "update_index": 5393, "g_lr_before": 0.00425, "g_lr_after": 0.002125, "fires": 4193, "prior_lr_before": 0.0085, "prior_lr_after": 0.00425}
{"event": "g_lr_apply", "armed": true, "update_index": 5394, "g_lr_before": 0.00425, "g_lr_after": 0.002125, "fires": 4194, "prior_lr_before": 0.0085, "prior_lr_after": 0.00425}
{"event": "g_lr_apply", "armed": true, "update_index": 5395, "g_lr_before": 0.00425, "g_lr_after": 0.002125, "fires": 4195, "prior_lr_before": 0.0085, "prior_lr_after": 0.00425}
{"event": "g_lr_apply", "armed": true, "update_index": 5396, "g_lr_before": 0.00425, "g_lr_after": 0.002125, "fires": 4196, "prior_lr_before": 0.0085, "prior_lr_after": 0.00425}
{"event": "g_lr_apply", "armed": true, "update_index": 5397, "g_lr_before": 0.00425, "g_lr_after": 0.002125, "fires": 4197, "prior_lr_before": 0.0085, "prior_lr_after": 0.00425}
{"event": "g_lr_apply", "armed": true, "update_index": 5398, "g_lr_before": 0.00425, "g_lr_after": 0.002125, "fires": 4198, "prior_lr_before": 0.0085, "prior_lr_after": 0.00425}
{"event": "g_lr_apply", "armed": true, "update_index": 5399, "g_lr_before": 0.00425, "g_lr_after": 0.002125, "fires": 4199, "prior_lr_before": 0.0085, "prior_lr_after": 0.00425}
{"event": "g_lr_apply", "armed": true, "update_index": 5400, "g_lr_before": 0.00425, "g_lr_after": 0.002125, "fires": 4200, "prior_lr_before": 0.0085, "prior_lr_after": 0.00425}
{"event": "g_lr_apply", "armed": true, "update_index": 5401, "g_lr_before": 0.00425, "g_lr_after": 0.002125, "fires": 4201, "prior_lr_before": 0.0085, "prior_lr_after": 0.00425}
{"event": "g_lr_apply", "armed": true, "update_index": 5402, "g_lr_before": 0.00425, "g_lr_after": 0.002125, "fires": 4202, "prior_lr_before": 0.0085, "prior_lr_after": 0.00425}
{"event": "g_lr_apply", "armed": true, "update_index": 5403, "g_lr_before": 0.00425, "g_lr_after": 0.002125, "fires": 4203, "prior_lr_before": 0.0085, "prior_lr_after": 0.00425}
{"event": "g_lr_apply", "armed": true, "update_index": 5404, "g_lr_before": 0.00425, "g_lr_after": 0.002125, "fires": 4204, "prior_lr_before": 0.0085, "prior_lr_after": 0.00425}
{"event": "g_lr_apply", "armed": true, "update_index": 5405, "g_lr_before": 0.00425, "g_lr_after": 0.002125, "fires": 4205, "prior_lr_before": 0.0085, "prior_lr_after": 0.00425}
{"event": "g_lr_apply", "armed": true, "update_index": 5406, "g_lr_before": 0.00425, "g_lr_after": 0.002125, "fires": 4206, "prior_lr_before": 0.0085, "prior_lr_after": 0.00425}
{"event": "g_lr_apply", "armed": true, "update_index": 5407, "g_lr_before": 0.00425, "g_lr_after": 0.002125, "fires": 4207, "prior_lr_before": 0.0085, "prior_lr_after": 0.00425}
{"event": "g_lr_apply", "armed": true, "update_index": 5408, "g_lr_before": 0.00425, "g_lr_after": 0.002125, "fires": 4208, "prior_lr_before": 0.0085, "prior_lr_after": 0.00425}
{"event": "g_lr_apply", "armed": true, "update_index": 5409, "g_lr_before": 0.00425, "g_lr_after": 0.002125, "fires": 4209, "prior_lr_before": 0.0085, "prior_lr_after": 0.00425}
{"event": "g_lr_apply", "armed": true, "update_index": 5410, "g_lr_before": 0.00425, "g_lr_after": 0.002125, "fires": 4210, "prior_lr_before": 0.0085, "prior_lr_after": 0.00425}
{"event": "g_lr_apply", "armed": true, "update_index": 5411, "g_lr_before": 0.00425, "g_lr_after": 0.002125, "fires": 4211, "prior_lr_before": 0.0085, "prior_lr_after": 0.00425}
{"event": "g_lr_apply", "armed": true, "update_index": 5412, "g_lr_before": 0.00425, "g_lr_after": 0.002125, "fires": 4212, "prior_lr_before": 0.0085, "prior_lr_after": 0.00425}
{"event": "g_lr_apply", "armed": true, "update_index": 5413, "g_lr_before": 0.00425, "g_lr_after": 0.002125, "fires": 4213, "prior_lr_before": 0.0085, "prior_lr_after": 0.00425}
{"event": "g_lr_apply", "armed": true, "update_index": 5414, "g_lr_before": 0.00425, "g_lr_after": 0.002125, "fires": 4214, "prior_lr_before": 0.0085, "prior_lr_after": 0.00425}
{"event": "g_lr_apply", "armed": true, "update_index": 5415, "g_lr_before": 0.00425, "g_lr_after": 0.002125, "fires": 4215, "prior_lr_before": 0.0085, "prior_lr_after": 0.00425}
{"event": "g_lr_apply", "armed": true, "update_index": 5416, "g_lr_before": 0.00425, "g_lr_after": 0.002125, "fires": 4216, "prior_lr_before": 0.0085, "prior_lr_after": 0.00425}
{"event": "g_lr_apply", "armed": true, "update_index": 5417, "g_lr_before": 0.00425, "g_lr_after": 0.002125, "fires": 4217, "prior_lr_before": 0.0085, "prior_lr_after": 0.00425}
{"event": "g_lr_apply", "armed": true, "update_index": 5418, "g_lr_before": 0.00425, "g_lr_after": 0.002125, "fires": 4218, "prior_lr_before": 0.0085, "prior_lr_after": 0.00425}
{"event": "g_lr_apply", "armed": true, "update_index": 5419, "g_lr_before": 0.00425, "g_lr_after": 0.002125, "fires": 4219, "prior_lr_before": 0.0085, "prior_lr_after": 0.00425}
{"event": "g_lr_apply", "armed": true, "update_index": 5420, "g_lr_before": 0.00425, "g_lr_after": 0.002125, "fires": 4220, "prior_lr_before": 0.0085, "prior_lr_after": 0.00425}
{"event": "g_lr_apply", "armed": true, "update_index": 5421, "g_lr_before": 0.00425, "g_lr_after": 0.002125, "fires": 4221, "prior_lr_before": 0.0085, "prior_lr_after": 0.00425}
{"event": "g_lr_apply", "armed": true, "update_index": 5422, "g_lr_before": 0.00425, "g_lr_after": 0.002125, "fires": 4222, "prior_lr_before": 0.0085, "prior_lr_after": 0.00425}
{"event": "g_lr_apply", "armed": true, "update_index": 5423, "g_lr_before": 0.00425, "g_lr_after": 0.002125, "fires": 4223, "prior_lr_before": 0.0085, "prior_lr_after": 0.00425}
{"event": "g_lr_apply", "armed": true, "update_index": 5424, "g_lr_before": 0.00425, "g_lr_after": 0.002125, "fires": 4224, "prior_lr_before": 0.0085, "prior_lr_after": 0.00425}
{"event": "g_lr_apply", "armed": true, "update_index": 5425, "g_lr_before": 0.00425, "g_lr_after": 0.002125, "fires": 4225, "prior_lr_before": 0.0085, "prior_lr_after": 0.00425}
{"event": "g_lr_apply", "armed": true, "update_index": 5426, "g_lr_before": 0.00425, "g_lr_after": 0.002125, "fires": 4226, "prior_lr_before": 0.0085, "prior_lr_after": 0.00425}
{"event": "g_lr_apply", "armed": true, "update_index": 5427, "g_lr_before": 0.00425, "g_lr_after": 0.002125, "fires": 4227, "prior_lr_before": 0.0085, "prior_lr_after": 0.00425}
{"event": "g_lr_apply", "armed": true, "update_index": 5428, "g_lr_before": 0.00425, "g_lr_after": 0.002125, "fires": 4228, "prior_lr_before": 0.0085, "prior_lr_after": 0.00425}
{"event": "g_lr_apply", "armed": true, "update_index": 5429, "g_lr_before": 0.00425, "g_lr_after": 0.002125, "fires": 4229, "prior_lr_before": 0.0085, "prior_lr_after": 0.00425}
{"event": "g_lr_apply", "armed": true, "update_index": 5430, "g_lr_before": 0.00425, "g_lr_after": 0.002125, "fires": 4230, "prior_lr_before": 0.0085, "prior_lr_after": 0.00425}
{"event": "g_lr_apply", "armed": true, "update_index": 5431, "g_lr_before": 0.00425, "g_lr_after": 0.002125, "fires": 4231, "prior_lr_before": 0.0085, "prior_lr_after": 0.00425}
{"event": "g_lr_apply", "armed": true, "update_index": 5432, "g_lr_before": 0.00425, "g_lr_after": 0.002125, "fires": 4232, "prior_lr_before": 0.0085, "prior_lr_after": 0.00425}
{"event": "g_lr_apply", "armed": true, "update_index": 5433, "g_lr_before": 0.00425, "g_lr_after": 0.002125, "fires": 4233, "prior_lr_before": 0.0085, "prior_lr_after": 0.00425}
{"event": "g_lr_apply", "armed": true, "update_index": 5434, "g_lr_before": 0.00425, "g_lr_after": 0.002125, "fires": 4234, "prior_lr_before": 0.0085, "prior_lr_after": 0.00425}
{"event": "g_lr_apply", "armed": true, "update_index": 5435, "g_lr_before": 0.00425, "g_lr_after": 0.002125, "fires": 4235, "prior_lr_before": 0.0085, "prior_lr_after": 0.00425}
{"event": "g_lr_apply", "armed": true, "update_index": 5436, "g_lr_before": 0.00425, "g_lr_after": 0.002125, "fires": 4236, "prior_lr_before": 0.0085, "prior_lr_after": 0.00425}
{"event": "g_lr_apply", "armed": true, "update_index": 5437, "g_lr_before": 0.00425, "g_lr_after": 0.002125, "fires": 4237, "prior_lr_before": 0.0085, "prior_lr_after": 0.00425}
{"event": "g_lr_apply", "armed": true, "update_index": 5438, "g_lr_before": 0.00425, "g_lr_after": 0.002125, "fires": 4238, "prior_lr_before": 0.0085, "prior_lr_after": 0.00425}
{"event": "g_lr_apply", "armed": true, "update_index": 5439, "g_lr_before": 0.00425, "g_lr_after": 0.002125, "fires": 4239, "prior_lr_before": 0.0085, "prior_lr_after": 0.00425}
{"event": "g_lr_apply", "armed": true, "update_index": 5440, "g_lr_before": 0.00425, "g_lr_after": 0.002125, "fires": 4240, "prior_lr_before": 0.0085, "prior_lr_after": 0.00425}
{"event": "g_lr_apply", "armed": true, "update_index": 5441, "g_lr_before": 0.00425, "g_lr_after": 0.002125, "fires": 4241, "prior_lr_before": 0.0085, "prior_lr_after": 0.00425}
{"event": "g_lr_apply", "armed": true, "update_index": 5442, "g_lr_before": 0.00425, "g_lr_after": 0.002125, "fires": 4242, "prior_lr_before": 0.0085, "prior_lr_after": 0.00425}
{"event": "g_lr_apply", "armed": true, "update_index": 5443, "g_lr_before": 0.00425, "g_lr_after": 0.002125, "fires": 4243, "prior_lr_before": 0.0085, "prior_lr_after": 0.00425}
{"event": "g_lr_apply", "armed": true, "update_index": 5444, "g_lr_before": 0.00425, "g_lr_after": 0.002125, "fires": 4244, "prior_lr_before": 0.0085, "prior_lr_after": 0.00425}
{"event": "g_lr_apply", "armed": true, "update_index": 5445, "g_lr_before": 0.00425, "g_lr_after": 0.002125, "fires": 4245, "prior_lr_before": 0.0085, "prior_lr_after": 0.00425}
{"event": "g_lr_apply", "armed": true, "update_index": 5446, "g_lr_before": 0.00425, "g_lr_after": 0.002125, "fires": 4246, "prior_lr_before": 0.0085, "prior_lr_after": 0.00425}
{"event": "g_lr_apply", "armed": true, "update_index": 5447, "g_lr_before": 0.00425, "g_lr_after": 0.002125, "fires": 4247, "prior_lr_before": 0.0085, "prior_lr_after": 0.00425}
{"event": "g_lr_apply", "armed": true, "update_index": 5448, "g_lr_before": 0.00425, "g_lr_after": 0.002125, "fires": 4248, "prior_lr_before": 0.0085, "prior_lr_after": 0.00425}
{"event": "g_lr_apply", "armed": true, "update_index": 5449, "g_lr_before": 0.00425, "g_lr_after": 0.002125, "fires": 4249, "prior_lr_before": 0.0085, "prior_lr_after": 0.00425}
{"event": "g_lr_apply", "armed": true, "update_index": 5450, "g_lr_before": 0.00425, "g_lr_after": 0.002125, "fires": 4250, "prior_lr_before": 0.0085, "prior_lr_after": 0.00425}
{"event": "g_lr_apply", "armed": true, "update_index": 5451, "g_lr_before": 0.00425, "g_lr_after": 0.002125, "fires": 4251, "prior_lr_before": 0.0085, "prior_lr_after": 0.00425}
{"event": "g_lr_apply", "armed": true, "update_index": 5452, "g_lr_before": 0.00425, "g_lr_after": 0.002125, "fires": 4252, "prior_lr_before": 0.0085, "prior_lr_after": 0.00425}
{"event": "g_lr_apply", "armed": true, "update_index": 5453, "g_lr_before": 0.00425, "g_lr_after": 0.002125, "fires": 4253, "prior_lr_before": 0.0085, "prior_lr_after": 0.00425}
{"event": "g_lr_apply", "armed": true, "update_index": 5454, "g_lr_before": 0.00425, "g_lr_after": 0.002125, "fires": 4254, "prior_lr_before": 0.0085, "prior_lr_after": 0.00425}
{"event": "g_lr_apply", "armed": true, "update_index": 5455, "g_lr_before": 0.00425, "g_lr_after": 0.002125, "fires": 4255, "prior_lr_before": 0.0085, "prior_lr_after": 0.00425}
{"event": "g_lr_apply", "armed": true, "update_index": 5456, "g_lr_before": 0.00425, "g_lr_after": 0.002125, "fires": 4256, "prior_lr_before": 0.0085, "prior_lr_after": 0.00425}
{"event": "g_lr_apply", "armed": true, "update_index": 5457, "g_lr_before": 0.00425, "g_lr_after": 0.002125, "fires": 4257, "prior_lr_before": 0.0085, "prior_lr_after": 0.00425}
{"event": "g_lr_apply", "armed": true, "update_index": 5458, "g_lr_before": 0.00425, "g_lr_after": 0.002125, "fires": 4258, "prior_lr_before": 0.0085, "prior_lr_after": 0.00425}
{"event": "g_lr_apply", "armed": true, "update_index": 5459, "g_lr_before": 0.00425, "g_lr_after": 0.002125, "fires": 4259, "prior_lr_before": 0.0085, "prior_lr_after": 0.00425}
{"event": "g_lr_apply", "armed": true, "update_index": 5460, "g_lr_before": 0.00425, "g_lr_after": 0.002125, "fires": 4260, "prior_lr_before": 0.0085, "prior_lr_after": 0.00425}
{"event": "g_lr_apply", "armed": true, "update_index": 5461, "g_lr_before": 0.00425, "g_lr_after": 0.002125, "fires": 4261, "prior_lr_before": 0.0085, "prior_lr_after": 0.00425}
{"event": "g_lr_apply", "armed": true, "update_index": 5462, "g_lr_before": 0.00425, "g_lr_after": 0.002125, "fires": 4262, "prior_lr_before": 0.0085, "prior_lr_after": 0.00425}
{"event": "g_lr_apply", "armed": true, "update_index": 5463, "g_lr_before": 0.00425, "g_lr_after": 0.002125, "fires": 4263, "prior_lr_before": 0.0085, "prior_lr_after": 0.00425}
{"event": "g_lr_apply", "armed": true, "update_index": 5464, "g_lr_before": 0.00425, "g_lr_after": 0.002125, "fires": 4264, "prior_lr_before": 0.0085, "prior_lr_after": 0.00425}
{"event": "g_lr_apply", "armed": true, "update_index": 5465, "g_lr_before": 0.00425, "g_lr_after": 0.002125, "fires": 4265, "prior_lr_before": 0.0085, "prior_lr_after": 0.00425}
{"event": "g_lr_apply", "armed": true, "update_index": 5466, "g_lr_before": 0.00425, "g_lr_after": 0.002125, "fires": 4266, "prior_lr_before": 0.0085, "prior_lr_after": 0.00425}
{"event": "g_lr_apply", "armed": true, "update_index": 5467, "g_lr_before": 0.00425, "g_lr_after": 0.002125, "fires": 4267, "prior_lr_before": 0.0085, "prior_lr_after": 0.00425}
{"event": "g_lr_apply", "armed": true, "update_index": 5468, "g_lr_before": 0.00425, "g_lr_after": 0.002125, "fires": 4268, "prior_lr_before": 0.0085, "prior_lr_after": 0.00425}
{"event": "g_lr_apply", "armed": true, "update_index": 5469, "g_lr_before": 0.00425, "g_lr_after": 0.002125, "fires": 4269, "prior_lr_before": 0.0085, "prior_lr_after": 0.00425}
{"event": "g_lr_apply", "armed": true, "update_index": 5470, "g_lr_before": 0.00425, "g_lr_after": 0.002125, "fires": 4270, "prior_lr_before": 0.0085, "prior_lr_after": 0.00425}
{"event": "g_lr_apply", "armed": true, "update_index": 5471, "g_lr_before": 0.00425, "g_lr_after": 0.002125, "fires": 4271, "prior_lr_before": 0.0085, "prior_lr_after": 0.00425}
{"event": "g_lr_apply", "armed": true, "update_index": 5472, "g_lr_before": 0.00425, "g_lr_after": 0.002125, "fires": 4272, "prior_lr_before": 0.0085, "prior_lr_after": 0.00425}
{"event": "g_lr_apply", "armed": true, "update_index": 5473, "g_lr_before": 0.00425, "g_lr_after": 0.002125, "fires": 4273, "prior_lr_before": 0.0085, "prior_lr_after": 0.00425}
{"event": "g_lr_apply", "armed": true, "update_index": 5474, "g_lr_before": 0.00425, "g_lr_after": 0.002125, "fires": 4274, "prior_lr_before": 0.0085, "prior_lr_after": 0.00425}
{"event": "g_lr_apply", "armed": true, "update_index": 5475, "g_lr_before": 0.00425, "g_lr_after": 0.002125, "fires": 4275, "prior_lr_before": 0.0085, "prior_lr_after": 0.00425}
{"event": "g_lr_apply", "armed": true, "update_index": 5476, "g_lr_before": 0.00425, "g_lr_after": 0.002125, "fires": 4276, "prior_lr_before": 0.0085, "prior_lr_after": 0.00425}
{"event": "g_lr_apply", "armed": true, "update_index": 5477, "g_lr_before": 0.00425, "g_lr_after": 0.002125, "fires": 4277, "prior_lr_before": 0.0085, "prior_lr_after": 0.00425}
{"event": "g_lr_apply", "armed": true, "update_index": 5478, "g_lr_before": 0.00425, "g_lr_after": 0.002125, "fires": 4278, "prior_lr_before": 0.0085, "prior_lr_after": 0.00425}
{"event": "g_lr_apply", "armed": true, "update_index": 5479, "g_lr_before": 0.00425, "g_lr_after": 0.002125, "fires": 4279, "prior_lr_before": 0.0085, "prior_lr_after": 0.00425}
{"event": "g_lr_apply", "armed": true, "update_index": 5480, "g_lr_before": 0.00425, "g_lr_after": 0.002125, "fires": 4280, "prior_lr_before": 0.0085, "prior_lr_after": 0.00425}
{"event": "g_lr_apply", "armed": true, "update_index": 5481, "g_lr_before": 0.00425, "g_lr_after": 0.002125, "fires": 4281, "prior_lr_before": 0.0085, "prior_lr_after": 0.00425}
{"event": "g_lr_apply", "armed": true, "update_index": 5482, "g_lr_before": 0.00425, "g_lr_after": 0.002125, "fires": 4282, "prior_lr_before": 0.0085, "prior_lr_after": 0.00425}
{"event": "g_lr_apply", "armed": true, "update_index": 5483, "g_lr_before": 0.00425, "g_lr_after": 0.002125, "fires": 4283, "prior_lr_before": 0.0085, "prior_lr_after": 0.00425}
{"event": "g_lr_apply", "armed": true, "update_index": 5484, "g_lr_before": 0.00425, "g_lr_after": 0.002125, "fires": 4284, "prior_lr_before": 0.0085, "prior_lr_after": 0.00425}
{"event": "g_lr_apply", "armed": true, "update_index": 5485, "g_lr_before": 0.00425, "g_lr_after": 0.002125, "fires": 4285, "prior_lr_before": 0.0085, "prior_lr_after": 0.00425}
{"event": "g_lr_apply", "armed": true, "update_index": 5486, "g_lr_before": 0.00425, "g_lr_after": 0.002125, "fires": 4286, "prior_lr_before": 0.0085, "prior_lr_after": 0.00425}
{"event": "g_lr_apply", "armed": true, "update_index": 5487, "g_lr_before": 0.00425, "g_lr_after": 0.002125, "fires": 4287, "prior_lr_before": 0.0085, "prior_lr_after": 0.00425}
{"event": "g_lr_apply", "armed": true, "update_index": 5488, "g_lr_before": 0.00425, "g_lr_after": 0.002125, "fires": 4288, "prior_lr_before": 0.0085, "prior_lr_after": 0.00425}
{"event": "g_lr_apply", "armed": true, "update_index": 5489, "g_lr_before": 0.00425, "g_lr_after": 0.002125, "fires": 4289, "prior_lr_before": 0.0085, "prior_lr_after": 0.00425}
{"event": "g_lr_apply", "armed": true, "update_index": 5490, "g_lr_before": 0.00425, "g_lr_after": 0.002125, "fires": 4290, "prior_lr_before": 0.0085, "prior_lr_after": 0.00425}
{"event": "g_lr_apply", "armed": true, "update_index": 5491, "g_lr_before": 0.00425, "g_lr_after": 0.002125, "fires": 4291, "prior_lr_before": 0.0085, "prior_lr_after": 0.00425}
{"event": "g_lr_apply", "armed": true, "update_index": 5492, "g_lr_before": 0.00425, "g_lr_after": 0.002125, "fires": 4292, "prior_lr_before": 0.0085, "prior_lr_after": 0.00425}
{"event": "g_lr_apply", "armed": true, "update_index": 5493, "g_lr_before": 0.00425, "g_lr_after": 0.002125, "fires": 4293, "prior_lr_before": 0.0085, "prior_lr_after": 0.00425}
{"event": "g_lr_apply", "armed": true, "update_index": 5494, "g_lr_before": 0.00425, "g_lr_after": 0.002125, "fires": 4294, "prior_lr_before": 0.0085, "prior_lr_after": 0.00425}
{"event": "g_lr_apply", "armed": true, "update_index": 5495, "g_lr_before": 0.00425, "g_lr_after": 0.002125, "fires": 4295, "prior_lr_before": 0.0085, "prior_lr_after": 0.00425}
{"event": "g_lr_apply", "armed": true, "update_index": 5496, "g_lr_before": 0.00425, "g_lr_after": 0.002125, "fires": 4296, "prior_lr_before": 0.0085, "prior_lr_after": 0.00425}
{"event": "g_lr_apply", "armed": true, "update_index": 5497, "g_lr_before": 0.00425, "g_lr_after": 0.002125, "fires": 4297, "prior_lr_before": 0.0085, "prior_lr_after": 0.00425}
{"event": "g_lr_apply", "armed": true, "update_index": 5498, "g_lr_before": 0.00425, "g_lr_after": 0.002125, "fires": 4298, "prior_lr_before": 0.0085, "prior_lr_after": 0.00425}
{"event": "g_lr_apply", "armed": true, "update_index": 5499, "g_lr_before": 0.00425, "g_lr_after": 0.002125, "fires": 4299, "prior_lr_before": 0.0085, "prior_lr_after": 0.00425}
{"event": "g_lr_apply", "armed": true, "update_index": 5500, "g_lr_before": 0.00425, "g_lr_after": 0.002125, "fires": 4300, "prior_lr_before": 0.0085, "prior_lr_after": 0.00425}
{"event": "g_lr_apply", "armed": true, "update_index": 5501, "g_lr_before": 0.00425, "g_lr_after": 0.002125, "fires": 4301, "prior_lr_before": 0.0085, "prior_lr_after": 0.00425}
{"event": "g_lr_apply", "armed": true, "update_index": 5502, "g_lr_before": 0.00425, "g_lr_after": 0.002125, "fires": 4302, "prior_lr_before": 0.0085, "prior_lr_after": 0.00425}
{"event": "g_lr_apply", "armed": true, "update_index": 5503, "g_lr_before": 0.00425, "g_lr_after": 0.002125, "fires": 4303, "prior_lr_before": 0.0085, "prior_lr_after": 0.00425}
{"event": "g_lr_apply", "armed": true, "update_index": 5504, "g_lr_before": 0.00425, "g_lr_after": 0.002125, "fires": 4304, "prior_lr_before": 0.0085, "prior_lr_after": 0.00425}
{"event": "g_lr_apply", "armed": true, "update_index": 5505, "g_lr_before": 0.00425, "g_lr_after": 0.002125, "fires": 4305, "prior_lr_before": 0.0085, "prior_lr_after": 0.00425}
{"event": "g_lr_apply", "armed": true, "update_index": 5506, "g_lr_before": 0.00425, "g_lr_after": 0.002125, "fires": 4306, "prior_lr_before": 0.0085, "prior_lr_after": 0.00425}
{"event": "g_lr_apply", "armed": true, "update_index": 5507, "g_lr_before": 0.00425, "g_lr_after": 0.002125, "fires": 4307, "prior_lr_before": 0.0085, "prior_lr_after": 0.00425}
{"event": "g_lr_apply", "armed": true, "update_index": 5508, "g_lr_before": 0.00425, "g_lr_after": 0.002125, "fires": 4308, "prior_lr_before": 0.0085, "prior_lr_after": 0.00425}
{"event": "g_lr_apply", "armed": true, "update_index": 5509, "g_lr_before": 0.00425, "g_lr_after": 0.002125, "fires": 4309, "prior_lr_before": 0.0085, "prior_lr_after": 0.00425}
{"event": "g_lr_apply", "armed": true, "update_index": 5510, "g_lr_before": 0.00425, "g_lr_after": 0.002125, "fires": 4310, "prior_lr_before": 0.0085, "prior_lr_after": 0.00425}
{"event": "g_lr_apply", "armed": true, "update_index": 5511, "g_lr_before": 0.00425, "g_lr_after": 0.002125, "fires": 4311, "prior_lr_before": 0.0085, "prior_lr_after": 0.00425}
{"event": "g_lr_apply", "armed": true, "update_index": 5512, "g_lr_before": 0.00425, "g_lr_after": 0.002125, "fires": 4312, "prior_lr_before": 0.0085, "prior_lr_after": 0.00425}
{"event": "g_lr_apply", "armed": true, "update_index": 5513, "g_lr_before": 0.00425, "g_lr_after": 0.002125, "fires": 4313, "prior_lr_before": 0.0085, "prior_lr_after": 0.00425}
{"event": "g_lr_apply", "armed": true, "update_index": 5514, "g_lr_before": 0.00425, "g_lr_after": 0.002125, "fires": 4314, "prior_lr_before": 0.0085, "prior_lr_after": 0.00425}
{"event": "g_lr_apply", "armed": true, "update_index": 5515, "g_lr_before": 0.00425, "g_lr_after": 0.002125, "fires": 4315, "prior_lr_before": 0.0085, "prior_lr_after": 0.00425}
{"event": "g_lr_apply", "armed": true, "update_index": 5516, "g_lr_before": 0.00425, "g_lr_after": 0.002125, "fires": 4316, "prior_lr_before": 0.0085, "prior_lr_after": 0.00425}
{"event": "g_lr_apply", "armed": true, "update_index": 5517, "g_lr_before": 0.00425, "g_lr_after": 0.002125, "fires": 4317, "prior_lr_before": 0.0085, "prior_lr_after": 0.00425}
{"event": "g_lr_apply", "armed": true, "update_index": 5518, "g_lr_before": 0.00425, "g_lr_after": 0.002125, "fires": 4318, "prior_lr_before": 0.0085, "prior_lr_after": 0.00425}
{"event": "g_lr_apply", "armed": true, "update_index": 5519, "g_lr_before": 0.00425, "g_lr_after": 0.002125, "fires": 4319, "prior_lr_before": 0.0085, "prior_lr_after": 0.00425}
{"event": "g_lr_apply", "armed": true, "update_index": 5520, "g_lr_before": 0.00425, "g_lr_after": 0.002125, "fires": 4320, "prior_lr_before": 0.0085, "prior_lr_after": 0.00425}
{"event": "g_lr_apply", "armed": true, "update_index": 5521, "g_lr_before": 0.00425, "g_lr_after": 0.002125, "fires": 4321, "prior_lr_before": 0.0085, "prior_lr_after": 0.00425}
{"event": "g_lr_apply", "armed": true, "update_index": 5522, "g_lr_before": 0.00425, "g_lr_after": 0.002125, "fires": 4322, "prior_lr_before": 0.0085, "prior_lr_after": 0.00425}
{"event": "g_lr_apply", "armed": true, "update_index": 5523, "g_lr_before": 0.00425, "g_lr_after": 0.002125, "fires": 4323, "prior_lr_before": 0.0085, "prior_lr_after": 0.00425}
{"event": "g_lr_apply", "armed": true, "update_index": 5524, "g_lr_before": 0.00425, "g_lr_after": 0.002125, "fires": 4324, "prior_lr_before": 0.0085, "prior_lr_after": 0.00425}
{"event": "g_lr_apply", "armed": true, "update_index": 5525, "g_lr_before": 0.00425, "g_lr_after": 0.002125, "fires": 4325, "prior_lr_before": 0.0085, "prior_lr_after": 0.00425}
{"event": "g_lr_apply", "armed": true, "update_index": 5526, "g_lr_before": 0.00425, "g_lr_after": 0.002125, "fires": 4326, "prior_lr_before": 0.0085, "prior_lr_after": 0.00425}
{"event": "g_lr_apply", "armed": true, "update_index": 5527, "g_lr_before": 0.00425, "g_lr_after": 0.002125, "fires": 4327, "prior_lr_before": 0.0085, "prior_lr_after": 0.00425}
{"event": "g_lr_apply", "armed": true, "update_index": 5528, "g_lr_before": 0.00425, "g_lr_after": 0.002125, "fires": 4328, "prior_lr_before": 0.0085, "prior_lr_after": 0.00425}
{"event": "g_lr_apply", "armed": true, "update_index": 5529, "g_lr_before": 0.00425, "g_lr_after": 0.002125, "fires": 4329, "prior_lr_before": 0.0085, "prior_lr_after": 0.00425}
{"event": "g_lr_apply", "armed": true, "update_index": 5530, "g_lr_before": 0.00425, "g_lr_after": 0.002125, "fires": 4330, "prior_lr_before": 0.0085, "prior_lr_after": 0.00425}
{"event": "g_lr_apply", "armed": true, "update_index": 5531, "g_lr_before": 0.00425, "g_lr_after": 0.002125, "fires": 4331, "prior_lr_before": 0.0085, "prior_lr_after": 0.00425}
{"event": "g_lr_apply", "armed": true, "update_index": 5532, "g_lr_before": 0.00425, "g_lr_after": 0.002125, "fires": 4332, "prior_lr_before": 0.0085, "prior_lr_after": 0.00425}
{"event": "g_lr_apply", "armed": true, "update_index": 5533, "g_lr_before": 0.00425, "g_lr_after": 0.002125, "fires": 4333, "prior_lr_before": 0.0085, "prior_lr_after": 0.00425}
{"event": "g_lr_apply", "armed": true, "update_index": 5534, "g_lr_before": 0.00425, "g_lr_after": 0.002125, "fires": 4334, "prior_lr_before": 0.0085, "prior_lr_after": 0.00425}
{"event": "g_lr_apply", "armed": true, "update_index": 5535, "g_lr_before": 0.00425, "g_lr_after": 0.002125, "fires": 4335, "prior_lr_before": 0.0085, "prior_lr_after": 0.00425}
{"event": "g_lr_apply", "armed": true, "update_index": 5536, "g_lr_before": 0.00425, "g_lr_after": 0.002125, "fires": 4336, "prior_lr_before": 0.0085, "prior_lr_after": 0.00425}
{"event": "g_lr_apply", "armed": true, "update_index": 5537, "g_lr_before": 0.00425, "g_lr_after": 0.002125, "fires": 4337, "prior_lr_before": 0.0085, "prior_lr_after": 0.00425}
{"event": "g_lr_apply", "armed": true, "update_index": 5538, "g_lr_before": 0.00425, "g_lr_after": 0.002125, "fires": 4338, "prior_lr_before": 0.0085, "prior_lr_after": 0.00425}
{"event": "g_lr_apply", "armed": true, "update_index": 5539, "g_lr_before": 0.00425, "g_lr_after": 0.002125, "fires": 4339, "prior_lr_before": 0.0085, "prior_lr_after": 0.00425}
{"event": "g_lr_apply", "armed": true, "update_index": 5540, "g_lr_before": 0.00425, "g_lr_after": 0.002125, "fires": 4340, "prior_lr_before": 0.0085, "prior_lr_after": 0.00425}
{"event": "g_lr_apply", "armed": true, "update_index": 5541, "g_lr_before": 0.00425, "g_lr_after": 0.002125, "fires": 4341, "prior_lr_before": 0.0085, "prior_lr_after": 0.00425}
{"event": "g_lr_apply", "armed": true, "update_index": 5542, "g_lr_before": 0.00425, "g_lr_after": 0.002125, "fires": 4342, "prior_lr_before": 0.0085, "prior_lr_after": 0.00425}
{"event": "g_lr_apply", "armed": true, "update_index": 5543, "g_lr_before": 0.00425, "g_lr_after": 0.002125, "fires": 4343, "prior_lr_before": 0.0085, "prior_lr_after": 0.00425}
{"event": "g_lr_apply", "armed": true, "update_index": 5544, "g_lr_before": 0.00425, "g_lr_after": 0.002125, "fires": 4344, "prior_lr_before": 0.0085, "prior_lr_after": 0.00425}
{"event": "g_lr_apply", "armed": true, "update_index": 5545, "g_lr_before": 0.00425, "g_lr_after": 0.002125, "fires": 4345, "prior_lr_before": 0.0085, "prior_lr_after": 0.00425}
{"event": "g_lr_apply", "armed": true, "update_index": 5546, "g_lr_before": 0.00425, "g_lr_after": 0.002125, "fires": 4346, "prior_lr_before": 0.0085, "prior_lr_after": 0.00425}
{"event": "g_lr_apply", "armed": true, "update_index": 5547, "g_lr_before": 0.00425, "g_lr_after": 0.002125, "fires": 4347, "prior_lr_before": 0.0085, "prior_lr_after": 0.00425}
{"event": "g_lr_apply", "armed": true, "update_index": 5548, "g_lr_before": 0.00425, "g_lr_after": 0.002125, "fires": 4348, "prior_lr_before": 0.0085, "prior_lr_after": 0.00425}
{"event": "g_lr_apply", "armed": true, "update_index": 5549, "g_lr_before": 0.00425, "g_lr_after": 0.002125, "fires": 4349, "prior_lr_before": 0.0085, "prior_lr_after": 0.00425}
{"event": "g_lr_apply", "armed": true, "update_index": 5550, "g_lr_before": 0.00425, "g_lr_after": 0.002125, "fires": 4350, "prior_lr_before": 0.0085, "prior_lr_after": 0.00425}
{"event": "g_lr_apply", "armed": true, "update_index": 5551, "g_lr_before": 0.00425, "g_lr_after": 0.002125, "fires": 4351, "prior_lr_before": 0.0085, "prior_lr_after": 0.00425}
{"event": "g_lr_apply", "armed": true, "update_index": 5552, "g_lr_before": 0.00425, "g_lr_after": 0.002125, "fires": 4352, "prior_lr_before": 0.0085, "prior_lr_after": 0.00425}
{"event": "g_lr_apply", "armed": true, "update_index": 5553, "g_lr_before": 0.00425, "g_lr_after": 0.002125, "fires": 4353, "prior_lr_before": 0.0085, "prior_lr_after": 0.00425}
{"event": "g_lr_apply", "armed": true, "update_index": 5554, "g_lr_before": 0.00425, "g_lr_after": 0.002125, "fires": 4354, "prior_lr_before": 0.0085, "prior_lr_after": 0.00425}
{"event": "g_lr_apply", "armed": true, "update_index": 5555, "g_lr_before": 0.00425, "g_lr_after": 0.002125, "fires": 4355, "prior_lr_before": 0.0085, "prior_lr_after": 0.00425}
{"event": "g_lr_apply", "armed": true, "update_index": 5556, "g_lr_before": 0.00425, "g_lr_after": 0.002125, "fires": 4356, "prior_lr_before": 0.0085, "prior_lr_after": 0.00425}
{"event": "g_lr_apply", "armed": true, "update_index": 5557, "g_lr_before": 0.00425, "g_lr_after": 0.002125, "fires": 4357, "prior_lr_before": 0.0085, "prior_lr_after": 0.00425}
{"event": "g_lr_apply", "armed": true, "update_index": 5558, "g_lr_before": 0.00425, "g_lr_after": 0.002125, "fires": 4358, "prior_lr_before": 0.0085, "prior_lr_after": 0.00425}
{"event": "g_lr_apply", "armed": true, "update_index": 5559, "g_lr_before": 0.00425, "g_lr_after": 0.002125, "fires": 4359, "prior_lr_before": 0.0085, "prior_lr_after": 0.00425}
{"event": "g_lr_apply", "armed": true, "update_index": 5560, "g_lr_before": 0.00425, "g_lr_after": 0.002125, "fires": 4360, "prior_lr_before": 0.0085, "prior_lr_after": 0.00425}
{"event": "g_lr_apply", "armed": true, "update_index": 5561, "g_lr_before": 0.00425, "g_lr_after": 0.002125, "fires": 4361, "prior_lr_before": 0.0085, "prior_lr_after": 0.00425}
{"event": "g_lr_apply", "armed": true, "update_index": 5562, "g_lr_before": 0.00425, "g_lr_after": 0.002125, "fires": 4362, "prior_lr_before": 0.0085, "prior_lr_after": 0.00425}
{"event": "g_lr_apply", "armed": true, "update_index": 5563, "g_lr_before": 0.00425, "g_lr_after": 0.002125, "fires": 4363, "prior_lr_before": 0.0085, "prior_lr_after": 0.00425}
{"event": "g_lr_apply", "armed": true, "update_index": 5564, "g_lr_before": 0.00425, "g_lr_after": 0.002125, "fires": 4364, "prior_lr_before": 0.0085, "prior_lr_after": 0.00425}
{"event": "g_lr_apply", "armed": true, "update_index": 5565, "g_lr_before": 0.00425, "g_lr_after": 0.002125, "fires": 4365, "prior_lr_before": 0.0085, "prior_lr_after": 0.00425}
{"event": "g_lr_apply", "armed": true, "update_index": 5566, "g_lr_before": 0.00425, "g_lr_after": 0.002125, "fires": 4366, "prior_lr_before": 0.0085, "prior_lr_after": 0.00425}
{"event": "g_lr_apply", "armed": true, "update_index": 5567, "g_lr_before": 0.00425, "g_lr_after": 0.002125, "fires": 4367, "prior_lr_before": 0.0085, "prior_lr_after": 0.00425}
{"event": "g_lr_apply", "armed": true, "update_index": 5568, "g_lr_before": 0.00425, "g_lr_after": 0.002125, "fires": 4368, "prior_lr_before": 0.0085, "prior_lr_after": 0.00425}
{"event": "g_lr_apply", "armed": true, "update_index": 5569, "g_lr_before": 0.00425, "g_lr_after": 0.002125, "fires": 4369, "prior_lr_before": 0.0085, "prior_lr_after": 0.00425}
{"event": "g_lr_apply", "armed": true, "update_index": 5570, "g_lr_before": 0.00425, "g_lr_after": 0.002125, "fires": 4370, "prior_lr_before": 0.0085, "prior_lr_after": 0.00425}
{"event": "g_lr_apply", "armed": true, "update_index": 5571, "g_lr_before": 0.00425, "g_lr_after": 0.002125, "fires": 4371, "prior_lr_before": 0.0085, "prior_lr_after": 0.00425}
{"event": "g_lr_apply", "armed": true, "update_index": 5572, "g_lr_before": 0.00425, "g_lr_after": 0.002125, "fires": 4372, "prior_lr_before": 0.0085, "prior_lr_after": 0.00425}
{"event": "g_lr_apply", "armed": true, "update_index": 5573, "g_lr_before": 0.00425, "g_lr_after": 0.002125, "fires": 4373, "prior_lr_before": 0.0085, "prior_lr_after": 0.00425}
{"event": "g_lr_apply", "armed": true, "update_index": 5574, "g_lr_before": 0.00425, "g_lr_after": 0.002125, "fires": 4374, "prior_lr_before": 0.0085, "prior_lr_after": 0.00425}
{"event": "g_lr_apply", "armed": true, "update_index": 5575, "g_lr_before": 0.00425, "g_lr_after": 0.002125, "fires": 4375, "prior_lr_before": 0.0085, "prior_lr_after": 0.00425}
{"event": "g_lr_apply", "armed": true, "update_index": 5576, "g_lr_before": 0.00425, "g_lr_after": 0.002125, "fires": 4376, "prior_lr_before": 0.0085, "prior_lr_after": 0.00425}
{"event": "g_lr_apply", "armed": true, "update_index": 5577, "g_lr_before": 0.00425, "g_lr_after": 0.002125, "fires": 4377, "prior_lr_before": 0.0085, "prior_lr_after": 0.00425}
{"event": "g_lr_apply", "armed": true, "update_index": 5578, "g_lr_before": 0.00425, "g_lr_after": 0.002125, "fires": 4378, "prior_lr_before": 0.0085, "prior_lr_after": 0.00425}
{"event": "g_lr_apply", "armed": true, "update_index": 5579, "g_lr_before": 0.00425, "g_lr_after": 0.002125, "fires": 4379, "prior_lr_before": 0.0085, "prior_lr_after": 0.00425}
{"event": "g_lr_apply", "armed": true, "update_index": 5580, "g_lr_before": 0.00425, "g_lr_after": 0.002125, "fires": 4380, "prior_lr_before": 0.0085, "prior_lr_after": 0.00425}
{"event": "g_lr_apply", "armed": true, "update_index": 5581, "g_lr_before": 0.00425, "g_lr_after": 0.002125, "fires": 4381, "prior_lr_before": 0.0085, "prior_lr_after": 0.00425}
{"event": "g_lr_apply", "armed": true, "update_index": 5582, "g_lr_before": 0.00425, "g_lr_after": 0.002125, "fires": 4382, "prior_lr_before": 0.0085, "prior_lr_after": 0.00425}
{"event": "g_lr_apply", "armed": true, "update_index": 5583, "g_lr_before": 0.00425, "g_lr_after": 0.002125, "fires": 4383, "prior_lr_before": 0.0085, "prior_lr_after": 0.00425}
{"event": "g_lr_apply", "armed": true, "update_index": 5584, "g_lr_before": 0.00425, "g_lr_after": 0.002125, "fires": 4384, "prior_lr_before": 0.0085, "prior_lr_after": 0.00425}
{"event": "g_lr_apply", "armed": true, "update_index": 5585, "g_lr_before": 0.00425, "g_lr_after": 0.002125, "fires": 4385, "prior_lr_before": 0.0085, "prior_lr_after": 0.00425}
{"event": "g_lr_apply", "armed": true, "update_index": 5586, "g_lr_before": 0.00425, "g_lr_after": 0.002125, "fires": 4386, "prior_lr_before": 0.0085, "prior_lr_after": 0.00425}
{"event": "g_lr_apply", "armed": true, "update_index": 5587, "g_lr_before": 0.00425, "g_lr_after": 0.002125, "fires": 4387, "prior_lr_before": 0.0085, "prior_lr_after": 0.00425}
{"event": "g_lr_apply", "armed": true, "update_index": 5588, "g_lr_before": 0.00425, "g_lr_after": 0.002125, "fires": 4388, "prior_lr_before": 0.0085, "prior_lr_after": 0.00425}
{"event": "g_lr_apply", "armed": true, "update_index": 5589, "g_lr_before": 0.00425, "g_lr_after": 0.002125, "fires": 4389, "prior_lr_before": 0.0085, "prior_lr_after": 0.00425}
{"event": "g_lr_apply", "armed": true, "update_index": 5590, "g_lr_before": 0.00425, "g_lr_after": 0.002125, "fires": 4390, "prior_lr_before": 0.0085, "prior_lr_after": 0.00425}
{"event": "g_lr_apply", "armed": true, "update_index": 5591, "g_lr_before": 0.00425, "g_lr_after": 0.002125, "fires": 4391, "prior_lr_before": 0.0085, "prior_lr_after": 0.00425}
{"event": "g_lr_apply", "armed": true, "update_index": 5592, "g_lr_before": 0.00425, "g_lr_after": 0.002125, "fires": 4392, "prior_lr_before": 0.0085, "prior_lr_after": 0.00425}
{"event": "g_lr_apply", "armed": true, "update_index": 5593, "g_lr_before": 0.00425, "g_lr_after": 0.002125, "fires": 4393, "prior_lr_before": 0.0085, "prior_lr_after": 0.00425}
{"event": "g_lr_apply", "armed": true, "update_index": 5594, "g_lr_before": 0.00425, "g_lr_after": 0.002125, "fires": 4394, "prior_lr_before": 0.0085, "prior_lr_after": 0.00425}
{"event": "g_lr_apply", "armed": true, "update_index": 5595, "g_lr_before": 0.00425, "g_lr_after": 0.002125, "fires": 4395, "prior_lr_before": 0.0085, "prior_lr_after": 0.00425}
{"event": "g_lr_apply", "armed": true, "update_index": 5596, "g_lr_before": 0.00425, "g_lr_after": 0.002125, "fires": 4396, "prior_lr_before": 0.0085, "prior_lr_after": 0.00425}
{"event": "g_lr_apply", "armed": true, "update_index": 5597, "g_lr_before": 0.00425, "g_lr_after": 0.002125, "fires": 4397, "prior_lr_before": 0.0085, "prior_lr_after": 0.00425}
{"event": "g_lr_apply", "armed": true, "update_index": 5598, "g_lr_before": 0.00425, "g_lr_after": 0.002125, "fires": 4398, "prior_lr_before": 0.0085, "prior_lr_after": 0.00425}
{"event": "g_lr_apply", "armed": true, "update_index": 5599, "g_lr_before": 0.00425, "g_lr_after": 0.002125, "fires": 4399, "prior_lr_before": 0.0085, "prior_lr_after": 0.00425}
{"event": "g_lr_apply", "armed": true, "update_index": 5600, "g_lr_before": 0.00425, "g_lr_after": 0.002125, "fires": 4400, "prior_lr_before": 0.0085, "prior_lr_after": 0.00425}
{"event": "g_lr_apply", "armed": true, "update_index": 5601, "g_lr_before": 0.00425, "g_lr_after": 0.002125, "fires": 4401, "prior_lr_before": 0.0085, "prior_lr_after": 0.00425}
{"event": "g_lr_apply", "armed": true, "update_index": 5602, "g_lr_before": 0.00425, "g_lr_after": 0.002125, "fires": 4402, "prior_lr_before": 0.0085, "prior_lr_after": 0.00425}
{"event": "g_lr_apply", "armed": true, "update_index": 5603, "g_lr_before": 0.00425, "g_lr_after": 0.002125, "fires": 4403, "prior_lr_before": 0.0085, "prior_lr_after": 0.00425}
{"event": "g_lr_apply", "armed": true, "update_index": 5604, "g_lr_before": 0.00425, "g_lr_after": 0.002125, "fires": 4404, "prior_lr_before": 0.0085, "prior_lr_after": 0.00425}
{"event": "g_lr_apply", "armed": true, "update_index": 5605, "g_lr_before": 0.00425, "g_lr_after": 0.002125, "fires": 4405, "prior_lr_before": 0.0085, "prior_lr_after": 0.00425}
{"event": "g_lr_apply", "armed": true, "update_index": 5606, "g_lr_before": 0.00425, "g_lr_after": 0.002125, "fires": 4406, "prior_lr_before": 0.0085, "prior_lr_after": 0.00425}
{"event": "g_lr_apply", "armed": true, "update_index": 5607, "g_lr_before": 0.00425, "g_lr_after": 0.002125, "fires": 4407, "prior_lr_before": 0.0085, "prior_lr_after": 0.00425}
{"event": "g_lr_apply", "armed": true, "update_index": 5608, "g_lr_before": 0.00425, "g_lr_after": 0.002125, "fires": 4408, "prior_lr_before": 0.0085, "prior_lr_after": 0.00425}
{"event": "g_lr_apply", "armed": true, "update_index": 5609, "g_lr_before": 0.00425, "g_lr_after": 0.002125, "fires": 4409, "prior_lr_before": 0.0085, "prior_lr_after": 0.00425}
{"event": "g_lr_apply", "armed": true, "update_index": 5610, "g_lr_before": 0.00425, "g_lr_after": 0.002125, "fires": 4410, "prior_lr_before": 0.0085, "prior_lr_after": 0.00425}
{"event": "g_lr_apply", "armed": true, "update_index": 5611, "g_lr_before": 0.00425, "g_lr_after": 0.002125, "fires": 4411, "prior_lr_before": 0.0085, "prior_lr_after": 0.00425}
{"event": "g_lr_apply", "armed": true, "update_index": 5612, "g_lr_before": 0.00425, "g_lr_after": 0.002125, "fires": 4412, "prior_lr_before": 0.0085, "prior_lr_after": 0.00425}
{"event": "g_lr_apply", "armed": true, "update_index": 5613, "g_lr_before": 0.00425, "g_lr_after": 0.002125, "fires": 4413, "prior_lr_before": 0.0085, "prior_lr_after": 0.00425}
{"event": "g_lr_apply", "armed": true, "update_index": 5614, "g_lr_before": 0.00425, "g_lr_after": 0.002125, "fires": 4414, "prior_lr_before": 0.0085, "prior_lr_after": 0.00425}
{"event": "g_lr_apply", "armed": true, "update_index": 5615, "g_lr_before": 0.00425, "g_lr_after": 0.002125, "fires": 4415, "prior_lr_before": 0.0085, "prior_lr_after": 0.00425}
{"event": "g_lr_apply", "armed": true, "update_index": 5616, "g_lr_before": 0.00425, "g_lr_after": 0.002125, "fires": 4416, "prior_lr_before": 0.0085, "prior_lr_after": 0.00425}
{"event": "g_lr_apply", "armed": true, "update_index": 5617, "g_lr_before": 0.00425, "g_lr_after": 0.002125, "fires": 4417, "prior_lr_before": 0.0085, "prior_lr_after": 0.00425}
{"event": "g_lr_apply", "armed": true, "update_index": 5618, "g_lr_before": 0.00425, "g_lr_after": 0.002125, "fires": 4418, "prior_lr_before": 0.0085, "prior_lr_after": 0.00425}
{"event": "g_lr_apply", "armed": true, "update_index": 5619, "g_lr_before": 0.00425, "g_lr_after": 0.002125, "fires": 4419, "prior_lr_before": 0.0085, "prior_lr_after": 0.00425}
{"event": "g_lr_apply", "armed": true, "update_index": 5620, "g_lr_before": 0.00425, "g_lr_after": 0.002125, "fires": 4420, "prior_lr_before": 0.0085, "prior_lr_after": 0.00425}
{"event": "g_lr_apply", "armed": true, "update_index": 5621, "g_lr_before": 0.00425, "g_lr_after": 0.002125, "fires": 4421, "prior_lr_before": 0.0085, "prior_lr_after": 0.00425}
{"event": "g_lr_apply", "armed": true, "update_index": 5622, "g_lr_before": 0.00425, "g_lr_after": 0.002125, "fires": 4422, "prior_lr_before": 0.0085, "prior_lr_after": 0.00425}
{"event": "g_lr_apply", "armed": true, "update_index": 5623, "g_lr_before": 0.00425, "g_lr_after": 0.002125, "fires": 4423, "prior_lr_before": 0.0085, "prior_lr_after": 0.00425}
{"event": "g_lr_apply", "armed": true, "update_index": 5624, "g_lr_before": 0.00425, "g_lr_after": 0.002125, "fires": 4424, "prior_lr_before": 0.0085, "prior_lr_after": 0.00425}
{"event": "g_lr_apply", "armed": true, "update_index": 5625, "g_lr_before": 0.00425, "g_lr_after": 0.002125, "fires": 4425, "prior_lr_before": 0.0085, "prior_lr_after": 0.00425}
{"event": "g_lr_apply", "armed": true, "update_index": 5626, "g_lr_before": 0.00425, "g_lr_after": 0.002125, "fires": 4426, "prior_lr_before": 0.0085, "prior_lr_after": 0.00425}
{"event": "g_lr_apply", "armed": true, "update_index": 5627, "g_lr_before": 0.00425, "g_lr_after": 0.002125, "fires": 4427, "prior_lr_before": 0.0085, "prior_lr_after": 0.00425}
{"event": "g_lr_apply", "armed": true, "update_index": 5628, "g_lr_before": 0.00425, "g_lr_after": 0.002125, "fires": 4428, "prior_lr_before": 0.0085, "prior_lr_after": 0.00425}
{"event": "g_lr_apply", "armed": true, "update_index": 5629, "g_lr_before": 0.00425, "g_lr_after": 0.002125, "fires": 4429, "prior_lr_before": 0.0085, "prior_lr_after": 0.00425}
{"event": "g_lr_apply", "armed": true, "update_index": 5630, "g_lr_before": 0.00425, "g_lr_after": 0.002125, "fires": 4430, "prior_lr_before": 0.0085, "prior_lr_after": 0.00425}
{"event": "g_lr_apply", "armed": true, "update_index": 5631, "g_lr_before": 0.00425, "g_lr_after": 0.002125, "fires": 4431, "prior_lr_before": 0.0085, "prior_lr_after": 0.00425}
{"event": "g_lr_apply", "armed": true, "update_index": 5632, "g_lr_before": 0.00425, "g_lr_after": 0.002125, "fires": 4432, "prior_lr_before": 0.0085, "prior_lr_after": 0.00425}
{"event": "g_lr_apply", "armed": true, "update_index": 5633, "g_lr_before": 0.00425, "g_lr_after": 0.002125, "fires": 4433, "prior_lr_before": 0.0085, "prior_lr_after": 0.00425}
{"event": "g_lr_apply", "armed": true, "update_index": 5634, "g_lr_before": 0.00425, "g_lr_after": 0.002125, "fires": 4434, "prior_lr_before": 0.0085, "prior_lr_after": 0.00425}
{"event": "g_lr_apply", "armed": true, "update_index": 5635, "g_lr_before": 0.00425, "g_lr_after": 0.002125, "fires": 4435, "prior_lr_before": 0.0085, "prior_lr_after": 0.00425}
{"event": "g_lr_apply", "armed": true, "update_index": 5636, "g_lr_before": 0.00425, "g_lr_after": 0.002125, "fires": 4436, "prior_lr_before": 0.0085, "prior_lr_after": 0.00425}
{"event": "g_lr_apply", "armed": true, "update_index": 5637, "g_lr_before": 0.00425, "g_lr_after": 0.002125, "fires": 4437, "prior_lr_before": 0.0085, "prior_lr_after": 0.00425}
{"event": "g_lr_apply", "armed": true, "update_index": 5638, "g_lr_before": 0.00425, "g_lr_after": 0.002125, "fires": 4438, "prior_lr_before": 0.0085, "prior_lr_after": 0.00425}
{"event": "g_lr_apply", "armed": true, "update_index": 5639, "g_lr_before": 0.00425, "g_lr_after": 0.002125, "fires": 4439, "prior_lr_before": 0.0085, "prior_lr_after": 0.00425}
{"event": "g_lr_apply", "armed": true, "update_index": 5640, "g_lr_before": 0.00425, "g_lr_after": 0.002125, "fires": 4440, "prior_lr_before": 0.0085, "prior_lr_after": 0.00425}
{"event": "g_lr_apply", "armed": true, "update_index": 5641, "g_lr_before": 0.00425, "g_lr_after": 0.002125, "fires": 4441, "prior_lr_before": 0.0085, "prior_lr_after": 0.00425}
{"event": "g_lr_apply", "armed": true, "update_index": 5642, "g_lr_before": 0.00425, "g_lr_after": 0.002125, "fires": 4442, "prior_lr_before": 0.0085, "prior_lr_after": 0.00425}
{"event": "g_lr_apply", "armed": true, "update_index": 5643, "g_lr_before": 0.00425, "g_lr_after": 0.002125, "fires": 4443, "prior_lr_before": 0.0085, "prior_lr_after": 0.00425}
{"event": "g_lr_apply", "armed": true, "update_index": 5644, "g_lr_before": 0.00425, "g_lr_after": 0.002125, "fires": 4444, "prior_lr_before": 0.0085, "prior_lr_after": 0.00425}
{"event": "g_lr_apply", "armed": true, "update_index": 5645, "g_lr_before": 0.00425, "g_lr_after": 0.002125, "fires": 4445, "prior_lr_before": 0.0085, "prior_lr_after": 0.00425}
{"event": "g_lr_apply", "armed": true, "update_index": 5646, "g_lr_before": 0.00425, "g_lr_after": 0.002125, "fires": 4446, "prior_lr_before": 0.0085, "prior_lr_after": 0.00425}
{"event": "g_lr_apply", "armed": true, "update_index": 5647, "g_lr_before": 0.00425, "g_lr_after": 0.002125, "fires": 4447, "prior_lr_before": 0.0085, "prior_lr_after": 0.00425}
{"event": "g_lr_apply", "armed": true, "update_index": 5648, "g_lr_before": 0.00425, "g_lr_after": 0.002125, "fires": 4448, "prior_lr_before": 0.0085, "prior_lr_after": 0.00425}
{"event": "g_lr_apply", "armed": true, "update_index": 5649, "g_lr_before": 0.00425, "g_lr_after": 0.002125, "fires": 4449, "prior_lr_before": 0.0085, "prior_lr_after": 0.00425}
{"event": "g_lr_apply", "armed": true, "update_index": 5650, "g_lr_before": 0.00425, "g_lr_after": 0.002125, "fires": 4450, "prior_lr_before": 0.0085, "prior_lr_after": 0.00425}
{"event": "g_lr_apply", "armed": true, "update_index": 5651, "g_lr_before": 0.00425, "g_lr_after": 0.002125, "fires": 4451, "prior_lr_before": 0.0085, "prior_lr_after": 0.00425}
{"event": "g_lr_apply", "armed": true, "update_index": 5652, "g_lr_before": 0.00425, "g_lr_after": 0.002125, "fires": 4452, "prior_lr_before": 0.0085, "prior_lr_after": 0.00425}
{"event": "g_lr_apply", "armed": true, "update_index": 5653, "g_lr_before": 0.00425, "g_lr_after": 0.002125, "fires": 4453, "prior_lr_before": 0.0085, "prior_lr_after": 0.00425}
{"event": "g_lr_apply", "armed": true, "update_index": 5654, "g_lr_before": 0.00425, "g_lr_after": 0.002125, "fires": 4454, "prior_lr_before": 0.0085, "prior_lr_after": 0.00425}
{"event": "g_lr_apply", "armed": true, "update_index": 5655, "g_lr_before": 0.00425, "g_lr_after": 0.002125, "fires": 4455, "prior_lr_before": 0.0085, "prior_lr_after": 0.00425}
{"event": "g_lr_apply", "armed": true, "update_index": 5656, "g_lr_before": 0.00425, "g_lr_after": 0.002125, "fires": 4456, "prior_lr_before": 0.0085, "prior_lr_after": 0.00425}
{"event": "g_lr_apply", "armed": true, "update_index": 5657, "g_lr_before": 0.00425, "g_lr_after": 0.002125, "fires": 4457, "prior_lr_before": 0.0085, "prior_lr_after": 0.00425}
{"event": "g_lr_apply", "armed": true, "update_index": 5658, "g_lr_before": 0.00425, "g_lr_after": 0.002125, "fires": 4458, "prior_lr_before": 0.0085, "prior_lr_after": 0.00425}
{"event": "g_lr_apply", "armed": true, "update_index": 5659, "g_lr_before": 0.00425, "g_lr_after": 0.002125, "fires": 4459, "prior_lr_before": 0.0085, "prior_lr_after": 0.00425}
{"event": "g_lr_apply", "armed": true, "update_index": 5660, "g_lr_before": 0.00425, "g_lr_after": 0.002125, "fires": 4460, "prior_lr_before": 0.0085, "prior_lr_after": 0.00425}
{"event": "g_lr_apply", "armed": true, "update_index": 5661, "g_lr_before": 0.00425, "g_lr_after": 0.002125, "fires": 4461, "prior_lr_before": 0.0085, "prior_lr_after": 0.00425}
{"event": "g_lr_apply", "armed": true, "update_index": 5662, "g_lr_before": 0.00425, "g_lr_after": 0.002125, "fires": 4462, "prior_lr_before": 0.0085, "prior_lr_after": 0.00425}
{"event": "g_lr_apply", "armed": true, "update_index": 5663, "g_lr_before": 0.00425, "g_lr_after": 0.002125, "fires": 4463, "prior_lr_before": 0.0085, "prior_lr_after": 0.00425}
{"event": "g_lr_apply", "armed": true, "update_index": 5664, "g_lr_before": 0.00425, "g_lr_after": 0.002125, "fires": 4464, "prior_lr_before": 0.0085, "prior_lr_after": 0.00425}
{"event": "g_lr_apply", "armed": true, "update_index": 5665, "g_lr_before": 0.00425, "g_lr_after": 0.002125, "fires": 4465, "prior_lr_before": 0.0085, "prior_lr_after": 0.00425}
{"event": "g_lr_apply", "armed": true, "update_index": 5666, "g_lr_before": 0.00425, "g_lr_after": 0.002125, "fires": 4466, "prior_lr_before": 0.0085, "prior_lr_after": 0.00425}
{"event": "g_lr_apply", "armed": true, "update_index": 5667, "g_lr_before": 0.00425, "g_lr_after": 0.002125, "fires": 4467, "prior_lr_before": 0.0085, "prior_lr_after": 0.00425}
{"event": "g_lr_apply", "armed": true, "update_index": 5668, "g_lr_before": 0.00425, "g_lr_after": 0.002125, "fires": 4468, "prior_lr_before": 0.0085, "prior_lr_after": 0.00425}
{"event": "g_lr_apply", "armed": true, "update_index": 5669, "g_lr_before": 0.00425, "g_lr_after": 0.002125, "fires": 4469, "prior_lr_before": 0.0085, "prior_lr_after": 0.00425}
{"event": "g_lr_apply", "armed": true, "update_index": 5670, "g_lr_before": 0.00425, "g_lr_after": 0.002125, "fires": 4470, "prior_lr_before": 0.0085, "prior_lr_after": 0.00425}
{"event": "g_lr_apply", "armed": true, "update_index": 5671, "g_lr_before": 0.00425, "g_lr_after": 0.002125, "fires": 4471, "prior_lr_before": 0.0085, "prior_lr_after": 0.00425}
{"event": "g_lr_apply", "armed": true, "update_index": 5672, "g_lr_before": 0.00425, "g_lr_after": 0.002125, "fires": 4472, "prior_lr_before": 0.0085, "prior_lr_after": 0.00425}
{"event": "g_lr_apply", "armed": true, "update_index": 5673, "g_lr_before": 0.00425, "g_lr_after": 0.002125, "fires": 4473, "prior_lr_before": 0.0085, "prior_lr_after": 0.00425}
{"event": "g_lr_apply", "armed": true, "update_index": 5674, "g_lr_before": 0.00425, "g_lr_after": 0.002125, "fires": 4474, "prior_lr_before": 0.0085, "prior_lr_after": 0.00425}
{"event": "g_lr_apply", "armed": true, "update_index": 5675, "g_lr_before": 0.00425, "g_lr_after": 0.002125, "fires": 4475, "prior_lr_before": 0.0085, "prior_lr_after": 0.00425}
{"event": "g_lr_apply", "armed": true, "update_index": 5676, "g_lr_before": 0.00425, "g_lr_after": 0.002125, "fires": 4476, "prior_lr_before": 0.0085, "prior_lr_after": 0.00425}
{"event": "g_lr_apply", "armed": true, "update_index": 5677, "g_lr_before": 0.00425, "g_lr_after": 0.002125, "fires": 4477, "prior_lr_before": 0.0085, "prior_lr_after": 0.00425}
{"event": "g_lr_apply", "armed": true, "update_index": 5678, "g_lr_before": 0.00425, "g_lr_after": 0.002125, "fires": 4478, "prior_lr_before": 0.0085, "prior_lr_after": 0.00425}
{"event": "g_lr_apply", "armed": true, "update_index": 5679, "g_lr_before": 0.00425, "g_lr_after": 0.002125, "fires": 4479, "prior_lr_before": 0.0085, "prior_lr_after": 0.00425}
{"event": "g_lr_apply", "armed": true, "update_index": 5680, "g_lr_before": 0.00425, "g_lr_after": 0.002125, "fires": 4480, "prior_lr_before": 0.0085, "prior_lr_after": 0.00425}
{"event": "g_lr_apply", "armed": true, "update_index": 5681, "g_lr_before": 0.00425, "g_lr_after": 0.002125, "fires": 4481, "prior_lr_before": 0.0085, "prior_lr_after": 0.00425}
{"event": "g_lr_apply", "armed": true, "update_index": 5682, "g_lr_before": 0.00425, "g_lr_after": 0.002125, "fires": 4482, "prior_lr_before": 0.0085, "prior_lr_after": 0.00425}
{"event": "g_lr_apply", "armed": true, "update_index": 5683, "g_lr_before": 0.00425, "g_lr_after": 0.002125, "fires": 4483, "prior_lr_before": 0.0085, "prior_lr_after": 0.00425}
{"event": "g_lr_apply", "armed": true, "update_index": 5684, "g_lr_before": 0.00425, "g_lr_after": 0.002125, "fires": 4484, "prior_lr_before": 0.0085, "prior_lr_after": 0.00425}
{"event": "g_lr_apply", "armed": true, "update_index": 5685, "g_lr_before": 0.00425, "g_lr_after": 0.002125, "fires": 4485, "prior_lr_before": 0.0085, "prior_lr_after": 0.00425}
{"event": "g_lr_apply", "armed": true, "update_index": 5686, "g_lr_before": 0.00425, "g_lr_after": 0.002125, "fires": 4486, "prior_lr_before": 0.0085, "prior_lr_after": 0.00425}
{"event": "g_lr_apply", "armed": true, "update_index": 5687, "g_lr_before": 0.00425, "g_lr_after": 0.002125, "fires": 4487, "prior_lr_before": 0.0085, "prior_lr_after": 0.00425}
{"event": "g_lr_apply", "armed": true, "update_index": 5688, "g_lr_before": 0.00425, "g_lr_after": 0.002125, "fires": 4488, "prior_lr_before": 0.0085, "prior_lr_after": 0.00425}
{"event": "g_lr_apply", "armed": true, "update_index": 5689, "g_lr_before": 0.00425, "g_lr_after": 0.002125, "fires": 4489, "prior_lr_before": 0.0085, "prior_lr_after": 0.00425}
{"event": "g_lr_apply", "armed": true, "update_index": 5690, "g_lr_before": 0.00425, "g_lr_after": 0.002125, "fires": 4490, "prior_lr_before": 0.0085, "prior_lr_after": 0.00425}
{"event": "g_lr_apply", "armed": true, "update_index": 5691, "g_lr_before": 0.00425, "g_lr_after": 0.002125, "fires": 4491, "prior_lr_before": 0.0085, "prior_lr_after": 0.00425}
{"event": "g_lr_apply", "armed": true, "update_index": 5692, "g_lr_before": 0.00425, "g_lr_after": 0.002125, "fires": 4492, "prior_lr_before": 0.0085, "prior_lr_after": 0.00425}
{"event": "g_lr_apply", "armed": true, "update_index": 5693, "g_lr_before": 0.00425, "g_lr_after": 0.002125, "fires": 4493, "prior_lr_before": 0.0085, "prior_lr_after": 0.00425}
{"event": "g_lr_apply", "armed": true, "update_index": 5694, "g_lr_before": 0.00425, "g_lr_after": 0.002125, "fires": 4494, "prior_lr_before": 0.0085, "prior_lr_after": 0.00425}
{"event": "g_lr_apply", "armed": true, "update_index": 5695, "g_lr_before": 0.00425, "g_lr_after": 0.002125, "fires": 4495, "prior_lr_before": 0.0085, "prior_lr_after": 0.00425}
{"event": "g_lr_apply", "armed": true, "update_index": 5696, "g_lr_before": 0.00425, "g_lr_after": 0.002125, "fires": 4496, "prior_lr_before": 0.0085, "prior_lr_after": 0.00425}
{"event": "g_lr_apply", "armed": true, "update_index": 5697, "g_lr_before": 0.00425, "g_lr_after": 0.002125, "fires": 4497, "prior_lr_before": 0.0085, "prior_lr_after": 0.00425}
{"event": "g_lr_apply", "armed": true, "update_index": 5698, "g_lr_before": 0.00425, "g_lr_after": 0.002125, "fires": 4498, "prior_lr_before": 0.0085, "prior_lr_after": 0.00425}
{"event": "g_lr_apply", "armed": true, "update_index": 5699, "g_lr_before": 0.00425, "g_lr_after": 0.002125, "fires": 4499, "prior_lr_before": 0.0085, "prior_lr_after": 0.00425}
{"event": "g_lr_apply", "armed": true, "update_index": 5700, "g_lr_before": 0.00425, "g_lr_after": 0.002125, "fires": 4500, "prior_lr_before": 0.0085, "prior_lr_after": 0.00425}
{"event": "g_lr_apply", "armed": true, "update_index": 5701, "g_lr_before": 0.00425, "g_lr_after": 0.002125, "fires": 4501, "prior_lr_before": 0.0085, "prior_lr_after": 0.00425}
{"event": "g_lr_apply", "armed": true, "update_index": 5702, "g_lr_before": 0.00425, "g_lr_after": 0.002125, "fires": 4502, "prior_lr_before": 0.0085, "prior_lr_after": 0.00425}
{"event": "g_lr_apply", "armed": true, "update_index": 5703, "g_lr_before": 0.00425, "g_lr_after": 0.002125, "fires": 4503, "prior_lr_before": 0.0085, "prior_lr_after": 0.00425}
{"event": "g_lr_apply", "armed": true, "update_index": 5704, "g_lr_before": 0.00425, "g_lr_after": 0.002125, "fires": 4504, "prior_lr_before": 0.0085, "prior_lr_after": 0.00425}
{"event": "g_lr_apply", "armed": true, "update_index": 5705, "g_lr_before": 0.00425, "g_lr_after": 0.002125, "fires": 4505, "prior_lr_before": 0.0085, "prior_lr_after": 0.00425}
{"event": "g_lr_apply", "armed": true, "update_index": 5706, "g_lr_before": 0.00425, "g_lr_after": 0.002125, "fires": 4506, "prior_lr_before": 0.0085, "prior_lr_after": 0.00425}
{"event": "g_lr_apply", "armed": true, "update_index": 5707, "g_lr_before": 0.00425, "g_lr_after": 0.002125, "fires": 4507, "prior_lr_before": 0.0085, "prior_lr_after": 0.00425}
{"event": "g_lr_apply", "armed": true, "update_index": 5708, "g_lr_before": 0.00425, "g_lr_after": 0.002125, "fires": 4508, "prior_lr_before": 0.0085, "prior_lr_after": 0.00425}
{"event": "g_lr_apply", "armed": true, "update_index": 5709, "g_lr_before": 0.00425, "g_lr_after": 0.002125, "fires": 4509, "prior_lr_before": 0.0085, "prior_lr_after": 0.00425}
{"event": "g_lr_apply", "armed": true, "update_index": 5710, "g_lr_before": 0.00425, "g_lr_after": 0.002125, "fires": 4510, "prior_lr_before": 0.0085, "prior_lr_after": 0.00425}
{"event": "g_lr_apply", "armed": true, "update_index": 5711, "g_lr_before": 0.00425, "g_lr_after": 0.002125, "fires": 4511, "prior_lr_before": 0.0085, "prior_lr_after": 0.00425}
{"event": "g_lr_apply", "armed": true, "update_index": 5712, "g_lr_before": 0.00425, "g_lr_after": 0.002125, "fires": 4512, "prior_lr_before": 0.0085, "prior_lr_after": 0.00425}
{"event": "g_lr_apply", "armed": true, "update_index": 5713, "g_lr_before": 0.00425, "g_lr_after": 0.002125, "fires": 4513, "prior_lr_before": 0.0085, "prior_lr_after": 0.00425}
{"event": "g_lr_apply", "armed": true, "update_index": 5714, "g_lr_before": 0.00425, "g_lr_after": 0.002125, "fires": 4514, "prior_lr_before": 0.0085, "prior_lr_after": 0.00425}
{"event": "g_lr_apply", "armed": true, "update_index": 5715, "g_lr_before": 0.00425, "g_lr_after": 0.002125, "fires": 4515, "prior_lr_before": 0.0085, "prior_lr_after": 0.00425}
{"event": "g_lr_apply", "armed": true, "update_index": 5716, "g_lr_before": 0.00425, "g_lr_after": 0.002125, "fires": 4516, "prior_lr_before": 0.0085, "prior_lr_after": 0.00425}
{"event": "g_lr_apply", "armed": true, "update_index": 5717, "g_lr_before": 0.00425, "g_lr_after": 0.002125, "fires": 4517, "prior_lr_before": 0.0085, "prior_lr_after": 0.00425}
{"event": "g_lr_apply", "armed": true, "update_index": 5718, "g_lr_before": 0.00425, "g_lr_after": 0.002125, "fires": 4518, "prior_lr_before": 0.0085, "prior_lr_after": 0.00425}
{"event": "g_lr_apply", "armed": true, "update_index": 5719, "g_lr_before": 0.00425, "g_lr_after": 0.002125, "fires": 4519, "prior_lr_before": 0.0085, "prior_lr_after": 0.00425}
{"event": "g_lr_apply", "armed": true, "update_index": 5720, "g_lr_before": 0.00425, "g_lr_after": 0.002125, "fires": 4520, "prior_lr_before": 0.0085, "prior_lr_after": 0.00425}
{"event": "g_lr_apply", "armed": true, "update_index": 5721, "g_lr_before": 0.00425, "g_lr_after": 0.002125, "fires": 4521, "prior_lr_before": 0.0085, "prior_lr_after": 0.00425}
{"event": "g_lr_apply", "armed": true, "update_index": 5722, "g_lr_before": 0.00425, "g_lr_after": 0.002125, "fires": 4522, "prior_lr_before": 0.0085, "prior_lr_after": 0.00425}
{"event": "g_lr_apply", "armed": true, "update_index": 5723, "g_lr_before": 0.00425, "g_lr_after": 0.002125, "fires": 4523, "prior_lr_before": 0.0085, "prior_lr_after": 0.00425}
{"event": "g_lr_apply", "armed": true, "update_index": 5724, "g_lr_before": 0.00425, "g_lr_after": 0.002125, "fires": 4524, "prior_lr_before": 0.0085, "prior_lr_after": 0.00425}
{"event": "g_lr_apply", "armed": true, "update_index": 5725, "g_lr_before": 0.00425, "g_lr_after": 0.002125, "fires": 4525, "prior_lr_before": 0.0085, "prior_lr_after": 0.00425}
{"event": "g_lr_apply", "armed": true, "update_index": 5726, "g_lr_before": 0.00425, "g_lr_after": 0.002125, "fires": 4526, "prior_lr_before": 0.0085, "prior_lr_after": 0.00425}
{"event": "g_lr_apply", "armed": true, "update_index": 5727, "g_lr_before": 0.00425, "g_lr_after": 0.002125, "fires": 4527, "prior_lr_before": 0.0085, "prior_lr_after": 0.00425}
{"event": "g_lr_apply", "armed": true, "update_index": 5728, "g_lr_before": 0.00425, "g_lr_after": 0.002125, "fires": 4528, "prior_lr_before": 0.0085, "prior_lr_after": 0.00425}
{"event": "g_lr_apply", "armed": true, "update_index": 5729, "g_lr_before": 0.00425, "g_lr_after": 0.002125, "fires": 4529, "prior_lr_before": 0.0085, "prior_lr_after": 0.00425}
{"event": "g_lr_apply", "armed": true, "update_index": 5730, "g_lr_before": 0.00425, "g_lr_after": 0.002125, "fires": 4530, "prior_lr_before": 0.0085, "prior_lr_after": 0.00425}
{"event": "g_lr_apply", "armed": true, "update_index": 5731, "g_lr_before": 0.00425, "g_lr_after": 0.002125, "fires": 4531, "prior_lr_before": 0.0085, "prior_lr_after": 0.00425}
{"event": "g_lr_apply", "armed": true, "update_index": 5732, "g_lr_before": 0.00425, "g_lr_after": 0.002125, "fires": 4532, "prior_lr_before": 0.0085, "prior_lr_after": 0.00425}
{"event": "g_lr_apply", "armed": true, "update_index": 5733, "g_lr_before": 0.00425, "g_lr_after": 0.002125, "fires": 4533, "prior_lr_before": 0.0085, "prior_lr_after": 0.00425}
{"event": "g_lr_apply", "armed": true, "update_index": 5734, "g_lr_before": 0.00425, "g_lr_after": 0.002125, "fires": 4534, "prior_lr_before": 0.0085, "prior_lr_after": 0.00425}
{"event": "g_lr_apply", "armed": true, "update_index": 5735, "g_lr_before": 0.00425, "g_lr_after": 0.002125, "fires": 4535, "prior_lr_before": 0.0085, "prior_lr_after": 0.00425}
{"event": "g_lr_apply", "armed": true, "update_index": 5736, "g_lr_before": 0.00425, "g_lr_after": 0.002125, "fires": 4536, "prior_lr_before": 0.0085, "prior_lr_after": 0.00425}
{"event": "g_lr_apply", "armed": true, "update_index": 5737, "g_lr_before": 0.00425, "g_lr_after": 0.002125, "fires": 4537, "prior_lr_before": 0.0085, "prior_lr_after": 0.00425}
{"event": "g_lr_apply", "armed": true, "update_index": 5738, "g_lr_before": 0.00425, "g_lr_after": 0.002125, "fires": 4538, "prior_lr_before": 0.0085, "prior_lr_after": 0.00425}
{"event": "g_lr_apply", "armed": true, "update_index": 5739, "g_lr_before": 0.00425, "g_lr_after": 0.002125, "fires": 4539, "prior_lr_before": 0.0085, "prior_lr_after": 0.00425}
{"event": "g_lr_apply", "armed": true, "update_index": 5740, "g_lr_before": 0.00425, "g_lr_after": 0.002125, "fires": 4540, "prior_lr_before": 0.0085, "prior_lr_after": 0.00425}
{"event": "g_lr_apply", "armed": true, "update_index": 5741, "g_lr_before": 0.00425, "g_lr_after": 0.002125, "fires": 4541, "prior_lr_before": 0.0085, "prior_lr_after": 0.00425}
{"event": "g_lr_apply", "armed": true, "update_index": 5742, "g_lr_before": 0.00425, "g_lr_after": 0.002125, "fires": 4542, "prior_lr_before": 0.0085, "prior_lr_after": 0.00425}
{"event": "g_lr_apply", "armed": true, "update_index": 5743, "g_lr_before": 0.00425, "g_lr_after": 0.002125, "fires": 4543, "prior_lr_before": 0.0085, "prior_lr_after": 0.00425}
{"event": "g_lr_apply", "armed": true, "update_index": 5744, "g_lr_before": 0.00425, "g_lr_after": 0.002125, "fires": 4544, "prior_lr_before": 0.0085, "prior_lr_after": 0.00425}
{"event": "g_lr_apply", "armed": true, "update_index": 5745, "g_lr_before": 0.00425, "g_lr_after": 0.002125, "fires": 4545, "prior_lr_before": 0.0085, "prior_lr_after": 0.00425}
{"event": "g_lr_apply", "armed": true, "update_index": 5746, "g_lr_before": 0.00425, "g_lr_after": 0.002125, "fires": 4546, "prior_lr_before": 0.0085, "prior_lr_after": 0.00425}
{"event": "g_lr_apply", "armed": true, "update_index": 5747, "g_lr_before": 0.00425, "g_lr_after": 0.002125, "fires": 4547, "prior_lr_before": 0.0085, "prior_lr_after": 0.00425}
{"event": "g_lr_apply", "armed": true, "update_index": 5748, "g_lr_before": 0.00425, "g_lr_after": 0.002125, "fires": 4548, "prior_lr_before": 0.0085, "prior_lr_after": 0.00425}
{"event": "g_lr_apply", "armed": true, "update_index": 5749, "g_lr_before": 0.00425, "g_lr_after": 0.002125, "fires": 4549, "prior_lr_before": 0.0085, "prior_lr_after": 0.00425}
{"event": "g_lr_apply", "armed": true, "update_index": 5750, "g_lr_before": 0.00425, "g_lr_after": 0.002125, "fires": 4550, "prior_lr_before": 0.0085, "prior_lr_after": 0.00425}
{"event": "g_lr_apply", "armed": true, "update_index": 5751, "g_lr_before": 0.00425, "g_lr_after": 0.002125, "fires": 4551, "prior_lr_before": 0.0085, "prior_lr_after": 0.00425}
{"event": "g_lr_apply", "armed": true, "update_index": 5752, "g_lr_before": 0.00425, "g_lr_after": 0.002125, "fires": 4552, "prior_lr_before": 0.0085, "prior_lr_after": 0.00425}
{"event": "g_lr_apply", "armed": true, "update_index": 5753, "g_lr_before": 0.00425, "g_lr_after": 0.002125, "fires": 4553, "prior_lr_before": 0.0085, "prior_lr_after": 0.00425}
{"event": "g_lr_apply", "armed": true, "update_index": 5754, "g_lr_before": 0.00425, "g_lr_after": 0.002125, "fires": 4554, "prior_lr_before": 0.0085, "prior_lr_after": 0.00425}
{"event": "g_lr_apply", "armed": true, "update_index": 5755, "g_lr_before": 0.00425, "g_lr_after": 0.002125, "fires": 4555, "prior_lr_before": 0.0085, "prior_lr_after": 0.00425}
{"event": "g_lr_apply", "armed": true, "update_index": 5756, "g_lr_before": 0.00425, "g_lr_after": 0.002125, "fires": 4556, "prior_lr_before": 0.0085, "prior_lr_after": 0.00425}
{"event": "g_lr_apply", "armed": true, "update_index": 5757, "g_lr_before": 0.00425, "g_lr_after": 0.002125, "fires": 4557, "prior_lr_before": 0.0085, "prior_lr_after": 0.00425}
{"event": "g_lr_apply", "armed": true, "update_index": 5758, "g_lr_before": 0.00425, "g_lr_after": 0.002125, "fires": 4558, "prior_lr_before": 0.0085, "prior_lr_after": 0.00425}
{"event": "g_lr_apply", "armed": true, "update_index": 5759, "g_lr_before": 0.00425, "g_lr_after": 0.002125, "fires": 4559, "prior_lr_before": 0.0085, "prior_lr_after": 0.00425}
{"event": "g_lr_apply", "armed": true, "update_index": 5760, "g_lr_before": 0.00425, "g_lr_after": 0.002125, "fires": 4560, "prior_lr_before": 0.0085, "prior_lr_after": 0.00425}
{"event": "g_lr_apply", "armed": true, "update_index": 5761, "g_lr_before": 0.00425, "g_lr_after": 0.002125, "fires": 4561, "prior_lr_before": 0.0085, "prior_lr_after": 0.00425}
{"event": "g_lr_apply", "armed": true, "update_index": 5762, "g_lr_before": 0.00425, "g_lr_after": 0.002125, "fires": 4562, "prior_lr_before": 0.0085, "prior_lr_after": 0.00425}
{"event": "g_lr_apply", "armed": true, "update_index": 5763, "g_lr_before": 0.00425, "g_lr_after": 0.002125, "fires": 4563, "prior_lr_before": 0.0085, "prior_lr_after": 0.00425}
{"event": "g_lr_apply", "armed": true, "update_index": 5764, "g_lr_before": 0.00425, "g_lr_after": 0.002125, "fires": 4564, "prior_lr_before": 0.0085, "prior_lr_after": 0.00425}
{"event": "g_lr_apply", "armed": true, "update_index": 5765, "g_lr_before": 0.00425, "g_lr_after": 0.002125, "fires": 4565, "prior_lr_before": 0.0085, "prior_lr_after": 0.00425}
{"event": "g_lr_apply", "armed": true, "update_index": 5766, "g_lr_before": 0.00425, "g_lr_after": 0.002125, "fires": 4566, "prior_lr_before": 0.0085, "prior_lr_after": 0.00425}
{"event": "g_lr_apply", "armed": true, "update_index": 5767, "g_lr_before": 0.00425, "g_lr_after": 0.002125, "fires": 4567, "prior_lr_before": 0.0085, "prior_lr_after": 0.00425}
{"event": "g_lr_apply", "armed": true, "update_index": 5768, "g_lr_before": 0.00425, "g_lr_after": 0.002125, "fires": 4568, "prior_lr_before": 0.0085, "prior_lr_after": 0.00425}
{"event": "g_lr_apply", "armed": true, "update_index": 5769, "g_lr_before": 0.00425, "g_lr_after": 0.002125, "fires": 4569, "prior_lr_before": 0.0085, "prior_lr_after": 0.00425}
{"event": "g_lr_apply", "armed": true, "update_index": 5770, "g_lr_before": 0.00425, "g_lr_after": 0.002125, "fires": 4570, "prior_lr_before": 0.0085, "prior_lr_after": 0.00425}
{"event": "g_lr_apply", "armed": true, "update_index": 5771, "g_lr_before": 0.00425, "g_lr_after": 0.002125, "fires": 4571, "prior_lr_before": 0.0085, "prior_lr_after": 0.00425}
{"event": "g_lr_apply", "armed": true, "update_index": 5772, "g_lr_before": 0.00425, "g_lr_after": 0.002125, "fires": 4572, "prior_lr_before": 0.0085, "prior_lr_after": 0.00425}
{"event": "g_lr_apply", "armed": true, "update_index": 5773, "g_lr_before": 0.00425, "g_lr_after": 0.002125, "fires": 4573, "prior_lr_before": 0.0085, "prior_lr_after": 0.00425}
{"event": "g_lr_apply", "armed": true, "update_index": 5774, "g_lr_before": 0.00425, "g_lr_after": 0.002125, "fires": 4574, "prior_lr_before": 0.0085, "prior_lr_after": 0.00425}
{"event": "g_lr_apply", "armed": true, "update_index": 5775, "g_lr_before": 0.00425, "g_lr_after": 0.002125, "fires": 4575, "prior_lr_before": 0.0085, "prior_lr_after": 0.00425}
{"event": "g_lr_apply", "armed": true, "update_index": 5776, "g_lr_before": 0.00425, "g_lr_after": 0.002125, "fires": 4576, "prior_lr_before": 0.0085, "prior_lr_after": 0.00425}
{"event": "g_lr_apply", "armed": true, "update_index": 5777, "g_lr_before": 0.00425, "g_lr_after": 0.002125, "fires": 4577, "prior_lr_before": 0.0085, "prior_lr_after": 0.00425}
{"event": "g_lr_apply", "armed": true, "update_index": 5778, "g_lr_before": 0.00425, "g_lr_after": 0.002125, "fires": 4578, "prior_lr_before": 0.0085, "prior_lr_after": 0.00425}
{"event": "g_lr_apply", "armed": true, "update_index": 5779, "g_lr_before": 0.00425, "g_lr_after": 0.002125, "fires": 4579, "prior_lr_before": 0.0085, "prior_lr_after": 0.00425}
{"event": "g_lr_apply", "armed": true, "update_index": 5780, "g_lr_before": 0.00425, "g_lr_after": 0.002125, "fires": 4580, "prior_lr_before": 0.0085, "prior_lr_after": 0.00425}
{"event": "g_lr_apply", "armed": true, "update_index": 5781, "g_lr_before": 0.00425, "g_lr_after": 0.002125, "fires": 4581, "prior_lr_before": 0.0085, "prior_lr_after": 0.00425}
{"event": "g_lr_apply", "armed": true, "update_index": 5782, "g_lr_before": 0.00425, "g_lr_after": 0.002125, "fires": 4582, "prior_lr_before": 0.0085, "prior_lr_after": 0.00425}
{"event": "g_lr_apply", "armed": true, "update_index": 5783, "g_lr_before": 0.00425, "g_lr_after": 0.002125, "fires": 4583, "prior_lr_before": 0.0085, "prior_lr_after": 0.00425}
{"event": "g_lr_apply", "armed": true, "update_index": 5784, "g_lr_before": 0.00425, "g_lr_after": 0.002125, "fires": 4584, "prior_lr_before": 0.0085, "prior_lr_after": 0.00425}
{"event": "g_lr_apply", "armed": true, "update_index": 5785, "g_lr_before": 0.00425, "g_lr_after": 0.002125, "fires": 4585, "prior_lr_before": 0.0085, "prior_lr_after": 0.00425}
{"event": "g_lr_apply", "armed": true, "update_index": 5786, "g_lr_before": 0.00425, "g_lr_after": 0.002125, "fires": 4586, "prior_lr_before": 0.0085, "prior_lr_after": 0.00425}
{"event": "g_lr_apply", "armed": true, "update_index": 5787, "g_lr_before": 0.00425, "g_lr_after": 0.002125, "fires": 4587, "prior_lr_before": 0.0085, "prior_lr_after": 0.00425}
{"event": "g_lr_apply", "armed": true, "update_index": 5788, "g_lr_before": 0.00425, "g_lr_after": 0.002125, "fires": 4588, "prior_lr_before": 0.0085, "prior_lr_after": 0.00425}
{"event": "g_lr_apply", "armed": true, "update_index": 5789, "g_lr_before": 0.00425, "g_lr_after": 0.002125, "fires": 4589, "prior_lr_before": 0.0085, "prior_lr_after": 0.00425}
{"event": "g_lr_apply", "armed": true, "update_index": 5790, "g_lr_before": 0.00425, "g_lr_after": 0.002125, "fires": 4590, "prior_lr_before": 0.0085, "prior_lr_after": 0.00425}
{"event": "g_lr_apply", "armed": true, "update_index": 5791, "g_lr_before": 0.00425, "g_lr_after": 0.002125, "fires": 4591, "prior_lr_before": 0.0085, "prior_lr_after": 0.00425}
{"event": "g_lr_apply", "armed": true, "update_index": 5792, "g_lr_before": 0.00425, "g_lr_after": 0.002125, "fires": 4592, "prior_lr_before": 0.0085, "prior_lr_after": 0.00425}
{"event": "g_lr_apply", "armed": true, "update_index": 5793, "g_lr_before": 0.00425, "g_lr_after": 0.002125, "fires": 4593, "prior_lr_before": 0.0085, "prior_lr_after": 0.00425}
{"event": "g_lr_apply", "armed": true, "update_index": 5794, "g_lr_before": 0.00425, "g_lr_after": 0.002125, "fires": 4594, "prior_lr_before": 0.0085, "prior_lr_after": 0.00425}
{"event": "g_lr_apply", "armed": true, "update_index": 5795, "g_lr_before": 0.00425, "g_lr_after": 0.002125, "fires": 4595, "prior_lr_before": 0.0085, "prior_lr_after": 0.00425}
{"event": "g_lr_apply", "armed": true, "update_index": 5796, "g_lr_before": 0.00425, "g_lr_after": 0.002125, "fires": 4596, "prior_lr_before": 0.0085, "prior_lr_after": 0.00425}
{"event": "g_lr_apply", "armed": true, "update_index": 5797, "g_lr_before": 0.00425, "g_lr_after": 0.002125, "fires": 4597, "prior_lr_before": 0.0085, "prior_lr_after": 0.00425}
{"event": "g_lr_apply", "armed": true, "update_index": 5798, "g_lr_before": 0.00425, "g_lr_after": 0.002125, "fires": 4598, "prior_lr_before": 0.0085, "prior_lr_after": 0.00425}
{"event": "g_lr_apply", "armed": true, "update_index": 5799, "g_lr_before": 0.00425, "g_lr_after": 0.002125, "fires": 4599, "prior_lr_before": 0.0085, "prior_lr_after": 0.00425}
{"event": "g_lr_apply", "armed": true, "update_index": 5800, "g_lr_before": 0.00425, "g_lr_after": 0.002125, "fires": 4600, "prior_lr_before": 0.0085, "prior_lr_after": 0.00425}
{"event": "g_lr_apply", "armed": true, "update_index": 5801, "g_lr_before": 0.00425, "g_lr_after": 0.002125, "fires": 4601, "prior_lr_before": 0.0085, "prior_lr_after": 0.00425}
{"event": "g_lr_apply", "armed": true, "update_index": 5802, "g_lr_before": 0.00425, "g_lr_after": 0.002125, "fires": 4602, "prior_lr_before": 0.0085, "prior_lr_after": 0.00425}
{"event": "g_lr_apply", "armed": true, "update_index": 5803, "g_lr_before": 0.00425, "g_lr_after": 0.002125, "fires": 4603, "prior_lr_before": 0.0085, "prior_lr_after": 0.00425}
{"event": "g_lr_apply", "armed": true, "update_index": 5804, "g_lr_before": 0.00425, "g_lr_after": 0.002125, "fires": 4604, "prior_lr_before": 0.0085, "prior_lr_after": 0.00425}
{"event": "g_lr_apply", "armed": true, "update_index": 5805, "g_lr_before": 0.00425, "g_lr_after": 0.002125, "fires": 4605, "prior_lr_before": 0.0085, "prior_lr_after": 0.00425}
{"event": "g_lr_apply", "armed": true, "update_index": 5806, "g_lr_before": 0.00425, "g_lr_after": 0.002125, "fires": 4606, "prior_lr_before": 0.0085, "prior_lr_after": 0.00425}
{"event": "g_lr_apply", "armed": true, "update_index": 5807, "g_lr_before": 0.00425, "g_lr_after": 0.002125, "fires": 4607, "prior_lr_before": 0.0085, "prior_lr_after": 0.00425}
{"event": "g_lr_apply", "armed": true, "update_index": 5808, "g_lr_before": 0.00425, "g_lr_after": 0.002125, "fires": 4608, "prior_lr_before": 0.0085, "prior_lr_after": 0.00425}
{"event": "g_lr_apply", "armed": true, "update_index": 5809, "g_lr_before": 0.00425, "g_lr_after": 0.002125, "fires": 4609, "prior_lr_before": 0.0085, "prior_lr_after": 0.00425}
{"event": "g_lr_apply", "armed": true, "update_index": 5810, "g_lr_before": 0.00425, "g_lr_after": 0.002125, "fires": 4610, "prior_lr_before": 0.0085, "prior_lr_after": 0.00425}
{"event": "g_lr_apply", "armed": true, "update_index": 5811, "g_lr_before": 0.00425, "g_lr_after": 0.002125, "fires": 4611, "prior_lr_before": 0.0085, "prior_lr_after": 0.00425}
{"event": "g_lr_apply", "armed": true, "update_index": 5812, "g_lr_before": 0.00425, "g_lr_after": 0.002125, "fires": 4612, "prior_lr_before": 0.0085, "prior_lr_after": 0.00425}
{"event": "g_lr_apply", "armed": true, "update_index": 5813, "g_lr_before": 0.00425, "g_lr_after": 0.002125, "fires": 4613, "prior_lr_before": 0.0085, "prior_lr_after": 0.00425}
{"event": "g_lr_apply", "armed": true, "update_index": 5814, "g_lr_before": 0.00425, "g_lr_after": 0.002125, "fires": 4614, "prior_lr_before": 0.0085, "prior_lr_after": 0.00425}
{"event": "g_lr_apply", "armed": true, "update_index": 5815, "g_lr_before": 0.00425, "g_lr_after": 0.002125, "fires": 4615, "prior_lr_before": 0.0085, "prior_lr_after": 0.00425}
{"event": "g_lr_apply", "armed": true, "update_index": 5816, "g_lr_before": 0.00425, "g_lr_after": 0.002125, "fires": 4616, "prior_lr_before": 0.0085, "prior_lr_after": 0.00425}
{"event": "g_lr_apply", "armed": true, "update_index": 5817, "g_lr_before": 0.00425, "g_lr_after": 0.002125, "fires": 4617, "prior_lr_before": 0.0085, "prior_lr_after": 0.00425}
{"event": "g_lr_apply", "armed": true, "update_index": 5818, "g_lr_before": 0.00425, "g_lr_after": 0.002125, "fires": 4618, "prior_lr_before": 0.0085, "prior_lr_after": 0.00425}
{"event": "g_lr_apply", "armed": true, "update_index": 5819, "g_lr_before": 0.00425, "g_lr_after": 0.002125, "fires": 4619, "prior_lr_before": 0.0085, "prior_lr_after": 0.00425}
{"event": "g_lr_apply", "armed": true, "update_index": 5820, "g_lr_before": 0.00425, "g_lr_after": 0.002125, "fires": 4620, "prior_lr_before": 0.0085, "prior_lr_after": 0.00425}
{"event": "g_lr_apply", "armed": true, "update_index": 5821, "g_lr_before": 0.00425, "g_lr_after": 0.002125, "fires": 4621, "prior_lr_before": 0.0085, "prior_lr_after": 0.00425}
{"event": "g_lr_apply", "armed": true, "update_index": 5822, "g_lr_before": 0.00425, "g_lr_after": 0.002125, "fires": 4622, "prior_lr_before": 0.0085, "prior_lr_after": 0.00425}
{"event": "g_lr_apply", "armed": true, "update_index": 5823, "g_lr_before": 0.00425, "g_lr_after": 0.002125, "fires": 4623, "prior_lr_before": 0.0085, "prior_lr_after": 0.00425}
{"event": "g_lr_apply", "armed": true, "update_index": 5824, "g_lr_before": 0.00425, "g_lr_after": 0.002125, "fires": 4624, "prior_lr_before": 0.0085, "prior_lr_after": 0.00425}
{"event": "g_lr_apply", "armed": true, "update_index": 5825, "g_lr_before": 0.00425, "g_lr_after": 0.002125, "fires": 4625, "prior_lr_before": 0.0085, "prior_lr_after": 0.00425}
{"event": "g_lr_apply", "armed": true, "update_index": 5826, "g_lr_before": 0.00425, "g_lr_after": 0.002125, "fires": 4626, "prior_lr_before": 0.0085, "prior_lr_after": 0.00425}
{"event": "g_lr_apply", "armed": true, "update_index": 5827, "g_lr_before": 0.00425, "g_lr_after": 0.002125, "fires": 4627, "prior_lr_before": 0.0085, "prior_lr_after": 0.00425}
{"event": "g_lr_apply", "armed": true, "update_index": 5828, "g_lr_before": 0.00425, "g_lr_after": 0.002125, "fires": 4628, "prior_lr_before": 0.0085, "prior_lr_after": 0.00425}
{"event": "g_lr_apply", "armed": true, "update_index": 5829, "g_lr_before": 0.00425, "g_lr_after": 0.002125, "fires": 4629, "prior_lr_before": 0.0085, "prior_lr_after": 0.00425}
{"event": "g_lr_apply", "armed": true, "update_index": 5830, "g_lr_before": 0.00425, "g_lr_after": 0.002125, "fires": 4630, "prior_lr_before": 0.0085, "prior_lr_after": 0.00425}
{"event": "g_lr_apply", "armed": true, "update_index": 5831, "g_lr_before": 0.00425, "g_lr_after": 0.002125, "fires": 4631, "prior_lr_before": 0.0085, "prior_lr_after": 0.00425}
{"event": "g_lr_apply", "armed": true, "update_index": 5832, "g_lr_before": 0.00425, "g_lr_after": 0.002125, "fires": 4632, "prior_lr_before": 0.0085, "prior_lr_after": 0.00425}
{"event": "g_lr_apply", "armed": true, "update_index": 5833, "g_lr_before": 0.00425, "g_lr_after": 0.002125, "fires": 4633, "prior_lr_before": 0.0085, "prior_lr_after": 0.00425}
{"event": "g_lr_apply", "armed": true, "update_index": 5834, "g_lr_before": 0.00425, "g_lr_after": 0.002125, "fires": 4634, "prior_lr_before": 0.0085, "prior_lr_after": 0.00425}
{"event": "g_lr_apply", "armed": true, "update_index": 5835, "g_lr_before": 0.00425, "g_lr_after": 0.002125, "fires": 4635, "prior_lr_before": 0.0085, "prior_lr_after": 0.00425}
{"event": "g_lr_apply", "armed": true, "update_index": 5836, "g_lr_before": 0.00425, "g_lr_after": 0.002125, "fires": 4636, "prior_lr_before": 0.0085, "prior_lr_after": 0.00425}
{"event": "g_lr_apply", "armed": true, "update_index": 5837, "g_lr_before": 0.00425, "g_lr_after": 0.002125, "fires": 4637, "prior_lr_before": 0.0085, "prior_lr_after": 0.00425}
{"event": "g_lr_apply", "armed": true, "update_index": 5838, "g_lr_before": 0.00425, "g_lr_after": 0.002125, "fires": 4638, "prior_lr_before": 0.0085, "prior_lr_after": 0.00425}
{"event": "g_lr_apply", "armed": true, "update_index": 5839, "g_lr_before": 0.00425, "g_lr_after": 0.002125, "fires": 4639, "prior_lr_before": 0.0085, "prior_lr_after": 0.00425}
{"event": "g_lr_apply", "armed": true, "update_index": 5840, "g_lr_before": 0.00425, "g_lr_after": 0.002125, "fires": 4640, "prior_lr_before": 0.0085, "prior_lr_after": 0.00425}
{"event": "g_lr_apply", "armed": true, "update_index": 5841, "g_lr_before": 0.00425, "g_lr_after": 0.002125, "fires": 4641, "prior_lr_before": 0.0085, "prior_lr_after": 0.00425}
{"event": "g_lr_apply", "armed": true, "update_index": 5842, "g_lr_before": 0.00425, "g_lr_after": 0.002125, "fires": 4642, "prior_lr_before": 0.0085, "prior_lr_after": 0.00425}
{"event": "g_lr_apply", "armed": true, "update_index": 5843, "g_lr_before": 0.00425, "g_lr_after": 0.002125, "fires": 4643, "prior_lr_before": 0.0085, "prior_lr_after": 0.00425}
{"event": "g_lr_apply", "armed": true, "update_index": 5844, "g_lr_before": 0.00425, "g_lr_after": 0.002125, "fires": 4644, "prior_lr_before": 0.0085, "prior_lr_after": 0.00425}
{"event": "g_lr_apply", "armed": true, "update_index": 5845, "g_lr_before": 0.00425, "g_lr_after": 0.002125, "fires": 4645, "prior_lr_before": 0.0085, "prior_lr_after": 0.00425}
{"event": "g_lr_apply", "armed": true, "update_index": 5846, "g_lr_before": 0.00425, "g_lr_after": 0.002125, "fires": 4646, "prior_lr_before": 0.0085, "prior_lr_after": 0.00425}
{"event": "g_lr_apply", "armed": true, "update_index": 5847, "g_lr_before": 0.00425, "g_lr_after": 0.002125, "fires": 4647, "prior_lr_before": 0.0085, "prior_lr_after": 0.00425}
{"event": "g_lr_apply", "armed": true, "update_index": 5848, "g_lr_before": 0.00425, "g_lr_after": 0.002125, "fires": 4648, "prior_lr_before": 0.0085, "prior_lr_after": 0.00425}
{"event": "g_lr_apply", "armed": true, "update_index": 5849, "g_lr_before": 0.00425, "g_lr_after": 0.002125, "fires": 4649, "prior_lr_before": 0.0085, "prior_lr_after": 0.00425}
{"event": "g_lr_apply", "armed": true, "update_index": 5850, "g_lr_before": 0.00425, "g_lr_after": 0.002125, "fires": 4650, "prior_lr_before": 0.0085, "prior_lr_after": 0.00425}
{"event": "g_lr_apply", "armed": true, "update_index": 5851, "g_lr_before": 0.00425, "g_lr_after": 0.002125, "fires": 4651, "prior_lr_before": 0.0085, "prior_lr_after": 0.00425}
{"event": "g_lr_apply", "armed": true, "update_index": 5852, "g_lr_before": 0.00425, "g_lr_after": 0.002125, "fires": 4652, "prior_lr_before": 0.0085, "prior_lr_after": 0.00425}
{"event": "g_lr_apply", "armed": true, "update_index": 5853, "g_lr_before": 0.00425, "g_lr_after": 0.002125, "fires": 4653, "prior_lr_before": 0.0085, "prior_lr_after": 0.00425}
{"event": "g_lr_apply", "armed": true, "update_index": 5854, "g_lr_before": 0.00425, "g_lr_after": 0.002125, "fires": 4654, "prior_lr_before": 0.0085, "prior_lr_after": 0.00425}
{"event": "g_lr_apply", "armed": true, "update_index": 5855, "g_lr_before": 0.00425, "g_lr_after": 0.002125, "fires": 4655, "prior_lr_before": 0.0085, "prior_lr_after": 0.00425}
{"event": "g_lr_apply", "armed": true, "update_index": 5856, "g_lr_before": 0.00425, "g_lr_after": 0.002125, "fires": 4656, "prior_lr_before": 0.0085, "prior_lr_after": 0.00425}
{"event": "g_lr_apply", "armed": true, "update_index": 5857, "g_lr_before": 0.00425, "g_lr_after": 0.002125, "fires": 4657, "prior_lr_before": 0.0085, "prior_lr_after": 0.00425}
{"event": "g_lr_apply", "armed": true, "update_index": 5858, "g_lr_before": 0.00425, "g_lr_after": 0.002125, "fires": 4658, "prior_lr_before": 0.0085, "prior_lr_after": 0.00425}
{"event": "g_lr_apply", "armed": true, "update_index": 5859, "g_lr_before": 0.00425, "g_lr_after": 0.002125, "fires": 4659, "prior_lr_before": 0.0085, "prior_lr_after": 0.00425}
{"event": "g_lr_apply", "armed": true, "update_index": 5860, "g_lr_before": 0.00425, "g_lr_after": 0.002125, "fires": 4660, "prior_lr_before": 0.0085, "prior_lr_after": 0.00425}
{"event": "g_lr_apply", "armed": true, "update_index": 5861, "g_lr_before": 0.00425, "g_lr_after": 0.002125, "fires": 4661, "prior_lr_before": 0.0085, "prior_lr_after": 0.00425}
{"event": "g_lr_apply", "armed": true, "update_index": 5862, "g_lr_before": 0.00425, "g_lr_after": 0.002125, "fires": 4662, "prior_lr_before": 0.0085, "prior_lr_after": 0.00425}
{"event": "g_lr_apply", "armed": true, "update_index": 5863, "g_lr_before": 0.00425, "g_lr_after": 0.002125, "fires": 4663, "prior_lr_before": 0.0085, "prior_lr_after": 0.00425}
{"event": "g_lr_apply", "armed": true, "update_index": 5864, "g_lr_before": 0.00425, "g_lr_after": 0.002125, "fires": 4664, "prior_lr_before": 0.0085, "prior_lr_after": 0.00425}
{"event": "g_lr_apply", "armed": true, "update_index": 5865, "g_lr_before": 0.00425, "g_lr_after": 0.002125, "fires": 4665, "prior_lr_before": 0.0085, "prior_lr_after": 0.00425}
{"event": "g_lr_apply", "armed": true, "update_index": 5866, "g_lr_before": 0.00425, "g_lr_after": 0.002125, "fires": 4666, "prior_lr_before": 0.0085, "prior_lr_after": 0.00425}
{"event": "g_lr_apply", "armed": true, "update_index": 5867, "g_lr_before": 0.00425, "g_lr_after": 0.002125, "fires": 4667, "prior_lr_before": 0.0085, "prior_lr_after": 0.00425}
{"event": "g_lr_apply", "armed": true, "update_index": 5868, "g_lr_before": 0.00425, "g_lr_after": 0.002125, "fires": 4668, "prior_lr_before": 0.0085, "prior_lr_after": 0.00425}
{"event": "g_lr_apply", "armed": true, "update_index": 5869, "g_lr_before": 0.00425, "g_lr_after": 0.002125, "fires": 4669, "prior_lr_before": 0.0085, "prior_lr_after": 0.00425}
{"event": "g_lr_apply", "armed": true, "update_index": 5870, "g_lr_before": 0.00425, "g_lr_after": 0.002125, "fires": 4670, "prior_lr_before": 0.0085, "prior_lr_after": 0.00425}
{"event": "g_lr_apply", "armed": true, "update_index": 5871, "g_lr_before": 0.00425, "g_lr_after": 0.002125, "fires": 4671, "prior_lr_before": 0.0085, "prior_lr_after": 0.00425}
{"event": "g_lr_apply", "armed": true, "update_index": 5872, "g_lr_before": 0.00425, "g_lr_after": 0.002125, "fires": 4672, "prior_lr_before": 0.0085, "prior_lr_after": 0.00425}
{"event": "g_lr_apply", "armed": true, "update_index": 5873, "g_lr_before": 0.00425, "g_lr_after": 0.002125, "fires": 4673, "prior_lr_before": 0.0085, "prior_lr_after": 0.00425}
{"event": "g_lr_apply", "armed": true, "update_index": 5874, "g_lr_before": 0.00425, "g_lr_after": 0.002125, "fires": 4674, "prior_lr_before": 0.0085, "prior_lr_after": 0.00425}
{"event": "g_lr_apply", "armed": true, "update_index": 5875, "g_lr_before": 0.00425, "g_lr_after": 0.002125, "fires": 4675, "prior_lr_before": 0.0085, "prior_lr_after": 0.00425}
{"event": "g_lr_apply", "armed": true, "update_index": 5876, "g_lr_before": 0.00425, "g_lr_after": 0.002125, "fires": 4676, "prior_lr_before": 0.0085, "prior_lr_after": 0.00425}
{"event": "g_lr_apply", "armed": true, "update_index": 5877, "g_lr_before": 0.00425, "g_lr_after": 0.002125, "fires": 4677, "prior_lr_before": 0.0085, "prior_lr_after": 0.00425}
{"event": "g_lr_apply", "armed": true, "update_index": 5878, "g_lr_before": 0.00425, "g_lr_after": 0.002125, "fires": 4678, "prior_lr_before": 0.0085, "prior_lr_after": 0.00425}
{"event": "g_lr_apply", "armed": true, "update_index": 5879, "g_lr_before": 0.00425, "g_lr_after": 0.002125, "fires": 4679, "prior_lr_before": 0.0085, "prior_lr_after": 0.00425}
{"event": "g_lr_apply", "armed": true, "update_index": 5880, "g_lr_before": 0.00425, "g_lr_after": 0.002125, "fires": 4680, "prior_lr_before": 0.0085, "prior_lr_after": 0.00425}
{"event": "g_lr_apply", "armed": true, "update_index": 5881, "g_lr_before": 0.00425, "g_lr_after": 0.002125, "fires": 4681, "prior_lr_before": 0.0085, "prior_lr_after": 0.00425}
{"event": "g_lr_apply", "armed": true, "update_index": 5882, "g_lr_before": 0.00425, "g_lr_after": 0.002125, "fires": 4682, "prior_lr_before": 0.0085, "prior_lr_after": 0.00425}
{"event": "g_lr_apply", "armed": true, "update_index": 5883, "g_lr_before": 0.00425, "g_lr_after": 0.002125, "fires": 4683, "prior_lr_before": 0.0085, "prior_lr_after": 0.00425}
{"event": "g_lr_apply", "armed": true, "update_index": 5884, "g_lr_before": 0.00425, "g_lr_after": 0.002125, "fires": 4684, "prior_lr_before": 0.0085, "prior_lr_after": 0.00425}
{"event": "g_lr_apply", "armed": true, "update_index": 5885, "g_lr_before": 0.00425, "g_lr_after": 0.002125, "fires": 4685, "prior_lr_before": 0.0085, "prior_lr_after": 0.00425}
{"event": "g_lr_apply", "armed": true, "update_index": 5886, "g_lr_before": 0.00425, "g_lr_after": 0.002125, "fires": 4686, "prior_lr_before": 0.0085, "prior_lr_after": 0.00425}
{"event": "g_lr_apply", "armed": true, "update_index": 5887, "g_lr_before": 0.00425, "g_lr_after": 0.002125, "fires": 4687, "prior_lr_before": 0.0085, "prior_lr_after": 0.00425}
{"event": "g_lr_apply", "armed": true, "update_index": 5888, "g_lr_before": 0.00425, "g_lr_after": 0.002125, "fires": 4688, "prior_lr_before": 0.0085, "prior_lr_after": 0.00425}
{"event": "g_lr_apply", "armed": true, "update_index": 5889, "g_lr_before": 0.00425, "g_lr_after": 0.002125, "fires": 4689, "prior_lr_before": 0.0085, "prior_lr_after": 0.00425}
{"event": "g_lr_apply", "armed": true, "update_index": 5890, "g_lr_before": 0.00425, "g_lr_after": 0.002125, "fires": 4690, "prior_lr_before": 0.0085, "prior_lr_after": 0.00425}
{"event": "g_lr_apply", "armed": true, "update_index": 5891, "g_lr_before": 0.00425, "g_lr_after": 0.002125, "fires": 4691, "prior_lr_before": 0.0085, "prior_lr_after": 0.00425}
{"event": "g_lr_apply", "armed": true, "update_index": 5892, "g_lr_before": 0.00425, "g_lr_after": 0.002125, "fires": 4692, "prior_lr_before": 0.0085, "prior_lr_after": 0.00425}
{"event": "g_lr_apply", "armed": true, "update_index": 5893, "g_lr_before": 0.00425, "g_lr_after": 0.002125, "fires": 4693, "prior_lr_before": 0.0085, "prior_lr_after": 0.00425}
{"event": "g_lr_apply", "armed": true, "update_index": 5894, "g_lr_before": 0.00425, "g_lr_after": 0.002125, "fires": 4694, "prior_lr_before": 0.0085, "prior_lr_after": 0.00425}
{"event": "g_lr_apply", "armed": true, "update_index": 5895, "g_lr_before": 0.00425, "g_lr_after": 0.002125, "fires": 4695, "prior_lr_before": 0.0085, "prior_lr_after": 0.00425}
{"event": "g_lr_apply", "armed": true, "update_index": 5896, "g_lr_before": 0.00425, "g_lr_after": 0.002125, "fires": 4696, "prior_lr_before": 0.0085, "prior_lr_after": 0.00425}
{"event": "g_lr_apply", "armed": true, "update_index": 5897, "g_lr_before": 0.00425, "g_lr_after": 0.002125, "fires": 4697, "prior_lr_before": 0.0085, "prior_lr_after": 0.00425}
{"event": "g_lr_apply", "armed": true, "update_index": 5898, "g_lr_before": 0.00425, "g_lr_after": 0.002125, "fires": 4698, "prior_lr_before": 0.0085, "prior_lr_after": 0.00425}
{"event": "g_lr_apply", "armed": true, "update_index": 5899, "g_lr_before": 0.00425, "g_lr_after": 0.002125, "fires": 4699, "prior_lr_before": 0.0085, "prior_lr_after": 0.00425}
{"event": "g_lr_apply", "armed": true, "update_index": 5900, "g_lr_before": 0.00425, "g_lr_after": 0.002125, "fires": 4700, "prior_lr_before": 0.0085, "prior_lr_after": 0.00425}
{"event": "g_lr_apply", "armed": true, "update_index": 5901, "g_lr_before": 0.00425, "g_lr_after": 0.002125, "fires": 4701, "prior_lr_before": 0.0085, "prior_lr_after": 0.00425}
{"event": "g_lr_apply", "armed": true, "update_index": 5902, "g_lr_before": 0.00425, "g_lr_after": 0.002125, "fires": 4702, "prior_lr_before": 0.0085, "prior_lr_after": 0.00425}
{"event": "g_lr_apply", "armed": true, "update_index": 5903, "g_lr_before": 0.00425, "g_lr_after": 0.002125, "fires": 4703, "prior_lr_before": 0.0085, "prior_lr_after": 0.00425}
{"event": "g_lr_apply", "armed": true, "update_index": 5904, "g_lr_before": 0.00425, "g_lr_after": 0.002125, "fires": 4704, "prior_lr_before": 0.0085, "prior_lr_after": 0.00425}
{"event": "g_lr_apply", "armed": true, "update_index": 5905, "g_lr_before": 0.00425, "g_lr_after": 0.002125, "fires": 4705, "prior_lr_before": 0.0085, "prior_lr_after": 0.00425}
{"event": "g_lr_apply", "armed": true, "update_index": 5906, "g_lr_before": 0.00425, "g_lr_after": 0.002125, "fires": 4706, "prior_lr_before": 0.0085, "prior_lr_after": 0.00425}
{"event": "g_lr_apply", "armed": true, "update_index": 5907, "g_lr_before": 0.00425, "g_lr_after": 0.002125, "fires": 4707, "prior_lr_before": 0.0085, "prior_lr_after": 0.00425}
{"event": "g_lr_apply", "armed": true, "update_index": 5908, "g_lr_before": 0.00425, "g_lr_after": 0.002125, "fires": 4708, "prior_lr_before": 0.0085, "prior_lr_after": 0.00425}
{"event": "g_lr_apply", "armed": true, "update_index": 5909, "g_lr_before": 0.00425, "g_lr_after": 0.002125, "fires": 4709, "prior_lr_before": 0.0085, "prior_lr_after": 0.00425}
{"event": "g_lr_apply", "armed": true, "update_index": 5910, "g_lr_before": 0.00425, "g_lr_after": 0.002125, "fires": 4710, "prior_lr_before": 0.0085, "prior_lr_after": 0.00425}
{"event": "g_lr_apply", "armed": true, "update_index": 5911, "g_lr_before": 0.00425, "g_lr_after": 0.002125, "fires": 4711, "prior_lr_before": 0.0085, "prior_lr_after": 0.00425}
{"event": "g_lr_apply", "armed": true, "update_index": 5912, "g_lr_before": 0.00425, "g_lr_after": 0.002125, "fires": 4712, "prior_lr_before": 0.0085, "prior_lr_after": 0.00425}
{"event": "g_lr_apply", "armed": true, "update_index": 5913, "g_lr_before": 0.00425, "g_lr_after": 0.002125, "fires": 4713, "prior_lr_before": 0.0085, "prior_lr_after": 0.00425}
{"event": "g_lr_apply", "armed": true, "update_index": 5914, "g_lr_before": 0.00425, "g_lr_after": 0.002125, "fires": 4714, "prior_lr_before": 0.0085, "prior_lr_after": 0.00425}
{"event": "g_lr_apply", "armed": true, "update_index": 5915, "g_lr_before": 0.00425, "g_lr_after": 0.002125, "fires": 4715, "prior_lr_before": 0.0085, "prior_lr_after": 0.00425}
{"event": "g_lr_apply", "armed": true, "update_index": 5916, "g_lr_before": 0.00425, "g_lr_after": 0.002125, "fires": 4716, "prior_lr_before": 0.0085, "prior_lr_after": 0.00425}
{"event": "g_lr_apply", "armed": true, "update_index": 5917, "g_lr_before": 0.00425, "g_lr_after": 0.002125, "fires": 4717, "prior_lr_before": 0.0085, "prior_lr_after": 0.00425}
{"event": "g_lr_apply", "armed": true, "update_index": 5918, "g_lr_before": 0.00425, "g_lr_after": 0.002125, "fires": 4718, "prior_lr_before": 0.0085, "prior_lr_after": 0.00425}
{"event": "g_lr_apply", "armed": true, "update_index": 5919, "g_lr_before": 0.00425, "g_lr_after": 0.002125, "fires": 4719, "prior_lr_before": 0.0085, "prior_lr_after": 0.00425}
{"event": "g_lr_apply", "armed": true, "update_index": 5920, "g_lr_before": 0.00425, "g_lr_after": 0.002125, "fires": 4720, "prior_lr_before": 0.0085, "prior_lr_after": 0.00425}
{"event": "g_lr_apply", "armed": true, "update_index": 5921, "g_lr_before": 0.00425, "g_lr_after": 0.002125, "fires": 4721, "prior_lr_before": 0.0085, "prior_lr_after": 0.00425}
{"event": "g_lr_apply", "armed": true, "update_index": 5922, "g_lr_before": 0.00425, "g_lr_after": 0.002125, "fires": 4722, "prior_lr_before": 0.0085, "prior_lr_after": 0.00425}
{"event": "g_lr_apply", "armed": true, "update_index": 5923, "g_lr_before": 0.00425, "g_lr_after": 0.002125, "fires": 4723, "prior_lr_before": 0.0085, "prior_lr_after": 0.00425}
{"event": "g_lr_apply", "armed": true, "update_index": 5924, "g_lr_before": 0.00425, "g_lr_after": 0.002125, "fires": 4724, "prior_lr_before": 0.0085, "prior_lr_after": 0.00425}
{"event": "g_lr_apply", "armed": true, "update_index": 5925, "g_lr_before": 0.00425, "g_lr_after": 0.002125, "fires": 4725, "prior_lr_before": 0.0085, "prior_lr_after": 0.00425}
{"event": "g_lr_apply", "armed": true, "update_index": 5926, "g_lr_before": 0.00425, "g_lr_after": 0.002125, "fires": 4726, "prior_lr_before": 0.0085, "prior_lr_after": 0.00425}
{"event": "g_lr_apply", "armed": true, "update_index": 5927, "g_lr_before": 0.00425, "g_lr_after": 0.002125, "fires": 4727, "prior_lr_before": 0.0085, "prior_lr_after": 0.00425}
{"event": "g_lr_apply", "armed": true, "update_index": 5928, "g_lr_before": 0.00425, "g_lr_after": 0.002125, "fires": 4728, "prior_lr_before": 0.0085, "prior_lr_after": 0.00425}
{"event": "g_lr_apply", "armed": true, "update_index": 5929, "g_lr_before": 0.00425, "g_lr_after": 0.002125, "fires": 4729, "prior_lr_before": 0.0085, "prior_lr_after": 0.00425}
{"event": "g_lr_apply", "armed": true, "update_index": 5930, "g_lr_before": 0.00425, "g_lr_after": 0.002125, "fires": 4730, "prior_lr_before": 0.0085, "prior_lr_after": 0.00425}
{"event": "g_lr_apply", "armed": true, "update_index": 5931, "g_lr_before": 0.00425, "g_lr_after": 0.002125, "fires": 4731, "prior_lr_before": 0.0085, "prior_lr_after": 0.00425}
{"event": "g_lr_apply", "armed": true, "update_index": 5932, "g_lr_before": 0.00425, "g_lr_after": 0.002125, "fires": 4732, "prior_lr_before": 0.0085, "prior_lr_after": 0.00425}
{"event": "g_lr_apply", "armed": true, "update_index": 5933, "g_lr_before": 0.00425, "g_lr_after": 0.002125, "fires": 4733, "prior_lr_before": 0.0085, "prior_lr_after": 0.00425}
{"event": "g_lr_apply", "armed": true, "update_index": 5934, "g_lr_before": 0.00425, "g_lr_after": 0.002125, "fires": 4734, "prior_lr_before": 0.0085, "prior_lr_after": 0.00425}
{"event": "g_lr_apply", "armed": true, "update_index": 5935, "g_lr_before": 0.00425, "g_lr_after": 0.002125, "fires": 4735, "prior_lr_before": 0.0085, "prior_lr_after": 0.00425}
{"event": "g_lr_apply", "armed": true, "update_index": 5936, "g_lr_before": 0.00425, "g_lr_after": 0.002125, "fires": 4736, "prior_lr_before": 0.0085, "prior_lr_after": 0.00425}
{"event": "g_lr_apply", "armed": true, "update_index": 5937, "g_lr_before": 0.00425, "g_lr_after": 0.002125, "fires": 4737, "prior_lr_before": 0.0085, "prior_lr_after": 0.00425}
{"event": "g_lr_apply", "armed": true, "update_index": 5938, "g_lr_before": 0.00425, "g_lr_after": 0.002125, "fires": 4738, "prior_lr_before": 0.0085, "prior_lr_after": 0.00425}
{"event": "g_lr_apply", "armed": true, "update_index": 5939, "g_lr_before": 0.00425, "g_lr_after": 0.002125, "fires": 4739, "prior_lr_before": 0.0085, "prior_lr_after": 0.00425}
{"event": "g_lr_apply", "armed": true, "update_index": 5940, "g_lr_before": 0.00425, "g_lr_after": 0.002125, "fires": 4740, "prior_lr_before": 0.0085, "prior_lr_after": 0.00425}
{"event": "g_lr_apply", "armed": true, "update_index": 5941, "g_lr_before": 0.00425, "g_lr_after": 0.002125, "fires": 4741, "prior_lr_before": 0.0085, "prior_lr_after": 0.00425}
{"event": "g_lr_apply", "armed": true, "update_index": 5942, "g_lr_before": 0.00425, "g_lr_after": 0.002125, "fires": 4742, "prior_lr_before": 0.0085, "prior_lr_after": 0.00425}
{"event": "g_lr_apply", "armed": true, "update_index": 5943, "g_lr_before": 0.00425, "g_lr_after": 0.002125, "fires": 4743, "prior_lr_before": 0.0085, "prior_lr_after": 0.00425}
{"event": "g_lr_apply", "armed": true, "update_index": 5944, "g_lr_before": 0.00425, "g_lr_after": 0.002125, "fires": 4744, "prior_lr_before": 0.0085, "prior_lr_after": 0.00425}
{"event": "g_lr_apply", "armed": true, "update_index": 5945, "g_lr_before": 0.00425, "g_lr_after": 0.002125, "fires": 4745, "prior_lr_before": 0.0085, "prior_lr_after": 0.00425}
{"event": "g_lr_apply", "armed": true, "update_index": 5946, "g_lr_before": 0.00425, "g_lr_after": 0.002125, "fires": 4746, "prior_lr_before": 0.0085, "prior_lr_after": 0.00425}
{"event": "g_lr_apply", "armed": true, "update_index": 5947, "g_lr_before": 0.00425, "g_lr_after": 0.002125, "fires": 4747, "prior_lr_before": 0.0085, "prior_lr_after": 0.00425}
{"event": "g_lr_apply", "armed": true, "update_index": 5948, "g_lr_before": 0.00425, "g_lr_after": 0.002125, "fires": 4748, "prior_lr_before": 0.0085, "prior_lr_after": 0.00425}
{"event": "g_lr_apply", "armed": true, "update_index": 5949, "g_lr_before": 0.00425, "g_lr_after": 0.002125, "fires": 4749, "prior_lr_before": 0.0085, "prior_lr_after": 0.00425}
{"event": "g_lr_apply", "armed": true, "update_index": 5950, "g_lr_before": 0.00425, "g_lr_after": 0.002125, "fires": 4750, "prior_lr_before": 0.0085, "prior_lr_after": 0.00425}
{"event": "g_lr_apply", "armed": true, "update_index": 5951, "g_lr_before": 0.00425, "g_lr_after": 0.002125, "fires": 4751, "prior_lr_before": 0.0085, "prior_lr_after": 0.00425}
{"event": "g_lr_apply", "armed": true, "update_index": 5952, "g_lr_before": 0.00425, "g_lr_after": 0.002125, "fires": 4752, "prior_lr_before": 0.0085, "prior_lr_after": 0.00425}
{"event": "g_lr_apply", "armed": true, "update_index": 5953, "g_lr_before": 0.00425, "g_lr_after": 0.002125, "fires": 4753, "prior_lr_before": 0.0085, "prior_lr_after": 0.00425}
{"event": "g_lr_apply", "armed": true, "update_index": 5954, "g_lr_before": 0.00425, "g_lr_after": 0.002125, "fires": 4754, "prior_lr_before": 0.0085, "prior_lr_after": 0.00425}
{"event": "g_lr_apply", "armed": true, "update_index": 5955, "g_lr_before": 0.00425, "g_lr_after": 0.002125, "fires": 4755, "prior_lr_before": 0.0085, "prior_lr_after": 0.00425}
{"event": "g_lr_apply", "armed": true, "update_index": 5956, "g_lr_before": 0.00425, "g_lr_after": 0.002125, "fires": 4756, "prior_lr_before": 0.0085, "prior_lr_after": 0.00425}
{"event": "g_lr_apply", "armed": true, "update_index": 5957, "g_lr_before": 0.00425, "g_lr_after": 0.002125, "fires": 4757, "prior_lr_before": 0.0085, "prior_lr_after": 0.00425}
{"event": "g_lr_apply", "armed": true, "update_index": 5958, "g_lr_before": 0.00425, "g_lr_after": 0.002125, "fires": 4758, "prior_lr_before": 0.0085, "prior_lr_after": 0.00425}
{"event": "g_lr_apply", "armed": true, "update_index": 5959, "g_lr_before": 0.00425, "g_lr_after": 0.002125, "fires": 4759, "prior_lr_before": 0.0085, "prior_lr_after": 0.00425}
{"event": "g_lr_apply", "armed": true, "update_index": 5960, "g_lr_before": 0.00425, "g_lr_after": 0.002125, "fires": 4760, "prior_lr_before": 0.0085, "prior_lr_after": 0.00425}
{"event": "g_lr_apply", "armed": true, "update_index": 5961, "g_lr_before": 0.00425, "g_lr_after": 0.002125, "fires": 4761, "prior_lr_before": 0.0085, "prior_lr_after": 0.00425}
{"event": "g_lr_apply", "armed": true, "update_index": 5962, "g_lr_before": 0.00425, "g_lr_after": 0.002125, "fires": 4762, "prior_lr_before": 0.0085, "prior_lr_after": 0.00425}
{"event": "g_lr_apply", "armed": true, "update_index": 5963, "g_lr_before": 0.00425, "g_lr_after": 0.002125, "fires": 4763, "prior_lr_before": 0.0085, "prior_lr_after": 0.00425}
{"event": "g_lr_apply", "armed": true, "update_index": 5964, "g_lr_before": 0.00425, "g_lr_after": 0.002125, "fires": 4764, "prior_lr_before": 0.0085, "prior_lr_after": 0.00425}
{"event": "g_lr_apply", "armed": true, "update_index": 5965, "g_lr_before": 0.00425, "g_lr_after": 0.002125, "fires": 4765, "prior_lr_before": 0.0085, "prior_lr_after": 0.00425}
{"event": "g_lr_apply", "armed": true, "update_index": 5966, "g_lr_before": 0.00425, "g_lr_after": 0.002125, "fires": 4766, "prior_lr_before": 0.0085, "prior_lr_after": 0.00425}
{"event": "g_lr_apply", "armed": true, "update_index": 5967, "g_lr_before": 0.00425, "g_lr_after": 0.002125, "fires": 4767, "prior_lr_before": 0.0085, "prior_lr_after": 0.00425}
{"event": "g_lr_apply", "armed": true, "update_index": 5968, "g_lr_before": 0.00425, "g_lr_after": 0.002125, "fires": 4768, "prior_lr_before": 0.0085, "prior_lr_after": 0.00425}
{"event": "g_lr_apply", "armed": true, "update_index": 5969, "g_lr_before": 0.00425, "g_lr_after": 0.002125, "fires": 4769, "prior_lr_before": 0.0085, "prior_lr_after": 0.00425}
{"event": "g_lr_apply", "armed": true, "update_index": 5970, "g_lr_before": 0.00425, "g_lr_after": 0.002125, "fires": 4770, "prior_lr_before": 0.0085, "prior_lr_after": 0.00425}
{"event": "g_lr_apply", "armed": true, "update_index": 5971, "g_lr_before": 0.00425, "g_lr_after": 0.002125, "fires": 4771, "prior_lr_before": 0.0085, "prior_lr_after": 0.00425}
{"event": "g_lr_apply", "armed": true, "update_index": 5972, "g_lr_before": 0.00425, "g_lr_after": 0.002125, "fires": 4772, "prior_lr_before": 0.0085, "prior_lr_after": 0.00425}
{"event": "g_lr_apply", "armed": true, "update_index": 5973, "g_lr_before": 0.00425, "g_lr_after": 0.002125, "fires": 4773, "prior_lr_before": 0.0085, "prior_lr_after": 0.00425}
{"event": "g_lr_apply", "armed": true, "update_index": 5974, "g_lr_before": 0.00425, "g_lr_after": 0.002125, "fires": 4774, "prior_lr_before": 0.0085, "prior_lr_after": 0.00425}
{"event": "g_lr_apply", "armed": true, "update_index": 5975, "g_lr_before": 0.00425, "g_lr_after": 0.002125, "fires": 4775, "prior_lr_before": 0.0085, "prior_lr_after": 0.00425}
{"event": "g_lr_apply", "armed": true, "update_index": 5976, "g_lr_before": 0.00425, "g_lr_after": 0.002125, "fires": 4776, "prior_lr_before": 0.0085, "prior_lr_after": 0.00425}
{"event": "g_lr_apply", "armed": true, "update_index": 5977, "g_lr_before": 0.00425, "g_lr_after": 0.002125, "fires": 4777, "prior_lr_before": 0.0085, "prior_lr_after": 0.00425}
{"event": "g_lr_apply", "armed": true, "update_index": 5978, "g_lr_before": 0.00425, "g_lr_after": 0.002125, "fires": 4778, "prior_lr_before": 0.0085, "prior_lr_after": 0.00425}
{"event": "g_lr_apply", "armed": true, "update_index": 5979, "g_lr_before": 0.00425, "g_lr_after": 0.002125, "fires": 4779, "prior_lr_before": 0.0085, "prior_lr_after": 0.00425}
{"event": "g_lr_apply", "armed": true, "update_index": 5980, "g_lr_before": 0.00425, "g_lr_after": 0.002125, "fires": 4780, "prior_lr_before": 0.0085, "prior_lr_after": 0.00425}
{"event": "g_lr_apply", "armed": true, "update_index": 5981, "g_lr_before": 0.00425, "g_lr_after": 0.002125, "fires": 4781, "prior_lr_before": 0.0085, "prior_lr_after": 0.00425}
{"event": "g_lr_apply", "armed": true, "update_index": 5982, "g_lr_before": 0.00425, "g_lr_after": 0.002125, "fires": 4782, "prior_lr_before": 0.0085, "prior_lr_after": 0.00425}
{"event": "g_lr_apply", "armed": true, "update_index": 5983, "g_lr_before": 0.00425, "g_lr_after": 0.002125, "fires": 4783, "prior_lr_before": 0.0085, "prior_lr_after": 0.00425}
{"event": "g_lr_apply", "armed": true, "update_index": 5984, "g_lr_before": 0.00425, "g_lr_after": 0.002125, "fires": 4784, "prior_lr_before": 0.0085, "prior_lr_after": 0.00425}
{"event": "g_lr_apply", "armed": true, "update_index": 5985, "g_lr_before": 0.00425, "g_lr_after": 0.002125, "fires": 4785, "prior_lr_before": 0.0085, "prior_lr_after": 0.00425}
{"event": "g_lr_apply", "armed": true, "update_index": 5986, "g_lr_before": 0.00425, "g_lr_after": 0.002125, "fires": 4786, "prior_lr_before": 0.0085, "prior_lr_after": 0.00425}
{"event": "g_lr_apply", "armed": true, "update_index": 5987, "g_lr_before": 0.00425, "g_lr_after": 0.002125, "fires": 4787, "prior_lr_before": 0.0085, "prior_lr_after": 0.00425}
{"event": "g_lr_apply", "armed": true, "update_index": 5988, "g_lr_before": 0.00425, "g_lr_after": 0.002125, "fires": 4788, "prior_lr_before": 0.0085, "prior_lr_after": 0.00425}
{"event": "g_lr_apply", "armed": true, "update_index": 5989, "g_lr_before": 0.00425, "g_lr_after": 0.002125, "fires": 4789, "prior_lr_before": 0.0085, "prior_lr_after": 0.00425}
{"event": "g_lr_apply", "armed": true, "update_index": 5990, "g_lr_before": 0.00425, "g_lr_after": 0.002125, "fires": 4790, "prior_lr_before": 0.0085, "prior_lr_after": 0.00425}
{"event": "g_lr_apply", "armed": true, "update_index": 5991, "g_lr_before": 0.00425, "g_lr_after": 0.002125, "fires": 4791, "prior_lr_before": 0.0085, "prior_lr_after": 0.00425}
{"event": "g_lr_apply", "armed": true, "update_index": 5992, "g_lr_before": 0.00425, "g_lr_after": 0.002125, "fires": 4792, "prior_lr_before": 0.0085, "prior_lr_after": 0.00425}
{"event": "g_lr_apply", "armed": true, "update_index": 5993, "g_lr_before": 0.00425, "g_lr_after": 0.002125, "fires": 4793, "prior_lr_before": 0.0085, "prior_lr_after": 0.00425}
{"event": "g_lr_apply", "armed": true, "update_index": 5994, "g_lr_before": 0.00425, "g_lr_after": 0.002125, "fires": 4794, "prior_lr_before": 0.0085, "prior_lr_after": 0.00425}
{"event": "g_lr_apply", "armed": true, "update_index": 5995, "g_lr_before": 0.00425, "g_lr_after": 0.002125, "fires": 4795, "prior_lr_before": 0.0085, "prior_lr_after": 0.00425}
{"event": "g_lr_apply", "armed": true, "update_index": 5996, "g_lr_before": 0.00425, "g_lr_after": 0.002125, "fires": 4796, "prior_lr_before": 0.0085, "prior_lr_after": 0.00425}
{"event": "g_lr_apply", "armed": true, "update_index": 5997, "g_lr_before": 0.00425, "g_lr_after": 0.002125, "fires": 4797, "prior_lr_before": 0.0085, "prior_lr_after": 0.00425}
{"event": "g_lr_apply", "armed": true, "update_index": 5998, "g_lr_before": 0.00425, "g_lr_after": 0.002125, "fires": 4798, "prior_lr_before": 0.0085, "prior_lr_after": 0.00425}
{"event": "g_lr_apply", "armed": true, "update_index": 5999, "g_lr_before": 0.00425, "g_lr_after": 0.002125, "fires": 4799, "prior_lr_before": 0.0085, "prior_lr_after": 0.00425}
{"event": "g_lr_apply", "armed": true, "update_index": 6000, "g_lr_before": 0.00425, "g_lr_after": 0.002125, "fires": 4800, "prior_lr_before": 0.0085, "prior_lr_after": 0.00425}
{"event": "UPDATES", "candidate": "PR140", "task": "convergence", "adam_calls": 12000}
{"event": "DONE", "candidate": "PR140", "task": "convergence", "status": "NOT_CONVERGED", "seconds": 398.62436741008423, "environment": {"profile": "cuda_fp32_v1", "torch": "2.13.0+cu126", "torch_revision": "cf30153c4c131c8164ee7798e5022d810682e2cb", "cuda": "12.6", "cudnn": 91002, "gpu": "NVIDIA RTX A6000", "gpu_uuid": "cb4ce47d-d968-bffd-5646-e830a9fa1c69", "device": "cuda:0", "visible_devices": "1", "deterministic": true, "tf32": false, "cudnn_benchmark": false, "cublas_workspace": ":4096:8", "threads": 1, "interop": 1, "adam_foreach": false, "adam_fused": false}, "device_proof": {"adam_calls": 12000, "optimizers": {"125376471850672": {"calls": 6000, "parameters": 20161, "device": "cuda:0"}, "125376471847984": {"calls": 6000, "parameters": 19346, "device": "cuda:0"}}, "cpu_parameter_calls": 0, "gradient_devices": ["cuda:0"]}, "artifact": "/ml2/hypergan/gpu-leaderboard-20260924/runs/PR140/convergence/result.json", "convergence": {"name": "first_convergence_then_hold_v1", "confirmation_checks": 200, "settling_budget": 4800, "hold_budget": 1200, "start_step": 1200, "modes": 8, "min_hq": 0.9, "convergence": "first consecutive qualifying window; operational quality criterion", "hold": "the next updates, disjoint from confirmation; no restart after failure", "training_feedback": false, "frozen_toy_verdicts_unchanged": true, "status": "NOT_CONVERGED", "converged_step": null, "settling_checks": 4800, "settling_failures": 474, "longest_settling_streak": 188, "hold_checks": 0, "first_hold_failure": null, "hold_budget_complete": false}}
