# arm=B_cap3 formulation=wgan + r1(1) + path-secant(10,t=0.5) + cap-all(10,c=3) [Dβ2=0.9, A2=0] {lr c×0.5 g×1} device=cuda:0 steps=4600
# step phase modes hq pass | Dr mean/max |Dr|max Df | grad-norm real fake path(min) max | loss_d terms | loss_g | sec
   10 acq  m=2 hq=0.050 fail | Dr=-0.080/+0.221 |Dr|max=0.326 Df=-0.162 | g r=0.445 f=0.692 p=0.643(0.019) max=1.831 | Ld=+21.9837 base=0.0234 r1=0.209 path=21.8 | Lg=+0.7731 | 1s | curv=-0.396 wide=-0.104 gfmed=0.664
   20 acq  m=1 hq=0.005 fail | Dr=-0.054/+0.466 |Dr|max=0.572 Df=-0.087 | g r=0.596 f=1.422 p=1.294(0.017) max=3.815 | Ld=+1.9166 base=-0.199 r1=0.411 path=1.63 cap=0.0785 | Lg=+0.8524 | 1s | curv=+2.22 wide=+2.77 gfmed=1.428
   30 acq  m=1 hq=0.013 fail | Dr=+0.156/+0.683 |Dr|max=0.683 Df=-0.142 | g r=0.507 f=1.158 p=1.173(0.008) max=4.141 | Ld=+4.4399 base=-0.331 r1=0.489 path=4.28 cap=0.00244 | Lg=+0.8971 | 1s | curv=+1.51 wide=+2.17 gfmed=0.908
   40 acq  m=1 hq=0.021 fail | Dr=+0.153/+0.924 |Dr|max=0.924 Df=-0.216 | g r=0.576 f=1.293 p=1.449(0.005) max=5.266 | Ld=+4.2651 base=-0.492 r1=0.72 path=3.92 cap=0.116 | Lg=+1.0831 | 1s | curv=+2.65 wide=+3.25 gfmed=1.268
   50 acq  m=2 hq=0.070 fail | Dr=+0.118/+0.443 |Dr|max=0.443 Df=-0.303 | g r=0.534 f=1.512 p=1.320(0.025) max=4.245 | Ld=+1.6101 base=-0.344 r1=0.382 path=1.51 cap=0.0663 | Lg=+0.9273 | 1s | curv=+3.3 wide=+3.69 gfmed=1.388
   60 acq  m=2 hq=0.147 fail | Dr=+0.171/+0.804 |Dr|max=0.804 Df=-0.372 | g r=0.488 f=1.107 p=1.199(0.040) max=4.004 | Ld=+0.3497 base=-0.59 r1=0.543 path=0.387 cap=0.01 | Lg=+1.0697 | 1s | curv=+2.99 wide=+3.26 gfmed=0.804
   70 acq  m=2 hq=0.070 fail | Dr=+0.117/+0.829 |Dr|max=0.829 Df=-0.674 | g r=0.387 f=1.156 p=1.196(0.013) max=3.858 | Ld=+0.1123 base=-0.741 r1=0.253 path=0.595 cap=0.00594 | Lg=+1.1809 | 1s | curv=+1.24 wide=+1.91 gfmed=0.894
   80 acq  m=2 hq=0.009 fail | Dr=+0.108/+2.083 |Dr|max=2.083 Df=-0.920 | g r=0.718 f=1.113 p=1.269(0.015) max=4.362 | Ld=+2.0555 base=-0.934 r1=0.683 path=2.27 cap=0.0347 | Lg=+1.4618 | 1s | curv=+0.47 wide=+1.32 gfmed=1.027
   90 acq  m=2 hq=0.026 fail | Dr=+0.410/+2.470 |Dr|max=2.470 Df=-0.888 | g r=0.491 f=1.313 p=1.312(0.031) max=4.274 | Ld=-0.1918 base=-1.2 r1=0.514 path=0.48 cap=0.019 | Lg=+1.5605 | 1s | curv=+1.15 wide=+2.18 gfmed=1.203
  100 acq  m=2 hq=0.007 fail | Dr=-0.160/+0.562 |Dr|max=1.067 Df=-0.600 | g r=0.678 f=1.671 p=1.657(0.014) max=5.937 | Ld=+42.8947 base=0.492 r1=0.37 path=42 cap=0.00768 | Lg=+1.0427 | 1s | curv=+3.07 wide=+4 gfmed=1.622
  110 acq  m=2 hq=0.083 fail | Dr=-0.615/-0.213 |Dr|max=1.217 Df=-1.190 | g r=0.462 f=1.566 p=1.438(0.008) max=4.684 | Ld=+0.2205 base=-0.434 r1=0.379 path=0.249 cap=0.0269 | Lg=+0.9828 | 1s | curv=+1.8 wide=+2.95 gfmed=1.491
  120 acq  m=2 hq=0.123 fail | Dr=-0.335/+0.203 |Dr|max=0.987 Df=-1.109 | g r=0.427 f=1.317 p=1.341(0.013) max=4.095 | Ld=-0.4049 base=-0.801 r1=0.289 path=0.0914 cap=0.0156 | Lg=+1.2360 | 1s | curv=+1.58 wide=+2.84 gfmed=1.245
  130 acq  m=4 hq=0.007 fail | Dr=-0.076/+1.066 |Dr|max=1.066 Df=-1.235 | g r=0.479 f=1.299 p=1.350(0.009) max=4.476 | Ld=-0.4503 base=-1.09 r1=0.428 path=0.205 cap=0.0028 | Lg=+1.4965 | 2s | curv=+0.65 wide=+1.63 gfmed=1.184
  140 acq  m=7 hq=0.080 fail | Dr=-0.481/-0.089 |Dr|max=1.075 Df=-1.133 | g r=0.593 f=1.434 p=1.372(0.021) max=4.823 | Ld=+0.0146 base=-0.684 r1=0.419 path=0.267 cap=0.0123 | Lg=+1.0972 | 2s | curv=+1.36 wide=+2.7 gfmed=1.325
  150 acq  m=7 hq=0.131 fail | Dr=-0.429/-0.172 |Dr|max=0.763 Df=-1.053 | g r=0.529 f=1.363 p=1.293(0.014) max=4.239 | Ld=-0.1130 base=-0.621 r1=0.379 path=0.123 cap=0.0063 | Lg=+1.0624 | 2s | curv=+0.874 wide=+2.31 gfmed=1.242
  160 acq  m=4 hq=0.068 fail | Dr=-0.363/+0.084 |Dr|max=1.149 Df=-1.035 | g r=0.384 f=1.204 p=1.221(0.020) max=3.872 | Ld=+0.0378 base=-0.677 r1=0.314 path=0.389 cap=0.0124 | Lg=+1.2091 | 2s | curv=+2.6 wide=+3.46 gfmed=1.160
  170 acq  m=4 hq=0.091 fail | Dr=-0.200/+0.035 |Dr|max=0.883 Df=-1.124 | g r=0.492 f=1.278 p=1.243(0.014) max=3.926 | Ld=-0.4779 base=-0.827 r1=0.299 path=0.0402 cap=0.0105 | Lg=+1.3140 | 2s | curv=+2.31 wide=+3.37 gfmed=1.146
  180 acq  m=2 hq=0.007 fail | Dr=-0.161/+0.072 |Dr|max=0.928 Df=-1.056 | g r=0.408 f=1.156 p=1.285(0.006) max=4.084 | Ld=-0.4251 base=-0.724 r1=0.203 path=0.0896 cap=0.00654 | Lg=+1.2013 | 2s | curv=+3.29 wide=+4.33 gfmed=0.990
  190 acq  m=4 hq=0.070 fail | Dr=-0.143/+0.183 |Dr|max=0.635 Df=-0.873 | g r=0.514 f=1.110 p=1.133(0.011) max=3.884 | Ld=-0.3105 base=-0.813 r1=0.362 path=0.118 cap=0.022 | Lg=+1.2423 | 2s | curv=+1.56 wide=+2.71 gfmed=0.974
  200 acq  m=5 hq=0.046 fail | Dr=+0.058/+0.691 |Dr|max=0.691 Df=-0.920 | g r=0.394 f=1.408 p=1.366(0.024) max=4.572 | Ld=-0.5658 base=-0.896 r1=0.204 path=0.119 cap=0.00736 | Lg=+1.3087 | 2s | curv=+2.36 wide=+3.58 gfmed=1.238
  210 acq  m=5 hq=0.046 fail | Dr=+0.132/+0.926 |Dr|max=0.926 Df=-0.818 | g r=0.435 f=1.401 p=1.330(0.010) max=4.253 | Ld=-0.5075 base=-0.868 r1=0.293 path=0.0539 cap=0.0132 | Lg=+1.3520 | 2s | curv=+2.49 wide=+3.46 gfmed=1.334
  220 acq  m=4 hq=0.080 fail | Dr=+0.192/+1.400 |Dr|max=1.400 Df=-0.750 | g r=0.383 f=1.352 p=1.310(0.011) max=3.932 | Ld=-0.5033 base=-0.986 r1=0.358 path=0.0933 cap=0.0311 | Lg=+1.4029 | 2s | curv=+1.19 wide=+2.61 gfmed=1.198
  230 acq  m=3 hq=0.072 fail | Dr=+0.026/+0.656 |Dr|max=1.240 Df=-1.252 | g r=0.321 f=1.504 p=1.346(0.006) max=3.981 | Ld=-0.8836 base=-1.11 r1=0.178 path=0.00905 cap=0.0375 | Lg=+1.5147 | 2s | curv=+2.1 wide=+3.15 gfmed=1.469
  240 acq  m=3 hq=0.069 fail | Dr=+0.211/+0.987 |Dr|max=0.987 Df=-0.812 | g r=0.449 f=1.243 p=1.350(0.042) max=4.435 | Ld=-0.6697 base=-1.05 r1=0.297 path=0.0499 cap=0.0349 | Lg=+1.4400 | 2s | curv=+1.09 wide=+2.43 gfmed=1.059
  250 acq  m=4 hq=0.105 fail | Dr=+0.304/+1.453 |Dr|max=1.453 Df=-0.728 | g r=0.350 f=1.257 p=1.275(0.016) max=4.185 | Ld=-0.8202 base=-1.11 r1=0.218 path=0.0408 cap=0.0277 | Lg=+1.5297 | 3s | curv=+0.948 wide=+2.09 gfmed=1.154
  260 acq  m=5 hq=0.080 fail | Dr=+0.496/+1.678 |Dr|max=1.678 Df=-0.526 | g r=0.398 f=1.285 p=1.384(0.016) max=4.146 | Ld=-0.5457 base=-0.871 r1=0.277 path=0.000983 cap=0.0469 | Lg=+1.2954 | 3s | curv=+0.82 wide=+1.97 gfmed=1.130
  270 acq  m=4 hq=0.122 fail | Dr=+0.443/+1.787 |Dr|max=1.787 Df=-0.629 | g r=0.516 f=1.375 p=1.438(0.019) max=4.399 | Ld=-0.9933 base=-1.19 r1=0.152 path=0.00532 cap=0.0406 | Lg=+1.7245 | 3s | curv=+1.54 wide=+2.57 gfmed=1.263
  280 acq  m=7 hq=0.138 fail | Dr=+0.557/+1.517 |Dr|max=1.517 Df=-0.331 | g r=0.377 f=1.582 p=1.423(0.026) max=4.071 | Ld=-0.8557 base=-1.12 r1=0.23 path=0.00539 cap=0.0241 | Lg=+1.6525 | 3s | curv=+1.09 wide=+2.31 gfmed=1.510
  290 acq  m=6 hq=0.025 fail | Dr=+0.190/+0.905 |Dr|max=1.385 Df=-1.133 | g r=0.428 f=1.707 p=1.548(0.014) max=4.617 | Ld=-0.6921 base=-0.98 r1=0.188 path=0.0371 cap=0.0624 | Lg=+1.7068 | 3s | curv=+3.81 wide=+4.41 gfmed=1.629
  300 acq  m=5 hq=0.072 fail | Dr=+0.449/+1.779 |Dr|max=1.779 Df=-0.615 | g r=0.422 f=1.575 p=1.483(0.012) max=4.114 | Ld=-0.5745 base=-0.839 r1=0.233 path=0.000442 cap=0.0314 | Lg=+1.3840 | 3s | curv=+2.89 wide=+3.45 gfmed=1.526
  310 acq  m=7 hq=0.127 fail | Dr=+0.341/+1.583 |Dr|max=1.583 Df=-0.484 | g r=0.313 f=1.562 p=1.365(0.011) max=4.087 | Ld=-0.8265 base=-1.05 r1=0.157 path=0.0242 cap=0.0388 | Lg=+1.5879 | 3s | curv=+2.35 wide=+3 gfmed=1.534
  320 acq  m=7 hq=0.051 fail | Dr=+0.676/+1.581 |Dr|max=1.581 Df=-0.282 | g r=0.302 f=1.803 p=1.439(0.020) max=4.170 | Ld=-0.9871 base=-1.16 r1=0.161 path=0.0025 cap=0.0138 | Lg=+1.6719 | 3s | curv=+1.46 wide=+2.43 gfmed=1.862
  330 acq  m=7 hq=0.148 fail | Dr=+0.664/+1.488 |Dr|max=1.488 Df=-0.068 | g r=0.344 f=1.586 p=1.397(0.018) max=3.737 | Ld=-0.5037 base=-0.683 r1=0.145 path=0.0193 cap=0.0146 | Lg=+1.2931 | 3s | curv=+2.38 wide=+3.15 gfmed=1.607
  340 acq  m=4 hq=0.030 fail | Dr=+0.380/+1.451 |Dr|max=1.451 Df=-0.575 | g r=0.408 f=1.357 p=1.288(0.005) max=4.076 | Ld=-0.6466 base=-0.918 r1=0.193 path=0.00298 cap=0.0749 | Lg=+1.3799 | 3s | curv=+2.57 wide=+3.16 gfmed=1.154
  350 acq  m=8 hq=0.230 fail | Dr=+0.714/+1.825 |Dr|max=1.825 Df=+0.031 | g r=0.353 f=1.555 p=1.450(0.014) max=3.961 | Ld=-0.6015 base=-0.79 r1=0.155 path=0.000778 cap=0.0331 | Lg=+1.3535 | 3s | curv=+2 wide=+2.84 gfmed=1.518
  360 acq  m=6 hq=0.027 fail | Dr=+0.429/+1.564 |Dr|max=1.564 Df=-0.491 | g r=0.240 f=1.581 p=1.350(0.018) max=3.653 | Ld=-0.6673 base=-0.843 r1=0.122 path=0.00605 cap=0.0479 | Lg=+1.3637 | 3s | curv=+1.56 wide=+2.59 gfmed=1.550
  370 acq  m=5 hq=0.039 fail | Dr=+0.415/+1.489 |Dr|max=1.526 Df=-0.516 | g r=0.303 f=1.460 p=1.371(0.024) max=3.985 | Ld=-0.7652 base=-0.917 r1=0.113 path=0.0271 cap=0.0118 | Lg=+1.5645 | 4s | curv=+1.95 wide=+2.97 gfmed=1.378
  380 acq  m=8 hq=0.115 fail | Dr=+0.723/+1.785 |Dr|max=1.785 Df=+0.051 | g r=0.318 f=1.589 p=1.398(0.004) max=3.903 | Ld=-0.5120 base=-0.695 r1=0.156 path=0.01 cap=0.0164 | Lg=+1.3575 | 4s | curv=+2.58 wide=+3.33 gfmed=1.708
  390 acq  m=8 hq=0.242 fail | Dr=+0.649/+1.828 |Dr|max=1.828 Df=-0.053 | g r=0.296 f=1.527 p=1.537(0.014) max=4.269 | Ld=-0.7127 base=-0.859 r1=0.119 path=0.00494 cap=0.0216 | Lg=+1.5458 | 4s | curv=+2.45 wide=+3.23 gfmed=1.504
  400 acq  m=6 hq=0.132 fail | Dr=+0.622/+1.861 |Dr|max=1.861 Df=-0.059 | g r=0.330 f=1.490 p=1.378(0.010) max=3.906 | Ld=-0.3502 base=-0.531 r1=0.132 path=0.0017 cap=0.0471 | Lg=+1.2251 | 4s | curv=+2.34 wide=+2.96 gfmed=1.403
  410 acq  m=6 hq=0.291 fail | Dr=+0.939/+2.065 |Dr|max=2.065 Df=+0.316 | g r=0.198 f=1.431 p=1.372(0.014) max=3.980 | Ld=-0.3654 base=-0.542 r1=0.111 path=0.007 cap=0.0585 | Lg=+1.1578 | 4s | curv=+1.43 wide=+2.33 gfmed=1.344
  420 acq  m=8 hq=0.223 fail | Dr=+0.772/+2.163 |Dr|max=2.163 Df=+0.252 | g r=0.264 f=1.740 p=1.441(0.006) max=3.856 | Ld=-0.7250 base=-0.883 r1=0.145 path=0.000678 cap=0.0128 | Lg=+1.5024 | 4s | curv=+1.45 wide=+2.38 gfmed=1.866
  430 acq  m=7 hq=0.174 fail | Dr=+0.906/+2.164 |Dr|max=2.164 Df=+0.310 | g r=0.252 f=1.695 p=1.421(0.018) max=3.627 | Ld=-0.3008 base=-0.443 r1=0.118 path=0.00752 cap=0.0166 | Lg=+1.1881 | 4s | curv=+2.05 wide=+2.79 gfmed=1.812
  440 acq  m=8 hq=0.221 fail | Dr=+1.033/+1.963 |Dr|max=1.963 Df=+0.517 | g r=0.264 f=1.220 p=1.401(0.016) max=3.736 | Ld=-0.2353 base=-0.37 r1=0.116 path=0.00258 cap=0.016 | Lg=+1.1529 | 4s | curv=+1.48 wide=+2.24 gfmed=1.185
  450 acq  m=6 hq=0.173 fail | Dr=+1.012/+2.620 |Dr|max=2.620 Df=+0.351 | g r=0.233 f=1.643 p=1.459(0.003) max=4.090 | Ld=-0.4009 base=-0.512 r1=0.0933 path=0.000684 cap=0.0172 | Lg=+1.2655 | 4s | curv=+1.1 wide=+2.02 gfmed=1.683
  460 acq  m=8 hq=0.345 fail | Dr=+1.143/+2.732 |Dr|max=2.732 Df=+0.705 | g r=0.223 f=1.127 p=1.400(0.025) max=3.590 | Ld=-0.5312 base=-0.64 r1=0.0964 path=0.000708 cap=0.0122 | Lg=+1.3259 | 4s | curv=+1.38 wide=+2.14 gfmed=1.063
  470 acq  m=7 hq=0.385 fail | Dr=+0.705/+2.146 |Dr|max=2.146 Df=+0.282 | g r=0.352 f=0.953 p=1.276(0.009) max=4.142 | Ld=-0.3953 base=-0.628 r1=0.135 path=0.017 cap=0.0809 | Lg=+1.2393 | 4s | curv=+1.76 wide=+2.39 gfmed=0.804
  480 acq  m=8 hq=0.604 fail | Dr=+1.013/+2.762 |Dr|max=2.762 Df=+0.676 | g r=0.221 f=0.875 p=1.279(0.004) max=3.594 | Ld=-0.1564 base=-0.229 r1=0.0694 path=0.00158 cap=0.00168 | Lg=+1.1302 | 4s | curv=+1.09 wide=+1.78 gfmed=0.394
  490 acq  m=8 hq=0.463 fail | Dr=+0.708/+1.976 |Dr|max=1.976 Df=+0.359 | g r=0.234 f=1.011 p=1.168(0.001) max=3.299 | Ld=-0.1205 base=-0.254 r1=0.125 path=0.00767 cap=0.000439 | Lg=+1.0749 | 4s | curv=+1.02 wide=+1.66 gfmed=0.905
  500 acq  m=8 hq=0.488 fail | Dr=+0.698/+2.450 |Dr|max=2.450 Df=+0.335 | g r=0.258 f=0.993 p=1.296(0.005) max=3.740 | Ld=-0.2798 base=-0.423 r1=0.117 path=0.00851 cap=0.0175 | Lg=+1.2942 | 5s | curv=+0.84 wide=+1.52 gfmed=0.541
  510 acq  m=8 hq=0.538 fail | Dr=+0.951/+2.777 |Dr|max=2.777 Df=+0.578 | g r=0.216 f=0.978 p=1.319(0.001) max=3.986 | Ld=-0.3944 base=-0.493 r1=0.0861 path=0.0042 cap=0.00804 | Lg=+1.3243 | 5s | curv=+1.01 wide=+1.75 gfmed=0.637
  520 acq  m=8 hq=0.664 fail | Dr=+0.891/+3.472 |Dr|max=3.472 Df=+0.553 | g r=0.222 f=0.806 p=1.322(0.008) max=3.653 | Ld=-0.2142 base=-0.306 r1=0.067 path=0.0193 cap=0.00542 | Lg=+1.2978 | 5s | curv=+0.729 wide=+1.5 gfmed=0.311
  530 acq  m=8 hq=0.464 fail | Dr=+0.799/+2.735 |Dr|max=2.735 Df=+0.385 | g r=0.228 f=1.054 p=1.241(0.005) max=3.424 | Ld=-0.1804 base=-0.374 r1=0.176 path=0.0135 cap=0.00406 | Lg=+1.2006 | 5s | curv=+0.615 wide=+1.36 gfmed=0.659
  540 acq  m=5 hq=0.253 fail | Dr=+1.078/+2.854 |Dr|max=2.854 Df=+0.389 | g r=0.190 f=1.217 p=1.396(0.004) max=3.961 | Ld=-0.2187 base=-0.315 r1=0.0707 path=0.0177 cap=0.00806 | Lg=+1.2514 | 5s | curv=+0.78 wide=+1.56 gfmed=0.612
  550 acq  m=8 hq=0.769 fail | Dr=+1.097/+3.812 |Dr|max=3.812 Df=+0.792 | g r=0.281 f=0.538 p=1.285(0.003) max=4.435 | Ld=-0.1540 base=-0.247 r1=0.0676 path=0.0176 cap=0.00823 | Lg=+1.3069 | 5s | curv=+1.41 wide=+1.95 gfmed=0.321
  560 acq  m=8 hq=0.659 fail | Dr=+1.281/+3.565 |Dr|max=3.565 Df=+0.942 | g r=0.190 f=0.553 p=1.244(0.011) max=3.548 | Ld=-0.2084 base=-0.316 r1=0.0901 path=0.0157 cap=0.00186 | Lg=+1.2431 | 5s | curv=+1.02 wide=+1.46 gfmed=0.260
  570 acq  m=8 hq=0.863 fail | Dr=+1.248/+3.450 |Dr|max=3.450 Df=+0.931 | g r=0.214 f=0.329 p=1.263(0.001) max=3.503 | Ld=-0.1896 base=-0.288 r1=0.0794 path=0.0165 cap=0.00223 | Lg=+1.3132 | 5s | curv=+0.953 wide=+1.54 gfmed=0.220
  580 acq  m=8 hq=0.866 fail | Dr=+1.002/+4.041 |Dr|max=4.041 Df=+0.688 | g r=0.173 f=0.269 p=1.225(0.005) max=3.814 | Ld=-0.2059 base=-0.296 r1=0.0592 path=0.0193 cap=0.0112 | Lg=+1.3490 | 5s | curv=+1.15 wide=+1.52 gfmed=0.162
  590 acq  m=8 hq=0.881 fail | Dr=+1.318/+3.795 |Dr|max=3.795 Df=+0.995 | g r=0.156 f=0.235 p=1.237(0.004) max=3.559 | Ld=-0.1954 base=-0.279 r1=0.0476 path=0.0262 cap=0.0101 | Lg=+1.3015 | 5s | curv=+0.581 wide=+1.02 gfmed=0.151
  600 acq  m=8 hq=0.829 fail | Dr=+1.242/+3.071 |Dr|max=3.071 Df=+0.920 | g r=0.210 f=0.331 p=1.237(0.006) max=3.789 | Ld=-0.0512 base=-0.228 r1=0.11 path=0.0566 cap=0.00961 | Lg=+1.2167 | 5s | curv=+0.424 wide=+0.906 gfmed=0.224
  610 acq  m=8 hq=0.879 fail | Dr=+1.287/+4.173 |Dr|max=4.173 Df=+0.958 | g r=0.146 f=0.234 p=1.244(0.002) max=3.904 | Ld=-0.2841 base=-0.324 r1=0.0264 path=0.00883 cap=0.00475 | Lg=+1.3753 | 5s | curv=+0.405 wide=+0.786 gfmed=0.136
  620 acq  m=8 hq=0.902 PASS | Dr=+1.439/+3.470 |Dr|max=3.470 Df=+1.116 | g r=0.183 f=0.270 p=1.256(0.005) max=3.748 | Ld=-0.1710 base=-0.283 r1=0.054 path=0.0551 cap=0.0032 | Lg=+1.2528 | 6s | curv=+0.759 wide=+1.08 gfmed=0.209
  630 acq  m=8 hq=0.901 PASS | Dr=+1.542/+4.150 |Dr|max=4.150 Df=+1.210 | g r=0.159 f=0.198 p=1.316(0.004) max=3.820 | Ld=-0.2080 base=-0.294 r1=0.0278 path=0.0472 cap=0.0114 | Lg=+1.3845 | 6s | curv=+0.29 wide=+0.617 gfmed=0.135
  640 acq  m=8 hq=0.865 fail | Dr=+1.190/+3.906 |Dr|max=3.906 Df=+0.872 | g r=0.167 f=0.218 p=1.275(0.004) max=3.550 | Ld=-0.2370 base=-0.345 r1=0.0495 path=0.0421 cap=0.0165 | Lg=+1.3598 | 6s | curv=+0.861 wide=+1.12 gfmed=0.147
  650 acq  m=8 hq=0.860 fail | Dr=+1.377/+4.456 |Dr|max=4.456 Df=+1.052 | g r=0.182 f=0.243 p=1.326(0.004) max=3.762 | Ld=-0.1847 base=-0.257 r1=0.0396 path=0.0235 cap=0.00959 | Lg=+1.4016 | 6s | curv=+0.437 wide=+0.74 gfmed=0.162
  660 acq  m=8 hq=0.893 fail | Dr=+1.543/+3.467 |Dr|max=3.467 Df=+1.203 | g r=0.167 f=0.205 p=1.336(0.004) max=3.498 | Ld=-0.1298 base=-0.2 r1=0.043 path=0.0181 cap=0.00886 | Lg=+1.3576 | 6s | curv=+0.577 wide=+0.893 gfmed=0.164
  670 acq  m=8 hq=0.914 PASS | Dr=+1.450/+3.705 |Dr|max=3.705 Df=+1.110 | g r=0.121 f=0.161 p=1.326(0.003) max=3.416 | Ld=-0.2171 base=-0.284 r1=0.0357 path=0.0269 cap=0.00431 | Lg=+1.3388 | 6s | curv=+0.703 wide=+0.947 gfmed=0.096
  680 acq  m=8 hq=0.889 fail | Dr=+1.200/+3.927 |Dr|max=3.927 Df=+0.880 | g r=0.172 f=0.202 p=1.288(0.010) max=3.428 | Ld=-0.1777 base=-0.26 r1=0.0442 path=0.0116 cap=0.0263 | Lg=+1.3534 | 6s | curv=+0.65 wide=+0.871 gfmed=0.145
  690 acq  m=8 hq=0.912 PASS | Dr=+1.328/+3.384 |Dr|max=3.384 Df=+1.008 | g r=0.093 f=0.136 p=1.264(0.003) max=3.465 | Ld=-0.1538 base=-0.184 r1=0.0247 path=0.00382 cap=0.00189 | Lg=+1.3174 | 6s | curv=+0.496 wide=+0.735 gfmed=0.078
  700 acq  m=8 hq=0.726 fail | Dr=+1.526/+4.133 |Dr|max=4.133 Df=+1.202 | g r=0.208 f=0.312 p=1.384(0.020) max=3.897 | Ld=-0.1676 base=-0.264 r1=0.0484 path=0.0457 cap=0.00193 | Lg=+1.4607 | 6s | curv=+0.174 wide=+0.509 gfmed=0.208
  710 acq  m=8 hq=0.861 fail | Dr=+1.431/+3.133 |Dr|max=3.133 Df=+1.120 | g r=0.178 f=0.232 p=1.340(0.004) max=3.320 | Ld=-0.1816 base=-0.285 r1=0.0472 path=0.0482 cap=0.00813 | Lg=+1.3424 | 6s | curv=+0.315 wide=+0.651 gfmed=0.152
  720 acq  m=8 hq=0.910 PASS | Dr=+1.499/+3.606 |Dr|max=3.606 Df=+1.187 | g r=0.102 f=0.147 p=1.308(0.002) max=3.738 | Ld=-0.1841 base=-0.25 r1=0.0476 path=0.0177 cap=0.000713 | Lg=+1.3233 | 6s | curv=+0.26 wide=+0.591 gfmed=0.094
  730 acq  m=8 hq=0.914 PASS | Dr=+1.619/+4.331 |Dr|max=4.331 Df=+1.294 | g r=0.121 f=0.189 p=1.380(0.003) max=3.778 | Ld=-0.1862 base=-0.258 r1=0.0452 path=0.0198 cap=0.00717 | Lg=+1.4852 | 6s | curv=+0.516 wide=+0.746 gfmed=0.110
  740 acq  m=5 hq=0.141 fail | Dr=+1.402/+3.237 |Dr|max=3.237 Df=+0.926 | g r=0.217 f=1.141 p=1.372(0.006) max=4.451 | Ld=-0.2398 base=-0.47 r1=0.153 path=0.0557 cap=0.021 | Lg=+1.2533 | 6s | curv=+1.86 wide=+2.28 gfmed=1.013
  750 acq  m=6 hq=0.101 fail | Dr=+1.331/+3.251 |Dr|max=3.251 Df=+0.744 | g r=0.218 f=1.505 p=1.550(0.002) max=4.322 | Ld=-0.3681 base=-0.535 r1=0.0897 path=0.0559 cap=0.0208 | Lg=+1.3453 | 7s | curv=+2.17 wide=+2.83 gfmed=1.444
  760 acq  m=7 hq=0.412 fail | Dr=+1.244/+2.669 |Dr|max=2.669 Df=+0.787 | g r=0.206 f=0.806 p=1.408(0.006) max=4.163 | Ld=-0.4398 base=-0.664 r1=0.0705 path=0.138 cap=0.0157 | Lg=+1.4116 | 7s | curv=+1.53 wide=+2.12 gfmed=0.578
  770 acq  m=5 hq=0.431 fail | Dr=+1.272/+2.970 |Dr|max=2.970 Df=+0.701 | g r=0.205 f=1.308 p=1.448(0.005) max=3.923 | Ld=-0.3449 base=-0.446 r1=0.0709 path=0.00681 cap=0.0235 | Lg=+1.2695 | 7s | curv=+1.45 wide=+2.12 gfmed=1.055
  780 acq  m=8 hq=0.543 fail | Dr=+1.043/+2.764 |Dr|max=2.764 Df=+0.725 | g r=0.171 f=0.683 p=1.314(0.003) max=3.606 | Ld=-0.1638 base=-0.269 r1=0.0712 path=0.00949 cap=0.0244 | Lg=+1.1619 | 7s | curv=+1.2 wide=+1.74 gfmed=0.296
  790 acq  m=7 hq=0.522 fail | Dr=+0.940/+3.000 |Dr|max=3.000 Df=+0.541 | g r=0.159 f=0.656 p=1.300(0.007) max=3.635 | Ld=-0.1543 base=-0.212 r1=0.0449 path=0.00217 cap=0.0107 | Lg=+1.2120 | 7s | curv=+0.745 wide=+1.29 gfmed=0.250
  800 acq  m=8 hq=0.741 fail | Dr=+0.873/+2.696 |Dr|max=2.696 Df=+0.671 | g r=0.138 f=0.392 p=1.163(0.001) max=3.498 | Ld=-0.0484 base=-0.0922 r1=0.0372 path=0.00229 cap=0.00439 | Lg=+1.1461 | 7s | curv=+0.657 wide=+1.09 gfmed=0.147
  810 acq  m=8 hq=0.876 fail | Dr=+0.906/+3.285 |Dr|max=3.285 Df=+0.706 | g r=0.128 f=0.265 p=1.187(0.001) max=3.798 | Ld=-0.1425 base=-0.184 r1=0.0333 path=0.00477 cap=0.00375 | Lg=+1.2467 | 7s | curv=+0.743 wide=+1.17 gfmed=0.128
  820 acq  m=8 hq=0.921 PASS | Dr=+0.898/+3.167 |Dr|max=3.167 Df=+0.687 | g r=0.098 f=0.156 p=1.137(0.003) max=3.491 | Ld=-0.0374 base=-0.0759 r1=0.0229 path=0.0144 cap=0.00121 | Lg=+1.1810 | 7s | curv=+0.341 wide=+0.809 gfmed=0.089
  830 acq  m=8 hq=0.913 PASS | Dr=+0.812/+3.881 |Dr|max=3.881 Df=+0.590 | g r=0.168 f=0.195 p=1.143(0.002) max=3.777 | Ld=-0.1120 base=-0.173 r1=0.0453 path=0.0137 cap=0.00193 | Lg=+1.2704 | 7s | curv=+0.27 wide=+0.633 gfmed=0.134
  840 acq  m=8 hq=0.944 PASS | Dr=+1.143/+3.456 |Dr|max=3.456 Df=+0.902 | g r=0.099 f=0.139 p=1.190(0.002) max=3.401 | Ld=-0.1306 base=-0.161 r1=0.0223 path=0.00713 cap=0.000652 | Lg=+1.2760 | 7s | curv=+0.474 wide=+0.774 gfmed=0.089
  850 acq  m=8 hq=0.941 PASS | Dr=+0.793/+2.824 |Dr|max=2.824 Df=+0.569 | g r=0.129 f=0.159 p=1.112(0.002) max=3.374 | Ld=-0.0482 base=-0.0987 r1=0.0258 path=0.0236 cap=0.00105 | Lg=+1.1667 | 7s | curv=+0.333 wide=+0.625 gfmed=0.134
  860 acq  m=8 hq=0.942 PASS | Dr=+0.973/+3.620 |Dr|max=3.620 Df=+0.755 | g r=0.141 f=0.168 p=1.162(0.008) max=3.422 | Ld=+0.0395 base=-0.046 r1=0.0263 path=0.0569 cap=0.00244 | Lg=+1.2017 | 7s | curv=+0.0996 wide=+0.402 gfmed=0.103
  870 acq  m=8 hq=0.894 fail | Dr=+0.847/+4.115 |Dr|max=4.115 Df=+0.624 | g r=0.159 f=0.200 p=1.210(0.006) max=3.664 | Ld=-0.1167 base=-0.145 r1=0.0188 path=0.00201 cap=0.00719 | Lg=+1.4260 | 8s | curv=+0.342 wide=+0.561 gfmed=0.127
  880 acq  m=8 hq=0.720 fail | Dr=+1.057/+3.445 |Dr|max=3.445 Df=+0.818 | g r=0.165 f=0.300 p=1.231(0.001) max=3.793 | Ld=-0.0425 base=-0.144 r1=0.0469 path=0.0458 cap=0.00916 | Lg=+1.2590 | 8s | curv=+0.765 wide=+1.06 gfmed=0.196
  890 acq  m=7 hq=0.536 fail | Dr=+1.232/+3.276 |Dr|max=3.276 Df=+0.964 | g r=0.150 f=0.654 p=1.233(0.007) max=3.733 | Ld=-0.0865 base=-0.244 r1=0.09 path=0.017 cap=0.0505 | Lg=+1.1834 | 8s | curv=+0.841 wide=+1.27 gfmed=0.380
  900 acq  m=8 hq=0.406 fail | Dr=+1.222/+3.761 |Dr|max=3.761 Df=+0.894 | g r=0.139 f=0.814 p=1.332(0.007) max=3.970 | Ld=-0.1952 base=-0.258 r1=0.0395 path=0.0217 cap=0.0018 | Lg=+1.2764 | 8s | curv=+1.02 wide=+1.56 gfmed=0.518
  910 acq  m=8 hq=0.438 fail | Dr=+1.381/+3.365 |Dr|max=3.365 Df=+0.934 | g r=0.128 f=0.913 p=1.320(0.001) max=3.715 | Ld=-0.1256 base=-0.192 r1=0.0548 path=0.0113 cap=0.000676 | Lg=+1.1492 | 8s | curv=+1.2 wide=+1.68 gfmed=0.516
  920 acq  m=6 hq=0.378 fail | Dr=+1.400/+3.343 |Dr|max=3.343 Df=+0.968 | g r=0.185 f=0.925 p=1.367(0.003) max=3.739 | Ld=-0.3365 base=-0.429 r1=0.067 path=0.0131 cap=0.0122 | Lg=+1.2958 | 8s | curv=+0.965 wide=+1.5 gfmed=0.407
  930 acq  m=2 hq=0.259 fail | Dr=+1.185/+3.347 |Dr|max=3.347 Df=+0.527 | g r=0.170 f=1.291 p=1.395(0.013) max=3.497 | Ld=-0.2390 base=-0.308 r1=0.0427 path=0.0126 cap=0.0132 | Lg=+1.2790 | 8s | curv=+1.06 wide=+1.66 gfmed=0.436
  940 acq  m=6 hq=0.346 fail | Dr=+1.059/+2.876 |Dr|max=2.876 Df=+0.540 | g r=0.179 f=1.211 p=1.413(0.005) max=3.575 | Ld=-0.4456 base=-0.535 r1=0.0587 path=0.0265 cap=0.00459 | Lg=+1.4093 | 8s | curv=+1.18 wide=+1.83 gfmed=0.865
  950 acq  m=7 hq=0.368 fail | Dr=+1.233/+3.512 |Dr|max=3.512 Df=+0.763 | g r=0.159 f=1.277 p=1.410(0.002) max=3.466 | Ld=-0.2362 base=-0.304 r1=0.056 path=0.00953 cap=0.00247 | Lg=+1.2316 | 8s | curv=+1.09 wide=+1.62 gfmed=1.220
  960 acq  m=8 hq=0.617 fail | Dr=+0.842/+2.582 |Dr|max=2.582 Df=+0.552 | g r=0.217 f=0.753 p=1.265(0.009) max=4.217 | Ld=-0.2209 base=-0.385 r1=0.0727 path=0.00203 cap=0.0898 | Lg=+1.1016 | 8s | curv=+1.37 wide=+1.85 gfmed=0.302
  970 acq  m=4 hq=0.230 fail | Dr=+0.938/+3.438 |Dr|max=3.438 Df=+0.310 | g r=0.165 f=1.050 p=1.367(0.003) max=3.527 | Ld=-0.3919 base=-0.449 r1=0.0425 path=0.00373 cap=0.0107 | Lg=+1.3742 | 8s | curv=+0.943 wide=+1.47 gfmed=0.715
  980 acq  m=8 hq=0.808 fail | Dr=+1.371/+2.785 |Dr|max=2.785 Df=+1.181 | g r=0.166 f=0.440 p=1.273(0.008) max=3.277 | Ld=-0.0024 base=-0.0913 r1=0.0704 path=0.016 cap=0.00251 | Lg=+1.0207 | 8s | curv=+1.02 wide=+1.56 gfmed=0.202
  990 acq  m=8 hq=0.913 PASS | Dr=+1.205/+3.930 |Dr|max=3.930 Df=+1.039 | g r=0.131 f=0.223 p=1.190(0.005) max=3.524 | Ld=-0.0806 base=-0.132 r1=0.0347 path=0.0148 cap=0.00181 | Lg=+1.1040 | 8s | curv=+0.717 wide=+1.2 gfmed=0.106
 1000 acq  m=8 hq=0.932 PASS | Dr=+1.290/+3.884 |Dr|max=3.884 Df=+1.114 | g r=0.102 f=0.154 p=1.117(0.001) max=3.236 | Ld=-0.0603 base=-0.0862 r1=0.0244 path=0.0011 cap=0.000469 | Lg=+1.1175 | 9s | curv=+0.519 wide=+0.904 gfmed=0.075
 1010 acq  m=8 hq=0.946 PASS | Dr=+1.281/+3.648 |Dr|max=3.648 Df=+1.098 | g r=0.124 f=0.165 p=1.110(0.005) max=3.503 | Ld=-0.0270 base=-0.0792 r1=0.0242 path=0.0281 cap=2.95e-05 | Lg=+1.1143 | 9s | curv=+0.389 wide=+0.761 gfmed=0.106
 1020 acq  m=8 hq=0.944 PASS | Dr=+1.166/+3.993 |Dr|max=3.993 Df=+0.990 | g r=0.105 f=0.128 p=1.071(0.004) max=3.458 | Ld=-0.0799 base=-0.106 r1=0.0232 path=0.00264 cap=0.000131 | Lg=+1.1706 | 9s | curv=+0.276 wide=+0.555 gfmed=0.086
 1030 acq  m=8 hq=0.903 PASS | Dr=+1.223/+3.372 |Dr|max=3.372 Df=+1.054 | g r=0.154 f=0.185 p=1.069(0.007) max=3.554 | Ld=-0.0668 base=-0.11 r1=0.0205 path=0.0215 cap=0.000913 | Lg=+1.1499 | 9s | curv=+0.357 wide=+0.604 gfmed=0.132
 1040 acq  m=8 hq=0.924 PASS | Dr=+1.380/+3.406 |Dr|max=3.406 Df=+1.188 | g r=0.142 f=0.189 p=1.098(0.003) max=3.327 | Ld=-0.0159 base=-0.0437 r1=0.0217 path=0.00425 cap=0.00183 | Lg=+1.1518 | 9s | curv=+0.296 wide=+0.542 gfmed=0.108
 1050 acq  m=8 hq=0.911 PASS | Dr=+1.370/+3.610 |Dr|max=3.610 Df=+1.197 | g r=0.128 f=0.157 p=1.095(0.001) max=3.536 | Ld=-0.0441 base=-0.0863 r1=0.0189 path=0.0161 cap=0.00726 | Lg=+1.2385 | 9s | curv=+0.544 wide=+0.781 gfmed=0.121
 1060 acq  m=8 hq=0.918 PASS | Dr=+1.387/+4.377 |Dr|max=4.377 Df=+1.200 | g r=0.084 f=0.133 p=1.119(0.001) max=3.633 | Ld=-0.1584 base=-0.174 r1=0.0101 path=0.0013 cap=0.00417 | Lg=+1.2578 | 9s | curv=+0.225 wide=+0.452 gfmed=0.060
 1070 acq  m=8 hq=0.943 PASS | Dr=+1.067/+4.137 |Dr|max=4.137 Df=+0.888 | g r=0.113 f=0.132 p=1.127(0.004) max=3.488 | Ld=-0.1614 base=-0.193 r1=0.0204 path=0.00644 cap=0.00503 | Lg=+1.3472 | 9s | curv=+0.544 wide=+0.718 gfmed=0.088
 1080 acq  m=8 hq=0.920 PASS | Dr=+0.876/+3.884 |Dr|max=3.884 Df=+0.709 | g r=0.082 f=0.109 p=1.119(0.006) max=3.500 | Ld=-0.1649 base=-0.193 r1=0.0131 path=0.0108 cap=0.00409 | Lg=+1.3631 | 9s | curv=+0.414 wide=+0.613 gfmed=0.069
 1090 acq  m=8 hq=0.938 PASS | Dr=+1.008/+3.110 |Dr|max=3.110 Df=+0.855 | g r=0.103 f=0.120 p=1.006(0.001) max=3.188 | Ld=-0.0347 base=-0.0874 r1=0.0139 path=0.0333 cap=0.0055 | Lg=+1.1635 | 9s | curv=+0.263 wide=+0.5 gfmed=0.087
 1100 acq  m=8 hq=0.952 PASS | Dr=+1.115/+3.183 |Dr|max=3.183 Df=+0.959 | g r=0.077 f=0.098 p=1.002(0.003) max=3.675 | Ld=-0.0970 base=-0.117 r1=0.0135 path=0.00555 cap=0.00123 | Lg=+1.1801 | 9s | curv=+0.186 wide=+0.44 gfmed=0.064
 1110 acq  m=8 hq=0.938 PASS | Dr=+1.229/+3.421 |Dr|max=3.421 Df=+1.048 | g r=0.172 f=0.178 p=1.097(0.011) max=3.512 | Ld=-0.0247 base=-0.0597 r1=0.025 path=0.00744 cap=0.00254 | Lg=+1.1981 | 9s | curv=+0.255 wide=+0.488 gfmed=0.130
 1120 acq  m=8 hq=0.933 PASS | Dr=+1.135/+3.275 |Dr|max=3.275 Df=+0.969 | g r=0.105 f=0.125 p=1.060(0.003) max=3.192 | Ld=-0.0548 base=-0.122 r1=0.029 path=0.0383 cap=6.53e-05 | Lg=+1.2153 | 10s | curv=+0.168 wide=+0.41 gfmed=0.082
 1130 acq  m=8 hq=0.957 PASS | Dr=+0.985/+3.187 |Dr|max=3.187 Df=+0.820 | g r=0.116 f=0.128 p=1.058(0.002) max=3.625 | Ld=-0.0857 base=-0.16 r1=0.0359 path=0.0329 cap=0.00521 | Lg=+1.1955 | 10s | curv=-0.0627 wide=+0.25 gfmed=0.080
 1140 acq  m=8 hq=0.950 PASS | Dr=+1.162/+4.213 |Dr|max=4.213 Df=+1.017 | g r=0.102 f=0.113 p=1.062(0.001) max=3.812 | Ld=-0.0880 base=-0.133 r1=0.012 path=0.0304 cap=0.00276 | Lg=+1.2986 | 10s | curv=+0.498 wide=+0.678 gfmed=0.082
 1150 acq  m=8 hq=0.941 PASS | Dr=+0.961/+3.258 |Dr|max=3.258 Df=+0.795 | g r=0.090 f=0.104 p=1.006(0.005) max=3.446 | Ld=-0.0378 base=-0.0531 r1=0.0129 path=0.0014 cap=0.001 | Lg=+1.1251 | 10s | curv=+0.166 wide=+0.371 gfmed=0.071
 1160 acq  m=8 hq=0.956 PASS | Dr=+1.228/+3.337 |Dr|max=3.337 Df=+1.087 | g r=0.090 f=0.103 p=1.002(0.001) max=3.143 | Ld=-0.0400 base=-0.0583 r1=0.0128 path=0.00543 cap=8.55e-05 | Lg=+1.1438 | 10s | curv=+0.266 wide=+0.442 gfmed=0.073
 1170 acq  m=8 hq=0.966 PASS | Dr=+1.062/+3.608 |Dr|max=3.608 Df=+0.924 | g r=0.104 f=0.119 p=1.013(0.003) max=3.296 | Ld=-0.1300 base=-0.159 r1=0.0224 path=0.00659 | Lg=+1.2059 | 10s | curv=+0.148 wide=+0.365 gfmed=0.095
 1180 acq  m=8 hq=0.925 PASS | Dr=+0.978/+3.503 |Dr|max=3.503 Df=+0.825 | g r=0.145 f=0.177 p=1.131(0.002) max=3.453 | Ld=-0.1129 base=-0.141 r1=0.016 path=0.0113 cap=0.000313 | Lg=+1.2842 | 10s | curv=+0.355 wide=+0.46 gfmed=0.138
 1190 acq  m=8 hq=0.950 PASS | Dr=+0.750/+4.081 |Dr|max=4.081 Df=+0.615 | g r=0.138 f=0.170 p=1.186(0.003) max=3.856 | Ld=-0.1451 base=-0.19 r1=0.0254 path=0.0187 cap=0.000411 | Lg=+1.4591 | 10s | curv=+0.00206 wide=+0.233 gfmed=0.127
 1200 acq  m=8 hq=0.940 PASS | Dr=+0.719/+3.568 |Dr|max=3.568 Df=+0.576 | g r=0.115 f=0.131 p=1.116(0.002) max=3.473 | Ld=-0.0725 base=-0.101 r1=0.0235 path=0.00188 cap=0.00308 | Lg=+1.3728 | 10s | curv=+0.434 wide=+0.562 gfmed=0.088
 1210 hold m=8 hq=0.962 PASS | Dr=+0.910/+3.755 |Dr|max=3.755 Df=+0.797 | g r=0.112 f=0.121 p=1.002(0.005) max=3.354 | Ld=+0.0355 base=-0.00778 r1=0.0151 path=0.0275 cap=0.000698 | Lg=+1.2705 | 10s | curv=+0.285 wide=+0.482 gfmed=0.069
 1220 hold m=8 hq=0.955 PASS | Dr=+1.066/+3.214 |Dr|max=3.214 Df=+0.925 | g r=0.077 f=0.094 p=0.970(0.007) max=3.132 | Ld=-0.0236 base=-0.0404 r1=0.00917 path=0.00365 cap=0.00395 | Lg=+1.1450 | 10s | curv=+0.185 wide=+0.396 gfmed=0.078
 1230 hold m=8 hq=0.948 PASS | Dr=+0.996/+3.059 |Dr|max=3.059 Df=+0.857 | g r=0.053 f=0.072 p=0.970(0.002) max=3.157 | Ld=-0.0075 base=-0.0366 r1=0.00813 path=0.0204 cap=0.000506 | Lg=+1.1553 | 10s | curv=+0.187 wide=+0.345 gfmed=0.042
 1240 hold m=8 hq=0.954 PASS | Dr=+0.904/+3.214 |Dr|max=3.214 Df=+0.783 | g r=0.110 f=0.122 p=1.001(0.003) max=3.178 | Ld=-0.0560 base=-0.0752 r1=0.0138 path=0.00479 cap=0.000611 | Lg=+1.2068 | 11s | curv=+0.228 wide=+0.415 gfmed=0.097
 1250 hold m=6 hq=0.579 fail | Dr=+0.662/+3.421 |Dr|max=3.421 Df=+0.515 | g r=0.173 f=0.377 p=0.946(0.003) max=3.655 | Ld=+0.1717 base=0.02 r1=0.034 path=0.117 cap=0.00064 | Lg=+1.1155 | 11s | curv=+0.44 wide=+0.575 gfmed=0.170
 1260 hold m=8 hq=0.973 PASS | Dr=+0.890/+2.934 |Dr|max=2.934 Df=+0.766 | g r=0.064 f=0.078 p=0.965(0.001) max=3.382 | Ld=-0.0880 base=-0.104 r1=0.0111 path=0.00433 cap=0.000342 | Lg=+1.1547 | 11s | curv=+0.22 wide=+0.493 gfmed=0.041
 1270 hold m=8 hq=0.965 PASS | Dr=+0.822/+3.033 |Dr|max=3.033 Df=+0.695 | g r=0.054 f=0.069 p=0.937(0.002) max=3.158 | Ld=-0.0505 base=-0.0598 r1=0.00824 path=0.000861 cap=0.000222 | Lg=+1.1590 | 11s | curv=+0.118 wide=+0.327 gfmed=0.044
 1280 hold m=8 hq=0.975 PASS | Dr=+0.759/+3.203 |Dr|max=3.203 Df=+0.636 | g r=0.090 f=0.102 p=1.001(0.006) max=3.339 | Ld=-0.0533 base=-0.0682 r1=0.0125 path=0.00145 cap=0.000998 | Lg=+1.2032 | 11s | curv=+0.198 wide=+0.391 gfmed=0.087
 1290 hold m=8 hq=0.962 PASS | Dr=+0.603/+3.655 |Dr|max=3.655 Df=+0.502 | g r=0.084 f=0.089 p=1.001(0.002) max=3.203 | Ld=-0.0187 base=-0.0556 r1=0.0263 path=0.0106 cap=5.68e-05 | Lg=+1.3304 | 11s | curv=+0.307 wide=+0.466 gfmed=0.058
 1300 hold m=8 hq=0.955 PASS | Dr=+0.618/+3.836 |Dr|max=3.836 Df=+0.509 | g r=0.105 f=0.125 p=1.035(0.000) max=3.518 | Ld=-0.0370 base=-0.0616 r1=0.00875 path=0.0118 cap=0.00415 | Lg=+1.3258 | 11s | curv=+0.0619 wide=+0.258 gfmed=0.102
 1310 hold m=8 hq=0.955 PASS | Dr=+0.772/+3.570 |Dr|max=3.570 Df=+0.668 | g r=0.088 f=0.106 p=0.929(0.003) max=3.317 | Ld=+0.0057 base=-0.0378 r1=0.0213 path=0.0222 cap=6.98e-05 | Lg=+1.1853 | 11s | curv=+0.0329 wide=+0.261 gfmed=0.084
 1320 hold m=8 hq=0.924 PASS | Dr=+0.756/+3.302 |Dr|max=3.302 Df=+0.641 | g r=0.122 f=0.144 p=1.160(0.001) max=3.298 | Ld=-0.0866 base=-0.11 r1=0.0203 path=0.00236 cap=0.000509 | Lg=+1.3553 | 11s | curv=+0.105 wide=+0.266 gfmed=0.116
 1330 hold m=8 hq=0.944 PASS | Dr=+0.823/+4.585 |Dr|max=4.585 Df=+0.742 | g r=0.102 f=0.125 p=1.175(0.003) max=3.357 | Ld=-0.0515 base=-0.0679 r1=0.0126 path=0.00242 cap=0.00135 | Lg=+1.4928 | 11s | curv=+0.157 wide=+0.377 gfmed=0.081
 1340 hold m=8 hq=0.965 PASS | Dr=+0.801/+3.537 |Dr|max=3.537 Df=+0.702 | g r=0.079 f=0.095 p=1.013(0.007) max=3.316 | Ld=-0.0633 base=-0.0777 r1=0.013 path=0.00129 cap=8.46e-05 | Lg=+1.2884 | 11s | curv=+0.154 wide=+0.375 gfmed=0.071
 1350 hold m=8 hq=0.960 PASS | Dr=+0.390/+3.900 |Dr|max=3.900 Df=+0.286 | g r=0.073 f=0.073 p=0.965(0.002) max=3.461 | Ld=-0.0767 base=-0.0961 r1=0.00819 path=0.0103 cap=0.000944 | Lg=+1.3006 | 11s | curv=+0.314 wide=+0.512 gfmed=0.057
 1360 hold m=8 hq=0.962 PASS | Dr=+0.915/+4.432 |Dr|max=4.432 Df=+0.824 | g r=0.104 f=0.102 p=1.026(0.002) max=3.422 | Ld=-0.0778 base=-0.105 r1=0.0124 path=0.0137 cap=0.000614 | Lg=+1.2909 | 12s | curv=+0.56 wide=+0.723 gfmed=0.067
 1370 hold m=8 hq=0.951 PASS | Dr=+1.142/+3.691 |Dr|max=3.691 Df=+1.033 | g r=0.067 f=0.088 p=1.073(0.001) max=3.239 | Ld=-0.0564 base=-0.0667 r1=0.00479 path=0.00369 cap=0.00185 | Lg=+1.2357 | 12s | curv=+0.116 wide=+0.296 gfmed=0.065
 1380 hold m=8 hq=0.775 fail | Dr=+0.557/+2.338 |Dr|max=2.338 Df=+0.464 | g r=0.089 f=0.177 p=0.966(0.003) max=3.298 | Ld=-0.0363 base=-0.0836 r1=0.0323 path=0.0138 cap=0.00122 | Lg=+1.0677 | 12s | curv=+0.563 wide=+0.792 gfmed=0.076
 1390 hold m=8 hq=0.963 PASS | Dr=+0.718/+2.981 |Dr|max=2.981 Df=+0.635 | g r=0.071 f=0.084 p=1.004(0.002) max=3.332 | Ld=-0.0888 base=-0.103 r1=0.0103 path=0.00399 cap=3.05e-05 | Lg=+1.1916 | 12s | curv=+0.124 wide=+0.409 gfmed=0.055
 1400 hold m=8 hq=0.971 PASS | Dr=+0.719/+3.148 |Dr|max=3.148 Df=+0.632 | g r=0.058 f=0.068 p=1.019(0.002) max=3.257 | Ld=-0.0749 base=-0.0871 r1=0.00776 path=0.00428 cap=0.000145 | Lg=+1.1785 | 12s | curv=+0.202 wide=+0.447 gfmed=0.047
 1410 hold m=8 hq=0.953 PASS | Dr=+0.790/+3.609 |Dr|max=3.609 Df=+0.706 | g r=0.104 f=0.123 p=1.100(0.001) max=3.326 | Ld=-0.0466 base=-0.067 r1=0.0138 path=0.00648 cap=0.000145 | Lg=+1.3124 | 12s | curv=+0.266 wide=+0.464 gfmed=0.071
 1420 hold m=8 hq=0.964 PASS | Dr=+0.825/+3.392 |Dr|max=3.392 Df=+0.741 | g r=0.125 f=0.140 p=1.072(0.006) max=3.434 | Ld=+0.0003 base=-0.022 r1=0.0131 path=0.00226 cap=0.00695 | Lg=+1.2947 | 12s | curv=+0.207 wide=+0.421 gfmed=0.129
 1430 hold m=8 hq=0.975 PASS | Dr=+0.862/+3.155 |Dr|max=3.155 Df=+0.767 | g r=0.063 f=0.071 p=0.989(0.000) max=3.153 | Ld=-0.0179 base=-0.0396 r1=0.0182 path=0.00282 cap=0.000725 | Lg=+1.1220 | 12s | curv=+0.131 wide=+0.315 gfmed=0.048
 1440 hold m=8 hq=0.947 PASS | Dr=+1.060/+3.974 |Dr|max=3.974 Df=+0.987 | g r=0.123 f=0.136 p=1.017(0.000) max=3.440 | Ld=+0.0241 base=-0.008 r1=0.022 path=0.007 cap=0.00302 | Lg=+1.1827 | 12s | curv=+0.375 wide=+0.509 gfmed=0.110
 1450 hold m=7 hq=0.386 fail | Dr=+0.908/+2.788 |Dr|max=2.788 Df=+0.783 | g r=0.097 f=0.531 p=1.018(0.003) max=3.742 | Ld=+0.0070 base=-0.124 r1=0.0535 path=0.0741 cap=0.00389 | Lg=+1.0686 | 12s | curv=+0.637 wide=+0.902 gfmed=0.350
 1460 hold m=5 hq=0.144 fail | Dr=-0.399/+1.683 |Dr|max=1.796 Df=-0.820 | g r=0.241 f=1.121 p=1.138(0.012) max=4.254 | Ld=-0.3162 base=-0.607 r1=0.0671 path=0.158 cap=0.0664 | Lg=+1.3003 | 12s | curv=+2.09 wide=+2.46 gfmed=0.883
 1470 hold m=2 hq=0.111 fail | Dr=+0.298/+1.477 |Dr|max=1.477 Df=-0.221 | g r=0.171 f=1.112 p=1.102(0.002) max=3.408 | Ld=-0.2959 base=-0.409 r1=0.0575 path=0.0426 cap=0.0126 | Lg=+1.1451 | 12s | curv=+1.75 wide=+2.3 gfmed=0.849
 1480 hold m=1 hq=0.042 fail | Dr=-0.200/+1.394 |Dr|max=1.594 Df=-0.830 | g r=0.176 f=1.130 p=1.253(0.009) max=3.862 | Ld=-0.2608 base=-0.344 r1=0.0761 path=0.00481 cap=0.00201 | Lg=+1.0771 | 13s | curv=+1.91 wide=+2.68 gfmed=0.935
 1490 hold m=3 hq=0.058 fail | Dr=+0.028/+1.156 |Dr|max=1.156 Df=-0.411 | g r=0.197 f=1.481 p=1.200(0.018) max=3.698 | Ld=-0.2986 base=-0.496 r1=0.0838 path=0.0085 cap=0.105 | Lg=+1.0681 | 13s | curv=+1.98 wide=+2.57 gfmed=1.339
 1500 hold m=5 hq=0.113 fail | Dr=-0.160/+1.140 |Dr|max=1.140 Df=-0.758 | g r=0.233 f=1.480 p=1.186(0.004) max=3.350 | Ld=-0.1607 base=-0.481 r1=0.172 path=0.045 cap=0.104 | Lg=+1.0399 | 13s | curv=+2.01 wide=+2.7 gfmed=1.483
 1510 hold m=6 hq=0.177 fail | Dr=+0.401/+1.600 |Dr|max=1.600 Df=-0.081 | g r=0.187 f=1.511 p=1.320(0.010) max=3.632 | Ld=-0.4559 base=-0.576 r1=0.112 path=0.00198 cap=0.00572 | Lg=+1.1342 | 13s | curv=+2 wide=+2.77 gfmed=1.544
 1520 hold m=4 hq=0.166 fail | Dr=-0.019/+0.995 |Dr|max=1.421 Df=-0.718 | g r=0.252 f=1.482 p=1.406(0.005) max=3.865 | Ld=-0.7700 base=-0.99 r1=0.131 path=0.0415 cap=0.047 | Lg=+1.4976 | 13s | curv=+2.68 wide=+3.49 gfmed=1.393
 1530 hold m=3 hq=0.076 fail | Dr=+0.475/+1.862 |Dr|max=1.862 Df=-0.597 | g r=0.247 f=1.589 p=1.559(0.014) max=4.759 | Ld=-0.9764 base=-1.22 r1=0.103 path=0.13 cap=0.0114 | Lg=+1.9343 | 13s | curv=+2.24 wide=+3.14 gfmed=1.547
 1540 hold m=6 hq=0.193 fail | Dr=+0.597/+1.999 |Dr|max=1.999 Df=-0.107 | g r=0.253 f=1.475 p=1.474(0.013) max=3.897 | Ld=-0.8387 base=-1.03 r1=0.109 path=0.00181 cap=0.0834 | Lg=+1.5218 | 13s | curv=+2.28 wide=+3.14 gfmed=1.405
 1550 hold m=5 hq=0.176 fail | Dr=+0.509/+2.385 |Dr|max=2.385 Df=-0.444 | g r=0.263 f=1.275 p=1.519(0.007) max=4.271 | Ld=-0.8927 base=-1.15 r1=0.098 path=0.14 cap=0.0192 | Lg=+1.8268 | 13s | curv=+1.7 wide=+2.68 gfmed=1.058
 1560 hold m=7 hq=0.148 fail | Dr=-0.038/+0.998 |Dr|max=1.162 Df=-0.616 | g r=0.216 f=1.540 p=1.509(0.010) max=4.388 | Ld=-0.3166 base=-0.417 r1=0.0916 path=0.0028 cap=0.00555 | Lg=+1.0821 | 13s | curv=+2.15 wide=+2.92 gfmed=1.410
 1570 hold m=8 hq=0.360 fail | Dr=+0.494/+1.761 |Dr|max=1.761 Df=+0.217 | g r=0.217 f=1.249 p=1.404(0.001) max=3.921 | Ld=-0.4800 base=-0.576 r1=0.0762 path=0.00196 cap=0.0179 | Lg=+1.2089 | 13s | curv=+1.64 wide=+2.43 gfmed=1.115
 1580 hold m=7 hq=0.183 fail | Dr=+0.785/+1.623 |Dr|max=1.623 Df=+0.295 | g r=0.225 f=1.522 p=1.482(0.008) max=3.838 | Ld=-0.4110 base=-0.551 r1=0.115 path=0.000785 cap=0.0237 | Lg=+1.1318 | 13s | curv=+1.79 wide=+2.58 gfmed=1.479
 1590 hold m=8 hq=0.073 fail | Dr=+0.492/+1.686 |Dr|max=1.686 Df=-0.063 | g r=0.197 f=1.602 p=1.373(0.007) max=3.406 | Ld=-0.2745 base=-0.366 r1=0.0859 path=0.00152 cap=0.00455 | Lg=+0.9797 | 13s | curv=+1.68 wide=+2.53 gfmed=1.634
 1600 hold m=6 hq=0.143 fail | Dr=+0.265/+1.121 |Dr|max=1.121 Df=-0.382 | g r=0.226 f=1.486 p=1.447(0.005) max=3.915 | Ld=-0.5178 base=-0.621 r1=0.0961 path=0.00716 cap=0.000348 | Lg=+1.1729 | 14s | curv=+1.72 wide=+2.61 gfmed=1.502
 1610 hold m=7 hq=0.108 fail | Dr=+0.745/+2.107 |Dr|max=2.107 Df=+0.170 | g r=0.188 f=1.577 p=1.460(0.002) max=3.718 | Ld=-0.3687 base=-0.444 r1=0.0708 path=0.00112 cap=0.00366 | Lg=+1.0535 | 14s | curv=+1.42 wide=+2.27 gfmed=1.678
 1620 hold m=8 hq=0.347 fail | Dr=+0.580/+1.811 |Dr|max=1.811 Df=+0.220 | g r=0.200 f=1.383 p=1.498(0.004) max=4.024 | Ld=-0.5823 base=-0.687 r1=0.1 path=0.000919 cap=0.00364 | Lg=+1.2583 | 14s | curv=+1.65 wide=+2.56 gfmed=1.251
 1630 hold m=8 hq=0.205 fail | Dr=+0.506/+2.572 |Dr|max=2.572 Df=+0.140 | g r=0.298 f=1.521 p=1.383(0.002) max=3.616 | Ld=-0.1704 base=-0.256 r1=0.0751 path=0.000403 cap=0.0102 | Lg=+0.9746 | 14s | curv=+0.787 wide=+1.64 gfmed=1.568
 1640 hold m=8 hq=0.659 fail | Dr=+0.450/+2.314 |Dr|max=2.314 Df=+0.264 | g r=0.239 f=0.738 p=1.252(0.022) max=3.564 | Ld=-0.0761 base=-0.199 r1=0.0919 path=0.0221 cap=0.00851 | Lg=+0.9804 | 14s | curv=+1.09 wide=+1.84 gfmed=0.327
 1650 hold m=7 hq=0.458 fail | Dr=+0.436/+2.588 |Dr|max=2.588 Df=+0.144 | g r=0.231 f=1.108 p=1.276(0.004) max=4.021 | Ld=-0.2574 base=-0.353 r1=0.0726 path=0.00105 cap=0.0217 | Lg=+1.1093 | 14s | curv=+1.03 wide=+1.76 gfmed=0.763
 1660 hold m=7 hq=0.610 fail | Dr=+0.300/+2.278 |Dr|max=2.278 Df=+0.127 | g r=0.195 f=0.828 p=1.143(0.007) max=3.794 | Ld=-0.0262 base=-0.171 r1=0.0499 path=0.00811 cap=0.0868 | Lg=+0.9119 | 14s | curv=+1.11 wide=+1.74 gfmed=0.306
 1670 hold m=8 hq=0.891 fail | Dr=+0.373/+2.508 |Dr|max=2.508 Df=+0.259 | g r=0.138 f=0.238 p=0.990(0.006) max=3.487 | Ld=-0.0747 base=-0.129 r1=0.0312 path=0.0232 cap=0.000117 | Lg=+0.9374 | 14s | curv=+0.61 wide=+1.21 gfmed=0.112
 1680 hold m=8 hq=0.908 PASS | Dr=+0.036/+2.353 |Dr|max=2.353 Df=-0.085 | g r=0.105 f=0.216 p=0.924(0.003) max=3.438 | Ld=-0.0776 base=-0.112 r1=0.0215 path=0.00741 cap=0.00576 | Lg=+0.9956 | 14s | curv=+0.641 wide=+1.1 gfmed=0.089
 1690 hold m=8 hq=0.912 PASS | Dr=+0.028/+3.274 |Dr|max=3.274 Df=-0.087 | g r=0.135 f=0.222 p=0.884(0.005) max=3.642 | Ld=-0.0784 base=-0.13 r1=0.0382 path=0.0105 cap=0.00266 | Lg=+1.0561 | 14s | curv=+0.51 wide=+0.949 gfmed=0.112
 1700 hold m=8 hq=0.925 PASS | Dr=-0.252/+3.090 |Dr|max=3.090 Df=-0.369 | g r=0.098 f=0.182 p=0.833(0.002) max=3.435 | Ld=-0.0867 base=-0.13 r1=0.0191 path=0.02 cap=0.00437 | Lg=+1.0691 | 14s | curv=+0.573 wide=+0.93 gfmed=0.065
 1710 hold m=8 hq=0.927 PASS | Dr=-0.051/+3.039 |Dr|max=3.039 Df=-0.159 | g r=0.120 f=0.207 p=0.785(0.001) max=3.207 | Ld=-0.1187 base=-0.175 r1=0.0309 path=0.0141 cap=0.0118 | Lg=+1.0773 | 14s | curv=+0.476 wide=+0.841 gfmed=0.121
 1720 hold m=8 hq=0.925 PASS | Dr=-0.207/+2.205 |Dr|max=2.205 Df=-0.324 | g r=0.095 f=0.163 p=0.788(0.004) max=3.292 | Ld=-0.0822 base=-0.102 r1=0.0154 path=0.00116 cap=0.00371 | Lg=+0.9920 | 15s | curv=+0.358 wide=+0.646 gfmed=0.084
 1730 hold m=8 hq=0.919 PASS | Dr=-0.104/+2.237 |Dr|max=2.237 Df=-0.222 | g r=0.171 f=0.205 p=0.843(0.004) max=3.441 | Ld=-0.0430 base=-0.108 r1=0.0372 path=0.0206 cap=0.00733 | Lg=+1.0545 | 15s | curv=+0.482 wide=+0.677 gfmed=0.126
 1740 hold m=8 hq=0.927 PASS | Dr=-0.009/+2.848 |Dr|max=2.848 Df=-0.120 | g r=0.108 f=0.177 p=0.795(0.003) max=3.333 | Ld=-0.0202 base=-0.0819 r1=0.0478 path=0.0109 cap=0.00301 | Lg=+1.0141 | 15s | curv=+0.757 wide=+0.952 gfmed=0.084
 1750 hold m=8 hq=0.902 PASS | Dr=-0.293/+2.879 |Dr|max=2.879 Df=-0.436 | g r=0.112 f=0.179 p=0.967(0.001) max=3.555 | Ld=-0.1288 base=-0.171 r1=0.023 path=0.0161 cap=0.00366 | Lg=+1.3212 | 15s | curv=+0.417 wide=+0.64 gfmed=0.097
 1760 hold m=8 hq=0.938 PASS | Dr=+0.015/+3.126 |Dr|max=3.126 Df=-0.087 | g r=0.091 f=0.154 p=0.798(0.004) max=3.186 | Ld=-0.0539 base=-0.117 r1=0.0154 path=0.0392 cap=0.00838 | Lg=+1.0248 | 15s | curv=+0.318 wide=+0.581 gfmed=0.080
 1770 hold m=8 hq=0.915 PASS | Dr=-0.161/+3.246 |Dr|max=3.246 Df=-0.268 | g r=0.159 f=0.207 p=0.870(0.002) max=3.711 | Ld=-0.0506 base=-0.146 r1=0.0776 path=0.0178 cap=0.000527 | Lg=+1.1537 | 15s | curv=+0.639 wide=+0.885 gfmed=0.140
 1780 hold m=8 hq=0.929 PASS | Dr=-0.231/+3.388 |Dr|max=3.388 Df=-0.356 | g r=0.102 f=0.160 p=0.867(0.004) max=3.668 | Ld=-0.1031 base=-0.164 r1=0.0215 path=0.0387 cap=0.00101 | Lg=+1.1723 | 15s | curv=+0.179 wide=+0.477 gfmed=0.090
 1790 hold m=8 hq=0.917 PASS | Dr=-0.399/+2.839 |Dr|max=2.839 Df=-0.528 | g r=0.130 f=0.182 p=0.873(0.004) max=3.376 | Ld=-0.0561 base=-0.0976 r1=0.0333 path=0.0068 cap=0.00137 | Lg=+1.1790 | 15s | curv=+0.596 wide=+0.838 gfmed=0.121
 1800 hold m=8 hq=0.931 PASS | Dr=-0.013/+2.282 |Dr|max=2.282 Df=-0.151 | g r=0.065 f=0.135 p=0.917(0.001) max=3.414 | Ld=-0.1280 base=-0.174 r1=0.0102 path=0.0358 cap=0.000338 | Lg=+1.2947 | 15s | curv=+0.239 wide=+0.428 gfmed=0.055
 1810 hold m=8 hq=0.926 PASS | Dr=+0.144/+2.158 |Dr|max=2.281 Df=+0.019 | g r=0.142 f=0.190 p=0.935(0.001) max=3.465 | Ld=-0.0739 base=-0.142 r1=0.0384 path=0.00246 cap=0.0275 | Lg=+1.2611 | 15s | curv=+0.143 wide=+0.415 gfmed=0.113
 1820 hold m=8 hq=0.939 PASS | Dr=-0.035/+3.285 |Dr|max=3.285 Df=-0.145 | g r=0.083 f=0.121 p=0.881(0.003) max=3.438 | Ld=-0.0987 base=-0.125 r1=0.0142 path=0.00928 cap=0.0027 | Lg=+1.1404 | 15s | curv=+0.239 wide=+0.551 gfmed=0.067
 1830 hold m=8 hq=0.946 PASS | Dr=+0.106/+3.022 |Dr|max=3.022 Df=+0.006 | g r=0.176 f=0.227 p=0.886(0.011) max=3.338 | Ld=-0.0053 base=-0.117 r1=0.0327 path=0.072 cap=0.00743 | Lg=+1.1426 | 15s | curv=+0.0408 wide=+0.31 gfmed=0.172
 1840 hold m=8 hq=0.942 PASS | Dr=-0.205/+2.917 |Dr|max=2.917 Df=-0.298 | g r=0.075 f=0.108 p=0.833(0.002) max=3.179 | Ld=-0.1235 base=-0.18 r1=0.0184 path=0.0233 cap=0.0148 | Lg=+1.0791 | 15s | curv=+0.0448 wide=+0.227 gfmed=0.056
 1850 hold m=8 hq=0.937 PASS | Dr=-0.070/+2.396 |Dr|max=2.396 Df=-0.174 | g r=0.082 f=0.124 p=0.824(0.002) max=3.243 | Ld=-0.0619 base=-0.102 r1=0.0167 path=0.0221 cap=0.00112 | Lg=+1.1345 | 16s | curv=+0.177 wide=+0.371 gfmed=0.061
 1860 hold m=8 hq=0.904 PASS | Dr=+0.140/+2.478 |Dr|max=2.478 Df=+0.025 | g r=0.133 f=0.177 p=0.974(0.005) max=3.423 | Ld=-0.1617 base=-0.205 r1=0.0222 path=0.0151 cap=0.00557 | Lg=+1.2779 | 16s | curv=+0.454 wide=+0.622 gfmed=0.092
 1870 hold m=8 hq=0.917 PASS | Dr=+0.143/+2.667 |Dr|max=2.667 Df=+0.028 | g r=0.146 f=0.291 p=0.965(0.003) max=3.880 | Ld=-0.1057 base=-0.129 r1=0.0216 path=0.00122 cap=0.000695 | Lg=+1.2099 | 16s | curv=+0.0579 wide=+0.324 gfmed=0.129
 1880 hold m=8 hq=0.955 PASS | Dr=-0.111/+3.020 |Dr|max=3.020 Df=-0.212 | g r=0.085 f=0.122 p=0.833(0.001) max=3.627 | Ld=-0.1017 base=-0.12 r1=0.0148 path=0.00343 cap=0.000396 | Lg=+1.1220 | 16s | curv=+0.195 wide=+0.479 gfmed=0.084
 1890 hold m=8 hq=0.934 PASS | Dr=+0.041/+3.285 |Dr|max=3.285 Df=-0.051 | g r=0.064 f=0.107 p=0.847(0.002) max=3.654 | Ld=-0.1230 base=-0.166 r1=0.0167 path=0.0235 cap=0.00231 | Lg=+1.1526 | 16s | curv=+0.369 wide=+0.613 gfmed=0.045
 1900 hold m=8 hq=0.953 PASS | Dr=+0.143/+2.153 |Dr|max=2.153 Df=+0.037 | g r=0.095 f=0.124 p=0.924(0.002) max=3.555 | Ld=-0.0692 base=-0.0971 r1=0.0201 path=0.00766 cap=8.31e-05 | Lg=+1.2239 | 16s | curv=+0.432 wide=+0.65 gfmed=0.096
 1910 hold m=8 hq=0.949 PASS | Dr=-0.008/+2.527 |Dr|max=2.527 Df=-0.102 | g r=0.079 f=0.109 p=0.836(0.001) max=3.393 | Ld=-0.0499 base=-0.0782 r1=0.0112 path=0.017 cap=0.000116 | Lg=+1.1225 | 16s | curv=+0.229 wide=+0.469 gfmed=0.057
 1920 hold m=8 hq=0.951 PASS | Dr=+0.151/+2.490 |Dr|max=2.490 Df=+0.064 | g r=0.056 f=0.090 p=0.784(0.001) max=3.395 | Ld=-0.0113 base=-0.0405 r1=0.0122 path=0.016 cap=0.00109 | Lg=+1.0351 | 16s | curv=+0.238 wide=+0.484 gfmed=0.049
 1930 hold m=8 hq=0.956 PASS | Dr=+0.062/+2.114 |Dr|max=2.114 Df=-0.035 | g r=0.118 f=0.149 p=0.947(0.002) max=3.348 | Ld=-0.0517 base=-0.103 r1=0.031 path=0.0169 cap=0.00385 | Lg=+1.2135 | 16s | curv=+0.11 wide=+0.361 gfmed=0.120
 1940 hold m=8 hq=0.961 PASS | Dr=-0.015/+2.840 |Dr|max=2.840 Df=-0.090 | g r=0.078 f=0.092 p=0.836(0.001) max=3.311 | Ld=-0.0535 base=-0.0821 r1=0.011 path=0.0162 cap=0.00149 | Lg=+1.0732 | 16s | curv=+0.177 wide=+0.427 gfmed=0.054
 1950 hold m=8 hq=0.938 PASS | Dr=+0.092/+2.212 |Dr|max=2.442 Df=-0.002 | g r=0.106 f=0.110 p=0.916(0.003) max=3.745 | Ld=-0.1046 base=-0.133 r1=0.0178 path=0.011 | Lg=+1.1874 | 16s | curv=+0.369 wide=+0.591 gfmed=0.084
 1960 hold m=8 hq=0.943 PASS | Dr=-0.086/+1.797 |Dr|max=2.800 Df=-0.191 | g r=0.079 f=0.119 p=0.966(0.004) max=3.607 | Ld=-0.1118 base=-0.143 r1=0.0178 path=0.0127 cap=0.000569 | Lg=+1.2949 | 16s | curv=+0.208 wide=+0.43 gfmed=0.082
 1970 hold m=8 hq=0.965 PASS | Dr=-0.170/+2.064 |Dr|max=2.852 Df=-0.281 | g r=0.072 f=0.086 p=0.965(0.001) max=3.515 | Ld=-0.0307 base=-0.0511 r1=0.00867 path=0.00978 cap=0.00191 | Lg=+1.3084 | 17s | curv=+0.106 wide=+0.33 gfmed=0.057
 1980 hold m=8 hq=0.962 PASS | Dr=-0.219/+2.210 |Dr|max=2.210 Df=-0.306 | g r=0.081 f=0.094 p=0.898(0.003) max=3.323 | Ld=-0.0679 base=-0.0895 r1=0.0176 path=0.00344 cap=0.000521 | Lg=+1.1060 | 17s | curv=+0.231 wide=+0.441 gfmed=0.057
 1990 hold m=8 hq=0.958 PASS | Dr=-0.026/+2.442 |Dr|max=2.442 Df=-0.094 | g r=0.104 f=0.136 p=0.778(0.003) max=3.221 | Ld=-0.0792 base=-0.122 r1=0.0212 path=0.0134 cap=0.00852 | Lg=+1.0275 | 17s | curv=+0.416 wide=+0.608 gfmed=0.083
 2000 hold m=8 hq=0.914 PASS | Dr=-0.126/+1.459 |Dr|max=2.532 Df=-0.221 | g r=0.080 f=0.144 p=0.880(0.003) max=3.316 | Ld=-0.0129 base=-0.0482 r1=0.0295 path=0.00486 cap=0.000991 | Lg=+1.2219 | 17s | curv=+0.272 wide=+0.485 gfmed=0.064
 2010 hold m=8 hq=0.962 PASS | Dr=+0.096/+2.063 |Dr|max=2.069 Df=+0.012 | g r=0.088 f=0.101 p=0.892(0.003) max=3.126 | Ld=-0.0337 base=-0.0654 r1=0.0122 path=0.00627 cap=0.0132 | Lg=+1.1211 | 17s | curv=+0.0594 wide=+0.242 gfmed=0.082
 2020 hold m=8 hq=0.953 PASS | Dr=-0.028/+1.954 |Dr|max=3.172 Df=-0.121 | g r=0.100 f=0.120 p=1.027(0.002) max=4.023 | Ld=-0.1316 base=-0.18 r1=0.00923 path=0.0377 cap=0.00157 | Lg=+1.3345 | 17s | curv=+0.176 wide=+0.36 gfmed=0.085
 2030 hold m=8 hq=0.970 PASS | Dr=+0.140/+2.145 |Dr|max=2.165 Df=+0.070 | g r=0.071 f=0.081 p=0.863(0.005) max=3.160 | Ld=-0.0501 base=-0.0789 r1=0.0174 path=0.0114 cap=3.16e-05 | Lg=+1.0808 | 17s | curv=+0.169 wide=+0.322 gfmed=0.061
 2040 hold m=8 hq=0.971 PASS | Dr=-0.279/+2.840 |Dr|max=2.840 Df=-0.336 | g r=0.071 f=0.086 p=0.822(0.005) max=3.438 | Ld=-0.0552 base=-0.072 r1=0.0147 path=0.0015 cap=0.000661 | Lg=+1.0491 | 17s | curv=+0.112 wide=+0.224 gfmed=0.058
 2050 hold m=8 hq=0.964 PASS | Dr=-0.387/+2.246 |Dr|max=2.492 Df=-0.457 | g r=0.094 f=0.107 p=0.824(0.003) max=3.303 | Ld=-0.0383 base=-0.0618 r1=0.0138 path=0.00821 cap=0.00141 | Lg=+1.0942 | 17s | curv=+0.171 wide=+0.305 gfmed=0.073
 2060 hold m=8 hq=0.973 PASS | Dr=-0.390/+1.737 |Dr|max=1.866 Df=-0.446 | g r=0.060 f=0.071 p=0.752(0.002) max=3.162 | Ld=+0.0052 base=-0.0408 r1=0.00814 path=0.0372 cap=0.000691 | Lg=+1.0190 | 17s | curv=+0.0556 wide=+0.242 gfmed=0.041
 2070 hold m=8 hq=0.959 PASS | Dr=-0.548/+2.646 |Dr|max=2.646 Df=-0.612 | g r=0.066 f=0.088 p=0.791(0.001) max=3.395 | Ld=-0.0272 base=-0.0663 r1=0.0073 path=0.0289 cap=0.00295 | Lg=+1.1426 | 17s | curv=+0.102 wide=+0.22 gfmed=0.045
 2080 hold m=8 hq=0.967 PASS | Dr=-0.489/+2.226 |Dr|max=2.229 Df=-0.554 | g r=0.091 f=0.099 p=0.828(0.002) max=3.137 | Ld=+0.0182 base=-0.0177 r1=0.00763 path=0.0252 cap=0.00308 | Lg=+1.0553 | 18s | curv=+0.258 wide=+0.351 gfmed=0.072
 2090 hold m=8 hq=0.888 fail | Dr=-0.461/+2.690 |Dr|max=3.693 Df=-0.554 | g r=0.136 f=0.161 p=1.040(0.002) max=3.762 | Ld=-0.0989 base=-0.128 r1=0.0247 path=0.00259 cap=0.00188 | Lg=+1.5490 | 18s | curv=+0.663 wide=+0.692 gfmed=0.123
 2100 hold m=8 hq=0.967 PASS | Dr=-0.528/+2.083 |Dr|max=2.083 Df=-0.571 | g r=0.114 f=0.126 p=0.804(0.001) max=3.066 | Ld=+0.0438 base=0.00937 r1=0.0149 path=0.0122 cap=0.00737 | Lg=+1.0796 | 18s | curv=+0.195 wide=+0.348 gfmed=0.077
 2110 hold m=8 hq=0.969 PASS | Dr=-0.494/+2.050 |Dr|max=2.050 Df=-0.546 | g r=0.087 f=0.103 p=0.717(0.000) max=2.951 | Ld=+0.0876 base=0.052 r1=0.0264 path=0.00766 cap=0.00153 | Lg=+1.0141 | 18s | curv=+0.358 wide=+0.515 gfmed=0.086
 2120 hold m=8 hq=0.963 PASS | Dr=-0.444/+2.475 |Dr|max=2.475 Df=-0.497 | g r=0.092 f=0.102 p=0.749(0.003) max=3.085 | Ld=-0.0073 base=-0.0393 r1=0.0197 path=0.0105 cap=0.00182 | Lg=+1.0603 | 18s | curv=+0.345 wide=+0.499 gfmed=0.064
 2130 hold m=8 hq=0.935 PASS | Dr=-0.482/+2.371 |Dr|max=2.805 Df=-0.552 | g r=0.118 f=0.122 p=0.966(0.002) max=3.555 | Ld=-0.1393 base=-0.191 r1=0.0316 path=0.0204 cap=2.39e-05 | Lg=+1.3656 | 18s | curv=+0.202 wide=+0.368 gfmed=0.105
 2140 hold m=8 hq=0.961 PASS | Dr=-0.598/+1.744 |Dr|max=2.445 Df=-0.660 | g r=0.065 f=0.087 p=0.806(0.001) max=3.339 | Ld=-0.0551 base=-0.0802 r1=0.00899 path=0.0125 cap=0.0036 | Lg=+1.1754 | 18s | curv=+0.0124 wide=+0.164 gfmed=0.049
 2150 hold m=8 hq=0.966 PASS | Dr=-0.618/+2.396 |Dr|max=2.453 Df=-0.687 | g r=0.069 f=0.081 p=0.835(0.002) max=3.419 | Ld=-0.0842 base=-0.0975 r1=0.00601 path=0.00713 cap=0.000176 | Lg=+1.1979 | 18s | curv=+0.321 wide=+0.462 gfmed=0.051
 2160 hold m=8 hq=0.923 PASS | Dr=-0.245/+1.941 |Dr|max=1.941 Df=-0.301 | g r=0.083 f=0.104 p=0.674(0.002) max=3.126 | Ld=+0.0324 base=-0.0341 r1=0.0321 path=0.0343 cap=0.000139 | Lg=+1.0063 | 18s | curv=+0.266 wide=+0.41 gfmed=0.065
 2170 hold m=8 hq=0.954 PASS | Dr=+0.123/+1.683 |Dr|max=2.069 Df=+0.059 | g r=0.071 f=0.085 p=0.743(0.002) max=3.212 | Ld=-0.0376 base=-0.0512 r1=0.00643 path=0.00668 cap=0.000592 | Lg=+1.1020 | 18s | curv=+0.25 wide=+0.38 gfmed=0.065
 2180 hold m=8 hq=0.963 PASS | Dr=+0.171/+2.131 |Dr|max=2.131 Df=+0.129 | g r=0.110 f=0.121 p=0.667(0.002) max=3.049 | Ld=+0.0572 base=0.0383 r1=0.0126 path=0.00437 cap=0.00199 | Lg=+0.9229 | 18s | curv=+0.348 wide=+0.463 gfmed=0.087
 2190 hold m=8 hq=0.956 PASS | Dr=+0.185/+1.832 |Dr|max=1.832 Df=+0.146 | g r=0.147 f=0.151 p=0.763(0.002) max=2.891 | Ld=+0.0206 base=-0.00297 r1=0.0178 path=0.00359 cap=0.00222 | Lg=+0.9950 | 18s | curv=+0.0688 wide=+0.201 gfmed=0.100
 2200 hold m=8 hq=0.953 PASS | Dr=+0.307/+1.466 |Dr|max=1.466 Df=+0.284 | g r=0.062 f=0.086 p=0.643(0.001) max=2.920 | Ld=+0.0233 base=0.0165 r1=0.0041 path=0.00274 cap=2.44e-05 | Lg=+0.8844 | 19s | curv=+0.0943 wide=+0.201 gfmed=0.043
 2210 hold m=5 hq=0.347 fail | Dr=-0.261/+1.291 |Dr|max=2.401 Df=-0.433 | g r=0.156 f=0.920 p=1.006(0.006) max=4.393 | Ld=+0.0108 base=-0.115 r1=0.0377 path=0.0875 cap=0.000531 | Lg=+1.2204 | 19s | curv=+1.33 wide=+1.56 gfmed=0.519
 2220 hold m=8 hq=0.428 fail | Dr=+0.232/+0.700 |Dr|max=0.700 Df=+0.085 | g r=0.161 f=0.791 p=1.015(0.005) max=3.876 | Ld=-0.2305 base=-0.339 r1=0.0473 path=0.0604 cap=0.000768 | Lg=+0.9773 | 19s | curv=+1.37 wide=+1.77 gfmed=0.618
 2230 hold m=5 hq=0.212 fail | Dr=+0.333/+1.289 |Dr|max=1.289 Df=-0.130 | g r=0.187 f=1.037 p=1.104(0.002) max=3.503 | Ld=-0.5412 base=-0.698 r1=0.0882 path=0.0121 cap=0.0567 | Lg=+1.2539 | 19s | curv=+1.55 wide=+2 gfmed=1.037
 2240 hold m=6 hq=0.214 fail | Dr=-0.257/+1.646 |Dr|max=1.646 Df=-0.902 | g r=0.204 f=1.018 p=1.254(0.005) max=4.073 | Ld=-0.5290 base=-0.637 r1=0.075 path=0.00231 cap=0.0304 | Lg=+1.2734 | 19s | curv=+2.15 wide=+2.78 gfmed=0.903
 2250 hold m=2 hq=0.042 fail | Dr=-0.568/+1.794 |Dr|max=2.449 Df=-1.330 | g r=0.218 f=1.338 p=1.252(0.005) max=3.973 | Ld=-0.6815 base=-0.83 r1=0.116 path=0.00141 cap=0.0315 | Lg=+1.6314 | 19s | curv=+1.77 wide=+2.44 gfmed=1.154
 2260 hold m=2 hq=0.023 fail | Dr=-0.382/+1.403 |Dr|max=1.909 Df=-1.111 | g r=0.227 f=1.634 p=1.401(0.014) max=3.960 | Ld=-0.4435 base=-0.579 r1=0.103 path=0.000365 cap=0.0321 | Lg=+1.2805 | 19s | curv=+1.97 wide=+2.7 gfmed=1.616
 2270 hold m=3 hq=0.014 fail | Dr=-0.038/+1.430 |Dr|max=1.430 Df=-0.776 | g r=0.213 f=1.707 p=1.447(0.004) max=3.729 | Ld=-0.4269 base=-0.506 r1=0.0769 path=0.00044 cap=0.00165 | Lg=+1.2091 | 19s | curv=+2.2 wide=+2.92 gfmed=1.862
 2280 hold m=4 hq=0.048 fail | Dr=+0.074/+0.785 |Dr|max=0.802 Df=-0.526 | g r=0.201 f=1.524 p=1.457(0.014) max=3.724 | Ld=-0.4540 base=-0.531 r1=0.068 path=0.000195 cap=0.00928 | Lg=+1.0745 | 19s | curv=+1.29 wide=+2.13 gfmed=1.683
 2290 hold m=7 hq=0.379 fail | Dr=-0.006/+0.807 |Dr|max=0.807 Df=-0.310 | g r=0.168 f=1.262 p=1.309(0.007) max=3.543 | Ld=-0.3240 base=-0.377 r1=0.0509 path=0.000264 cap=0.00165 | Lg=+0.9817 | 19s | curv=+1.36 wide=+2.13 gfmed=1.198
 2300 hold m=5 hq=0.403 fail | Dr=-0.132/+0.756 |Dr|max=0.889 Df=-0.369 | g r=0.283 f=1.154 p=1.310(0.008) max=3.678 | Ld=-0.1234 base=-0.215 r1=0.078 path=0.00162 cap=0.0122 | Lg=+0.8893 | 19s | curv=+2.18 wide=+2.76 gfmed=0.746
 2310 hold m=7 hq=0.687 fail | Dr=+0.382/+1.163 |Dr|max=1.163 Df=+0.246 | g r=0.104 f=0.623 p=1.058(0.003) max=3.463 | Ld=-0.0221 base=-0.0659 r1=0.0418 path=0.00122 cap=0.000757 | Lg=+0.8309 | 19s | curv=+0.819 wide=+1.44 gfmed=0.201
 2320 hold m=7 hq=0.727 fail | Dr=+0.287/+1.931 |Dr|max=1.931 Df=+0.050 | g r=0.178 f=0.630 p=1.154(0.011) max=3.819 | Ld=-0.2948 base=-0.346 r1=0.0457 path=0.00146 cap=0.00403 | Lg=+1.0868 | 20s | curv=+0.799 wide=+1.49 gfmed=0.215
 2330 hold m=8 hq=0.903 PASS | Dr=+0.275/+1.638 |Dr|max=1.638 Df=+0.251 | g r=0.081 f=0.205 p=0.887(0.002) max=3.243 | Ld=+0.0537 base=0.036 r1=0.0168 path=0.000905 | Lg=+0.8395 | 20s | curv=+0.35 wide=+0.871 gfmed=0.068
 2340 hold m=8 hq=0.920 PASS | Dr=+0.865/+2.906 |Dr|max=2.906 Df=+0.813 | g r=0.109 f=0.163 p=0.912(0.001) max=3.321 | Ld=-0.0246 base=-0.044 r1=0.0184 path=0.000612 cap=0.000371 | Lg=+1.1161 | 20s | curv=+0.0173 wide=+0.456 gfmed=0.114
 2350 hold m=8 hq=0.946 PASS | Dr=+0.533/+1.868 |Dr|max=1.868 Df=+0.504 | g r=0.081 f=0.117 p=0.759(0.001) max=2.928 | Ld=+0.0100 base=-0.000797 r1=0.00997 path=0.000797 | Lg=+0.8539 | 20s | curv=+0.386 wide=+0.708 gfmed=0.062
 2360 hold m=8 hq=0.948 PASS | Dr=+0.283/+2.344 |Dr|max=2.344 Df=+0.252 | g r=0.138 f=0.167 p=0.743(0.002) max=2.829 | Ld=+0.0283 base=0.00829 r1=0.0187 path=0.00133 cap=6.87e-07 | Lg=+0.9859 | 20s | curv=+0.642 wide=+0.816 gfmed=0.120
 2370 hold m=8 hq=0.953 PASS | Dr=+0.403/+2.414 |Dr|max=2.414 Df=+0.374 | g r=0.091 f=0.103 p=0.626(0.003) max=3.027 | Ld=+0.0832 base=0.0701 r1=0.00984 path=0.00253 cap=0.000725 | Lg=+0.9543 | 20s | curv=+0.157 wide=+0.314 gfmed=0.087
 2380 hold m=8 hq=0.958 PASS | Dr=+0.313/+2.718 |Dr|max=2.718 Df=+0.280 | g r=0.122 f=0.129 p=0.776(0.005) max=3.003 | Ld=+0.0144 base=-0.0129 r1=0.0248 path=0.00242 cap=1.07e-06 | Lg=+1.1447 | 20s | curv=-0.265 wide=-0.0212 gfmed=0.127
 2390 hold m=8 hq=0.957 PASS | Dr=+0.009/+2.048 |Dr|max=2.693 Df=-0.024 | g r=0.052 f=0.061 p=0.801(0.001) max=2.867 | Ld=-0.0387 base=-0.0461 r1=0.00563 path=0.00172 | Lg=+1.2437 | 20s | curv=+0.0494 wide=+0.233 gfmed=0.049
 2400 hold m=8 hq=0.959 PASS | Dr=+0.429/+2.882 |Dr|max=2.882 Df=+0.376 | g r=0.071 f=0.081 p=0.741(0.002) max=2.983 | Ld=-0.0130 base=-0.0245 r1=0.00932 path=0.00219 | Lg=+1.2205 | 20s | curv=+0.131 wide=+0.313 gfmed=0.064
# shift (1,0) after 2400; frozen copy on new target: m=0 hq=0.000
 2410 post m=4 hq=0.037 fail | Dr=+0.895/+1.610 |Dr|max=1.610 Df=+0.587 | g r=0.315 f=0.737 p=0.766(0.006) max=2.741 | Ld=+0.7038 base=-0.461 r1=0.143 path=1.02 cap=8.64e-05 | Lg=+1.0326 | 20s | curv=+1.21 wide=+1.33 gfmed=0.657
 2420 post m=6 hq=0.190 fail | Dr=+1.314/+1.954 |Dr|max=1.954 Df=+1.101 | g r=0.237 f=0.896 p=0.835(0.003) max=2.937 | Ld=+0.2727 base=-0.183 r1=0.0684 path=0.388 | Lg=+0.9009 | 20s | curv=+1.63 wide=+1.99 gfmed=0.865
 2430 post m=5 hq=0.111 fail | Dr=+1.546/+2.185 |Dr|max=2.185 Df=+1.300 | g r=0.218 f=1.110 p=0.875(0.010) max=3.495 | Ld=-0.1469 base=-0.249 r1=0.0749 path=0.0264 cap=0.000487 | Lg=+0.9028 | 21s | curv=+1.89 wide=+2.27 gfmed=1.064
 2440 post m=6 hq=0.336 fail | Dr=+1.314/+1.687 |Dr|max=1.687 Df=+1.171 | g r=0.158 f=0.870 p=0.798(0.005) max=2.562 | Ld=-0.0756 base=-0.123 r1=0.0462 path=0.00116 cap=6.5e-05 | Lg=+0.7959 | 21s | curv=+1.26 wide=+1.65 gfmed=0.733
 2450 post m=6 hq=0.510 fail | Dr=+1.232/+1.810 |Dr|max=1.810 Df=+1.095 | g r=0.147 f=0.671 p=0.798(0.003) max=2.883 | Ld=+0.0043 base=-0.0532 r1=0.0563 path=0.00108 | Lg=+0.7362 | 21s | curv=+0.779 wide=+1.26 gfmed=0.314
 2460 post m=8 hq=0.588 fail | Dr=+0.416/+1.793 |Dr|max=1.793 Df=+0.367 | g r=0.142 f=0.451 p=0.779(0.003) max=3.067 | Ld=-0.2470 base=-0.307 r1=0.0558 path=0.00408 cap=0.000527 | Lg=+1.2152 | 21s | curv=+0.361 wide=+0.898 gfmed=0.177
 2470 post m=5 hq=0.543 fail | Dr=+1.397/+2.162 |Dr|max=2.162 Df=+1.099 | g r=0.281 f=0.434 p=0.846(0.004) max=3.677 | Ld=+0.1662 base=-0.14 r1=0.0356 path=0.271 cap=1.91e-06 | Lg=+0.9486 | 21s | curv=+0.658 wide=+1.15 gfmed=0.238
 2480 post m=7 hq=0.454 fail | Dr=+1.204/+1.597 |Dr|max=1.597 Df=+1.045 | g r=0.150 f=1.047 p=0.948(0.004) max=3.249 | Ld=-0.0814 base=-0.147 r1=0.0597 path=0.00198 cap=0.00406 | Lg=+0.8102 | 21s | curv=+0.848 wide=+1.35 gfmed=0.710
 2490 post m=8 hq=0.531 fail | Dr=+0.930/+1.869 |Dr|max=1.869 Df=+0.799 | g r=0.176 f=0.755 p=0.838(0.001) max=3.460 | Ld=-0.1025 base=-0.181 r1=0.0589 path=0.00228 cap=0.0173 | Lg=+0.9211 | 21s | curv=+0.886 wide=+1.3 gfmed=0.361
 2500 post m=5 hq=0.499 fail | Dr=+0.707/+1.120 |Dr|max=1.120 Df=+0.448 | g r=0.173 f=0.531 p=0.889(0.005) max=2.941 | Ld=+0.0167 base=-0.0744 r1=0.0864 path=0.000933 cap=0.00372 | Lg=+0.7874 | 21s | curv=+1.3 wide=+1.69 gfmed=0.351
 2510 post m=7 hq=0.569 fail | Dr=+1.046/+1.527 |Dr|max=1.527 Df=+0.853 | g r=0.153 f=0.538 p=0.860(0.001) max=3.219 | Ld=-0.0729 base=-0.147 r1=0.0671 path=0.00226 cap=0.00456 | Lg=+0.8335 | 21s | curv=+0.568 wide=+1.06 gfmed=0.255
 2520 post m=4 hq=0.424 fail | Dr=+0.876/+1.430 |Dr|max=1.430 Df=+0.492 | g r=0.141 f=0.497 p=0.814(0.007) max=3.078 | Ld=-0.0646 base=-0.0881 r1=0.0216 path=0.00178 cap=0.000205 | Lg=+0.7875 | 21s | curv=+0.857 wide=+1.24 gfmed=0.321
 2530 post m=7 hq=0.738 fail | Dr=+1.050/+2.238 |Dr|max=2.238 Df=+0.986 | g r=0.154 f=0.515 p=0.842(0.003) max=2.954 | Ld=+0.0277 base=-0.0262 r1=0.0478 path=0.00141 cap=0.00475 | Lg=+0.8624 | 21s | curv=+0.615 wide=+1.01 gfmed=0.155
 2540 post m=8 hq=0.928 PASS | Dr=+0.816/+1.762 |Dr|max=1.762 Df=+0.789 | g r=0.175 f=0.241 p=0.854(0.005) max=3.633 | Ld=+0.0712 base=-0.00325 r1=0.038 path=0.00142 cap=0.035 | Lg=+0.7993 | 21s | curv=+0.973 wide=+1.22 gfmed=0.179
 2550 post m=8 hq=0.958 PASS | Dr=+0.480/+1.817 |Dr|max=1.817 Df=+0.451 | g r=0.104 f=0.109 p=0.724(0.004) max=2.857 | Ld=+0.0466 base=0.0296 r1=0.0158 path=0.00121 cap=6.07e-05 | Lg=+0.8535 | 21s | curv=+0.447 wide=+0.767 gfmed=0.072
 2560 post m=8 hq=0.967 PASS | Dr=+0.421/+1.793 |Dr|max=1.793 Df=+0.409 | g r=0.112 f=0.105 p=0.645(0.001) max=2.683 | Ld=+0.0253 base=0.00759 r1=0.0152 path=0.00252 cap=1.04e-05 | Lg=+0.7931 | 22s | curv=+0.489 wide=+0.688 gfmed=0.081
 2570 post m=8 hq=0.966 PASS | Dr=+0.173/+1.754 |Dr|max=1.754 Df=+0.157 | g r=0.091 f=0.088 p=0.597(0.004) max=2.449 | Ld=+0.0279 base=0.0113 r1=0.012 path=0.00455 | Lg=+0.8419 | 22s | curv=+0.174 wide=+0.355 gfmed=0.079
 2580 post m=8 hq=0.977 PASS | Dr=+0.074/+1.228 |Dr|max=1.228 Df=+0.053 | g r=0.064 f=0.062 p=0.561(0.001) max=2.259 | Ld=+0.0007 base=-0.00685 r1=0.00665 path=0.00093 | Lg=+0.8383 | 22s | curv=+0.17 wide=+0.349 gfmed=0.047
 2590 post m=8 hq=0.970 PASS | Dr=+0.013/+0.867 |Dr|max=1.258 Df=-0.015 | g r=0.054 f=0.055 p=0.511(0.000) max=2.490 | Ld=-0.0123 base=-0.02 r1=0.00461 path=0.003 | Lg=+0.8394 | 22s | curv=+0.167 wide=+0.33 gfmed=0.044
 2600 post m=8 hq=0.943 PASS | Dr=-0.343/+1.432 |Dr|max=2.444 Df=-0.336 | g r=0.131 f=0.125 p=0.774(0.007) max=3.456 | Ld=-0.0233 base=-0.0326 r1=0.00813 path=0.00119 | Lg=+1.0944 | 22s | curv=+0.209 wide=+0.212 gfmed=0.117
 2610 post m=8 hq=0.978 PASS | Dr=+0.017/+1.062 |Dr|max=1.152 Df=+0.027 | g r=0.044 f=0.047 p=0.484(0.002) max=2.201 | Ld=-0.0035 base=-0.0082 r1=0.00271 path=0.00198 | Lg=+0.8055 | 22s | curv=+0.0756 wide=+0.174 gfmed=0.033
 2620 post m=8 hq=0.981 PASS | Dr=-0.016/+0.956 |Dr|max=1.560 Df=-0.014 | g r=0.087 f=0.083 p=0.527(0.002) max=2.518 | Ld=-0.0029 base=-0.00899 r1=0.00523 path=0.000852 | Lg=+0.8651 | 22s | curv=+0.0386 wide=+0.0999 gfmed=0.077
 2630 post m=8 hq=0.982 PASS | Dr=-0.407/+1.335 |Dr|max=1.679 Df=-0.429 | g r=0.122 f=0.127 p=0.622(0.001) max=2.509 | Ld=+0.0592 base=0.0341 r1=0.022 path=0.00307 cap=3.36e-05 | Lg=+1.0013 | 22s | curv=-0.335 wide=-0.178 gfmed=0.120
 2640 post m=8 hq=0.982 PASS | Dr=+0.154/+1.480 |Dr|max=1.480 Df=+0.136 | g r=0.034 f=0.034 p=0.420(0.000) max=1.875 | Ld=-0.0025 base=-0.00681 r1=0.00207 path=0.00227 | Lg=+0.8503 | 22s | curv=+0.0342 wide=+0.149 gfmed=0.030
 2650 post m=8 hq=0.976 PASS | Dr=+0.145/+1.314 |Dr|max=1.314 Df=+0.127 | g r=0.040 f=0.043 p=0.369(0.001) max=1.796 | Ld=+0.0233 base=0.0156 r1=0.00642 path=0.00131 | Lg=+0.7955 | 22s | curv=+0.0277 wide=+0.131 gfmed=0.034
 2660 post m=8 hq=0.981 PASS | Dr=+0.565/+1.588 |Dr|max=1.588 Df=+0.551 | g r=0.038 f=0.042 p=0.351(0.001) max=1.614 | Ld=-0.0139 base=-0.0174 r1=0.00139 path=0.0021 | Lg=+0.7838 | 22s | curv=+0.0258 wide=+0.153 gfmed=0.033
 2670 post m=8 hq=0.979 PASS | Dr=+0.600/+2.399 |Dr|max=2.399 Df=+0.562 | g r=0.046 f=0.047 p=0.580(0.001) max=2.477 | Ld=-0.0381 base=-0.0455 r1=0.0033 path=0.00409 | Lg=+1.0954 | 22s | curv=+0.0181 wide=+0.151 gfmed=0.038
 2680 post m=8 hq=0.974 PASS | Dr=-0.003/+0.961 |Dr|max=0.961 Df=-0.022 | g r=0.035 f=0.037 p=0.355(0.001) max=1.629 | Ld=+0.0244 base=0.0131 r1=0.00606 path=0.00526 | Lg=+0.7978 | 22s | curv=+0.0227 wide=+0.106 gfmed=0.030
 2690 post m=8 hq=0.965 PASS | Dr=+0.017/+2.003 |Dr|max=2.032 Df=-0.021 | g r=0.109 f=0.116 p=0.585(0.002) max=2.538 | Ld=-0.0169 base=-0.0436 r1=0.0245 path=0.00224 | Lg=+1.0851 | 23s | curv=-0.28 wide=-0.159 gfmed=0.104
 2700 post m=8 hq=0.977 PASS | Dr=+0.019/+1.089 |Dr|max=1.089 Df=+0.009 | g r=0.038 f=0.040 p=0.417(0.001) max=1.974 | Ld=+0.0068 base=0.0021 r1=0.00243 path=0.00225 | Lg=+0.7906 | 23s | curv=+0.155 wide=+0.225 gfmed=0.030
 2710 post m=8 hq=0.978 PASS | Dr=+0.351/+2.323 |Dr|max=2.323 Df=+0.316 | g r=0.080 f=0.076 p=0.522(0.000) max=2.608 | Ld=+0.0055 base=-0.00961 r1=0.0133 path=0.00176 | Lg=+0.9822 | 23s | curv=+0.134 wide=+0.214 gfmed=0.054
 2720 post m=8 hq=0.968 PASS | Dr=+0.299/+2.176 |Dr|max=2.176 Df=+0.264 | g r=0.037 f=0.040 p=0.502(0.000) max=2.342 | Ld=+0.0225 base=0.0133 r1=0.00407 path=0.00514 | Lg=+0.9987 | 23s | curv=+0.157 wide=+0.264 gfmed=0.029
 2730 post m=8 hq=0.967 PASS | Dr=+0.324/+1.312 |Dr|max=1.312 Df=+0.303 | g r=0.047 f=0.051 p=0.436(0.001) max=1.976 | Ld=+0.0115 base=0.000916 r1=0.00531 path=0.00524 | Lg=+0.8308 | 23s | curv=+0.2 wide=+0.333 gfmed=0.038
 2740 post m=8 hq=0.976 PASS | Dr=+0.537/+2.309 |Dr|max=2.309 Df=+0.508 | g r=0.036 f=0.034 p=0.474(0.001) max=2.113 | Ld=-0.0067 base=-0.0123 r1=0.00351 path=0.00205 | Lg=+0.9229 | 23s | curv=+0.0164 wide=+0.159 gfmed=0.025
 2750 post m=8 hq=0.979 PASS | Dr=+0.138/+0.888 |Dr|max=0.888 Df=+0.128 | g r=0.039 f=0.037 p=0.320(0.001) max=1.241 | Ld=+0.0810 base=0.0725 r1=0.00542 path=0.00308 | Lg=+0.7246 | 23s | curv=+0.0783 wide=+0.188 gfmed=0.030
 2760 post m=8 hq=0.981 PASS | Dr=+0.759/+2.576 |Dr|max=2.576 Df=+0.730 | g r=0.038 f=0.039 p=0.485(0.002) max=2.201 | Ld=-0.0018 base=-0.00825 r1=0.00175 path=0.00473 | Lg=+0.9535 | 23s | curv=+0.103 wide=+0.231 gfmed=0.028
 2770 post m=8 hq=0.979 PASS | Dr=+0.491/+2.599 |Dr|max=2.599 Df=+0.451 | g r=0.044 f=0.046 p=0.575(0.002) max=2.457 | Ld=-0.0111 base=-0.0168 r1=0.00272 path=0.00304 | Lg=+1.0661 | 23s | curv=+0.195 wide=+0.288 gfmed=0.038
 2780 post m=8 hq=0.979 PASS | Dr=+0.565/+2.379 |Dr|max=2.379 Df=+0.532 | g r=0.058 f=0.059 p=0.515(0.001) max=2.220 | Ld=+0.0306 base=0.022 r1=0.00633 path=0.00234 | Lg=+0.9616 | 23s | curv=+0.00664 wide=+0.135 gfmed=0.043
 2790 post m=8 hq=0.975 PASS | Dr=+0.356/+1.999 |Dr|max=1.999 Df=+0.329 | g r=0.058 f=0.057 p=0.461(0.001) max=1.933 | Ld=+0.0722 base=0.0534 r1=0.0103 path=0.00849 | Lg=+0.9142 | 23s | curv=+0.147 wide=+0.242 gfmed=0.049
 2800 post m=8 hq=0.975 PASS | Dr=+0.655/+3.029 |Dr|max=3.029 Df=+0.613 | g r=0.047 f=0.047 p=0.616(0.001) max=2.625 | Ld=+0.0342 base=0.0278 r1=0.004 path=0.00239 | Lg=+1.1453 | 23s | curv=-0.0111 wide=+0.135 gfmed=0.039
 2810 post m=8 hq=0.979 PASS | Dr=+0.514/+1.846 |Dr|max=1.846 Df=+0.496 | g r=0.036 f=0.034 p=0.422(0.001) max=1.970 | Ld=+0.0531 base=0.0492 r1=0.00256 path=0.00133 | Lg=+0.8207 | 24s | curv=+0.143 wide=+0.27 gfmed=0.026
 2820 post m=8 hq=0.985 PASS | Dr=+0.872/+2.863 |Dr|max=2.863 Df=+0.841 | g r=0.094 f=0.089 p=0.557(0.001) max=2.346 | Ld=+0.0111 base=-0.00102 r1=0.00915 path=0.00293 | Lg=+0.9979 | 24s | curv=-0.066 wide=+0.0843 gfmed=0.074
 2830 post m=8 hq=0.970 PASS | Dr=+0.342/+3.009 |Dr|max=3.009 Df=+0.300 | g r=0.154 f=0.146 p=0.708(0.008) max=2.710 | Ld=+0.0204 base=-0.0173 r1=0.0292 path=0.00853 | Lg=+1.2054 | 24s | curv=+0.621 wide=+0.679 gfmed=0.123
 2840 post m=8 hq=0.984 PASS | Dr=+0.723/+2.766 |Dr|max=2.766 Df=+0.690 | g r=0.039 f=0.039 p=0.550(0.001) max=2.628 | Ld=+0.0030 base=-0.00481 r1=0.00332 path=0.00445 | Lg=+1.0048 | 24s | curv=+0.0831 wide=+0.213 gfmed=0.033
 2850 post m=8 hq=0.980 PASS | Dr=+0.627/+2.654 |Dr|max=2.654 Df=+0.592 | g r=0.087 f=0.083 p=0.591(0.005) max=2.536 | Ld=-0.0072 base=-0.018 r1=0.00708 path=0.00365 | Lg=+1.0209 | 24s | curv=+0.332 wide=+0.433 gfmed=0.075
 2860 post m=8 hq=0.982 PASS | Dr=+0.362/+1.709 |Dr|max=1.709 Df=+0.335 | g r=0.064 f=0.064 p=0.518(0.004) max=2.812 | Ld=-0.0026 base=-0.00885 r1=0.00349 path=0.0028 | Lg=+0.9258 | 24s | curv=+0.105 wide=+0.175 gfmed=0.059
 2870 post m=8 hq=0.986 PASS | Dr=+0.323/+1.260 |Dr|max=1.260 Df=+0.307 | g r=0.032 f=0.032 p=0.417(0.000) max=2.298 | Ld=-0.0169 base=-0.0223 r1=0.0039 path=0.00146 | Lg=+0.8167 | 24s | curv=+0.0313 wide=+0.119 gfmed=0.023
 2880 post m=8 hq=0.986 PASS | Dr=+0.357/+0.762 |Dr|max=0.762 Df=+0.360 | g r=0.035 f=0.036 p=0.304(0.002) max=1.592 | Ld=+0.0045 base=0.00253 r1=0.00142 path=0.000586 | Lg=+0.7189 | 24s | curv=+0.0168 wide=+0.069 gfmed=0.030
 2890 post m=8 hq=0.982 PASS | Dr=+0.437/+1.840 |Dr|max=1.840 Df=+0.409 | g r=0.035 f=0.035 p=0.500(0.002) max=2.727 | Ld=-0.0460 base=-0.0487 r1=0.00181 path=0.000927 | Lg=+0.9964 | 24s | curv=+0.0506 wide=+0.138 gfmed=0.026
 2900 post m=8 hq=0.980 PASS | Dr=+0.457/+1.700 |Dr|max=1.700 Df=+0.446 | g r=0.025 f=0.027 p=0.390(0.001) max=2.189 | Ld=-0.0105 base=-0.0146 r1=0.00128 path=0.0028 | Lg=+0.8293 | 24s | curv=+0.00473 wide=+0.0787 gfmed=0.017
 2910 post m=8 hq=0.985 PASS | Dr=+0.237/+0.737 |Dr|max=0.737 Df=+0.235 | g r=0.031 f=0.034 p=0.280(0.001) max=1.234 | Ld=+0.0192 base=0.0177 r1=0.000955 path=0.00056 | Lg=+0.7078 | 24s | curv=+0.0845 wide=+0.14 gfmed=0.025
 2920 post m=8 hq=0.985 PASS | Dr=+0.219/+1.015 |Dr|max=1.015 Df=+0.229 | g r=0.029 f=0.028 p=0.352(0.000) max=1.847 | Ld=-0.0193 base=-0.0219 r1=0.00164 path=0.000938 | Lg=+0.7876 | 24s | curv=+0.0456 wide=+0.0915 gfmed=0.019
 2930 post m=8 hq=0.987 PASS | Dr=+0.465/+1.660 |Dr|max=1.660 Df=+0.449 | g r=0.043 f=0.043 p=0.340(0.001) max=1.605 | Ld=+0.0103 base=0.00545 r1=0.00241 path=0.00248 | Lg=+0.8221 | 25s | curv=+0.0276 wide=+0.107 gfmed=0.030
 2940 post m=8 hq=0.988 PASS | Dr=+0.298/+1.087 |Dr|max=1.087 Df=+0.290 | g r=0.031 f=0.030 p=0.264(0.001) max=1.280 | Ld=+0.0239 base=0.0199 r1=0.00158 path=0.00243 | Lg=+0.7338 | 25s | curv=+0.0408 wide=+0.0846 gfmed=0.028
 2950 post m=8 hq=0.987 PASS | Dr=+0.165/+0.876 |Dr|max=0.876 Df=+0.155 | g r=0.024 f=0.023 p=0.293(0.001) max=1.276 | Ld=+0.0090 base=0.00514 r1=0.00144 path=0.00242 | Lg=+0.7570 | 25s | curv=+0.0966 wide=+0.123 gfmed=0.021
 2960 post m=8 hq=0.983 PASS | Dr=-0.055/+1.431 |Dr|max=1.464 Df=-0.059 | g r=0.127 f=0.128 p=0.494(0.004) max=2.137 | Ld=-0.0021 base=-0.0143 r1=0.0108 path=0.00142 | Lg=+0.9024 | 25s | curv=-0.0854 wide=-0.0127 gfmed=0.105
 2970 post m=8 hq=0.989 PASS | Dr=+0.128/+0.584 |Dr|max=0.584 Df=+0.124 | g r=0.018 f=0.017 p=0.168(0.001) max=1.005 | Ld=+0.0089 base=0.0072 r1=0.0011 path=0.000646 | Lg=+0.7056 | 25s | curv=+0.0664 wide=+0.105 gfmed=0.014
 2980 post m=8 hq=0.989 PASS | Dr=+0.505/+1.842 |Dr|max=1.842 Df=+0.484 | g r=0.033 f=0.030 p=0.379(0.001) max=1.743 | Ld=-0.0317 base=-0.0344 r1=0.00132 path=0.00133 | Lg=+0.8391 | 25s | curv=+0.157 wide=+0.205 gfmed=0.025
 2990 post m=8 hq=0.989 PASS | Dr=+0.201/+1.240 |Dr|max=1.240 Df=+0.186 | g r=0.024 f=0.022 p=0.342(0.001) max=1.529 | Ld=-0.0107 base=-0.0125 r1=0.000986 path=0.000786 | Lg=+0.8159 | 25s | curv=-0.0233 wide=+0.0368 gfmed=0.019
 3000 post m=8 hq=0.988 PASS | Dr=+0.257/+1.867 |Dr|max=1.867 Df=+0.224 | g r=0.027 f=0.025 p=0.522(0.001) max=2.204 | Ld=+0.0304 base=0.0224 r1=0.00194 path=0.00604 | Lg=+0.9498 | 25s | curv=+0.0394 wide=+0.129 gfmed=0.022
 3010 post m=8 hq=0.982 PASS | Dr=+0.289/+2.150 |Dr|max=2.150 Df=+0.251 | g r=0.084 f=0.089 p=0.574(0.004) max=2.333 | Ld=-0.0242 base=-0.0294 r1=0.00343 path=0.00181 | Lg=+1.0317 | 25s | curv=-0.259 wide=-0.139 gfmed=0.082
 3020 post m=8 hq=0.979 PASS | Dr=+0.330/+2.676 |Dr|max=2.676 Df=+0.280 | g r=0.117 f=0.119 p=0.753(0.004) max=2.824 | Ld=+0.0002 base=-0.00974 r1=0.00626 path=0.00292 cap=0.000763 | Lg=+1.1809 | 25s | curv=+0.274 wide=+0.371 gfmed=0.106
 3030 post m=8 hq=0.986 PASS | Dr=+0.368/+2.645 |Dr|max=2.645 Df=+0.327 | g r=0.112 f=0.110 p=0.729(0.003) max=2.986 | Ld=-0.0189 base=-0.0351 r1=0.00486 path=0.0113 | Lg=+1.1905 | 25s | curv=+0.37 wide=+0.467 gfmed=0.106
 3040 post m=8 hq=0.974 PASS | Dr=+0.337/+2.944 |Dr|max=2.944 Df=+0.288 | g r=0.047 f=0.046 p=0.703(0.002) max=2.808 | Ld=+0.0035 base=-0.00473 r1=0.00481 path=0.00341 | Lg=+1.1974 | 25s | curv=+0.16 wide=+0.293 gfmed=0.037
 3050 post m=8 hq=0.989 PASS | Dr=+0.349/+2.503 |Dr|max=2.503 Df=+0.308 | g r=0.044 f=0.044 p=0.598(0.002) max=2.565 | Ld=+0.0189 base=0.0104 r1=0.00262 path=0.0059 | Lg=+1.0778 | 26s | curv=+0.0956 wide=+0.211 gfmed=0.035
 3060 post m=8 hq=0.990 PASS | Dr=+0.247/+1.719 |Dr|max=1.719 Df=+0.223 | g r=0.039 f=0.037 p=0.421(0.001) max=1.899 | Ld=+0.0010 base=-0.00792 r1=0.00226 path=0.00668 | Lg=+0.8717 | 26s | curv=+0.0886 wide=+0.199 gfmed=0.033
 3070 post m=8 hq=0.992 PASS | Dr=+0.295/+1.220 |Dr|max=1.220 Df=+0.298 | g r=0.034 f=0.031 p=0.420(0.001) max=1.932 | Ld=-0.0071 base=-0.0114 r1=0.00141 path=0.0029 | Lg=+0.8083 | 26s | curv=+0.053 wide=+0.133 gfmed=0.026
 3080 post m=8 hq=0.990 PASS | Dr=+0.367/+1.216 |Dr|max=1.216 Df=+0.365 | g r=0.032 f=0.032 p=0.368(0.000) max=1.623 | Ld=+0.0205 base=0.0168 r1=0.00217 path=0.00153 | Lg=+0.7491 | 26s | curv=+0.0563 wide=+0.154 gfmed=0.025
 3090 post m=8 hq=0.992 PASS | Dr=+0.323/+1.517 |Dr|max=1.517 Df=+0.306 | g r=0.024 f=0.023 p=0.360(0.000) max=1.707 | Ld=-0.0156 base=-0.0194 r1=0.00141 path=0.00235 | Lg=+0.8101 | 26s | curv=+0.00583 wide=+0.107 gfmed=0.018
 3100 post m=8 hq=0.991 PASS | Dr=+0.187/+1.152 |Dr|max=1.152 Df=+0.177 | g r=0.034 f=0.031 p=0.291(0.001) max=1.610 | Ld=+0.0218 base=0.0135 r1=0.0054 path=0.00286 | Lg=+0.7577 | 26s | curv=+0.0864 wide=+0.163 gfmed=0.026
 3110 post m=8 hq=0.990 PASS | Dr=+0.449/+2.059 |Dr|max=2.059 Df=+0.421 | g r=0.058 f=0.057 p=0.478(0.003) max=2.509 | Ld=+0.0010 base=-0.0102 r1=0.00723 path=0.00391 | Lg=+0.9442 | 26s | curv=-0.0545 wide=+0.0509 gfmed=0.050
 3120 post m=8 hq=0.989 PASS | Dr=+0.493/+2.148 |Dr|max=2.148 Df=+0.462 | g r=0.031 f=0.027 p=0.466(0.000) max=1.904 | Ld=-0.0040 base=-0.00678 r1=0.00127 path=0.00153 | Lg=+0.9562 | 26s | curv=+0.0132 wide=+0.104 gfmed=0.024
 3130 post m=8 hq=0.971 PASS | Dr=+1.100/+2.976 |Dr|max=2.976 Df=+1.062 | g r=0.117 f=0.103 p=0.630(0.003) max=2.458 | Ld=-0.0016 base=-0.0466 r1=0.0234 path=0.0216 | Lg=+1.0738 | 26s | curv=+0.55 wide=+0.628 gfmed=0.091
 3140 post m=8 hq=0.990 PASS | Dr=+0.480/+2.648 |Dr|max=2.648 Df=+0.435 | g r=0.041 f=0.037 p=0.640(0.002) max=2.519 | Ld=-0.0322 base=-0.0367 r1=0.00331 path=0.00121 | Lg=+1.1321 | 26s | curv=+0.0734 wide=+0.195 gfmed=0.032
 3150 post m=8 hq=0.989 PASS | Dr=+0.590/+2.722 |Dr|max=2.722 Df=+0.547 | g r=0.048 f=0.042 p=0.655(0.001) max=2.636 | Ld=-0.0452 base=-0.0521 r1=0.00296 path=0.00395 | Lg=+1.1067 | 26s | curv=+0.143 wide=+0.283 gfmed=0.039
 3160 post m=8 hq=0.991 PASS | Dr=+0.645/+2.374 |Dr|max=2.374 Df=+0.615 | g r=0.031 f=0.028 p=0.500(0.000) max=2.109 | Ld=-0.0054 base=-0.00896 r1=0.00199 path=0.00159 | Lg=+0.9552 | 27s | curv=+0.0299 wide=+0.142 gfmed=0.025
 3170 post m=8 hq=0.990 PASS | Dr=+0.572/+2.126 |Dr|max=2.126 Df=+0.544 | g r=0.028 f=0.026 p=0.468(0.001) max=2.029 | Ld=-0.0286 base=-0.0355 r1=0.00151 path=0.00534 | Lg=+0.9081 | 27s | curv=+0.0728 wide=+0.15 gfmed=0.023
 3180 post m=8 hq=0.990 PASS | Dr=+0.506/+1.211 |Dr|max=1.211 Df=+0.506 | g r=0.036 f=0.037 p=0.400(0.001) max=2.126 | Ld=+0.0249 base=0.0222 r1=0.00163 path=0.00106 | Lg=+0.7398 | 27s | curv=+0.0885 wide=+0.132 gfmed=0.031
 3190 post m=8 hq=0.989 PASS | Dr=+0.488/+1.710 |Dr|max=1.710 Df=+0.468 | g r=0.049 f=0.051 p=0.417(0.001) max=1.811 | Ld=+0.0040 base=-0.00173 r1=0.00416 path=0.00154 | Lg=+0.8155 | 27s | curv=-0.114 wide=-0.0092 gfmed=0.041
 3200 post m=8 hq=0.981 PASS | Dr=+0.717/+2.808 |Dr|max=2.808 Df=+0.684 | g r=0.066 f=0.063 p=0.574(0.000) max=2.845 | Ld=-0.0245 base=-0.0377 r1=0.00974 path=0.00346 | Lg=+1.0602 | 27s | curv=-0.0178 wide=+0.0701 gfmed=0.055
 3210 post m=8 hq=0.986 PASS | Dr=+0.755/+2.820 |Dr|max=2.820 Df=+0.720 | g r=0.069 f=0.067 p=0.603(0.001) max=2.709 | Ld=-0.0044 base=-0.0094 r1=0.00368 path=0.0013 | Lg=+1.0407 | 27s | curv=-0.115 wide=-0.00159 gfmed=0.062
 3220 post m=8 hq=0.991 PASS | Dr=+0.308/+1.746 |Dr|max=1.746 Df=+0.288 | g r=0.024 f=0.021 p=0.412(0.001) max=1.994 | Ld=-0.0061 base=-0.0081 r1=0.00123 path=0.000789 | Lg=+0.8445 | 27s | curv=+0.0317 wide=+0.118 gfmed=0.018
 3230 post m=8 hq=0.981 PASS | Dr=+0.595/+1.995 |Dr|max=1.995 Df=+0.570 | g r=0.046 f=0.045 p=0.482(0.002) max=2.273 | Ld=-0.0139 base=-0.0203 r1=0.00438 path=0.00205 | Lg=+0.8633 | 27s | curv=+0.187 wide=+0.237 gfmed=0.041
 3240 post m=8 hq=0.992 PASS | Dr=+0.330/+1.339 |Dr|max=1.339 Df=+0.324 | g r=0.025 f=0.021 p=0.366(0.000) max=2.026 | Ld=-0.0185 base=-0.0218 r1=0.00171 path=0.00158 | Lg=+0.7540 | 27s | curv=+0.0682 wide=+0.152 gfmed=0.017
 3250 post m=8 hq=0.991 PASS | Dr=+0.324/+0.983 |Dr|max=0.983 Df=+0.327 | g r=0.037 f=0.038 p=0.313(0.002) max=2.197 | Ld=+0.0138 base=0.00859 r1=0.00327 path=0.00191 | Lg=+0.7367 | 27s | curv=-0.0242 wide=+0.0483 gfmed=0.031
 3260 post m=8 hq=0.994 PASS | Dr=+0.398/+0.870 |Dr|max=0.870 Df=+0.400 | g r=0.045 f=0.044 p=0.309(0.000) max=1.671 | Ld=+0.0167 base=0.0116 r1=0.00394 path=0.0012 | Lg=+0.7253 | 27s | curv=-0.00817 wide=+0.0318 gfmed=0.031
 3270 post m=8 hq=0.992 PASS | Dr=+0.042/+0.583 |Dr|max=1.023 Df=+0.057 | g r=0.028 f=0.027 p=0.311(0.001) max=2.174 | Ld=-0.0242 base=-0.0251 r1=0.000408 path=0.000474 | Lg=+0.7567 | 27s | curv=+0.033 wide=+0.0767 gfmed=0.023
 3280 post m=8 hq=0.992 PASS | Dr=+0.182/+0.848 |Dr|max=0.848 Df=+0.180 | g r=0.045 f=0.042 p=0.286(0.001) max=2.128 | Ld=+0.0086 base=0.00383 r1=0.0033 path=0.00147 | Lg=+0.7516 | 27s | curv=+0.0448 wide=+0.115 gfmed=0.033
 3290 post m=8 hq=0.993 PASS | Dr=+0.222/+1.010 |Dr|max=1.010 Df=+0.211 | g r=0.039 f=0.037 p=0.319(0.002) max=2.098 | Ld=+0.0170 base=0.0152 r1=0.00139 path=0.0004 | Lg=+0.7820 | 28s | curv=+0.0643 wide=+0.134 gfmed=0.035
 3300 post m=8 hq=0.992 PASS | Dr=+0.509/+1.564 |Dr|max=1.564 Df=+0.498 | g r=0.025 f=0.024 p=0.346(0.000) max=2.438 | Ld=+0.0052 base=-0.000981 r1=0.00253 path=0.00369 | Lg=+0.8106 | 28s | curv=+0.0291 wide=+0.106 gfmed=0.022
 3310 post m=8 hq=0.993 PASS | Dr=+0.411/+1.415 |Dr|max=1.415 Df=+0.403 | g r=0.035 f=0.032 p=0.324(0.001) max=2.518 | Ld=-0.0006 base=-0.00273 r1=0.00111 path=0.000981 | Lg=+0.7981 | 28s | curv=+0.0384 wide=+0.111 gfmed=0.027
 3320 post m=8 hq=0.993 PASS | Dr=+0.499/+1.844 |Dr|max=1.844 Df=+0.482 | g r=0.031 f=0.029 p=0.365(0.001) max=2.272 | Ld=+0.0057 base=0.00259 r1=0.00201 path=0.00106 | Lg=+0.8106 | 28s | curv=-0.0141 wide=+0.0641 gfmed=0.024
 3330 post m=8 hq=0.991 PASS | Dr=+0.223/+0.950 |Dr|max=0.950 Df=+0.219 | g r=0.021 f=0.019 p=0.269(0.001) max=1.812 | Ld=+0.0135 base=0.0121 r1=0.000835 path=0.000542 | Lg=+0.7163 | 28s | curv=-0.002 wide=+0.0402 gfmed=0.017
 3340 post m=8 hq=0.993 PASS | Dr=+0.172/+1.062 |Dr|max=1.062 Df=+0.165 | g r=0.025 f=0.023 p=0.365(0.000) max=1.921 | Ld=-0.0147 base=-0.0177 r1=0.000705 path=0.00224 | Lg=+0.7786 | 28s | curv=-0.00035 wide=+0.0525 gfmed=0.019
 3350 post m=8 hq=0.992 PASS | Dr=+0.374/+2.449 |Dr|max=2.449 Df=+0.346 | g r=0.046 f=0.043 p=0.606(0.001) max=2.967 | Ld=-0.0440 base=-0.0485 r1=0.00368 path=0.000821 | Lg=+1.0477 | 28s | curv=+0.0344 wide=+0.129 gfmed=0.038
 3360 post m=8 hq=0.994 PASS | Dr=+0.405/+1.430 |Dr|max=1.430 Df=+0.397 | g r=0.018 f=0.015 p=0.304(0.000) max=2.155 | Ld=+0.0020 base=-0.000576 r1=0.00124 path=0.00137 | Lg=+0.7434 | 28s | curv=+0.0551 wide=+0.122 gfmed=0.012
 3370 post m=8 hq=0.993 PASS | Dr=+0.472/+1.956 |Dr|max=1.956 Df=+0.453 | g r=0.027 f=0.026 p=0.402(0.001) max=2.587 | Ld=+0.0185 base=0.0144 r1=0.0022 path=0.00191 | Lg=+0.8325 | 28s | curv=-0.0296 wide=+0.067 gfmed=0.021
 3380 post m=8 hq=0.992 PASS | Dr=+0.487/+1.676 |Dr|max=1.676 Df=+0.472 | g r=0.027 f=0.029 p=0.379(0.001) max=2.914 | Ld=-0.0306 base=-0.0333 r1=0.00153 path=0.00111 | Lg=+0.8390 | 28s | curv=+0.0033 wide=+0.0573 gfmed=0.022
 3390 post m=8 hq=0.987 PASS | Dr=+0.291/+1.292 |Dr|max=1.292 Df=+0.275 | g r=0.040 f=0.039 p=0.392(0.001) max=1.917 | Ld=-0.0160 base=-0.0203 r1=0.00284 path=0.00144 | Lg=+0.7981 | 28s | curv=+0.008 wide=+0.0796 gfmed=0.034
 3400 post m=8 hq=0.991 PASS | Dr=+0.444/+1.758 |Dr|max=1.758 Df=+0.420 | g r=0.043 f=0.043 p=0.442(0.002) max=2.053 | Ld=-0.0025 base=-0.00728 r1=0.00148 path=0.00333 | Lg=+0.8600 | 29s | curv=-0.0388 wide=+0.0438 gfmed=0.033
 3410 post m=8 hq=0.993 PASS | Dr=+0.499/+2.122 |Dr|max=2.122 Df=+0.480 | g r=0.045 f=0.046 p=0.456(0.001) max=3.359 | Ld=-0.0499 base=-0.0532 r1=0.00202 path=0.00129 | Lg=+0.9516 | 29s | curv=+0.0318 wide=+0.132 gfmed=0.037
 3420 post m=8 hq=0.994 PASS | Dr=+0.281/+1.427 |Dr|max=1.427 Df=+0.269 | g r=0.019 f=0.018 p=0.324(0.001) max=2.191 | Ld=+0.0145 base=0.0125 r1=0.000935 path=0.00114 | Lg=+0.7785 | 29s | curv=+0.0417 wide=+0.103 gfmed=0.015
 3430 post m=8 hq=0.994 PASS | Dr=+0.489/+2.701 |Dr|max=2.701 Df=+0.460 | g r=0.040 f=0.038 p=0.563(0.001) max=3.104 | Ld=-0.0294 base=-0.0365 r1=0.00381 path=0.00325 | Lg=+1.0047 | 29s | curv=+0.0404 wide=+0.148 gfmed=0.034
 3440 post m=8 hq=0.993 PASS | Dr=+0.259/+2.064 |Dr|max=2.064 Df=+0.241 | g r=0.033 f=0.033 p=0.470(0.000) max=2.593 | Ld=+0.0044 base=0.000451 r1=0.00186 path=0.00213 | Lg=+0.8815 | 29s | curv=+0.0553 wide=+0.14 gfmed=0.022
 3450 post m=8 hq=0.994 PASS | Dr=+0.204/+1.327 |Dr|max=1.327 Df=+0.193 | g r=0.035 f=0.033 p=0.379(0.001) max=2.286 | Ld=+0.0244 base=0.022 r1=0.00107 path=0.00136 | Lg=+0.8006 | 29s | curv=+0.0342 wide=+0.0762 gfmed=0.027
 3460 post m=8 hq=0.995 PASS | Dr=+0.355/+1.287 |Dr|max=1.287 Df=+0.354 | g r=0.037 f=0.036 p=0.428(0.000) max=2.802 | Ld=-0.0045 base=-0.00726 r1=0.00157 path=0.00114 | Lg=+0.7953 | 29s | curv=+0.0109 wide=+0.0703 gfmed=0.033
 3470 post m=8 hq=0.995 PASS | Dr=+0.418/+1.529 |Dr|max=1.529 Df=+0.412 | g r=0.025 f=0.023 p=0.339(0.001) max=2.038 | Ld=+0.0488 base=0.0457 r1=0.0019 path=0.00126 | Lg=+0.7628 | 29s | curv=+0.00424 wide=+0.0865 gfmed=0.020
 3480 post m=8 hq=0.994 PASS | Dr=+0.365/+1.738 |Dr|max=1.738 Df=+0.348 | g r=0.043 f=0.041 p=0.363(0.001) max=2.185 | Ld=+0.0201 base=0.0101 r1=0.00851 path=0.00147 | Lg=+0.8160 | 29s | curv=+0.147 wide=+0.219 gfmed=0.035
 3490 post m=8 hq=0.992 PASS | Dr=+0.577/+2.328 |Dr|max=2.328 Df=+0.550 | g r=0.073 f=0.072 p=0.503(0.002) max=2.640 | Ld=+0.0180 base=0.00349 r1=0.00745 path=0.00672 cap=0.000375 | Lg=+0.9760 | 29s | curv=+0.0306 wide=+0.0992 gfmed=0.069
 3500 post m=8 hq=0.992 PASS | Dr=+0.391/+1.432 |Dr|max=1.432 Df=+0.380 | g r=0.019 f=0.019 p=0.364(0.001) max=1.801 | Ld=+0.0087 base=0.00604 r1=0.000794 path=0.00186 | Lg=+0.7701 | 29s | curv=+0.0431 wide=+0.105 gfmed=0.017
 3510 post m=8 hq=0.991 PASS | Dr=+0.446/+2.360 |Dr|max=2.360 Df=+0.426 | g r=0.036 f=0.033 p=0.433(0.001) max=2.596 | Ld=+0.0377 base=0.0317 r1=0.00239 path=0.00356 cap=6.49e-05 | Lg=+0.8753 | 29s | curv=+0.0715 wide=+0.15 gfmed=0.027
 3520 post m=8 hq=0.994 PASS | Dr=+0.306/+1.656 |Dr|max=1.656 Df=+0.292 | g r=0.017 f=0.015 p=0.344(0.000) max=2.165 | Ld=+0.0006 base=-0.00135 r1=0.00078 path=0.00115 | Lg=+0.7888 | 30s | curv=+0.0374 wide=+0.109 gfmed=0.013
 3530 post m=8 hq=0.992 PASS | Dr=+0.356/+2.085 |Dr|max=2.085 Df=+0.334 | g r=0.034 f=0.034 p=0.492(0.001) max=3.093 | Ld=-0.0057 base=-0.0106 r1=0.0016 path=0.00334 | Lg=+0.9820 | 30s | curv=-0.0575 wide=+0.0523 gfmed=0.026
 3540 post m=8 hq=0.991 PASS | Dr=+0.343/+1.776 |Dr|max=1.776 Df=+0.329 | g r=0.026 f=0.024 p=0.354(0.001) max=2.227 | Ld=+0.0397 base=0.0326 r1=0.00165 path=0.00548 | Lg=+0.8051 | 30s | curv=+0.0918 wide=+0.166 gfmed=0.019
 3550 post m=8 hq=0.993 PASS | Dr=+0.420/+1.977 |Dr|max=1.977 Df=+0.405 | g r=0.020 f=0.018 p=0.379(0.000) max=2.547 | Ld=-0.0161 base=-0.0192 r1=0.000608 path=0.0025 | Lg=+0.8350 | 30s | curv=+0.0539 wide=+0.137 gfmed=0.016
 3560 post m=8 hq=0.994 PASS | Dr=+0.397/+2.397 |Dr|max=2.397 Df=+0.368 | g r=0.026 f=0.024 p=0.563(0.000) max=3.292 | Ld=-0.0590 base=-0.061 r1=0.000706 path=0.00129 | Lg=+1.0030 | 30s | curv=+0.108 wide=+0.182 gfmed=0.020
 3570 post m=8 hq=0.995 PASS | Dr=+0.328/+2.311 |Dr|max=2.311 Df=+0.300 | g r=0.029 f=0.025 p=0.558(0.002) max=3.024 | Ld=-0.0269 base=-0.0327 r1=0.00142 path=0.00439 | Lg=+0.9862 | 30s | curv=+0.104 wide=+0.203 gfmed=0.022
 3580 post m=8 hq=0.987 PASS | Dr=+0.204/+2.779 |Dr|max=2.779 Df=+0.174 | g r=0.087 f=0.088 p=0.620(0.001) max=3.432 | Ld=-0.0156 base=-0.0319 r1=0.0101 path=0.00262 cap=0.00368 | Lg=+1.0985 | 30s | curv=-0.139 wide=+0.000467 gfmed=0.082
 3590 post m=8 hq=0.991 PASS | Dr=+0.194/+2.043 |Dr|max=2.043 Df=+0.177 | g r=0.031 f=0.029 p=0.462(0.001) max=2.827 | Ld=+0.0016 base=-0.00296 r1=0.002 path=0.00251 | Lg=+0.8876 | 30s | curv=+0.107 wide=+0.198 gfmed=0.020
 3600 post m=8 hq=0.995 PASS | Dr=+0.085/+1.229 |Dr|max=1.229 Df=+0.080 | g r=0.024 f=0.023 p=0.346(0.001) max=2.699 | Ld=+0.0358 base=0.0315 r1=0.00147 path=0.00281 | Lg=+0.7781 | 30s | curv=+0.00127 wide=+0.0738 gfmed=0.017
 3610 post m=8 hq=0.990 PASS | Dr=+0.036/+1.815 |Dr|max=1.815 Df=+0.021 | g r=0.040 f=0.038 p=0.523(0.001) max=3.110 | Ld=-0.0384 base=-0.0407 r1=0.00157 path=0.000715 | Lg=+0.9331 | 30s | curv=+0.0443 wide=+0.11 gfmed=0.037
 3620 post m=8 hq=0.992 PASS | Dr=+0.110/+1.774 |Dr|max=1.774 Df=+0.098 | g r=0.042 f=0.040 p=0.473(0.001) max=3.001 | Ld=-0.0161 base=-0.0214 r1=0.00276 path=0.00252 | Lg=+0.8662 | 30s | curv=+0.0659 wide=+0.148 gfmed=0.032
 3630 post m=8 hq=0.995 PASS | Dr=+0.021/+1.239 |Dr|max=1.239 Df=+0.013 | g r=0.022 f=0.019 p=0.395(0.001) max=2.319 | Ld=+0.0216 base=0.0166 r1=0.00104 path=0.004 | Lg=+0.8030 | 30s | curv=+0.0378 wide=+0.0996 gfmed=0.018
 3640 post m=8 hq=0.994 PASS | Dr=-0.007/+1.115 |Dr|max=1.115 Df=-0.005 | g r=0.032 f=0.032 p=0.419(0.000) max=2.645 | Ld=+0.0463 base=0.0407 r1=0.00483 path=0.000734 | Lg=+0.8141 | 31s | curv=+0.0341 wide=+0.0735 gfmed=0.026
 3650 post m=8 hq=0.993 PASS | Dr=-0.007/+1.158 |Dr|max=1.552 Df=-0.009 | g r=0.047 f=0.044 p=0.480(0.002) max=2.959 | Ld=+0.0097 base=0.00412 r1=0.00389 path=0.00169 | Lg=+0.9159 | 31s | curv=+0.244 wide=+0.252 gfmed=0.039
 3660 post m=8 hq=0.996 PASS | Dr=+0.156/+1.409 |Dr|max=1.409 Df=+0.152 | g r=0.023 f=0.022 p=0.412(0.000) max=2.960 | Ld=+0.0165 base=0.0143 r1=0.00124 path=0.000998 | Lg=+0.8474 | 31s | curv=+0.0227 wide=+0.0791 gfmed=0.017
 3670 post m=8 hq=0.996 PASS | Dr=+0.329/+1.945 |Dr|max=1.945 Df=+0.313 | g r=0.025 f=0.022 p=0.429(0.001) max=2.958 | Ld=+0.0103 base=0.00669 r1=0.00228 path=0.00136 | Lg=+0.8954 | 31s | curv=+0.0574 wide=+0.116 gfmed=0.018
 3680 post m=8 hq=0.995 PASS | Dr=+0.157/+1.413 |Dr|max=1.413 Df=+0.147 | g r=0.050 f=0.050 p=0.491(0.001) max=2.856 | Ld=+0.0016 base=-0.00665 r1=0.00596 path=0.00227 | Lg=+0.9286 | 31s | curv=+0.044 wide=+0.101 gfmed=0.036
 3690 post m=8 hq=0.995 PASS | Dr=+0.391/+2.297 |Dr|max=2.297 Df=+0.370 | g r=0.039 f=0.036 p=0.507(0.002) max=2.871 | Ld=+0.0180 base=0.0078 r1=0.00335 path=0.00685 | Lg=+0.9962 | 31s | curv=+0.0476 wide=+0.135 gfmed=0.035
 3700 post m=8 hq=0.996 PASS | Dr=+0.343/+1.950 |Dr|max=1.950 Df=+0.328 | g r=0.023 f=0.021 p=0.392(0.001) max=2.310 | Ld=+0.0202 base=0.0168 r1=0.00134 path=0.00208 | Lg=+0.8478 | 31s | curv=+0.0165 wide=+0.0718 gfmed=0.015
 3710 post m=8 hq=0.996 PASS | Dr=+0.318/+2.385 |Dr|max=2.385 Df=+0.300 | g r=0.033 f=0.033 p=0.432(0.002) max=3.015 | Ld=-0.0168 base=-0.0203 r1=0.00129 path=0.00218 | Lg=+0.9258 | 31s | curv=+0.0615 wide=+0.135 gfmed=0.024
 3720 post m=8 hq=0.996 PASS | Dr=+0.181/+1.712 |Dr|max=1.712 Df=+0.170 | g r=0.017 f=0.016 p=0.333(0.001) max=2.253 | Ld=-0.0056 base=-0.00689 r1=0.000606 path=0.000718 | Lg=+0.7998 | 31s | curv=+0.0214 wide=+0.0995 gfmed=0.013
 3730 post m=8 hq=0.996 PASS | Dr=+0.095/+1.729 |Dr|max=1.729 Df=+0.084 | g r=0.022 f=0.020 p=0.460(0.000) max=3.128 | Ld=-0.0496 base=-0.0514 r1=0.000433 path=0.0013 | Lg=+0.9126 | 31s | curv=+0.0603 wide=+0.113 gfmed=0.019
 3740 post m=8 hq=0.996 PASS | Dr=+0.132/+1.830 |Dr|max=1.830 Df=+0.124 | g r=0.023 f=0.022 p=0.424(0.000) max=2.969 | Ld=-0.0321 base=-0.0376 r1=0.000667 path=0.00483 | Lg=+0.8739 | 31s | curv=+0.0932 wide=+0.16 gfmed=0.019
 3750 post m=8 hq=0.992 PASS | Dr=+0.308/+2.500 |Dr|max=2.500 Df=+0.281 | g r=0.037 f=0.037 p=0.573(0.003) max=3.559 | Ld=-0.0517 base=-0.0552 r1=0.00235 path=0.00124 | Lg=+1.0371 | 31s | curv=-0.0144 wide=+0.0759 gfmed=0.037
 3760 post m=8 hq=0.986 PASS | Dr=+0.220/+1.753 |Dr|max=1.753 Df=+0.207 | g r=0.024 f=0.023 p=0.412(0.000) max=2.577 | Ld=+0.0479 base=0.0419 r1=0.0019 path=0.00406 | Lg=+0.8471 | 32s | curv=+0.000821 wide=+0.0782 gfmed=0.020
 3770 post m=8 hq=0.984 PASS | Dr=+0.304/+2.305 |Dr|max=2.305 Df=+0.278 | g r=0.058 f=0.055 p=0.484(0.001) max=2.653 | Ld=+0.0390 base=0.0279 r1=0.00622 path=0.0049 | Lg=+0.9224 | 32s | curv=+0.0207 wide=+0.119 gfmed=0.049
 3780 post m=8 hq=0.989 PASS | Dr=+0.375/+2.861 |Dr|max=2.861 Df=+0.348 | g r=0.043 f=0.041 p=0.538(0.000) max=2.977 | Ld=-0.0282 base=-0.0368 r1=0.00267 path=0.00589 | Lg=+1.0616 | 32s | curv=+0.051 wide=+0.141 gfmed=0.037
 3790 post m=8 hq=0.980 PASS | Dr=+0.542/+2.328 |Dr|max=2.328 Df=+0.516 | g r=0.033 f=0.032 p=0.467(0.002) max=2.340 | Ld=-0.0190 base=-0.0223 r1=0.00178 path=0.00154 | Lg=+0.9357 | 32s | curv=+0.077 wide=+0.164 gfmed=0.026
 3800 post m=8 hq=0.989 PASS | Dr=+0.353/+2.344 |Dr|max=2.344 Df=+0.329 | g r=0.032 f=0.033 p=0.534(0.001) max=2.964 | Ld=-0.0257 base=-0.0283 r1=0.00128 path=0.00132 | Lg=+0.9642 | 32s | curv=+0.128 wide=+0.193 gfmed=0.025
 3810 post m=8 hq=0.991 PASS | Dr=+0.552/+2.130 |Dr|max=2.130 Df=+0.527 | g r=0.041 f=0.039 p=0.530(0.001) max=2.449 | Ld=-0.0507 base=-0.0536 r1=0.00144 path=0.00147 | Lg=+0.9896 | 32s | curv=+0.123 wide=+0.206 gfmed=0.030
 3820 post m=8 hq=0.992 PASS | Dr=+0.362/+1.562 |Dr|max=1.562 Df=+0.343 | g r=0.027 f=0.025 p=0.391(0.001) max=1.853 | Ld=-0.0227 base=-0.0278 r1=0.00223 path=0.00286 | Lg=+0.8263 | 32s | curv=+0.0606 wide=+0.15 gfmed=0.024
 3830 post m=8 hq=0.994 PASS | Dr=+0.128/+1.211 |Dr|max=1.211 Df=+0.124 | g r=0.041 f=0.041 p=0.382(0.000) max=3.028 | Ld=-0.0210 base=-0.0282 r1=0.00555 path=0.00164 | Lg=+0.8534 | 32s | curv=+0.00838 wide=+0.083 gfmed=0.032
 3840 post m=8 hq=0.995 PASS | Dr=+0.076/+1.113 |Dr|max=1.113 Df=+0.069 | g r=0.027 f=0.025 p=0.366(0.000) max=2.238 | Ld=+0.0160 base=0.0136 r1=0.000942 path=0.0014 | Lg=+0.8178 | 32s | curv=+0.0421 wide=+0.102 gfmed=0.024
 3850 post m=8 hq=0.990 PASS | Dr=+0.075/+0.837 |Dr|max=0.837 Df=+0.073 | g r=0.026 f=0.023 p=0.278(0.001) max=2.100 | Ld=+0.0047 base=-7.34e-05 r1=0.00158 path=0.00318 | Lg=+0.7406 | 32s | curv=+0.0711 wide=+0.117 gfmed=0.020
 3860 post m=8 hq=0.992 PASS | Dr=+0.046/+0.465 |Dr|max=0.703 Df=+0.051 | g r=0.019 f=0.019 p=0.249(0.000) max=1.942 | Ld=-0.0038 base=-0.00695 r1=0.00102 path=0.0021 | Lg=+0.7227 | 32s | curv=+0.035 wide=+0.0783 gfmed=0.015
 3870 post m=8 hq=0.988 PASS | Dr=+0.059/+0.806 |Dr|max=0.806 Df=+0.058 | g r=0.030 f=0.031 p=0.263(0.000) max=1.588 | Ld=-0.0022 base=-0.00476 r1=0.00143 path=0.00115 | Lg=+0.7206 | 32s | curv=+0.114 wide=+0.165 gfmed=0.030
 3880 post m=8 hq=0.989 PASS | Dr=+0.340/+1.774 |Dr|max=1.774 Df=+0.324 | g r=0.029 f=0.029 p=0.414(0.001) max=2.451 | Ld=+0.0253 base=0.0187 r1=0.00443 path=0.00223 | Lg=+0.8326 | 32s | curv=+0.00675 wide=+0.0795 gfmed=0.026
 3890 post m=8 hq=0.992 PASS | Dr=+0.453/+2.323 |Dr|max=2.323 Df=+0.440 | g r=0.026 f=0.025 p=0.418(0.000) max=2.690 | Ld=-0.0070 base=-0.0114 r1=0.00241 path=0.00198 | Lg=+0.8464 | 33s | curv=+0.0881 wide=+0.158 gfmed=0.020
 3900 post m=8 hq=0.974 PASS | Dr=+0.363/+1.920 |Dr|max=1.920 Df=+0.352 | g r=0.060 f=0.056 p=0.442(0.001) max=2.468 | Ld=+0.0351 base=0.00777 r1=0.0228 path=0.00457 | Lg=+0.8942 | 33s | curv=+0.0735 wide=+0.176 gfmed=0.042
 3910 post m=8 hq=0.993 PASS | Dr=+0.289/+1.657 |Dr|max=1.657 Df=+0.279 | g r=0.028 f=0.027 p=0.404(0.001) max=2.279 | Ld=-0.0448 base=-0.0479 r1=0.00101 path=0.0021 | Lg=+0.8679 | 33s | curv=+0.0787 wide=+0.169 gfmed=0.021
 3920 post m=8 hq=0.986 PASS | Dr=+0.662/+1.977 |Dr|max=1.977 Df=+0.651 | g r=0.071 f=0.063 p=0.419(0.001) max=2.797 | Ld=-0.0071 base=-0.011 r1=0.00205 path=0.00182 | Lg=+0.8247 | 33s | curv=+0.274 wide=+0.281 gfmed=0.055
 3930 post m=8 hq=0.996 PASS | Dr=+0.039/+1.593 |Dr|max=1.593 Df=+0.029 | g r=0.026 f=0.025 p=0.423(0.000) max=2.659 | Ld=-0.0339 base=-0.0352 r1=0.000948 path=0.000344 | Lg=+0.8442 | 33s | curv=+0.0171 wide=+0.103 gfmed=0.020
 3940 post m=8 hq=0.996 PASS | Dr=+0.680/+2.685 |Dr|max=2.685 Df=+0.662 | g r=0.066 f=0.062 p=0.472(0.000) max=2.723 | Ld=-0.0269 base=-0.0405 r1=0.00272 path=0.00634 cap=0.00453 | Lg=+0.9116 | 33s | curv=+0.227 wide=+0.288 gfmed=0.051
 3950 post m=8 hq=0.992 PASS | Dr=+0.329/+1.956 |Dr|max=1.956 Df=+0.314 | g r=0.025 f=0.025 p=0.420(0.001) max=2.534 | Ld=-0.0128 base=-0.0165 r1=0.00152 path=0.00224 | Lg=+0.8651 | 33s | curv=-0.0137 wide=+0.0521 gfmed=0.019
 3960 post m=8 hq=0.995 PASS | Dr=+0.153/+1.580 |Dr|max=1.580 Df=+0.152 | g r=0.024 f=0.023 p=0.361(0.000) max=2.611 | Ld=-0.0147 base=-0.0174 r1=0.000886 path=0.00182 | Lg=+0.8260 | 33s | curv=-0.0123 wide=+0.0439 gfmed=0.019
 3970 post m=8 hq=0.989 PASS | Dr=+0.096/+1.788 |Dr|max=1.788 Df=+0.100 | g r=0.044 f=0.041 p=0.386(0.001) max=2.870 | Ld=-0.0078 base=-0.0153 r1=0.00457 path=0.00297 | Lg=+0.7999 | 33s | curv=+0.109 wide=+0.169 gfmed=0.032
 3980 post m=8 hq=0.994 PASS | Dr=+0.195/+1.673 |Dr|max=1.673 Df=+0.196 | g r=0.025 f=0.023 p=0.322(0.002) max=2.582 | Ld=+0.0062 base=0.00506 r1=0.000624 path=0.000505 | Lg=+0.7546 | 33s | curv=+0.0198 wide=+0.0692 gfmed=0.020
 3990 post m=8 hq=0.993 PASS | Dr=+0.216/+2.303 |Dr|max=2.303 Df=+0.205 | g r=0.037 f=0.035 p=0.442(0.000) max=2.975 | Ld=-0.0603 base=-0.0632 r1=0.000977 path=0.00194 | Lg=+0.9072 | 33s | curv=-0.0824 wide=+0.0342 gfmed=0.027
 4000 post m=8 hq=0.990 PASS | Dr=+0.240/+2.778 |Dr|max=2.778 Df=+0.219 | g r=0.051 f=0.047 p=0.531(0.002) max=3.089 | Ld=-0.0572 base=-0.0675 r1=0.00958 path=0.000749 | Lg=+0.9680 | 34s | curv=+0.164 wide=+0.228 gfmed=0.033
 4010 post m=8 hq=0.958 PASS | Dr=+0.423/+2.982 |Dr|max=2.982 Df=+0.391 | g r=0.054 f=0.065 p=0.597(0.001) max=2.857 | Ld=+0.0202 base=-0.00427 r1=0.0162 path=0.00818 cap=0.00014 | Lg=+1.0367 | 34s | curv=+0.123 wide=+0.201 gfmed=0.047
 4020 post m=8 hq=0.987 PASS | Dr=+0.338/+2.688 |Dr|max=2.688 Df=+0.303 | g r=0.033 f=0.030 p=0.595(0.000) max=2.571 | Ld=-0.0650 base=-0.0678 r1=0.00192 path=0.000813 | Lg=+1.0647 | 34s | curv=+0.0508 wide=+0.167 gfmed=0.024
 4030 post m=8 hq=0.977 PASS | Dr=+0.451/+2.652 |Dr|max=2.652 Df=+0.426 | g r=0.039 f=0.039 p=0.532(0.001) max=2.745 | Ld=+0.0097 base=0.00249 r1=0.00454 path=0.00266 | Lg=+0.9621 | 34s | curv=+0.179 wide=+0.282 gfmed=0.029
 4040 post m=8 hq=0.986 PASS | Dr=+0.378/+2.993 |Dr|max=2.993 Df=+0.344 | g r=0.053 f=0.051 p=0.662(0.002) max=3.170 | Ld=-0.0072 base=-0.0226 r1=0.00532 path=0.01 cap=2.46e-05 | Lg=+1.0764 | 34s | curv=+0.207 wide=+0.306 gfmed=0.041
 4050 post m=8 hq=0.974 PASS | Dr=+0.450/+3.250 |Dr|max=3.250 Df=+0.408 | g r=0.051 f=0.056 p=0.751(0.002) max=3.289 | Ld=-0.0666 base=-0.0716 r1=0.00316 path=0.00183 cap=5.65e-05 | Lg=+1.2193 | 34s | curv=+0.0852 wide=+0.216 gfmed=0.046
 4060 post m=8 hq=0.978 PASS | Dr=+0.398/+2.409 |Dr|max=2.409 Df=+0.372 | g r=0.045 f=0.047 p=0.490(0.001) max=2.642 | Ld=+0.0156 base=0.00716 r1=0.0072 path=0.00124 | Lg=+0.9735 | 34s | curv=+0.0263 wide=+0.138 gfmed=0.031
 4070 post m=8 hq=0.987 PASS | Dr=+0.191/+1.838 |Dr|max=1.838 Df=+0.178 | g r=0.023 f=0.021 p=0.370(0.001) max=2.271 | Ld=-0.0051 base=-0.0078 r1=0.000866 path=0.00181 | Lg=+0.8140 | 34s | curv=+0.0855 wide=+0.175 gfmed=0.015
 4080 post m=8 hq=0.991 PASS | Dr=+0.309/+2.492 |Dr|max=2.492 Df=+0.288 | g r=0.039 f=0.036 p=0.463(0.001) max=2.579 | Ld=-0.0096 base=-0.0129 r1=0.00241 path=0.000818 | Lg=+0.9014 | 34s | curv=+0.137 wide=+0.249 gfmed=0.029
 4090 post m=8 hq=0.990 PASS | Dr=+0.336/+2.812 |Dr|max=2.812 Df=+0.316 | g r=0.040 f=0.038 p=0.503(0.002) max=3.007 | Ld=-0.0088 base=-0.0154 r1=0.00569 path=0.000913 | Lg=+1.0064 | 34s | curv=+0.0181 wide=+0.124 gfmed=0.032
 4100 post m=8 hq=0.993 PASS | Dr=-0.097/+0.609 |Dr|max=0.609 Df=-0.097 | g r=0.034 f=0.035 p=0.228(0.001) max=1.672 | Ld=+0.0259 base=0.0217 r1=0.00178 path=0.00243 | Lg=+0.7099 | 34s | curv=-0.0577 wide=+0.00637 gfmed=0.029
 4110 post m=8 hq=0.990 PASS | Dr=-0.160/+0.619 |Dr|max=1.418 Df=-0.149 | g r=0.022 f=0.021 p=0.326(0.001) max=1.873 | Ld=-0.0195 base=-0.0249 r1=0.00156 path=0.00381 | Lg=+0.8263 | 34s | curv=+0.0622 wide=+0.12 gfmed=0.016
 4120 post m=8 hq=0.993 PASS | Dr=-0.133/+0.387 |Dr|max=1.129 Df=-0.121 | g r=0.028 f=0.029 p=0.257(0.000) max=1.512 | Ld=+0.0095 base=0.0075 r1=0.00138 path=0.000597 | Lg=+0.7729 | 35s | curv=+0.0194 wide=+0.0809 gfmed=0.023
 4130 post m=8 hq=0.989 PASS | Dr=+0.070/+0.763 |Dr|max=0.763 Df=+0.083 | g r=0.026 f=0.025 p=0.310(0.001) max=1.901 | Ld=-0.0115 base=-0.0139 r1=0.00132 path=0.00104 | Lg=+0.7638 | 35s | curv=+0.0132 wide=+0.077 gfmed=0.021
 4140 post m=8 hq=0.986 PASS | Dr=+0.301/+1.303 |Dr|max=1.303 Df=+0.304 | g r=0.019 f=0.019 p=0.285(0.000) max=1.940 | Ld=+0.0042 base=0.000887 r1=0.00132 path=0.00201 | Lg=+0.7585 | 35s | curv=+0.0199 wide=+0.0888 gfmed=0.016
 4150 post m=8 hq=0.988 PASS | Dr=+0.596/+3.006 |Dr|max=3.006 Df=+0.576 | g r=0.040 f=0.040 p=0.478(0.001) max=2.699 | Ld=+0.0534 base=0.0372 r1=0.00486 path=0.00247 cap=0.00888 | Lg=+0.9341 | 35s | curv=-0.00885 wide=+0.0612 gfmed=0.032
 4160 post m=8 hq=0.992 PASS | Dr=+0.697/+2.887 |Dr|max=2.887 Df=+0.672 | g r=0.027 f=0.025 p=0.469(0.000) max=2.619 | Ld=-0.0353 base=-0.0416 r1=0.00108 path=0.00526 | Lg=+0.9705 | 35s | curv=+0.0986 wide=+0.152 gfmed=0.019
 4170 post m=8 hq=0.991 PASS | Dr=+0.516/+2.128 |Dr|max=2.128 Df=+0.499 | g r=0.044 f=0.043 p=0.373(0.000) max=2.289 | Ld=+0.0040 base=-0.000677 r1=0.003 path=0.00172 | Lg=+0.8307 | 35s | curv=-0.0306 wide=+0.0208 gfmed=0.028
 4180 post m=8 hq=0.994 PASS | Dr=+0.403/+1.675 |Dr|max=1.675 Df=+0.389 | g r=0.021 f=0.020 p=0.330(0.001) max=2.239 | Ld=+0.0122 base=0.0104 r1=0.000664 path=0.00117 | Lg=+0.8081 | 35s | curv=+0.0856 wide=+0.132 gfmed=0.016
 4190 post m=8 hq=0.988 PASS | Dr=+0.166/+1.423 |Dr|max=1.423 Df=+0.159 | g r=0.025 f=0.023 p=0.314(0.001) max=2.014 | Ld=+0.0259 base=0.0232 r1=0.000984 path=0.00167 | Lg=+0.8095 | 35s | curv=+0.0841 wide=+0.156 gfmed=0.021
 4200 post m=8 hq=0.989 PASS | Dr=+0.546/+2.991 |Dr|max=2.991 Df=+0.521 | g r=0.031 f=0.033 p=0.530(0.000) max=3.025 | Ld=-0.0528 base=-0.0541 r1=0.000831 path=0.000478 | Lg=+0.9884 | 35s | curv=+0.000335 wide=+0.0769 gfmed=0.017
 4210 post m=8 hq=0.988 PASS | Dr=+0.545/+2.761 |Dr|max=2.761 Df=+0.516 | g r=0.035 f=0.034 p=0.528(0.001) max=2.667 | Ld=-0.0171 base=-0.022 r1=0.00126 path=0.00367 | Lg=+0.9925 | 35s | curv=+0.149 wide=+0.19 gfmed=0.031
 4220 post m=8 hq=0.988 PASS | Dr=+0.558/+2.820 |Dr|max=2.820 Df=+0.526 | g r=0.057 f=0.060 p=0.600(0.002) max=2.902 | Ld=-0.0215 base=-0.0263 r1=0.00247 path=0.00233 | Lg=+1.0618 | 35s | curv=+0.0402 wide=+0.142 gfmed=0.051
 4230 post m=8 hq=0.985 PASS | Dr=+0.627/+3.270 |Dr|max=3.270 Df=+0.597 | g r=0.052 f=0.052 p=0.556(0.002) max=2.824 | Ld=-0.0004 base=-0.0111 r1=0.00771 path=0.00292 | Lg=+1.0397 | 35s | curv=+0.0493 wide=+0.144 gfmed=0.039
 4240 post m=8 hq=0.989 PASS | Dr=+0.519/+2.828 |Dr|max=2.828 Df=+0.490 | g r=0.038 f=0.036 p=0.548(0.001) max=2.816 | Ld=+0.0055 base=-0.00502 r1=0.00331 path=0.00721 | Lg=+1.0225 | 35s | curv=+0.175 wide=+0.256 gfmed=0.027
 4250 post m=8 hq=0.990 PASS | Dr=+0.346/+2.376 |Dr|max=2.376 Df=+0.323 | g r=0.021 f=0.021 p=0.453(0.000) max=2.336 | Ld=+0.0151 base=0.011 r1=0.00102 path=0.00303 | Lg=+0.9003 | 36s | curv=+0.0622 wide=+0.175 gfmed=0.018
 4260 post m=8 hq=0.989 PASS | Dr=+0.447/+2.594 |Dr|max=2.594 Df=+0.427 | g r=0.033 f=0.032 p=0.462(0.001) max=2.506 | Ld=-0.0012 base=-0.00698 r1=0.00306 path=0.00274 | Lg=+0.9038 | 36s | curv=+0.105 wide=+0.193 gfmed=0.022
 4270 post m=8 hq=0.991 PASS | Dr=+0.394/+2.323 |Dr|max=2.323 Df=+0.386 | g r=0.028 f=0.027 p=0.412(0.000) max=2.902 | Ld=-0.0037 base=-0.00607 r1=0.00137 path=0.00103 | Lg=+0.8848 | 36s | curv=+0.0177 wide=+0.109 gfmed=0.022
 4280 post m=8 hq=0.983 PASS | Dr=+0.457/+2.798 |Dr|max=2.798 Df=+0.430 | g r=0.071 f=0.067 p=0.551(0.003) max=2.608 | Ld=+0.0849 base=0.0546 r1=0.0194 path=0.0108 cap=6.17e-05 | Lg=+0.9724 | 36s | curv=+0.328 wide=+0.415 gfmed=0.057
 4290 post m=8 hq=0.993 PASS | Dr=+0.496/+2.380 |Dr|max=2.380 Df=+0.477 | g r=0.020 f=0.021 p=0.418(0.000) max=2.581 | Ld=+0.0046 base=0.00278 r1=0.000641 path=0.00114 | Lg=+0.8637 | 36s | curv=-0.000167 wide=+0.0908 gfmed=0.019
 4300 post m=8 hq=0.992 PASS | Dr=+0.311/+2.329 |Dr|max=2.329 Df=+0.295 | g r=0.025 f=0.025 p=0.420(0.001) max=2.628 | Ld=-0.0077 base=-0.0111 r1=0.000627 path=0.00286 | Lg=+0.8787 | 36s | curv=+0.0728 wide=+0.172 gfmed=0.015
 4310 post m=8 hq=0.988 PASS | Dr=+0.722/+3.585 |Dr|max=3.585 Df=+0.691 | g r=0.060 f=0.060 p=0.629(0.000) max=3.482 | Ld=-0.0529 base=-0.0581 r1=0.00425 path=0.000913 cap=9.6e-05 | Lg=+1.1446 | 36s | curv=+0.000239 wide=+0.123 gfmed=0.042
 4320 post m=8 hq=0.988 PASS | Dr=+0.392/+2.934 |Dr|max=2.934 Df=+0.365 | g r=0.045 f=0.043 p=0.567(0.001) max=2.830 | Ld=+0.0101 base=0.00243 r1=0.00337 path=0.00426 | Lg=+1.0093 | 36s | curv=+0.224 wide=+0.318 gfmed=0.035
 4330 post m=8 hq=0.986 PASS | Dr=-0.200/+0.673 |Dr|max=1.571 Df=-0.202 | g r=0.051 f=0.055 p=0.375(0.003) max=2.540 | Ld=+0.0020 base=-0.00159 r1=0.00255 path=0.00103 | Lg=+0.8300 | 36s | curv=-0.127 wide=-0.0277 gfmed=0.038
 4340 post m=8 hq=0.981 PASS | Dr=+0.524/+2.595 |Dr|max=2.595 Df=+0.505 | g r=0.030 f=0.031 p=0.470(0.000) max=2.610 | Ld=+0.0059 base=-0.00564 r1=0.00131 path=0.0102 | Lg=+0.9096 | 36s | curv=+0.101 wide=+0.187 gfmed=0.023
 4350 post m=8 hq=0.988 PASS | Dr=+0.395/+2.020 |Dr|max=2.020 Df=+0.379 | g r=0.021 f=0.020 p=0.378(0.001) max=2.328 | Ld=-0.0024 base=-0.00421 r1=0.000641 path=0.00117 | Lg=+0.8442 | 36s | curv=+0.0492 wide=+0.117 gfmed=0.013
 4360 post m=8 hq=0.980 PASS | Dr=+0.453/+2.754 |Dr|max=2.754 Df=+0.422 | g r=0.078 f=0.076 p=0.573(0.001) max=2.935 | Ld=-0.0246 base=-0.0372 r1=0.0119 path=0.000688 | Lg=+1.0138 | 36s | curv=+0.0941 wide=+0.182 gfmed=0.071
 4370 post m=8 hq=0.990 PASS | Dr=+0.314/+1.922 |Dr|max=1.922 Df=+0.295 | g r=0.018 f=0.018 p=0.394(0.000) max=2.507 | Ld=-0.0211 base=-0.0234 r1=0.000474 path=0.00184 | Lg=+0.8528 | 36s | curv=+0.0345 wide=+0.0873 gfmed=0.015
 4380 post m=8 hq=0.991 PASS | Dr=+0.345/+1.539 |Dr|max=1.539 Df=+0.329 | g r=0.017 f=0.016 p=0.332(0.000) max=2.201 | Ld=+0.0110 base=0.00786 r1=0.000642 path=0.00253 | Lg=+0.7702 | 36s | curv=+0.0896 wide=+0.141 gfmed=0.013
 4390 post m=8 hq=0.991 PASS | Dr=+0.287/+1.938 |Dr|max=1.938 Df=+0.275 | g r=0.030 f=0.029 p=0.357(0.000) max=2.585 | Ld=+0.0130 base=0.0111 r1=0.00101 path=0.000859 | Lg=+0.8167 | 36s | curv=+0.0819 wide=+0.147 gfmed=0.021
 4400 post m=8 hq=0.994 PASS | Dr=+0.274/+2.410 |Dr|max=2.410 Df=+0.252 | g r=0.026 f=0.025 p=0.449(0.001) max=2.528 | Ld=-0.0321 base=-0.0338 r1=0.00117 path=0.000505 | Lg=+0.9363 | 37s | curv=+0.09 wide=+0.164 gfmed=0.018
 4410 post m=8 hq=0.994 PASS | Dr=+0.297/+1.929 |Dr|max=1.929 Df=+0.279 | g r=0.027 f=0.027 p=0.388(0.001) max=2.452 | Ld=-0.0034 base=-0.00625 r1=0.00137 path=0.00151 | Lg=+0.8625 | 37s | curv=-0.00229 wide=+0.0552 gfmed=0.019
 4420 post m=8 hq=0.985 PASS | Dr=+0.200/+1.756 |Dr|max=1.756 Df=+0.184 | g r=0.034 f=0.046 p=0.413(0.000) max=1.974 | Ld=+0.0131 base=0.00732 r1=0.00308 path=0.00267 | Lg=+0.8720 | 37s | curv=+0.223 wide=+0.317 gfmed=0.022
 4430 post m=8 hq=0.992 PASS | Dr=+0.316/+2.550 |Dr|max=2.550 Df=+0.292 | g r=0.034 f=0.032 p=0.522(0.001) max=2.567 | Ld=-0.0845 base=-0.0866 r1=0.00112 path=0.000983 | Lg=+1.0291 | 37s | curv=+0.181 wide=+0.275 gfmed=0.026
 4440 post m=8 hq=0.986 PASS | Dr=+0.236/+2.151 |Dr|max=2.151 Df=+0.212 | g r=0.058 f=0.056 p=0.548(0.002) max=2.746 | Ld=-0.0086 base=-0.0152 r1=0.00533 path=0.00123 | Lg=+1.0462 | 37s | curv=+0.0898 wide=+0.142 gfmed=0.045
 4450 post m=8 hq=0.981 PASS | Dr=+0.473/+3.158 |Dr|max=3.158 Df=+0.442 | g r=0.052 f=0.052 p=0.654(0.003) max=3.244 | Ld=-0.0478 base=-0.0521 r1=0.00271 path=0.00168 | Lg=+1.1730 | 37s | curv=+0.218 wide=+0.294 gfmed=0.046
 4460 post m=8 hq=0.990 PASS | Dr=+0.563/+2.639 |Dr|max=2.639 Df=+0.552 | g r=0.025 f=0.027 p=0.411(0.001) max=3.036 | Ld=+0.0104 base=0.00867 r1=0.000864 path=0.00084 | Lg=+0.8751 | 37s | curv=-0.0548 wide=+0.0019 gfmed=0.019
 4470 post m=8 hq=0.990 PASS | Dr=+0.388/+2.433 |Dr|max=2.433 Df=+0.378 | g r=0.024 f=0.022 p=0.401(0.001) max=2.555 | Ld=-0.0262 base=-0.0283 r1=0.0013 path=0.000813 | Lg=+0.8638 | 37s | curv=+0.086 wide=+0.149 gfmed=0.018
 4480 post m=8 hq=0.992 PASS | Dr=-0.043/+1.068 |Dr|max=1.408 Df=-0.038 | g r=0.033 f=0.032 p=0.422(0.002) max=3.108 | Ld=-0.0031 base=-0.0059 r1=0.002 path=0.000782 | Lg=+0.8247 | 37s | curv=-0.0224 wide=+0.0226 gfmed=0.030
 4490 post m=8 hq=0.977 PASS | Dr=+0.281/+1.821 |Dr|max=1.821 Df=+0.282 | g r=0.066 f=0.064 p=0.470(0.001) max=2.982 | Ld=-0.0255 base=-0.0425 r1=0.0164 path=0.000655 cap=1.12e-06 | Lg=+0.8912 | 37s | curv=-0.0281 wide=+0.00865 gfmed=0.045
 4500 post m=8 hq=0.985 PASS | Dr=+0.179/+1.549 |Dr|max=1.549 Df=+0.174 | g r=0.016 f=0.014 p=0.353(0.001) max=2.355 | Ld=+0.0020 base=-0.00128 r1=0.00107 path=0.00218 | Lg=+0.7977 | 37s | curv=+0.0379 wide=+0.0846 gfmed=0.013
 4510 post m=8 hq=0.992 PASS | Dr=-0.005/+0.887 |Dr|max=0.945 Df=-0.005 | g r=0.035 f=0.033 p=0.327(0.001) max=2.321 | Ld=+0.0010 base=-0.00231 r1=0.00177 path=0.00149 | Lg=+0.7673 | 37s | curv=-0.0622 wide=-9.58e-05 gfmed=0.022
 4520 post m=8 hq=0.993 PASS | Dr=+0.214/+1.800 |Dr|max=1.800 Df=+0.208 | g r=0.024 f=0.023 p=0.339(0.000) max=2.254 | Ld=+0.0276 base=0.0252 r1=0.000904 path=0.00156 | Lg=+0.7795 | 37s | curv=+0.044 wide=+0.0973 gfmed=0.017
 4530 post m=8 hq=0.993 PASS | Dr=+0.261/+1.854 |Dr|max=1.854 Df=+0.254 | g r=0.024 f=0.024 p=0.364(0.001) max=2.674 | Ld=+0.0065 base=0.00453 r1=0.0011 path=0.000825 | Lg=+0.8033 | 37s | curv=+0.0264 wide=+0.0718 gfmed=0.014
 4540 post m=8 hq=0.991 PASS | Dr=+0.262/+2.167 |Dr|max=2.167 Df=+0.251 | g r=0.035 f=0.039 p=0.414(0.001) max=2.722 | Ld=+0.0276 base=0.0194 r1=0.00222 path=0.00182 cap=0.00419 | Lg=+0.9153 | 37s | curv=-0.0804 wide=-0.0179 gfmed=0.024
 4550 post m=8 hq=0.988 PASS | Dr=+0.486/+2.994 |Dr|max=2.994 Df=+0.467 | g r=0.032 f=0.031 p=0.513(0.001) max=3.004 | Ld=-0.0219 base=-0.0295 r1=0.00471 path=0.00286 | Lg=+0.9936 | 38s | curv=+0.0466 wide=+0.105 gfmed=0.027
 4560 post m=8 hq=0.983 PASS | Dr=+0.423/+2.473 |Dr|max=2.473 Df=+0.411 | g r=0.020 f=0.022 p=0.430(0.000) max=2.966 | Ld=+0.0104 base=0.00453 r1=0.00171 path=0.00421 | Lg=+0.8880 | 38s | curv=+0.0362 wide=+0.1 gfmed=0.015
 4570 post m=8 hq=0.984 PASS | Dr=+0.142/+1.421 |Dr|max=1.421 Df=+0.139 | g r=0.032 f=0.031 p=0.373(0.001) max=2.390 | Ld=+0.0509 base=0.0451 r1=0.00297 path=0.00277 | Lg=+0.8118 | 38s | curv=+0.0293 wide=+0.0754 gfmed=0.021
 4580 post m=8 hq=0.985 PASS | Dr=-0.027/+0.774 |Dr|max=0.774 Df=-0.024 | g r=0.033 f=0.030 p=0.272(0.001) max=1.866 | Ld=+0.0225 base=0.0212 r1=0.000753 path=0.00059 | Lg=+0.7296 | 38s | curv=+0.104 wide=+0.151 gfmed=0.024
 4590 post m=8 hq=0.979 PASS | Dr=+0.248/+1.592 |Dr|max=1.592 Df=+0.246 | g r=0.023 f=0.021 p=0.300(0.000) max=1.957 | Ld=-0.0003 base=-0.00333 r1=0.00208 path=0.000954 | Lg=+0.7737 | 38s | curv=+0.103 wide=+0.177 gfmed=0.017
 4600 post m=8 hq=0.990 PASS | Dr=+0.641/+2.592 |Dr|max=2.592 Df=+0.629 | g r=0.024 f=0.024 p=0.398(0.001) max=2.613 | Ld=-0.0264 base=-0.028 r1=0.000991 path=0.000587 | Lg=+0.8719 | 38s | curv=+0.0379 wide=+0.0844 gfmed=0.019
# COMPLETE 4600 updates in 38s; prehold 82/120; arrival=140
