# arm=B_margin formulation=wgan + r1(1) + path-secant(10,t=0.5) + cap-all(10,c=1) + margin(10,κ=7.14) [Dβ2=0.9, A2=0] {lr c×0.5 g×1} device=cuda:0 steps=4600
# step phase modes hq pass | Dr mean/max |Dr|max Df | grad-norm real fake path(min) max | loss_d terms | loss_g | sec
   10 acq  m=2 hq=0.036 fail | Dr=-0.073/+0.229 |Dr|max=0.305 Df=-0.146 | g r=0.435 f=0.658 p=0.631(0.011) max=1.849 | Ld=+24.8487 base=0.00335 r1=0.169 path=24.7 cap=0.0101 margin=0.0143 | Lg=+0.7879 | 1s | curv=-0.434 wide=-0.0776 gfmed=0.634
   20 acq  m=1 hq=0.003 fail | Dr=-0.086/+0.186 |Dr|max=0.366 Df=-0.222 | g r=0.475 f=0.718 p=0.646(0.003) max=2.129 | Ld=+4.6245 base=-0.0409 r1=0.251 path=4.07 cap=0.335 margin=0.0128 | Lg=+0.8222 | 1s | curv=+2.05 wide=+2.12 gfmed=0.699
   30 acq  m=1 hq=0.027 fail | Dr=+0.118/+0.616 |Dr|max=0.616 Df=+0.204 | g r=0.427 f=0.777 p=0.645(0.009) max=2.008 | Ld=+1.4248 base=-0.193 r1=0.328 path=0.966 cap=0.31 margin=0.0134 | Lg=+0.8174 | 1s | curv=+1.01 wide=+1.23 gfmed=0.737
   40 acq  m=1 hq=0.109 fail | Dr=+0.195/+0.421 |Dr|max=0.421 Df=+0.046 | g r=0.247 f=0.542 p=0.526(0.006) max=1.411 | Ld=+0.2891 base=0.000652 r1=0.118 path=0.147 cap=0.0134 margin=0.00991 | Lg=+0.7437 | 1s | curv=+0.971 wide=+1.13 gfmed=0.512
   50 acq  m=1 hq=0.013 fail | Dr=+0.390/+0.934 |Dr|max=0.934 Df=-0.300 | g r=0.278 f=0.363 p=0.580(0.013) max=2.295 | Ld=+0.0847 base=-0.671 r1=0.106 path=0.557 cap=0.0834 margin=0.01 | Lg=+1.2835 | 1s | curv=+1.22 wide=+1.31 gfmed=0.340
   60 acq  m=1 hq=0.140 fail | Dr=+0.719/+1.147 |Dr|max=1.147 Df=+0.423 | g r=0.238 f=0.691 p=0.611(0.009) max=1.981 | Ld=+1.0241 base=-0.61 r1=0.15 path=1.4 cap=0.0713 margin=0.00961 | Lg=+1.0921 | 1s | curv=+0.97 wide=+1.18 gfmed=0.658
   70 acq  m=1 hq=0.283 fail | Dr=+0.291/+0.896 |Dr|max=0.896 Df=-0.039 | g r=0.210 f=0.574 p=0.484(0.017) max=1.464 | Ld=-0.1155 base=-0.233 r1=0.0733 path=0.0306 cap=0.00512 margin=0.00896 | Lg=+0.8792 | 1s | curv=+0.905 wide=+1.01 gfmed=0.659
   80 acq  m=2 hq=0.020 fail | Dr=+0.432/+1.164 |Dr|max=1.164 Df=-0.363 | g r=0.257 f=0.484 p=0.623(0.004) max=1.956 | Ld=-0.1691 base=-0.518 r1=0.0893 path=0.211 cap=0.0387 margin=0.00956 | Lg=+1.0375 | 1s | curv=+1.25 wide=+1.24 gfmed=0.325
   90 acq  m=0 hq=0.000 fail | Dr=+0.020/+1.242 |Dr|max=1.242 Df=-0.421 | g r=0.309 f=0.510 p=0.595(0.005) max=3.047 | Ld=+0.5011 base=-0.342 r1=0.17 path=0.408 cap=0.253 margin=0.0117 | Lg=+0.9687 | 1s | curv=+1.13 wide=+1.32 gfmed=0.473
  100 acq  m=1 hq=0.488 fail | Dr=+0.248/+1.322 |Dr|max=1.322 Df=-0.156 | g r=0.238 f=0.525 p=0.542(0.012) max=1.967 | Ld=-0.1993 base=-0.339 r1=0.0968 path=0.0247 cap=0.00713 margin=0.0107 | Lg=+0.9747 | 1s | curv=+0.483 wide=+0.901 gfmed=0.483
  110 acq  m=0 hq=0.000 fail | Dr=+0.525/+1.524 |Dr|max=1.524 Df=-0.550 | g r=0.239 f=0.335 p=0.599(0.007) max=2.315 | Ld=-0.7782 base=-0.878 r1=0.0714 path=0.00651 cap=0.0125 margin=0.00907 | Lg=+1.3862 | 2s | curv=+1.25 wide=+1.31 gfmed=0.329
  120 acq  m=1 hq=0.004 fail | Dr=+0.467/+1.926 |Dr|max=1.926 Df=-0.488 | g r=0.341 f=0.626 p=0.668(0.014) max=2.418 | Ld=-0.0795 base=-0.928 r1=0.212 path=0.471 cap=0.153 margin=0.0118 | Lg=+1.3539 | 2s | curv=+0.175 wide=+0.594 gfmed=0.662
  130 acq  m=2 hq=0.366 fail | Dr=-0.615/+0.210 |Dr|max=1.242 Df=-0.505 | g r=0.322 f=0.549 p=0.573(0.013) max=2.537 | Ld=+1.1696 base=0.123 r1=0.142 path=0.773 cap=0.122 margin=0.0106 | Lg=+0.7027 | 2s | curv=+1.64 wide=+1.79 gfmed=0.451
  140 acq  m=2 hq=0.419 fail | Dr=-0.372/+0.020 |Dr|max=0.997 Df=-0.869 | g r=0.278 f=0.521 p=0.586(0.007) max=2.408 | Ld=+0.0305 base=-0.475 r1=0.128 path=0.329 cap=0.0404 margin=0.00866 | Lg=+1.0015 | 2s | curv=+1.37 wide=+1.74 gfmed=0.480
  150 acq  m=1 hq=0.250 fail | Dr=+0.087/+0.679 |Dr|max=0.853 Df=-0.661 | g r=0.217 f=0.520 p=0.572(0.013) max=1.936 | Ld=-0.4246 base=-0.704 r1=0.0816 path=0.164 cap=0.0254 margin=0.00909 | Lg=+1.1692 | 2s | curv=+1.33 wide=+1.72 gfmed=0.446
  160 acq  m=1 hq=0.503 fail | Dr=-0.065/+1.012 |Dr|max=1.012 Df=-0.510 | g r=0.292 f=0.484 p=0.560(0.012) max=2.053 | Ld=+0.9223 base=-0.345 r1=0.122 path=1.1 cap=0.0363 margin=0.00859 | Lg=+0.9834 | 2s | curv=+1.11 wide=+1.52 gfmed=0.541
  170 acq  m=0 hq=0.000 fail | Dr=+0.208/+1.545 |Dr|max=1.545 Df=-0.691 | g r=0.276 f=0.766 p=0.622(0.005) max=2.024 | Ld=-0.2235 base=-0.878 r1=0.155 path=0.427 cap=0.0625 margin=0.0103 | Lg=+1.3630 | 2s | curv=+1.71 wide=+1.89 gfmed=0.784
  180 acq  m=1 hq=0.345 fail | Dr=+0.175/+1.257 |Dr|max=1.257 Df=-0.718 | g r=0.294 f=0.573 p=0.660(0.013) max=2.043 | Ld=-0.3600 base=-0.891 r1=0.141 path=0.311 cap=0.0695 margin=0.00952 | Lg=+1.3118 | 2s | curv=+1.66 wide=+1.96 gfmed=0.558
  190 acq  m=2 hq=0.086 fail | Dr=+0.129/+1.115 |Dr|max=1.115 Df=-0.810 | g r=0.294 f=0.614 p=0.698(0.001) max=1.996 | Ld=-0.2961 base=-0.879 r1=0.143 path=0.282 cap=0.15 margin=0.00929 | Lg=+1.3397 | 2s | curv=+1.66 wide=+2.01 gfmed=0.565
  200 acq  m=2 hq=0.237 fail | Dr=+0.159/+1.935 |Dr|max=1.935 Df=-1.431 | g r=0.311 f=0.885 p=0.765(0.015) max=2.568 | Ld=-0.9745 base=-1.56 r1=0.133 path=0.204 cap=0.235 margin=0.0105 | Lg=+1.8914 | 2s | curv=+1.43 wide=+1.69 gfmed=0.952
  210 acq  m=2 hq=0.012 fail | Dr=+0.384/+1.968 |Dr|max=1.968 Df=-0.887 | g r=0.505 f=0.769 p=0.832(0.012) max=2.832 | Ld=-0.1881 base=-1.46 r1=0.271 path=0.687 cap=0.3 margin=0.0108 | Lg=+1.7356 | 2s | curv=+1.55 wide=+1.75 gfmed=0.719
  220 acq  m=4 hq=0.335 fail | Dr=-0.276/+0.244 |Dr|max=1.258 Df=-0.975 | g r=0.269 f=0.654 p=0.667(0.001) max=2.146 | Ld=-0.1908 base=-0.681 r1=0.122 path=0.279 cap=0.0813 margin=0.0087 | Lg=+1.1441 | 3s | curv=+1.76 wide=+2.2 gfmed=0.639
  230 acq  m=5 hq=0.225 fail | Dr=-0.198/+0.238 |Dr|max=1.181 Df=-0.894 | g r=0.278 f=0.664 p=0.666(0.002) max=1.916 | Ld=-0.1615 base=-0.688 r1=0.113 path=0.327 cap=0.079 margin=0.00783 | Lg=+1.1815 | 3s | curv=+1.9 wide=+2.41 gfmed=0.590
  240 acq  m=5 hq=0.115 fail | Dr=-0.423/+0.401 |Dr|max=1.527 Df=-1.000 | g r=0.252 f=0.694 p=0.678(0.015) max=2.259 | Ld=-0.0872 base=-0.623 r1=0.095 path=0.38 cap=0.0528 margin=0.00764 | Lg=+1.1839 | 3s | curv=+1.34 wide=+1.9 gfmed=0.643
  250 acq  m=5 hq=0.291 fail | Dr=-0.443/-0.022 |Dr|max=1.464 Df=-1.105 | g r=0.307 f=0.579 p=0.651(0.006) max=1.885 | Ld=+0.0308 base=-0.616 r1=0.116 path=0.422 cap=0.101 margin=0.00848 | Lg=+1.1087 | 3s | curv=+2.62 wide=+2.91 gfmed=0.558
  260 acq  m=6 hq=0.216 fail | Dr=-0.261/+0.330 |Dr|max=1.432 Df=-0.822 | g r=0.251 f=0.546 p=0.583(0.006) max=1.939 | Ld=-0.0914 base=-0.465 r1=0.141 path=0.149 cap=0.0734 margin=0.00964 | Lg=+1.0761 | 3s | curv=+2.06 wide=+2.46 gfmed=0.538
  270 acq  m=6 hq=0.261 fail | Dr=-0.352/+0.208 |Dr|max=1.511 Df=-0.975 | g r=0.342 f=0.641 p=0.661(0.004) max=1.907 | Ld=-0.2746 base=-0.577 r1=0.115 path=0.09 cap=0.0879 margin=0.00935 | Lg=+1.1283 | 3s | curv=+2.48 wide=+2.79 gfmed=0.578
  280 acq  m=6 hq=0.255 fail | Dr=-0.086/+0.546 |Dr|max=1.259 Df=-0.583 | g r=0.294 f=0.588 p=0.601(0.006) max=1.828 | Ld=+0.0615 base=-0.543 r1=0.235 path=0.237 cap=0.122 margin=0.0111 | Lg=+1.1346 | 3s | curv=+1.5 wide=+1.81 gfmed=0.534
  290 acq  m=5 hq=0.251 fail | Dr=-0.331/+0.227 |Dr|max=1.450 Df=-0.919 | g r=0.295 f=0.598 p=0.664(0.013) max=1.852 | Ld=-0.3268 base=-0.63 r1=0.108 path=0.0909 cap=0.0953 margin=0.00851 | Lg=+1.1063 | 3s | curv=+2.31 wide=+2.59 gfmed=0.568
  300 acq  m=6 hq=0.120 fail | Dr=-0.170/+0.692 |Dr|max=1.470 Df=-0.809 | g r=0.354 f=0.626 p=0.681(0.003) max=2.315 | Ld=-0.2289 base=-0.477 r1=0.108 path=0.0716 cap=0.0606 margin=0.00785 | Lg=+1.2355 | 3s | curv=+1.71 wide=+1.93 gfmed=0.567
  310 acq  m=7 hq=0.147 fail | Dr=-0.229/+0.244 |Dr|max=1.580 Df=-0.736 | g r=0.325 f=0.692 p=0.693(0.022) max=1.966 | Ld=-0.2930 base=-0.656 r1=0.102 path=0.167 cap=0.0867 margin=0.00794 | Lg=+1.1467 | 3s | curv=+1.69 wide=+1.94 gfmed=0.705
  320 acq  m=3 hq=0.010 fail | Dr=-0.298/+0.289 |Dr|max=1.461 Df=-0.941 | g r=0.232 f=0.667 p=0.633(0.010) max=2.160 | Ld=-0.3150 base=-0.551 r1=0.0865 path=0.103 cap=0.0406 margin=0.00624 | Lg=+1.0684 | 3s | curv=+1.91 wide=+2.23 gfmed=0.680
  330 acq  m=5 hq=0.210 fail | Dr=-0.171/+0.467 |Dr|max=1.361 Df=-0.814 | g r=0.268 f=0.697 p=0.708(0.013) max=1.843 | Ld=-0.3337 base=-0.571 r1=0.075 path=0.09 cap=0.0644 margin=0.00835 | Lg=+1.1826 | 4s | curv=+2.14 wide=+2.4 gfmed=0.650
  340 acq  m=6 hq=0.246 fail | Dr=-0.203/+0.451 |Dr|max=1.550 Df=-0.754 | g r=0.285 f=0.662 p=0.683(0.018) max=1.849 | Ld=-0.2519 base=-0.548 r1=0.0822 path=0.17 cap=0.034 margin=0.00962 | Lg=+1.2064 | 4s | curv=+2.17 wide=+2.32 gfmed=0.642
  350 acq  m=4 hq=0.215 fail | Dr=-0.111/+0.494 |Dr|max=1.273 Df=-0.795 | g r=0.235 f=0.476 p=0.613(0.005) max=1.796 | Ld=-0.3322 base=-0.567 r1=0.0938 path=0.0784 cap=0.0549 margin=0.00751 | Lg=+1.1486 | 4s | curv=+1.25 wide=+1.76 gfmed=0.460
  360 acq  m=4 hq=0.249 fail | Dr=+0.109/+0.789 |Dr|max=0.992 Df=-0.435 | g r=0.225 f=0.534 p=0.594(0.003) max=2.077 | Ld=+0.0100 base=-0.583 r1=0.171 path=0.125 cap=0.284 margin=0.0124 | Lg=+1.1196 | 4s | curv=+1.31 wide=+1.75 gfmed=0.489
  370 acq  m=5 hq=0.277 fail | Dr=+0.130/+0.864 |Dr|max=1.509 Df=-0.561 | g r=0.258 f=0.656 p=0.764(0.008) max=1.894 | Ld=-0.1262 base=-0.57 r1=0.122 path=0.272 cap=0.0391 margin=0.0109 | Lg=+1.3888 | 4s | curv=+1.93 wide=+2.21 gfmed=0.599
  380 acq  m=4 hq=0.146 fail | Dr=+0.046/+0.769 |Dr|max=1.351 Df=-0.637 | g r=0.238 f=0.555 p=0.648(0.005) max=1.746 | Ld=-0.4397 base=-0.63 r1=0.0603 path=0.0535 cap=0.0679 margin=0.00804 | Lg=+1.1818 | 4s | curv=+1.49 wide=+1.87 gfmed=0.577
  390 acq  m=6 hq=0.262 fail | Dr=+0.190/+0.871 |Dr|max=1.130 Df=-0.400 | g r=0.231 f=0.559 p=0.671(0.008) max=1.755 | Ld=-0.4191 base=-0.558 r1=0.0773 path=0.0218 cap=0.0323 margin=0.00777 | Lg=+1.1249 | 4s | curv=+1.43 wide=+1.77 gfmed=0.505
  400 acq  m=7 hq=0.386 fail | Dr=+0.102/+0.803 |Dr|max=1.385 Df=-0.444 | g r=0.175 f=0.517 p=0.647(0.005) max=1.696 | Ld=-0.3815 base=-0.517 r1=0.0522 path=0.0506 cap=0.0253 margin=0.00736 | Lg=+1.1001 | 4s | curv=+1.63 wide=+1.98 gfmed=0.477
  410 acq  m=7 hq=0.342 fail | Dr=+0.089/+0.953 |Dr|max=1.333 Df=-0.459 | g r=0.205 f=0.507 p=0.655(0.010) max=1.690 | Ld=-0.3851 base=-0.548 r1=0.0655 path=0.024 cap=0.0664 margin=0.00711 | Lg=+1.1473 | 4s | curv=+1.25 wide=+1.61 gfmed=0.472
  420 acq  m=7 hq=0.172 fail | Dr=+0.095/+0.705 |Dr|max=1.375 Df=-0.459 | g r=0.250 f=0.579 p=0.666(0.005) max=1.843 | Ld=-0.3797 base=-0.583 r1=0.0758 path=0.0386 cap=0.0806 margin=0.00826 | Lg=+1.1303 | 4s | curv=+1.27 wide=+1.67 gfmed=0.576
  430 acq  m=4 hq=0.053 fail | Dr=+0.069/+0.978 |Dr|max=1.353 Df=-0.559 | g r=0.212 f=0.580 p=0.671(0.011) max=1.631 | Ld=-0.3754 base=-0.518 r1=0.047 path=0.0416 cap=0.0467 margin=0.00721 | Lg=+1.1456 | 4s | curv=+1.18 wide=+1.6 gfmed=0.532
  440 acq  m=5 hq=0.079 fail | Dr=+0.110/+1.182 |Dr|max=1.339 Df=-0.472 | g r=0.214 f=0.560 p=0.694(0.003) max=1.641 | Ld=-0.3796 base=-0.549 r1=0.0673 path=0.0584 cap=0.0361 margin=0.00759 | Lg=+1.2584 | 5s | curv=+1.12 wide=+1.52 gfmed=0.476
  450 acq  m=5 hq=0.072 fail | Dr=+0.045/+0.973 |Dr|max=1.599 Df=-0.575 | g r=0.206 f=0.659 p=0.702(0.007) max=1.782 | Ld=-0.4188 base=-0.583 r1=0.0581 path=0.0685 cap=0.0301 margin=0.00711 | Lg=+1.2295 | 5s | curv=+1.72 wide=+2.11 gfmed=0.628
  460 acq  m=5 hq=0.065 fail | Dr=+0.045/+1.023 |Dr|max=1.023 Df=-0.415 | g r=0.262 f=0.695 p=0.739(0.020) max=2.281 | Ld=-0.0465 base=-0.595 r1=0.0874 path=0.395 cap=0.0583 margin=0.00811 | Lg=+1.1055 | 5s | curv=+1.48 wide=+1.69 gfmed=0.591
  470 acq  m=2 hq=0.042 fail | Dr=-0.035/+0.601 |Dr|max=1.106 Df=-0.566 | g r=0.202 f=0.429 p=0.590(0.012) max=1.728 | Ld=-0.3464 base=-0.558 r1=0.0555 path=0.115 cap=0.0334 margin=0.00754 | Lg=+1.1463 | 5s | curv=+0.773 wide=+1.22 gfmed=0.335
  480 acq  m=5 hq=0.214 fail | Dr=+0.298/+1.152 |Dr|max=1.262 Df=-0.251 | g r=0.219 f=0.663 p=0.687(0.012) max=1.680 | Ld=-0.3523 base=-0.542 r1=0.0687 path=0.0546 cap=0.0582 margin=0.00811 | Lg=+1.1474 | 5s | curv=+1.88 wide=+2.05 gfmed=0.710
  490 acq  m=5 hq=0.038 fail | Dr=+0.104/+0.879 |Dr|max=1.386 Df=-0.597 | g r=0.237 f=0.731 p=0.805(0.011) max=1.982 | Ld=-0.1886 base=-0.493 r1=0.102 path=0.165 cap=0.0267 margin=0.0103 | Lg=+1.3086 | 5s | curv=+1.56 wide=+2.03 gfmed=0.772
  500 acq  m=3 hq=0.069 fail | Dr=+0.105/+1.186 |Dr|max=1.426 Df=-0.477 | g r=0.195 f=0.732 p=0.708(0.006) max=1.642 | Ld=-0.4267 base=-0.548 r1=0.0525 path=0.0298 cap=0.032 margin=0.00694 | Lg=+1.1999 | 5s | curv=+1.7 wide=+2.03 gfmed=0.732
  510 acq  m=5 hq=0.124 fail | Dr=+0.140/+1.374 |Dr|max=1.388 Df=-0.413 | g r=0.198 f=0.623 p=0.697(0.024) max=1.630 | Ld=-0.3426 base=-0.491 r1=0.0644 path=0.0455 cap=0.0303 margin=0.00782 | Lg=+1.1949 | 5s | curv=+1.79 wide=+1.99 gfmed=0.614
  520 acq  m=5 hq=0.071 fail | Dr=+0.256/+1.081 |Dr|max=1.216 Df=-0.286 | g r=0.207 f=0.694 p=0.691(0.008) max=1.636 | Ld=-0.4055 base=-0.555 r1=0.0575 path=0.0219 cap=0.0626 margin=0.0078 | Lg=+1.1578 | 5s | curv=+1.55 wide=+1.86 gfmed=0.744
  530 acq  m=8 hq=0.084 fail | Dr=+0.279/+1.183 |Dr|max=1.202 Df=-0.252 | g r=0.185 f=0.797 p=0.703(0.005) max=1.596 | Ld=-0.3669 base=-0.516 r1=0.0902 path=0.0239 cap=0.0264 margin=0.00826 | Lg=+1.1246 | 5s | curv=+1.72 wide=+1.92 gfmed=0.831
  540 acq  m=7 hq=0.221 fail | Dr=+0.191/+1.136 |Dr|max=1.136 Df=-0.293 | g r=0.193 f=0.659 p=0.670(0.005) max=1.527 | Ld=-0.3294 base=-0.46 r1=0.0576 path=0.00988 cap=0.0556 margin=0.00705 | Lg=+1.0552 | 6s | curv=+1.5 wide=+1.79 gfmed=0.722
  550 acq  m=5 hq=0.169 fail | Dr=+0.163/+1.295 |Dr|max=1.295 Df=-0.290 | g r=0.207 f=0.605 p=0.690(0.006) max=1.605 | Ld=-0.3891 base=-0.512 r1=0.0648 path=0.0177 cap=0.0325 margin=0.0076 | Lg=+1.2203 | 6s | curv=+1.39 wide=+1.65 gfmed=0.579
  560 acq  m=7 hq=0.223 fail | Dr=+0.123/+1.238 |Dr|max=1.238 Df=-0.278 | g r=0.163 f=0.505 p=0.627(0.008) max=1.494 | Ld=-0.3381 base=-0.465 r1=0.0561 path=0.0244 cap=0.0393 margin=0.00758 | Lg=+1.1263 | 6s | curv=+1.21 wide=+1.46 gfmed=0.479
  570 acq  m=7 hq=0.320 fail | Dr=+0.178/+1.158 |Dr|max=1.158 Df=-0.253 | g r=0.175 f=0.527 p=0.623(0.006) max=1.453 | Ld=-0.3216 base=-0.423 r1=0.0437 path=0.0305 cap=0.0199 margin=0.00729 | Lg=+1.0620 | 6s | curv=+1.34 wide=+1.62 gfmed=0.423
  580 acq  m=2 hq=0.008 fail | Dr=+0.090/+0.969 |Dr|max=1.304 Df=-0.395 | g r=0.196 f=0.637 p=0.616(0.011) max=1.590 | Ld=-0.2736 base=-0.425 r1=0.0433 path=0.0407 cap=0.0601 margin=0.0073 | Lg=+1.0623 | 6s | curv=+1.2 wide=+1.51 gfmed=0.633
  590 acq  m=5 hq=0.062 fail | Dr=+0.191/+1.361 |Dr|max=1.363 Df=-0.286 | g r=0.205 f=0.647 p=0.678(0.012) max=1.578 | Ld=-0.3391 base=-0.451 r1=0.0451 path=0.0269 cap=0.0317 margin=0.00774 | Lg=+1.1463 | 6s | curv=+1.86 wide=+2.06 gfmed=0.655
  600 acq  m=7 hq=0.109 fail | Dr=+0.281/+1.433 |Dr|max=1.433 Df=-0.137 | g r=0.181 f=0.700 p=0.672(0.007) max=1.484 | Ld=-0.3103 base=-0.392 r1=0.0459 path=0.0124 cap=0.0157 margin=0.00732 | Lg=+1.0569 | 6s | curv=+1.32 wide=+1.59 gfmed=0.747
  610 acq  m=8 hq=0.500 fail | Dr=+0.322/+1.571 |Dr|max=1.571 Df=+0.002 | g r=0.191 f=0.536 p=0.706(0.002) max=1.656 | Ld=-0.3955 base=-0.535 r1=0.0492 path=0.0534 cap=0.0287 margin=0.00786 | Lg=+1.1863 | 6s | curv=+1.6 wide=+1.8 gfmed=0.463
  620 acq  m=6 hq=0.185 fail | Dr=+0.314/+0.942 |Dr|max=0.942 Df=-0.061 | g r=0.216 f=0.593 p=0.597(0.003) max=1.507 | Ld=-0.2391 base=-0.381 r1=0.0525 path=0.00693 cap=0.0747 margin=0.00804 | Lg=+0.9627 | 6s | curv=+1.57 wide=+1.74 gfmed=0.574
  630 acq  m=8 hq=0.450 fail | Dr=+0.399/+1.287 |Dr|max=1.287 Df=+0.068 | g r=0.132 f=0.505 p=0.607(0.002) max=1.394 | Ld=-0.2060 base=-0.29 r1=0.0436 path=0.0148 cap=0.0187 margin=0.00664 | Lg=+0.9295 | 6s | curv=+1.26 wide=+1.56 gfmed=0.483
  640 acq  m=8 hq=0.505 fail | Dr=+0.265/+1.460 |Dr|max=1.460 Df=-0.048 | g r=0.150 f=0.438 p=0.630(0.005) max=1.492 | Ld=-0.3446 base=-0.427 r1=0.0415 path=0.0131 cap=0.0204 margin=0.00729 | Lg=+1.1111 | 6s | curv=+1.29 wide=+1.52 gfmed=0.334
  650 acq  m=8 hq=0.453 fail | Dr=+0.331/+1.241 |Dr|max=1.241 Df=+0.040 | g r=0.149 f=0.474 p=0.615(0.004) max=1.486 | Ld=-0.2566 base=-0.361 r1=0.0354 path=0.0332 cap=0.028 margin=0.00779 | Lg=+1.0477 | 7s | curv=+1.41 wide=+1.58 gfmed=0.420
  660 acq  m=5 hq=0.224 fail | Dr=+0.173/+1.342 |Dr|max=1.484 Df=-0.140 | g r=0.191 f=0.618 p=0.691(0.006) max=1.699 | Ld=-0.1044 base=-0.368 r1=0.0415 path=0.198 cap=0.016 margin=0.00833 | Lg=+1.1147 | 7s | curv=+1.28 wide=+1.49 gfmed=0.576
  670 acq  m=8 hq=0.465 fail | Dr=+0.299/+1.652 |Dr|max=1.652 Df=-0.012 | g r=0.151 f=0.545 p=0.690(0.009) max=1.717 | Ld=-0.3056 base=-0.381 r1=0.0378 path=0.0174 cap=0.0126 margin=0.00772 | Lg=+1.1192 | 7s | curv=+1.34 wide=+1.59 gfmed=0.423
  680 acq  m=8 hq=0.540 fail | Dr=+0.218/+1.366 |Dr|max=1.366 Df=-0.033 | g r=0.179 f=0.434 p=0.626(0.004) max=1.397 | Ld=-0.2224 base=-0.32 r1=0.045 path=0.00896 cap=0.0352 margin=0.00822 | Lg=+1.0035 | 7s | curv=+1.39 wide=+1.58 gfmed=0.363
  690 acq  m=8 hq=0.604 fail | Dr=+0.339/+1.422 |Dr|max=1.422 Df=+0.060 | g r=0.164 f=0.388 p=0.619(0.005) max=1.655 | Ld=-0.1529 base=-0.263 r1=0.0408 path=0.0434 cap=0.0179 margin=0.00801 | Lg=+0.9769 | 7s | curv=+1.03 wide=+1.3 gfmed=0.212
  700 acq  m=6 hq=0.532 fail | Dr=+0.148/+1.591 |Dr|max=1.591 Df=-0.163 | g r=0.157 f=0.401 p=0.641(0.001) max=1.598 | Ld=-0.2768 base=-0.369 r1=0.0268 path=0.0417 cap=0.015 margin=0.00856 | Lg=+1.1352 | 7s | curv=+1.1 wide=+1.33 gfmed=0.261
  710 acq  m=7 hq=0.496 fail | Dr=+0.283/+1.757 |Dr|max=1.757 Df=-0.048 | g r=0.145 f=0.357 p=0.634(0.003) max=1.674 | Ld=-0.2886 base=-0.37 r1=0.0289 path=0.0213 cap=0.0235 margin=0.00813 | Lg=+1.1111 | 7s | curv=+0.875 wide=+1.06 gfmed=0.194
  720 acq  m=8 hq=0.546 fail | Dr=+0.150/+1.215 |Dr|max=1.215 Df=-0.121 | g r=0.146 f=0.414 p=0.606(0.001) max=1.529 | Ld=-0.2025 base=-0.282 r1=0.0318 path=0.0274 cap=0.0128 margin=0.00768 | Lg=+0.9962 | 7s | curv=+1.3 wide=+1.47 gfmed=0.316
  730 acq  m=7 hq=0.478 fail | Dr=+0.064/+1.328 |Dr|max=1.400 Df=-0.235 | g r=0.171 f=0.499 p=0.625(0.009) max=1.383 | Ld=-0.2037 base=-0.288 r1=0.0365 path=0.0213 cap=0.0182 margin=0.00811 | Lg=+1.0188 | 7s | curv=+1.34 wide=+1.5 gfmed=0.412
  740 acq  m=6 hq=0.191 fail | Dr=+0.393/+1.762 |Dr|max=1.762 Df=+0.135 | g r=0.163 f=0.491 p=0.604(0.005) max=1.574 | Ld=-0.2109 base=-0.355 r1=0.0581 path=0.0133 cap=0.0651 margin=0.00774 | Lg=+1.0240 | 7s | curv=+1.13 wide=+1.32 gfmed=0.422
  750 acq  m=8 hq=0.337 fail | Dr=+0.294/+1.529 |Dr|max=1.529 Df=+0.063 | g r=0.139 f=0.501 p=0.606(0.008) max=1.367 | Ld=-0.1571 base=-0.229 r1=0.0328 path=0.0144 cap=0.0172 margin=0.00769 | Lg=+0.9275 | 7s | curv=+1.24 wide=+1.5 gfmed=0.452
  760 acq  m=8 hq=0.518 fail | Dr=+0.272/+1.359 |Dr|max=1.359 Df=+0.061 | g r=0.139 f=0.406 p=0.587(0.001) max=1.363 | Ld=-0.1792 base=-0.262 r1=0.042 path=0.025 cap=0.00819 margin=0.00752 | Lg=+0.9768 | 8s | curv=+1.18 wide=+1.44 gfmed=0.313
  770 acq  m=6 hq=0.391 fail | Dr=+0.240/+1.426 |Dr|max=1.426 Df=-0.011 | g r=0.148 f=0.549 p=0.598(0.006) max=1.410 | Ld=-0.1473 base=-0.217 r1=0.0347 path=0.0137 cap=0.0137 margin=0.00752 | Lg=+0.9419 | 8s | curv=+1.37 wide=+1.62 gfmed=0.522
  780 acq  m=8 hq=0.455 fail | Dr=+0.135/+1.767 |Dr|max=1.767 Df=-0.106 | g r=0.160 f=0.505 p=0.632(0.002) max=1.377 | Ld=-0.1882 base=-0.254 r1=0.0328 path=0.0151 cap=0.00966 margin=0.00813 | Lg=+1.0252 | 8s | curv=+1.27 wide=+1.48 gfmed=0.426
  790 acq  m=8 hq=0.829 fail | Dr=+0.176/+1.608 |Dr|max=1.608 Df=-0.012 | g r=0.147 f=0.229 p=0.580(0.005) max=1.408 | Ld=-0.1743 base=-0.248 r1=0.0424 path=0.0123 cap=0.0107 margin=0.00854 | Lg=+0.9852 | 8s | curv=+0.979 wide=+1.19 gfmed=0.126
  800 acq  m=8 hq=0.730 fail | Dr=+0.076/+1.515 |Dr|max=1.515 Df=-0.148 | g r=0.115 f=0.317 p=0.582(0.010) max=1.425 | Ld=-0.1793 base=-0.253 r1=0.0303 path=0.0205 cap=0.0146 margin=0.0085 | Lg=+1.0172 | 8s | curv=+0.936 wide=+1.11 gfmed=0.129
  810 acq  m=8 hq=0.876 fail | Dr=+0.044/+1.611 |Dr|max=1.611 Df=-0.147 | g r=0.127 f=0.187 p=0.577(0.003) max=1.393 | Ld=-0.1327 base=-0.199 r1=0.0239 path=0.02 cap=0.0143 margin=0.00819 | Lg=+0.9757 | 8s | curv=+0.905 wide=+1.11 gfmed=0.116
  820 acq  m=8 hq=0.482 fail | Dr=+0.006/+1.176 |Dr|max=1.315 Df=-0.237 | g r=0.151 f=0.276 p=0.520(0.007) max=1.495 | Ld=-0.0954 base=-0.188 r1=0.0353 path=0.037 cap=0.012 margin=0.00813 | Lg=+0.9319 | 8s | curv=+0.883 wide=+1.07 gfmed=0.132
  830 acq  m=8 hq=0.641 fail | Dr=+0.132/+1.168 |Dr|max=1.168 Df=-0.063 | g r=0.142 f=0.304 p=0.559(0.004) max=1.459 | Ld=-0.1111 base=-0.186 r1=0.0216 path=0.0262 cap=0.0189 margin=0.00798 | Lg=+0.9353 | 8s | curv=+0.876 wide=+1.1 gfmed=0.157
  840 acq  m=8 hq=0.700 fail | Dr=+0.124/+1.451 |Dr|max=1.451 Df=-0.062 | g r=0.117 f=0.308 p=0.567(0.001) max=1.429 | Ld=-0.1559 base=-0.253 r1=0.0394 path=0.0279 cap=0.0211 margin=0.00886 | Lg=+0.9708 | 8s | curv=+0.731 wide=+0.949 gfmed=0.155
  850 acq  m=8 hq=0.733 fail | Dr=-0.034/+1.181 |Dr|max=1.260 Df=-0.202 | g r=0.130 f=0.221 p=0.554(0.005) max=1.487 | Ld=-0.1610 base=-0.22 r1=0.0255 path=0.00524 cap=0.0204 margin=0.00806 | Lg=+0.9341 | 8s | curv=+0.964 wide=+1.11 gfmed=0.144
  860 acq  m=6 hq=0.457 fail | Dr=+0.179/+1.110 |Dr|max=1.110 Df=-0.046 | g r=0.154 f=0.456 p=0.588(0.003) max=1.545 | Ld=+0.0278 base=-0.223 r1=0.028 path=0.198 cap=0.0166 margin=0.00863 | Lg=+0.9913 | 8s | curv=+1.08 wide=+1.19 gfmed=0.368
  870 acq  m=8 hq=0.754 fail | Dr=+0.107/+1.598 |Dr|max=1.598 Df=-0.063 | g r=0.126 f=0.266 p=0.605(0.010) max=1.521 | Ld=-0.2379 base=-0.291 r1=0.0253 path=0.00936 cap=0.0111 margin=0.00746 | Lg=+1.0251 | 9s | curv=+1.05 wide=+1.25 gfmed=0.143
  880 acq  m=8 hq=0.670 fail | Dr=+0.024/+1.624 |Dr|max=1.624 Df=-0.150 | g r=0.116 f=0.259 p=0.573(0.001) max=1.382 | Ld=-0.1612 base=-0.21 r1=0.0244 path=0.00801 cap=0.00784 margin=0.00826 | Lg=+1.0044 | 9s | curv=+0.702 wide=+0.86 gfmed=0.091
  890 acq  m=8 hq=0.917 PASS | Dr=-0.069/+1.588 |Dr|max=1.623 Df=-0.240 | g r=0.090 f=0.134 p=0.571(0.009) max=1.483 | Ld=-0.1400 base=-0.188 r1=0.0168 path=0.0126 cap=0.00921 margin=0.00889 | Lg=+1.0125 | 9s | curv=+0.773 wide=+0.974 gfmed=0.076
  900 acq  m=8 hq=0.929 PASS | Dr=-0.041/+1.581 |Dr|max=1.581 Df=-0.209 | g r=0.089 f=0.114 p=0.547(0.003) max=1.379 | Ld=-0.1264 base=-0.171 r1=0.0135 path=0.0105 cap=0.0115 margin=0.0087 | Lg=+0.9649 | 9s | curv=+0.612 wide=+0.799 gfmed=0.078
  910 acq  m=5 hq=0.417 fail | Dr=+0.001/+1.529 |Dr|max=1.529 Df=-0.225 | g r=0.112 f=0.322 p=0.553(0.001) max=1.454 | Ld=-0.0894 base=-0.131 r1=0.0209 path=0.00767 cap=0.0049 margin=0.00785 | Lg=+0.9118 | 9s | curv=+0.931 wide=+1.17 gfmed=0.216
  920 acq  m=8 hq=0.463 fail | Dr=+0.089/+1.517 |Dr|max=1.517 Df=-0.101 | g r=0.138 f=0.372 p=0.556(0.001) max=1.565 | Ld=-0.1169 base=-0.202 r1=0.0312 path=0.0171 cap=0.0287 margin=0.00795 | Lg=+0.9346 | 9s | curv=+1.07 wide=+1.25 gfmed=0.313
  930 acq  m=6 hq=0.504 fail | Dr=+0.014/+1.230 |Dr|max=1.279 Df=-0.165 | g r=0.121 f=0.456 p=0.566(0.001) max=1.396 | Ld=-0.0664 base=-0.156 r1=0.0372 path=0.0336 cap=0.0106 margin=0.00825 | Lg=+0.9203 | 9s | curv=+0.987 wide=+1.21 gfmed=0.320
  940 acq  m=8 hq=0.624 fail | Dr=+0.150/+1.463 |Dr|max=1.463 Df=+0.004 | g r=0.136 f=0.357 p=0.551(0.003) max=1.334 | Ld=-0.1202 base=-0.211 r1=0.0321 path=0.0083 cap=0.0427 margin=0.00756 | Lg=+0.9008 | 9s | curv=+1.21 wide=+1.36 gfmed=0.215
  950 acq  m=7 hq=0.150 fail | Dr=+0.204/+1.516 |Dr|max=1.516 Df=-0.042 | g r=0.118 f=0.613 p=0.601(0.011) max=1.597 | Ld=-0.0942 base=-0.196 r1=0.0341 path=0.0428 cap=0.0173 margin=0.00768 | Lg=+0.9537 | 9s | curv=+1.12 wide=+1.33 gfmed=0.697
  960 acq  m=7 hq=0.485 fail | Dr=+0.231/+1.377 |Dr|max=1.377 Df=+0.054 | g r=0.134 f=0.408 p=0.584(0.000) max=1.504 | Ld=-0.1569 base=-0.204 r1=0.0259 path=0.00751 cap=0.00665 margin=0.00711 | Lg=+0.9207 | 9s | curv=+1.35 wide=+1.54 gfmed=0.341
  970 acq  m=8 hq=0.921 PASS | Dr=+0.171/+1.536 |Dr|max=1.536 Df=+0.050 | g r=0.083 f=0.112 p=0.532(0.003) max=1.461 | Ld=-0.0705 base=-0.102 r1=0.0123 path=0.0058 cap=0.00512 margin=0.00809 | Lg=+0.8691 | 10s | curv=+0.625 wide=+0.896 gfmed=0.058
  980 acq  m=8 hq=0.944 PASS | Dr=-0.014/+1.697 |Dr|max=1.697 Df=-0.138 | g r=0.097 f=0.118 p=0.528(0.003) max=1.364 | Ld=-0.0597 base=-0.0973 r1=0.0117 path=0.0109 cap=0.00624 margin=0.00872 | Lg=+0.8948 | 10s | curv=+0.762 wide=+0.963 gfmed=0.079
  990 acq  m=8 hq=0.933 PASS | Dr=-0.031/+1.424 |Dr|max=1.424 Df=-0.154 | g r=0.101 f=0.108 p=0.507(0.002) max=1.356 | Ld=-0.0205 base=-0.0588 r1=0.015 path=0.0106 cap=0.00334 margin=0.00929 | Lg=+0.8978 | 10s | curv=+0.0889 wide=+0.349 gfmed=0.076
 1000 acq  m=8 hq=0.894 fail | Dr=-0.158/+1.759 |Dr|max=1.759 Df=-0.280 | g r=0.108 f=0.129 p=0.536(0.004) max=1.486 | Ld=-0.0699 base=-0.121 r1=0.0146 path=0.0225 cap=0.00535 margin=0.00873 | Lg=+0.9936 | 10s | curv=+0.491 wide=+0.704 gfmed=0.085
 1010 acq  m=8 hq=0.943 PASS | Dr=-0.117/+1.915 |Dr|max=1.915 Df=-0.248 | g r=0.099 f=0.110 p=0.545(0.004) max=1.458 | Ld=-0.0624 base=-0.107 r1=0.0205 path=0.00991 cap=0.00472 margin=0.00987 | Lg=+0.9775 | 10s | curv=+0.616 wide=+0.779 gfmed=0.086
 1020 acq  m=8 hq=0.930 PASS | Dr=-0.188/+1.983 |Dr|max=1.983 Df=-0.321 | g r=0.087 f=0.104 p=0.559(0.002) max=1.356 | Ld=-0.0834 base=-0.117 r1=0.00813 path=0.013 cap=0.00404 margin=0.00885 | Lg=+1.0274 | 10s | curv=+0.311 wide=+0.508 gfmed=0.068
 1030 acq  m=8 hq=0.949 PASS | Dr=-0.104/+1.716 |Dr|max=1.831 Df=-0.226 | g r=0.090 f=0.103 p=0.520(0.002) max=1.343 | Ld=-0.0936 base=-0.128 r1=0.0117 path=0.00915 cap=0.00461 margin=0.009 | Lg=+0.9554 | 10s | curv=+0.57 wide=+0.744 gfmed=0.086
 1040 acq  m=8 hq=0.938 PASS | Dr=-0.090/+1.913 |Dr|max=1.913 Df=-0.218 | g r=0.076 f=0.084 p=0.538(0.004) max=1.351 | Ld=-0.0959 base=-0.143 r1=0.0163 path=0.0137 cap=0.00774 margin=0.00954 | Lg=+0.9912 | 10s | curv=+0.436 wide=+0.604 gfmed=0.055
 1050 acq  m=8 hq=0.846 fail | Dr=-0.164/+1.784 |Dr|max=2.048 Df=-0.280 | g r=0.128 f=0.134 p=0.530(0.003) max=1.615 | Ld=-0.0617 base=-0.106 r1=0.0214 path=0.0082 cap=0.00638 margin=0.00868 | Lg=+0.9933 | 10s | curv=+0.429 wide=+0.58 gfmed=0.094
 1060 acq  m=8 hq=0.922 PASS | Dr=-0.162/+1.448 |Dr|max=1.625 Df=-0.270 | g r=0.121 f=0.114 p=0.505(0.005) max=1.345 | Ld=-0.0336 base=-0.161 r1=0.024 path=0.043 cap=0.0518 margin=0.0083 | Lg=+0.9561 | 10s | curv=+0.672 wide=+0.754 gfmed=0.076
 1070 acq  m=8 hq=0.951 PASS | Dr=-0.254/+1.826 |Dr|max=1.873 Df=-0.368 | g r=0.118 f=0.122 p=0.543(0.003) max=1.387 | Ld=-0.0743 base=-0.141 r1=0.0156 path=0.0349 cap=0.00717 margin=0.00932 | Lg=+0.9953 | 10s | curv=+0.358 wide=+0.528 gfmed=0.108
 1080 acq  m=8 hq=0.954 PASS | Dr=-0.207/+1.929 |Dr|max=1.929 Df=-0.328 | g r=0.080 f=0.083 p=0.542(0.005) max=1.342 | Ld=-0.1031 base=-0.143 r1=0.0165 path=0.00985 cap=0.00417 margin=0.00891 | Lg=+1.0172 | 11s | curv=+0.494 wide=+0.612 gfmed=0.060
 1090 acq  m=8 hq=0.960 PASS | Dr=-0.156/+1.720 |Dr|max=1.720 Df=-0.272 | g r=0.088 f=0.100 p=0.522(0.002) max=1.333 | Ld=-0.0525 base=-0.0941 r1=0.0139 path=0.0142 cap=0.00396 margin=0.00958 | Lg=+0.9306 | 11s | curv=+0.35 wide=+0.49 gfmed=0.083
 1100 acq  m=8 hq=0.956 PASS | Dr=-0.037/+1.549 |Dr|max=1.549 Df=-0.142 | g r=0.081 f=0.095 p=0.483(0.005) max=1.304 | Ld=-0.0316 base=-0.073 r1=0.0105 path=0.0119 cap=0.00909 margin=0.00981 | Lg=+0.8914 | 11s | curv=+0.339 wide=+0.472 gfmed=0.084
 1110 acq  m=8 hq=0.940 PASS | Dr=-0.275/+2.113 |Dr|max=2.174 Df=-0.390 | g r=0.083 f=0.093 p=0.578(0.002) max=1.543 | Ld=-0.1463 base=-0.179 r1=0.00753 path=0.0123 cap=0.00383 margin=0.00871 | Lg=+1.0631 | 11s | curv=+0.335 wide=+0.478 gfmed=0.078
 1120 acq  m=8 hq=0.957 PASS | Dr=-0.107/+1.794 |Dr|max=1.794 Df=-0.210 | g r=0.077 f=0.087 p=0.491(0.003) max=1.419 | Ld=-0.0825 base=-0.113 r1=0.0095 path=0.00722 cap=0.00429 margin=0.00898 | Lg=+0.9286 | 11s | curv=+0.388 wide=+0.544 gfmed=0.073
 1130 acq  m=8 hq=0.913 PASS | Dr=-0.208/+1.611 |Dr|max=1.619 Df=-0.298 | g r=0.100 f=0.108 p=0.467(0.005) max=1.280 | Ld=-0.0379 base=-0.122 r1=0.0158 path=0.0297 cap=0.0301 margin=0.00872 | Lg=+0.9393 | 11s | curv=+0.293 wide=+0.414 gfmed=0.082
 1140 acq  m=8 hq=0.777 fail | Dr=-0.263/+1.806 |Dr|max=1.957 Df=-0.359 | g r=0.132 f=0.150 p=0.542(0.009) max=1.429 | Ld=-0.0177 base=-0.0785 r1=0.0244 path=0.0218 cap=0.00542 margin=0.00918 | Lg=+1.0129 | 11s | curv=+0.541 wide=+0.645 gfmed=0.099
 1150 acq  m=8 hq=0.856 fail | Dr=-0.308/+1.747 |Dr|max=2.324 Df=-0.391 | g r=0.097 f=0.139 p=0.538(0.002) max=1.591 | Ld=-0.0877 base=-0.132 r1=0.0144 path=0.0191 cap=0.00181 margin=0.00863 | Lg=+1.0732 | 11s | curv=+0.686 wide=+0.794 gfmed=0.072
 1160 acq  m=8 hq=0.951 PASS | Dr=-0.097/+1.644 |Dr|max=1.644 Df=-0.182 | g r=0.075 f=0.085 p=0.500(0.008) max=1.281 | Ld=-0.0372 base=-0.077 r1=0.0101 path=0.0165 cap=0.0046 margin=0.00863 | Lg=+0.9387 | 11s | curv=+0.395 wide=+0.572 gfmed=0.051
 1170 acq  m=8 hq=0.911 PASS | Dr=-0.213/+1.764 |Dr|max=1.866 Df=-0.306 | g r=0.126 f=0.123 p=0.533(0.004) max=1.265 | Ld=-0.0610 base=-0.0985 r1=0.0108 path=0.00853 cap=0.0085 margin=0.00971 | Lg=+0.9661 | 11s | curv=+0.283 wide=+0.46 gfmed=0.098
 1180 acq  m=8 hq=0.589 fail | Dr=-0.095/+1.504 |Dr|max=1.504 Df=-0.187 | g r=0.108 f=0.312 p=0.486(0.000) max=1.278 | Ld=-0.0480 base=-0.112 r1=0.0308 path=0.0207 cap=0.00343 margin=0.00871 | Lg=+0.8872 | 11s | curv=+0.797 wide=+0.942 gfmed=0.234
 1190 acq  m=4 hq=0.217 fail | Dr=+0.074/+1.540 |Dr|max=1.540 Df=-0.108 | g r=0.130 f=0.471 p=0.536(0.006) max=1.274 | Ld=-0.0687 base=-0.129 r1=0.029 path=0.0101 cap=0.0137 margin=0.00788 | Lg=+0.8946 | 12s | curv=+1.08 wide=+1.24 gfmed=0.451
 1200 acq  m=6 hq=0.293 fail | Dr=+0.081/+1.633 |Dr|max=1.633 Df=-0.067 | g r=0.142 f=0.544 p=0.559(0.008) max=1.345 | Ld=-0.0864 base=-0.127 r1=0.0252 path=0.00564 cap=0.00278 margin=0.00712 | Lg=+0.9302 | 12s | curv=+1.26 wide=+1.44 gfmed=0.569
 1210 hold m=4 hq=0.127 fail | Dr=+0.148/+1.313 |Dr|max=1.313 Df=-0.084 | g r=0.136 f=0.494 p=0.542(0.001) max=1.283 | Ld=-0.0979 base=-0.168 r1=0.0294 path=0.0284 cap=0.00505 margin=0.00692 | Lg=+0.8802 | 12s | curv=+1.4 wide=+1.59 gfmed=0.455
 1220 hold m=7 hq=0.318 fail | Dr=+0.229/+1.358 |Dr|max=1.358 Df=+0.117 | g r=0.107 f=0.345 p=0.502(0.004) max=1.279 | Ld=-0.0523 base=-0.0881 r1=0.0208 path=0.00696 cap=0.000661 margin=0.00735 | Lg=+0.8141 | 12s | curv=+1.13 wide=+1.29 gfmed=0.351
 1230 hold m=6 hq=0.256 fail | Dr=+0.106/+1.576 |Dr|max=1.576 Df=-0.111 | g r=0.147 f=0.589 p=0.608(0.006) max=1.563 | Ld=-0.1923 base=-0.238 r1=0.0314 path=0.00471 cap=0.0025 margin=0.00723 | Lg=+0.9603 | 12s | curv=+1.54 wide=+1.77 gfmed=0.596
 1240 hold m=7 hq=0.302 fail | Dr=+0.067/+1.325 |Dr|max=1.325 Df=-0.049 | g r=0.150 f=0.511 p=0.568(0.004) max=1.462 | Ld=-0.0937 base=-0.166 r1=0.0328 path=0.0127 cap=0.0194 margin=0.00767 | Lg=+0.8757 | 12s | curv=+1.32 wide=+1.53 gfmed=0.492
 1250 hold m=6 hq=0.428 fail | Dr=+0.137/+1.568 |Dr|max=1.568 Df=-0.028 | g r=0.157 f=0.473 p=0.607(0.004) max=1.460 | Ld=-0.1607 base=-0.22 r1=0.0417 path=0.00472 cap=0.00539 margin=0.00747 | Lg=+0.9401 | 12s | curv=+1.46 wide=+1.7 gfmed=0.386
 1260 hold m=6 hq=0.285 fail | Dr=+0.077/+1.527 |Dr|max=1.527 Df=-0.098 | g r=0.142 f=0.551 p=0.603(0.008) max=1.316 | Ld=-0.1370 base=-0.196 r1=0.0346 path=0.00173 cap=0.0154 margin=0.00748 | Lg=+0.9333 | 12s | curv=+1.12 wide=+1.34 gfmed=0.523
 1270 hold m=8 hq=0.499 fail | Dr=+0.101/+1.511 |Dr|max=1.511 Df=-0.016 | g r=0.120 f=0.447 p=0.552(0.005) max=1.226 | Ld=-0.0479 base=-0.0904 r1=0.0267 path=0.00485 cap=0.00312 margin=0.0078 | Lg=+0.8339 | 12s | curv=+0.98 wide=+1.22 gfmed=0.396
 1280 hold m=5 hq=0.329 fail | Dr=+0.148/+1.568 |Dr|max=1.568 Df=-0.052 | g r=0.134 f=0.496 p=0.559(0.010) max=1.337 | Ld=-0.0811 base=-0.12 r1=0.0227 path=0.00483 cap=0.00381 margin=0.00774 | Lg=+0.8849 | 12s | curv=+1.17 wide=+1.38 gfmed=0.520
 1290 hold m=8 hq=0.808 fail | Dr=+0.163/+1.624 |Dr|max=1.624 Df=+0.086 | g r=0.082 f=0.224 p=0.517(0.002) max=1.393 | Ld=-0.0611 base=-0.0896 r1=0.0147 path=0.00503 cap=0.000852 margin=0.00791 | Lg=+0.8219 | 12s | curv=+0.874 wide=+1.1 gfmed=0.107
 1300 hold m=8 hq=0.567 fail | Dr=+0.094/+1.464 |Dr|max=1.464 Df=-0.008 | g r=0.107 f=0.372 p=0.515(0.003) max=1.484 | Ld=-0.0834 base=-0.119 r1=0.0208 path=0.00144 cap=0.005 margin=0.00805 | Lg=+0.8607 | 13s | curv=+0.843 wide=+1.01 gfmed=0.276
 1310 hold m=8 hq=0.733 fail | Dr=-0.002/+1.309 |Dr|max=1.309 Df=-0.077 | g r=0.114 f=0.279 p=0.501(0.004) max=1.340 | Ld=-0.0056 base=-0.0573 r1=0.0242 path=0.0129 cap=0.00638 margin=0.00817 | Lg=+0.8142 | 13s | curv=+0.969 wide=+1.18 gfmed=0.159
 1320 hold m=8 hq=0.748 fail | Dr=-0.055/+1.696 |Dr|max=1.696 Df=-0.139 | g r=0.110 f=0.240 p=0.528(0.003) max=1.517 | Ld=-0.0544 base=-0.0879 r1=0.0195 path=0.00209 cap=0.00416 margin=0.0078 | Lg=+0.8855 | 13s | curv=+0.642 wide=+0.866 gfmed=0.111
 1330 hold m=8 hq=0.940 PASS | Dr=+0.003/+1.301 |Dr|max=1.301 Df=-0.063 | g r=0.069 f=0.081 p=0.473(0.001) max=1.319 | Ld=-0.0255 base=-0.0492 r1=0.00914 path=0.00387 cap=0.00265 margin=0.00808 | Lg=+0.8428 | 13s | curv=+0.482 wide=+0.66 gfmed=0.046
 1340 hold m=8 hq=0.962 PASS | Dr=-0.070/+1.545 |Dr|max=1.545 Df=-0.142 | g r=0.059 f=0.063 p=0.475(0.001) max=1.314 | Ld=-0.0648 base=-0.0945 r1=0.00792 path=0.0109 cap=0.00202 margin=0.00886 | Lg=+0.8694 | 13s | curv=+0.33 wide=+0.502 gfmed=0.040
 1350 hold m=8 hq=0.915 PASS | Dr=-0.178/+1.602 |Dr|max=1.602 Df=-0.253 | g r=0.068 f=0.080 p=0.505(0.000) max=1.371 | Ld=-0.0797 base=-0.106 r1=0.0101 path=0.00539 cap=0.00267 margin=0.00853 | Lg=+0.9168 | 13s | curv=+0.353 wide=+0.512 gfmed=0.058
 1360 hold m=8 hq=0.928 PASS | Dr=-0.199/+1.565 |Dr|max=1.565 Df=-0.275 | g r=0.081 f=0.090 p=0.482(0.002) max=1.363 | Ld=-0.0506 base=-0.073 r1=0.00726 path=0.00267 cap=0.00334 margin=0.0091 | Lg=+0.8991 | 13s | curv=+0.323 wide=+0.525 gfmed=0.077
 1370 hold m=8 hq=0.961 PASS | Dr=-0.193/+1.593 |Dr|max=1.593 Df=-0.266 | g r=0.061 f=0.064 p=0.467(0.001) max=1.362 | Ld=-0.0104 base=-0.049 r1=0.00904 path=0.0131 cap=0.00717 margin=0.00923 | Lg=+0.8671 | 13s | curv=+0.262 wide=+0.429 gfmed=0.047
 1380 hold m=8 hq=0.960 PASS | Dr=-0.303/+1.543 |Dr|max=1.543 Df=-0.376 | g r=0.067 f=0.076 p=0.503(0.001) max=1.403 | Ld=-0.0573 base=-0.0816 r1=0.0107 path=0.00392 cap=0.00112 margin=0.00859 | Lg=+0.9035 | 13s | curv=+0.245 wide=+0.398 gfmed=0.063
 1390 hold m=8 hq=0.966 PASS | Dr=-0.190/+1.457 |Dr|max=1.457 Df=-0.262 | g r=0.083 f=0.085 p=0.481(0.004) max=1.482 | Ld=-0.0259 base=-0.0523 r1=0.00817 path=0.00569 cap=0.00317 margin=0.0093 | Lg=+0.8683 | 13s | curv=+0.251 wide=+0.408 gfmed=0.061
 1400 hold m=8 hq=0.970 PASS | Dr=-0.293/+1.308 |Dr|max=1.830 Df=-0.360 | g r=0.071 f=0.077 p=0.463(0.002) max=1.294 | Ld=-0.0306 base=-0.0615 r1=0.00879 path=0.0116 cap=0.00124 margin=0.00932 | Lg=+0.8777 | 13s | curv=+0.232 wide=+0.386 gfmed=0.059
 1410 hold m=8 hq=0.966 PASS | Dr=-0.183/+1.467 |Dr|max=1.519 Df=-0.247 | g r=0.078 f=0.084 p=0.450(0.002) max=1.393 | Ld=+0.0047 base=-0.0333 r1=0.00773 path=0.0137 cap=0.00764 margin=0.00895 | Lg=+0.8557 | 13s | curv=+0.303 wide=+0.472 gfmed=0.062
 1420 hold m=8 hq=0.960 PASS | Dr=-0.176/+1.274 |Dr|max=1.401 Df=-0.238 | g r=0.080 f=0.079 p=0.464(0.001) max=1.211 | Ld=-0.0335 base=-0.062 r1=0.00973 path=0.00398 cap=0.00557 margin=0.00914 | Lg=+0.8386 | 14s | curv=+0.172 wide=+0.317 gfmed=0.063
 1430 hold m=8 hq=0.961 PASS | Dr=-0.259/+1.473 |Dr|max=1.771 Df=-0.322 | g r=0.059 f=0.052 p=0.468(0.003) max=1.261 | Ld=-0.0565 base=-0.0876 r1=0.00604 path=0.012 cap=0.0043 margin=0.00879 | Lg=+0.8931 | 14s | curv=+0.277 wide=+0.422 gfmed=0.037
 1440 hold m=8 hq=0.722 fail | Dr=-0.109/+1.397 |Dr|max=1.678 Df=-0.195 | g r=0.075 f=0.215 p=0.457(0.002) max=1.282 | Ld=-0.0337 base=-0.075 r1=0.00987 path=0.0221 cap=0.000685 margin=0.00872 | Lg=+0.8980 | 14s | curv=+0.563 wide=+0.674 gfmed=0.076
 1450 hold m=8 hq=0.790 fail | Dr=-0.100/+1.457 |Dr|max=1.714 Df=-0.175 | g r=0.078 f=0.227 p=0.497(0.003) max=1.458 | Ld=-0.0609 base=-0.0981 r1=0.00983 path=0.0153 cap=0.00282 margin=0.00925 | Lg=+0.8729 | 14s | curv=+0.631 wide=+0.776 gfmed=0.060
 1460 hold m=8 hq=0.948 PASS | Dr=-0.123/+1.210 |Dr|max=1.669 Df=-0.166 | g r=0.065 f=0.077 p=0.478(0.001) max=1.282 | Ld=-0.0379 base=-0.076 r1=0.00667 path=0.0204 cap=0.00222 margin=0.00878 | Lg=+0.8760 | 14s | curv=+0.543 wide=+0.654 gfmed=0.047
 1470 hold m=8 hq=0.966 PASS | Dr=-0.313/+1.482 |Dr|max=1.898 Df=-0.367 | g r=0.073 f=0.074 p=0.448(0.001) max=1.388 | Ld=-0.0141 base=-0.0484 r1=0.00605 path=0.0154 cap=0.00397 margin=0.00892 | Lg=+0.8983 | 14s | curv=+0.36 wide=+0.518 gfmed=0.058
 1480 hold m=8 hq=0.969 PASS | Dr=-0.340/+1.732 |Dr|max=1.754 Df=-0.402 | g r=0.043 f=0.047 p=0.467(0.000) max=1.354 | Ld=-0.0606 base=-0.0773 r1=0.00404 path=0.00174 cap=0.00233 margin=0.0086 | Lg=+0.9374 | 14s | curv=+0.221 wide=+0.377 gfmed=0.033
 1490 hold m=8 hq=0.956 PASS | Dr=-0.321/+1.688 |Dr|max=2.023 Df=-0.377 | g r=0.111 f=0.123 p=0.474(0.006) max=1.485 | Ld=-0.0586 base=-0.0915 r1=0.00599 path=0.0149 cap=0.00349 margin=0.0085 | Lg=+0.9502 | 14s | curv=+0.0962 wide=+0.273 gfmed=0.105
 1500 hold m=8 hq=0.945 PASS | Dr=-0.148/+1.392 |Dr|max=1.465 Df=-0.195 | g r=0.094 f=0.092 p=0.453(0.004) max=1.294 | Ld=-0.0182 base=-0.0524 r1=0.0127 path=0.00897 cap=0.00353 margin=0.00895 | Lg=+0.8464 | 14s | curv=+0.133 wide=+0.244 gfmed=0.078
 1510 hold m=8 hq=0.969 PASS | Dr=-0.285/+1.865 |Dr|max=1.918 Df=-0.342 | g r=0.100 f=0.104 p=0.490(0.001) max=1.296 | Ld=-0.0462 base=-0.0816 r1=0.0145 path=0.00896 cap=0.00268 margin=0.00924 | Lg=+0.9479 | 14s | curv=+0.222 wide=+0.358 gfmed=0.090
 1520 hold m=8 hq=0.972 PASS | Dr=-0.323/+1.715 |Dr|max=2.135 Df=-0.377 | g r=0.061 f=0.064 p=0.494(0.003) max=1.338 | Ld=-0.0296 base=-0.0553 r1=0.0041 path=0.0106 cap=0.00202 margin=0.00899 | Lg=+0.9260 | 14s | curv=+0.236 wide=+0.403 gfmed=0.055
 1530 hold m=8 hq=0.960 PASS | Dr=-0.058/+1.362 |Dr|max=1.362 Df=-0.109 | g r=0.076 f=0.081 p=0.487(0.002) max=1.407 | Ld=+0.0210 base=-0.0113 r1=0.00542 path=0.0139 cap=0.00342 margin=0.0095 | Lg=+0.8505 | 15s | curv=+0.178 wide=+0.287 gfmed=0.068
 1540 hold m=8 hq=0.978 PASS | Dr=-0.254/+1.869 |Dr|max=1.939 Df=-0.311 | g r=0.051 f=0.054 p=0.499(0.003) max=1.273 | Ld=-0.0745 base=-0.0907 r1=0.0034 path=0.00179 cap=0.00173 margin=0.00924 | Lg=+0.9488 | 15s | curv=+0.177 wide=+0.312 gfmed=0.032
 1550 hold m=7 hq=0.708 fail | Dr=-0.257/+1.705 |Dr|max=1.929 Df=-0.303 | g r=0.125 f=0.174 p=0.479(0.003) max=1.327 | Ld=-0.0093 base=-0.0581 r1=0.0201 path=0.0113 cap=0.00782 margin=0.00961 | Lg=+0.9176 | 15s | curv=+0.123 wide=+0.217 gfmed=0.109
 1560 hold m=8 hq=0.973 PASS | Dr=-0.277/+1.730 |Dr|max=1.730 Df=-0.334 | g r=0.053 f=0.051 p=0.423(0.003) max=1.381 | Ld=-0.0401 base=-0.0664 r1=0.00465 path=0.00574 cap=0.00704 margin=0.00881 | Lg=+0.8674 | 15s | curv=+0.201 wide=+0.319 gfmed=0.040
 1570 hold m=8 hq=0.961 PASS | Dr=-0.253/+1.587 |Dr|max=1.587 Df=-0.303 | g r=0.078 f=0.077 p=0.440(0.008) max=1.343 | Ld=-0.0000 base=-0.0316 r1=0.0064 path=0.0121 cap=0.00321 margin=0.0098 | Lg=+0.8710 | 15s | curv=+0.281 wide=+0.402 gfmed=0.053
 1580 hold m=8 hq=0.971 PASS | Dr=-0.349/+1.651 |Dr|max=1.686 Df=-0.410 | g r=0.056 f=0.057 p=0.449(0.002) max=1.346 | Ld=-0.0296 base=-0.0571 r1=0.00508 path=0.0117 cap=0.0016 margin=0.00913 | Lg=+0.8660 | 15s | curv=+0.207 wide=+0.321 gfmed=0.040
 1590 hold m=8 hq=0.956 PASS | Dr=-0.186/+1.234 |Dr|max=1.397 Df=-0.234 | g r=0.056 f=0.050 p=0.434(0.001) max=1.160 | Ld=+0.0069 base=-0.0211 r1=0.00958 path=0.00763 cap=0.00112 margin=0.00967 | Lg=+0.8142 | 15s | curv=+0.348 wide=+0.437 gfmed=0.036
 1600 hold m=8 hq=0.966 PASS | Dr=-0.271/+1.596 |Dr|max=1.596 Df=-0.326 | g r=0.049 f=0.046 p=0.442(0.002) max=1.261 | Ld=-0.0513 base=-0.0722 r1=0.00663 path=0.00192 cap=0.00359 margin=0.00877 | Lg=+0.8824 | 15s | curv=+0.297 wide=+0.386 gfmed=0.033
 1610 hold m=8 hq=0.981 PASS | Dr=-0.234/+1.350 |Dr|max=1.681 Df=-0.284 | g r=0.058 f=0.061 p=0.446(0.004) max=1.290 | Ld=-0.0111 base=-0.0281 r1=0.00384 path=0.00264 cap=0.00109 margin=0.00942 | Lg=+0.8442 | 15s | curv=+0.283 wide=+0.385 gfmed=0.053
 1620 hold m=8 hq=0.983 PASS | Dr=-0.255/+1.651 |Dr|max=1.651 Df=-0.308 | g r=0.059 f=0.055 p=0.442(0.004) max=1.330 | Ld=-0.0022 base=-0.0232 r1=0.00594 path=0.00417 cap=0.00105 margin=0.0098 | Lg=+0.8701 | 15s | curv=+0.199 wide=+0.306 gfmed=0.045
 1630 hold m=8 hq=0.952 PASS | Dr=-0.348/+1.813 |Dr|max=1.813 Df=-0.397 | g r=0.084 f=0.083 p=0.510(0.002) max=1.394 | Ld=-0.0707 base=-0.101 r1=0.00598 path=0.00883 cap=0.00635 margin=0.00931 | Lg=+0.9502 | 16s | curv=+0.223 wide=+0.321 gfmed=0.068
 1640 hold m=8 hq=0.976 PASS | Dr=-0.319/+1.497 |Dr|max=1.497 Df=-0.368 | g r=0.050 f=0.050 p=0.454(0.003) max=1.372 | Ld=-0.0327 base=-0.0551 r1=0.00766 path=0.00497 cap=0.00152 margin=0.00825 | Lg=+0.9006 | 16s | curv=+0.211 wide=+0.299 gfmed=0.042
 1650 hold m=8 hq=0.965 PASS | Dr=-0.439/+1.591 |Dr|max=1.831 Df=-0.482 | g r=0.085 f=0.082 p=0.458(0.002) max=1.226 | Ld=-0.0232 base=-0.0593 r1=0.0092 path=0.0144 cap=0.0032 margin=0.00937 | Lg=+0.9160 | 16s | curv=+0.22 wide=+0.318 gfmed=0.059
 1660 hold m=8 hq=0.958 PASS | Dr=-0.188/+1.663 |Dr|max=1.663 Df=-0.237 | g r=0.060 f=0.062 p=0.456(0.001) max=1.408 | Ld=-0.0044 base=-0.0279 r1=0.00666 path=0.00587 cap=0.00225 margin=0.00875 | Lg=+0.8703 | 16s | curv=+0.32 wide=+0.449 gfmed=0.055
 1670 hold m=8 hq=0.965 PASS | Dr=-0.341/+1.626 |Dr|max=1.740 Df=-0.388 | g r=0.076 f=0.082 p=0.460(0.002) max=1.329 | Ld=+0.0064 base=-0.0321 r1=0.0141 path=0.00971 cap=0.00566 margin=0.00907 | Lg=+0.8787 | 16s | curv=+0.255 wide=+0.356 gfmed=0.061
 1680 hold m=8 hq=0.957 PASS | Dr=-0.266/+1.530 |Dr|max=1.530 Df=-0.317 | g r=0.047 f=0.052 p=0.413(0.004) max=1.195 | Ld=-0.0063 base=-0.0264 r1=0.00687 path=0.00108 cap=0.00323 margin=0.00893 | Lg=+0.8737 | 16s | curv=+0.149 wide=+0.26 gfmed=0.040
 1690 hold m=8 hq=0.966 PASS | Dr=-0.192/+1.249 |Dr|max=1.249 Df=-0.239 | g r=0.062 f=0.062 p=0.417(0.002) max=1.256 | Ld=+0.0047 base=-0.0189 r1=0.00648 path=0.00639 cap=0.00175 margin=0.00899 | Lg=+0.8032 | 16s | curv=+0.288 wide=+0.402 gfmed=0.048
 1700 hold m=8 hq=0.956 PASS | Dr=-0.154/+1.493 |Dr|max=1.493 Df=-0.196 | g r=0.059 f=0.062 p=0.455(0.002) max=1.262 | Ld=-0.0116 base=-0.0412 r1=0.00916 path=0.0111 cap=0.000613 margin=0.0088 | Lg=+0.8402 | 16s | curv=+0.26 wide=+0.359 gfmed=0.049
 1710 hold m=8 hq=0.965 PASS | Dr=-0.068/+1.568 |Dr|max=1.568 Df=-0.111 | g r=0.046 f=0.045 p=0.386(0.002) max=1.474 | Ld=-0.0033 base=-0.0224 r1=0.00699 path=0.00253 cap=0.000145 margin=0.00939 | Lg=+0.8348 | 16s | curv=+0.22 wide=+0.349 gfmed=0.031
 1720 hold m=8 hq=0.979 PASS | Dr=-0.101/+1.603 |Dr|max=1.603 Df=-0.142 | g r=0.050 f=0.046 p=0.458(0.001) max=1.304 | Ld=-0.0532 base=-0.0691 r1=0.00406 path=0.00193 cap=0.000843 margin=0.00908 | Lg=+0.8740 | 16s | curv=+0.28 wide=+0.429 gfmed=0.030
 1730 hold m=8 hq=0.962 PASS | Dr=-0.222/+1.655 |Dr|max=1.683 Df=-0.258 | g r=0.081 f=0.068 p=0.459(0.002) max=1.321 | Ld=-0.0158 base=-0.0552 r1=0.0114 path=0.016 cap=0.00276 margin=0.0093 | Lg=+0.8943 | 16s | curv=+0.335 wide=+0.472 gfmed=0.055
 1740 hold m=8 hq=0.965 PASS | Dr=-0.253/+1.704 |Dr|max=1.704 Df=-0.302 | g r=0.068 f=0.074 p=0.431(0.003) max=1.364 | Ld=-0.0482 base=-0.069 r1=0.00652 path=0.00494 cap=0.00091 margin=0.00839 | Lg=+0.8822 | 17s | curv=+0.167 wide=+0.319 gfmed=0.059
 1750 hold m=8 hq=0.945 PASS | Dr=-0.226/+1.527 |Dr|max=1.666 Df=-0.263 | g r=0.053 f=0.052 p=0.424(0.002) max=1.429 | Ld=-0.0020 base=-0.0205 r1=0.0044 path=0.00368 cap=0.00153 margin=0.00891 | Lg=+0.8848 | 17s | curv=+0.213 wide=+0.355 gfmed=0.036
 1760 hold m=8 hq=0.968 PASS | Dr=-0.258/+1.718 |Dr|max=1.718 Df=-0.302 | g r=0.046 f=0.046 p=0.405(0.001) max=1.379 | Ld=-0.0302 base=-0.0511 r1=0.00492 path=0.00557 cap=0.00126 margin=0.00909 | Lg=+0.9207 | 17s | curv=+0.302 wide=+0.428 gfmed=0.033
 1770 hold m=7 hq=0.583 fail | Dr=-0.078/+1.531 |Dr|max=1.531 Df=-0.135 | g r=0.081 f=0.198 p=0.404(0.001) max=1.272 | Ld=+0.0108 base=-0.0561 r1=0.00706 path=0.0331 cap=0.0178 margin=0.00895 | Lg=+0.8893 | 17s | curv=+0.576 wide=+0.663 gfmed=0.094
 1780 hold m=6 hq=0.292 fail | Dr=-0.033/+1.661 |Dr|max=1.661 Df=-0.156 | g r=0.111 f=0.455 p=0.489(0.001) max=1.498 | Ld=-0.0574 base=-0.143 r1=0.0223 path=0.0147 cap=0.0403 margin=0.00782 | Lg=+0.9140 | 17s | curv=+1.03 wide=+1.1 gfmed=0.441
 1790 hold m=8 hq=0.577 fail | Dr=+0.013/+1.587 |Dr|max=1.587 Df=-0.066 | g r=0.121 f=0.353 p=0.456(0.001) max=1.590 | Ld=-0.0648 base=-0.179 r1=0.0318 path=0.00592 cap=0.0685 margin=0.00745 | Lg=+0.9110 | 17s | curv=+1.11 wide=+1.21 gfmed=0.231
 1800 hold m=6 hq=0.390 fail | Dr=-0.258/+1.679 |Dr|max=1.679 Df=-0.345 | g r=0.134 f=0.345 p=0.547(0.008) max=1.641 | Ld=+0.1126 base=-0.106 r1=0.018 path=0.191 cap=0.00242 margin=0.00753 | Lg=+1.0284 | 17s | curv=+0.669 wide=+0.87 gfmed=0.344
 1810 hold m=8 hq=0.638 fail | Dr=-0.135/+1.420 |Dr|max=1.420 Df=-0.219 | g r=0.109 f=0.388 p=0.484(0.009) max=1.521 | Ld=-0.0997 base=-0.147 r1=0.022 path=0.00476 cap=0.0127 margin=0.00745 | Lg=+0.8938 | 17s | curv=+0.99 wide=+1.15 gfmed=0.202
 1820 hold m=7 hq=0.452 fail | Dr=+0.059/+1.256 |Dr|max=1.256 Df=-0.030 | g r=0.109 f=0.362 p=0.477(0.001) max=1.421 | Ld=-0.0295 base=-0.0793 r1=0.0259 path=0.00478 cap=0.0115 margin=0.00757 | Lg=+0.8175 | 17s | curv=+0.968 wide=+1.13 gfmed=0.256
 1830 hold m=7 hq=0.327 fail | Dr=-0.229/+1.149 |Dr|max=1.182 Df=-0.369 | g r=0.182 f=0.680 p=0.612(0.005) max=1.643 | Ld=-0.1690 base=-0.299 r1=0.0369 path=0.08 cap=0.00548 margin=0.00728 | Lg=+0.9973 | 17s | curv=+1.8 wide=+1.93 gfmed=0.624
 1840 hold m=5 hq=0.256 fail | Dr=-0.078/+1.206 |Dr|max=1.206 Df=-0.200 | g r=0.130 f=0.607 p=0.557(0.007) max=1.418 | Ld=-0.0430 base=-0.0946 r1=0.0298 path=0.00612 cap=0.00917 margin=0.00652 | Lg=+0.8512 | 17s | curv=+1.44 wide=+1.62 gfmed=0.680
 1850 hold m=5 hq=0.088 fail | Dr=+0.069/+0.815 |Dr|max=0.815 Df=-0.216 | g r=0.177 f=0.604 p=0.560(0.009) max=1.603 | Ld=-0.2589 base=-0.336 r1=0.0557 path=0.00566 cap=0.00928 margin=0.00692 | Lg=+0.9603 | 18s | curv=+1.95 wide=+2.12 gfmed=0.511
 1860 hold m=4 hq=0.019 fail | Dr=+0.087/+0.820 |Dr|max=0.820 Df=-0.273 | g r=0.202 f=0.744 p=0.630(0.005) max=1.593 | Ld=+0.0013 base=-0.235 r1=0.0696 path=0.136 cap=0.023 margin=0.00801 | Lg=+0.9155 | 18s | curv=+2.11 wide=+2.28 gfmed=0.751
 1870 hold m=6 hq=0.205 fail | Dr=+0.096/+0.813 |Dr|max=0.813 Df=-0.076 | g r=0.133 f=0.674 p=0.518(0.004) max=1.428 | Ld=-0.0516 base=-0.091 r1=0.0295 path=0.00163 cap=0.00172 margin=0.00649 | Lg=+0.7862 | 18s | curv=+1.5 wide=+1.66 gfmed=0.747
 1880 hold m=4 hq=0.118 fail | Dr=-0.017/+0.804 |Dr|max=0.804 Df=-0.270 | g r=0.156 f=0.660 p=0.558(0.004) max=1.391 | Ld=-0.2722 base=-0.325 r1=0.0284 path=0.00477 cap=0.0129 margin=0.00708 | Lg=+0.9587 | 18s | curv=+1.61 wide=+1.83 gfmed=0.736
 1890 hold m=4 hq=0.082 fail | Dr=-0.006/+0.891 |Dr|max=0.891 Df=-0.232 | g r=0.137 f=0.660 p=0.529(0.005) max=1.458 | Ld=-0.0875 base=-0.146 r1=0.0292 path=0.00244 cap=0.0207 margin=0.00667 | Lg=+0.8288 | 18s | curv=+1.4 wide=+1.56 gfmed=0.715
 1900 hold m=4 hq=0.124 fail | Dr=+0.073/+0.928 |Dr|max=0.928 Df=-0.123 | g r=0.120 f=0.623 p=0.540(0.004) max=1.348 | Ld=-0.0844 base=-0.128 r1=0.0279 path=0.00213 cap=0.00578 margin=0.0074 | Lg=+0.8058 | 18s | curv=+1.18 wide=+1.42 gfmed=0.659
 1910 hold m=8 hq=0.429 fail | Dr=+0.121/+1.013 |Dr|max=1.013 Df=+0.030 | g r=0.129 f=0.583 p=0.551(0.001) max=1.558 | Ld=-0.1646 base=-0.205 r1=0.0279 path=0.00279 cap=0.00241 margin=0.00708 | Lg=+0.8867 | 18s | curv=+1.35 wide=+1.6 gfmed=0.548
 1920 hold m=1 hq=0.005 fail | Dr=+0.072/+1.018 |Dr|max=1.018 Df=-0.303 | g r=0.151 f=0.511 p=0.541(0.006) max=1.406 | Ld=-0.1708 base=-0.221 r1=0.027 path=0.0103 cap=0.00537 margin=0.00741 | Lg=+0.9035 | 18s | curv=+1.58 wide=+1.82 gfmed=0.409
 1930 hold m=7 hq=0.566 fail | Dr=+0.134/+1.087 |Dr|max=1.087 Df=+0.059 | g r=0.103 f=0.450 p=0.472(0.005) max=1.326 | Ld=-0.0115 base=-0.0491 r1=0.0165 path=0.00848 cap=0.00468 margin=0.00788 | Lg=+0.7668 | 18s | curv=+1.05 wide=+1.27 gfmed=0.319
 1940 hold m=8 hq=0.674 fail | Dr=+0.196/+1.097 |Dr|max=1.097 Df=+0.133 | g r=0.105 f=0.333 p=0.463(0.002) max=1.501 | Ld=-0.0452 base=-0.113 r1=0.0295 path=0.0165 cap=0.0138 margin=0.00815 | Lg=+0.8142 | 18s | curv=+0.979 wide=+1.19 gfmed=0.149
 1950 hold m=6 hq=0.275 fail | Dr=+0.072/+1.073 |Dr|max=1.073 Df=-0.112 | g r=0.110 f=0.418 p=0.481(0.000) max=1.563 | Ld=-0.1114 base=-0.14 r1=0.0166 path=0.00104 cap=0.00268 margin=0.00786 | Lg=+0.8277 | 18s | curv=+0.92 wide=+1.16 gfmed=0.392
 1960 hold m=8 hq=0.747 fail | Dr=+0.158/+1.158 |Dr|max=1.158 Df=+0.112 | g r=0.083 f=0.244 p=0.412(0.001) max=1.481 | Ld=-0.0194 base=-0.0391 r1=0.00936 path=0.00148 cap=0.000621 margin=0.00817 | Lg=+0.7653 | 19s | curv=+0.801 wide=+0.997 gfmed=0.079
 1970 hold m=8 hq=0.950 PASS | Dr=+0.038/+1.110 |Dr|max=1.110 Df=+0.010 | g r=0.063 f=0.079 p=0.375(0.002) max=1.434 | Ld=-0.0069 base=-0.0299 r1=0.00934 path=0.00411 cap=0.00117 margin=0.00841 | Lg=+0.7673 | 19s | curv=+0.432 wide=+0.644 gfmed=0.037
 1980 hold m=8 hq=0.965 PASS | Dr=-0.227/+1.541 |Dr|max=1.541 Df=-0.254 | g r=0.125 f=0.126 p=0.404(0.004) max=1.382 | Ld=-0.0290 base=-0.0495 r1=0.00897 path=0.000911 cap=0.00107 margin=0.00953 | Lg=+0.8497 | 19s | curv=+0.703 wide=+0.85 gfmed=0.095
 1990 hold m=8 hq=0.979 PASS | Dr=-0.270/+1.425 |Dr|max=1.425 Df=-0.300 | g r=0.059 f=0.061 p=0.363(0.000) max=1.372 | Ld=-0.0206 base=-0.0409 r1=0.00715 path=0.00136 cap=0.0024 margin=0.00939 | Lg=+0.7968 | 19s | curv=+0.353 wide=+0.51 gfmed=0.039
 2000 hold m=8 hq=0.977 PASS | Dr=-0.345/+1.272 |Dr|max=1.272 Df=-0.372 | g r=0.063 f=0.062 p=0.367(0.002) max=1.260 | Ld=-0.0366 base=-0.0558 r1=0.00835 path=0.00126 cap=0.000795 margin=0.0088 | Lg=+0.8420 | 19s | curv=+0.171 wide=+0.296 gfmed=0.045
 2010 hold m=8 hq=0.985 PASS | Dr=-0.360/+1.059 |Dr|max=1.545 Df=-0.385 | g r=0.055 f=0.055 p=0.396(0.001) max=1.201 | Ld=-0.0221 base=-0.0418 r1=0.00547 path=0.00445 cap=0.000654 margin=0.00914 | Lg=+0.8501 | 19s | curv=+0.101 wide=+0.208 gfmed=0.044
 2020 hold m=8 hq=0.965 PASS | Dr=-0.272/+1.363 |Dr|max=1.398 Df=-0.294 | g r=0.068 f=0.072 p=0.408(0.001) max=1.320 | Ld=-0.0363 base=-0.0602 r1=0.00731 path=0.00547 cap=0.00206 margin=0.00905 | Lg=+0.8294 | 19s | curv=+0.249 wide=+0.359 gfmed=0.041
 2030 hold m=8 hq=0.948 PASS | Dr=-0.308/+1.260 |Dr|max=1.372 Df=-0.339 | g r=0.054 f=0.068 p=0.411(0.001) max=1.379 | Ld=-0.0685 base=-0.0857 r1=0.0048 path=0.00194 cap=0.00175 margin=0.00867 | Lg=+0.8358 | 19s | curv=+0.0894 wide=+0.227 gfmed=0.039
 2040 hold m=8 hq=0.978 PASS | Dr=-0.268/+1.148 |Dr|max=1.191 Df=-0.299 | g r=0.058 f=0.058 p=0.402(0.005) max=1.401 | Ld=-0.0424 base=-0.0625 r1=0.00546 path=0.00498 cap=0.000264 margin=0.0094 | Lg=+0.8102 | 19s | curv=+0.259 wide=+0.37 gfmed=0.048
 2050 hold m=8 hq=0.985 PASS | Dr=-0.252/+1.253 |Dr|max=1.253 Df=-0.280 | g r=0.058 f=0.059 p=0.385(0.001) max=1.206 | Ld=-0.0036 base=-0.0225 r1=0.00518 path=0.00374 cap=0.000592 margin=0.00939 | Lg=+0.8060 | 19s | curv=+0.178 wide=+0.269 gfmed=0.053
 2060 hold m=8 hq=0.969 PASS | Dr=-0.204/+1.162 |Dr|max=1.284 Df=-0.228 | g r=0.062 f=0.061 p=0.384(0.001) max=1.485 | Ld=-0.0277 base=-0.0558 r1=0.00552 path=0.0121 cap=0.00131 margin=0.00917 | Lg=+0.8072 | 19s | curv=+0.201 wide=+0.338 gfmed=0.039
 2070 hold m=8 hq=0.973 PASS | Dr=-0.154/+1.443 |Dr|max=1.443 Df=-0.176 | g r=0.055 f=0.056 p=0.364(0.002) max=1.232 | Ld=-0.0055 base=-0.0355 r1=0.00457 path=0.0127 cap=0.00289 margin=0.00975 | Lg=+0.8402 | 20s | curv=+0.202 wide=+0.325 gfmed=0.044
 2080 hold m=8 hq=0.965 PASS | Dr=-0.389/+1.221 |Dr|max=1.845 Df=-0.412 | g r=0.052 f=0.055 p=0.441(0.002) max=1.478 | Ld=-0.0399 base=-0.0624 r1=0.00428 path=0.0088 cap=0.000194 margin=0.00923 | Lg=+0.9016 | 20s | curv=+0.171 wide=+0.313 gfmed=0.040
 2090 hold m=8 hq=0.980 PASS | Dr=-0.249/+1.550 |Dr|max=1.550 Df=-0.277 | g r=0.056 f=0.058 p=0.380(0.003) max=1.237 | Ld=-0.0544 base=-0.0744 r1=0.00547 path=0.00535 cap=6.82e-05 margin=0.00912 | Lg=+0.8650 | 20s | curv=+0.267 wide=+0.375 gfmed=0.042
 2100 hold m=8 hq=0.981 PASS | Dr=-0.180/+1.084 |Dr|max=1.084 Df=-0.205 | g r=0.054 f=0.053 p=0.310(0.001) max=1.377 | Ld=+0.0254 base=-0.00502 r1=0.0105 path=0.00817 cap=0.00208 margin=0.00964 | Lg=+0.7777 | 20s | curv=+0.157 wide=+0.288 gfmed=0.035
 2110 hold m=8 hq=0.946 PASS | Dr=-0.342/+1.141 |Dr|max=1.191 Df=-0.367 | g r=0.072 f=0.077 p=0.339(0.003) max=1.378 | Ld=+0.0274 base=-0.00611 r1=0.00752 path=0.00842 cap=0.0082 margin=0.00936 | Lg=+0.7981 | 20s | curv=+0.133 wide=+0.241 gfmed=0.063
 2120 hold m=8 hq=0.976 PASS | Dr=-0.361/+1.567 |Dr|max=1.567 Df=-0.389 | g r=0.065 f=0.063 p=0.382(0.001) max=1.413 | Ld=-0.0376 base=-0.0627 r1=0.00798 path=0.00444 cap=0.00369 margin=0.00896 | Lg=+0.8518 | 20s | curv=+0.248 wide=+0.363 gfmed=0.052
 2130 hold m=8 hq=0.959 PASS | Dr=-0.252/+1.780 |Dr|max=1.780 Df=-0.280 | g r=0.076 f=0.067 p=0.412(0.003) max=1.395 | Ld=-0.0151 base=-0.044 r1=0.00467 path=0.0127 cap=0.00157 margin=0.00999 | Lg=+0.9257 | 20s | curv=+0.41 wide=+0.499 gfmed=0.051
 2140 hold m=8 hq=0.968 PASS | Dr=-0.295/+1.407 |Dr|max=1.407 Df=-0.325 | g r=0.046 f=0.049 p=0.332(0.002) max=1.344 | Ld=+0.0344 base=0.00614 r1=0.00264 path=0.0153 cap=0.00104 margin=0.00933 | Lg=+0.8288 | 20s | curv=+0.211 wide=+0.326 gfmed=0.039
 2150 hold m=8 hq=0.948 PASS | Dr=-0.345/+1.683 |Dr|max=1.683 Df=-0.376 | g r=0.054 f=0.064 p=0.382(0.001) max=1.303 | Ld=-0.0285 base=-0.0574 r1=0.00278 path=0.0162 cap=0.000828 margin=0.00911 | Lg=+0.8835 | 20s | curv=+0.401 wide=+0.488 gfmed=0.046
 2160 hold m=8 hq=0.958 PASS | Dr=-0.328/+1.196 |Dr|max=1.333 Df=-0.356 | g r=0.059 f=0.066 p=0.371(0.002) max=1.702 | Ld=-0.0361 base=-0.0573 r1=0.00435 path=0.00598 cap=0.00182 margin=0.0091 | Lg=+0.8229 | 20s | curv=+0.0979 wide=+0.216 gfmed=0.044
 2170 hold m=8 hq=0.974 PASS | Dr=-0.132/+1.104 |Dr|max=1.104 Df=-0.154 | g r=0.044 f=0.045 p=0.322(0.001) max=1.304 | Ld=+0.0118 base=-0.00214 r1=0.00218 path=0.00171 cap=0.000785 margin=0.00931 | Lg=+0.7767 | 20s | curv=+0.188 wide=+0.32 gfmed=0.020
 2180 hold m=8 hq=0.967 PASS | Dr=-0.171/+1.122 |Dr|max=1.122 Df=-0.192 | g r=0.052 f=0.059 p=0.312(0.001) max=1.258 | Ld=+0.0450 base=0.0142 r1=0.00774 path=0.00709 cap=0.00644 margin=0.00957 | Lg=+0.7725 | 21s | curv=+0.24 wide=+0.34 gfmed=0.044
 2190 hold m=8 hq=0.967 PASS | Dr=-0.172/+1.054 |Dr|max=1.054 Df=-0.190 | g r=0.059 f=0.058 p=0.319(0.002) max=1.245 | Ld=-0.0107 base=-0.0328 r1=0.00352 path=0.00898 cap=0.000177 margin=0.00939 | Lg=+0.7918 | 21s | curv=+0.351 wide=+0.472 gfmed=0.029
 2200 hold m=8 hq=0.966 PASS | Dr=-0.184/+1.383 |Dr|max=1.383 Df=-0.210 | g r=0.037 f=0.038 p=0.357(0.001) max=1.399 | Ld=-0.0195 base=-0.0379 r1=0.00537 path=0.00309 cap=0.000727 margin=0.00924 | Lg=+0.8540 | 21s | curv=+0.193 wide=+0.314 gfmed=0.026
 2210 hold m=8 hq=0.977 PASS | Dr=-0.259/+1.487 |Dr|max=1.487 Df=-0.282 | g r=0.044 f=0.045 p=0.355(0.001) max=1.354 | Ld=-0.0334 base=-0.0526 r1=0.00518 path=0.00283 cap=0.00205 margin=0.00916 | Lg=+0.8753 | 21s | curv=+0.266 wide=+0.376 gfmed=0.035
 2220 hold m=8 hq=0.973 PASS | Dr=-0.338/+1.493 |Dr|max=1.493 Df=-0.361 | g r=0.068 f=0.066 p=0.368(0.001) max=1.298 | Ld=-0.0099 base=-0.0336 r1=0.00379 path=0.00955 cap=0.00154 margin=0.00886 | Lg=+0.8698 | 21s | curv=+0.33 wide=+0.479 gfmed=0.042
 2230 hold m=8 hq=0.975 PASS | Dr=-0.273/+1.564 |Dr|max=1.564 Df=-0.297 | g r=0.043 f=0.050 p=0.361(0.001) max=1.351 | Ld=+0.0038 base=-0.019 r1=0.00359 path=0.00907 cap=0.00125 margin=0.00882 | Lg=+0.8297 | 21s | curv=+0.23 wide=+0.328 gfmed=0.035
 2240 hold m=8 hq=0.946 PASS | Dr=-0.150/+1.095 |Dr|max=1.095 Df=-0.165 | g r=0.055 f=0.063 p=0.283(0.002) max=1.270 | Ld=+0.0607 base=0.042 r1=0.00367 path=0.00458 cap=0.000785 margin=0.00968 | Lg=+0.7564 | 21s | curv=+0.278 wide=+0.387 gfmed=0.041
 2250 hold m=8 hq=0.980 PASS | Dr=-0.432/+1.430 |Dr|max=1.430 Df=-0.453 | g r=0.034 f=0.034 p=0.363(0.001) max=1.218 | Ld=-0.0486 base=-0.0683 r1=0.00348 path=0.00598 cap=0.000324 margin=0.0099 | Lg=+0.8749 | 21s | curv=+0.264 wide=+0.36 gfmed=0.023
 2260 hold m=8 hq=0.955 PASS | Dr=-0.376/+1.356 |Dr|max=1.429 Df=-0.393 | g r=0.039 f=0.047 p=0.391(0.001) max=1.438 | Ld=-0.0526 base=-0.0705 r1=0.00307 path=0.00331 cap=0.00235 margin=0.00926 | Lg=+0.8578 | 21s | curv=+0.209 wide=+0.268 gfmed=0.029
 2270 hold m=8 hq=0.953 PASS | Dr=-0.378/+1.604 |Dr|max=1.604 Df=-0.396 | g r=0.070 f=0.084 p=0.399(0.002) max=1.323 | Ld=-0.0173 base=-0.0417 r1=0.00874 path=0.00241 cap=0.00383 margin=0.00938 | Lg=+0.8898 | 21s | curv=+0.326 wide=+0.403 gfmed=0.064
 2280 hold m=8 hq=0.977 PASS | Dr=-0.266/+1.587 |Dr|max=1.587 Df=-0.286 | g r=0.059 f=0.065 p=0.366(0.004) max=1.387 | Ld=+0.0017 base=-0.0167 r1=0.00448 path=0.00458 cap=0.000369 margin=0.009 | Lg=+0.8696 | 21s | curv=+0.12 wide=+0.249 gfmed=0.047
 2290 hold m=8 hq=0.979 PASS | Dr=-0.236/+1.649 |Dr|max=1.649 Df=-0.258 | g r=0.045 f=0.049 p=0.373(0.001) max=1.291 | Ld=-0.0188 base=-0.0334 r1=0.00206 path=0.00239 cap=0.000825 margin=0.00942 | Lg=+0.8636 | 22s | curv=+0.222 wide=+0.333 gfmed=0.039
 2300 hold m=8 hq=0.972 PASS | Dr=-0.398/+1.483 |Dr|max=1.483 Df=-0.413 | g r=0.048 f=0.053 p=0.406(0.002) max=1.221 | Ld=-0.0391 base=-0.0556 r1=0.00589 path=0.000741 cap=0.000757 margin=0.00912 | Lg=+0.8766 | 22s | curv=+0.156 wide=+0.25 gfmed=0.040
 2310 hold m=8 hq=0.970 PASS | Dr=-0.260/+1.807 |Dr|max=1.807 Df=-0.276 | g r=0.044 f=0.046 p=0.429(0.001) max=1.276 | Ld=-0.0396 base=-0.0623 r1=0.00445 path=0.00832 cap=0.00035 margin=0.00953 | Lg=+0.9143 | 22s | curv=+0.221 wide=+0.299 gfmed=0.033
 2320 hold m=8 hq=0.981 PASS | Dr=-0.214/+1.762 |Dr|max=1.762 Df=-0.231 | g r=0.057 f=0.065 p=0.429(0.001) max=1.321 | Ld=-0.0354 base=-0.0553 r1=0.00362 path=0.00658 cap=0.000608 margin=0.00915 | Lg=+0.8846 | 22s | curv=+0.224 wide=+0.359 gfmed=0.044
 2330 hold m=8 hq=0.964 PASS | Dr=-0.285/+1.042 |Dr|max=1.236 Df=-0.296 | g r=0.048 f=0.049 p=0.380(0.003) max=1.211 | Ld=-0.0056 base=-0.023 r1=0.00297 path=0.00519 cap=4.06e-05 margin=0.00916 | Lg=+0.8122 | 22s | curv=+0.205 wide=+0.272 gfmed=0.031
 2340 hold m=8 hq=0.974 PASS | Dr=-0.325/+1.322 |Dr|max=1.448 Df=-0.339 | g r=0.043 f=0.042 p=0.425(0.001) max=1.273 | Ld=-0.0367 base=-0.0586 r1=0.00391 path=0.00803 cap=0.000761 margin=0.00927 | Lg=+0.8519 | 22s | curv=+0.163 wide=+0.25 gfmed=0.029
 2350 hold m=8 hq=0.958 PASS | Dr=-0.236/+1.121 |Dr|max=1.121 Df=-0.247 | g r=0.067 f=0.065 p=0.367(0.002) max=1.215 | Ld=+0.0439 base=0.0159 r1=0.00885 path=0.00721 cap=0.00238 margin=0.00963 | Lg=+0.7794 | 22s | curv=+0.332 wide=+0.425 gfmed=0.045
 2360 hold m=8 hq=0.968 PASS | Dr=-0.276/+1.389 |Dr|max=1.389 Df=-0.291 | g r=0.034 f=0.038 p=0.388(0.000) max=1.317 | Ld=-0.0524 base=-0.0679 r1=0.00241 path=0.00285 cap=0.000999 margin=0.00928 | Lg=+0.8534 | 22s | curv=+0.216 wide=+0.321 gfmed=0.026
 2370 hold m=8 hq=0.968 PASS | Dr=-0.146/+1.547 |Dr|max=1.547 Df=-0.159 | g r=0.059 f=0.061 p=0.346(0.001) max=1.211 | Ld=+0.0235 base=-0.00827 r1=0.00543 path=0.00792 cap=0.00916 margin=0.00929 | Lg=+0.8166 | 22s | curv=+0.263 wide=+0.346 gfmed=0.043
 2380 hold m=8 hq=0.983 PASS | Dr=-0.190/+1.311 |Dr|max=1.311 Df=-0.203 | g r=0.037 f=0.036 p=0.345(0.002) max=1.210 | Ld=-0.0042 base=-0.02 r1=0.00345 path=0.00132 cap=0.00176 margin=0.00929 | Lg=+0.8056 | 22s | curv=+0.151 wide=+0.271 gfmed=0.028
 2390 hold m=8 hq=0.973 PASS | Dr=-0.220/+1.606 |Dr|max=1.606 Df=-0.237 | g r=0.060 f=0.059 p=0.371(0.001) max=1.356 | Ld=-0.0133 base=-0.0407 r1=0.00688 path=0.0109 cap=0.000136 margin=0.00956 | Lg=+0.8773 | 22s | curv=+0.282 wide=+0.407 gfmed=0.049
 2400 hold m=8 hq=0.982 PASS | Dr=-0.246/+1.440 |Dr|max=1.440 Df=-0.256 | g r=0.051 f=0.047 p=0.355(0.000) max=1.207 | Ld=-0.0084 base=-0.0257 r1=0.00328 path=0.0045 cap=4.03e-05 margin=0.00944 | Lg=+0.8591 | 23s | curv=+0.273 wide=+0.381 gfmed=0.036
# shift (1,0) after 2400; frozen copy on new target: m=0 hq=0.000
 2410 post m=7 hq=0.269 fail | Dr=+0.481/+0.990 |Dr|max=0.990 Df=+0.425 | g r=0.190 f=0.354 p=0.486(0.002) max=1.757 | Ld=+0.0358 base=-0.135 r1=0.0512 path=0.107 cap=0.00455 margin=0.00882 | Lg=+0.8063 | 23s | curv=+1.12 wide=+1.21 gfmed=0.299
 2420 post m=5 hq=0.153 fail | Dr=+0.626/+0.889 |Dr|max=0.889 Df=+0.484 | g r=0.195 f=0.625 p=0.524(0.002) max=1.732 | Ld=-0.0321 base=-0.122 r1=0.0428 path=0.0185 cap=0.0197 margin=0.00845 | Lg=+0.7776 | 23s | curv=+1.58 wide=+1.66 gfmed=0.664
 2430 post m=5 hq=0.078 fail | Dr=+0.706/+1.035 |Dr|max=1.035 Df=+0.542 | g r=0.155 f=0.684 p=0.532(0.003) max=1.581 | Ld=-0.0659 base=-0.145 r1=0.0374 path=0.033 cap=0.00138 margin=0.00724 | Lg=+0.8095 | 23s | curv=+1.55 wide=+1.66 gfmed=0.666
 2440 post m=4 hq=0.100 fail | Dr=+0.855/+1.018 |Dr|max=1.018 Df=+0.663 | g r=0.188 f=0.605 p=0.566(0.006) max=1.714 | Ld=-0.0422 base=-0.159 r1=0.0501 path=0.0535 cap=0.00541 margin=0.00826 | Lg=+0.8407 | 23s | curv=+1.77 wide=+1.89 gfmed=0.590
 2450 post m=2 hq=0.069 fail | Dr=+0.902/+1.134 |Dr|max=1.134 Df=+0.619 | g r=0.184 f=0.796 p=0.541(0.008) max=1.519 | Ld=-0.1041 base=-0.263 r1=0.0472 path=0.0991 cap=0.00543 margin=0.00756 | Lg=+0.9222 | 23s | curv=+1.8 wide=+2 gfmed=0.811
 2460 post m=6 hq=0.318 fail | Dr=+0.520/+0.892 |Dr|max=0.892 Df=+0.417 | g r=0.122 f=0.404 p=0.397(0.002) max=1.200 | Ld=-0.0250 base=-0.0618 r1=0.0272 path=0.00246 cap=3.43e-05 margin=0.00716 | Lg=+0.7409 | 23s | curv=+1.27 wide=+1.43 gfmed=0.403
 2470 post m=8 hq=0.249 fail | Dr=+0.651/+0.860 |Dr|max=0.860 Df=+0.513 | g r=0.172 f=0.603 p=0.475(0.005) max=1.342 | Ld=-0.0539 base=-0.155 r1=0.0357 path=0.0337 cap=0.0241 margin=0.00716 | Lg=+0.8187 | 23s | curv=+1.53 wide=+1.67 gfmed=0.626
 2480 post m=6 hq=0.256 fail | Dr=+0.596/+0.975 |Dr|max=0.975 Df=+0.476 | g r=0.147 f=0.468 p=0.428(0.002) max=1.429 | Ld=-0.1016 base=-0.176 r1=0.0444 path=0.00235 cap=0.0202 margin=0.0072 | Lg=+0.7956 | 23s | curv=+1.05 wide=+1.25 gfmed=0.461
 2490 post m=5 hq=0.106 fail | Dr=+0.758/+1.087 |Dr|max=1.087 Df=+0.498 | g r=0.163 f=0.698 p=0.607(0.007) max=1.870 | Ld=-0.1790 base=-0.229 r1=0.0342 path=0.00422 cap=0.00377 margin=0.00732 | Lg=+0.9107 | 23s | curv=+1.66 wide=+1.89 gfmed=0.659
 2500 post m=5 hq=0.257 fail | Dr=+0.378/+1.164 |Dr|max=1.164 Df=+0.181 | g r=0.158 f=0.492 p=0.494(0.002) max=1.285 | Ld=-0.1365 base=-0.185 r1=0.0325 path=0.00159 cap=0.00741 margin=0.00725 | Lg=+0.8646 | 23s | curv=+1.44 wide=+1.62 gfmed=0.499
 2510 post m=8 hq=0.465 fail | Dr=+0.322/+0.878 |Dr|max=0.878 Df=+0.208 | g r=0.132 f=0.376 p=0.460(0.007) max=1.492 | Ld=-0.0956 base=-0.165 r1=0.0267 path=0.0274 cap=0.0078 margin=0.00725 | Lg=+0.8199 | 24s | curv=+1.01 wide=+1.23 gfmed=0.236
 2520 post m=6 hq=0.399 fail | Dr=+0.555/+1.316 |Dr|max=1.316 Df=+0.372 | g r=0.111 f=0.390 p=0.495(0.004) max=1.402 | Ld=-0.1172 base=-0.149 r1=0.0164 path=0.00461 cap=0.00329 margin=0.00772 | Lg=+0.8185 | 24s | curv=+0.98 wide=+1.2 gfmed=0.285
 2530 post m=8 hq=0.437 fail | Dr=+0.398/+1.155 |Dr|max=1.155 Df=+0.302 | g r=0.157 f=0.390 p=0.452(0.009) max=1.483 | Ld=-0.0263 base=-0.105 r1=0.0293 path=0.0137 cap=0.0273 margin=0.00783 | Lg=+0.7935 | 24s | curv=+1.28 wide=+1.43 gfmed=0.330
 2540 post m=6 hq=0.409 fail | Dr=+0.170/+0.951 |Dr|max=0.951 Df=-0.120 | g r=0.164 f=0.499 p=0.570(0.004) max=1.700 | Ld=-0.1495 base=-0.224 r1=0.0408 path=0.0117 cap=0.0152 margin=0.00708 | Lg=+0.9238 | 24s | curv=+1.53 wide=+1.73 gfmed=0.412
 2550 post m=8 hq=0.648 fail | Dr=+0.253/+1.131 |Dr|max=1.131 Df=+0.148 | g r=0.125 f=0.360 p=0.509(0.003) max=1.376 | Ld=-0.0851 base=-0.135 r1=0.0308 path=0.00423 cap=0.00724 margin=0.00781 | Lg=+0.8124 | 24s | curv=+1.1 wide=+1.3 gfmed=0.225
 2560 post m=6 hq=0.452 fail | Dr=+0.351/+1.004 |Dr|max=1.004 Df=+0.196 | g r=0.093 f=0.414 p=0.446(0.006) max=1.264 | Ld=-0.0518 base=-0.0868 r1=0.0199 path=0.00465 cap=0.00271 margin=0.00771 | Lg=+0.7749 | 24s | curv=+0.757 wide=+0.94 gfmed=0.375
 2570 post m=6 hq=0.286 fail | Dr=+0.171/+0.808 |Dr|max=0.808 Df=+0.029 | g r=0.122 f=0.414 p=0.452(0.006) max=1.274 | Ld=-0.0919 base=-0.143 r1=0.0292 path=0.00286 cap=0.0114 margin=0.00749 | Lg=+0.7985 | 24s | curv=+0.999 wide=+1.18 gfmed=0.366
 2580 post m=8 hq=0.327 fail | Dr=+0.042/+0.903 |Dr|max=0.903 Df=-0.083 | g r=0.150 f=0.448 p=0.434(0.001) max=1.324 | Ld=-0.0789 base=-0.156 r1=0.0352 path=0.00481 cap=0.0295 margin=0.00748 | Lg=+0.7988 | 24s | curv=+0.888 wide=+1.07 gfmed=0.450
 2590 post m=7 hq=0.349 fail | Dr=+0.220/+0.839 |Dr|max=0.839 Df=+0.089 | g r=0.114 f=0.449 p=0.478(0.006) max=1.415 | Ld=-0.0830 base=-0.121 r1=0.0275 path=0.00127 cap=0.00153 margin=0.00745 | Lg=+0.7818 | 24s | curv=+1.12 wide=+1.37 gfmed=0.413
 2600 post m=6 hq=0.206 fail | Dr=+0.349/+0.890 |Dr|max=0.890 Df=+0.203 | g r=0.133 f=0.630 p=0.512(0.008) max=1.511 | Ld=-0.1814 base=-0.228 r1=0.0304 path=0.00441 cap=0.00413 margin=0.00725 | Lg=+0.8694 | 24s | curv=+1.36 wide=+1.6 gfmed=0.730
 2610 post m=5 hq=0.192 fail | Dr=+0.314/+0.894 |Dr|max=0.894 Df=+0.141 | g r=0.141 f=0.694 p=0.529(0.007) max=1.651 | Ld=-0.1333 base=-0.188 r1=0.0357 path=0.00638 cap=0.00636 margin=0.00674 | Lg=+0.8359 | 24s | curv=+1.1 wide=+1.36 gfmed=0.789
 2620 post m=7 hq=0.353 fail | Dr=+0.261/+1.032 |Dr|max=1.032 Df=+0.104 | g r=0.133 f=0.420 p=0.529(0.002) max=1.414 | Ld=-0.1768 base=-0.218 r1=0.0314 path=0.00124 cap=0.00158 margin=0.00725 | Lg=+0.8601 | 25s | curv=+1.31 wide=+1.53 gfmed=0.344
 2630 post m=7 hq=0.456 fail | Dr=+0.279/+1.055 |Dr|max=1.055 Df=+0.189 | g r=0.107 f=0.432 p=0.454(0.001) max=1.233 | Ld=-0.0297 base=-0.0683 r1=0.0198 path=0.00197 cap=0.00874 margin=0.00812 | Lg=+0.7532 | 25s | curv=+0.907 wide=+1.12 gfmed=0.406
 2640 post m=8 hq=0.959 PASS | Dr=+0.186/+1.273 |Dr|max=1.273 Df=+0.161 | g r=0.062 f=0.073 p=0.397(0.002) max=1.238 | Ld=-0.0111 base=-0.0286 r1=0.00611 path=0.00239 cap=0.000469 margin=0.0085 | Lg=+0.7560 | 25s | curv=+0.362 wide=+0.607 gfmed=0.049
 2650 post m=8 hq=0.967 PASS | Dr=+0.013/+1.330 |Dr|max=1.330 Df=-0.010 | g r=0.072 f=0.078 p=0.389(0.003) max=1.292 | Ld=-0.0416 base=-0.0595 r1=0.00619 path=0.00192 cap=0.00131 margin=0.00853 | Lg=+0.7890 | 25s | curv=+0.0638 wide=+0.275 gfmed=0.069
 2660 post m=8 hq=0.976 PASS | Dr=+0.003/+1.261 |Dr|max=1.261 Df=-0.025 | g r=0.057 f=0.054 p=0.372(0.002) max=1.202 | Ld=-0.0276 base=-0.0439 r1=0.00561 path=0.00155 cap=5.08e-05 margin=0.00907 | Lg=+0.8095 | 25s | curv=+0.238 wide=+0.385 gfmed=0.045
 2670 post m=8 hq=0.979 PASS | Dr=-0.032/+1.577 |Dr|max=1.577 Df=-0.059 | g r=0.060 f=0.059 p=0.372(0.003) max=1.334 | Ld=-0.0252 base=-0.0488 r1=0.00439 path=0.00747 cap=0.00291 margin=0.00885 | Lg=+0.8474 | 25s | curv=+0.203 wide=+0.347 gfmed=0.048
 2680 post m=8 hq=0.973 PASS | Dr=+0.070/+1.189 |Dr|max=1.189 Df=+0.043 | g r=0.063 f=0.063 p=0.405(0.002) max=1.420 | Ld=-0.0156 base=-0.0369 r1=0.00693 path=0.00408 cap=0.00104 margin=0.00921 | Lg=+0.8056 | 25s | curv=+0.276 wide=+0.386 gfmed=0.046
 2690 post m=8 hq=0.980 PASS | Dr=+0.061/+1.254 |Dr|max=1.254 Df=+0.034 | g r=0.054 f=0.048 p=0.379(0.001) max=1.341 | Ld=-0.0153 base=-0.0393 r1=0.00538 path=0.00793 cap=0.00129 margin=0.00936 | Lg=+0.7843 | 25s | curv=+0.206 wide=+0.331 gfmed=0.041
 2700 post m=8 hq=0.980 PASS | Dr=+0.030/+1.271 |Dr|max=1.271 Df=+0.005 | g r=0.067 f=0.068 p=0.358(0.002) max=1.321 | Ld=-0.0065 base=-0.0286 r1=0.00609 path=0.00382 cap=0.00239 margin=0.00978 | Lg=+0.7623 | 25s | curv=+0.00285 wide=+0.104 gfmed=0.063
 2710 post m=8 hq=0.974 PASS | Dr=+0.040/+1.323 |Dr|max=1.323 Df=+0.011 | g r=0.060 f=0.057 p=0.388(0.001) max=1.303 | Ld=-0.0143 base=-0.0372 r1=0.00581 path=0.00648 cap=0.000768 margin=0.00991 | Lg=+0.8127 | 25s | curv=+0.0951 wide=+0.203 gfmed=0.049
 2720 post m=8 hq=0.974 PASS | Dr=-0.066/+1.524 |Dr|max=1.524 Df=-0.094 | g r=0.050 f=0.050 p=0.336(0.002) max=1.438 | Ld=+0.0238 base=0.00401 r1=0.00438 path=0.00602 cap=0.000522 margin=0.0089 | Lg=+0.7847 | 26s | curv=+0.203 wide=+0.29 gfmed=0.038
 2730 post m=8 hq=0.971 PASS | Dr=-0.158/+1.364 |Dr|max=1.364 Df=-0.185 | g r=0.058 f=0.059 p=0.390(0.002) max=1.354 | Ld=-0.0409 base=-0.0624 r1=0.00343 path=0.00739 cap=0.00125 margin=0.00936 | Lg=+0.8557 | 26s | curv=+0.23 wide=+0.297 gfmed=0.051
 2740 post m=8 hq=0.985 PASS | Dr=+0.084/+1.617 |Dr|max=1.617 Df=+0.056 | g r=0.049 f=0.052 p=0.382(0.002) max=1.316 | Ld=-0.0179 base=-0.0369 r1=0.00546 path=0.00321 cap=0.00113 margin=0.00917 | Lg=+0.8049 | 26s | curv=+0.0721 wide=+0.154 gfmed=0.043
 2750 post m=8 hq=0.983 PASS | Dr=+0.128/+1.061 |Dr|max=1.061 Df=+0.106 | g r=0.059 f=0.056 p=0.393(0.003) max=1.132 | Ld=-0.0089 base=-0.0322 r1=0.00945 path=0.00312 cap=0.00132 margin=0.00937 | Lg=+0.8070 | 26s | curv=+0.244 wide=+0.315 gfmed=0.053
 2760 post m=8 hq=0.982 PASS | Dr=+0.093/+1.568 |Dr|max=1.568 Df=+0.072 | g r=0.035 f=0.031 p=0.372(0.001) max=1.333 | Ld=-0.0165 base=-0.0409 r1=0.00263 path=0.0119 cap=0.00113 margin=0.00871 | Lg=+0.8190 | 26s | curv=+0.204 wide=+0.286 gfmed=0.023
 2770 post m=8 hq=0.979 PASS | Dr=-0.002/+1.150 |Dr|max=1.173 Df=-0.022 | g r=0.046 f=0.046 p=0.405(0.001) max=1.452 | Ld=-0.0524 base=-0.0693 r1=0.00246 path=0.00475 cap=0.000521 margin=0.00923 | Lg=+0.8397 | 26s | curv=+0.169 wide=+0.253 gfmed=0.023
 2780 post m=8 hq=0.983 PASS | Dr=+0.011/+1.296 |Dr|max=1.296 Df=-0.012 | g r=0.060 f=0.059 p=0.380(0.002) max=1.330 | Ld=-0.0030 base=-0.0292 r1=0.00586 path=0.00798 cap=0.00284 margin=0.0096 | Lg=+0.8089 | 26s | curv=+0.147 wide=+0.195 gfmed=0.048
 2790 post m=8 hq=0.983 PASS | Dr=+0.025/+1.273 |Dr|max=1.273 Df=+0.004 | g r=0.049 f=0.046 p=0.355(0.001) max=1.579 | Ld=+0.0111 base=-0.00839 r1=0.0053 path=0.00423 cap=0.000287 margin=0.00965 | Lg=+0.7900 | 26s | curv=+0.168 wide=+0.238 gfmed=0.035
 2800 post m=8 hq=0.977 PASS | Dr=+0.003/+1.363 |Dr|max=1.363 Df=-0.019 | g r=0.093 f=0.090 p=0.396(0.002) max=1.345 | Ld=+0.0323 base=0.00223 r1=0.00893 path=0.00882 cap=0.00285 margin=0.00949 | Lg=+0.8105 | 26s | curv=+0.349 wide=+0.407 gfmed=0.082
 2810 post m=8 hq=0.984 PASS | Dr=+0.105/+1.517 |Dr|max=1.517 Df=+0.081 | g r=0.043 f=0.043 p=0.390(0.000) max=1.279 | Ld=-0.0288 base=-0.0436 r1=0.00239 path=0.00247 cap=0.00027 margin=0.00968 | Lg=+0.8287 | 26s | curv=+0.138 wide=+0.226 gfmed=0.026
 2820 post m=8 hq=0.981 PASS | Dr=+0.125/+1.392 |Dr|max=1.392 Df=+0.102 | g r=0.048 f=0.044 p=0.408(0.002) max=1.468 | Ld=-0.0228 base=-0.0514 r1=0.00371 path=0.0144 cap=0.000496 margin=0.00993 | Lg=+0.8466 | 26s | curv=+0.312 wide=+0.388 gfmed=0.034
 2830 post m=8 hq=0.984 PASS | Dr=+0.058/+1.599 |Dr|max=1.599 Df=+0.039 | g r=0.046 f=0.042 p=0.399(0.004) max=1.264 | Ld=-0.0307 base=-0.0455 r1=0.00332 path=0.0017 cap=0.000752 margin=0.00903 | Lg=+0.8390 | 27s | curv=+0.27 wide=+0.332 gfmed=0.038
 2840 post m=8 hq=0.985 PASS | Dr=+0.189/+1.763 |Dr|max=1.763 Df=+0.170 | g r=0.050 f=0.049 p=0.380(0.001) max=1.343 | Ld=-0.0097 base=-0.0243 r1=0.00347 path=0.00137 cap=0.000628 margin=0.0091 | Lg=+0.8203 | 27s | curv=+0.247 wide=+0.325 gfmed=0.041
 2850 post m=8 hq=0.930 PASS | Dr=+0.186/+1.566 |Dr|max=1.566 Df=+0.170 | g r=0.071 f=0.082 p=0.422(0.002) max=1.438 | Ld=-0.0457 base=-0.065 r1=0.00656 path=0.00226 cap=0.00126 margin=0.00927 | Lg=+0.8579 | 27s | curv=+0.111 wide=+0.176 gfmed=0.053
 2860 post m=8 hq=0.977 PASS | Dr=+0.217/+1.679 |Dr|max=1.679 Df=+0.201 | g r=0.051 f=0.052 p=0.378(0.004) max=1.400 | Ld=-0.0061 base=-0.0183 r1=0.0023 path=0.000729 cap=0.000512 margin=0.00873 | Lg=+0.8336 | 27s | curv=+0.167 wide=+0.232 gfmed=0.045
 2870 post m=8 hq=0.975 PASS | Dr=+0.080/+1.895 |Dr|max=1.895 Df=+0.065 | g r=0.063 f=0.063 p=0.394(0.002) max=1.277 | Ld=-0.0238 base=-0.0422 r1=0.00411 path=0.00262 cap=0.00261 margin=0.00908 | Lg=+0.8562 | 27s | curv=+0.234 wide=+0.288 gfmed=0.056
 2880 post m=8 hq=0.935 PASS | Dr=+0.143/+1.259 |Dr|max=1.259 Df=+0.125 | g r=0.058 f=0.083 p=0.443(0.003) max=1.226 | Ld=-0.0282 base=-0.0459 r1=0.00582 path=0.00219 cap=0.000252 margin=0.00949 | Lg=+0.8601 | 27s | curv=+0.0891 wide=+0.15 gfmed=0.039
 2890 post m=8 hq=0.981 PASS | Dr=-0.150/+1.534 |Dr|max=1.611 Df=-0.169 | g r=0.052 f=0.052 p=0.465(0.001) max=1.450 | Ld=-0.0733 base=-0.0962 r1=0.00454 path=0.00699 cap=0.00239 margin=0.00898 | Lg=+0.9231 | 27s | curv=+0.0742 wide=+0.162 gfmed=0.031
 2900 post m=8 hq=0.984 PASS | Dr=-0.073/+1.404 |Dr|max=1.608 Df=-0.090 | g r=0.065 f=0.061 p=0.481(0.003) max=1.397 | Ld=-0.0409 base=-0.0597 r1=0.00326 path=0.00499 cap=0.000999 margin=0.00962 | Lg=+0.9020 | 27s | curv=+0.189 wide=+0.268 gfmed=0.055
 2910 post m=8 hq=0.976 PASS | Dr=+0.343/+1.569 |Dr|max=1.569 Df=+0.322 | g r=0.044 f=0.039 p=0.377(0.001) max=1.378 | Ld=-0.0283 base=-0.0457 r1=0.0025 path=0.00372 cap=0.00206 margin=0.00912 | Lg=+0.7987 | 27s | curv=+0.265 wide=+0.367 gfmed=0.034
 2920 post m=8 hq=0.981 PASS | Dr=+0.123/+1.082 |Dr|max=1.082 Df=+0.107 | g r=0.043 f=0.039 p=0.379(0.002) max=1.169 | Ld=+0.0123 base=-0.00849 r1=0.00359 path=0.00751 cap=0.00093 margin=0.00876 | Lg=+0.7970 | 27s | curv=+0.152 wide=+0.252 gfmed=0.025
 2930 post m=8 hq=0.979 PASS | Dr=+0.082/+1.175 |Dr|max=1.270 Df=+0.065 | g r=0.062 f=0.058 p=0.410(0.002) max=1.278 | Ld=-0.0092 base=-0.0356 r1=0.0107 path=0.0044 cap=0.00183 margin=0.00948 | Lg=+0.8459 | 27s | curv=+0.14 wide=+0.225 gfmed=0.048
 2940 post m=8 hq=0.983 PASS | Dr=+0.086/+1.257 |Dr|max=1.257 Df=+0.068 | g r=0.029 f=0.028 p=0.375(0.000) max=1.171 | Ld=+0.0323 base=0.0127 r1=0.00268 path=0.00711 cap=0.00111 margin=0.00879 | Lg=+0.8197 | 28s | curv=+0.132 wide=+0.22 gfmed=0.020
 2950 post m=8 hq=0.980 PASS | Dr=-0.053/+1.851 |Dr|max=1.851 Df=-0.076 | g r=0.087 f=0.089 p=0.394(0.001) max=1.346 | Ld=+0.0004 base=-0.0272 r1=0.00933 path=0.00608 cap=0.00279 margin=0.00944 | Lg=+0.8879 | 28s | curv=+0.176 wide=+0.259 gfmed=0.071
 2960 post m=8 hq=0.988 PASS | Dr=+0.009/+1.388 |Dr|max=1.388 Df=-0.010 | g r=0.036 f=0.034 p=0.301(0.002) max=1.046 | Ld=+0.0251 base=-0.00181 r1=0.00341 path=0.0134 cap=0.000763 margin=0.00927 | Lg=+0.7968 | 28s | curv=+0.163 wide=+0.233 gfmed=0.026
 2970 post m=8 hq=0.989 PASS | Dr=+0.057/+1.542 |Dr|max=1.542 Df=+0.038 | g r=0.051 f=0.048 p=0.341(0.003) max=1.207 | Ld=-0.0094 base=-0.0303 r1=0.00539 path=0.00342 cap=0.00305 margin=0.00905 | Lg=+0.8140 | 28s | curv=+0.257 wide=+0.324 gfmed=0.034
 2980 post m=8 hq=0.986 PASS | Dr=-0.031/+1.900 |Dr|max=1.900 Df=-0.052 | g r=0.086 f=0.092 p=0.379(0.003) max=1.252 | Ld=+0.0045 base=-0.0274 r1=0.0164 path=0.00505 cap=0.000694 margin=0.00977 | Lg=+0.8990 | 28s | curv=+0.346 wide=+0.383 gfmed=0.065
 2990 post m=8 hq=0.979 PASS | Dr=-0.107/+1.635 |Dr|max=1.635 Df=-0.127 | g r=0.065 f=0.063 p=0.348(0.001) max=1.461 | Ld=+0.0478 base=0.0272 r1=0.00552 path=0.0025 cap=0.00354 margin=0.00906 | Lg=+0.8587 | 28s | curv=+0.101 wide=+0.171 gfmed=0.057
 3000 post m=8 hq=0.975 PASS | Dr=-0.217/+1.696 |Dr|max=1.696 Df=-0.239 | g r=0.079 f=0.069 p=0.405(0.002) max=1.369 | Ld=-0.0424 base=-0.0643 r1=0.00389 path=0.00713 cap=0.000903 margin=0.00996 | Lg=+0.9182 | 28s | curv=+0.275 wide=+0.326 gfmed=0.057
 3010 post m=8 hq=0.986 PASS | Dr=-0.141/+1.530 |Dr|max=1.530 Df=-0.163 | g r=0.028 f=0.027 p=0.363(0.000) max=1.177 | Ld=-0.0292 base=-0.0419 r1=0.00261 path=0.000503 cap=0.000135 margin=0.00937 | Lg=+0.8963 | 28s | curv=+0.141 wide=+0.209 gfmed=0.018
 3020 post m=8 hq=0.958 PASS | Dr=-0.105/+1.938 |Dr|max=1.938 Df=-0.125 | g r=0.069 f=0.066 p=0.413(0.001) max=1.240 | Ld=-0.0184 base=-0.0349 r1=0.00299 path=0.00294 cap=0.000747 margin=0.00978 | Lg=+0.9543 | 28s | curv=+0.32 wide=+0.375 gfmed=0.055
 3030 post m=8 hq=0.982 PASS | Dr=+0.235/+1.730 |Dr|max=1.730 Df=+0.218 | g r=0.038 f=0.038 p=0.298(0.000) max=1.164 | Ld=-0.0011 base=-0.0256 r1=0.00423 path=0.00888 cap=0.00238 margin=0.00897 | Lg=+0.8057 | 28s | curv=+0.188 wide=+0.267 gfmed=0.027
 3040 post m=8 hq=0.991 PASS | Dr=+0.017/+1.771 |Dr|max=1.771 Df=-0.004 | g r=0.039 f=0.036 p=0.323(0.001) max=1.292 | Ld=-0.0206 base=-0.0334 r1=0.00241 path=0.000546 cap=0.000292 margin=0.00959 | Lg=+0.8309 | 28s | curv=+0.25 wide=+0.304 gfmed=0.026
 3050 post m=8 hq=0.990 PASS | Dr=-0.268/+1.628 |Dr|max=1.628 Df=-0.290 | g r=0.035 f=0.033 p=0.363(0.001) max=1.234 | Ld=-0.0213 base=-0.0366 r1=0.00416 path=0.00145 cap=0.000275 margin=0.00938 | Lg=+0.8855 | 29s | curv=+0.12 wide=+0.193 gfmed=0.028
 3060 post m=8 hq=0.991 PASS | Dr=+0.008/+1.476 |Dr|max=1.476 Df=-0.010 | g r=0.039 f=0.038 p=0.326(0.001) max=1.242 | Ld=-0.0092 base=-0.0211 r1=0.00141 path=0.000862 cap=0.000113 margin=0.00954 | Lg=+0.8234 | 29s | curv=+0.142 wide=+0.223 gfmed=0.029
 3070 post m=8 hq=0.991 PASS | Dr=+0.120/+1.492 |Dr|max=1.492 Df=+0.101 | g r=0.049 f=0.047 p=0.276(0.000) max=1.249 | Ld=+0.0185 base=0.0034 r1=0.00277 path=0.00254 cap=0.000145 margin=0.00962 | Lg=+0.7719 | 29s | curv=+0.144 wide=+0.195 gfmed=0.039
 3080 post m=8 hq=0.990 PASS | Dr=-0.053/+1.496 |Dr|max=1.496 Df=-0.073 | g r=0.039 f=0.037 p=0.310(0.001) max=1.191 | Ld=+0.0022 base=-0.0152 r1=0.00205 path=0.00427 cap=0.00164 margin=0.00944 | Lg=+0.7939 | 29s | curv=+0.0948 wide=+0.151 gfmed=0.034
 3090 post m=8 hq=0.986 PASS | Dr=+0.057/+1.579 |Dr|max=1.579 Df=+0.040 | g r=0.043 f=0.040 p=0.325(0.001) max=1.238 | Ld=-0.0321 base=-0.0475 r1=0.00375 path=0.00142 cap=0.00123 margin=0.00897 | Lg=+0.8028 | 29s | curv=+0.101 wide=+0.161 gfmed=0.022
 3100 post m=8 hq=0.993 PASS | Dr=-0.112/+1.609 |Dr|max=1.609 Df=-0.132 | g r=0.058 f=0.060 p=0.335(0.001) max=1.153 | Ld=-0.0109 base=-0.0288 r1=0.00762 path=0.00059 cap=9.41e-05 margin=0.00966 | Lg=+0.8737 | 29s | curv=+0.088 wide=+0.163 gfmed=0.052
 3110 post m=8 hq=0.913 PASS | Dr=-0.198/+1.448 |Dr|max=1.677 Df=-0.204 | g r=0.087 f=0.125 p=0.377(0.003) max=1.245 | Ld=-0.0334 base=-0.062 r1=0.0103 path=0.00482 cap=0.00428 margin=0.00919 | Lg=+0.8722 | 29s | curv=-0.034 wide=+0.0305 gfmed=0.087
 3120 post m=8 hq=0.948 PASS | Dr=+0.100/+1.533 |Dr|max=1.533 Df=+0.082 | g r=0.066 f=0.071 p=0.350(0.001) max=1.186 | Ld=+0.0183 base=-0.02 r1=0.00488 path=0.0229 cap=0.00112 margin=0.00941 | Lg=+0.8276 | 29s | curv=+0.188 wide=+0.267 gfmed=0.049
 3130 post m=8 hq=0.978 PASS | Dr=-0.052/+1.788 |Dr|max=1.788 Df=-0.072 | g r=0.061 f=0.061 p=0.390(0.001) max=1.207 | Ld=-0.0238 base=-0.0382 r1=0.00287 path=0.000813 cap=0.00169 margin=0.00895 | Lg=+0.8949 | 29s | curv=+0.0827 wide=+0.182 gfmed=0.051
 3140 post m=8 hq=0.989 PASS | Dr=-0.063/+1.761 |Dr|max=1.761 Df=-0.085 | g r=0.040 f=0.038 p=0.390(0.001) max=1.250 | Ld=-0.0511 base=-0.0653 r1=0.00163 path=0.00272 cap=0.000137 margin=0.00964 | Lg=+0.9330 | 29s | curv=+0.186 wide=+0.257 gfmed=0.035
 3150 post m=8 hq=0.986 PASS | Dr=-0.074/+2.078 |Dr|max=2.078 Df=-0.096 | g r=0.054 f=0.050 p=0.434(0.003) max=1.353 | Ld=-0.0698 base=-0.0909 r1=0.00326 path=0.00789 cap=0.000407 margin=0.00955 | Lg=+1.0139 | 29s | curv=+0.152 wide=+0.241 gfmed=0.046
 3160 post m=8 hq=0.985 PASS | Dr=+0.060/+1.386 |Dr|max=1.386 Df=+0.037 | g r=0.036 f=0.037 p=0.357(0.000) max=1.328 | Ld=+0.0095 base=-0.00762 r1=0.0037 path=0.00373 cap=0.000656 margin=0.00904 | Lg=+0.8402 | 30s | curv=+0.127 wide=+0.206 gfmed=0.028
 3170 post m=8 hq=0.982 PASS | Dr=+0.133/+1.448 |Dr|max=1.448 Df=+0.116 | g r=0.038 f=0.036 p=0.321(0.002) max=1.141 | Ld=+0.0155 base=-0.00308 r1=0.00225 path=0.00603 cap=0.000762 margin=0.00956 | Lg=+0.7943 | 30s | curv=+0.137 wide=+0.219 gfmed=0.027
 3180 post m=8 hq=0.978 PASS | Dr=+0.170/+1.251 |Dr|max=1.251 Df=+0.152 | g r=0.056 f=0.055 p=0.341(0.001) max=1.129 | Ld=+0.0022 base=-0.0245 r1=0.00961 path=0.00464 cap=0.00349 margin=0.00893 | Lg=+0.8050 | 30s | curv=+0.0129 wide=+0.115 gfmed=0.056
 3190 post m=8 hq=0.981 PASS | Dr=+0.178/+1.415 |Dr|max=1.415 Df=+0.153 | g r=0.060 f=0.061 p=0.388(0.000) max=1.385 | Ld=-0.0344 base=-0.0485 r1=0.0023 path=0.00121 cap=0.00126 margin=0.00937 | Lg=+0.8469 | 30s | curv=+0.204 wide=+0.247 gfmed=0.047
 3200 post m=8 hq=0.991 PASS | Dr=+0.241/+1.038 |Dr|max=1.038 Df=+0.227 | g r=0.057 f=0.055 p=0.369(0.001) max=1.196 | Ld=+0.0204 base=0.00395 r1=0.00526 path=0.00167 cap=7.38e-05 margin=0.00949 | Lg=+0.8136 | 30s | curv=+0.231 wide=+0.272 gfmed=0.047
 3210 post m=8 hq=0.991 PASS | Dr=+0.276/+1.681 |Dr|max=1.681 Df=+0.258 | g r=0.040 f=0.037 p=0.341(0.000) max=1.291 | Ld=-0.0020 base=-0.0154 r1=0.00285 path=0.000585 cap=0.000238 margin=0.00968 | Lg=+0.7972 | 30s | curv=+0.162 wide=+0.22 gfmed=0.028
 3220 post m=8 hq=0.990 PASS | Dr=+0.268/+1.211 |Dr|max=1.211 Df=+0.254 | g r=0.105 f=0.100 p=0.420(0.002) max=1.171 | Ld=+0.0163 base=-0.00534 r1=0.00767 path=0.00288 cap=0.00142 margin=0.00969 | Lg=+0.8603 | 30s | curv=+0.156 wide=+0.228 gfmed=0.086
 3230 post m=8 hq=0.987 PASS | Dr=+0.344/+1.481 |Dr|max=1.481 Df=+0.326 | g r=0.029 f=0.029 p=0.328(0.000) max=1.283 | Ld=+0.0156 base=-0.0033 r1=0.00221 path=0.00726 cap=8.33e-06 margin=0.00944 | Lg=+0.7767 | 30s | curv=+0.142 wide=+0.215 gfmed=0.020
 3240 post m=8 hq=0.992 PASS | Dr=+0.341/+1.529 |Dr|max=1.529 Df=+0.328 | g r=0.035 f=0.035 p=0.332(0.002) max=1.077 | Ld=-0.0187 base=-0.0337 r1=0.00347 path=0.00184 cap=3.29e-05 margin=0.00964 | Lg=+0.7799 | 30s | curv=+0.189 wide=+0.25 gfmed=0.031
 3250 post m=8 hq=0.985 PASS | Dr=+0.270/+1.398 |Dr|max=1.398 Df=+0.255 | g r=0.049 f=0.046 p=0.409(0.001) max=1.206 | Ld=-0.0058 base=-0.0206 r1=0.00333 path=0.00176 cap=0.000273 margin=0.00944 | Lg=+0.8652 | 30s | curv=+0.111 wide=+0.195 gfmed=0.038
 3260 post m=8 hq=0.988 PASS | Dr=+0.401/+1.178 |Dr|max=1.178 Df=+0.393 | g r=0.030 f=0.027 p=0.344(0.001) max=1.171 | Ld=+0.0271 base=0.0114 r1=0.00167 path=0.00494 cap=5.4e-06 margin=0.00909 | Lg=+0.7860 | 30s | curv=+0.146 wide=+0.221 gfmed=0.021
 3270 post m=8 hq=0.990 PASS | Dr=+0.463/+1.509 |Dr|max=1.509 Df=+0.449 | g r=0.042 f=0.041 p=0.366(0.001) max=1.132 | Ld=+0.0034 base=-0.00998 r1=0.00222 path=0.00221 cap=5.87e-05 margin=0.00889 | Lg=+0.7831 | 31s | curv=+0.111 wide=+0.198 gfmed=0.030
 3280 post m=8 hq=0.986 PASS | Dr=+0.246/+1.808 |Dr|max=1.808 Df=+0.233 | g r=0.059 f=0.056 p=0.404(0.002) max=1.315 | Ld=-0.0123 base=-0.0295 r1=0.00281 path=0.00353 cap=0.00146 margin=0.00949 | Lg=+0.8724 | 31s | curv=+0.0498 wide=+0.136 gfmed=0.046
 3290 post m=8 hq=0.990 PASS | Dr=+0.432/+1.831 |Dr|max=1.831 Df=+0.416 | g r=0.051 f=0.050 p=0.399(0.002) max=1.392 | Ld=-0.0137 base=-0.0271 r1=0.00287 path=0.000887 cap=0.000156 margin=0.00948 | Lg=+0.8369 | 31s | curv=+0.163 wide=+0.249 gfmed=0.032
 3300 post m=8 hq=0.989 PASS | Dr=+0.267/+1.687 |Dr|max=1.687 Df=+0.251 | g r=0.052 f=0.048 p=0.412(0.001) max=1.215 | Ld=-0.0245 base=-0.0461 r1=0.00467 path=0.00561 cap=0.00157 margin=0.00967 | Lg=+0.8641 | 31s | curv=+0.165 wide=+0.258 gfmed=0.041
 3310 post m=8 hq=0.989 PASS | Dr=+0.385/+1.495 |Dr|max=1.495 Df=+0.370 | g r=0.032 f=0.029 p=0.357(0.001) max=1.185 | Ld=+0.0129 base=0.000951 r1=0.00238 path=0.000532 cap=0.000211 margin=0.00882 | Lg=+0.7902 | 31s | curv=+0.194 wide=+0.269 gfmed=0.026
 3320 post m=8 hq=0.992 PASS | Dr=+0.370/+1.838 |Dr|max=1.838 Df=+0.355 | g r=0.042 f=0.039 p=0.366(0.001) max=1.242 | Ld=-0.0014 base=-0.0203 r1=0.00222 path=0.00737 cap=0.000362 margin=0.00898 | Lg=+0.8179 | 31s | curv=+0.114 wide=+0.18 gfmed=0.025
 3330 post m=8 hq=0.990 PASS | Dr=+0.333/+2.025 |Dr|max=2.025 Df=+0.316 | g r=0.044 f=0.038 p=0.322(0.002) max=1.224 | Ld=-0.0043 base=-0.0214 r1=0.00171 path=0.00604 cap=0.000245 margin=0.00916 | Lg=+0.8182 | 31s | curv=+0.22 wide=+0.294 gfmed=0.029
 3340 post m=8 hq=0.991 PASS | Dr=+0.154/+2.046 |Dr|max=2.046 Df=+0.136 | g r=0.049 f=0.045 p=0.356(0.001) max=1.255 | Ld=-0.0137 base=-0.0319 r1=0.00343 path=0.00494 cap=0.000432 margin=0.00946 | Lg=+0.8773 | 31s | curv=+0.252 wide=+0.313 gfmed=0.035
 3350 post m=8 hq=0.981 PASS | Dr=+0.131/+2.039 |Dr|max=2.039 Df=+0.115 | g r=0.040 f=0.035 p=0.349(0.001) max=1.415 | Ld=-0.0184 base=-0.0338 r1=0.00452 path=0.00126 cap=0.000252 margin=0.00929 | Lg=+0.8850 | 31s | curv=+0.195 wide=+0.259 gfmed=0.031
 3360 post m=8 hq=0.981 PASS | Dr=+0.110/+2.170 |Dr|max=2.170 Df=+0.089 | g r=0.040 f=0.038 p=0.413(0.001) max=1.307 | Ld=-0.0276 base=-0.0432 r1=0.00227 path=0.00354 cap=0.000629 margin=0.00923 | Lg=+0.9368 | 31s | curv=+0.257 wide=+0.281 gfmed=0.033
 3370 post m=8 hq=0.986 PASS | Dr=+0.198/+1.851 |Dr|max=1.851 Df=+0.179 | g r=0.050 f=0.050 p=0.328(0.001) max=1.482 | Ld=+0.0498 base=0.0214 r1=0.00313 path=0.0151 cap=0.00064 margin=0.00958 | Lg=+0.8048 | 31s | curv=+0.177 wide=+0.228 gfmed=0.042
 3380 post m=8 hq=0.987 PASS | Dr=+0.172/+2.018 |Dr|max=2.018 Df=+0.152 | g r=0.034 f=0.031 p=0.355(0.000) max=1.382 | Ld=-0.0083 base=-0.0254 r1=0.00227 path=0.00508 cap=0.000305 margin=0.00942 | Lg=+0.8848 | 32s | curv=+0.165 wide=+0.226 gfmed=0.025
 3390 post m=8 hq=0.987 PASS | Dr=+0.072/+1.741 |Dr|max=1.741 Df=+0.054 | g r=0.046 f=0.045 p=0.291(0.001) max=1.143 | Ld=-0.0064 base=-0.0206 r1=0.00202 path=0.00239 cap=0.000153 margin=0.00967 | Lg=+0.8243 | 32s | curv=+0.198 wide=+0.249 gfmed=0.035
 3400 post m=8 hq=0.988 PASS | Dr=+0.177/+1.966 |Dr|max=1.966 Df=+0.157 | g r=0.031 f=0.028 p=0.330(0.001) max=1.219 | Ld=-0.0181 base=-0.0385 r1=0.00188 path=0.00828 cap=0.00046 margin=0.00977 | Lg=+0.8627 | 32s | curv=+0.179 wide=+0.25 gfmed=0.021
 3410 post m=8 hq=0.984 PASS | Dr=+0.044/+1.845 |Dr|max=1.845 Df=+0.026 | g r=0.034 f=0.031 p=0.340(0.001) max=1.298 | Ld=-0.0346 base=-0.0506 r1=0.00265 path=0.00349 cap=2.69e-05 margin=0.00983 | Lg=+0.9315 | 32s | curv=+0.105 wide=+0.177 gfmed=0.020
 3420 post m=8 hq=0.980 PASS | Dr=+0.205/+1.791 |Dr|max=1.791 Df=+0.186 | g r=0.060 f=0.054 p=0.311(0.003) max=1.303 | Ld=+0.0142 base=-0.0038 r1=0.00339 path=0.00404 cap=0.000463 margin=0.0101 | Lg=+0.8301 | 32s | curv=+0.326 wide=+0.378 gfmed=0.046
 3430 post m=8 hq=0.985 PASS | Dr=+0.145/+2.013 |Dr|max=2.013 Df=+0.127 | g r=0.041 f=0.042 p=0.311(0.000) max=1.312 | Ld=-0.0264 base=-0.0403 r1=0.00268 path=0.00119 cap=0.000663 margin=0.00944 | Lg=+0.8406 | 32s | curv=+0.202 wide=+0.254 gfmed=0.029
 3440 post m=8 hq=0.987 PASS | Dr=+0.092/+1.664 |Dr|max=1.664 Df=+0.074 | g r=0.025 f=0.023 p=0.265(0.001) max=1.227 | Ld=-0.0049 base=-0.0206 r1=0.00165 path=0.00479 cap=7.17e-05 margin=0.00914 | Lg=+0.7919 | 32s | curv=+0.101 wide=+0.17 gfmed=0.016
 3450 post m=8 hq=0.981 PASS | Dr=+0.096/+1.743 |Dr|max=1.743 Df=+0.081 | g r=0.057 f=0.057 p=0.288(0.001) max=1.326 | Ld=+0.0102 base=-0.018 r1=0.00461 path=0.0109 cap=0.00279 margin=0.00979 | Lg=+0.8283 | 32s | curv=+0.178 wide=+0.242 gfmed=0.043
 3460 post m=8 hq=0.986 PASS | Dr=+0.047/+1.596 |Dr|max=1.596 Df=+0.032 | g r=0.035 f=0.034 p=0.268(0.001) max=1.362 | Ld=-0.0085 base=-0.0295 r1=0.00287 path=0.00694 cap=0.00167 margin=0.00947 | Lg=+0.7929 | 32s | curv=+0.131 wide=+0.178 gfmed=0.019
 3470 post m=8 hq=0.983 PASS | Dr=+0.080/+1.788 |Dr|max=1.788 Df=+0.061 | g r=0.027 f=0.025 p=0.296(0.002) max=1.308 | Ld=-0.0081 base=-0.0198 r1=0.000912 path=0.00102 cap=8.51e-05 margin=0.00974 | Lg=+0.8032 | 32s | curv=+0.118 wide=+0.189 gfmed=0.018
 3480 post m=8 hq=0.978 PASS | Dr=+0.183/+1.389 |Dr|max=1.389 Df=+0.167 | g r=0.041 f=0.043 p=0.229(0.001) max=1.205 | Ld=+0.0326 base=0.0129 r1=0.00773 path=0.00279 cap=0.000632 margin=0.00857 | Lg=+0.7551 | 32s | curv=+0.0834 wide=+0.147 gfmed=0.039
 3490 post m=8 hq=0.980 PASS | Dr=+0.186/+1.618 |Dr|max=1.618 Df=+0.169 | g r=0.033 f=0.031 p=0.290(0.001) max=1.164 | Ld=-0.0057 base=-0.0219 r1=0.00283 path=0.00331 cap=0.000557 margin=0.00942 | Lg=+0.7925 | 33s | curv=+0.0987 wide=+0.16 gfmed=0.031
 3500 post m=8 hq=0.976 PASS | Dr=+0.296/+1.282 |Dr|max=1.282 Df=+0.280 | g r=0.043 f=0.041 p=0.276(0.001) max=1.348 | Ld=+0.0096 base=-0.00841 r1=0.0011 path=0.00363 cap=0.0034 margin=0.00985 | Lg=+0.7510 | 33s | curv=+0.169 wide=+0.211 gfmed=0.035
 3510 post m=8 hq=0.985 PASS | Dr=+0.207/+1.223 |Dr|max=1.223 Df=+0.193 | g r=0.052 f=0.047 p=0.297(0.001) max=1.159 | Ld=+0.0154 base=-0.00659 r1=0.0051 path=0.00657 cap=0.00129 margin=0.00904 | Lg=+0.7536 | 33s | curv=+0.203 wide=+0.238 gfmed=0.032
 3520 post m=8 hq=0.972 PASS | Dr=+0.215/+1.502 |Dr|max=1.502 Df=+0.200 | g r=0.041 f=0.039 p=0.359(0.001) max=1.290 | Ld=-0.0214 base=-0.0375 r1=0.0026 path=0.00273 cap=0.000766 margin=0.00995 | Lg=+0.8059 | 33s | curv=+0.179 wide=+0.219 gfmed=0.028
 3530 post m=8 hq=0.978 PASS | Dr=+0.325/+1.341 |Dr|max=1.341 Df=+0.311 | g r=0.040 f=0.039 p=0.363(0.000) max=1.285 | Ld=-0.0061 base=-0.0193 r1=0.00203 path=0.00124 cap=0.000389 margin=0.00952 | Lg=+0.7896 | 33s | curv=+0.112 wide=+0.19 gfmed=0.038
 3540 post m=8 hq=0.987 PASS | Dr=+0.302/+1.584 |Dr|max=1.584 Df=+0.290 | g r=0.031 f=0.030 p=0.320(0.001) max=1.391 | Ld=+0.0047 base=-0.00867 r1=0.00175 path=0.00138 cap=0.000441 margin=0.00985 | Lg=+0.7604 | 33s | curv=+0.122 wide=+0.177 gfmed=0.023
 3550 post m=8 hq=0.969 PASS | Dr=+0.264/+1.419 |Dr|max=1.419 Df=+0.254 | g r=0.058 f=0.058 p=0.377(0.001) max=1.289 | Ld=-0.0200 base=-0.0435 r1=0.00448 path=0.00942 cap=0.000674 margin=0.00897 | Lg=+0.8284 | 33s | curv=+0.046 wide=+0.118 gfmed=0.045
 3560 post m=8 hq=0.979 PASS | Dr=+0.232/+1.668 |Dr|max=1.668 Df=+0.223 | g r=0.036 f=0.035 p=0.289(0.000) max=1.307 | Ld=+0.0301 base=0.00568 r1=0.00127 path=0.0128 cap=0.000364 margin=0.00999 | Lg=+0.7930 | 33s | curv=+0.139 wide=+0.212 gfmed=0.023
 3570 post m=8 hq=0.972 PASS | Dr=+0.144/+1.719 |Dr|max=1.719 Df=+0.137 | g r=0.037 f=0.035 p=0.316(0.000) max=1.273 | Ld=-0.0148 base=-0.0295 r1=0.00204 path=0.00308 cap=0.000683 margin=0.00885 | Lg=+0.8133 | 33s | curv=+0.23 wide=+0.274 gfmed=0.022
 3580 post m=8 hq=0.980 PASS | Dr=+0.228/+1.845 |Dr|max=1.845 Df=+0.223 | g r=0.027 f=0.027 p=0.301(0.001) max=1.176 | Ld=-0.0263 base=-0.0384 r1=0.00147 path=0.00107 cap=0.000236 margin=0.00929 | Lg=+0.8485 | 33s | curv=+0.0952 wide=+0.147 gfmed=0.017
 3590 post m=8 hq=0.980 PASS | Dr=+0.240/+1.743 |Dr|max=1.743 Df=+0.231 | g r=0.033 f=0.030 p=0.285(0.001) max=1.400 | Ld=-0.0156 base=-0.0295 r1=0.00227 path=0.00207 cap=5.77e-05 margin=0.00953 | Lg=+0.8042 | 33s | curv=+0.148 wide=+0.211 gfmed=0.023
 3600 post m=8 hq=0.974 PASS | Dr=+0.142/+1.522 |Dr|max=1.522 Df=+0.133 | g r=0.053 f=0.049 p=0.268(0.002) max=1.325 | Ld=+0.0448 base=0.0229 r1=0.00478 path=0.00378 cap=0.0029 margin=0.0105 | Lg=+0.7846 | 34s | curv=+0.27 wide=+0.295 gfmed=0.034
 3610 post m=8 hq=0.976 PASS | Dr=+0.363/+1.760 |Dr|max=1.760 Df=+0.345 | g r=0.033 f=0.031 p=0.283(0.001) max=1.536 | Ld=+0.0074 base=-0.011 r1=0.00146 path=0.00775 cap=0.000152 margin=0.009 | Lg=+0.7847 | 34s | curv=+0.228 wide=+0.306 gfmed=0.024
 3620 post m=8 hq=0.988 PASS | Dr=+0.338/+1.776 |Dr|max=1.776 Df=+0.323 | g r=0.041 f=0.037 p=0.259(0.001) max=1.329 | Ld=-0.0003 base=-0.0159 r1=0.0038 path=0.00196 cap=0.00078 margin=0.00909 | Lg=+0.7682 | 34s | curv=+0.153 wide=+0.22 gfmed=0.026
 3630 post m=8 hq=0.990 PASS | Dr=+0.343/+1.438 |Dr|max=1.438 Df=+0.327 | g r=0.027 f=0.026 p=0.222(0.000) max=1.734 | Ld=+0.0039 base=-0.0101 r1=0.00113 path=0.0029 cap=0.000528 margin=0.0095 | Lg=+0.7419 | 34s | curv=+0.113 wide=+0.192 gfmed=0.020
 3640 post m=8 hq=0.988 PASS | Dr=+0.266/+1.521 |Dr|max=1.521 Df=+0.254 | g r=0.034 f=0.032 p=0.233(0.000) max=1.491 | Ld=+0.0183 base=0.00363 r1=0.00346 path=0.00161 cap=0.000234 margin=0.00933 | Lg=+0.7537 | 34s | curv=+0.145 wide=+0.187 gfmed=0.027
 3650 post m=8 hq=0.990 PASS | Dr=+0.256/+1.756 |Dr|max=1.756 Df=+0.246 | g r=0.029 f=0.026 p=0.261(0.000) max=1.750 | Ld=+0.0116 base=-0.0034 r1=0.00279 path=0.00208 cap=0.000204 margin=0.00995 | Lg=+0.7959 | 34s | curv=+0.153 wide=+0.227 gfmed=0.020
 3660 post m=8 hq=0.982 PASS | Dr=+0.195/+1.884 |Dr|max=1.884 Df=+0.187 | g r=0.054 f=0.051 p=0.307(0.002) max=1.091 | Ld=-0.0067 base=-0.0222 r1=0.00507 path=0.00115 cap=2.43e-05 margin=0.00926 | Lg=+0.8414 | 34s | curv=+0.15 wide=+0.205 gfmed=0.045
 3670 post m=8 hq=0.979 PASS | Dr=+0.150/+1.947 |Dr|max=1.947 Df=+0.140 | g r=0.056 f=0.057 p=0.332(0.000) max=1.194 | Ld=-0.0088 base=-0.0251 r1=0.00261 path=0.00432 cap=0.000194 margin=0.00916 | Lg=+0.8824 | 34s | curv=+0.194 wide=+0.243 gfmed=0.051
 3680 post m=8 hq=0.981 PASS | Dr=+0.256/+1.729 |Dr|max=1.729 Df=+0.248 | g r=0.046 f=0.045 p=0.269(0.000) max=1.758 | Ld=+0.0070 base=-0.00875 r1=0.00176 path=0.00427 cap=9.36e-07 margin=0.00972 | Lg=+0.7873 | 34s | curv=+0.183 wide=+0.231 gfmed=0.029
 3690 post m=8 hq=0.969 PASS | Dr=+0.274/+1.587 |Dr|max=1.587 Df=+0.263 | g r=0.053 f=0.051 p=0.280(0.000) max=1.159 | Ld=+0.0331 base=-0.00446 r1=0.00475 path=0.0231 cap=2.67e-05 margin=0.00969 | Lg=+0.7883 | 34s | curv=+0.324 wide=+0.385 gfmed=0.036
 3700 post m=8 hq=0.891 fail | Dr=+0.424/+1.758 |Dr|max=1.758 Df=+0.410 | g r=0.046 f=0.066 p=0.306(0.001) max=1.848 | Ld=-0.0075 base=-0.0224 r1=0.00333 path=0.00242 cap=0.000178 margin=0.00898 | Lg=+0.7893 | 35s | curv=+0.263 wide=+0.341 gfmed=0.035
 3710 post m=7 hq=0.289 fail | Dr=+0.228/+1.449 |Dr|max=1.449 Df=+0.151 | g r=0.090 f=0.371 p=0.397(0.002) max=1.525 | Ld=-0.0131 base=-0.0819 r1=0.0137 path=0.0357 cap=0.0113 margin=0.00807 | Lg=+0.8070 | 35s | curv=+0.832 wide=+0.938 gfmed=0.222
 3720 post m=5 hq=0.150 fail | Dr=+0.177/+0.774 |Dr|max=0.774 Df=+0.108 | g r=0.100 f=0.461 p=0.399(0.002) max=1.280 | Ld=-0.0281 base=-0.0943 r1=0.0216 path=0.0252 cap=0.0114 margin=0.00804 | Lg=+0.7807 | 35s | curv=+0.948 wide=+1.06 gfmed=0.496
 3730 post m=8 hq=0.245 fail | Dr=+0.398/+0.980 |Dr|max=0.980 Df=+0.258 | g r=0.141 f=0.564 p=0.481(0.004) max=1.368 | Ld=-0.0859 base=-0.152 r1=0.0322 path=0.0104 cap=0.0165 margin=0.0067 | Lg=+0.8165 | 35s | curv=+1.45 wide=+1.58 gfmed=0.573
 3740 post m=0 hq=0.000 fail | Dr=+0.270/+0.688 |Dr|max=0.688 Df=-0.091 | g r=0.233 f=0.585 p=0.676(0.005) max=1.893 | Ld=-0.0976 base=-0.371 r1=0.0385 path=0.198 cap=0.0298 margin=0.00712 | Lg=+1.0109 | 35s | curv=+2.3 wide=+2.43 gfmed=0.550
 3750 post m=3 hq=0.087 fail | Dr=+0.259/+0.512 |Dr|max=0.512 Df=-0.221 | g r=0.223 f=0.644 p=0.594(0.004) max=1.683 | Ld=+0.3531 base=-0.348 r1=0.0538 path=0.62 cap=0.0197 margin=0.00776 | Lg=+0.9715 | 35s | curv=+1.99 wide=+2.08 gfmed=0.633
 3760 post m=3 hq=0.059 fail | Dr=+0.245/+0.884 |Dr|max=0.884 Df=-0.190 | g r=0.178 f=0.584 p=0.591(0.003) max=1.536 | Ld=-0.3775 base=-0.489 r1=0.0507 path=0.0281 cap=0.0246 margin=0.00765 | Lg=+1.0233 | 35s | curv=+1.84 wide=+2.01 gfmed=0.569
 3770 post m=6 hq=0.118 fail | Dr=-0.305/-0.058 |Dr|max=0.613 Df=-0.585 | g r=0.187 f=0.675 p=0.556(0.001) max=1.480 | Ld=-0.2550 base=-0.354 r1=0.0517 path=0.0216 cap=0.0187 margin=0.00754 | Lg=+0.9299 | 35s | curv=+2.01 wide=+2.14 gfmed=0.658
 3780 post m=6 hq=0.054 fail | Dr=-0.420/+0.066 |Dr|max=1.062 Df=-0.853 | g r=0.270 f=0.739 p=0.727(0.013) max=2.012 | Ld=-0.0353 base=-0.388 r1=0.0584 path=0.265 cap=0.0217 margin=0.00751 | Lg=+1.0334 | 35s | curv=+2.42 wide=+2.53 gfmed=0.737
 3790 post m=5 hq=0.123 fail | Dr=-0.361/+0.359 |Dr|max=1.135 Df=-0.777 | g r=0.201 f=0.614 p=0.608(0.014) max=1.520 | Ld=-0.2069 base=-0.389 r1=0.0546 path=0.101 cap=0.0198 margin=0.00667 | Lg=+0.9917 | 35s | curv=+2.12 wide=+2.3 gfmed=0.574
 3800 post m=7 hq=0.187 fail | Dr=-0.876/+0.048 |Dr|max=1.918 Df=-1.250 | g r=0.203 f=0.637 p=0.589(0.006) max=1.607 | Ld=-0.1719 base=-0.294 r1=0.0608 path=0.0306 cap=0.0238 margin=0.00663 | Lg=+0.9530 | 35s | curv=+1.95 wide=+2.13 gfmed=0.657
 3810 post m=4 hq=0.016 fail | Dr=-0.841/-0.294 |Dr|max=1.602 Df=-1.269 | g r=0.192 f=0.705 p=0.573(0.005) max=1.450 | Ld=-0.1173 base=-0.307 r1=0.0423 path=0.128 cap=0.0128 margin=0.00705 | Lg=+0.9008 | 35s | curv=+2.01 wide=+2.19 gfmed=0.738
 3820 post m=3 hq=0.017 fail | Dr=-1.039/-0.019 |Dr|max=2.454 Df=-1.508 | g r=0.202 f=0.719 p=0.633(0.011) max=1.471 | Ld=-0.2468 base=-0.424 r1=0.0661 path=0.0731 cap=0.0309 margin=0.0068 | Lg=+1.0571 | 36s | curv=+1.79 wide=+2.01 gfmed=0.765
 3830 post m=6 hq=0.093 fail | Dr=-0.916/-0.036 |Dr|max=2.071 Df=-1.250 | g r=0.265 f=0.592 p=0.607(0.015) max=1.683 | Ld=+0.0052 base=-0.454 r1=0.101 path=0.132 cap=0.217 margin=0.00833 | Lg=+0.9571 | 36s | curv=+2.01 wide=+2.03 gfmed=0.587
 3840 post m=6 hq=0.153 fail | Dr=-0.952/+0.121 |Dr|max=2.310 Df=-1.310 | g r=0.172 f=0.641 p=0.615(0.005) max=1.482 | Ld=-0.2147 base=-0.321 r1=0.0444 path=0.0396 cap=0.0159 margin=0.00666 | Lg=+1.0012 | 36s | curv=+1.8 wide=+1.97 gfmed=0.687
 3850 post m=7 hq=0.193 fail | Dr=-1.281/-0.112 |Dr|max=2.945 Df=-1.686 | g r=0.195 f=0.585 p=0.603(0.011) max=1.776 | Ld=-0.3432 base=-0.517 r1=0.0663 path=0.0496 cap=0.0507 margin=0.0077 | Lg=+1.1188 | 36s | curv=+1.6 wide=+1.79 gfmed=0.547
 3860 post m=8 hq=0.081 fail | Dr=-0.957/+0.198 |Dr|max=2.312 Df=-1.326 | g r=0.180 f=0.692 p=0.631(0.015) max=1.511 | Ld=-0.2008 base=-0.34 r1=0.051 path=0.0559 cap=0.0252 margin=0.00699 | Lg=+1.0247 | 36s | curv=+1.56 wide=+1.76 gfmed=0.697
 3870 post m=5 hq=0.190 fail | Dr=-1.495/-0.608 |Dr|max=2.897 Df=-1.955 | g r=0.224 f=0.685 p=0.700(0.003) max=1.852 | Ld=-0.4047 base=-0.523 r1=0.063 path=0.0162 cap=0.032 margin=0.00705 | Lg=+1.1463 | 36s | curv=+2.02 wide=+2.28 gfmed=0.695
 3880 post m=7 hq=0.468 fail | Dr=-1.070/+0.001 |Dr|max=2.983 Df=-1.507 | g r=0.159 f=0.434 p=0.638(0.003) max=1.624 | Ld=-0.3742 base=-0.46 r1=0.0403 path=0.0175 cap=0.0214 margin=0.00709 | Lg=+1.1298 | 36s | curv=+1.63 wide=+1.82 gfmed=0.316
 3890 post m=4 hq=0.097 fail | Dr=-0.942/+0.307 |Dr|max=2.835 Df=-1.415 | g r=0.202 f=0.785 p=0.680(0.011) max=1.575 | Ld=-0.2146 base=-0.328 r1=0.0389 path=0.0547 cap=0.0115 margin=0.00829 | Lg=+1.0999 | 36s | curv=+2.17 wide=+2.32 gfmed=0.847
 3900 post m=6 hq=0.234 fail | Dr=-1.110/+0.355 |Dr|max=3.071 Df=-1.428 | g r=0.218 f=0.668 p=0.690(0.004) max=1.617 | Ld=-0.2353 base=-0.353 r1=0.0586 path=0.0391 cap=0.0123 margin=0.0079 | Lg=+1.1621 | 36s | curv=+1.71 wide=+1.88 gfmed=0.742
 3910 post m=5 hq=0.153 fail | Dr=-0.938/+0.292 |Dr|max=2.470 Df=-1.291 | g r=0.224 f=0.648 p=0.614(0.025) max=1.590 | Ld=-0.2091 base=-0.346 r1=0.0422 path=0.0166 cap=0.0711 margin=0.00742 | Lg=+1.0348 | 36s | curv=+2.08 wide=+2.13 gfmed=0.631
 3920 post m=4 hq=0.191 fail | Dr=-0.841/-0.097 |Dr|max=2.215 Df=-1.214 | g r=0.207 f=0.764 p=0.661(0.006) max=1.740 | Ld=-0.1324 base=-0.272 r1=0.044 path=0.0475 cap=0.0399 margin=0.00788 | Lg=+0.9532 | 37s | curv=+1.98 wide=+2.13 gfmed=0.806
 3930 post m=8 hq=0.306 fail | Dr=-0.893/+0.051 |Dr|max=2.431 Df=-1.132 | g r=0.180 f=0.575 p=0.598(0.009) max=1.457 | Ld=-0.0757 base=-0.171 r1=0.0516 path=0.0264 cap=0.00879 margin=0.00825 | Lg=+0.9230 | 37s | curv=+1.63 wide=+1.81 gfmed=0.600
 3940 post m=4 hq=0.172 fail | Dr=-0.794/-0.177 |Dr|max=1.868 Df=-1.219 | g r=0.160 f=0.608 p=0.596(0.005) max=1.395 | Ld=-0.1117 base=-0.21 r1=0.037 path=0.0463 cap=0.0083 margin=0.00712 | Lg=+0.8857 | 37s | curv=+1.77 wide=+1.96 gfmed=0.673
 3950 post m=7 hq=0.288 fail | Dr=-0.877/+0.129 |Dr|max=2.640 Df=-1.221 | g r=0.171 f=0.589 p=0.628(0.006) max=1.625 | Ld=-0.1983 base=-0.275 r1=0.0352 path=0.0155 cap=0.0191 margin=0.0072 | Lg=+0.9889 | 37s | curv=+1.73 wide=+1.9 gfmed=0.635
 3960 post m=8 hq=0.465 fail | Dr=-0.805/+0.245 |Dr|max=2.355 Df=-1.066 | g r=0.142 f=0.515 p=0.624(0.005) max=1.495 | Ld=-0.2113 base=-0.279 r1=0.0418 path=0.00763 cap=0.011 margin=0.00735 | Lg=+0.9619 | 37s | curv=+1.45 wide=+1.64 gfmed=0.381
 3970 post m=8 hq=0.338 fail | Dr=-0.646/+0.313 |Dr|max=2.335 Df=-0.866 | g r=0.170 f=0.567 p=0.621(0.005) max=1.406 | Ld=-0.1077 base=-0.16 r1=0.0311 path=0.0101 cap=0.0031 margin=0.0081 | Lg=+0.9320 | 37s | curv=+1.56 wide=+1.73 gfmed=0.587
 3980 post m=5 hq=0.293 fail | Dr=-0.802/+0.130 |Dr|max=2.445 Df=-1.105 | g r=0.156 f=0.621 p=0.601(0.006) max=1.432 | Ld=-0.1572 base=-0.222 r1=0.0308 path=0.00678 cap=0.02 margin=0.00722 | Lg=+0.9490 | 37s | curv=+1.6 wide=+1.74 gfmed=0.750
 3990 post m=8 hq=0.476 fail | Dr=-0.698/-0.011 |Dr|max=2.004 Df=-0.918 | g r=0.159 f=0.470 p=0.544(0.008) max=1.411 | Ld=-0.0579 base=-0.142 r1=0.0466 path=0.0212 cap=0.00797 margin=0.00831 | Lg=+0.8606 | 37s | curv=+1.5 wide=+1.64 gfmed=0.363
 4000 post m=7 hq=0.512 fail | Dr=-0.797/-0.064 |Dr|max=2.143 Df=-1.023 | g r=0.130 f=0.421 p=0.543(0.004) max=1.273 | Ld=-0.1417 base=-0.199 r1=0.0296 path=0.0112 cap=0.00884 margin=0.0078 | Lg=+0.8996 | 37s | curv=+1.08 wide=+1.31 gfmed=0.239
 4010 post m=8 hq=0.641 fail | Dr=-0.583/+0.026 |Dr|max=1.889 Df=-0.710 | g r=0.095 f=0.311 p=0.502(0.002) max=1.206 | Ld=-0.0687 base=-0.114 r1=0.0248 path=0.0116 cap=0.00121 margin=0.00793 | Lg=+0.8337 | 37s | curv=+0.985 wide=+1.16 gfmed=0.127
 4020 post m=8 hq=0.497 fail | Dr=-0.448/+0.334 |Dr|max=1.888 Df=-0.637 | g r=0.136 f=0.482 p=0.558(0.003) max=1.329 | Ld=-0.1126 base=-0.178 r1=0.026 path=0.00761 cap=0.0232 margin=0.00829 | Lg=+0.8941 | 37s | curv=+1.21 wide=+1.35 gfmed=0.279
 4030 post m=8 hq=0.508 fail | Dr=-0.521/+0.256 |Dr|max=2.103 Df=-0.717 | g r=0.116 f=0.412 p=0.545(0.005) max=1.381 | Ld=-0.0949 base=-0.146 r1=0.0225 path=0.0171 cap=0.00299 margin=0.00814 | Lg=+0.8772 | 38s | curv=+1.17 wide=+1.31 gfmed=0.255
 4040 post m=8 hq=0.473 fail | Dr=-0.579/+0.212 |Dr|max=2.239 Df=-0.747 | g r=0.132 f=0.446 p=0.561(0.001) max=1.311 | Ld=-0.0799 base=-0.153 r1=0.035 path=0.0214 cap=0.00875 margin=0.00821 | Lg=+0.9233 | 38s | curv=+1.29 wide=+1.44 gfmed=0.377
 4050 post m=7 hq=0.358 fail | Dr=-0.357/+0.008 |Dr|max=1.412 Df=-0.583 | g r=0.127 f=0.437 p=0.502(0.006) max=1.312 | Ld=-0.0694 base=-0.119 r1=0.0289 path=0.0115 cap=0.00137 margin=0.00771 | Lg=+0.8173 | 38s | curv=+1.21 wide=+1.35 gfmed=0.528
 4060 post m=8 hq=0.372 fail | Dr=-0.496/+0.166 |Dr|max=1.896 Df=-0.669 | g r=0.193 f=0.583 p=0.567(0.016) max=1.417 | Ld=-0.0439 base=-0.116 r1=0.0444 path=0.0123 cap=0.00739 margin=0.00764 | Lg=+0.8275 | 38s | curv=+1.24 wide=+1.43 gfmed=0.574
 4070 post m=7 hq=0.463 fail | Dr=-0.169/+0.511 |Dr|max=1.402 Df=-0.382 | g r=0.109 f=0.445 p=0.559(0.003) max=1.406 | Ld=-0.0803 base=-0.129 r1=0.0274 path=0.00951 cap=0.00419 margin=0.00806 | Lg=+0.8339 | 38s | curv=+1.08 wide=+1.25 gfmed=0.318
 4080 post m=8 hq=0.622 fail | Dr=-0.334/+0.195 |Dr|max=1.528 Df=-0.463 | g r=0.134 f=0.310 p=0.531(0.009) max=1.363 | Ld=+0.0038 base=-0.0449 r1=0.0247 path=0.00303 cap=0.0134 margin=0.00751 | Lg=+0.8106 | 38s | curv=+0.622 wide=+0.827 gfmed=0.212
 4090 post m=8 hq=0.573 fail | Dr=-0.397/+0.134 |Dr|max=1.717 Df=-0.550 | g r=0.117 f=0.384 p=0.543(0.001) max=1.344 | Ld=-0.1383 base=-0.183 r1=0.0239 path=0.00277 cap=0.00982 margin=0.00775 | Lg=+0.8648 | 38s | curv=+1.1 wide=+1.3 gfmed=0.242
 4100 post m=8 hq=0.745 fail | Dr=-0.249/+0.292 |Dr|max=1.420 Df=-0.368 | g r=0.138 f=0.269 p=0.500(0.009) max=1.354 | Ld=+0.0188 base=-0.0655 r1=0.0347 path=0.0186 cap=0.0233 margin=0.00781 | Lg=+0.8304 | 38s | curv=+0.682 wide=+0.889 gfmed=0.185
 4110 post m=8 hq=0.785 fail | Dr=-0.536/+0.603 |Dr|max=2.288 Df=-0.639 | g r=0.106 f=0.215 p=0.538(0.005) max=1.518 | Ld=-0.0775 base=-0.138 r1=0.0229 path=0.0184 cap=0.0104 margin=0.0085 | Lg=+0.9369 | 38s | curv=+0.847 wide=+1.01 gfmed=0.101
 4120 post m=8 hq=0.585 fail | Dr=-0.274/+0.729 |Dr|max=2.125 Df=-0.410 | g r=0.095 f=0.326 p=0.536(0.003) max=1.277 | Ld=-0.0920 base=-0.124 r1=0.013 path=0.00903 cap=0.00177 margin=0.00841 | Lg=+0.9064 | 38s | curv=+0.762 wide=+0.925 gfmed=0.218
 4130 post m=8 hq=0.841 fail | Dr=-0.387/+0.572 |Dr|max=1.872 Df=-0.451 | g r=0.125 f=0.182 p=0.548(0.004) max=1.385 | Ld=-0.0392 base=-0.109 r1=0.0211 path=0.0369 cap=0.00296 margin=0.00877 | Lg=+0.8792 | 38s | curv=+0.904 wide=+1.07 gfmed=0.087
 4140 post m=8 hq=0.837 fail | Dr=-0.301/+0.399 |Dr|max=1.717 Df=-0.366 | g r=0.113 f=0.168 p=0.563(0.005) max=1.610 | Ld=-0.0427 base=-0.0923 r1=0.0145 path=0.0244 cap=0.00237 margin=0.00833 | Lg=+0.8589 | 39s | curv=+0.644 wide=+0.837 gfmed=0.094
 4150 post m=8 hq=0.896 fail | Dr=-0.013/+0.600 |Dr|max=1.344 Df=-0.098 | g r=0.063 f=0.113 p=0.518(0.002) max=1.412 | Ld=-0.0667 base=-0.0982 r1=0.00996 path=0.00963 cap=0.00283 margin=0.00906 | Lg=+0.8188 | 39s | curv=+0.498 wide=+0.665 gfmed=0.044
 4160 post m=8 hq=0.897 fail | Dr=-0.009/+0.612 |Dr|max=0.805 Df=-0.075 | g r=0.109 f=0.149 p=0.501(0.001) max=1.377 | Ld=+0.0125 base=-0.0537 r1=0.0179 path=0.0296 cap=0.00966 margin=0.00902 | Lg=+0.7935 | 39s | curv=+0.628 wide=+0.811 gfmed=0.093
 4170 post m=8 hq=0.865 fail | Dr=-0.131/+0.509 |Dr|max=1.450 Df=-0.199 | g r=0.105 f=0.153 p=0.508(0.002) max=1.368 | Ld=-0.0147 base=-0.0693 r1=0.0201 path=0.0179 cap=0.00779 margin=0.00874 | Lg=+0.8156 | 39s | curv=+0.174 wide=+0.399 gfmed=0.103
 4180 post m=8 hq=0.896 fail | Dr=-0.073/+0.912 |Dr|max=1.650 Df=-0.147 | g r=0.084 f=0.132 p=0.540(0.003) max=1.572 | Ld=-0.0581 base=-0.0918 r1=0.0113 path=0.0093 cap=0.00485 margin=0.00827 | Lg=+0.8478 | 39s | curv=+0.574 wide=+0.731 gfmed=0.065
 4190 post m=8 hq=0.886 fail | Dr=-0.109/+0.626 |Dr|max=1.495 Df=-0.173 | g r=0.078 f=0.136 p=0.518(0.001) max=1.370 | Ld=-0.0473 base=-0.0785 r1=0.0105 path=0.0101 cap=0.00199 margin=0.00867 | Lg=+0.8532 | 39s | curv=+0.479 wide=+0.661 gfmed=0.069
 4200 post m=8 hq=0.898 fail | Dr=-0.075/+0.597 |Dr|max=1.095 Df=-0.146 | g r=0.083 f=0.137 p=0.519(0.001) max=1.346 | Ld=-0.0349 base=-0.0639 r1=0.0129 path=0.00281 cap=0.00473 margin=0.00867 | Lg=+0.8019 | 39s | curv=+0.346 wide=+0.535 gfmed=0.068
 4210 post m=8 hq=0.886 fail | Dr=+0.031/+0.654 |Dr|max=1.002 Df=-0.038 | g r=0.093 f=0.139 p=0.496(0.003) max=1.466 | Ld=-0.0167 base=-0.0572 r1=0.0109 path=0.00213 cap=0.0188 margin=0.00874 | Lg=+0.8041 | 39s | curv=+0.458 wide=+0.622 gfmed=0.090
 4220 post m=8 hq=0.880 fail | Dr=-0.189/+0.747 |Dr|max=1.430 Df=-0.255 | g r=0.080 f=0.131 p=0.553(0.007) max=1.617 | Ld=-0.0740 base=-0.109 r1=0.00868 path=0.0153 cap=0.00209 margin=0.00873 | Lg=+0.8796 | 39s | curv=+0.511 wide=+0.704 gfmed=0.058
 4230 post m=8 hq=0.881 fail | Dr=-0.089/+0.550 |Dr|max=1.140 Df=-0.187 | g r=0.075 f=0.124 p=0.515(0.003) max=1.312 | Ld=-0.0336 base=-0.0647 r1=0.00856 path=0.0108 cap=0.0031 margin=0.00858 | Lg=+0.8314 | 39s | curv=+0.513 wide=+0.703 gfmed=0.073
 4240 post m=8 hq=0.879 fail | Dr=+0.005/+0.670 |Dr|max=1.308 Df=-0.073 | g r=0.070 f=0.130 p=0.536(0.003) max=1.332 | Ld=-0.0877 base=-0.114 r1=0.0126 path=0.00237 cap=0.00267 margin=0.00842 | Lg=+0.8474 | 39s | curv=+0.427 wide=+0.625 gfmed=0.046
 4250 post m=8 hq=0.856 fail | Dr=+0.055/+0.958 |Dr|max=1.386 Df=-0.018 | g r=0.073 f=0.115 p=0.524(0.002) max=1.323 | Ld=-0.0412 base=-0.0768 r1=0.00855 path=0.0154 cap=0.00263 margin=0.009 | Lg=+0.8653 | 39s | curv=+0.521 wide=+0.702 gfmed=0.049
 4260 post m=8 hq=0.888 fail | Dr=-0.080/+1.003 |Dr|max=1.889 Df=-0.139 | g r=0.099 f=0.128 p=0.522(0.001) max=1.317 | Ld=-0.0884 base=-0.114 r1=0.00931 path=0.00301 cap=0.0051 margin=0.00857 | Lg=+0.8972 | 39s | curv=+0.528 wide=+0.638 gfmed=0.072
 4270 post m=8 hq=0.711 fail | Dr=-0.102/+0.886 |Dr|max=1.471 Df=-0.167 | g r=0.123 f=0.189 p=0.516(0.002) max=1.306 | Ld=+0.0039 base=-0.0683 r1=0.0205 path=0.037 cap=0.00523 margin=0.00946 | Lg=+0.8557 | 40s | curv=+0.765 wide=+0.924 gfmed=0.112
 4280 post m=8 hq=0.851 fail | Dr=+0.035/+0.784 |Dr|max=0.986 Df=-0.052 | g r=0.098 f=0.144 p=0.498(0.001) max=1.283 | Ld=-0.0525 base=-0.0839 r1=0.0092 path=0.00977 cap=0.00349 margin=0.00896 | Lg=+0.8180 | 40s | curv=+0.401 wide=+0.585 gfmed=0.096
 4290 post m=8 hq=0.883 fail | Dr=-0.037/+0.713 |Dr|max=1.056 Df=-0.121 | g r=0.078 f=0.100 p=0.472(0.002) max=1.166 | Ld=+0.0020 base=-0.0497 r1=0.0173 path=0.0137 cap=0.011 margin=0.00965 | Lg=+0.8018 | 40s | curv=+0.511 wide=+0.698 gfmed=0.064
 4300 post m=8 hq=0.908 PASS | Dr=+0.056/+0.824 |Dr|max=1.315 Df=-0.012 | g r=0.071 f=0.118 p=0.512(0.002) max=1.634 | Ld=-0.0717 base=-0.0997 r1=0.00825 path=0.00722 cap=0.00369 margin=0.00889 | Lg=+0.8327 | 40s | curv=+0.437 wide=+0.653 gfmed=0.051
 4310 post m=8 hq=0.892 fail | Dr=-0.006/+0.706 |Dr|max=1.186 Df=-0.071 | g r=0.091 f=0.129 p=0.499(0.003) max=1.413 | Ld=-0.0327 base=-0.0712 r1=0.00972 path=0.0151 cap=0.00418 margin=0.00946 | Lg=+0.8206 | 40s | curv=+0.417 wide=+0.604 gfmed=0.080
 4320 post m=8 hq=0.893 fail | Dr=-0.149/+0.675 |Dr|max=1.318 Df=-0.211 | g r=0.100 f=0.137 p=0.501(0.005) max=1.326 | Ld=-0.0504 base=-0.104 r1=0.0126 path=0.0203 cap=0.0114 margin=0.00917 | Lg=+0.8407 | 40s | curv=+0.411 wide=+0.555 gfmed=0.088
 4330 post m=8 hq=0.897 fail | Dr=+0.116/+1.142 |Dr|max=1.457 Df=+0.042 | g r=0.070 f=0.118 p=0.512(0.000) max=1.270 | Ld=-0.0631 base=-0.0896 r1=0.00949 path=0.00712 cap=0.00129 margin=0.00867 | Lg=+0.8473 | 40s | curv=+0.537 wide=+0.726 gfmed=0.060
 4340 post m=8 hq=0.790 fail | Dr=+0.004/+0.620 |Dr|max=1.228 Df=-0.061 | g r=0.101 f=0.165 p=0.516(0.003) max=1.361 | Ld=-0.0574 base=-0.0854 r1=0.00965 path=0.00912 cap=0.000942 margin=0.00831 | Lg=+0.8253 | 40s | curv=+0.47 wide=+0.673 gfmed=0.098
 4350 post m=8 hq=0.884 fail | Dr=+0.109/+0.793 |Dr|max=0.816 Df=+0.040 | g r=0.078 f=0.138 p=0.498(0.001) max=1.288 | Ld=-0.0560 base=-0.0804 r1=0.0088 path=0.00317 cap=0.00371 margin=0.00869 | Lg=+0.8063 | 40s | curv=+0.428 wide=+0.564 gfmed=0.061
 4360 post m=8 hq=0.897 fail | Dr=-0.068/+0.522 |Dr|max=0.702 Df=-0.133 | g r=0.084 f=0.121 p=0.509(0.002) max=1.371 | Ld=-0.0003 base=-0.0644 r1=0.0102 path=0.0444 cap=0.000628 margin=0.00901 | Lg=+0.7835 | 40s | curv=+0.305 wide=+0.503 gfmed=0.064
 4370 post m=8 hq=0.901 PASS | Dr=+0.075/+0.726 |Dr|max=0.726 Df=+0.026 | g r=0.076 f=0.119 p=0.476(0.003) max=1.270 | Ld=-0.0132 base=-0.0501 r1=0.0118 path=0.0138 cap=0.00272 margin=0.00858 | Lg=+0.7919 | 40s | curv=+0.364 wide=+0.521 gfmed=0.060
 4380 post m=8 hq=0.891 fail | Dr=+0.022/+0.858 |Dr|max=1.050 Df=-0.038 | g r=0.069 f=0.123 p=0.514(0.003) max=1.400 | Ld=-0.0581 base=-0.104 r1=0.00994 path=0.0246 cap=0.00234 margin=0.00865 | Lg=+0.8428 | 40s | curv=+0.309 wide=+0.524 gfmed=0.056
 4390 post m=8 hq=0.889 fail | Dr=-0.109/+0.576 |Dr|max=1.330 Df=-0.149 | g r=0.085 f=0.148 p=0.479(0.002) max=1.342 | Ld=-0.0255 base=-0.0582 r1=0.0147 path=0.00653 cap=0.00265 margin=0.00883 | Lg=+0.8125 | 40s | curv=+0.422 wide=+0.587 gfmed=0.094
 4400 post m=8 hq=0.890 fail | Dr=-0.026/+0.823 |Dr|max=0.823 Df=-0.064 | g r=0.077 f=0.118 p=0.455(0.001) max=1.197 | Ld=+0.0203 base=-0.0112 r1=0.0121 path=0.00834 cap=0.00183 margin=0.00915 | Lg=+0.7657 | 41s | curv=+0.445 wide=+0.594 gfmed=0.053
 4410 post m=8 hq=0.868 fail | Dr=-0.017/+0.705 |Dr|max=0.837 Df=-0.063 | g r=0.070 f=0.103 p=0.468(0.002) max=1.227 | Ld=-0.0312 base=-0.0563 r1=0.00718 path=0.0088 cap=0.000804 margin=0.00828 | Lg=+0.7845 | 41s | curv=+0.45 wide=+0.637 gfmed=0.045
 4420 post m=7 hq=0.731 fail | Dr=-0.140/+0.792 |Dr|max=1.501 Df=-0.188 | g r=0.082 f=0.132 p=0.507(0.001) max=1.389 | Ld=-0.0645 base=-0.0869 r1=0.00823 path=0.00459 cap=0.00119 margin=0.0084 | Lg=+0.8613 | 41s | curv=+0.647 wide=+0.809 gfmed=0.066
 4430 post m=8 hq=0.905 PASS | Dr=-0.004/+0.695 |Dr|max=1.237 Df=-0.047 | g r=0.055 f=0.106 p=0.478(0.001) max=1.318 | Ld=-0.0019 base=-0.0291 r1=0.00724 path=0.00933 cap=0.00189 margin=0.00868 | Lg=+0.8054 | 41s | curv=+0.382 wide=+0.561 gfmed=0.042
 4440 post m=8 hq=0.841 fail | Dr=-0.074/+0.753 |Dr|max=1.241 Df=-0.124 | g r=0.077 f=0.149 p=0.511(0.003) max=1.355 | Ld=-0.0565 base=-0.0836 r1=0.00676 path=0.00871 cap=0.00249 margin=0.00919 | Lg=+0.8148 | 41s | curv=+0.439 wide=+0.609 gfmed=0.062
 4450 post m=8 hq=0.633 fail | Dr=-0.102/+0.770 |Dr|max=0.770 Df=-0.164 | g r=0.155 f=0.298 p=0.548(0.004) max=1.735 | Ld=+0.2338 base=-0.0707 r1=0.0192 path=0.274 cap=0.00245 margin=0.00852 | Lg=+0.8103 | 41s | curv=+0.674 wide=+0.814 gfmed=0.176
 4460 post m=8 hq=0.540 fail | Dr=-0.229/+0.328 |Dr|max=1.146 Df=-0.297 | g r=0.105 f=0.359 p=0.504(0.005) max=1.342 | Ld=-0.1655 base=-0.212 r1=0.0202 path=0.0087 cap=0.00949 margin=0.00785 | Lg=+0.8682 | 41s | curv=+1.1 wide=+1.24 gfmed=0.247
 4470 post m=7 hq=0.432 fail | Dr=-0.186/+0.426 |Dr|max=1.131 Df=-0.386 | g r=0.107 f=0.468 p=0.563(0.001) max=1.510 | Ld=-0.1376 base=-0.174 r1=0.0176 path=0.00546 cap=0.00503 margin=0.00805 | Lg=+0.8364 | 41s | curv=+0.981 wide=+1.16 gfmed=0.400
 4480 post m=8 hq=0.462 fail | Dr=-0.204/+0.622 |Dr|max=1.405 Df=-0.325 | g r=0.106 f=0.461 p=0.533(0.004) max=1.329 | Ld=-0.1082 base=-0.139 r1=0.0176 path=0.00486 cap=0.00122 margin=0.00724 | Lg=+0.8325 | 41s | curv=+1.01 wide=+1.17 gfmed=0.378
 4490 post m=8 hq=0.531 fail | Dr=-0.110/+0.659 |Dr|max=1.247 Df=-0.194 | g r=0.088 f=0.368 p=0.524(0.001) max=1.373 | Ld=-0.0704 base=-0.104 r1=0.0162 path=0.00589 cap=0.00379 margin=0.0078 | Lg=+0.8302 | 41s | curv=+0.877 wide=+1.02 gfmed=0.248
 4500 post m=8 hq=0.658 fail | Dr=-0.174/+0.833 |Dr|max=1.536 Df=-0.229 | g r=0.127 f=0.297 p=0.558(0.002) max=1.343 | Ld=-0.1485 base=-0.206 r1=0.0317 path=0.0148 cap=0.00394 margin=0.00734 | Lg=+0.9177 | 41s | curv=+1.12 wide=+1.27 gfmed=0.170
 4510 post m=8 hq=0.828 fail | Dr=-0.037/+0.664 |Dr|max=1.099 Df=-0.086 | g r=0.089 f=0.187 p=0.490(0.004) max=1.410 | Ld=-0.0081 base=-0.0488 r1=0.0175 path=0.0114 cap=0.00359 margin=0.00816 | Lg=+0.8031 | 41s | curv=+0.787 wide=+0.95 gfmed=0.084
 4520 post m=8 hq=0.450 fail | Dr=-0.182/+0.579 |Dr|max=1.460 Df=-0.298 | g r=0.085 f=0.453 p=0.534(0.006) max=1.301 | Ld=-0.0899 base=-0.118 r1=0.0148 path=0.0037 cap=0.000932 margin=0.00822 | Lg=+0.8418 | 41s | curv=+0.623 wide=+0.821 gfmed=0.381
 4530 post m=8 hq=0.848 fail | Dr=-0.082/+0.652 |Dr|max=1.260 Df=-0.136 | g r=0.074 f=0.152 p=0.488(0.001) max=1.257 | Ld=-0.0183 base=-0.0373 r1=0.00993 path=0.000746 cap=0.000277 margin=0.00802 | Lg=+0.8205 | 42s | curv=+0.579 wide=+0.764 gfmed=0.060
 4540 post m=8 hq=0.896 fail | Dr=-0.127/+0.531 |Dr|max=1.306 Df=-0.158 | g r=0.061 f=0.121 p=0.479(0.001) max=1.195 | Ld=-0.0287 base=-0.0502 r1=0.00898 path=0.00319 cap=0.000577 margin=0.00878 | Lg=+0.8057 | 42s | curv=+0.497 wide=+0.676 gfmed=0.046
 4550 post m=8 hq=0.915 PASS | Dr=-0.038/+0.645 |Dr|max=0.814 Df=-0.065 | g r=0.060 f=0.106 p=0.482(0.001) max=1.296 | Ld=-0.0283 base=-0.0542 r1=0.00738 path=0.00924 cap=0.000625 margin=0.00862 | Lg=+0.8022 | 42s | curv=+0.338 wide=+0.534 gfmed=0.041
 4560 post m=8 hq=0.903 PASS | Dr=+0.119/+0.909 |Dr|max=1.100 Df=+0.083 | g r=0.060 f=0.111 p=0.458(0.002) max=1.271 | Ld=-0.0204 base=-0.0412 r1=0.00708 path=0.00427 cap=0.000675 margin=0.00874 | Lg=+0.8211 | 42s | curv=+0.243 wide=+0.424 gfmed=0.048
 4570 post m=8 hq=0.913 PASS | Dr=+0.088/+0.925 |Dr|max=1.146 Df=+0.053 | g r=0.059 f=0.107 p=0.474(0.001) max=1.293 | Ld=-0.0351 base=-0.0545 r1=0.00736 path=0.00225 cap=0.00049 margin=0.00931 | Lg=+0.8044 | 42s | curv=+0.405 wide=+0.565 gfmed=0.042
 4580 post m=8 hq=0.896 fail | Dr=-0.196/+0.878 |Dr|max=1.749 Df=-0.214 | g r=0.080 f=0.112 p=0.510(0.002) max=1.466 | Ld=-0.0461 base=-0.0687 r1=0.00748 path=0.00608 cap=0.000494 margin=0.00854 | Lg=+0.8679 | 42s | curv=+0.217 wide=+0.439 gfmed=0.066
 4590 post m=8 hq=0.902 PASS | Dr=+0.108/+1.026 |Dr|max=1.145 Df=+0.071 | g r=0.051 f=0.105 p=0.478(0.002) max=1.256 | Ld=-0.0318 base=-0.0507 r1=0.00733 path=0.00111 cap=0.00104 margin=0.00935 | Lg=+0.8253 | 42s | curv=+0.371 wide=+0.53 gfmed=0.043
 4600 post m=8 hq=0.935 PASS | Dr=+0.129/+0.827 |Dr|max=0.827 Df=+0.095 | g r=0.061 f=0.098 p=0.440(0.002) max=1.254 | Ld=-0.0058 base=-0.0243 r1=0.00643 path=0.0013 cap=0.00164 margin=0.00907 | Lg=+0.7843 | 42s | curv=+0.181 wide=+0.345 gfmed=0.051
# COMPLETE 4600 updates in 42s; prehold 85/120; arrival=240
