# arm=c3_capinterp formulation=wgan + r1(1) + path-secant(10,t=0.5) + cap-interp(10,c=3) [Dβ2=0.9, A2=0] {lr c×0.5 g×1} device=cuda:0 steps=4600
# step phase modes hq pass | Dr mean/max |Dr|max Df | grad-norm real fake path(min) max | loss_d terms | loss_g | sec
   10 acq  m=2 hq=0.050 fail | Dr=-0.080/+0.221 |Dr|max=0.326 Df=-0.162 | g r=0.445 f=0.692 p=0.643(0.019) max=1.831 | Ld=+21.9837 base=0.0234 r1=0.209 path=21.8 | Lg=+0.7731 | 1s | curv=-0.396 wide=-0.104 gfmed=0.664
   20 acq  m=1 hq=0.009 fail | Dr=-0.050/+0.470 |Dr|max=0.587 Df=-0.080 | g r=0.584 f=1.429 p=1.330(0.014) max=3.999 | Ld=+1.9239 base=-0.202 r1=0.413 path=1.65 cap=0.0606 | Lg=+0.8525 | 1s | curv=+2.05 wide=+2.62 gfmed=1.394
   30 acq  m=1 hq=0.011 fail | Dr=+0.098/+0.715 |Dr|max=0.715 Df=-0.073 | g r=0.462 f=1.448 p=1.357(0.003) max=4.736 | Ld=+3.3790 base=-0.237 r1=0.383 path=3.23 cap=0.00302 | Lg=+0.8440 | 1s | curv=+1.65 wide=+2.32 gfmed=1.304
   40 acq  m=1 hq=0.135 fail | Dr=+0.172/+0.566 |Dr|max=0.566 Df=+0.103 | g r=0.505 f=1.527 p=1.205(0.020) max=3.805 | Ld=+0.9733 base=0.00134 r1=0.392 path=0.523 cap=0.0571 | Lg=+0.8039 | 1s | curv=+1.26 wide=+1.74 gfmed=1.414
   50 acq  m=1 hq=0.000 fail | Dr=-0.073/+0.335 |Dr|max=0.626 Df=-0.585 | g r=0.533 f=1.672 p=1.351(0.022) max=4.235 | Ld=+3.2484 base=-0.379 r1=0.378 path=3.22 cap=0.0288 | Lg=+1.0260 | 2s | curv=+2.09 wide=+2.82 gfmed=1.641
   60 acq  m=2 hq=0.070 fail | Dr=+0.093/+0.348 |Dr|max=0.348 Df=-0.379 | g r=0.418 f=1.139 p=1.221(0.016) max=3.723 | Ld=-0.0737 base=-0.464 r1=0.252 path=0.128 cap=0.0103 | Lg=+0.9975 | 2s | curv=+2.2 wide=+2.78 gfmed=0.938
   70 acq  m=0 hq=0.000 fail | Dr=+0.267/+0.797 |Dr|max=0.797 Df=-0.582 | g r=0.347 f=1.185 p=1.173(0.020) max=3.721 | Ld=-0.2371 base=-0.753 r1=0.263 path=0.199 cap=0.0545 | Lg=+1.2497 | 2s | curv=+1.94 wide=+2.56 gfmed=1.064
   80 acq  m=0 hq=0.000 fail | Dr=+0.080/+1.101 |Dr|max=1.101 Df=-1.002 | g r=0.575 f=1.101 p=1.295(0.009) max=3.914 | Ld=+1.5486 base=-1.19 r1=1.05 path=1.61 cap=0.0718 | Lg=+1.4357 | 2s | curv=+0.534 wide=+1.38 gfmed=1.032
   90 acq  m=2 hq=0.005 fail | Dr=+0.029/+1.154 |Dr|max=1.201 Df=-0.881 | g r=0.564 f=1.338 p=1.406(0.023) max=4.379 | Ld=+2.4358 base=-0.906 r1=0.623 path=2.7 cap=0.0199 | Lg=+1.3294 | 2s | curv=+2.13 wide=+2.8 gfmed=1.261
  100 acq  m=5 hq=0.048 fail | Dr=+0.143/+0.923 |Dr|max=0.923 Df=-0.654 | g r=0.433 f=1.470 p=1.438(0.004) max=4.043 | Ld=+0.1897 base=-0.838 r1=0.292 path=0.69 cap=0.0459 | Lg=+1.2346 | 2s | curv=+2.44 wide=+3.3 gfmed=1.439
  110 acq  m=4 hq=0.040 fail | Dr=-0.298/+0.489 |Dr|max=1.205 Df=-0.845 | g r=0.760 f=1.587 p=1.580(0.023) max=5.073 | Ld=+3.0867 base=-0.868 r1=0.419 path=3.49 cap=0.0496 | Lg=+1.3081 | 3s | curv=+4.76 wide=+5.09 gfmed=1.572
  120 acq  m=5 hq=0.018 fail | Dr=-0.390/-0.093 |Dr|max=0.987 Df=-1.122 | g r=0.463 f=1.455 p=1.432(0.012) max=3.835 | Ld=+0.1603 base=-0.723 r1=0.409 path=0.45 cap=0.0231 | Lg=+1.2291 | 3s | curv=+2.37 wide=+3.5 gfmed=1.408
  130 acq  m=7 hq=0.016 fail | Dr=-0.332/+0.116 |Dr|max=0.772 Df=-0.834 | g r=0.561 f=1.300 p=1.219(0.049) max=3.572 | Ld=+0.5208 base=-0.606 r1=0.698 path=0.389 cap=0.0401 | Lg=+1.0187 | 3s | curv=+0.174 wide=+1.55 gfmed=1.239
  140 acq  m=6 hq=0.013 fail | Dr=-0.391/-0.065 |Dr|max=0.929 Df=-1.112 | g r=0.510 f=1.342 p=1.336(0.024) max=3.926 | Ld=+0.1925 base=-0.716 r1=0.524 path=0.355 cap=0.0298 | Lg=+1.1222 | 3s | curv=+0.828 wide=+2.28 gfmed=1.243
  150 acq  m=6 hq=0.015 fail | Dr=-0.291/+0.002 |Dr|max=0.796 Df=-1.049 | g r=0.495 f=1.294 p=1.321(0.025) max=4.290 | Ld=-0.1495 base=-0.723 r1=0.319 path=0.224 cap=0.03 | Lg=+1.1426 | 3s | curv=+1.91 wide=+3.13 gfmed=1.164
  160 acq  m=5 hq=0.019 fail | Dr=-0.474/-0.138 |Dr|max=0.831 Df=-1.176 | g r=0.478 f=1.247 p=1.179(0.014) max=3.920 | Ld=-0.1395 base=-0.748 r1=0.491 path=0.109 cap=0.0087 | Lg=+1.1072 | 3s | curv=+0.558 wide=+2.04 gfmed=1.157
  170 acq  m=4 hq=0.007 fail | Dr=-0.354/+0.065 |Dr|max=1.023 Df=-1.228 | g r=0.555 f=1.262 p=1.275(0.017) max=3.901 | Ld=-0.3369 base=-0.742 r1=0.338 path=0.0388 cap=0.0284 | Lg=+1.2037 | 3s | curv=+3.42 wide=+4.4 gfmed=1.180
  180 acq  m=6 hq=0.031 fail | Dr=-0.241/+0.112 |Dr|max=0.993 Df=-1.133 | g r=0.301 f=1.301 p=1.263(0.016) max=4.075 | Ld=-0.4704 base=-0.775 r1=0.175 path=0.128 cap=0.00222 | Lg=+1.2621 | 3s | curv=+2.79 wide=+3.69 gfmed=1.129
  190 acq  m=3 hq=0.025 fail | Dr=-0.598/+0.018 |Dr|max=1.202 Df=-1.497 | g r=0.641 f=1.669 p=1.493(0.011) max=4.609 | Ld=-0.1046 base=-1.09 r1=0.477 path=0.465 cap=0.0451 | Lg=+1.7942 | 3s | curv=+2.95 wide=+4.06 gfmed=1.587
  200 acq  m=3 hq=0.029 fail | Dr=-0.245/+0.426 |Dr|max=1.140 Df=-1.239 | g r=0.473 f=1.442 p=1.373(0.002) max=4.041 | Ld=-0.5352 base=-0.887 r1=0.286 path=0.0583 cap=0.00697 | Lg=+1.3312 | 4s | curv=+1.26 wide=+2.65 gfmed=1.365
  210 acq  m=7 hq=0.069 fail | Dr=-0.236/+0.297 |Dr|max=0.995 Df=-1.045 | g r=0.500 f=1.355 p=1.254(0.014) max=3.824 | Ld=-0.4181 base=-1.01 r1=0.472 path=0.0647 cap=0.0587 | Lg=+1.2865 | 4s | curv=+2.81 wide=+3.65 gfmed=1.261
  220 acq  m=5 hq=0.044 fail | Dr=-0.273/+0.140 |Dr|max=0.773 Df=-1.141 | g r=0.417 f=1.428 p=1.302(0.012) max=4.219 | Ld=-0.5736 base=-0.96 r1=0.178 path=0.174 cap=0.0337 | Lg=+1.3435 | 4s | curv=+1.82 wide=+2.69 gfmed=1.360
  230 acq  m=7 hq=0.055 fail | Dr=-0.385/+0.542 |Dr|max=1.238 Df=-1.311 | g r=0.455 f=1.661 p=1.461(0.020) max=4.311 | Ld=-0.6391 base=-0.947 r1=0.225 path=0.0241 cap=0.0582 | Lg=+1.3382 | 4s | curv=+1.47 wide=+2.6 gfmed=1.599
  240 acq  m=7 hq=0.090 fail | Dr=+0.332/+1.083 |Dr|max=1.083 Df=-0.535 | g r=0.303 f=1.466 p=1.452(0.008) max=4.291 | Ld=-0.8022 base=-0.972 r1=0.144 path=0.0141 cap=0.0112 | Lg=+1.4249 | 4s | curv=+2.7 wide=+3.36 gfmed=1.407
  250 acq  m=8 hq=0.131 fail | Dr=-0.166/+0.544 |Dr|max=1.043 Df=-1.078 | g r=0.338 f=1.649 p=1.471(0.010) max=4.762 | Ld=-0.6683 base=-1.01 r1=0.193 path=0.139 cap=0.0132 | Lg=+1.4679 | 4s | curv=+2.17 wide=+3.31 gfmed=1.603
  260 acq  m=7 hq=0.077 fail | Dr=-0.117/+1.059 |Dr|max=1.193 Df=-1.126 | g r=0.303 f=1.451 p=1.361(0.028) max=4.698 | Ld=-0.7540 base=-1.02 r1=0.229 path=0.0188 cap=0.0194 | Lg=+1.5394 | 4s | curv=+2.3 wide=+3.24 gfmed=1.402
  270 acq  m=7 hq=0.115 fail | Dr=-0.592/+0.603 |Dr|max=2.120 Df=-1.823 | g r=0.558 f=1.532 p=1.519(0.005) max=4.050 | Ld=-0.7365 base=-1.07 r1=0.307 path=0.0105 cap=0.0166 | Lg=+1.7003 | 4s | curv=+3.34 wide=+4.13 gfmed=1.470
  280 acq  m=7 hq=0.045 fail | Dr=-0.328/+0.463 |Dr|max=1.382 Df=-1.310 | g r=0.332 f=1.713 p=1.469(0.022) max=4.285 | Ld=-0.6312 base=-0.889 r1=0.186 path=0.00338 cap=0.0685 | Lg=+1.2930 | 4s | curv=+1.59 wide=+2.72 gfmed=1.711
  290 acq  m=1 hq=0.002 fail | Dr=-0.091/+0.969 |Dr|max=1.399 Df=-1.339 | g r=0.378 f=1.470 p=1.467(0.020) max=4.470 | Ld=-0.6378 base=-0.889 r1=0.207 path=0.0135 cap=0.0308 | Lg=+1.4126 | 4s | curv=+2.18 wide=+3.31 gfmed=1.306
  300 acq  m=2 hq=0.004 fail | Dr=-0.460/+0.367 |Dr|max=1.722 Df=-1.676 | g r=0.385 f=1.466 p=1.423(0.007) max=4.579 | Ld=-0.6332 base=-0.928 r1=0.232 path=0.0177 cap=0.0452 | Lg=+1.4681 | 4s | curv=+2.63 wide=+3.64 gfmed=1.316
  310 acq  m=6 hq=0.035 fail | Dr=+0.226/+1.226 |Dr|max=1.226 Df=-0.820 | g r=0.321 f=1.622 p=1.429(0.002) max=4.589 | Ld=-0.7365 base=-0.983 r1=0.227 path=0.000616 cap=0.0189 | Lg=+1.4274 | 4s | curv=+1.11 wide=+2.2 gfmed=1.494
  320 acq  m=8 hq=0.070 fail | Dr=-0.197/+0.610 |Dr|max=1.508 Df=-1.251 | g r=0.319 f=1.920 p=1.578(0.006) max=4.563 | Ld=-0.6955 base=-0.842 r1=0.133 path=0.00121 cap=0.0131 | Lg=+1.4056 | 5s | curv=+2.41 wide=+3.5 gfmed=2.028
  330 acq  m=3 hq=0.094 fail | Dr=-0.250/+0.546 |Dr|max=1.272 Df=-1.256 | g r=0.350 f=1.405 p=1.417(0.012) max=3.921 | Ld=-0.6179 base=-0.973 r1=0.228 path=0.0701 cap=0.0567 | Lg=+1.5055 | 5s | curv=+1.54 wide=+2.53 gfmed=1.336
  340 acq  m=4 hq=0.023 fail | Dr=+0.062/+1.108 |Dr|max=1.553 Df=-1.016 | g r=0.363 f=1.546 p=1.559(0.022) max=4.309 | Ld=-0.8137 base=-0.994 r1=0.148 path=0.000798 cap=0.032 | Lg=+1.5668 | 5s | curv=+2.53 wide=+3.57 gfmed=1.373
  350 acq  m=7 hq=0.183 fail | Dr=-0.071/+0.462 |Dr|max=1.077 Df=-0.802 | g r=0.323 f=1.484 p=1.289(0.017) max=3.795 | Ld=-0.4655 base=-0.838 r1=0.276 path=0.00113 cap=0.0954 | Lg=+1.2292 | 5s | curv=+2.68 wide=+3.41 gfmed=1.602
  360 acq  m=8 hq=0.032 fail | Dr=-0.161/+0.881 |Dr|max=1.717 Df=-1.290 | g r=0.368 f=1.612 p=1.568(0.016) max=3.889 | Ld=-0.8056 base=-0.968 r1=0.151 path=0.00089 cap=0.0105 | Lg=+1.5166 | 5s | curv=+2.64 wide=+3.44 gfmed=1.546
  370 acq  m=2 hq=0.031 fail | Dr=+0.105/+0.973 |Dr|max=1.332 Df=-0.823 | g r=0.246 f=1.767 p=1.441(0.009) max=3.706 | Ld=-0.4361 base=-0.584 r1=0.127 path=0.0113 cap=0.00899 | Lg=+1.2129 | 5s | curv=+2.22 wide=+3.02 gfmed=1.774
  380 acq  m=4 hq=0.030 fail | Dr=+0.069/+1.344 |Dr|max=1.559 Df=-0.986 | g r=0.310 f=1.646 p=1.471(0.023) max=3.872 | Ld=-0.7403 base=-0.991 r1=0.202 path=0.00805 cap=0.0405 | Lg=+1.5076 | 5s | curv=+2.11 wide=+2.96 gfmed=1.663
  390 acq  m=7 hq=0.069 fail | Dr=+0.148/+1.039 |Dr|max=1.057 Df=-0.670 | g r=0.302 f=1.779 p=1.417(0.018) max=3.815 | Ld=-0.4494 base=-0.653 r1=0.153 path=0.00265 cap=0.0474 | Lg=+1.2031 | 5s | curv=+2.44 wide=+3.24 gfmed=1.991
  400 acq  m=7 hq=0.186 fail | Dr=+0.326/+1.403 |Dr|max=1.403 Df=-0.471 | g r=0.314 f=1.682 p=1.489(0.007) max=4.325 | Ld=-0.6559 base=-0.823 r1=0.129 path=0.00756 cap=0.0308 | Lg=+1.3891 | 5s | curv=+2.1 wide=+3.1 gfmed=1.670
  410 acq  m=8 hq=0.185 fail | Dr=+0.350/+1.170 |Dr|max=1.170 Df=-0.338 | g r=0.299 f=1.545 p=1.401(0.005) max=4.037 | Ld=-0.4687 base=-0.652 r1=0.135 path=0.00426 cap=0.0442 | Lg=+1.2298 | 5s | curv=+2.14 wide=+3.02 gfmed=1.532
  420 acq  m=8 hq=0.400 fail | Dr=+0.137/+1.139 |Dr|max=1.464 Df=-0.427 | g r=0.278 f=1.338 p=1.362(0.002) max=4.218 | Ld=-0.3380 base=-0.509 r1=0.156 path=0.00219 cap=0.0127 | Lg=+1.1755 | 5s | curv=+1.96 wide=+2.77 gfmed=1.127
  430 acq  m=8 hq=0.304 fail | Dr=+0.265/+1.311 |Dr|max=1.427 Df=-0.314 | g r=0.296 f=1.499 p=1.363(0.006) max=4.129 | Ld=-0.5731 base=-0.704 r1=0.116 path=0.00023 cap=0.0146 | Lg=+1.3926 | 6s | curv=+2.18 wide=+3.06 gfmed=1.477
  440 acq  m=1 hq=0.055 fail | Dr=+0.042/+1.509 |Dr|max=2.040 Df=-1.055 | g r=0.237 f=1.549 p=1.379(0.013) max=3.981 | Ld=-0.5544 base=-0.711 r1=0.104 path=0.0367 cap=0.0161 | Lg=+1.5013 | 6s | curv=+1.84 wide=+2.83 gfmed=1.442
  450 acq  m=8 hq=0.460 fail | Dr=+0.177/+1.517 |Dr|max=1.723 Df=-0.295 | g r=0.202 f=1.044 p=1.275(0.007) max=3.615 | Ld=-0.6839 base=-0.802 r1=0.113 path=0.000549 cap=0.00476 | Lg=+1.4727 | 6s | curv=+1.14 wide=+2.16 gfmed=0.715
  460 acq  m=7 hq=0.327 fail | Dr=+0.269/+1.436 |Dr|max=1.738 Df=-0.419 | g r=0.329 f=1.515 p=1.388(0.006) max=4.235 | Ld=-0.3529 base=-0.508 r1=0.127 path=0.0065 cap=0.0211 | Lg=+1.2599 | 6s | curv=+2.52 wide=+3.27 gfmed=1.390
  470 acq  m=8 hq=0.372 fail | Dr=+0.149/+1.253 |Dr|max=1.359 Df=-0.385 | g r=0.324 f=1.131 p=1.225(0.015) max=3.708 | Ld=-0.3636 base=-0.541 r1=0.146 path=0.00993 cap=0.0213 | Lg=+1.1921 | 6s | curv=+1.25 wide=+2.07 gfmed=0.763
  480 acq  m=8 hq=0.593 fail | Dr=-0.053/+1.245 |Dr|max=2.155 Df=-0.409 | g r=0.237 f=0.861 p=1.197(0.003) max=3.611 | Ld=-0.3916 base=-0.5 r1=0.088 path=0.0106 cap=0.0102 | Lg=+1.3207 | 6s | curv=+1.04 wide=+1.85 gfmed=0.424
  490 acq  m=8 hq=0.464 fail | Dr=+0.293/+1.304 |Dr|max=1.543 Df=-0.121 | g r=0.236 f=1.199 p=1.256(0.004) max=3.792 | Ld=-0.6225 base=-0.749 r1=0.119 path=0.000947 cap=0.00605 | Lg=+1.4278 | 6s | curv=+1.7 wide=+2.41 gfmed=0.893
  500 acq  m=8 hq=0.416 fail | Dr=+0.235/+1.855 |Dr|max=2.144 Df=-0.278 | g r=0.237 f=1.204 p=1.266(0.011) max=3.718 | Ld=-0.4791 base=-0.573 r1=0.0784 path=0.0048 cap=0.0102 | Lg=+1.4885 | 6s | curv=+1.26 wide=+2.03 gfmed=0.718
  510 acq  m=8 hq=0.503 fail | Dr=+0.025/+1.562 |Dr|max=2.358 Df=-0.384 | g r=0.276 f=0.931 p=1.219(0.012) max=3.520 | Ld=-0.2160 base=-0.349 r1=0.0933 path=0.00762 cap=0.0316 | Lg=+1.2737 | 6s | curv=+1.23 wide=+1.89 gfmed=0.474
  520 acq  m=8 hq=0.252 fail | Dr=+0.133/+1.647 |Dr|max=2.077 Df=-0.501 | g r=0.284 f=1.202 p=1.295(0.003) max=3.719 | Ld=-0.5643 base=-0.666 r1=0.0763 path=0.00304 cap=0.0223 | Lg=+1.4944 | 6s | curv=+2.62 wide=+3.09 gfmed=0.974
  530 acq  m=6 hq=0.489 fail | Dr=+0.043/+1.510 |Dr|max=2.221 Df=-0.505 | g r=0.230 f=0.796 p=1.144(0.018) max=3.702 | Ld=-0.2482 base=-0.326 r1=0.068 path=0.00696 cap=0.00331 | Lg=+1.2553 | 7s | curv=+1.09 wide=+1.79 gfmed=0.249
  540 acq  m=8 hq=0.490 fail | Dr=+0.033/+1.816 |Dr|max=2.384 Df=-0.504 | g r=0.192 f=0.981 p=1.253(0.001) max=3.677 | Ld=-0.2492 base=-0.338 r1=0.0754 path=0.00773 cap=0.00519 | Lg=+1.3121 | 7s | curv=+1.07 wide=+1.76 gfmed=0.399
  550 acq  m=8 hq=0.286 fail | Dr=-0.132/+1.403 |Dr|max=2.252 Df=-0.734 | g r=0.312 f=1.432 p=1.244(0.005) max=3.797 | Ld=-0.1601 base=-0.346 r1=0.137 path=0.0246 cap=0.0249 | Lg=+1.2151 | 7s | curv=+1.99 wide=+2.61 gfmed=1.227
  560 acq  m=6 hq=0.511 fail | Dr=+0.123/+1.768 |Dr|max=1.899 Df=-0.454 | g r=0.173 f=0.729 p=1.144(0.002) max=3.469 | Ld=-0.2593 base=-0.353 r1=0.0719 path=0.0155 cap=0.00681 | Lg=+1.2829 | 7s | curv=+0.994 wide=+1.74 gfmed=0.234
  570 acq  m=8 hq=0.618 fail | Dr=+0.203/+1.846 |Dr|max=2.199 Df=-0.191 | g r=0.251 f=0.816 p=1.189(0.004) max=3.808 | Ld=-0.2382 base=-0.396 r1=0.126 path=0.0263 cap=0.00536 | Lg=+1.3049 | 7s | curv=+0.434 wide=+1.31 gfmed=0.319
  580 acq  m=8 hq=0.584 fail | Dr=-0.056/+2.196 |Dr|max=2.196 Df=-0.384 | g r=0.334 f=0.917 p=1.205(0.007) max=3.992 | Ld=-0.2735 base=-0.471 r1=0.092 path=0.0657 cap=0.0403 | Lg=+1.2319 | 7s | curv=+0.337 wide=+1.11 gfmed=0.481
  590 acq  m=6 hq=0.463 fail | Dr=+0.113/+1.927 |Dr|max=1.927 Df=-0.470 | g r=0.180 f=0.687 p=1.122(0.002) max=3.489 | Ld=-0.3246 base=-0.405 r1=0.0601 path=0.0142 cap=0.00592 | Lg=+1.2848 | 7s | curv=+0.672 wide=+1.42 gfmed=0.309
  600 acq  m=8 hq=0.609 fail | Dr=+0.157/+2.176 |Dr|max=2.176 Df=-0.262 | g r=0.267 f=0.818 p=1.180(0.014) max=3.558 | Ld=-0.2137 base=-0.347 r1=0.0972 path=0.00193 cap=0.034 | Lg=+1.2974 | 7s | curv=+0.712 wide=+1.39 gfmed=0.317
  610 acq  m=8 hq=0.416 fail | Dr=+0.377/+2.346 |Dr|max=2.346 Df=-0.153 | g r=0.279 f=1.085 p=1.320(0.007) max=4.089 | Ld=-0.6206 base=-0.749 r1=0.0825 path=0.0206 cap=0.0256 | Lg=+1.6518 | 8s | curv=+2.12 wide=+2.66 gfmed=0.799
  620 acq  m=8 hq=0.430 fail | Dr=+0.403/+2.009 |Dr|max=2.009 Df=-0.069 | g r=0.210 f=1.106 p=1.227(0.006) max=3.931 | Ld=-0.3550 base=-0.447 r1=0.0761 path=0.0129 cap=0.00257 | Lg=+1.3061 | 8s | curv=+1.06 wide=+1.65 gfmed=0.646
  630 acq  m=8 hq=0.354 fail | Dr=+0.474/+2.275 |Dr|max=2.275 Df=-0.104 | g r=0.217 f=1.135 p=1.263(0.007) max=4.027 | Ld=-0.3508 base=-0.422 r1=0.055 path=0.00682 cap=0.00892 | Lg=+1.2791 | 8s | curv=+0.627 wide=+1.22 gfmed=0.512
  640 acq  m=8 hq=0.601 fail | Dr=+0.099/+2.074 |Dr|max=2.217 Df=-0.358 | g r=0.207 f=0.906 p=1.247(0.003) max=3.686 | Ld=-0.3544 base=-0.449 r1=0.0792 path=0.00684 cap=0.0087 | Lg=+1.4153 | 8s | curv=+1.03 wide=+1.62 gfmed=0.268
  650 acq  m=8 hq=0.567 fail | Dr=+0.099/+2.104 |Dr|max=2.628 Df=-0.329 | g r=0.207 f=0.896 p=1.231(0.003) max=3.437 | Ld=-0.2459 base=-0.353 r1=0.0964 path=0.00365 cap=0.00728 | Lg=+1.4337 | 8s | curv=+0.631 wide=+1.21 gfmed=0.302
  660 acq  m=8 hq=0.828 fail | Dr=+0.068/+2.328 |Dr|max=2.328 Df=-0.289 | g r=0.181 f=0.405 p=1.198(0.008) max=3.605 | Ld=-0.2244 base=-0.326 r1=0.0682 path=0.0262 cap=0.00725 | Lg=+1.4077 | 9s | curv=+0.462 wide=+1.14 gfmed=0.172
  670 acq  m=8 hq=0.773 fail | Dr=+0.080/+2.361 |Dr|max=2.615 Df=-0.287 | g r=0.233 f=0.506 p=1.195(0.001) max=3.542 | Ld=-0.2380 base=-0.367 r1=0.0869 path=0.0361 cap=0.00609 | Lg=+1.4135 | 9s | curv=+0.688 wide=+1.29 gfmed=0.207
  680 acq  m=8 hq=0.865 fail | Dr=-0.117/+2.441 |Dr|max=2.993 Df=-0.494 | g r=0.160 f=0.278 p=1.181(0.009) max=3.421 | Ld=-0.1972 base=-0.282 r1=0.0659 path=0.0178 cap=0.000824 | Lg=+1.4854 | 9s | curv=+0.607 wide=+1.23 gfmed=0.117
  690 acq  m=8 hq=0.875 fail | Dr=+0.132/+2.845 |Dr|max=2.845 Df=-0.240 | g r=0.180 f=0.253 p=1.100(0.002) max=3.523 | Ld=-0.2915 base=-0.373 r1=0.0381 path=0.0381 cap=0.00514 | Lg=+1.4912 | 9s | curv=+0.449 wide=+0.923 gfmed=0.143
  700 acq  m=8 hq=0.863 fail | Dr=+0.001/+3.165 |Dr|max=3.165 Df=-0.391 | g r=0.182 f=0.277 p=1.188(0.002) max=3.943 | Ld=-0.3012 base=-0.379 r1=0.0533 path=0.0232 cap=0.00148 | Lg=+1.6791 | 9s | curv=+0.449 wide=+0.951 gfmed=0.170
  710 acq  m=8 hq=0.889 fail | Dr=+0.131/+3.021 |Dr|max=3.021 Df=-0.219 | g r=0.203 f=0.278 p=1.072(0.010) max=3.327 | Ld=-0.1928 base=-0.341 r1=0.0786 path=0.0436 cap=0.0258 | Lg=+1.4647 | 10s | curv=+0.284 wide=+0.74 gfmed=0.184
  720 acq  m=8 hq=0.884 fail | Dr=+0.077/+3.463 |Dr|max=3.463 Df=-0.302 | g r=0.157 f=0.235 p=1.130(0.003) max=3.505 | Ld=-0.2200 base=-0.304 r1=0.0473 path=0.0265 cap=0.0106 | Lg=+1.6258 | 10s | curv=+0.504 wide=+0.962 gfmed=0.125
  730 acq  m=8 hq=0.879 fail | Dr=+0.161/+3.278 |Dr|max=3.278 Df=-0.218 | g r=0.202 f=0.275 p=1.145(0.003) max=3.551 | Ld=-0.1861 base=-0.28 r1=0.0594 path=0.0265 cap=0.0077 | Lg=+1.6184 | 10s | curv=+0.644 wide=+1.09 gfmed=0.186
  740 acq  m=8 hq=0.843 fail | Dr=+0.282/+3.504 |Dr|max=3.504 Df=-0.076 | g r=0.152 f=0.220 p=1.095(0.006) max=3.499 | Ld=-0.2788 base=-0.338 r1=0.0368 path=0.0195 cap=0.00339 | Lg=+1.5148 | 10s | curv=+0.434 wide=+0.885 gfmed=0.113
  750 acq  m=8 hq=0.891 fail | Dr=+0.360/+3.205 |Dr|max=3.205 Df=+0.005 | g r=0.115 f=0.194 p=1.089(0.001) max=3.478 | Ld=-0.1809 base=-0.249 r1=0.0322 path=0.0327 cap=0.00366 | Lg=+1.4452 | 10s | curv=+0.429 wide=+0.897 gfmed=0.087
  760 acq  m=8 hq=0.866 fail | Dr=-0.054/+2.783 |Dr|max=2.783 Df=-0.410 | g r=0.160 f=0.238 p=1.116(0.001) max=3.559 | Ld=-0.2374 base=-0.343 r1=0.0421 path=0.0492 cap=0.014 | Lg=+1.5922 | 11s | curv=+0.547 wide=+0.873 gfmed=0.143
  770 acq  m=5 hq=0.493 fail | Dr=+0.109/+2.807 |Dr|max=2.807 Df=-0.416 | g r=0.153 f=0.613 p=1.146(0.001) max=3.463 | Ld=-0.3058 base=-0.346 r1=0.0334 path=0.00527 cap=0.00116 | Lg=+1.5393 | 11s | curv=+0.994 wide=+1.43 gfmed=0.270
  780 acq  m=5 hq=0.347 fail | Dr=+0.158/+2.629 |Dr|max=2.629 Df=-0.497 | g r=0.206 f=0.695 p=1.208(0.003) max=3.496 | Ld=-0.3362 base=-0.451 r1=0.0563 path=0.0555 cap=0.00341 | Lg=+1.5644 | 11s | curv=+1.59 wide=+2.04 gfmed=0.437
  790 acq  m=8 hq=0.616 fail | Dr=+0.014/+2.896 |Dr|max=2.896 Df=-0.406 | g r=0.194 f=0.739 p=1.280(0.011) max=3.693 | Ld=-0.3943 base=-0.495 r1=0.0716 path=0.0144 cap=0.0146 | Lg=+1.6500 | 11s | curv=+1.01 wide=+1.53 gfmed=0.296
  800 acq  m=8 hq=0.278 fail | Dr=+0.262/+2.955 |Dr|max=2.955 Df=-0.299 | g r=0.147 f=1.123 p=1.260(0.003) max=3.781 | Ld=-0.1879 base=-0.255 r1=0.0482 path=0.0162 cap=0.00285 | Lg=+1.4547 | 12s | curv=+0.9 wide=+1.47 gfmed=0.634
  810 acq  m=8 hq=0.480 fail | Dr=+0.188/+2.857 |Dr|max=2.857 Df=-0.312 | g r=0.222 f=0.974 p=1.306(0.001) max=3.735 | Ld=-0.3547 base=-0.482 r1=0.075 path=0.0494 cap=0.00326 | Lg=+1.6732 | 12s | curv=+1.25 wide=+1.76 gfmed=0.372
  820 acq  m=8 hq=0.618 fail | Dr=+0.415/+3.101 |Dr|max=3.101 Df=+0.007 | g r=0.202 f=0.841 p=1.179(0.002) max=3.509 | Ld=-0.1505 base=-0.217 r1=0.0552 path=0.00742 cap=0.00343 | Lg=+1.4053 | 12s | curv=+0.639 wide=+1.15 gfmed=0.292
  830 acq  m=6 hq=0.594 fail | Dr=+0.013/+2.677 |Dr|max=2.677 Df=-0.517 | g r=0.175 f=0.737 p=1.201(0.013) max=3.395 | Ld=-0.1871 base=-0.27 r1=0.0526 path=0.026 cap=0.00397 | Lg=+1.4954 | 12s | curv=+0.684 wide=+1.2 gfmed=0.224
  840 acq  m=8 hq=0.865 fail | Dr=+0.239/+2.887 |Dr|max=2.887 Df=-0.076 | g r=0.178 f=0.319 p=1.150(0.006) max=3.370 | Ld=-0.1437 base=-0.235 r1=0.0431 path=0.0285 cap=0.0201 | Lg=+1.3732 | 12s | curv=+0.685 wide=+1.17 gfmed=0.157
  850 acq  m=8 hq=0.903 PASS | Dr=+0.400/+3.490 |Dr|max=3.490 Df=+0.063 | g r=0.106 f=0.194 p=1.139(0.001) max=3.405 | Ld=-0.1292 base=-0.175 r1=0.0238 path=0.0217 cap=0.000633 | Lg=+1.4430 | 13s | curv=+0.578 wide=+1.04 gfmed=0.078
  860 acq  m=8 hq=0.887 fail | Dr=+0.349/+3.672 |Dr|max=3.672 Df=+0.016 | g r=0.141 f=0.209 p=1.118(0.008) max=3.502 | Ld=-0.1562 base=-0.226 r1=0.0368 path=0.027 cap=0.00579 | Lg=+1.5671 | 13s | curv=+0.931 wide=+1.34 gfmed=0.107
  870 acq  m=8 hq=0.838 fail | Dr=-0.060/+3.825 |Dr|max=3.825 Df=-0.419 | g r=0.139 f=0.233 p=1.224(0.002) max=3.516 | Ld=-0.3073 base=-0.374 r1=0.0314 path=0.032 cap=0.00385 | Lg=+1.7759 | 13s | curv=+0.664 wide=+0.958 gfmed=0.118
  880 acq  m=8 hq=0.876 fail | Dr=-0.272/+3.699 |Dr|max=3.809 Df=-0.629 | g r=0.180 f=0.250 p=1.254(0.005) max=3.675 | Ld=-0.1723 base=-0.247 r1=0.0605 path=0.011 cap=0.00307 | Lg=+1.8259 | 13s | curv=+0.846 wide=+1.21 gfmed=0.167
  890 acq  m=8 hq=0.914 PASS | Dr=-0.220/+3.138 |Dr|max=3.213 Df=-0.543 | g r=0.200 f=0.253 p=1.190(0.000) max=3.485 | Ld=-0.2606 base=-0.31 r1=0.0292 path=0.0119 cap=0.00795 | Lg=+1.6593 | 13s | curv=+1.18 wide=+1.44 gfmed=0.173
  900 acq  m=8 hq=0.919 PASS | Dr=+0.325/+3.327 |Dr|max=3.327 Df=+0.027 | g r=0.125 f=0.178 p=1.050(0.005) max=3.518 | Ld=-0.1174 base=-0.179 r1=0.0397 path=0.0183 cap=0.00342 | Lg=+1.4553 | 14s | curv=+0.493 wide=+0.841 gfmed=0.110
  910 acq  m=8 hq=0.919 PASS | Dr=-0.079/+3.245 |Dr|max=3.245 Df=-0.405 | g r=0.143 f=0.200 p=1.120(0.004) max=3.364 | Ld=-0.1281 base=-0.203 r1=0.0475 path=0.0258 cap=0.00169 | Lg=+1.5744 | 14s | curv=+0.582 wide=+0.975 gfmed=0.121
  920 acq  m=8 hq=0.864 fail | Dr=+0.212/+3.775 |Dr|max=3.775 Df=-0.118 | g r=0.139 f=0.198 p=1.164(0.006) max=3.676 | Ld=-0.1054 base=-0.177 r1=0.0339 path=0.0335 cap=0.00432 | Lg=+1.5786 | 14s | curv=+0.393 wide=+0.784 gfmed=0.122
  930 acq  m=8 hq=0.899 fail | Dr=+0.142/+2.894 |Dr|max=2.894 Df=-0.168 | g r=0.120 f=0.193 p=1.094(0.006) max=3.368 | Ld=-0.2200 base=-0.297 r1=0.0337 path=0.0427 cap=0.000697 | Lg=+1.5292 | 14s | curv=+0.888 wide=+1.29 gfmed=0.091
  940 acq  m=8 hq=0.915 PASS | Dr=+0.034/+3.960 |Dr|max=3.960 Df=-0.291 | g r=0.157 f=0.210 p=1.159(0.005) max=3.819 | Ld=-0.2898 base=-0.341 r1=0.027 path=0.0242 cap=0.000413 | Lg=+1.7068 | 15s | curv=+0.644 wide=+0.969 gfmed=0.112
  950 acq  m=8 hq=0.895 fail | Dr=+0.348/+3.660 |Dr|max=3.660 Df=+0.086 | g r=0.147 f=0.182 p=1.021(0.005) max=3.410 | Ld=-0.0992 base=-0.162 r1=0.0341 path=0.0188 cap=0.0103 | Lg=+1.4525 | 15s | curv=+0.637 wide=+0.943 gfmed=0.117
  960 acq  m=8 hq=0.819 fail | Dr=+0.219/+3.986 |Dr|max=3.986 Df=-0.066 | g r=0.215 f=0.271 p=1.115(0.002) max=3.530 | Ld=-0.1859 base=-0.255 r1=0.0426 path=0.00645 cap=0.0198 | Lg=+1.5813 | 15s | curv=+0.133 wide=+0.5 gfmed=0.189
  970 acq  m=8 hq=0.926 PASS | Dr=+0.058/+3.253 |Dr|max=3.253 Df=-0.236 | g r=0.109 f=0.148 p=1.102(0.003) max=3.279 | Ld=-0.1638 base=-0.2 r1=0.0219 path=0.012 cap=0.00257 | Lg=+1.5175 | 15s | curv=+0.463 wide=+0.826 gfmed=0.087
  980 acq  m=8 hq=0.914 PASS | Dr=-0.178/+3.374 |Dr|max=3.374 Df=-0.466 | g r=0.172 f=0.209 p=1.104(0.007) max=3.475 | Ld=-0.2297 base=-0.34 r1=0.0309 path=0.0606 cap=0.0193 | Lg=+1.5638 | 15s | curv=+0.509 wide=+0.823 gfmed=0.162
  990 acq  m=8 hq=0.893 fail | Dr=-0.164/+2.602 |Dr|max=2.916 Df=-0.429 | g r=0.136 f=0.160 p=1.097(0.007) max=3.343 | Ld=-0.0736 base=-0.133 r1=0.0298 path=0.0238 cap=0.00626 | Lg=+1.4700 | 16s | curv=+0.816 wide=+1.13 gfmed=0.114
 1000 acq  m=8 hq=0.911 PASS | Dr=-0.007/+3.743 |Dr|max=3.743 Df=-0.300 | g r=0.182 f=0.217 p=1.179(0.006) max=3.290 | Ld=-0.2120 base=-0.284 r1=0.0374 path=0.0244 cap=0.0103 | Lg=+1.6071 | 16s | curv=+0.91 wide=+1.25 gfmed=0.151
 1010 acq  m=7 hq=0.718 fail | Dr=-0.231/+3.076 |Dr|max=3.120 Df=-0.648 | g r=0.156 f=0.479 p=1.137(0.004) max=3.174 | Ld=-0.0949 base=-0.181 r1=0.0363 path=0.049 cap=0.000444 | Lg=+1.4981 | 16s | curv=+0.384 wide=+0.769 gfmed=0.150
 1020 acq  m=4 hq=0.039 fail | Dr=-0.025/+1.676 |Dr|max=2.356 Df=-0.494 | g r=0.200 f=1.312 p=1.207(0.003) max=3.576 | Ld=-0.0473 base=-0.298 r1=0.0538 path=0.183 cap=0.0143 | Lg=+1.3361 | 16s | curv=+1.7 wide=+2.2 gfmed=1.319
 1030 acq  m=4 hq=0.133 fail | Dr=-0.243/+0.653 |Dr|max=1.663 Df=-0.839 | g r=0.215 f=1.416 p=1.209(0.002) max=3.547 | Ld=-0.4327 base=-0.557 r1=0.0805 path=0.00202 cap=0.042 | Lg=+1.2118 | 16s | curv=+2.03 wide=+2.67 gfmed=1.391
 1040 acq  m=4 hq=0.046 fail | Dr=-0.021/+1.052 |Dr|max=1.651 Df=-0.789 | g r=0.248 f=1.369 p=1.250(0.016) max=3.934 | Ld=-0.2983 base=-0.424 r1=0.105 path=0.000728 cap=0.02 | Lg=+1.1295 | 16s | curv=+2.06 wide=+2.73 gfmed=1.249
 1050 acq  m=4 hq=0.323 fail | Dr=-0.085/+1.344 |Dr|max=1.580 Df=-0.615 | g r=0.207 f=0.885 p=1.217(0.003) max=3.722 | Ld=-0.4855 base=-0.572 r1=0.0701 path=0.00636 cap=0.00961 | Lg=+1.4056 | 16s | curv=+1.53 wide=+2.32 gfmed=0.524
 1060 acq  m=6 hq=0.199 fail | Dr=+0.316/+1.485 |Dr|max=1.485 Df=-0.357 | g r=0.199 f=1.633 p=1.335(0.008) max=4.047 | Ld=-0.5550 base=-0.664 r1=0.0881 path=0.00118 cap=0.0199 | Lg=+1.2840 | 16s | curv=+1.86 wide=+2.61 gfmed=1.575
 1070 acq  m=7 hq=0.075 fail | Dr=+0.431/+2.360 |Dr|max=2.360 Df=-0.238 | g r=0.204 f=1.624 p=1.409(0.007) max=3.476 | Ld=-0.7077 base=-0.871 r1=0.0948 path=0.000776 cap=0.068 | Lg=+1.4276 | 17s | curv=+1.9 wide=+2.67 gfmed=1.652
 1080 acq  m=7 hq=0.392 fail | Dr=+0.193/+2.445 |Dr|max=2.445 Df=-0.358 | g r=0.231 f=1.192 p=1.434(0.005) max=3.722 | Ld=-0.5001 base=-0.626 r1=0.101 path=0.00463 cap=0.0204 | Lg=+1.5293 | 17s | curv=+1.8 wide=+2.64 gfmed=1.057
 1090 acq  m=7 hq=0.236 fail | Dr=+0.467/+1.744 |Dr|max=1.744 Df=+0.069 | g r=0.211 f=1.695 p=1.458(0.013) max=3.892 | Ld=-0.3881 base=-0.485 r1=0.08 path=0.000865 cap=0.0158 | Lg=+1.2343 | 17s | curv=+2.02 wide=+2.69 gfmed=1.755
 1100 acq  m=7 hq=0.521 fail | Dr=+0.224/+1.486 |Dr|max=1.486 Df=-0.068 | g r=0.202 f=1.034 p=1.320(0.016) max=4.122 | Ld=-0.2290 base=-0.351 r1=0.0963 path=0.0144 cap=0.0112 | Lg=+1.0787 | 17s | curv=+1.53 wide=+2.35 gfmed=0.649
 1110 acq  m=8 hq=0.103 fail | Dr=+0.475/+1.813 |Dr|max=1.813 Df=-0.173 | g r=0.201 f=1.774 p=1.446(0.002) max=4.165 | Ld=-0.3249 base=-0.421 r1=0.085 path=0.00361 cap=0.00719 | Lg=+1.1733 | 17s | curv=+1.48 wide=+2.31 gfmed=2.030
 1120 acq  m=8 hq=0.545 fail | Dr=-0.065/+1.270 |Dr|max=1.270 Df=-0.306 | g r=0.231 f=0.911 p=1.169(0.004) max=3.524 | Ld=-0.0918 base=-0.2 r1=0.0961 path=0.00127 cap=0.0113 | Lg=+0.9594 | 17s | curv=+1.64 wide=+2.31 gfmed=0.528
 1130 acq  m=5 hq=0.095 fail | Dr=+0.288/+1.545 |Dr|max=1.545 Df=-0.397 | g r=0.240 f=1.816 p=1.363(0.013) max=3.538 | Ld=-0.3482 base=-0.473 r1=0.0914 path=0.0107 cap=0.0229 | Lg=+1.2049 | 17s | curv=+1.71 wide=+2.47 gfmed=1.964
 1140 acq  m=5 hq=0.336 fail | Dr=+0.362/+1.443 |Dr|max=1.443 Df=-0.218 | g r=0.208 f=1.598 p=1.389(0.006) max=3.555 | Ld=-0.2120 base=-0.33 r1=0.0848 path=0.00133 cap=0.0321 | Lg=+1.0759 | 17s | curv=+1.99 wide=+2.78 gfmed=1.899
 1150 acq  m=8 hq=0.374 fail | Dr=+0.284/+1.515 |Dr|max=1.515 Df=-0.144 | g r=0.244 f=1.283 p=1.434(0.007) max=4.042 | Ld=-0.6904 base=-0.816 r1=0.115 path=6.54e-05 cap=0.0095 | Lg=+1.5235 | 17s | curv=+1.51 wide=+2.4 gfmed=1.048
 1160 acq  m=8 hq=0.391 fail | Dr=+0.441/+1.645 |Dr|max=1.645 Df=+0.111 | g r=0.193 f=1.334 p=1.407(0.005) max=3.711 | Ld=-0.4348 base=-0.532 r1=0.0916 path=0.00184 cap=0.00413 | Lg=+1.2482 | 17s | curv=+1.49 wide=+2.3 gfmed=1.183
 1170 acq  m=8 hq=0.355 fail | Dr=+0.532/+1.802 |Dr|max=1.802 Df=+0.153 | g r=0.211 f=1.396 p=1.327(0.013) max=4.123 | Ld=-0.2056 base=-0.298 r1=0.0781 path=0.00137 cap=0.0125 | Lg=+1.1273 | 17s | curv=+1.03 wide=+1.88 gfmed=1.210
 1180 acq  m=8 hq=0.854 fail | Dr=+0.396/+1.392 |Dr|max=1.392 Df=+0.226 | g r=0.130 f=0.302 p=1.136(0.004) max=3.721 | Ld=-0.0600 base=-0.106 r1=0.0434 path=0.00204 cap=0.000836 | Lg=+0.9741 | 18s | curv=+0.628 wide=+1.33 gfmed=0.120
 1190 acq  m=8 hq=0.893 fail | Dr=+0.238/+1.848 |Dr|max=1.848 Df=+0.053 | g r=0.119 f=0.205 p=1.034(0.001) max=3.234 | Ld=-0.1117 base=-0.152 r1=0.0387 path=0.0013 cap=0.000475 | Lg=+1.0439 | 18s | curv=+0.4 wide=+0.945 gfmed=0.098
 1200 acq  m=8 hq=0.863 fail | Dr=+0.085/+2.394 |Dr|max=2.394 Df=-0.111 | g r=0.225 f=0.330 p=1.053(0.006) max=3.375 | Ld=-0.1282 base=-0.192 r1=0.0536 path=0.00687 cap=0.00286 | Lg=+1.1468 | 18s | curv=+0.122 wide=+0.584 gfmed=0.207
 1210 hold m=8 hq=0.901 PASS | Dr=-0.012/+2.572 |Dr|max=2.572 Df=-0.193 | g r=0.182 f=0.232 p=1.003(0.001) max=3.555 | Ld=-0.0770 base=-0.126 r1=0.0387 path=0.00646 cap=0.00347 | Lg=+1.1124 | 18s | curv=+0.0427 wide=+0.487 gfmed=0.133
 1220 hold m=8 hq=0.913 PASS | Dr=-0.204/+2.706 |Dr|max=3.396 Df=-0.411 | g r=0.116 f=0.168 p=1.019(0.004) max=3.234 | Ld=-0.1423 base=-0.18 r1=0.0243 path=0.00994 cap=0.00364 | Lg=+1.2428 | 18s | curv=+0.536 wide=+0.87 gfmed=0.118
 1230 hold m=8 hq=0.924 PASS | Dr=-0.200/+2.918 |Dr|max=3.377 Df=-0.411 | g r=0.137 f=0.183 p=1.032(0.004) max=3.615 | Ld=-0.1180 base=-0.175 r1=0.038 path=0.0162 cap=0.00261 | Lg=+1.2273 | 18s | curv=+0.363 wide=+0.681 gfmed=0.137
 1240 hold m=8 hq=0.927 PASS | Dr=-0.324/+2.402 |Dr|max=2.951 Df=-0.536 | g r=0.142 f=0.193 p=1.022(0.006) max=3.705 | Ld=-0.0321 base=-0.0854 r1=0.0389 path=0.013 cap=0.00143 | Lg=+1.1319 | 18s | curv=+0.274 wide=+0.598 gfmed=0.142
 1250 hold m=8 hq=0.912 PASS | Dr=-0.396/+1.902 |Dr|max=3.211 Df=-0.597 | g r=0.159 f=0.179 p=0.998(0.003) max=3.556 | Ld=-0.0444 base=-0.0886 r1=0.0264 path=0.00615 cap=0.0116 | Lg=+1.1097 | 18s | curv=+0.572 wide=+0.828 gfmed=0.130
 1260 hold m=8 hq=0.910 PASS | Dr=-0.297/+2.703 |Dr|max=2.740 Df=-0.522 | g r=0.087 f=0.123 p=1.010(0.004) max=3.493 | Ld=-0.1144 base=-0.151 r1=0.0131 path=0.0196 cap=0.00344 | Lg=+1.2192 | 18s | curv=+0.416 wide=+0.747 gfmed=0.063
 1270 hold m=8 hq=0.915 PASS | Dr=-0.096/+2.691 |Dr|max=3.002 Df=-0.315 | g r=0.137 f=0.181 p=0.989(0.003) max=3.430 | Ld=-0.1260 base=-0.176 r1=0.0307 path=0.0181 cap=0.00147 | Lg=+1.2701 | 18s | curv=+0.355 wide=+0.661 gfmed=0.102
 1280 hold m=8 hq=0.932 PASS | Dr=-0.195/+2.388 |Dr|max=2.578 Df=-0.402 | g r=0.096 f=0.136 p=0.926(0.003) max=3.277 | Ld=+0.0099 base=-0.0353 r1=0.0389 path=0.00327 cap=0.003 | Lg=+1.1221 | 18s | curv=+0.519 wide=+0.777 gfmed=0.080
 1290 hold m=8 hq=0.915 PASS | Dr=-0.430/+2.636 |Dr|max=3.399 Df=-0.637 | g r=0.113 f=0.152 p=0.988(0.004) max=3.543 | Ld=-0.1872 base=-0.233 r1=0.0318 path=0.0138 cap=0.000319 | Lg=+1.2953 | 18s | curv=+0.523 wide=+0.785 gfmed=0.095
 1300 hold m=8 hq=0.939 PASS | Dr=-0.309/+2.770 |Dr|max=3.057 Df=-0.525 | g r=0.121 f=0.161 p=1.000(0.003) max=3.204 | Ld=-0.0914 base=-0.121 r1=0.0151 path=0.00746 cap=0.00727 | Lg=+1.2644 | 19s | curv=+0.472 wide=+0.727 gfmed=0.105
 1310 hold m=8 hq=0.903 PASS | Dr=-0.456/+2.923 |Dr|max=3.551 Df=-0.664 | g r=0.145 f=0.178 p=1.044(0.007) max=3.743 | Ld=-0.1011 base=-0.139 r1=0.0249 path=0.013 cap=0.000302 | Lg=+1.2851 | 19s | curv=+0.608 wide=+0.848 gfmed=0.105
 1320 hold m=8 hq=0.928 PASS | Dr=-0.287/+3.679 |Dr|max=3.967 Df=-0.499 | g r=0.118 f=0.167 p=1.108(0.003) max=3.573 | Ld=-0.1425 base=-0.173 r1=0.0169 path=0.0118 cap=0.00153 | Lg=+1.4650 | 19s | curv=+0.468 wide=+0.735 gfmed=0.104
 1330 hold m=8 hq=0.879 fail | Dr=-0.340/+3.402 |Dr|max=3.666 Df=-0.508 | g r=0.146 f=0.191 p=1.066(0.005) max=3.418 | Ld=-0.0747 base=-0.144 r1=0.0263 path=0.0428 | Lg=+1.3724 | 19s | curv=+0.505 wide=+0.735 gfmed=0.132
 1340 hold m=8 hq=0.941 PASS | Dr=-0.004/+3.298 |Dr|max=3.333 Df=-0.179 | g r=0.150 f=0.192 p=1.027(0.000) max=3.523 | Ld=-0.1176 base=-0.142 r1=0.0206 path=0.00357 cap=0.000331 | Lg=+1.2790 | 19s | curv=+0.407 wide=+0.636 gfmed=0.136
 1350 hold m=8 hq=0.910 PASS | Dr=-0.432/+2.192 |Dr|max=2.833 Df=-0.608 | g r=0.152 f=0.181 p=1.001(0.005) max=3.553 | Ld=-0.1155 base=-0.151 r1=0.0223 path=0.00432 cap=0.00861 | Lg=+1.1872 | 19s | curv=+0.486 wide=+0.654 gfmed=0.130
 1360 hold m=8 hq=0.906 PASS | Dr=-0.360/+2.208 |Dr|max=2.963 Df=-0.535 | g r=0.136 f=0.177 p=1.058(0.001) max=3.910 | Ld=-0.1336 base=-0.171 r1=0.0218 path=0.0157 cap=5.29e-05 | Lg=+1.1788 | 19s | curv=+0.438 wide=+0.742 gfmed=0.110
 1370 hold m=8 hq=0.944 PASS | Dr=+0.039/+3.031 |Dr|max=3.031 Df=-0.143 | g r=0.114 f=0.151 p=1.004(0.004) max=3.415 | Ld=-0.0911 base=-0.137 r1=0.0323 path=0.0104 cap=0.0034 | Lg=+1.2547 | 19s | curv=+0.25 wide=+0.492 gfmed=0.101
 1380 hold m=8 hq=0.936 PASS | Dr=-0.184/+3.169 |Dr|max=3.169 Df=-0.359 | g r=0.155 f=0.190 p=1.004(0.004) max=3.209 | Ld=-0.0405 base=-0.0961 r1=0.0413 path=0.00912 cap=0.00518 | Lg=+1.2133 | 19s | curv=+0.0985 wide=+0.436 gfmed=0.145
 1390 hold m=8 hq=0.933 PASS | Dr=+0.208/+3.841 |Dr|max=3.841 Df=+0.038 | g r=0.107 f=0.156 p=1.064(0.001) max=3.236 | Ld=-0.1982 base=-0.238 r1=0.0262 path=0.00762 cap=0.00554 | Lg=+1.3331 | 19s | curv=+0.509 wide=+0.733 gfmed=0.098
 1400 hold m=8 hq=0.941 PASS | Dr=-0.055/+3.405 |Dr|max=3.405 Df=-0.220 | g r=0.134 f=0.168 p=1.015(0.001) max=3.563 | Ld=-0.0928 base=-0.176 r1=0.0289 path=0.0489 cap=0.00572 | Lg=+1.3257 | 19s | curv=+0.234 wide=+0.48 gfmed=0.121
 1410 hold m=8 hq=0.915 PASS | Dr=-0.087/+3.473 |Dr|max=3.473 Df=-0.242 | g r=0.262 f=0.283 p=1.079(0.002) max=3.315 | Ld=+0.0155 base=-0.0786 r1=0.0498 path=0.012 cap=0.0322 | Lg=+1.3200 | 20s | curv=+0.712 wide=+0.866 gfmed=0.201
 1420 hold m=8 hq=0.950 PASS | Dr=-0.240/+3.331 |Dr|max=3.331 Df=-0.416 | g r=0.125 f=0.149 p=1.077(0.005) max=3.212 | Ld=-0.0377 base=-0.126 r1=0.0459 path=0.0407 cap=0.00155 | Lg=+1.2749 | 20s | curv=+0.465 wide=+0.703 gfmed=0.090
 1430 hold m=8 hq=0.917 PASS | Dr=+0.132/+4.046 |Dr|max=4.046 Df=-0.055 | g r=0.103 f=0.150 p=1.107(0.002) max=3.210 | Ld=-0.0997 base=-0.152 r1=0.0404 path=0.0107 cap=0.00149 | Lg=+1.4894 | 20s | curv=+0.297 wide=+0.548 gfmed=0.083
 1440 hold m=8 hq=0.944 PASS | Dr=-0.187/+3.552 |Dr|max=3.552 Df=-0.352 | g r=0.078 f=0.114 p=0.992(0.001) max=3.095 | Ld=-0.0394 base=-0.099 r1=0.0525 path=0.00693 cap=0.000126 | Lg=+1.3082 | 20s | curv=+0.452 wide=+0.674 gfmed=0.057
 1450 hold m=8 hq=0.948 PASS | Dr=-0.108/+3.919 |Dr|max=3.919 Df=-0.291 | g r=0.084 f=0.119 p=1.089(0.000) max=3.210 | Ld=-0.0324 base=-0.0655 r1=0.0267 path=0.00585 cap=0.000482 | Lg=+1.3647 | 20s | curv=+0.43 wide=+0.661 gfmed=0.062
 1460 hold m=8 hq=0.926 PASS | Dr=+0.220/+4.460 |Dr|max=4.460 Df=+0.067 | g r=0.137 f=0.178 p=1.073(0.008) max=3.523 | Ld=-0.1624 base=-0.195 r1=0.0181 path=0.00491 cap=0.00951 | Lg=+1.4642 | 20s | curv=+0.457 wide=+0.687 gfmed=0.132
 1470 hold m=8 hq=0.939 PASS | Dr=+0.069/+4.419 |Dr|max=4.419 Df=-0.130 | g r=0.108 f=0.138 p=1.183(0.004) max=3.645 | Ld=-0.2015 base=-0.222 r1=0.0141 path=0.00592 cap=0.000386 | Lg=+1.5285 | 20s | curv=+0.189 wide=+0.456 gfmed=0.090
 1480 hold m=8 hq=0.937 PASS | Dr=+0.161/+4.128 |Dr|max=4.128 Df=-0.031 | g r=0.101 f=0.131 p=1.107(0.002) max=3.286 | Ld=-0.1295 base=-0.167 r1=0.0296 path=0.0059 cap=0.00216 | Lg=+1.3627 | 20s | curv=+0.197 wide=+0.424 gfmed=0.063
 1490 hold m=8 hq=0.946 PASS | Dr=+0.234/+4.201 |Dr|max=4.201 Df=+0.041 | g r=0.122 f=0.142 p=1.075(0.005) max=3.244 | Ld=-0.1415 base=-0.179 r1=0.0285 path=0.00882 | Lg=+1.4517 | 21s | curv=+0.42 wide=+0.578 gfmed=0.104
 1500 hold m=8 hq=0.955 PASS | Dr=+0.244/+4.781 |Dr|max=4.781 Df=+0.073 | g r=0.130 f=0.161 p=1.138(0.008) max=3.424 | Ld=-0.1404 base=-0.182 r1=0.0223 path=0.0162 cap=0.0031 | Lg=+1.4896 | 21s | curv=+0.12 wide=+0.37 gfmed=0.103
 1510 hold m=8 hq=0.930 PASS | Dr=+0.289/+4.772 |Dr|max=4.772 Df=+0.099 | g r=0.156 f=0.183 p=1.156(0.007) max=3.517 | Ld=-0.1325 base=-0.174 r1=0.0263 path=0.0133 cap=0.00222 | Lg=+1.5773 | 21s | curv=+0.0977 wide=+0.293 gfmed=0.144
 1520 hold m=8 hq=0.945 PASS | Dr=+0.093/+4.343 |Dr|max=4.343 Df=-0.094 | g r=0.111 f=0.128 p=1.114(0.002) max=3.187 | Ld=-0.0949 base=-0.124 r1=0.0203 path=0.00583 cap=0.00255 | Lg=+1.3738 | 21s | curv=+0.334 wide=+0.551 gfmed=0.082
 1530 hold m=8 hq=0.896 fail | Dr=+0.281/+4.515 |Dr|max=4.515 Df=+0.133 | g r=0.141 f=0.194 p=1.082(0.006) max=3.535 | Ld=-0.1715 base=-0.194 r1=0.0188 path=0.00319 cap=3.54e-05 | Lg=+1.5225 | 21s | curv=+0.448 wide=+0.677 gfmed=0.149
 1540 hold m=8 hq=0.959 PASS | Dr=+0.181/+4.549 |Dr|max=4.549 Df=-0.007 | g r=0.106 f=0.128 p=1.134(0.002) max=3.375 | Ld=-0.0935 base=-0.135 r1=0.0226 path=0.0179 cap=0.00105 | Lg=+1.4917 | 22s | curv=+0.159 wide=+0.447 gfmed=0.081
 1550 hold m=8 hq=0.954 PASS | Dr=+0.209/+3.969 |Dr|max=3.969 Df=+0.042 | g r=0.143 f=0.181 p=1.067(0.006) max=3.566 | Ld=+0.0214 base=-0.049 r1=0.0388 path=0.026 cap=0.00553 | Lg=+1.2437 | 22s | curv=+0.172 wide=+0.465 gfmed=0.136
 1560 hold m=8 hq=0.967 PASS | Dr=+0.087/+3.707 |Dr|max=3.707 Df=-0.063 | g r=0.164 f=0.162 p=0.983(0.008) max=3.125 | Ld=-0.0036 base=-0.0856 r1=0.0647 path=0.0136 cap=0.00378 | Lg=+1.2800 | 22s | curv=+0.183 wide=+0.421 gfmed=0.088
 1570 hold m=8 hq=0.905 PASS | Dr=+0.311/+3.850 |Dr|max=3.850 Df=+0.170 | g r=0.143 f=0.182 p=1.032(0.001) max=3.137 | Ld=-0.0655 base=-0.107 r1=0.0279 path=0.00959 cap=0.00449 | Lg=+1.2906 | 22s | curv=+0.311 wide=+0.529 gfmed=0.142
 1580 hold m=8 hq=0.947 PASS | Dr=+0.448/+4.963 |Dr|max=4.963 Df=+0.281 | g r=0.136 f=0.165 p=1.131(0.002) max=3.584 | Ld=-0.1133 base=-0.169 r1=0.0192 path=0.0272 cap=0.00933 | Lg=+1.5630 | 22s | curv=+0.288 wide=+0.585 gfmed=0.118
 1590 hold m=8 hq=0.938 PASS | Dr=+0.324/+4.950 |Dr|max=4.950 Df=+0.175 | g r=0.108 f=0.137 p=1.102(0.003) max=3.285 | Ld=-0.1437 base=-0.163 r1=0.0151 path=0.00378 cap=8.53e-05 | Lg=+1.5095 | 23s | curv=+0.388 wide=+0.56 gfmed=0.079
 1600 hold m=8 hq=0.953 PASS | Dr=+0.191/+4.191 |Dr|max=4.191 Df=+0.057 | g r=0.081 f=0.119 p=1.056(0.002) max=3.171 | Ld=-0.1267 base=-0.156 r1=0.0208 path=0.00841 | Lg=+1.4299 | 23s | curv=+0.279 wide=+0.53 gfmed=0.064
 1610 hold m=8 hq=0.947 PASS | Dr=+0.245/+4.749 |Dr|max=4.749 Df=+0.107 | g r=0.111 f=0.133 p=1.056(0.004) max=3.105 | Ld=-0.0322 base=-0.0817 r1=0.0258 path=0.021 cap=0.00267 | Lg=+1.4293 | 23s | curv=+0.498 wide=+0.725 gfmed=0.074
 1620 hold m=8 hq=0.931 PASS | Dr=+0.260/+4.514 |Dr|max=4.514 Df=+0.128 | g r=0.089 f=0.134 p=1.018(0.002) max=2.954 | Ld=-0.0475 base=-0.0814 r1=0.021 path=0.0126 cap=0.000321 | Lg=+1.4003 | 23s | curv=+0.518 wide=+0.766 gfmed=0.077
 1630 hold m=8 hq=0.947 PASS | Dr=+0.252/+4.117 |Dr|max=4.117 Df=+0.145 | g r=0.152 f=0.177 p=0.992(0.006) max=3.346 | Ld=-0.0224 base=-0.0606 r1=0.0249 path=0.00535 cap=0.008 | Lg=+1.2834 | 23s | curv=-0.0573 wide=+0.2 gfmed=0.118
 1640 hold m=8 hq=0.947 PASS | Dr=+0.128/+3.912 |Dr|max=3.912 Df=+0.004 | g r=0.117 f=0.146 p=1.063(0.001) max=3.377 | Ld=-0.1569 base=-0.174 r1=0.0145 path=0.00312 cap=6.19e-06 | Lg=+1.3516 | 24s | curv=+0.349 wide=+0.593 gfmed=0.100
 1650 hold m=8 hq=0.890 fail | Dr=+0.371/+4.769 |Dr|max=4.769 Df=+0.214 | g r=0.115 f=0.241 p=1.153(0.004) max=3.225 | Ld=-0.0722 base=-0.114 r1=0.0164 path=0.0249 cap=0.000701 | Lg=+1.3480 | 24s | curv=+0.117 wide=+0.33 gfmed=0.118
 1660 hold m=8 hq=0.958 PASS | Dr=+0.105/+4.113 |Dr|max=4.113 Df=-0.047 | g r=0.084 f=0.116 p=1.085(0.001) max=3.227 | Ld=-0.0764 base=-0.105 r1=0.0154 path=0.0127 cap=0.000219 | Lg=+1.3370 | 24s | curv=+0.28 wide=+0.534 gfmed=0.073
 1670 hold m=8 hq=0.954 PASS | Dr=+0.263/+4.351 |Dr|max=4.351 Df=+0.113 | g r=0.164 f=0.175 p=1.117(0.005) max=3.105 | Ld=-0.0302 base=-0.0589 r1=0.0208 path=0.00463 cap=0.00326 | Lg=+1.3276 | 24s | curv=+0.143 wide=+0.4 gfmed=0.111
 1680 hold m=8 hq=0.952 PASS | Dr=+0.130/+4.287 |Dr|max=4.287 Df=-0.033 | g r=0.090 f=0.117 p=1.128(0.002) max=3.724 | Ld=-0.0894 base=-0.117 r1=0.0239 path=0.00355 cap=0.00053 | Lg=+1.4539 | 24s | curv=+0.316 wide=+0.528 gfmed=0.077
 1690 hold m=8 hq=0.903 PASS | Dr=+0.168/+3.679 |Dr|max=3.679 Df=+0.044 | g r=0.128 f=0.164 p=0.957(0.002) max=3.064 | Ld=+0.0353 base=-0.0485 r1=0.022 path=0.0172 cap=0.0447 | Lg=+1.2118 | 25s | curv=+0.324 wide=+0.5 gfmed=0.109
 1700 hold m=8 hq=0.956 PASS | Dr=+0.363/+4.469 |Dr|max=4.469 Df=+0.229 | g r=0.112 f=0.147 p=1.057(0.006) max=3.135 | Ld=-0.0936 base=-0.133 r1=0.037 path=0.00202 cap=0.000188 | Lg=+1.3787 | 25s | curv=+0.259 wide=+0.436 gfmed=0.104
 1710 hold m=8 hq=0.952 PASS | Dr=+0.073/+3.613 |Dr|max=3.613 Df=-0.046 | g r=0.075 f=0.106 p=1.007(0.001) max=3.060 | Ld=+0.0067 base=-0.0318 r1=0.0319 path=0.00654 cap=0.00019 | Lg=+1.2641 | 25s | curv=+0.283 wide=+0.53 gfmed=0.062
 1720 hold m=8 hq=0.951 PASS | Dr=+0.221/+3.352 |Dr|max=3.352 Df=+0.092 | g r=0.103 f=0.125 p=0.985(0.001) max=3.214 | Ld=-0.0626 base=-0.109 r1=0.0404 path=0.00527 cap=0.000303 | Lg=+1.2678 | 25s | curv=+0.183 wide=+0.355 gfmed=0.084
 1730 hold m=8 hq=0.956 PASS | Dr=+0.305/+4.696 |Dr|max=4.696 Df=+0.160 | g r=0.085 f=0.123 p=1.090(0.002) max=3.332 | Ld=-0.1334 base=-0.153 r1=0.0174 path=0.00195 | Lg=+1.4217 | 25s | curv=+0.374 wide=+0.548 gfmed=0.074
 1740 hold m=8 hq=0.958 PASS | Dr=+0.098/+3.961 |Dr|max=3.961 Df=-0.031 | g r=0.087 f=0.107 p=1.052(0.003) max=2.948 | Ld=-0.0260 base=-0.0464 r1=0.0188 path=0.00145 cap=0.000152 | Lg=+1.3647 | 26s | curv=+0.441 wide=+0.629 gfmed=0.064
 1750 hold m=8 hq=0.958 PASS | Dr=+0.229/+3.933 |Dr|max=3.933 Df=+0.092 | g r=0.076 f=0.105 p=0.986(0.003) max=3.129 | Ld=-0.0536 base=-0.0653 r1=0.00833 path=0.0025 cap=0.00082 | Lg=+1.2151 | 26s | curv=+0.268 wide=+0.509 gfmed=0.062
 1760 hold m=8 hq=0.952 PASS | Dr=+0.056/+4.303 |Dr|max=4.303 Df=-0.073 | g r=0.123 f=0.145 p=1.082(0.003) max=3.269 | Ld=-0.0871 base=-0.136 r1=0.0467 path=0.00225 cap=1.37e-05 | Lg=+1.4352 | 26s | curv=+0.426 wide=+0.636 gfmed=0.101
 1770 hold m=8 hq=0.966 PASS | Dr=+0.079/+3.962 |Dr|max=3.962 Df=-0.058 | g r=0.078 f=0.106 p=1.061(0.001) max=3.082 | Ld=-0.0606 base=-0.0783 r1=0.0129 path=0.00478 | Lg=+1.2967 | 26s | curv=+0.305 wide=+0.484 gfmed=0.058
 1780 hold m=8 hq=0.958 PASS | Dr=+0.213/+4.632 |Dr|max=4.632 Df=+0.073 | g r=0.153 f=0.160 p=1.124(0.002) max=3.163 | Ld=-0.0397 base=-0.0758 r1=0.0216 path=0.0137 cap=0.000832 | Lg=+1.3941 | 26s | curv=+0.558 wide=+0.696 gfmed=0.099
 1790 hold m=8 hq=0.961 PASS | Dr=+0.241/+3.670 |Dr|max=3.670 Df=+0.088 | g r=0.076 f=0.097 p=1.035(0.001) max=3.228 | Ld=-0.0362 base=-0.0744 r1=0.00997 path=0.0282 cap=9.64e-05 | Lg=+1.2725 | 26s | curv=+0.277 wide=+0.438 gfmed=0.059
 1800 hold m=8 hq=0.879 fail | Dr=+0.151/+4.911 |Dr|max=4.911 Df=+0.007 | g r=0.110 f=0.177 p=1.161(0.003) max=3.764 | Ld=-0.1545 base=-0.199 r1=0.0112 path=0.0327 cap=0.000292 | Lg=+1.5775 | 27s | curv=+0.242 wide=+0.439 gfmed=0.071
 1810 hold m=8 hq=0.972 PASS | Dr=+0.145/+4.275 |Dr|max=4.275 Df=-0.009 | g r=0.076 f=0.100 p=1.089(0.001) max=3.116 | Ld=-0.0804 base=-0.0912 r1=0.00958 path=0.00113 cap=0.000109 | Lg=+1.3354 | 27s | curv=+0.177 wide=+0.376 gfmed=0.058
 1820 hold m=8 hq=0.960 PASS | Dr=+0.149/+3.640 |Dr|max=3.640 Df=+0.007 | g r=0.083 f=0.108 p=1.059(0.002) max=3.173 | Ld=-0.1566 base=-0.175 r1=0.0123 path=0.00274 cap=0.00317 | Lg=+1.3234 | 27s | curv=+0.098 wide=+0.296 gfmed=0.060
 1830 hold m=8 hq=0.959 PASS | Dr=+0.394/+3.914 |Dr|max=3.914 Df=+0.265 | g r=0.086 f=0.110 p=0.972(0.001) max=3.016 | Ld=-0.0757 base=-0.115 r1=0.0135 path=0.0258 cap=3.56e-05 | Lg=+1.3080 | 27s | curv=+0.437 wide=+0.645 gfmed=0.071
 1840 hold m=8 hq=0.928 PASS | Dr=+0.389/+4.181 |Dr|max=4.181 Df=+0.270 | g r=0.116 f=0.139 p=1.035(0.001) max=3.272 | Ld=+0.0740 base=-0.0197 r1=0.0547 path=0.0349 cap=0.00416 | Lg=+1.3299 | 27s | curv=+0.468 wide=+0.665 gfmed=0.089
 1850 hold m=8 hq=0.947 PASS | Dr=+0.425/+4.919 |Dr|max=4.919 Df=+0.300 | g r=0.123 f=0.152 p=1.105(0.003) max=3.196 | Ld=-0.0930 base=-0.141 r1=0.024 path=0.0236 cap=0.000281 | Lg=+1.5221 | 28s | curv=+0.2 wide=+0.437 gfmed=0.103
 1860 hold m=8 hq=0.959 PASS | Dr=+0.370/+4.394 |Dr|max=4.394 Df=+0.243 | g r=0.076 f=0.096 p=1.055(0.002) max=3.157 | Ld=-0.0759 base=-0.0914 r1=0.0139 path=0.00126 cap=0.000287 | Lg=+1.3966 | 28s | curv=+0.31 wide=+0.538 gfmed=0.047
 1870 hold m=8 hq=0.891 fail | Dr=+0.279/+3.910 |Dr|max=3.910 Df=+0.180 | g r=0.157 f=0.187 p=0.994(0.007) max=3.823 | Ld=+0.0837 base=0.0183 r1=0.0322 path=0.0102 cap=0.023 | Lg=+1.3951 | 28s | curv=+0.427 wide=+0.632 gfmed=0.139
 1880 hold m=8 hq=0.941 PASS | Dr=+0.279/+4.074 |Dr|max=4.074 Df=+0.165 | g r=0.127 f=0.148 p=1.073(0.007) max=3.184 | Ld=-0.0722 base=-0.114 r1=0.033 path=0.00369 cap=0.00497 | Lg=+1.3631 | 28s | curv=+0.0989 wide=+0.305 gfmed=0.107
 1890 hold m=8 hq=0.963 PASS | Dr=+0.366/+4.147 |Dr|max=4.147 Df=+0.233 | g r=0.102 f=0.133 p=0.995(0.007) max=3.024 | Ld=-0.0922 base=-0.112 r1=0.0186 path=0.000953 | Lg=+1.3104 | 29s | curv=+0.465 wide=+0.621 gfmed=0.070
 1900 hold m=8 hq=0.907 PASS | Dr=+0.196/+4.138 |Dr|max=4.138 Df=+0.078 | g r=0.133 f=0.150 p=1.034(0.002) max=3.530 | Ld=-0.0353 base=-0.0777 r1=0.024 path=0.0176 cap=0.000788 | Lg=+1.3347 | 29s | curv=+0.205 wide=+0.369 gfmed=0.097
 1910 hold m=8 hq=0.908 PASS | Dr=+0.088/+4.415 |Dr|max=4.415 Df=-0.030 | g r=0.093 f=0.133 p=1.096(0.002) max=3.468 | Ld=-0.1300 base=-0.15 r1=0.0133 path=0.00449 cap=0.00249 | Lg=+1.5410 | 29s | curv=+0.255 wide=+0.487 gfmed=0.076
 1920 hold m=8 hq=0.915 PASS | Dr=+0.578/+5.442 |Dr|max=5.442 Df=+0.473 | g r=0.098 f=0.128 p=1.159(0.001) max=3.597 | Ld=-0.1174 base=-0.146 r1=0.0215 path=0.00629 cap=0.000906 | Lg=+1.6621 | 29s | curv=+0.0327 wide=+0.254 gfmed=0.078
 1930 hold m=8 hq=0.968 PASS | Dr=+0.318/+4.793 |Dr|max=4.793 Df=+0.209 | g r=0.089 f=0.106 p=1.080(0.000) max=3.084 | Ld=-0.0389 base=-0.0544 r1=0.0086 path=0.00554 cap=0.00142 | Lg=+1.4463 | 29s | curv=+0.29 wide=+0.497 gfmed=0.062
 1940 hold m=8 hq=0.962 PASS | Dr=+0.145/+3.658 |Dr|max=3.658 Df=+0.050 | g r=0.080 f=0.098 p=0.955(0.003) max=4.039 | Ld=-0.0035 base=-0.0302 r1=0.0223 path=0.00435 | Lg=+1.2138 | 29s | curv=+0.205 wide=+0.42 gfmed=0.058
 1950 hold m=8 hq=0.960 PASS | Dr=+0.335/+5.227 |Dr|max=5.227 Df=+0.213 | g r=0.142 f=0.153 p=1.196(0.001) max=3.486 | Ld=-0.1630 base=-0.204 r1=0.023 path=0.0178 cap=0.00044 | Lg=+1.6364 | 29s | curv=+0.334 wide=+0.54 gfmed=0.098
 1960 hold m=8 hq=0.946 PASS | Dr=+0.488/+5.218 |Dr|max=5.218 Df=+0.365 | g r=0.120 f=0.138 p=1.184(0.004) max=3.585 | Ld=-0.1180 base=-0.146 r1=0.0168 path=0.0103 cap=0.00141 | Lg=+1.6217 | 30s | curv=+0.716 wide=+0.854 gfmed=0.101
 1970 hold m=8 hq=0.961 PASS | Dr=+0.269/+4.783 |Dr|max=4.783 Df=+0.147 | g r=0.082 f=0.106 p=1.114(0.001) max=3.467 | Ld=-0.0951 base=-0.113 r1=0.0158 path=0.00221 cap=0.000271 | Lg=+1.5518 | 30s | curv=+0.144 wide=+0.374 gfmed=0.062
 1980 hold m=8 hq=0.963 PASS | Dr=+0.327/+3.446 |Dr|max=3.446 Df=+0.238 | g r=0.071 f=0.087 p=0.891(0.001) max=3.135 | Ld=+0.0234 base=-0.00303 r1=0.0125 path=0.014 | Lg=+1.1127 | 30s | curv=+0.343 wide=+0.504 gfmed=0.056
 1990 hold m=8 hq=0.959 PASS | Dr=+0.302/+3.831 |Dr|max=3.831 Df=+0.218 | g r=0.109 f=0.126 p=0.938(0.005) max=3.217 | Ld=-0.0363 base=-0.0577 r1=0.016 path=0.00499 cap=0.000402 | Lg=+1.1676 | 30s | curv=+0.153 wide=+0.305 gfmed=0.101
 2000 hold m=8 hq=0.952 PASS | Dr=+0.352/+3.687 |Dr|max=3.687 Df=+0.273 | g r=0.112 f=0.134 p=0.892(0.001) max=3.057 | Ld=-0.0046 base=-0.0407 r1=0.0325 path=0.00353 cap=8.82e-05 | Lg=+1.2064 | 30s | curv=+0.393 wide=+0.542 gfmed=0.073
 2010 hold m=8 hq=0.950 PASS | Dr=+0.496/+4.597 |Dr|max=4.597 Df=+0.407 | g r=0.073 f=0.098 p=1.052(0.003) max=3.497 | Ld=-0.0830 base=-0.112 r1=0.0117 path=0.0166 cap=0.000279 | Lg=+1.4830 | 30s | curv=+0.178 wide=+0.384 gfmed=0.066
 2020 hold m=8 hq=0.959 PASS | Dr=+0.324/+4.419 |Dr|max=4.419 Df=+0.238 | g r=0.084 f=0.105 p=0.957(0.004) max=3.393 | Ld=+0.0217 base=-0.00788 r1=0.0174 path=0.0117 cap=0.000438 | Lg=+1.3808 | 30s | curv=+0.242 wide=+0.447 gfmed=0.080
 2030 hold m=8 hq=0.968 PASS | Dr=+0.270/+4.798 |Dr|max=4.798 Df=+0.188 | g r=0.098 f=0.128 p=1.085(0.003) max=3.579 | Ld=-0.0500 base=-0.0903 r1=0.022 path=0.0176 cap=0.000644 | Lg=+1.5803 | 30s | curv=+0.482 wide=+0.704 gfmed=0.080
 2040 hold m=8 hq=0.953 PASS | Dr=+0.325/+3.119 |Dr|max=3.119 Df=+0.262 | g r=0.113 f=0.139 p=0.922(0.000) max=3.496 | Ld=-0.0133 base=-0.0402 r1=0.0119 path=0.0151 cap=2.07e-05 | Lg=+1.1969 | 30s | curv=+0.188 wide=+0.377 gfmed=0.088
 2050 hold m=8 hq=0.954 PASS | Dr=+0.433/+3.769 |Dr|max=3.769 Df=+0.354 | g r=0.117 f=0.128 p=0.919(0.001) max=3.156 | Ld=+0.0415 base=0.011 r1=0.0176 path=0.00908 cap=0.00377 | Lg=+1.1204 | 30s | curv=+0.258 wide=+0.443 gfmed=0.094
 2060 hold m=8 hq=0.946 PASS | Dr=+0.353/+3.545 |Dr|max=3.545 Df=+0.266 | g r=0.103 f=0.130 p=0.977(0.006) max=3.478 | Ld=-0.0285 base=-0.0414 r1=0.0105 path=0.00229 cap=4.16e-05 | Lg=+1.2321 | 30s | curv=+0.189 wide=+0.366 gfmed=0.089
 2070 hold m=8 hq=0.934 PASS | Dr=+0.571/+4.243 |Dr|max=4.243 Df=+0.488 | g r=0.174 f=0.181 p=0.999(0.014) max=3.045 | Ld=+0.0288 base=-0.0478 r1=0.0514 path=0.022 cap=0.00325 | Lg=+1.1312 | 31s | curv=+0.0658 wide=+0.229 gfmed=0.139
 2080 hold m=8 hq=0.958 PASS | Dr=+0.449/+4.580 |Dr|max=4.580 Df=+0.347 | g r=0.070 f=0.090 p=1.022(0.003) max=3.085 | Ld=-0.1626 base=-0.176 r1=0.00821 path=0.00564 | Lg=+1.3708 | 31s | curv=+0.0046 wide=+0.197 gfmed=0.060
 2090 hold m=8 hq=0.946 PASS | Dr=+0.101/+2.680 |Dr|max=2.680 Df=-0.009 | g r=0.091 f=0.119 p=0.994(0.004) max=3.300 | Ld=-0.0430 base=-0.0535 r1=0.00905 path=0.00143 | Lg=+1.3313 | 31s | curv=+0.0133 wide=+0.154 gfmed=0.087
 2100 hold m=8 hq=0.953 PASS | Dr=+0.031/+2.410 |Dr|max=2.410 Df=-0.055 | g r=0.064 f=0.089 p=0.874(0.002) max=3.499 | Ld=+0.0299 base=0.0141 r1=0.0126 path=0.00263 cap=0.000613 | Lg=+1.0411 | 31s | curv=+0.185 wide=+0.347 gfmed=0.065
 2110 hold m=8 hq=0.945 PASS | Dr=+0.332/+4.713 |Dr|max=4.713 Df=+0.240 | g r=0.107 f=0.140 p=1.117(0.002) max=3.199 | Ld=-0.0963 base=-0.108 r1=0.00825 path=0.00337 cap=2.51e-05 | Lg=+1.4868 | 31s | curv=+0.151 wide=+0.336 gfmed=0.096
 2120 hold m=8 hq=0.949 PASS | Dr=+0.254/+3.542 |Dr|max=3.542 Df=+0.169 | g r=0.099 f=0.118 p=1.040(0.004) max=3.759 | Ld=-0.1428 base=-0.164 r1=0.015 path=0.00573 cap=0.000193 | Lg=+1.2081 | 31s | curv=-0.0177 wide=+0.123 gfmed=0.084
 2130 hold m=8 hq=0.938 PASS | Dr=+0.148/+2.730 |Dr|max=2.730 Df=+0.037 | g r=0.066 f=0.075 p=0.904(0.004) max=2.975 | Ld=+0.0133 base=0.00129 r1=0.00639 path=0.000882 cap=0.00477 | Lg=+1.1244 | 31s | curv=+0.191 wide=+0.297 gfmed=0.053
 2140 hold m=8 hq=0.961 PASS | Dr=+0.172/+3.581 |Dr|max=3.581 Df=+0.060 | g r=0.097 f=0.114 p=0.940(0.001) max=3.312 | Ld=-0.0344 base=-0.0535 r1=0.0162 path=0.00293 | Lg=+1.2295 | 31s | curv=+0.18 wide=+0.315 gfmed=0.086
 2150 hold m=8 hq=0.938 PASS | Dr=-0.138/+3.203 |Dr|max=3.203 Df=-0.218 | g r=0.128 f=0.174 p=0.901(0.002) max=3.166 | Ld=-0.0050 base=-0.0714 r1=0.0144 path=0.0122 cap=0.0398 | Lg=+1.1312 | 31s | curv=-0.108 wide=+0.101 gfmed=0.127
 2160 hold m=8 hq=0.964 PASS | Dr=-0.061/+3.938 |Dr|max=3.938 Df=-0.139 | g r=0.078 f=0.104 p=1.021(0.002) max=3.367 | Ld=-0.0908 base=-0.103 r1=0.00852 path=0.00316 cap=0.000617 | Lg=+1.3432 | 31s | curv=+0.398 wide=+0.556 gfmed=0.059
 2170 hold m=8 hq=0.942 PASS | Dr=+0.197/+4.773 |Dr|max=4.773 Df=+0.113 | g r=0.103 f=0.135 p=1.028(0.002) max=3.578 | Ld=-0.0627 base=-0.0829 r1=0.00861 path=0.00323 cap=0.00837 | Lg=+1.4851 | 31s | curv=+0.142 wide=+0.355 gfmed=0.081
 2180 hold m=8 hq=0.960 PASS | Dr=+0.002/+3.493 |Dr|max=3.493 Df=-0.066 | g r=0.112 f=0.130 p=0.889(0.001) max=2.779 | Ld=+0.1428 base=0.0681 r1=0.0438 path=0.0308 cap=1.29e-05 | Lg=+1.1933 | 32s | curv=+0.146 wide=+0.298 gfmed=0.080
 2190 hold m=8 hq=0.845 fail | Dr=+0.233/+4.400 |Dr|max=4.400 Df=+0.159 | g r=0.151 f=0.213 p=1.045(0.004) max=3.493 | Ld=-0.0564 base=-0.0896 r1=0.0267 path=0.00535 cap=0.00114 | Lg=+1.4083 | 32s | curv=+0.42 wide=+0.6 gfmed=0.141
 2200 hold m=3 hq=0.146 fail | Dr=+0.651/+4.511 |Dr|max=4.511 Df=+0.340 | g r=0.210 f=0.899 p=1.228(0.007) max=3.852 | Ld=+0.9093 base=-0.122 r1=0.0386 path=0.956 cap=0.0365 | Lg=+1.3374 | 32s | curv=+1.31 wide=+1.54 gfmed=0.671
 2210 hold m=5 hq=0.107 fail | Dr=+0.660/+2.276 |Dr|max=2.276 Df=+0.323 | g r=0.155 f=0.969 p=1.114(0.004) max=3.396 | Ld=-0.1354 base=-0.229 r1=0.0529 path=0.0375 cap=0.00301 | Lg=+1.1312 | 32s | curv=+1.42 wide=+1.78 gfmed=1.005
 2220 hold m=5 hq=0.069 fail | Dr=-0.071/+1.644 |Dr|max=2.334 Df=-1.018 | g r=0.308 f=1.232 p=1.513(0.008) max=4.822 | Ld=-0.1482 base=-0.546 r1=0.0804 path=0.313 cap=0.00473 | Lg=+1.6591 | 32s | curv=+2.52 wide=+3.1 gfmed=1.089
 2230 hold m=1 hq=0.005 fail | Dr=-0.943/+0.074 |Dr|max=2.660 Df=-1.854 | g r=0.240 f=1.525 p=1.421(0.003) max=3.807 | Ld=-0.9156 base=-1.04 r1=0.101 path=0.011 cap=0.0152 | Lg=+1.5636 | 32s | curv=+2.44 wide=+3.1 gfmed=1.501
 2240 hold m=6 hq=0.070 fail | Dr=-1.038/+0.066 |Dr|max=2.259 Df=-1.635 | g r=0.245 f=1.696 p=1.380(0.007) max=4.843 | Ld=-0.6966 base=-0.812 r1=0.105 path=0.000223 cap=0.0108 | Lg=+1.3734 | 32s | curv=+2.23 wide=+3.03 gfmed=1.746
 2250 hold m=6 hq=0.080 fail | Dr=-1.159/-0.165 |Dr|max=2.475 Df=-1.873 | g r=0.214 f=1.377 p=1.364(0.002) max=3.853 | Ld=-0.5585 base=-0.688 r1=0.109 path=0.00861 cap=0.0116 | Lg=+1.2765 | 32s | curv=+2.06 wide=+2.86 gfmed=1.357
 2260 hold m=5 hq=0.089 fail | Dr=-1.407/-0.584 |Dr|max=2.116 Df=-2.227 | g r=0.206 f=1.705 p=1.391(0.013) max=4.271 | Ld=-0.6038 base=-0.748 r1=0.135 path=0.00199 cap=0.00649 | Lg=+1.3689 | 32s | curv=+1.8 wide=+2.64 gfmed=1.666
 2270 hold m=7 hq=0.257 fail | Dr=-1.160/-0.100 |Dr|max=2.197 Df=-1.658 | g r=0.216 f=1.412 p=1.375(0.017) max=4.016 | Ld=-0.3315 base=-0.455 r1=0.0892 path=0.00084 cap=0.0332 | Lg=+1.0672 | 32s | curv=+1.98 wide=+2.74 gfmed=1.437
 2280 hold m=3 hq=0.037 fail | Dr=-0.345/+0.949 |Dr|max=2.019 Df=-1.741 | g r=0.261 f=1.421 p=1.558(0.006) max=3.779 | Ld=-0.9640 base=-1.09 r1=0.106 path=0.000148 cap=0.0232 | Lg=+1.6637 | 33s | curv=+2.33 wide=+3.04 gfmed=1.244
 2290 hold m=6 hq=0.090 fail | Dr=-0.661/+0.203 |Dr|max=1.603 Df=-1.512 | g r=0.240 f=1.729 p=1.479(0.006) max=4.147 | Ld=-0.6333 base=-0.733 r1=0.0899 path=0.000209 cap=0.00956 | Lg=+1.2690 | 33s | curv=+2 wide=+2.75 gfmed=1.841
 2300 hold m=7 hq=0.222 fail | Dr=-0.635/-0.086 |Dr|max=1.362 Df=-1.132 | g r=0.206 f=1.555 p=1.398(0.007) max=4.044 | Ld=-0.5744 base=-0.743 r1=0.112 path=0.00129 cap=0.056 | Lg=+1.1830 | 33s | curv=+1.62 wide=+2.31 gfmed=1.650
 2310 hold m=6 hq=0.276 fail | Dr=-0.594/+0.035 |Dr|max=1.488 Df=-0.968 | g r=0.382 f=1.451 p=1.445(0.004) max=4.031 | Ld=-0.3433 base=-0.571 r1=0.14 path=0.00146 cap=0.0867 | Lg=+1.0956 | 33s | curv=+3.01 wide=+3.45 gfmed=1.548
 2320 hold m=6 hq=0.033 fail | Dr=-0.536/+0.013 |Dr|max=1.120 Df=-1.374 | g r=0.186 f=1.739 p=1.463(0.014) max=4.176 | Ld=-0.3398 base=-0.441 r1=0.094 path=0.000229 cap=0.00746 | Lg=+1.0250 | 33s | curv=+1.52 wide=+2.36 gfmed=1.813
 2330 hold m=6 hq=0.189 fail | Dr=-0.540/-0.012 |Dr|max=1.655 Df=-1.035 | g r=0.285 f=1.567 p=1.372(0.013) max=3.304 | Ld=-0.2124 base=-0.318 r1=0.0907 path=0.00162 cap=0.0132 | Lg=+1.0103 | 33s | curv=+1.98 wide=+2.69 gfmed=1.670
 2340 hold m=4 hq=0.201 fail | Dr=-0.583/+0.088 |Dr|max=1.692 Df=-1.182 | g r=0.194 f=1.613 p=1.345(0.008) max=3.623 | Ld=-0.2652 base=-0.358 r1=0.0699 path=0.000755 cap=0.0222 | Lg=+1.0099 | 33s | curv=+1.7 wide=+2.49 gfmed=1.627
 2350 hold m=6 hq=0.153 fail | Dr=-0.531/+0.547 |Dr|max=1.808 Df=-1.112 | g r=0.254 f=1.901 p=1.414(0.008) max=3.991 | Ld=-0.3343 base=-0.452 r1=0.0894 path=0.0031 cap=0.0252 | Lg=+1.1372 | 33s | curv=+2.19 wide=+2.94 gfmed=2.214
 2360 hold m=7 hq=0.364 fail | Dr=-0.655/+0.266 |Dr|max=1.643 Df=-1.061 | g r=0.159 f=1.372 p=1.224(0.004) max=3.528 | Ld=-0.2499 base=-0.317 r1=0.0569 path=0.00123 cap=0.00878 | Lg=+0.9782 | 33s | curv=+1.49 wide=+2.2 gfmed=1.355
 2370 hold m=8 hq=0.833 fail | Dr=-0.632/+0.303 |Dr|max=1.987 Df=-0.744 | g r=0.190 f=0.415 p=1.127(0.003) max=3.544 | Ld=-0.0184 base=-0.0852 r1=0.0643 path=0.00124 cap=0.00124 | Lg=+0.8587 | 33s | curv=+1.08 wide=+1.77 gfmed=0.201
 2380 hold m=8 hq=0.861 fail | Dr=-0.935/+1.254 |Dr|max=2.902 Df=-1.068 | g r=0.124 f=0.272 p=0.992(0.004) max=3.402 | Ld=-0.0420 base=-0.0867 r1=0.0383 path=0.00513 cap=0.00121 | Lg=+1.1535 | 34s | curv=+0.637 wide=+1.19 gfmed=0.120
 2390 hold m=8 hq=0.877 fail | Dr=-0.688/+1.062 |Dr|max=1.938 Df=-0.767 | g r=0.146 f=0.272 p=0.986(0.008) max=3.066 | Ld=+0.0128 base=-0.058 r1=0.0364 path=0.034 cap=0.000449 | Lg=+0.9430 | 34s | curv=+0.837 wide=+1.42 gfmed=0.150
 2400 hold m=8 hq=0.906 PASS | Dr=-0.644/+1.341 |Dr|max=2.380 Df=-0.734 | g r=0.139 f=0.235 p=0.952(0.002) max=3.621 | Ld=-0.0391 base=-0.0785 r1=0.0377 path=0.00168 cap=8.54e-05 | Lg=+1.0217 | 34s | curv=+0.362 wide=+0.925 gfmed=0.155
# shift (1,0) after 2400; frozen copy on new target: m=0 hq=0.000
 2410 post m=6 hq=0.226 fail | Dr=-0.179/+0.879 |Dr|max=1.168 Df=-0.289 | g r=0.317 f=0.444 p=0.770(0.016) max=3.066 | Ld=+0.3906 base=-0.0572 r1=0.191 path=0.257 cap=3.66e-05 | Lg=+0.8176 | 34s | curv=+0.837 wide=+1.12 gfmed=0.399
 2420 post m=7 hq=0.294 fail | Dr=-0.185/+0.831 |Dr|max=1.074 Df=-0.361 | g r=0.177 f=0.458 p=0.742(0.005) max=3.409 | Ld=-0.1190 base=-0.205 r1=0.0555 path=0.0303 | Lg=+0.8919 | 34s | curv=+1 wide=+1.28 gfmed=0.277
 2430 post m=8 hq=0.733 fail | Dr=-0.094/+0.685 |Dr|max=0.890 Df=-0.149 | g r=0.113 f=0.262 p=0.662(0.002) max=3.098 | Ld=-0.0183 base=-0.0734 r1=0.0323 path=0.0229 | Lg=+0.7769 | 35s | curv=+0.805 wide=+1.1 gfmed=0.097
 2440 post m=7 hq=0.436 fail | Dr=-0.024/+0.723 |Dr|max=1.177 Df=-0.220 | g r=0.171 f=0.546 p=0.728(0.003) max=2.991 | Ld=-0.0141 base=-0.0602 r1=0.0335 path=0.0126 | Lg=+0.8222 | 35s | curv=+0.961 wide=+1.2 gfmed=0.374
 2450 post m=8 hq=0.742 fail | Dr=-0.238/+1.362 |Dr|max=1.815 Df=-0.349 | g r=0.152 f=0.344 p=0.705(0.008) max=3.224 | Ld=-0.0593 base=-0.116 r1=0.0445 path=0.0106 cap=0.00113 | Lg=+0.9308 | 35s | curv=+0.77 wide=+1.04 gfmed=0.141
 2460 post m=8 hq=0.869 fail | Dr=-0.456/+1.839 |Dr|max=2.348 Df=-0.562 | g r=0.172 f=0.236 p=0.736(0.001) max=3.258 | Ld=+0.0111 base=-0.0385 r1=0.0368 path=0.0099 cap=0.00296 | Lg=+1.0446 | 35s | curv=+0.131 wide=+0.457 gfmed=0.162
 2470 post m=8 hq=0.890 fail | Dr=-0.443/+2.092 |Dr|max=2.562 Df=-0.564 | g r=0.148 f=0.203 p=0.774(0.004) max=3.435 | Ld=-0.0566 base=-0.0951 r1=0.0299 path=0.00856 cap=3.75e-05 | Lg=+1.0583 | 35s | curv=+0.899 wide=+1.19 gfmed=0.110
 2480 post m=8 hq=0.823 fail | Dr=-0.502/+2.703 |Dr|max=3.133 Df=-0.641 | g r=0.120 f=0.178 p=0.802(0.002) max=3.339 | Ld=-0.0965 base=-0.171 r1=0.0665 path=0.00797 cap=0.000181 | Lg=+1.3059 | 36s | curv=+0.658 wide=+0.88 gfmed=0.097
 2490 post m=8 hq=0.666 fail | Dr=-0.097/+2.723 |Dr|max=2.723 Df=-0.237 | g r=0.175 f=0.444 p=0.839(0.009) max=3.323 | Ld=-0.0177 base=-0.0983 r1=0.0292 path=0.0514 | Lg=+1.1931 | 36s | curv=+1 wide=+1.32 gfmed=0.276
 2500 post m=7 hq=0.338 fail | Dr=+0.071/+2.257 |Dr|max=2.257 Df=-0.180 | g r=0.142 f=0.757 p=0.928(0.002) max=3.257 | Ld=-0.0831 base=-0.126 r1=0.0372 path=0.00442 cap=0.000841 | Lg=+1.0206 | 36s | curv=+1.07 wide=+1.43 gfmed=0.548
 2510 post m=8 hq=0.586 fail | Dr=+0.065/+1.527 |Dr|max=1.527 Df=-0.092 | g r=0.153 f=0.498 p=0.934(0.007) max=3.079 | Ld=-0.1586 base=-0.232 r1=0.0614 path=0.00195 cap=0.0102 | Lg=+0.9431 | 36s | curv=+1.29 wide=+1.76 gfmed=0.205
 2520 post m=6 hq=0.402 fail | Dr=+0.373/+1.610 |Dr|max=1.610 Df=+0.140 | g r=0.189 f=1.213 p=1.115(0.003) max=3.639 | Ld=-0.1335 base=-0.21 r1=0.0711 path=0.00517 | Lg=+0.9832 | 36s | curv=+1.58 wide=+1.97 gfmed=0.889
 2530 post m=7 hq=0.439 fail | Dr=+0.232/+1.293 |Dr|max=1.293 Df=-0.060 | g r=0.150 f=0.728 p=0.973(0.008) max=3.295 | Ld=-0.1757 base=-0.258 r1=0.0676 path=0.00208 cap=0.013 | Lg=+0.9776 | 37s | curv=+1.38 wide=+1.85 gfmed=0.612
 2540 post m=7 hq=0.696 fail | Dr=+0.428/+2.836 |Dr|max=2.836 Df=+0.091 | g r=0.163 f=0.438 p=0.971(0.002) max=3.484 | Ld=-0.3321 base=-0.373 r1=0.0342 path=0.000994 cap=0.00618 | Lg=+1.2311 | 37s | curv=+0.882 wide=+1.34 gfmed=0.219
 2550 post m=7 hq=0.654 fail | Dr=+0.416/+3.015 |Dr|max=3.015 Df=-0.008 | g r=0.182 f=0.446 p=1.036(0.003) max=3.886 | Ld=-0.3627 base=-0.427 r1=0.0456 path=0.0139 cap=0.0044 | Lg=+1.3110 | 37s | curv=+1.35 wide=+1.78 gfmed=0.188
 2560 post m=5 hq=0.389 fail | Dr=+0.069/+1.081 |Dr|max=1.081 Df=-0.266 | g r=0.169 f=0.870 p=1.007(0.004) max=3.116 | Ld=-0.0505 base=-0.135 r1=0.0629 path=0.0218 cap=0.000171 | Lg=+0.8978 | 37s | curv=+0.848 wide=+1.43 gfmed=0.756
 2570 post m=5 hq=0.491 fail | Dr=+0.235/+1.861 |Dr|max=1.861 Df=-0.033 | g r=0.172 f=0.755 p=0.982(0.005) max=3.434 | Ld=-0.0834 base=-0.136 r1=0.0488 path=0.000854 cap=0.00296 | Lg=+0.9509 | 37s | curv=+1.03 wide=+1.51 gfmed=0.423
 2580 post m=7 hq=0.532 fail | Dr=+0.233/+1.625 |Dr|max=1.625 Df=+0.131 | g r=0.159 f=0.661 p=0.982(0.004) max=3.533 | Ld=-0.0980 base=-0.163 r1=0.0557 path=0.00733 cap=0.0023 | Lg=+0.9180 | 38s | curv=+1.07 wide=+1.59 gfmed=0.277
 2590 post m=8 hq=0.554 fail | Dr=+0.218/+1.840 |Dr|max=1.840 Df=+0.048 | g r=0.165 f=0.674 p=1.021(0.000) max=3.655 | Ld=-0.1819 base=-0.249 r1=0.0621 path=0.00437 cap=0.000288 | Lg=+1.0474 | 38s | curv=+0.557 wide=+1.08 gfmed=0.287
 2600 post m=8 hq=0.800 fail | Dr=+0.408/+2.124 |Dr|max=2.124 Df=+0.353 | g r=0.188 f=0.414 p=0.959(0.009) max=3.489 | Ld=-0.0174 base=-0.0812 r1=0.0459 path=0.0074 cap=0.0105 | Lg=+1.0336 | 38s | curv=+0.243 wide=+0.706 gfmed=0.197
 2610 post m=8 hq=0.830 fail | Dr=+0.252/+2.130 |Dr|max=2.130 Df=+0.184 | g r=0.131 f=0.343 p=0.929(0.005) max=3.621 | Ld=-0.0918 base=-0.163 r1=0.0416 path=0.03 cap=1.32e-06 | Lg=+1.0899 | 38s | curv=+0.218 wide=+0.644 gfmed=0.134
 2620 post m=8 hq=0.865 fail | Dr=-0.063/+1.762 |Dr|max=1.762 Df=-0.127 | g r=0.143 f=0.300 p=0.790(0.002) max=3.473 | Ld=-0.1119 base=-0.164 r1=0.0295 path=0.0226 | Lg=+0.9815 | 38s | curv=+0.65 wide=+1.01 gfmed=0.140
 2630 post m=8 hq=0.856 fail | Dr=-0.041/+2.042 |Dr|max=2.042 Df=-0.101 | g r=0.144 f=0.255 p=0.857(0.001) max=3.440 | Ld=-0.0730 base=-0.139 r1=0.0382 path=0.0273 cap=0.000258 | Lg=+1.0674 | 39s | curv=+0.537 wide=+0.935 gfmed=0.132
 2640 post m=8 hq=0.896 fail | Dr=-0.551/+2.455 |Dr|max=2.455 Df=-0.632 | g r=0.115 f=0.234 p=0.856(0.003) max=3.448 | Ld=-0.0820 base=-0.122 r1=0.0255 path=0.0143 cap=7.55e-07 | Lg=+1.0959 | 39s | curv=+0.55 wide=+0.852 gfmed=0.091
 2650 post m=8 hq=0.919 PASS | Dr=-0.518/+2.347 |Dr|max=2.347 Df=-0.588 | g r=0.116 f=0.170 p=0.834(0.002) max=3.411 | Ld=-0.1539 base=-0.186 r1=0.0171 path=0.0131 cap=0.00141 | Lg=+1.1223 | 39s | curv=+0.46 wide=+0.7 gfmed=0.112
 2660 post m=8 hq=0.939 PASS | Dr=-0.577/+1.335 |Dr|max=2.005 Df=-0.619 | g r=0.107 f=0.139 p=0.741(0.002) max=3.210 | Ld=-0.0051 base=-0.0428 r1=0.0297 path=0.00662 cap=0.0014 | Lg=+0.9365 | 39s | curv=+0.125 wide=+0.33 gfmed=0.088
 2670 post m=8 hq=0.932 PASS | Dr=-0.821/+1.404 |Dr|max=2.586 Df=-0.881 | g r=0.177 f=0.198 p=0.798(0.003) max=3.277 | Ld=-0.0411 base=-0.112 r1=0.0446 path=0.0209 cap=0.00575 | Lg=+1.0430 | 40s | curv=+0.126 wide=+0.425 gfmed=0.159
 2680 post m=8 hq=0.932 PASS | Dr=-0.698/+2.796 |Dr|max=2.796 Df=-0.779 | g r=0.140 f=0.153 p=0.834(0.001) max=3.488 | Ld=-0.1040 base=-0.158 r1=0.0434 path=0.00278 cap=0.00773 | Lg=+1.2240 | 40s | curv=+0.0365 wide=+0.337 gfmed=0.113
 2690 post m=8 hq=0.949 PASS | Dr=-0.492/+2.948 |Dr|max=2.948 Df=-0.556 | g r=0.095 f=0.110 p=0.848(0.002) max=3.471 | Ld=-0.1006 base=-0.12 r1=0.0144 path=0.00468 cap=0.000307 | Lg=+1.2265 | 40s | curv=+0.365 wide=+0.643 gfmed=0.075
 2700 post m=8 hq=0.924 PASS | Dr=-0.550/+2.451 |Dr|max=3.397 Df=-0.604 | g r=0.155 f=0.172 p=0.925(0.008) max=3.568 | Ld=-0.0876 base=-0.119 r1=0.026 path=0.00318 cap=0.00194 | Lg=+1.3060 | 40s | curv=+0.508 wide=+0.757 gfmed=0.127
 2710 post m=8 hq=0.971 PASS | Dr=-0.731/+2.442 |Dr|max=3.436 Df=-0.792 | g r=0.102 f=0.108 p=0.899(0.002) max=3.428 | Ld=-0.0591 base=-0.0905 r1=0.017 path=0.0136 cap=0.000884 | Lg=+1.2989 | 40s | curv=+0.0372 wide=+0.32 gfmed=0.088
 2720 post m=8 hq=0.951 PASS | Dr=-1.156/+1.973 |Dr|max=4.009 Df=-1.221 | g r=0.142 f=0.145 p=0.923(0.004) max=3.372 | Ld=-0.0735 base=-0.102 r1=0.0244 path=0.00385 cap=0.000611 | Lg=+1.3195 | 41s | curv=-0.0919 wide=+0.124 gfmed=0.115
 2730 post m=8 hq=0.943 PASS | Dr=-0.774/+1.650 |Dr|max=2.787 Df=-0.808 | g r=0.110 f=0.127 p=0.783(0.004) max=3.039 | Ld=+0.0607 base=0.0227 r1=0.0257 path=0.0122 cap=0.000127 | Lg=+1.0148 | 41s | curv=+0.0845 wide=+0.315 gfmed=0.095
 2740 post m=8 hq=0.893 fail | Dr=-1.195/+1.877 |Dr|max=3.883 Df=-1.243 | g r=0.180 f=0.158 p=0.951(0.004) max=3.397 | Ld=-0.0822 base=-0.115 r1=0.03 path=0.00321 cap=4.92e-05 | Lg=+1.2899 | 41s | curv=+0.302 wide=+0.48 gfmed=0.144
 2750 post m=8 hq=0.959 PASS | Dr=-0.560/+3.184 |Dr|max=3.752 Df=-0.579 | g r=0.116 f=0.118 p=1.022(0.006) max=3.357 | Ld=-0.0984 base=-0.143 r1=0.0323 path=0.0126 | Lg=+1.3981 | 41s | curv=+0.368 wide=+0.569 gfmed=0.098
 2760 post m=8 hq=0.917 PASS | Dr=-0.735/+1.804 |Dr|max=2.604 Df=-0.772 | g r=0.181 f=0.235 p=0.844(0.003) max=3.406 | Ld=-0.0581 base=-0.156 r1=0.0391 path=0.0375 cap=0.021 | Lg=+1.1224 | 41s | curv=+0.239 wide=+0.378 gfmed=0.132
 2770 post m=8 hq=0.906 PASS | Dr=-0.783/+2.478 |Dr|max=3.200 Df=-0.853 | g r=0.149 f=0.176 p=0.831(0.006) max=2.728 | Ld=+0.0118 base=-0.0371 r1=0.019 path=0.0299 | Lg=+1.2037 | 42s | curv=+0.112 wide=+0.312 gfmed=0.143
 2780 post m=8 hq=0.888 fail | Dr=-0.779/+2.637 |Dr|max=3.675 Df=-0.840 | g r=0.214 f=0.245 p=0.883(0.008) max=2.747 | Ld=+0.0690 base=-0.0182 r1=0.0294 path=0.0189 cap=0.0389 | Lg=+1.2695 | 42s | curv=-0.199 wide=+0.0237 gfmed=0.217
 2790 post m=8 hq=0.928 PASS | Dr=-0.640/+3.375 |Dr|max=3.375 Df=-0.748 | g r=0.191 f=0.204 p=0.968(0.002) max=3.182 | Ld=-0.0149 base=-0.0664 r1=0.0437 path=0.00748 cap=0.000394 | Lg=+1.4823 | 42s | curv=-0.00662 wide=+0.219 gfmed=0.150
 2800 post m=8 hq=0.922 PASS | Dr=-0.379/+2.655 |Dr|max=2.754 Df=-0.434 | g r=0.115 f=0.142 p=0.893(0.002) max=3.611 | Ld=-0.1205 base=-0.17 r1=0.0257 path=0.0221 cap=0.00184 | Lg=+1.3759 | 42s | curv=+0.464 wide=+0.734 gfmed=0.106
 2810 post m=8 hq=0.931 PASS | Dr=-0.567/+2.016 |Dr|max=3.343 Df=-0.604 | g r=0.105 f=0.127 p=0.860(0.004) max=3.323 | Ld=-0.0878 base=-0.115 r1=0.0175 path=0.0101 cap=3.03e-06 | Lg=+1.2510 | 42s | curv=+0.441 wide=+0.625 gfmed=0.079
 2820 post m=8 hq=0.953 PASS | Dr=-0.543/+1.810 |Dr|max=2.458 Df=-0.575 | g r=0.074 f=0.082 p=0.760(0.001) max=2.756 | Ld=+0.0019 base=-0.0148 r1=0.0129 path=0.00362 cap=0.000176 | Lg=+1.0654 | 43s | curv=+0.342 wide=+0.533 gfmed=0.057
 2830 post m=8 hq=0.947 PASS | Dr=-0.798/+1.693 |Dr|max=3.506 Df=-0.808 | g r=0.102 f=0.103 p=0.868(0.004) max=2.916 | Ld=-0.0479 base=-0.0868 r1=0.0269 path=0.012 | Lg=+1.1728 | 43s | curv=+0.256 wide=+0.436 gfmed=0.096
 2840 post m=8 hq=0.926 PASS | Dr=-0.724/+2.395 |Dr|max=3.352 Df=-0.745 | g r=0.150 f=0.142 p=0.989(0.001) max=3.438 | Ld=-0.0961 base=-0.131 r1=0.0321 path=0.00287 cap=7.95e-05 | Lg=+1.3108 | 43s | curv=+0.112 wide=+0.299 gfmed=0.098
 2850 post m=8 hq=0.955 PASS | Dr=-0.963/+2.708 |Dr|max=5.081 Df=-0.969 | g r=0.120 f=0.128 p=1.195(0.002) max=3.530 | Ld=-0.1494 base=-0.184 r1=0.0242 path=0.00979 cap=0.00104 | Lg=+1.6090 | 43s | curv=+0.316 wide=+0.51 gfmed=0.089
 2860 post m=8 hq=0.945 PASS | Dr=-0.671/+2.641 |Dr|max=4.179 Df=-0.689 | g r=0.128 f=0.131 p=1.052(0.003) max=3.155 | Ld=-0.0776 base=-0.153 r1=0.0285 path=0.043 cap=0.00382 | Lg=+1.4250 | 43s | curv=+0.284 wide=+0.473 gfmed=0.119
 2870 post m=8 hq=0.929 PASS | Dr=-1.052/+2.016 |Dr|max=3.862 Df=-1.092 | g r=0.111 f=0.108 p=1.002(0.004) max=3.483 | Ld=-0.0792 base=-0.0954 r1=0.00931 path=0.0069 | Lg=+1.3533 | 43s | curv=+0.187 wide=+0.434 gfmed=0.075
 2880 post m=8 hq=0.954 PASS | Dr=-0.021/+3.858 |Dr|max=3.858 Df=-0.032 | g r=0.134 f=0.126 p=0.995(0.006) max=3.890 | Ld=-0.0357 base=-0.0726 r1=0.023 path=0.013 cap=0.0009 | Lg=+1.3705 | 43s | curv=+0.0102 wide=+0.248 gfmed=0.092
 2890 post m=8 hq=0.946 PASS | Dr=-0.659/+1.406 |Dr|max=2.696 Df=-0.698 | g r=0.136 f=0.154 p=0.883(0.002) max=3.500 | Ld=-0.0599 base=-0.113 r1=0.0292 path=0.0234 cap=0.000521 | Lg=+1.1039 | 43s | curv=-0.0255 wide=+0.205 gfmed=0.100
 2900 post m=8 hq=0.954 PASS | Dr=-0.597/+1.943 |Dr|max=2.125 Df=-0.643 | g r=0.105 f=0.114 p=0.899(0.004) max=3.089 | Ld=-0.0543 base=-0.104 r1=0.0164 path=0.0294 cap=0.00399 | Lg=+1.1150 | 43s | curv=+0.14 wide=+0.374 gfmed=0.073
 2910 post m=8 hq=0.942 PASS | Dr=-0.357/+3.560 |Dr|max=3.560 Df=-0.385 | g r=0.116 f=0.119 p=1.053(0.001) max=3.807 | Ld=-0.1483 base=-0.193 r1=0.0199 path=0.0227 cap=0.00207 | Lg=+1.4684 | 43s | curv=+0.243 wide=+0.453 gfmed=0.104
 2920 post m=8 hq=0.964 PASS | Dr=-0.391/+3.201 |Dr|max=3.393 Df=-0.409 | g r=0.124 f=0.121 p=1.024(0.002) max=3.316 | Ld=-0.1170 base=-0.176 r1=0.0295 path=0.0296 cap=0.000104 | Lg=+1.4163 | 44s | curv=+0.398 wide=+0.598 gfmed=0.109
 2930 post m=8 hq=0.955 PASS | Dr=-0.264/+3.455 |Dr|max=3.455 Df=-0.279 | g r=0.088 f=0.126 p=0.939(0.003) max=3.463 | Ld=-0.0589 base=-0.0944 r1=0.0119 path=0.0233 cap=0.000311 | Lg=+1.2739 | 44s | curv=+0.315 wide=+0.543 gfmed=0.063
 2940 post m=8 hq=0.934 PASS | Dr=-0.423/+2.787 |Dr|max=3.267 Df=-0.430 | g r=0.100 f=0.117 p=0.929(0.002) max=3.271 | Ld=-0.1116 base=-0.126 r1=0.0123 path=0.00199 | Lg=+1.3978 | 44s | curv=+0.226 wide=+0.445 gfmed=0.063
 2950 post m=8 hq=0.843 fail | Dr=-0.909/+3.292 |Dr|max=4.108 Df=-0.956 | g r=0.207 f=0.201 p=0.989(0.002) max=3.515 | Ld=-0.1892 base=-0.267 r1=0.0376 path=0.0277 cap=0.0127 | Lg=+1.6311 | 44s | curv=+0.813 wide=+0.902 gfmed=0.154
 2960 post m=8 hq=0.939 PASS | Dr=-0.802/+3.335 |Dr|max=3.676 Df=-0.870 | g r=0.148 f=0.155 p=0.938(0.002) max=2.982 | Ld=-0.1027 base=-0.169 r1=0.0545 path=0.0114 | Lg=+1.5650 | 44s | curv=+0.777 wide=+0.839 gfmed=0.123
 2970 post m=8 hq=0.970 PASS | Dr=-0.830/+3.607 |Dr|max=3.703 Df=-0.912 | g r=0.098 f=0.112 p=0.924(0.007) max=3.260 | Ld=-0.0291 base=-0.0549 r1=0.0196 path=0.00445 cap=0.00161 | Lg=+1.4824 | 44s | curv=+0.166 wide=+0.339 gfmed=0.089
 2980 post m=8 hq=0.955 PASS | Dr=-0.707/+4.694 |Dr|max=4.694 Df=-0.820 | g r=0.097 f=0.108 p=1.102(0.004) max=3.838 | Ld=-0.1445 base=-0.171 r1=0.0167 path=0.00995 cap=0.000319 | Lg=+1.7959 | 44s | curv=+0.26 wide=+0.458 gfmed=0.079
 2990 post m=8 hq=0.902 PASS | Dr=-0.302/+2.564 |Dr|max=2.564 Df=-0.350 | g r=0.112 f=0.164 p=0.874(0.005) max=3.313 | Ld=-0.0506 base=-0.108 r1=0.0535 path=0.00409 cap=5.32e-05 | Lg=+1.3370 | 44s | curv=+0.153 wide=+0.427 gfmed=0.082
 3000 post m=8 hq=0.937 PASS | Dr=-0.453/+2.332 |Dr|max=2.737 Df=-0.487 | g r=0.085 f=0.113 p=0.803(0.003) max=3.068 | Ld=+0.0212 base=0.000412 r1=0.0117 path=0.00871 cap=0.000338 | Lg=+1.2528 | 44s | curv=+0.107 wide=+0.324 gfmed=0.070
 3010 post m=8 hq=0.960 PASS | Dr=-0.460/+1.872 |Dr|max=2.557 Df=-0.501 | g r=0.072 f=0.087 p=0.717(0.003) max=3.096 | Ld=+0.0586 base=0.0417 r1=0.00903 path=0.0076 cap=0.000287 | Lg=+1.1038 | 44s | curv=+0.0462 wide=+0.216 gfmed=0.069
 3020 post m=8 hq=0.956 PASS | Dr=-0.719/+1.822 |Dr|max=3.006 Df=-0.764 | g r=0.138 f=0.140 p=0.724(0.004) max=2.854 | Ld=+0.0703 base=0.0383 r1=0.0193 path=0.0113 cap=0.00137 | Lg=+1.0745 | 44s | curv=+0.532 wide=+0.642 gfmed=0.106
 3030 post m=8 hq=0.958 PASS | Dr=-0.751/+2.365 |Dr|max=3.021 Df=-0.777 | g r=0.094 f=0.103 p=0.813(0.002) max=2.980 | Ld=-0.0530 base=-0.0738 r1=0.0142 path=0.00655 | Lg=+1.2863 | 45s | curv=+0.113 wide=+0.311 gfmed=0.056
 3040 post m=8 hq=0.966 PASS | Dr=-0.397/+2.459 |Dr|max=2.459 Df=-0.409 | g r=0.107 f=0.118 p=0.854(0.002) max=3.250 | Ld=-0.0643 base=-0.0798 r1=0.00937 path=0.00592 cap=0.000219 | Lg=+1.1287 | 45s | curv=+0.269 wide=+0.402 gfmed=0.072
 3050 post m=8 hq=0.972 PASS | Dr=-0.528/+1.511 |Dr|max=1.752 Df=-0.548 | g r=0.068 f=0.078 p=0.743(0.002) max=2.849 | Ld=-0.0479 base=-0.068 r1=0.0124 path=0.00767 | Lg=+1.0213 | 45s | curv=+0.0906 wide=+0.266 gfmed=0.048
 3060 post m=8 hq=0.969 PASS | Dr=-0.440/+3.229 |Dr|max=3.229 Df=-0.432 | g r=0.099 f=0.099 p=0.922(0.002) max=3.132 | Ld=-0.0314 base=-0.0502 r1=0.0127 path=0.00418 cap=0.00183 | Lg=+1.2711 | 45s | curv=+0.35 wide=+0.508 gfmed=0.073
 3070 post m=8 hq=0.901 PASS | Dr=-0.698/+3.726 |Dr|max=4.040 Df=-0.682 | g r=0.161 f=0.155 p=1.071(0.004) max=3.389 | Ld=-0.1161 base=-0.157 r1=0.0345 path=0.00322 cap=0.00331 | Lg=+1.6069 | 45s | curv=+0.562 wide=+0.698 gfmed=0.127
 3080 post m=8 hq=0.959 PASS | Dr=-0.817/+2.933 |Dr|max=3.323 Df=-0.807 | g r=0.102 f=0.097 p=0.963(0.001) max=3.494 | Ld=-0.1094 base=-0.144 r1=0.0161 path=0.0157 cap=0.00321 | Lg=+1.3778 | 45s | curv=+0.2 wide=+0.415 gfmed=0.073
 3090 post m=8 hq=0.954 PASS | Dr=-0.783/+2.426 |Dr|max=3.565 Df=-0.774 | g r=0.091 f=0.097 p=1.031(0.003) max=3.223 | Ld=-0.0898 base=-0.113 r1=0.0147 path=0.00698 cap=0.00138 | Lg=+1.3881 | 45s | curv=+0.213 wide=+0.407 gfmed=0.081
 3100 post m=8 hq=0.944 PASS | Dr=-0.855/+2.496 |Dr|max=3.384 Df=-0.848 | g r=0.060 f=0.083 p=0.973(0.002) max=3.339 | Ld=-0.0327 base=-0.067 r1=0.0101 path=0.0242 | Lg=+1.3100 | 45s | curv=+0.183 wide=+0.353 gfmed=0.051
 3110 post m=8 hq=0.906 PASS | Dr=-0.736/+2.231 |Dr|max=3.014 Df=-0.740 | g r=0.103 f=0.161 p=0.888(0.007) max=3.237 | Ld=+0.0379 base=-0.00165 r1=0.0242 path=0.0117 cap=0.00367 | Lg=+1.2306 | 45s | curv=+0.163 wide=+0.367 gfmed=0.075
 3120 post m=8 hq=0.967 PASS | Dr=-0.765/+3.634 |Dr|max=3.634 Df=-0.804 | g r=0.202 f=0.210 p=0.963(0.006) max=3.321 | Ld=-0.0618 base=-0.0965 r1=0.0226 path=0.00677 cap=0.00529 | Lg=+1.5343 | 45s | curv=-0.104 wide=+0.135 gfmed=0.184
 3130 post m=8 hq=0.912 PASS | Dr=-0.862/+3.933 |Dr|max=4.118 Df=-0.938 | g r=0.208 f=0.219 p=1.001(0.001) max=3.419 | Ld=-0.1097 base=-0.175 r1=0.0563 path=0.00668 cap=0.0028 | Lg=+1.6495 | 45s | curv=+0.0455 wide=+0.243 gfmed=0.134
 3140 post m=8 hq=0.871 fail | Dr=-0.475/+3.434 |Dr|max=3.434 Df=-0.517 | g r=0.084 f=0.155 p=0.868(0.003) max=3.134 | Ld=-0.0174 base=-0.0521 r1=0.00911 path=0.0252 cap=0.000517 | Lg=+1.3321 | 46s | curv=+0.526 wide=+0.655 gfmed=0.064
 3150 post m=8 hq=0.926 PASS | Dr=-0.571/+2.429 |Dr|max=2.492 Df=-0.598 | g r=0.090 f=0.108 p=0.779(0.002) max=2.862 | Ld=+0.0459 base=0.0242 r1=0.00957 path=0.0118 cap=0.000387 | Lg=+1.1625 | 46s | curv=+0.425 wide=+0.594 gfmed=0.074
 3160 post m=8 hq=0.955 PASS | Dr=-0.269/+3.656 |Dr|max=3.656 Df=-0.255 | g r=0.065 f=0.072 p=0.855(0.002) max=3.298 | Ld=-0.0626 base=-0.0732 r1=0.00887 path=0.00137 cap=0.000344 | Lg=+1.2741 | 46s | curv=+0.252 wide=+0.37 gfmed=0.049
 3170 post m=8 hq=0.960 PASS | Dr=-0.180/+4.055 |Dr|max=4.055 Df=-0.159 | g r=0.122 f=0.129 p=0.937(0.005) max=3.127 | Ld=-0.1152 base=-0.145 r1=0.02 path=0.00716 cap=0.00226 | Lg=+1.3796 | 46s | curv=+0.249 wide=+0.403 gfmed=0.081
 3180 post m=8 hq=0.956 PASS | Dr=-0.459/+3.321 |Dr|max=3.321 Df=-0.431 | g r=0.118 f=0.119 p=0.857(0.003) max=2.976 | Ld=-0.0140 base=-0.0607 r1=0.0344 path=0.00802 cap=0.0043 | Lg=+1.2840 | 46s | curv=+0.374 wide=+0.477 gfmed=0.098
 3190 post m=8 hq=0.973 PASS | Dr=-0.402/+2.936 |Dr|max=2.936 Df=-0.396 | g r=0.074 f=0.084 p=0.813(0.003) max=3.252 | Ld=-0.0346 base=-0.0542 r1=0.0153 path=0.00118 cap=0.00309 | Lg=+1.1322 | 46s | curv=+0.211 wide=+0.366 gfmed=0.068
 3200 post m=8 hq=0.962 PASS | Dr=-0.205/+3.018 |Dr|max=3.018 Df=-0.203 | g r=0.115 f=0.129 p=0.865(0.000) max=3.049 | Ld=-0.1336 base=-0.165 r1=0.028 path=0.00134 cap=0.00152 | Lg=+1.2060 | 46s | curv=+0.248 wide=+0.364 gfmed=0.091
 3210 post m=8 hq=0.967 PASS | Dr=-0.159/+4.146 |Dr|max=4.146 Df=-0.140 | g r=0.087 f=0.093 p=1.002(0.004) max=3.282 | Ld=-0.0689 base=-0.0877 r1=0.0179 path=0.00096 cap=1.37e-05 | Lg=+1.5002 | 46s | curv=+0.194 wide=+0.351 gfmed=0.077
 3220 post m=8 hq=0.954 PASS | Dr=-0.824/+1.594 |Dr|max=2.301 Df=-0.815 | g r=0.097 f=0.106 p=0.784(0.001) max=3.070 | Ld=-0.0161 base=-0.0437 r1=0.0136 path=0.014 | Lg=+1.0692 | 46s | curv=+0.228 wide=+0.343 gfmed=0.052
 3230 post m=8 hq=0.961 PASS | Dr=-0.167/+3.694 |Dr|max=3.694 Df=-0.140 | g r=0.094 f=0.093 p=1.037(0.003) max=3.185 | Ld=+0.0033 base=-0.0198 r1=0.0179 path=0.00479 cap=0.000498 | Lg=+1.5276 | 46s | curv=+0.153 wide=+0.346 gfmed=0.076
 3240 post m=8 hq=0.936 PASS | Dr=-0.490/+2.652 |Dr|max=3.024 Df=-0.478 | g r=0.067 f=0.086 p=0.945(0.003) max=2.840 | Ld=-0.0209 base=-0.0527 r1=0.0158 path=0.013 cap=0.00295 | Lg=+1.3298 | 46s | curv=+0.256 wide=+0.468 gfmed=0.058
 3250 post m=8 hq=0.958 PASS | Dr=-0.703/+1.970 |Dr|max=2.145 Df=-0.692 | g r=0.083 f=0.089 p=0.857(0.003) max=3.316 | Ld=-0.0458 base=-0.0576 r1=0.00837 path=0.00345 cap=2.51e-05 | Lg=+1.1259 | 46s | curv=+0.0976 wide=+0.3 gfmed=0.069
 3260 post m=8 hq=0.943 PASS | Dr=-0.627/+3.001 |Dr|max=3.082 Df=-0.599 | g r=0.134 f=0.137 p=0.945(0.007) max=3.365 | Ld=+0.0006 base=-0.0772 r1=0.0574 path=0.0191 cap=0.00134 | Lg=+1.3398 | 47s | curv=+0.604 wide=+0.717 gfmed=0.111
 3270 post m=8 hq=0.962 PASS | Dr=-0.292/+2.685 |Dr|max=2.685 Df=-0.279 | g r=0.086 f=0.091 p=0.775(0.002) max=2.893 | Ld=-0.0865 base=-0.109 r1=0.0102 path=0.00723 cap=0.00503 | Lg=+1.1408 | 47s | curv=+0.128 wide=+0.287 gfmed=0.043
 3280 post m=8 hq=0.959 PASS | Dr=-0.736/+0.958 |Dr|max=2.780 Df=-0.728 | g r=0.065 f=0.069 p=0.732(0.001) max=3.149 | Ld=+0.0153 base=0.000232 r1=0.00993 path=0.00252 cap=0.00264 | Lg=+0.9783 | 47s | curv=+0.205 wide=+0.295 gfmed=0.045
 3290 post m=8 hq=0.893 fail | Dr=-0.140/+1.925 |Dr|max=1.925 Df=-0.094 | g r=0.098 f=0.152 p=0.780(0.003) max=3.055 | Ld=+0.0544 base=-0.0052 r1=0.01 path=0.0448 cap=0.00478 | Lg=+0.9858 | 47s | curv=+0.175 wide=+0.323 gfmed=0.070
 3300 post m=8 hq=0.961 PASS | Dr=-0.342/+3.245 |Dr|max=3.245 Df=-0.381 | g r=0.090 f=0.104 p=0.718(0.009) max=3.351 | Ld=-0.0443 base=-0.0745 r1=0.0253 path=0.0049 | Lg=+1.1714 | 47s | curv=+0.326 wide=+0.469 gfmed=0.057
 3310 post m=8 hq=0.950 PASS | Dr=-0.302/+3.805 |Dr|max=3.805 Df=-0.383 | g r=0.114 f=0.130 p=0.841(0.001) max=3.267 | Ld=-0.0455 base=-0.0609 r1=0.0103 path=0.00468 cap=0.000413 | Lg=+1.3660 | 48s | curv=+0.16 wide=+0.295 gfmed=0.073
 3320 post m=8 hq=0.943 PASS | Dr=-0.161/+3.898 |Dr|max=3.898 Df=-0.223 | g r=0.058 f=0.075 p=0.813(0.001) max=3.395 | Ld=-0.1307 base=-0.144 r1=0.0121 path=0.000897 | Lg=+1.4658 | 48s | curv=+0.136 wide=+0.322 gfmed=0.049
 3330 post m=8 hq=0.969 PASS | Dr=-0.284/+3.684 |Dr|max=3.684 Df=-0.353 | g r=0.068 f=0.078 p=0.857(0.002) max=3.136 | Ld=-0.0779 base=-0.0932 r1=0.00798 path=0.00724 | Lg=+1.5929 | 48s | curv=+0.0358 wide=+0.266 gfmed=0.052
 3340 post m=8 hq=0.961 PASS | Dr=-0.749/+3.515 |Dr|max=3.515 Df=-0.824 | g r=0.103 f=0.111 p=0.847(0.003) max=2.919 | Ld=-0.0604 base=-0.0889 r1=0.0251 path=0.00351 | Lg=+1.4679 | 48s | curv=+0.096 wide=+0.3 gfmed=0.080
 3350 post m=8 hq=0.957 PASS | Dr=-0.790/+3.389 |Dr|max=3.389 Df=-0.853 | g r=0.101 f=0.111 p=0.830(0.005) max=2.911 | Ld=-0.0740 base=-0.113 r1=0.0319 path=0.00688 cap=0.000143 | Lg=+1.4448 | 49s | curv=+0.379 wide=+0.515 gfmed=0.079
 3360 post m=8 hq=0.908 PASS | Dr=-0.395/+2.353 |Dr|max=2.353 Df=-0.413 | g r=0.082 f=0.106 p=0.629(0.005) max=2.733 | Ld=+0.1003 base=0.057 r1=0.014 path=0.0293 | Lg=+0.9633 | 49s | curv=+0.321 wide=+0.515 gfmed=0.071
 3370 post m=8 hq=0.949 PASS | Dr=-0.372/+1.696 |Dr|max=1.696 Df=-0.369 | g r=0.060 f=0.077 p=0.575(0.001) max=2.811 | Ld=+0.0448 base=0.0332 r1=0.00449 path=0.00711 cap=6.02e-07 | Lg=+0.8945 | 49s | curv=+0.186 wide=+0.351 gfmed=0.052
 3380 post m=8 hq=0.966 PASS | Dr=-0.446/+1.381 |Dr|max=1.521 Df=-0.431 | g r=0.114 f=0.117 p=0.646(0.003) max=2.919 | Ld=+0.0250 base=-0.0157 r1=0.0354 path=0.00524 cap=9.13e-05 | Lg=+0.9340 | 49s | curv=+0.109 wide=+0.249 gfmed=0.049
 3390 post m=8 hq=0.964 PASS | Dr=-0.304/+2.322 |Dr|max=2.477 Df=-0.282 | g r=0.094 f=0.094 p=0.821(0.003) max=3.262 | Ld=-0.0035 base=-0.0272 r1=0.0187 path=0.00375 cap=0.00127 | Lg=+1.1703 | 50s | curv=+0.208 wide=+0.38 gfmed=0.080
 3400 post m=8 hq=0.964 PASS | Dr=-0.413/+1.475 |Dr|max=1.598 Df=-0.402 | g r=0.071 f=0.079 p=0.611(0.001) max=3.204 | Ld=+0.0081 base=-0.0129 r1=0.0112 path=0.0098 | Lg=+0.9056 | 50s | curv=+0.106 wide=+0.214 gfmed=0.051
 3410 post m=8 hq=0.950 PASS | Dr=-0.163/+1.605 |Dr|max=1.935 Df=-0.117 | g r=0.121 f=0.171 p=0.690(0.003) max=2.997 | Ld=+0.0534 base=0.0205 r1=0.0231 path=0.00983 cap=2.96e-05 | Lg=+0.9900 | 50s | curv=+0.0575 wide=+0.158 gfmed=0.100
 3420 post m=8 hq=0.964 PASS | Dr=+0.272/+2.488 |Dr|max=2.488 Df=+0.300 | g r=0.057 f=0.063 p=0.690(0.002) max=3.082 | Ld=-0.0156 base=-0.0267 r1=0.00632 path=0.00444 cap=0.000273 | Lg=+1.0283 | 51s | curv=+0.261 wide=+0.372 gfmed=0.040
 3430 post m=8 hq=0.966 PASS | Dr=-0.109/+2.250 |Dr|max=2.250 Df=-0.082 | g r=0.077 f=0.082 p=0.814(0.002) max=3.179 | Ld=-0.0433 base=-0.0616 r1=0.00865 path=0.00952 cap=0.000134 | Lg=+1.1490 | 51s | curv=+0.147 wide=+0.305 gfmed=0.060
 3440 post m=8 hq=0.971 PASS | Dr=-0.040/+3.006 |Dr|max=3.006 Df=-0.016 | g r=0.066 f=0.073 p=0.749(0.001) max=3.032 | Ld=-0.0273 base=-0.0455 r1=0.00797 path=0.00721 cap=0.0031 | Lg=+1.1407 | 51s | curv=+0.086 wide=+0.174 gfmed=0.055
 3450 post m=8 hq=0.965 PASS | Dr=-0.113/+2.756 |Dr|max=2.756 Df=-0.093 | g r=0.054 f=0.058 p=0.740(0.001) max=2.854 | Ld=-0.0761 base=-0.0832 r1=0.00521 path=0.00183 | Lg=+1.1476 | 51s | curv=+0.164 wide=+0.267 gfmed=0.036
 3460 post m=8 hq=0.925 PASS | Dr=+0.248/+4.436 |Dr|max=4.436 Df=+0.292 | g r=0.082 f=0.115 p=0.974(0.001) max=3.387 | Ld=-0.1229 base=-0.145 r1=0.00964 path=0.0123 cap=0.000111 | Lg=+1.5245 | 52s | curv=-0.00633 wide=+0.156 gfmed=0.074
 3470 post m=8 hq=0.970 PASS | Dr=-0.205/+2.217 |Dr|max=2.217 Df=-0.184 | g r=0.069 f=0.074 p=0.701(0.004) max=2.894 | Ld=+0.1775 base=0.131 r1=0.0104 path=0.0358 cap=0.000652 | Lg=+0.9869 | 52s | curv=+0.188 wide=+0.29 gfmed=0.054
 3480 post m=8 hq=0.945 PASS | Dr=-0.306/+2.183 |Dr|max=2.183 Df=-0.277 | g r=0.070 f=0.104 p=0.618(0.001) max=3.054 | Ld=+0.0633 base=-0.00516 r1=0.00847 path=0.06 | Lg=+0.9835 | 52s | curv=+0.185 wide=+0.353 gfmed=0.073
 3490 post m=8 hq=0.973 PASS | Dr=-0.347/+2.908 |Dr|max=2.908 Df=-0.351 | g r=0.061 f=0.073 p=0.641(0.001) max=2.932 | Ld=-0.0290 base=-0.0389 r1=0.00783 path=0.00206 | Lg=+1.0869 | 52s | curv=+0.0802 wide=+0.241 gfmed=0.042
 3500 post m=8 hq=0.920 PASS | Dr=+0.275/+4.221 |Dr|max=4.221 Df=+0.231 | g r=0.078 f=0.090 p=0.940(0.002) max=3.889 | Ld=-0.1573 base=-0.171 r1=0.00886 path=0.0051 cap=1.36e-05 | Lg=+1.6235 | 53s | curv=+0.32 wide=+0.476 gfmed=0.072
 3510 post m=8 hq=0.956 PASS | Dr=-0.241/+3.035 |Dr|max=3.035 Df=-0.256 | g r=0.065 f=0.074 p=0.697(0.001) max=2.894 | Ld=-0.0653 base=-0.0826 r1=0.00761 path=0.00977 | Lg=+1.2761 | 53s | curv=+0.0223 wide=+0.207 gfmed=0.055
 3520 post m=8 hq=0.968 PASS | Dr=-0.734/+2.755 |Dr|max=2.755 Df=-0.773 | g r=0.054 f=0.061 p=0.673(0.002) max=2.684 | Ld=-0.0149 base=-0.0239 r1=0.00551 path=0.00345 | Lg=+1.1701 | 53s | curv=+0.109 wide=+0.242 gfmed=0.046
 3530 post m=8 hq=0.980 PASS | Dr=-0.452/+2.088 |Dr|max=2.088 Df=-0.495 | g r=0.054 f=0.054 p=0.547(0.002) max=2.422 | Ld=+0.0409 base=0.0304 r1=0.00767 path=0.00278 | Lg=+0.9985 | 53s | curv=+0.143 wide=+0.272 gfmed=0.036
 3540 post m=8 hq=0.927 PASS | Dr=-0.539/+2.653 |Dr|max=2.653 Df=-0.541 | g r=0.076 f=0.100 p=0.643(0.002) max=2.593 | Ld=-0.0480 base=-0.0745 r1=0.0238 path=0.00269 | Lg=+1.2304 | 54s | curv=+0.332 wide=+0.464 gfmed=0.070
 3550 post m=8 hq=0.948 PASS | Dr=-0.486/+2.065 |Dr|max=2.337 Df=-0.474 | g r=0.046 f=0.058 p=0.616(0.002) max=2.448 | Ld=+0.0180 base=0.0109 r1=0.00582 path=0.00129 | Lg=+1.0810 | 54s | curv=+0.272 wide=+0.402 gfmed=0.038
 3560 post m=8 hq=0.948 PASS | Dr=-0.261/+2.936 |Dr|max=2.936 Df=-0.247 | g r=0.064 f=0.067 p=0.700(0.003) max=2.994 | Ld=-0.1146 base=-0.123 r1=0.00469 path=0.00331 | Lg=+1.2221 | 54s | curv=+0.202 wide=+0.349 gfmed=0.050
 3570 post m=8 hq=0.965 PASS | Dr=-0.319/+2.330 |Dr|max=2.623 Df=-0.290 | g r=0.089 f=0.092 p=0.750(0.001) max=3.057 | Ld=-0.0747 base=-0.0914 r1=0.0118 path=0.00487 | Lg=+1.2113 | 54s | curv=+0.122 wide=+0.266 gfmed=0.068
 3580 post m=8 hq=0.958 PASS | Dr=-0.807/+0.478 |Dr|max=2.416 Df=-0.784 | g r=0.098 f=0.105 p=0.628(0.002) max=2.668 | Ld=-0.0405 base=-0.0646 r1=0.0221 path=0.00204 | Lg=+0.9183 | 54s | curv=-0.0934 wide=+0.0444 gfmed=0.073
 3590 post m=8 hq=0.972 PASS | Dr=-0.111/+2.014 |Dr|max=2.014 Df=-0.079 | g r=0.079 f=0.085 p=0.691(0.001) max=3.077 | Ld=-0.0118 base=-0.0252 r1=0.00592 path=0.0075 | Lg=+1.0020 | 55s | curv=-0.0589 wide=+0.0215 gfmed=0.064
 3600 post m=8 hq=0.939 PASS | Dr=-0.277/+2.138 |Dr|max=2.138 Df=-0.235 | g r=0.109 f=0.137 p=0.751(0.002) max=3.346 | Ld=-0.0487 base=-0.0631 r1=0.0111 path=0.00105 cap=0.00219 | Lg=+1.0739 | 55s | curv=-0.0773 wide=+0.0228 gfmed=0.089
 3610 post m=8 hq=0.969 PASS | Dr=-0.005/+2.645 |Dr|max=2.645 Df=+0.030 | g r=0.066 f=0.070 p=0.807(0.003) max=3.198 | Ld=-0.0379 base=-0.0488 r1=0.00946 path=0.00143 | Lg=+1.2356 | 55s | curv=+0.0914 wide=+0.219 gfmed=0.057
 3620 post m=8 hq=0.976 PASS | Dr=-0.006/+3.593 |Dr|max=3.593 Df=+0.036 | g r=0.089 f=0.093 p=0.880(0.004) max=3.562 | Ld=-0.0617 base=-0.0778 r1=0.00989 path=0.00611 cap=0.000119 | Lg=+1.3596 | 55s | curv=+0.00574 wide=+0.18 gfmed=0.060
 3630 post m=8 hq=0.970 PASS | Dr=+0.432/+4.192 |Dr|max=4.192 Df=+0.468 | g r=0.118 f=0.124 p=0.813(0.004) max=3.157 | Ld=-0.0179 base=-0.05 r1=0.0225 path=0.00962 cap=2.21e-07 | Lg=+1.2506 | 55s | curv=+0.35 wide=+0.387 gfmed=0.118
 3640 post m=8 hq=0.862 fail | Dr=+0.288/+3.984 |Dr|max=3.984 Df=+0.350 | g r=0.102 f=0.163 p=0.877(0.002) max=3.176 | Ld=-0.0975 base=-0.113 r1=0.00913 path=0.00648 | Lg=+1.3555 | 55s | curv=+0.204 wide=+0.28 gfmed=0.051
 3650 post m=8 hq=0.953 PASS | Dr=+0.054/+3.059 |Dr|max=3.059 Df=+0.096 | g r=0.098 f=0.108 p=0.895(0.003) max=3.111 | Ld=-0.0579 base=-0.0875 r1=0.0202 path=0.00868 cap=0.000764 | Lg=+1.2169 | 56s | curv=+0.0363 wide=+0.2 gfmed=0.076
 3660 post m=8 hq=0.966 PASS | Dr=-0.202/+2.136 |Dr|max=2.136 Df=-0.164 | g r=0.062 f=0.060 p=0.802(0.001) max=3.126 | Ld=-0.0058 base=-0.0371 r1=0.0126 path=0.0182 cap=0.000513 | Lg=+1.1095 | 56s | curv=+0.0539 wide=+0.208 gfmed=0.045
 3670 post m=8 hq=0.962 PASS | Dr=-0.198/+2.304 |Dr|max=2.304 Df=-0.160 | g r=0.088 f=0.088 p=0.796(0.001) max=3.035 | Ld=-0.0151 base=-0.0457 r1=0.0258 path=0.00475 cap=2.26e-05 | Lg=+1.0844 | 56s | curv=+0.104 wide=+0.227 gfmed=0.056
 3680 post m=8 hq=0.937 PASS | Dr=+0.203/+3.476 |Dr|max=3.476 Df=+0.261 | g r=0.091 f=0.093 p=0.932(0.002) max=3.433 | Ld=-0.0692 base=-0.0981 r1=0.0136 path=0.0138 cap=0.0014 | Lg=+1.3247 | 56s | curv=+0.0901 wide=+0.242 gfmed=0.069
 3690 post m=8 hq=0.923 PASS | Dr=+0.501/+3.276 |Dr|max=3.276 Df=+0.535 | g r=0.106 f=0.141 p=0.782(0.001) max=3.179 | Ld=-0.0179 base=-0.0447 r1=0.0204 path=0.00239 cap=0.00401 | Lg=+1.1319 | 56s | curv=+0.0822 wide=+0.235 gfmed=0.085
 3700 post m=8 hq=0.908 PASS | Dr=+0.509/+3.922 |Dr|max=3.922 Df=+0.524 | g r=0.077 f=0.104 p=0.785(0.002) max=2.951 | Ld=+0.0403 base=0.0126 r1=0.0195 path=0.00565 cap=0.00249 | Lg=+1.1996 | 56s | curv=+0.13 wide=+0.244 gfmed=0.062
 3710 post m=8 hq=0.926 PASS | Dr=+0.639/+4.373 |Dr|max=4.373 Df=+0.642 | g r=0.122 f=0.153 p=0.900(0.004) max=3.402 | Ld=-0.0494 base=-0.0685 r1=0.00743 path=0.0117 | Lg=+1.3843 | 56s | curv=+0.218 wide=+0.343 gfmed=0.103
 3720 post m=8 hq=0.895 fail | Dr=+0.763/+4.351 |Dr|max=4.351 Df=+0.766 | g r=0.096 f=0.114 p=0.820(0.003) max=3.023 | Ld=-0.0017 base=-0.0407 r1=0.0108 path=0.0282 | Lg=+1.3483 | 56s | curv=+0.492 wide=+0.628 gfmed=0.073
 3730 post m=8 hq=0.932 PASS | Dr=+1.017/+5.133 |Dr|max=5.133 Df=+1.024 | g r=0.113 f=0.141 p=0.847(0.002) max=3.118 | Ld=-0.0789 base=-0.118 r1=0.0144 path=0.0208 cap=0.00376 | Lg=+1.4900 | 56s | curv=+0.00515 wide=+0.222 gfmed=0.096
 3740 post m=8 hq=0.952 PASS | Dr=+0.574/+4.486 |Dr|max=4.486 Df=+0.575 | g r=0.090 f=0.098 p=0.793(0.002) max=3.003 | Ld=+0.0468 base=0.0252 r1=0.0095 path=0.00884 cap=0.00321 | Lg=+1.4811 | 56s | curv=+0.406 wide=+0.609 gfmed=0.069
 3750 post m=8 hq=0.967 PASS | Dr=+0.744/+4.604 |Dr|max=4.604 Df=+0.743 | g r=0.091 f=0.091 p=0.788(0.004) max=3.110 | Ld=+0.0185 base=0.0035 r1=0.0123 path=0.00255 cap=0.000147 | Lg=+1.3868 | 56s | curv=-0.161 wide=+0.0864 gfmed=0.062
 3760 post m=8 hq=0.970 PASS | Dr=+0.577/+4.310 |Dr|max=4.310 Df=+0.583 | g r=0.070 f=0.084 p=0.781(0.001) max=3.094 | Ld=-0.0262 base=-0.057 r1=0.0207 path=0.00985 cap=0.000291 | Lg=+1.4087 | 56s | curv=+0.13 wide=+0.349 gfmed=0.057
 3770 post m=8 hq=0.947 PASS | Dr=+0.624/+4.546 |Dr|max=4.546 Df=+0.623 | g r=0.101 f=0.113 p=0.809(0.003) max=3.087 | Ld=-0.0482 base=-0.0761 r1=0.0179 path=0.00996 | Lg=+1.4614 | 57s | curv=-0.0211 wide=+0.234 gfmed=0.072
 3780 post m=8 hq=0.960 PASS | Dr=+0.045/+2.652 |Dr|max=2.652 Df=+0.049 | g r=0.060 f=0.071 p=0.668(0.003) max=2.943 | Ld=+0.0200 base=0.00226 r1=0.0113 path=0.00651 | Lg=+0.9719 | 57s | curv=+0.173 wide=+0.355 gfmed=0.045
 3790 post m=8 hq=0.956 PASS | Dr=+0.647/+2.835 |Dr|max=2.835 Df=+0.638 | g r=0.101 f=0.123 p=0.634(0.002) max=2.680 | Ld=+0.0213 base=-0.0124 r1=0.011 path=0.0226 | Lg=+0.9196 | 57s | curv=+0.254 wide=+0.485 gfmed=0.081
 3800 post m=8 hq=0.968 PASS | Dr=-0.461/+1.038 |Dr|max=1.412 Df=-0.447 | g r=0.093 f=0.102 p=0.528(0.002) max=2.588 | Ld=+0.0241 base=-0.000719 r1=0.0136 path=0.0112 | Lg=+0.8274 | 57s | curv=+0.319 wide=+0.526 gfmed=0.071
 3810 post m=8 hq=0.973 PASS | Dr=-0.413/+1.119 |Dr|max=1.853 Df=-0.398 | g r=0.114 f=0.128 p=0.565(0.001) max=2.914 | Ld=+0.1815 base=0.128 r1=0.027 path=0.0266 | Lg=+0.8448 | 57s | curv=+0.273 wide=+0.482 gfmed=0.114
 3820 post m=8 hq=0.953 PASS | Dr=-0.235/+0.895 |Dr|max=1.357 Df=-0.217 | g r=0.113 f=0.123 p=0.573(0.001) max=2.934 | Ld=+0.0839 base=0.0509 r1=0.0293 path=0.00366 | Lg=+0.8131 | 57s | curv=+0.1 wide=+0.336 gfmed=0.095
 3830 post m=8 hq=0.969 PASS | Dr=-0.453/+1.787 |Dr|max=2.637 Df=-0.417 | g r=0.080 f=0.095 p=0.779(0.003) max=2.830 | Ld=-0.0500 base=-0.08 r1=0.0208 path=0.00921 | Lg=+1.1840 | 57s | curv=+0.153 wide=+0.432 gfmed=0.070
 3840 post m=8 hq=0.967 PASS | Dr=-0.309/+1.253 |Dr|max=1.899 Df=-0.283 | g r=0.073 f=0.089 p=0.700(0.002) max=2.515 | Ld=+0.0632 base=0.0499 r1=0.00772 path=0.00564 | Lg=+1.0054 | 57s | curv=+0.123 wide=+0.353 gfmed=0.055
 3850 post m=8 hq=0.967 PASS | Dr=-0.168/+2.416 |Dr|max=2.416 Df=-0.124 | g r=0.087 f=0.102 p=0.752(0.004) max=2.875 | Ld=-0.0050 base=-0.0421 r1=0.0172 path=0.02 | Lg=+1.2066 | 57s | curv=+0.135 wide=+0.399 gfmed=0.066
 3860 post m=8 hq=0.954 PASS | Dr=-0.180/+2.313 |Dr|max=2.590 Df=-0.130 | g r=0.108 f=0.125 p=0.863(0.003) max=2.815 | Ld=-0.0561 base=-0.093 r1=0.0203 path=0.0167 | Lg=+1.3240 | 57s | curv=+0.427 wide=+0.654 gfmed=0.086
 3870 post m=8 hq=0.972 PASS | Dr=-0.394/+0.842 |Dr|max=1.689 Df=-0.371 | g r=0.108 f=0.122 p=0.702(0.003) max=2.988 | Ld=+0.0691 base=0.0462 r1=0.0186 path=0.00437 cap=1.41e-06 | Lg=+0.8825 | 57s | curv=+0.305 wide=+0.512 gfmed=0.078
 3880 post m=8 hq=0.957 PASS | Dr=+0.172/+1.733 |Dr|max=1.733 Df=+0.196 | g r=0.058 f=0.087 p=0.623(0.002) max=2.653 | Ld=+0.0359 base=0.0221 r1=0.0089 path=0.00485 | Lg=+0.8755 | 57s | curv=+0.299 wide=+0.483 gfmed=0.052
 3890 post m=8 hq=0.960 PASS | Dr=+0.359/+2.549 |Dr|max=2.549 Df=+0.370 | g r=0.094 f=0.130 p=0.742(0.001) max=2.851 | Ld=-0.0262 base=-0.0426 r1=0.0113 path=0.0043 cap=0.000812 | Lg=+1.1274 | 58s | curv=+0.307 wide=+0.523 gfmed=0.053
 3900 post m=8 hq=0.957 PASS | Dr=-0.198/+0.701 |Dr|max=0.848 Df=-0.184 | g r=0.059 f=0.068 p=0.529(0.003) max=2.508 | Ld=+0.0047 base=-0.00595 r1=0.01 path=0.00059 | Lg=+0.7733 | 58s | curv=-0.0534 wide=+0.141 gfmed=0.053
 3910 post m=8 hq=0.971 PASS | Dr=-0.159/+1.390 |Dr|max=1.390 Df=-0.125 | g r=0.066 f=0.070 p=0.605(0.001) max=2.957 | Ld=+0.0192 base=0.00824 r1=0.00905 path=0.00185 cap=8.71e-05 | Lg=+0.9099 | 58s | curv=+0.266 wide=+0.421 gfmed=0.049
 3920 post m=8 hq=0.974 PASS | Dr=-0.093/+1.949 |Dr|max=1.949 Df=-0.067 | g r=0.049 f=0.051 p=0.579(0.001) max=2.662 | Ld=-0.0069 base=-0.0223 r1=0.00699 path=0.00838 | Lg=+0.9490 | 58s | curv=+0.182 wide=+0.343 gfmed=0.039
 3930 post m=8 hq=0.977 PASS | Dr=+0.052/+1.927 |Dr|max=1.927 Df=+0.078 | g r=0.057 f=0.065 p=0.574(0.001) max=2.796 | Ld=+0.1054 base=0.0989 r1=0.00323 path=0.00315 cap=0.000172 | Lg=+0.9129 | 58s | curv=-0.0163 wide=+0.153 gfmed=0.050
 3940 post m=8 hq=0.960 PASS | Dr=-0.237/+1.317 |Dr|max=1.514 Df=-0.210 | g r=0.060 f=0.069 p=0.628(0.001) max=2.808 | Ld=+0.0037 base=-0.00409 r1=0.00596 path=0.00187 | Lg=+0.9273 | 58s | curv=+0.112 wide=+0.236 gfmed=0.060
 3950 post m=8 hq=0.984 PASS | Dr=-0.004/+2.154 |Dr|max=2.154 Df=+0.023 | g r=0.067 f=0.065 p=0.571(0.001) max=2.646 | Ld=+0.0897 base=0.07 r1=0.0157 path=0.00407 | Lg=+0.9014 | 58s | curv=+0.044 wide=+0.175 gfmed=0.051
 3960 post m=8 hq=0.964 PASS | Dr=+0.162/+3.315 |Dr|max=3.315 Df=+0.217 | g r=0.098 f=0.103 p=0.814(0.001) max=3.029 | Ld=-0.0494 base=-0.071 r1=0.0112 path=0.00812 cap=0.00228 | Lg=+1.2860 | 58s | curv=+0.0132 wide=+0.148 gfmed=0.066
 3970 post m=8 hq=0.967 PASS | Dr=+0.174/+3.336 |Dr|max=3.336 Df=+0.221 | g r=0.083 f=0.091 p=0.753(0.004) max=3.200 | Ld=-0.0016 base=-0.0242 r1=0.0132 path=0.00938 cap=4.88e-05 | Lg=+1.1854 | 58s | curv=+0.00783 wide=+0.177 gfmed=0.077
 3980 post m=8 hq=0.941 PASS | Dr=-0.185/+1.979 |Dr|max=1.979 Df=-0.142 | g r=0.094 f=0.102 p=0.699(0.001) max=3.342 | Ld=-0.0404 base=-0.0533 r1=0.0087 path=0.00355 cap=0.000594 | Lg=+1.0593 | 58s | curv=+0.212 wide=+0.343 gfmed=0.042
 3990 post m=8 hq=0.969 PASS | Dr=-0.249/+1.503 |Dr|max=2.708 Df=-0.204 | g r=0.063 f=0.067 p=0.684(0.002) max=3.600 | Ld=-0.0345 base=-0.0405 r1=0.00408 path=0.00198 | Lg=+0.9874 | 58s | curv=+0.0623 wide=+0.173 gfmed=0.049
 4000 post m=8 hq=0.972 PASS | Dr=+0.196/+2.687 |Dr|max=2.687 Df=+0.247 | g r=0.083 f=0.094 p=0.722(0.004) max=3.160 | Ld=+0.0188 base=-0.0711 r1=0.0097 path=0.0802 | Lg=+1.1096 | 59s | curv=+0.212 wide=+0.346 gfmed=0.074
 4010 post m=8 hq=0.983 PASS | Dr=-0.023/+1.652 |Dr|max=1.689 Df=+0.018 | g r=0.050 f=0.054 p=0.649(0.001) max=3.110 | Ld=+0.0017 base=-0.00849 r1=0.00766 path=0.00248 cap=9.29e-06 | Lg=+0.9496 | 59s | curv=+0.13 wide=+0.248 gfmed=0.038
 4020 post m=8 hq=0.986 PASS | Dr=-0.131/+1.508 |Dr|max=1.631 Df=-0.094 | g r=0.056 f=0.059 p=0.630(0.001) max=2.633 | Ld=-0.0243 base=-0.0346 r1=0.00938 path=0.000935 | Lg=+0.9257 | 59s | curv=+0.0486 wide=+0.172 gfmed=0.040
 4030 post m=8 hq=0.984 PASS | Dr=+0.513/+2.769 |Dr|max=2.769 Df=+0.562 | g r=0.048 f=0.047 p=0.667(0.005) max=2.748 | Ld=+0.0190 base=0.0118 r1=0.00451 path=0.0026 | Lg=+1.0545 | 59s | curv=+0.0714 wide=+0.186 gfmed=0.036
 4040 post m=8 hq=0.976 PASS | Dr=+0.071/+2.846 |Dr|max=2.846 Df=+0.130 | g r=0.091 f=0.084 p=0.729(0.002) max=3.049 | Ld=-0.0169 base=-0.0375 r1=0.0143 path=0.00582 cap=0.000462 | Lg=+1.1381 | 59s | curv=+0.178 wide=+0.268 gfmed=0.059
 4050 post m=8 hq=0.924 PASS | Dr=+0.742/+1.923 |Dr|max=1.923 Df=+0.772 | g r=0.083 f=0.109 p=0.612(0.006) max=3.257 | Ld=+0.0295 base=-0.00856 r1=0.00434 path=0.0337 cap=3.68e-06 | Lg=+0.8521 | 59s | curv=+0.139 wide=+0.306 gfmed=0.065
 4060 post m=5 hq=0.130 fail | Dr=+0.505/+2.315 |Dr|max=2.315 Df=+0.203 | g r=0.156 f=0.766 p=0.916(0.003) max=3.389 | Ld=-0.1403 base=-0.2 r1=0.0281 path=0.0191 cap=0.0126 | Lg=+1.0414 | 59s | curv=+1.57 wide=+1.8 gfmed=0.520
 4070 post m=8 hq=0.836 fail | Dr=+0.125/+1.576 |Dr|max=1.576 Df=+0.130 | g r=0.091 f=0.275 p=0.793(0.002) max=3.063 | Ld=+0.0056 base=-0.0188 r1=0.0226 path=0.000921 cap=0.00088 | Lg=+0.9028 | 59s | curv=+0.9 wide=+1.26 gfmed=0.101
 4080 post m=8 hq=0.910 PASS | Dr=+0.164/+1.761 |Dr|max=1.761 Df=+0.174 | g r=0.080 f=0.161 p=0.772(0.000) max=2.990 | Ld=+0.0096 base=-0.00431 r1=0.0129 path=0.000595 cap=0.000425 | Lg=+0.9100 | 60s | curv=+0.47 wide=+0.833 gfmed=0.068
 4090 post m=8 hq=0.963 PASS | Dr=+0.106/+1.878 |Dr|max=1.878 Df=+0.135 | g r=0.078 f=0.107 p=0.717(0.002) max=3.154 | Ld=+0.0902 base=0.0757 r1=0.013 path=0.00138 cap=0.000135 | Lg=+0.8614 | 60s | curv=+0.122 wide=+0.471 gfmed=0.060
 4100 post m=8 hq=0.969 PASS | Dr=+0.505/+3.170 |Dr|max=3.170 Df=+0.548 | g r=0.070 f=0.085 p=0.781(0.003) max=2.962 | Ld=-0.0041 base=-0.0237 r1=0.0114 path=0.00341 cap=0.00483 | Lg=+1.1269 | 60s | curv=+0.291 wide=+0.551 gfmed=0.061
 4110 post m=8 hq=0.978 PASS | Dr=+0.342/+3.412 |Dr|max=3.412 Df=+0.391 | g r=0.058 f=0.065 p=0.784(0.001) max=3.112 | Ld=-0.0596 base=-0.0884 r1=0.0113 path=0.0175 cap=8.59e-05 | Lg=+1.2631 | 60s | curv=+0.236 wide=+0.446 gfmed=0.039
 4120 post m=8 hq=0.978 PASS | Dr=+0.610/+3.974 |Dr|max=3.974 Df=+0.672 | g r=0.087 f=0.085 p=0.911(0.003) max=3.233 | Ld=-0.0733 base=-0.0853 r1=0.00853 path=0.00209 cap=0.00138 | Lg=+1.4020 | 61s | curv=+0.098 wide=+0.317 gfmed=0.065
 4130 post m=8 hq=0.972 PASS | Dr=+0.153/+3.086 |Dr|max=3.086 Df=+0.206 | g r=0.105 f=0.094 p=0.746(0.003) max=3.309 | Ld=+0.0359 base=0.0134 r1=0.0177 path=0.00345 cap=0.00138 | Lg=+1.1947 | 61s | curv=+0.336 wide=+0.465 gfmed=0.059
 4140 post m=8 hq=0.981 PASS | Dr=+0.258/+3.482 |Dr|max=3.482 Df=+0.311 | g r=0.050 f=0.052 p=0.779(0.002) max=3.210 | Ld=-0.0436 base=-0.0495 r1=0.0039 path=0.00197 | Lg=+1.2416 | 61s | curv=+0.141 wide=+0.284 gfmed=0.041
 4150 post m=8 hq=0.969 PASS | Dr=-0.242/+1.557 |Dr|max=1.726 Df=-0.198 | g r=0.074 f=0.078 p=0.589(0.002) max=2.942 | Ld=-0.0112 base=-0.0349 r1=0.0125 path=0.0112 | Lg=+0.9143 | 62s | curv=+0.228 wide=+0.381 gfmed=0.052
 4160 post m=8 hq=0.959 PASS | Dr=-0.010/+1.977 |Dr|max=1.977 Df=+0.036 | g r=0.114 f=0.107 p=0.655(0.003) max=2.959 | Ld=+0.0238 base=-0.0106 r1=0.0152 path=0.017 cap=0.00223 | Lg=+0.9689 | 62s | curv=+0.143 wide=+0.314 gfmed=0.060
 4170 post m=8 hq=0.980 PASS | Dr=+0.415/+3.864 |Dr|max=3.864 Df=+0.479 | g r=0.074 f=0.077 p=0.824(0.002) max=3.206 | Ld=-0.0609 base=-0.0688 r1=0.00721 path=0.000703 | Lg=+1.2731 | 62s | curv=+0.0366 wide=+0.218 gfmed=0.067
 4180 post m=8 hq=0.971 PASS | Dr=+0.071/+2.297 |Dr|max=2.297 Df=+0.110 | g r=0.079 f=0.080 p=0.631(0.003) max=2.851 | Ld=+0.0486 base=0.0384 r1=0.00864 path=0.00135 cap=0.000176 | Lg=+0.9706 | 62s | curv=+0.124 wide=+0.263 gfmed=0.053
 4190 post m=8 hq=0.971 PASS | Dr=+0.496/+2.234 |Dr|max=2.234 Df=+0.519 | g r=0.050 f=0.061 p=0.538(0.003) max=2.987 | Ld=-0.0224 base=-0.0307 r1=0.00721 path=0.00102 | Lg=+0.8712 | 63s | curv=+0.127 wide=+0.288 gfmed=0.045
 4200 post m=8 hq=0.975 PASS | Dr=+0.211/+1.476 |Dr|max=1.562 Df=+0.233 | g r=0.041 f=0.048 p=0.483(0.002) max=2.644 | Ld=+0.0243 base=0.0182 r1=0.00545 path=0.000703 | Lg=+0.8571 | 63s | curv=+0.0949 wide=+0.205 gfmed=0.031
 4210 post m=8 hq=0.932 PASS | Dr=+0.407/+1.783 |Dr|max=2.272 Df=+0.413 | g r=0.070 f=0.097 p=0.568(0.001) max=2.852 | Ld=-0.0082 base=-0.0145 r1=0.00499 path=0.00132 | Lg=+0.9765 | 63s | curv=+0.107 wide=+0.184 gfmed=0.054
 4220 post m=8 hq=0.958 PASS | Dr=-0.020/+0.386 |Dr|max=0.526 Df=-0.014 | g r=0.076 f=0.090 p=0.411(0.004) max=2.185 | Ld=+0.0201 base=-0.00573 r1=0.00648 path=0.0194 | Lg=+0.7214 | 64s | curv=+0.374 wide=+0.512 gfmed=0.068
 4230 post m=8 hq=0.967 PASS | Dr=-0.018/+0.930 |Dr|max=0.930 Df=-0.002 | g r=0.053 f=0.061 p=0.448(0.002) max=2.741 | Ld=-0.0203 base=-0.0319 r1=0.011 path=0.000573 | Lg=+0.7812 | 64s | curv=+0.101 wide=+0.244 gfmed=0.028
 4240 post m=8 hq=0.979 PASS | Dr=+0.220/+1.591 |Dr|max=1.591 Df=+0.241 | g r=0.028 f=0.029 p=0.405(0.000) max=2.636 | Ld=-0.0344 base=-0.0365 r1=0.00149 path=0.000619 | Lg=+0.8183 | 64s | curv=+0.122 wide=+0.209 gfmed=0.019
 4250 post m=8 hq=0.957 PASS | Dr=+0.187/+1.545 |Dr|max=1.545 Df=+0.208 | g r=0.075 f=0.106 p=0.450(0.002) max=2.316 | Ld=+0.0609 base=0.0343 r1=0.00791 path=0.0188 | Lg=+0.7950 | 64s | curv=+0.18 wide=+0.348 gfmed=0.067
 4260 post m=8 hq=0.967 PASS | Dr=+0.062/+0.745 |Dr|max=0.815 Df=+0.069 | g r=0.049 f=0.063 p=0.442(0.001) max=2.295 | Ld=+0.0064 base=-0.00286 r1=0.00858 path=0.000654 | Lg=+0.7461 | 65s | curv=+0.247 wide=+0.404 gfmed=0.033
 4270 post m=8 hq=0.939 PASS | Dr=-0.006/+2.902 |Dr|max=2.902 Df=-0.014 | g r=0.097 f=0.092 p=0.767(0.003) max=3.725 | Ld=-0.0409 base=-0.0506 r1=0.00625 path=0.00352 | Lg=+1.2372 | 65s | curv=+0.119 wide=+0.311 gfmed=0.061
 4280 post m=8 hq=0.516 fail | Dr=-0.605/+1.629 |Dr|max=2.766 Df=-0.712 | g r=0.132 f=0.352 p=0.794(0.001) max=3.369 | Ld=-0.1019 base=-0.175 r1=0.0447 path=0.0235 cap=0.00442 | Lg=+1.1926 | 65s | curv=+0.756 wide=+0.994 gfmed=0.226
 4290 post m=8 hq=0.599 fail | Dr=-0.381/+1.173 |Dr|max=2.383 Df=-0.474 | g r=0.104 f=0.358 p=0.772(0.003) max=3.233 | Ld=-0.1055 base=-0.14 r1=0.0218 path=0.00577 cap=0.00702 | Lg=+1.0592 | 66s | curv=+0.805 wide=+1.1 gfmed=0.127
 4300 post m=6 hq=0.324 fail | Dr=-0.430/+0.431 |Dr|max=1.599 Df=-0.633 | g r=0.162 f=0.754 p=0.923(0.009) max=3.475 | Ld=-0.0677 base=-0.144 r1=0.0347 path=0.0413 cap=8.93e-05 | Lg=+0.9330 | 66s | curv=+1.35 wide=+1.75 gfmed=0.630
 4310 post m=3 hq=0.119 fail | Dr=-1.225/+0.117 |Dr|max=2.364 Df=-1.535 | g r=0.194 f=0.764 p=0.834(0.009) max=3.473 | Ld=+0.0563 base=-0.14 r1=0.0824 path=0.0987 cap=0.0157 | Lg=+0.9831 | 66s | curv=+1.59 wide=+2.01 gfmed=0.720
 4320 post m=7 hq=0.045 fail | Dr=-1.193/-0.453 |Dr|max=1.868 Df=-1.667 | g r=0.188 f=1.246 p=1.097(0.005) max=3.881 | Ld=-0.3386 base=-0.448 r1=0.0688 path=0.039 cap=0.00184 | Lg=+1.0401 | 66s | curv=+1.84 wide=+2.35 gfmed=1.190
 4330 post m=3 hq=0.042 fail | Dr=-1.560/-1.071 |Dr|max=2.282 Df=-2.369 | g r=0.290 f=1.231 p=1.350(0.005) max=4.134 | Ld=-0.3114 base=-0.414 r1=0.0914 path=0.00187 cap=0.00879 | Lg=+1.0048 | 67s | curv=+2.35 wide=+3.03 gfmed=1.112
 4340 post m=7 hq=0.073 fail | Dr=-1.482/-0.905 |Dr|max=2.391 Df=-2.245 | g r=0.294 f=1.966 p=1.503(0.008) max=4.758 | Ld=-0.7763 base=-0.931 r1=0.113 path=0.0258 cap=0.0158 | Lg=+1.4646 | 67s | curv=+2.4 wide=+3 gfmed=1.902
 4350 post m=6 hq=0.177 fail | Dr=-1.269/-0.510 |Dr|max=2.038 Df=-1.935 | g r=0.218 f=1.297 p=1.344(0.019) max=3.879 | Ld=-0.6182 base=-0.725 r1=0.0937 path=0.00861 cap=0.00493 | Lg=+1.3410 | 67s | curv=+1.76 wide=+2.35 gfmed=1.264
 4360 post m=4 hq=0.052 fail | Dr=-1.411/-1.091 |Dr|max=1.952 Df=-2.506 | g r=0.242 f=1.731 p=1.594(0.011) max=3.868 | Ld=-0.5656 base=-0.685 r1=0.0961 path=0.000407 cap=0.0232 | Lg=+1.2222 | 67s | curv=+2.65 wide=+3.35 gfmed=1.685
 4370 post m=6 hq=0.155 fail | Dr=-1.371/-0.876 |Dr|max=2.054 Df=-1.850 | g r=0.276 f=1.610 p=1.594(0.003) max=4.037 | Ld=-0.7299 base=-0.879 r1=0.125 path=0.000427 cap=0.0238 | Lg=+1.4679 | 67s | curv=+2.56 wide=+3.23 gfmed=1.700
 4380 post m=8 hq=0.285 fail | Dr=-1.296/-0.094 |Dr|max=2.559 Df=-1.656 | g r=0.202 f=1.345 p=1.425(0.004) max=3.733 | Ld=-0.4559 base=-0.551 r1=0.0779 path=0.000456 cap=0.0171 | Lg=+1.2292 | 68s | curv=+1.66 wide=+2.35 gfmed=1.276
 4390 post m=8 hq=0.289 fail | Dr=-1.290/-0.378 |Dr|max=2.351 Df=-1.642 | g r=0.235 f=1.509 p=1.329(0.008) max=4.148 | Ld=-0.3102 base=-0.43 r1=0.111 path=0.00133 cap=0.00745 | Lg=+1.1013 | 68s | curv=+2.23 wide=+2.92 gfmed=1.629
 4400 post m=5 hq=0.166 fail | Dr=-1.135/-0.450 |Dr|max=1.882 Df=-1.522 | g r=0.217 f=1.483 p=1.428(0.008) max=3.657 | Ld=-0.2206 base=-0.322 r1=0.101 path=0.000329 cap=0.000477 | Lg=+0.9844 | 68s | curv=+1.85 wide=+2.63 gfmed=1.518
 4410 post m=8 hq=0.347 fail | Dr=-1.145/-0.115 |Dr|max=1.808 Df=-1.523 | g r=0.216 f=1.187 p=1.363(0.003) max=3.630 | Ld=-0.2475 base=-0.371 r1=0.117 path=0.000363 cap=0.00566 | Lg=+1.0046 | 68s | curv=+1.14 wide=+1.99 gfmed=0.976
 4420 post m=8 hq=0.630 fail | Dr=-0.568/+0.458 |Dr|max=1.624 Df=-0.733 | g r=0.145 f=0.649 p=1.135(0.011) max=3.207 | Ld=-0.1239 base=-0.165 r1=0.0388 path=0.00245 cap=3.36e-05 | Lg=+0.9056 | 68s | curv=+1.09 wide=+1.6 gfmed=0.274
 4430 post m=8 hq=0.507 fail | Dr=-0.974/+0.190 |Dr|max=2.703 Df=-1.235 | g r=0.212 f=0.983 p=1.324(0.004) max=3.631 | Ld=-0.2714 base=-0.349 r1=0.067 path=0.00189 cap=0.00901 | Lg=+1.1256 | 68s | curv=+1.64 wide=+2.2 gfmed=0.638
 4440 post m=8 hq=0.622 fail | Dr=-0.565/+0.870 |Dr|max=2.174 Df=-0.769 | g r=0.218 f=0.752 p=1.146(0.010) max=3.497 | Ld=-0.1724 base=-0.228 r1=0.0467 path=0.00545 cap=0.00365 | Lg=+1.0275 | 68s | curv=+0.497 wide=+1.11 gfmed=0.361
 4450 post m=8 hq=0.558 fail | Dr=-0.290/+0.809 |Dr|max=1.661 Df=-0.544 | g r=0.145 f=0.801 p=1.137(0.002) max=3.425 | Ld=-0.1343 base=-0.184 r1=0.0439 path=0.00421 cap=0.00152 | Lg=+0.9486 | 68s | curv=+0.952 wide=+1.48 gfmed=0.339
 4460 post m=8 hq=0.658 fail | Dr=-0.224/+1.437 |Dr|max=1.437 Df=-0.411 | g r=0.166 f=0.769 p=1.085(0.002) max=3.462 | Ld=-0.0756 base=-0.12 r1=0.0437 path=0.00067 cap=3.92e-05 | Lg=+0.9412 | 68s | curv=+0.374 wide=+0.949 gfmed=0.231
 4470 post m=8 hq=0.619 fail | Dr=-0.196/+0.960 |Dr|max=1.522 Df=-0.400 | g r=0.134 f=0.727 p=1.061(0.004) max=3.724 | Ld=-0.1738 base=-0.219 r1=0.0399 path=0.00489 | Lg=+1.0034 | 68s | curv=+0.665 wide=+1.18 gfmed=0.191
 4480 post m=8 hq=0.685 fail | Dr=+0.078/+1.983 |Dr|max=1.983 Df=-0.091 | g r=0.139 f=0.641 p=1.064(0.002) max=3.502 | Ld=-0.0927 base=-0.142 r1=0.0425 path=0.00677 cap=0.000528 | Lg=+1.0027 | 68s | curv=+0.816 wide=+1.25 gfmed=0.177
 4490 post m=8 hq=0.584 fail | Dr=-0.133/+1.602 |Dr|max=1.602 Df=-0.332 | g r=0.214 f=0.829 p=1.041(0.010) max=3.277 | Ld=-0.0357 base=-0.0997 r1=0.06 path=0.00388 cap=8.71e-05 | Lg=+0.9386 | 68s | curv=+0.27 wide=+0.753 gfmed=0.286
 4500 post m=8 hq=0.842 fail | Dr=+0.548/+2.292 |Dr|max=2.292 Df=+0.484 | g r=0.135 f=0.313 p=0.919(0.010) max=2.772 | Ld=+0.0133 base=-0.0445 r1=0.0516 path=0.0021 cap=0.00407 | Lg=+0.8843 | 69s | curv=+0.461 wide=+0.868 gfmed=0.164
 4510 post m=8 hq=0.930 PASS | Dr=+0.496/+1.911 |Dr|max=1.911 Df=+0.400 | g r=0.108 f=0.157 p=0.941(0.007) max=3.072 | Ld=-0.0343 base=-0.0601 r1=0.0221 path=0.00292 cap=0.000741 | Lg=+0.9400 | 69s | curv=+0.488 wide=+0.856 gfmed=0.094
 4520 post m=8 hq=0.940 PASS | Dr=+0.453/+1.300 |Dr|max=1.300 Df=+0.370 | g r=0.087 f=0.111 p=0.757(0.002) max=2.644 | Ld=+0.0669 base=0.0394 r1=0.0246 path=0.00286 | Lg=+0.8187 | 69s | curv=+0.253 wide=+0.59 gfmed=0.072
 4530 post m=8 hq=0.949 PASS | Dr=+0.704/+2.635 |Dr|max=2.635 Df=+0.597 | g r=0.148 f=0.165 p=0.926(0.009) max=3.104 | Ld=+0.0203 base=-0.0117 r1=0.0298 path=0.00225 | Lg=+1.0641 | 69s | curv=+0.468 wide=+0.725 gfmed=0.132
 4540 post m=8 hq=0.959 PASS | Dr=+0.703/+2.566 |Dr|max=2.566 Df=+0.590 | g r=0.108 f=0.128 p=0.895(0.002) max=3.012 | Ld=-0.0710 base=-0.116 r1=0.0315 path=0.0139 | Lg=+1.0697 | 69s | curv=+0.194 wide=+0.46 gfmed=0.100
 4550 post m=8 hq=0.954 PASS | Dr=+0.829/+2.202 |Dr|max=2.202 Df=+0.713 | g r=0.111 f=0.123 p=0.888(0.001) max=3.035 | Ld=+0.0575 base=0.0233 r1=0.0227 path=0.0102 cap=0.00132 | Lg=+0.9594 | 69s | curv=-0.108 wide=+0.123 gfmed=0.092
 4560 post m=8 hq=0.966 PASS | Dr=+0.915/+2.365 |Dr|max=2.365 Df=+0.792 | g r=0.075 f=0.085 p=0.895(0.003) max=2.927 | Ld=+0.0118 base=-0.00657 r1=0.0174 path=0.000951 cap=3.39e-06 | Lg=+0.9928 | 69s | curv=+0.257 wide=+0.469 gfmed=0.072
 4570 post m=8 hq=0.968 PASS | Dr=+0.825/+3.196 |Dr|max=3.196 Df=+0.700 | g r=0.122 f=0.131 p=0.966(0.003) max=3.284 | Ld=-0.1201 base=-0.137 r1=0.0103 path=0.00644 | Lg=+1.2102 | 69s | curv=+0.564 wide=+0.681 gfmed=0.118
 4580 post m=8 hq=0.939 PASS | Dr=+0.878/+4.117 |Dr|max=4.117 Df=+0.756 | g r=0.098 f=0.126 p=1.136(0.001) max=3.365 | Ld=-0.2057 base=-0.227 r1=0.0108 path=0.007 cap=0.00337 | Lg=+1.5714 | 69s | curv=+0.151 wide=+0.32 gfmed=0.085
 4590 post m=8 hq=0.953 PASS | Dr=+0.722/+2.585 |Dr|max=2.585 Df=+0.587 | g r=0.107 f=0.118 p=0.967(0.002) max=2.897 | Ld=-0.0305 base=-0.0531 r1=0.0129 path=0.00721 cap=0.00242 | Lg=+1.1017 | 69s | curv=+0.247 wide=+0.453 gfmed=0.101
 4600 post m=8 hq=0.959 PASS | Dr=+1.012/+2.174 |Dr|max=2.174 Df=+0.880 | g r=0.078 f=0.091 p=0.915(0.001) max=2.702 | Ld=+0.0211 base=0.00735 r1=0.0108 path=0.00299 | Lg=+1.0035 | 69s | curv=+0.0733 wide=+0.291 gfmed=0.075
# COMPLETE 4600 updates in 69s; prehold 94/120; arrival=250
