case,family,n,mechanism,dim,feature_map,backend,seed,initial_latent_sha256,initial_model_sha256,first_full_speedup,initial_masses,initial_unsupported_mass,initial_rare_ratio,initial_mass_tv,initial_rare_original_retention,initial_repair_recall,initial_repair_precision,initial_semantic_repair_recall,initial_semantic_repair_precision,initial_repaired,initial_semantic_repaired,initial_written,initial_original_supported_lost,exact_masses,exact_unsupported_mass,exact_rare_ratio,exact_mass_tv,exact_rare_original_retention,exact_repair_recall,exact_repair_precision,exact_semantic_repair_recall,exact_semantic_repair_precision,exact_repaired,exact_semantic_repaired,exact_written,exact_original_supported_lost,common_first_masses,common_first_unsupported_mass,common_first_rare_ratio,common_first_mass_tv,common_first_rare_original_retention,common_first_repair_recall,common_first_repair_precision,common_first_semantic_repair_recall,common_first_semantic_repair_precision,common_first_repaired,common_first_semantic_repaired,common_first_written,common_first_original_supported_lost,common_four_masses,common_four_unsupported_mass,common_four_rare_ratio,common_four_mass_tv,common_four_rare_original_retention,common_four_repair_recall,common_four_repair_precision,common_four_semantic_repair_recall,common_four_semantic_repair_precision,common_four_repaired,common_four_semantic_repaired,common_four_written,common_four_original_supported_lost,native_first_masses,native_first_unsupported_mass,native_first_rare_ratio,native_first_mass_tv,native_first_rare_original_retention,native_first_repair_recall,native_first_repair_precision,native_first_semantic_repair_recall,native_first_semantic_repair_precision,native_first_repaired,native_first_semantic_repaired,native_first_written,native_first_original_supported_lost,native_four_masses,native_four_unsupported_mass,native_four_rare_ratio,native_four_mass_tv,native_four_rare_original_retention,native_four_repair_recall,native_four_repair_precision,native_four_semantic_repair_recall,native_four_semantic_repair_precision,native_four_repaired,native_four_semantic_repaired,native_four_written,native_four_original_supported_lost,detector_flagged,detector_true_unsupported,detector_tp,detector_fp,detector_recall,detector_precision,detector_legitimate_fpr,detector_bulk_fpr,detector_rare_false_positive,detector_passes,detector_action_guard,exact_parent_moved,exact_parent_parent_support,exact_parent_parent_semantic_valid,exact_parent_provenance_agreement,exact_parent_expected_semantic_valid,exact_parent_candidate_size_min,exact_parent_candidate_size_mean,exact_parent_candidate_size_max,qualification_exact,qualification_common_first,qualification_common_final,qualification_full_first,qualification_full_final,common_churn,native_churn,ordinary_moves_four,isolation_moves_four,native_first_seconds,native_first_g_forward_calls,native_first_g_forward_rows,native_first_critic_forward_calls,native_first_critic_forward_rows,native_first_backwards,native_first_cdist_pairs,native_first_cdist_coordinate_work,native_first_peak_cdist_matrix_bytes,native_first_rss_before_mib,native_first_rss_after_mib,native_first_process_peak_rss_mib,native_first_snapshot_distance_cells,native_first_snapshot_projection_products,native_first_snapshot_count_test_terms,native_first_snapshot_parent_candidate_cells,native_first_snapshot_max_distance_rows,native_first_snapshot_max_distance_columns,native_first_snapshot_retained_array_bytes,native_first_snapshot_rebuilds,exact_feature_seconds,exact_setup_seconds,exact_support_seconds,exact_selector_seconds,native_ordinary_parent_support,native_isolation_parent_support,qualification_common_jitter,qualification_full
cost_nominal_1024_d8_frozen_toy_head,cost,1024,nominal,8,frozen_toy_head,cb64_ra,90229,ff346d374305a061fe83ed85d553e49c663f7600413b172111ded8924badaae0,23e5925bbc09b36dc18088e319f463a9f94ec1098f8250fb38b79990ae0ed892,1.2821287173787388,"[0.2373046875, 0.2138671875, 0.1708984375, 0.134765625, 0.095703125, 0.0634765625, 0.03125, 0.0078125, 0.044921875]",0.044921875,1.0,0.044921875,1.0,0.0,0.0,0.0,0.0,0,0,0,0,"[0.25, 0.2197265625, 0.1708984375, 0.1484375, 0.095703125, 0.0751953125, 0.0322265625, 0.0078125, 0.0]",0.0,1.0,0.013671875,1.0,1.0,1.0,0.6956521739130435,0.6956521739130435,46,32,46,0,"[0.25, 0.2197265625, 0.1708984375, 0.1484375, 0.095703125, 0.0751953125, 0.0322265625, 0.0078125, 0.0]",0.0,1.0,0.013671875,1.0,1.0,1.0,0.6956521739130435,0.6956521739130435,46,32,46,0,"[0.25, 0.2197265625, 0.1708984375, 0.1484375, 0.095703125, 0.0751953125, 0.0322265625, 0.0078125, 0.0]",0.0,1.0,0.013671875,1.0,1.0,1.0,0.6956521739130435,0.6956521739130435,46,32,46,0,"[0.25, 0.2373046875, 0.1708984375, 0.1484375, 0.095703125, 0.0576171875, 0.0322265625, 0.0078125, 0.0]",0.0,1.0,0.0263671875,1.0,1.0,0.71875,0.6956521739130435,0.5,46,32,64,0,"[0.248046875, 0.216796875, 0.193359375, 0.1484375, 0.095703125, 0.0576171875, 0.0322265625, 0.0078125, 0.0]",0.0,1.0,0.0224609375,1.0,1.0,0.3382352941176471,0.6956521739130435,0.23529411764705882,46,32,136,0,46,46,46,0,1.0,1.0,0.0,0.0,0,True,True,46,1.0,0.6956521739130435,0.6956521739130435,0.6956521739130435,1,2.239130434782609,4,False,False,False,False,False,0.0,0.0,90,46,0.040421007899567485,9,2112,13,3136,0,0,0,0,591.265625,603.84765625,600.53125,608640,2637824,1600,11776,256,256,91136,1,0.001171451061964035,0.014847741927951574,0.0007390209939330816,0.0039331261068582535,1.0,1.0,,
cost_nominal_1024_d8_frozen_toy_head,cost,1024,nominal,8,frozen_toy_head,e22,90229,ff346d374305a061fe83ed85d553e49c663f7600413b172111ded8924badaae0,23e5925bbc09b36dc18088e319f463a9f94ec1098f8250fb38b79990ae0ed892,1.0,"[0.2373046875, 0.2138671875, 0.1708984375, 0.134765625, 0.095703125, 0.0634765625, 0.03125, 0.0078125, 0.044921875]",0.044921875,1.0,0.044921875,1.0,0.0,0.0,0.0,0.0,0,0,0,0,"[0.25, 0.2197265625, 0.1796875, 0.1396484375, 0.1005859375, 0.0703125, 0.0322265625, 0.0078125, 0.0]",0.0,1.0,0.0,1.0,1.0,1.0,1.0,1.0,46,46,46,0,"[0.25, 0.2197265625, 0.1796875, 0.1396484375, 0.1005859375, 0.0703125, 0.0322265625, 0.0078125, 0.0]",0.0,1.0,0.0,1.0,1.0,1.0,1.0,1.0,46,46,46,0,"[0.25, 0.2197265625, 0.1796875, 0.1396484375, 0.1005859375, 0.0703125, 0.0322265625, 0.0078125, 0.0]",0.0,1.0,0.0,1.0,1.0,1.0,1.0,1.0,46,46,46,0,"[0.25, 0.2197265625, 0.1796875, 0.1396484375, 0.1005859375, 0.0712890625, 0.03125, 0.0078125, 0.0]",0.0,1.0,0.0009765625,1.0,1.0,1.0,0.9782608695652174,0.9782608695652174,46,45,46,0,"[0.244140625, 0.228515625, 0.1826171875, 0.1376953125, 0.099609375, 0.068359375, 0.03125, 0.0078125, 0.0]",0.0,1.0,0.01171875,1.0,1.0,0.7301587301587301,0.9782608695652174,0.7142857142857143,46,45,63,0,46,46,46,0,1.0,1.0,0.0,0.0,0,True,True,46,1.0,1.0,1.0,0.9891304347826086,64,64.0,64,True,True,True,True,False,0.0,0.021739130434782608,18,46,0.05182493501342833,2,2048,3,3072,0,7526332,186039776,8388608,605.734375,608.328125,621.5234375,,,,,,,,,0.0014390021096915007,0.0,0.009612563997507095,0.0008877110667526722,1.0,1.0,,
cost_nominal_2048_d8_frozen_toy_head,cost,2048,nominal,8,frozen_toy_head,cb64_ra,90229,50ff70a27a6025f491a3f4638b5b12540e9300e55227e3656d9ec3d13bd8e897,23e5925bbc09b36dc18088e319f463a9f94ec1098f8250fb38b79990ae0ed892,3.2837328394742378,"[0.23876953125, 0.2099609375, 0.169921875, 0.13671875, 0.09326171875, 0.0673828125, 0.03125, 0.0078125, 0.044921875]",0.044921875,1.0,0.044921875,1.0,0.0,0.0,0.0,0.0,0,0,0,0,"[0.24951171875, 0.22021484375, 0.169921875, 0.150390625, 0.09375, 0.07666015625, 0.03173828125, 0.0078125, 0.0]",0.0,1.0,0.01708984375,1.0,1.0,1.0,0.6086956521739131,0.6086956521739131,92,56,92,0,"[0.24951171875, 0.22021484375, 0.169921875, 0.150390625, 0.09375, 0.07666015625, 0.03173828125, 0.0078125, 0.0]",0.0,1.0,0.01708984375,1.0,1.0,1.0,0.6086956521739131,0.6086956521739131,92,56,92,0,"[0.24951171875, 0.22021484375, 0.169921875, 0.150390625, 0.09375, 0.07666015625, 0.03173828125, 0.0078125, 0.0]",0.0,1.0,0.01708984375,1.0,1.0,1.0,0.6086956521739131,0.6086956521739131,92,56,92,0,"[0.27099609375, 0.20556640625, 0.16748046875, 0.14599609375, 0.09375, 0.07666015625, 0.03173828125, 0.0078125, 0.0]",0.0,1.0,0.03369140625,1.0,1.0,0.4742268041237113,0.6086956521739131,0.28865979381443296,92,56,194,0,"[0.244140625, 0.1982421875, 0.19482421875, 0.14599609375, 0.10595703125, 0.0712890625, 0.03173828125, 0.0078125, 0.0]",0.0,1.0,0.02783203125,1.0,1.0,0.24932249322493225,0.5869565217391305,0.14634146341463414,92,54,369,0,92,92,92,0,1.0,1.0,0.0,0.0,0,True,True,92,1.0,0.6086956521739131,0.6086956521739131,0.6086956521739131,1,4.423913043478261,14,False,False,False,False,False,0.0,0.05434782608695652,286,92,0.04445046512410045,17,4290,25,6338,0,0,0,0,622.1875,622.19140625,621.6484375,1221504,5292544,3136,23552,256,256,168960,1,0.0014829731080681086,0.016407212940976024,0.001175162149593234,0.004561477107927203,1.0,1.0,,
cost_nominal_2048_d8_frozen_toy_head,cost,2048,nominal,8,frozen_toy_head,e22,90229,50ff70a27a6025f491a3f4638b5b12540e9300e55227e3656d9ec3d13bd8e897,23e5925bbc09b36dc18088e319f463a9f94ec1098f8250fb38b79990ae0ed892,1.0,"[0.23876953125, 0.2099609375, 0.169921875, 0.13671875, 0.09326171875, 0.0673828125, 0.03125, 0.0078125, 0.044921875]",0.044921875,1.0,0.044921875,1.0,0.0,0.0,0.0,0.0,0,0,0,0,"[0.25, 0.22021484375, 0.18017578125, 0.14013671875, 0.10009765625, 0.06982421875, 0.03173828125, 0.0078125, 0.0]",0.0,1.0,0.0,1.0,1.0,1.0,1.0,1.0,92,92,92,0,"[0.25, 0.22021484375, 0.18017578125, 0.14013671875, 0.10009765625, 0.06982421875, 0.03173828125, 0.0078125, 0.0]",0.0,1.0,0.0,1.0,1.0,1.0,1.0,1.0,92,92,92,0,"[0.25, 0.22021484375, 0.18017578125, 0.14013671875, 0.10009765625, 0.06982421875, 0.03173828125, 0.0078125, 0.0]",0.0,1.0,0.0,1.0,1.0,1.0,1.0,1.0,92,92,92,0,"[0.25, 0.22021484375, 0.18017578125, 0.14013671875, 0.10009765625, 0.06982421875, 0.03173828125, 0.0078125, 0.0]",0.0,1.0,0.0,1.0,1.0,1.0,1.0,1.0,92,92,92,0,"[0.2490234375, 0.22265625, 0.18017578125, 0.1396484375, 0.10009765625, 0.06982421875, 0.03076171875, 0.0078125, 0.0]",0.0,1.0,0.00244140625,1.0,1.0,0.8141592920353983,1.0,0.8141592920353983,92,92,113,0,92,92,92,0,1.0,1.0,0.0,0.0,0,True,True,92,1.0,1.0,1.0,0.9977187332259796,81,81.0,81,True,True,True,True,False,0.0,0.0,21,92,0.14596345205791295,2,4096,3,6144,0,30105328,744159104,33554432,622.35546875,622.08984375,657.5546875,,,,,,,,,0.0016741419676691294,0.0,0.0300943439360708,0.0023337139282375574,1.0,1.0,,
cost_nominal_4096_d8_frozen_toy_head,cost,4096,nominal,8,frozen_toy_head,cb64_ra,90229,f04961671412757f8f67bc9421e33fd4418cb03d494bbab1d3d2452a022041d8,23e5925bbc09b36dc18088e319f463a9f94ec1098f8250fb38b79990ae0ed892,7.185274975569964,"[0.239013671875, 0.21044921875, 0.16943359375, 0.13427734375, 0.095947265625, 0.06689453125, 0.031005859375, 0.008056640625, 0.044921875]",0.044921875,1.0,0.044921875,1.0,0.0,0.0,0.0,0.0,0,0,0,0,"[0.25, 0.2197265625, 0.16943359375, 0.150390625, 0.09619140625, 0.07421875, 0.031982421875, 0.008056640625, 0.0]",0.0,1.0,0.0146484375,1.0,1.0,1.0,0.6630434782608695,0.6630434782608695,184,122,184,0,"[0.25, 0.2197265625, 0.16943359375, 0.150390625, 0.09619140625, 0.07421875, 0.031982421875, 0.008056640625, 0.0]",0.0,1.0,0.0146484375,1.0,1.0,1.0,0.6630434782608695,0.6630434782608695,184,122,184,0,"[0.25, 0.2197265625, 0.16943359375, 0.150390625, 0.09619140625, 0.07421875, 0.031982421875, 0.008056640625, 0.0]",0.0,1.0,0.0146484375,1.0,1.0,1.0,0.6630434782608695,0.6630434782608695,184,122,184,0,"[0.249755859375, 0.228271484375, 0.172607421875, 0.13818359375, 0.100341796875, 0.07080078125, 0.031982421875, 0.008056640625, 0.0]",0.0,1.0,0.00927734375,1.0,1.0,0.4742268041237113,0.6630434782608695,0.31443298969072164,184,122,388,0,"[0.248291015625, 0.25390625, 0.17431640625, 0.126953125, 0.097412109375, 0.06201171875, 0.029052734375, 0.008056640625, 0.0]",0.0,1.0,0.033935546875,1.0,1.0,0.2013129102844639,0.6630434782608695,0.13347921225382933,184,122,914,0,184,184,184,0,1.0,1.0,0.0,0.0,0,True,True,184,1.0,0.6630434782608695,0.6630434782608695,0.6630434782608695,1,5.663043478260869,11,False,False,False,False,False,0.0,0.005434782608695652,742,184,0.0742848280351609,34,8580,50,12676,0,0,0,0,616.6484375,623.65625,677.37109375,2443008,10585088,6208,47104,256,256,324608,1,0.003204785054549575,0.026000716956332326,0.0029908749274909496,0.007484391098842025,1.0,1.0,,
cost_nominal_4096_d8_frozen_toy_head,cost,4096,nominal,8,frozen_toy_head,e22,90229,f04961671412757f8f67bc9421e33fd4418cb03d494bbab1d3d2452a022041d8,23e5925bbc09b36dc18088e319f463a9f94ec1098f8250fb38b79990ae0ed892,1.0,"[0.239013671875, 0.21044921875, 0.16943359375, 0.13427734375, 0.095947265625, 0.06689453125, 0.031005859375, 0.008056640625, 0.044921875]",0.044921875,1.0,0.044921875,1.0,0.0,0.0,0.0,0.0,0,0,0,0,"[0.25, 0.219970703125, 0.179931640625, 0.139892578125, 0.10009765625, 0.070068359375, 0.031982421875, 0.008056640625, 0.0]",0.0,1.0,0.0,1.0,1.0,1.0,1.0,1.0,184,184,184,0,"[0.25, 0.219970703125, 0.179931640625, 0.139892578125, 0.10009765625, 0.070068359375, 0.031982421875, 0.008056640625, 0.0]",0.0,1.0,0.0,1.0,1.0,1.0,1.0,1.0,184,184,184,0,"[0.25, 0.219970703125, 0.179931640625, 0.139892578125, 0.10009765625, 0.070068359375, 0.031982421875, 0.008056640625, 0.0]",0.0,1.0,0.0,1.0,1.0,1.0,1.0,1.0,184,184,184,0,"[0.25, 0.219970703125, 0.179931640625, 0.139892578125, 0.10009765625, 0.070068359375, 0.031982421875, 0.008056640625, 0.0]",0.0,1.0,0.0,1.0,1.0,1.0,1.0,1.0,184,184,184,0,"[0.25244140625, 0.224609375, 0.1787109375, 0.134765625, 0.099853515625, 0.070556640625, 0.031005859375, 0.008056640625, 0.0]",0.0,1.0,0.007568359375,1.0,1.0,0.7131782945736435,0.9945652173913043,0.7093023255813954,184,183,258,0,184,184,184,0,1.0,1.0,0.0,0.0,0,True,True,184,1.0,1.0,1.0,1.0,81,81.0,81,True,True,True,True,False,0.0,0.005434782608695652,75,184,0.5337569159455597,2,8192,3,12288,0,120421312,2976636416,67108864,628.98828125,643.65234375,754.359375,,,,,,,,,0.003126424038782716,0.0,0.08164880890399218,0.007329839980229735,1.0,1.0,,
cost_nominal_8192_d8_frozen_toy_head,cost,8192,nominal,8,frozen_toy_head,cb64_ra,90229,1f930c5e5d59563df09f63ed45a75a2eeecd45045e4a8292bd362235fbbf5ce7,23e5925bbc09b36dc18088e319f463a9f94ec1098f8250fb38b79990ae0ed892,20.48241904651156,"[0.2401123046875, 0.2088623046875, 0.1728515625, 0.1337890625, 0.0953369140625, 0.0650634765625, 0.0308837890625, 0.008056640625, 0.0450439453125]",0.0450439453125,1.0,0.0450439453125,1.0,0.0,0.0,0.0,0.0,0,0,0,0,"[0.24951171875, 0.2198486328125, 0.1728515625, 0.147216796875, 0.095947265625, 0.0745849609375, 0.031982421875, 0.008056640625, 0.0]",0.0,1.0,0.0118408203125,1.0,1.0,1.0,0.7208672086720868,0.7208672086720868,369,266,369,0,"[0.24951171875, 0.2198486328125, 0.1728515625, 0.147216796875, 0.095947265625, 0.0745849609375, 0.031982421875, 0.008056640625, 0.0]",0.0,1.0,0.0118408203125,1.0,1.0,1.0,0.7208672086720868,0.7208672086720868,369,266,369,0,"[0.24951171875, 0.2198486328125, 0.1728515625, 0.147216796875, 0.095947265625, 0.0745849609375, 0.031982421875, 0.008056640625, 0.0]",0.0,1.0,0.0118408203125,1.0,1.0,1.0,0.7208672086720868,0.7208672086720868,369,266,369,0,"[0.2548828125, 0.2169189453125, 0.1719970703125, 0.149169921875, 0.0948486328125, 0.0716552734375, 0.032470703125, 0.008056640625, 0.0]",0.0,1.0,0.0162353515625,1.0,1.0,0.47429305912596403,0.7208672086720868,0.34190231362467866,369,266,778,0,"[0.254638671875, 0.2247314453125, 0.176513671875, 0.147705078125, 0.0941162109375, 0.0650634765625, 0.0286865234375, 0.008544921875, 0.0]",0.0,1.0606060606060606,0.017578125,1.0,1.0,0.18711967545638944,0.7127371273712737,0.13336713995943206,369,263,1972,0,369,369,369,0,1.0,1.0,0.0,0.0,0,True,True,369,1.0,0.7208672086720868,0.7208672086720868,0.7208672086720868,1,6.504065040650406,16,False,False,False,False,False,0.0,0.02981029810298103,1636,369,0.10830410709604621,68,17162,100,25354,0,0,0,0,638.58984375,638.59375,768.984375,4886464,21170688,12352,94464,256,256,635904,1,0.005944447824731469,0.035495712189003825,0.004474916961044073,0.010388375027105212,1.0,1.0,,
cost_nominal_8192_d8_frozen_toy_head,cost,8192,nominal,8,frozen_toy_head,e22,90229,1f930c5e5d59563df09f63ed45a75a2eeecd45045e4a8292bd362235fbbf5ce7,23e5925bbc09b36dc18088e319f463a9f94ec1098f8250fb38b79990ae0ed892,1.0,"[0.2401123046875, 0.2088623046875, 0.1728515625, 0.1337890625, 0.0953369140625, 0.0650634765625, 0.0308837890625, 0.008056640625, 0.0450439453125]",0.0450439453125,1.0,0.0450439453125,1.0,0.0,0.0,0.0,0.0,0,0,0,0,"[0.25, 0.219970703125, 0.1800537109375, 0.1400146484375, 0.0999755859375, 0.0699462890625, 0.031982421875, 0.008056640625, 0.0]",0.0,1.0,0.0,1.0,1.0,1.0,1.0,1.0,369,369,369,0,"[0.25, 0.219970703125, 0.1800537109375, 0.1400146484375, 0.0999755859375, 0.0699462890625, 0.031982421875, 0.008056640625, 0.0]",0.0,1.0,0.0,1.0,1.0,1.0,1.0,1.0,369,369,369,0,"[0.25, 0.219970703125, 0.1800537109375, 0.1400146484375, 0.0999755859375, 0.0699462890625, 0.031982421875, 0.008056640625, 0.0]",0.0,1.0,0.0,1.0,1.0,1.0,1.0,1.0,369,369,369,0,"[0.25, 0.219970703125, 0.1800537109375, 0.1400146484375, 0.0999755859375, 0.0699462890625, 0.031982421875, 0.008056640625, 0.0]",0.0,1.0,0.0,1.0,1.0,1.0,1.0,1.0,369,369,369,0,"[0.24951171875, 0.2239990234375, 0.18017578125, 0.1385498046875, 0.0987548828125, 0.0699462890625, 0.0322265625, 0.0068359375, 0.0]",0.0,0.8484848484848485,0.00439453125,0.8333333333333334,1.0,0.7137330754352031,1.0,0.7137330754352031,369,369,517,0,369,369,369,0,1.0,1.0,0.0,0.0,0,True,True,369,1.0,1.0,1.0,0.9999457994579947,100,100.0,100,True,True,True,True,False,0.0,0.0,148,369,2.2183301059994847,2,16384,3,24576,0,481717279,11906801912,134217728,648.26953125,704.48046875,901.203125,,,,,,,,,0.005346158053725958,0.0,0.28315690183080733,0.03847227618098259,1.0,1.0,,
cost_highdim_1024_d128_frozen_toy_head,cost,1024,highdim,128,frozen_toy_head,cb64_ra,90229,4be60142efc3c755f94565ca71ff4a4dc372363eaa25ac1cf9f1fa8d300a0bc8,ac79a6bef93f0c7ff8a7120f016165259aba591e803c6900ee1441521d8d019d,2.2334770484174182,"[0.2373046875, 0.2080078125, 0.1748046875, 0.1337890625, 0.0966796875, 0.06640625, 0.0302734375, 0.0078125, 0.044921875]",0.044921875,1.0,0.044921875,1.0,0.0,0.0,0.0,0.0,0,0,0,0,"[0.2373046875, 0.2080078125, 0.1748046875, 0.1337890625, 0.0966796875, 0.06640625, 0.0302734375, 0.0078125, 0.044921875]",0.044921875,1.0,0.044921875,1.0,0.0,0.0,0.0,0.0,0,0,0,0,"[0.2373046875, 0.2080078125, 0.1748046875, 0.1337890625, 0.0966796875, 0.06640625, 0.0302734375, 0.0078125, 0.044921875]",0.044921875,1.0,0.044921875,1.0,0.0,0.0,0.0,0.0,0,0,0,0,"[0.2373046875, 0.2080078125, 0.1748046875, 0.1337890625, 0.0966796875, 0.06640625, 0.0302734375, 0.0078125, 0.044921875]",0.044921875,1.0,0.044921875,1.0,0.0,0.0,0.0,0.0,0,0,0,0,"[0.2373046875, 0.2080078125, 0.1748046875, 0.1337890625, 0.0966796875, 0.06640625, 0.0302734375, 0.0078125, 0.044921875]",0.044921875,1.0,0.044921875,1.0,0.0,0.0,0.0,0.0,0,0,0,0,"[0.2373046875, 0.2080078125, 0.1748046875, 0.1337890625, 0.0966796875, 0.06640625, 0.0302734375, 0.0078125, 0.044921875]",0.044921875,1.0,0.044921875,1.0,0.0,0.0,0.0,0.0,0,0,0,0,0,46,0,0,0.0,0.0,0.0,0.0,0,False,False,0,,,,,,,,False,False,False,False,False,0.0,0.0,0,0,0.04554501594975591,8,2048,12,3072,0,0,0,0,680.8359375,680.9921875,939.67578125,524288,10485760,1600,0,256,64,98816,1,0.004250026075169444,0.0195440580137074,0.0018667429685592651,0.0005252910777926445,,,,
cost_highdim_1024_d128_frozen_toy_head,cost,1024,highdim,128,frozen_toy_head,e22,90229,4be60142efc3c755f94565ca71ff4a4dc372363eaa25ac1cf9f1fa8d300a0bc8,ac79a6bef93f0c7ff8a7120f016165259aba591e803c6900ee1441521d8d019d,1.0,"[0.2373046875, 0.2080078125, 0.1748046875, 0.1337890625, 0.0966796875, 0.06640625, 0.0302734375, 0.0078125, 0.044921875]",0.044921875,1.0,0.044921875,1.0,0.0,0.0,0.0,0.0,0,0,0,0,"[0.2373046875, 0.2080078125, 0.1748046875, 0.1337890625, 0.0966796875, 0.06640625, 0.0302734375, 0.0078125, 0.044921875]",0.044921875,1.0,0.044921875,1.0,0.0,0.0,0.0,0.0,0,0,0,0,"[0.2373046875, 0.2080078125, 0.1748046875, 0.1337890625, 0.0966796875, 0.06640625, 0.0302734375, 0.0078125, 0.044921875]",0.044921875,1.0,0.044921875,1.0,0.0,0.0,0.0,0.0,0,0,0,0,"[0.2373046875, 0.2080078125, 0.1748046875, 0.1337890625, 0.0966796875, 0.06640625, 0.0302734375, 0.0078125, 0.044921875]",0.044921875,1.0,0.044921875,1.0,0.0,0.0,0.0,0.0,0,0,0,0,"[0.2373046875, 0.2080078125, 0.1748046875, 0.1337890625, 0.0966796875, 0.06640625, 0.0302734375, 0.0078125, 0.044921875]",0.044921875,1.0,0.044921875,1.0,0.0,0.0,0.0,0.0,0,0,0,0,"[0.2373046875, 0.2080078125, 0.1748046875, 0.1337890625, 0.0966796875, 0.06640625, 0.0302734375, 0.0078125, 0.044921875]",0.044921875,1.0,0.044921875,1.0,0.0,0.0,0.0,0.0,0,0,0,0,0,46,0,0,0.0,0.0,0.0,0.0,0,False,False,0,,,,,,,,False,False,False,False,False,0.0,0.0,0,0,0.10172374779358506,2,2048,3,3072,0,7340032,939524096,8388608,681.2421875,697.8671875,939.67578125,,,,,,,,,0.003706645919010043,0.0,0.02604554803110659,5.854014307260513e-05,,,,
cost_highdim_2048_d128_frozen_toy_head,cost,2048,highdim,128,frozen_toy_head,cb64_ra,90229,30e28c67921626400fff9a46f2cb2e142d708a2749b8ed8ab0b87ff633c5cab9,ac79a6bef93f0c7ff8a7120f016165259aba591e803c6900ee1441521d8d019d,6.3495189929629365,"[0.23681640625, 0.212890625, 0.16943359375, 0.134765625, 0.09619140625, 0.06689453125, 0.0302734375, 0.0078125, 0.044921875]",0.044921875,1.0,0.044921875,1.0,0.0,0.0,0.0,0.0,0,0,0,0,"[0.23681640625, 0.212890625, 0.16943359375, 0.134765625, 0.09619140625, 0.06689453125, 0.0302734375, 0.0078125, 0.044921875]",0.044921875,1.0,0.044921875,1.0,0.0,0.0,0.0,0.0,0,0,0,0,"[0.23681640625, 0.212890625, 0.16943359375, 0.134765625, 0.09619140625, 0.06689453125, 0.0302734375, 0.0078125, 0.044921875]",0.044921875,1.0,0.044921875,1.0,0.0,0.0,0.0,0.0,0,0,0,0,"[0.23681640625, 0.212890625, 0.16943359375, 0.134765625, 0.09619140625, 0.06689453125, 0.0302734375, 0.0078125, 0.044921875]",0.044921875,1.0,0.044921875,1.0,0.0,0.0,0.0,0.0,0,0,0,0,"[0.23681640625, 0.20654296875, 0.16943359375, 0.134765625, 0.09619140625, 0.0732421875, 0.0302734375, 0.0078125, 0.044921875]",0.044921875,1.0,0.04833984375,1.0,0.0,0.0,0.0,0.0,0,0,20,0,"[0.26904296875, 0.18603515625, 0.16943359375, 0.134765625, 0.09619140625, 0.0615234375, 0.0302734375, 0.0078125, 0.044921875]",0.044921875,1.0,0.06396484375,1.0,0.021739130434782608,0.023529411764705882,0.0,0.0,2,0,85,2,0,92,0,0,0.0,0.0,0.0,0.0,0,False,False,0,,,,,,,,False,False,False,False,False,0.0,0.0,88,0,0.06988820200785995,17,4116,25,6164,0,0,0,0,660.5546875,662.375,939.67578125,1049856,20992000,3136,0,256,64,176640,1,0.00738888094201684,0.020023609045892954,0.0020286228973418474,0.0006900408770889044,0.9772727272727273,,,
cost_highdim_2048_d128_frozen_toy_head,cost,2048,highdim,128,frozen_toy_head,e22,90229,30e28c67921626400fff9a46f2cb2e142d708a2749b8ed8ab0b87ff633c5cab9,ac79a6bef93f0c7ff8a7120f016165259aba591e803c6900ee1441521d8d019d,1.0,"[0.23681640625, 0.212890625, 0.16943359375, 0.134765625, 0.09619140625, 0.06689453125, 0.0302734375, 0.0078125, 0.044921875]",0.044921875,1.0,0.044921875,1.0,0.0,0.0,0.0,0.0,0,0,0,0,"[0.23681640625, 0.212890625, 0.16943359375, 0.134765625, 0.09619140625, 0.06689453125, 0.0302734375, 0.0078125, 0.044921875]",0.044921875,1.0,0.044921875,1.0,0.0,0.0,0.0,0.0,0,0,0,0,"[0.23681640625, 0.212890625, 0.16943359375, 0.134765625, 0.09619140625, 0.06689453125, 0.0302734375, 0.0078125, 0.044921875]",0.044921875,1.0,0.044921875,1.0,0.0,0.0,0.0,0.0,0,0,0,0,"[0.23681640625, 0.212890625, 0.16943359375, 0.134765625, 0.09619140625, 0.06689453125, 0.0302734375, 0.0078125, 0.044921875]",0.044921875,1.0,0.044921875,1.0,0.0,0.0,0.0,0.0,0,0,0,0,"[0.23681640625, 0.212890625, 0.16943359375, 0.134765625, 0.09619140625, 0.06689453125, 0.0302734375, 0.0078125, 0.044921875]",0.044921875,1.0,0.044921875,1.0,0.0,0.0,0.0,0.0,0,0,0,0,"[0.23681640625, 0.212890625, 0.16943359375, 0.134765625, 0.09619140625, 0.06689453125, 0.0302734375, 0.0078125, 0.044921875]",0.044921875,1.0,0.044921875,1.0,0.0,0.0,0.0,0.0,0,0,0,0,0,92,0,0,0.0,0.0,0.0,0.0,0,False,False,0,,,,,,,,False,False,False,False,False,0.0,0.0,0,0,0.44375646603293717,2,4096,3,6144,0,29360128,3758096384,33554432,683.47265625,664.63671875,939.67578125,,,,,,,,,0.006980879930779338,0.0,0.08304098015651107,5.072122439742088e-05,,,,
cost_highdim_4096_d128_frozen_toy_head,cost,4096,highdim,128,frozen_toy_head,cb64_ra,90229,c22963567dfddbc61f6a25e7b1a46c4c66dcc52d4bf65d87f7c05030b31f50c9,ac79a6bef93f0c7ff8a7120f016165259aba591e803c6900ee1441521d8d019d,11.104137098605625,"[0.23876953125, 0.2099609375, 0.171875, 0.134521484375, 0.09619140625, 0.065673828125, 0.030029296875, 0.008056640625, 0.044921875]",0.044921875,1.0,0.044921875,1.0,0.0,0.0,0.0,0.0,0,0,0,0,"[0.23876953125, 0.2099609375, 0.171875, 0.134521484375, 0.09619140625, 0.065673828125, 0.030029296875, 0.008056640625, 0.044921875]",0.044921875,1.0,0.044921875,1.0,0.0,0.0,0.0,0.0,0,0,0,0,"[0.23876953125, 0.2099609375, 0.171875, 0.134521484375, 0.09619140625, 0.065673828125, 0.030029296875, 0.008056640625, 0.044921875]",0.044921875,1.0,0.044921875,1.0,0.0,0.0,0.0,0.0,0,0,0,0,"[0.23876953125, 0.2099609375, 0.171875, 0.134521484375, 0.09619140625, 0.065673828125, 0.030029296875, 0.008056640625, 0.044921875]",0.044921875,1.0,0.044921875,1.0,0.0,0.0,0.0,0.0,0,0,0,0,"[0.23876953125, 0.2099609375, 0.171875, 0.134521484375, 0.09619140625, 0.065673828125, 0.030029296875, 0.008056640625, 0.044921875]",0.044921875,1.0,0.044921875,1.0,0.0,0.0,0.0,0.0,0,0,0,0,"[0.23876953125, 0.2099609375, 0.171875, 0.134521484375, 0.09619140625, 0.065673828125, 0.030029296875, 0.008056640625, 0.044921875]",0.044921875,1.0,0.044921875,1.0,0.0,0.0,0.0,0.0,0,0,0,0,0,184,0,0,0.0,0.0,0.0,0.0,0,False,False,0,,,,,,,,False,False,False,False,False,0.0,0.0,0,0,0.1146727071609348,32,8192,48,12288,0,0,0,0,679.09765625,700.41796875,939.67578125,2097152,41943040,6208,0,256,64,332288,1,0.014557141810655594,0.03012845292687416,0.004441647091880441,0.0021486429031938314,,,,
cost_highdim_4096_d128_frozen_toy_head,cost,4096,highdim,128,frozen_toy_head,e22,90229,c22963567dfddbc61f6a25e7b1a46c4c66dcc52d4bf65d87f7c05030b31f50c9,ac79a6bef93f0c7ff8a7120f016165259aba591e803c6900ee1441521d8d019d,1.0,"[0.23876953125, 0.2099609375, 0.171875, 0.134521484375, 0.09619140625, 0.065673828125, 0.030029296875, 0.008056640625, 0.044921875]",0.044921875,1.0,0.044921875,1.0,0.0,0.0,0.0,0.0,0,0,0,0,"[0.23876953125, 0.2099609375, 0.171875, 0.134521484375, 0.09619140625, 0.065673828125, 0.030029296875, 0.008056640625, 0.044921875]",0.044921875,1.0,0.044921875,1.0,0.0,0.0,0.0,0.0,0,0,0,0,"[0.23876953125, 0.2099609375, 0.171875, 0.134521484375, 0.09619140625, 0.065673828125, 0.030029296875, 0.008056640625, 0.044921875]",0.044921875,1.0,0.044921875,1.0,0.0,0.0,0.0,0.0,0,0,0,0,"[0.23876953125, 0.2099609375, 0.171875, 0.134521484375, 0.09619140625, 0.065673828125, 0.030029296875, 0.008056640625, 0.044921875]",0.044921875,1.0,0.044921875,1.0,0.0,0.0,0.0,0.0,0,0,0,0,"[0.23876953125, 0.2099609375, 0.171875, 0.134521484375, 0.09619140625, 0.065673828125, 0.030029296875, 0.008056640625, 0.044921875]",0.044921875,1.0,0.044921875,1.0,0.0,0.0,0.0,0.0,0,0,0,0,"[0.23876953125, 0.2099609375, 0.171875, 0.134521484375, 0.09619140625, 0.065673828125, 0.030029296875, 0.008056640625, 0.044921875]",0.044921875,1.0,0.044921875,1.0,0.0,0.0,0.0,0.0,0,0,0,0,0,184,0,0,0.0,0.0,0.0,0.0,0,False,False,0,,,,,,,,False,False,False,False,False,0.0,0.0,0,0,1.273341461783275,2,8192,3,12288,0,117440512,15032385536,67108864,692.54296875,710.57421875,939.67578125,,,,,,,,,0.014506791019812226,0.0,0.2159217440057546,5.450984463095665e-05,,,,
cost_highdim_8192_d128_frozen_toy_head,cost,8192,highdim,128,frozen_toy_head,cb64_ra,90229,106a6e22026720c821903c4439e154ce1033e166040066e90aa5f68b242c3636,ac79a6bef93f0c7ff8a7120f016165259aba591e803c6900ee1441521d8d019d,17.442383073730703,"[0.238037109375, 0.2086181640625, 0.1715087890625, 0.1346435546875, 0.0960693359375, 0.067138671875, 0.0308837890625, 0.008056640625, 0.0450439453125]",0.0450439453125,1.0,0.0450439453125,1.0,0.0,0.0,0.0,0.0,0,0,0,0,"[0.238037109375, 0.2086181640625, 0.1715087890625, 0.1346435546875, 0.0960693359375, 0.067138671875, 0.0308837890625, 0.008056640625, 0.0450439453125]",0.0450439453125,1.0,0.0450439453125,1.0,0.0,0.0,0.0,0.0,0,0,0,0,"[0.238037109375, 0.2086181640625, 0.1715087890625, 0.1346435546875, 0.0960693359375, 0.067138671875, 0.0308837890625, 0.008056640625, 0.0450439453125]",0.0450439453125,1.0,0.0450439453125,1.0,0.0,0.0,0.0,0.0,0,0,0,0,"[0.238037109375, 0.2086181640625, 0.1715087890625, 0.1346435546875, 0.0960693359375, 0.067138671875, 0.0308837890625, 0.008056640625, 0.0450439453125]",0.0450439453125,1.0,0.0450439453125,1.0,0.0,0.0,0.0,0.0,0,0,0,0,"[0.238037109375, 0.2086181640625, 0.1715087890625, 0.1346435546875, 0.0960693359375, 0.067138671875, 0.0308837890625, 0.008056640625, 0.0450439453125]",0.0450439453125,1.0,0.0450439453125,1.0,0.0,0.0,0.0,0.0,0,0,0,0,"[0.23681640625, 0.20703125, 0.1715087890625, 0.1346435546875, 0.0960693359375, 0.070068359375, 0.0308837890625, 0.008056640625, 0.044921875]",0.044921875,1.0,0.0450439453125,1.0,0.0027100271002710027,0.03571428571428571,0.0,0.0,1,0,28,0,0,369,0,0,0.0,0.0,0.0,0.0,0,False,False,0,,,,,,,,False,False,False,False,False,0.0,0.0,28,0,0.22674637893214822,64,16384,96,24576,0,0,0,0,735.59375,735.71875,939.67578125,4194304,83886080,12352,0,256,64,643584,1,0.04117167997173965,0.05381090799346566,0.010708466172218323,0.004863827023655176,1.0,,,
cost_highdim_8192_d128_frozen_toy_head,cost,8192,highdim,128,frozen_toy_head,e22,90229,106a6e22026720c821903c4439e154ce1033e166040066e90aa5f68b242c3636,ac79a6bef93f0c7ff8a7120f016165259aba591e803c6900ee1441521d8d019d,1.0,"[0.238037109375, 0.2086181640625, 0.1715087890625, 0.1346435546875, 0.0960693359375, 0.067138671875, 0.0308837890625, 0.008056640625, 0.0450439453125]",0.0450439453125,1.0,0.0450439453125,1.0,0.0,0.0,0.0,0.0,0,0,0,0,"[0.238037109375, 0.2086181640625, 0.1715087890625, 0.1346435546875, 0.0960693359375, 0.067138671875, 0.0308837890625, 0.008056640625, 0.0450439453125]",0.0450439453125,1.0,0.0450439453125,1.0,0.0,0.0,0.0,0.0,0,0,0,0,"[0.238037109375, 0.2086181640625, 0.1715087890625, 0.1346435546875, 0.0960693359375, 0.067138671875, 0.0308837890625, 0.008056640625, 0.0450439453125]",0.0450439453125,1.0,0.0450439453125,1.0,0.0,0.0,0.0,0.0,0,0,0,0,"[0.238037109375, 0.2086181640625, 0.1715087890625, 0.1346435546875, 0.0960693359375, 0.067138671875, 0.0308837890625, 0.008056640625, 0.0450439453125]",0.0450439453125,1.0,0.0450439453125,1.0,0.0,0.0,0.0,0.0,0,0,0,0,"[0.238037109375, 0.2086181640625, 0.1715087890625, 0.1346435546875, 0.0960693359375, 0.067138671875, 0.0308837890625, 0.008056640625, 0.0450439453125]",0.0450439453125,1.0,0.0450439453125,1.0,0.0,0.0,0.0,0.0,0,0,0,0,"[0.238037109375, 0.2086181640625, 0.1715087890625, 0.1346435546875, 0.0960693359375, 0.067138671875, 0.0308837890625, 0.008056640625, 0.0450439453125]",0.0450439453125,1.0,0.0450439453125,1.0,0.0,0.0,0.0,0.0,0,0,0,0,0,369,0,0,0.0,0.0,0.0,0.0,0,False,False,0,,,,,,,,False,False,False,False,False,0.0,0.0,0,0,3.9549972019158304,2,16384,3,24576,0,469762048,60129542144,134217728,745.26171875,745.26171875,1070.265625,,,,,,,,,0.04957028105854988,0.0,0.6684088117908686,4.641013219952583e-05,,,,
cost_rare_hole_1024_d8_frozen_toy_head,cost,1024,rare_hole,8,frozen_toy_head,cb64_ra,90229,358145ee44e5b29504d7b780bb32a845f11bbd9e87d513c42d70ad5e2d100010,23e5925bbc09b36dc18088e319f463a9f94ec1098f8250fb38b79990ae0ed892,1.1784518015373866,"[0.2412109375, 0.2109375, 0.16796875, 0.1357421875, 0.09765625, 0.0673828125, 0.0322265625, 0.001953125, 0.044921875]",0.044921875,1.0,0.044921875,1.0,0.0,0.0,0.0,0.0,0,0,0,0,"[0.2412109375, 0.2109375, 0.16796875, 0.1357421875, 0.09765625, 0.0673828125, 0.05078125, 0.0283203125, 0.0]",0.0,14.5,0.044921875,1.0,1.0,1.0,0.0,0.0,46,0,46,0,"[0.2412109375, 0.2109375, 0.16796875, 0.1357421875, 0.09765625, 0.0673828125, 0.05078125, 0.0283203125, 0.0]",0.0,14.5,0.044921875,1.0,1.0,1.0,0.0,0.0,46,0,46,0,"[0.2412109375, 0.2109375, 0.16796875, 0.1357421875, 0.09765625, 0.0673828125, 0.05078125, 0.0283203125, 0.0]",0.0,14.5,0.044921875,1.0,1.0,1.0,0.0,0.0,46,0,46,0,"[0.2412109375, 0.2197265625, 0.1787109375, 0.1357421875, 0.09765625, 0.048828125, 0.0498046875, 0.0283203125, 0.0]",0.0,14.5,0.0439453125,1.0,1.0,0.696969696969697,0.0,0.0,46,0,66,0,"[0.2763671875, 0.2197265625, 0.1484375, 0.150390625, 0.09765625, 0.048828125, 0.0498046875, 0.0087890625, 0.0]",0.0,4.5,0.0556640625,0.0,1.0,0.46464646464646464,0.0,0.0,46,0,99,0,46,46,46,0,1.0,1.0,0.0,0.0,0,True,True,46,1.0,0.0,0.0,0.0,2,2.0,2,True,True,True,False,False,0.0,0.391304347826087,71,46,0.03303170809522271,9,2114,13,3138,0,0,0,0,683.015625,683.015625,1078.09765625,608768,2638336,1600,11776,256,256,91136,1,0.0012603418435901403,0.013718500034883618,0.000738820992410183,0.003937125904485583,1.0,1.0,,
cost_rare_hole_1024_d8_frozen_toy_head,cost,1024,rare_hole,8,frozen_toy_head,e22,90229,358145ee44e5b29504d7b780bb32a845f11bbd9e87d513c42d70ad5e2d100010,23e5925bbc09b36dc18088e319f463a9f94ec1098f8250fb38b79990ae0ed892,1.0,"[0.2412109375, 0.2109375, 0.16796875, 0.1357421875, 0.09765625, 0.0673828125, 0.0322265625, 0.001953125, 0.044921875]",0.044921875,1.0,0.044921875,1.0,0.0,0.0,0.0,0.0,0,0,0,0,"[0.2412109375, 0.2109375, 0.16796875, 0.1357421875, 0.09765625, 0.0673828125, 0.0322265625, 0.0, 0.046875]",0.046875,0.0,0.046875,0.0,0.0,0.0,0.0,0.0,0,0,46,2,"[0.2412109375, 0.2109375, 0.16796875, 0.1357421875, 0.09765625, 0.0673828125, 0.0322265625, 0.0, 0.046875]",0.046875,0.0,0.046875,0.0,0.0,0.0,0.0,0.0,0,0,46,2,"[0.2412109375, 0.2109375, 0.16796875, 0.1357421875, 0.09765625, 0.0673828125, 0.0322265625, 0.0, 0.046875]",0.046875,0.0,0.046875,0.0,0.0,0.0,0.0,0.0,0,0,46,2,"[0.2412109375, 0.2109375, 0.16796875, 0.1357421875, 0.09765625, 0.0673828125, 0.0322265625, 0.0, 0.046875]",0.046875,0.0,0.046875,0.0,0.0,0.0,0.0,0.0,0,0,46,2,"[0.2373046875, 0.21875, 0.169921875, 0.1376953125, 0.099609375, 0.068359375, 0.0322265625, 0.0, 0.0361328125]",0.0361328125,0.0,0.0361328125,0.0,0.21739130434782608,0.18181818181818182,0.021739130434782608,0.01818181818181818,10,1,55,1,46,46,44,2,0.9565217391304348,0.9565217391304348,0.002044989775051125,0.0,2,True,True,46,0.0,0.0,0.0,0.0,2,2.0,2,False,False,False,False,False,0.0,0.21739130434782608,20,46,0.03892627591267228,2,2048,3,3072,0,7526332,186039776,8388608,683.015625,683.015625,1078.09765625,,,,,,,,,0.0011903520207852125,0.0,0.008246432058513165,0.0008514220826327801,1.0,0.0,,
cost_rare_hole_2048_d8_frozen_toy_head,cost,2048,rare_hole,8,frozen_toy_head,cb64_ra,90229,d1a02f4282e356b15cb9f7114969ee5084df62e943780827787c804f9e5be58d,23e5925bbc09b36dc18088e319f463a9f94ec1098f8250fb38b79990ae0ed892,2.796111530613464,"[0.2421875, 0.21142578125, 0.17236328125, 0.13330078125, 0.095703125, 0.06787109375, 0.0302734375, 0.001953125, 0.044921875]",0.044921875,1.0,0.044921875,1.0,0.0,0.0,0.0,0.0,0,0,0,0,"[0.2421875, 0.21142578125, 0.17236328125, 0.13330078125, 0.095703125, 0.06787109375, 0.03076171875, 0.04638671875, 0.0]",0.0,23.75,0.04443359375,1.0,1.0,1.0,0.0,0.0,92,0,92,0,"[0.2421875, 0.21142578125, 0.17236328125, 0.13330078125, 0.095703125, 0.06787109375, 0.03076171875, 0.04638671875, 0.0]",0.0,23.75,0.04443359375,1.0,1.0,1.0,0.0,0.0,92,0,92,0,"[0.2421875, 0.21142578125, 0.17236328125, 0.13330078125, 0.095703125, 0.06787109375, 0.03076171875, 0.04638671875, 0.0]",0.0,23.75,0.04443359375,1.0,1.0,1.0,0.0,0.0,92,0,92,0,"[0.26416015625, 0.18798828125, 0.16455078125, 0.14404296875, 0.095703125, 0.06787109375, 0.0712890625, 0.00439453125, 0.0]",0.0,2.25,0.05419921875,0.75,1.0,0.4742268041237113,0.03260869565217391,0.015463917525773196,92,3,194,0,"[0.259765625, 0.20556640625, 0.173828125, 0.12939453125, 0.1123046875, 0.06787109375, 0.046875, 0.00439453125, 0.0]",0.0,2.25,0.03369140625,0.75,1.0,0.2996742671009772,0.09782608695652174,0.029315960912052116,92,9,307,0,92,92,92,0,1.0,1.0,0.0,0.0,0,True,True,92,1.0,0.0,0.0,0.0,1,1.0,1,True,True,True,False,False,0.0,0.44565217391304346,257,92,0.045660265954211354,17,4290,25,6338,0,0,0,0,684.375,684.375,1078.09765625,1221504,5292544,3136,23552,256,256,168960,1,0.0015205319505184889,0.016239932971075177,0.0014109730254858732,0.004974787123501301,1.0,1.0,,
cost_rare_hole_2048_d8_frozen_toy_head,cost,2048,rare_hole,8,frozen_toy_head,e22,90229,d1a02f4282e356b15cb9f7114969ee5084df62e943780827787c804f9e5be58d,23e5925bbc09b36dc18088e319f463a9f94ec1098f8250fb38b79990ae0ed892,1.0,"[0.2421875, 0.21142578125, 0.17236328125, 0.13330078125, 0.095703125, 0.06787109375, 0.0302734375, 0.001953125, 0.044921875]",0.044921875,1.0,0.044921875,1.0,0.0,0.0,0.0,0.0,0,0,0,0,"[0.2421875, 0.21142578125, 0.17236328125, 0.1337890625, 0.095703125, 0.07763671875, 0.06689453125, 0.0, 0.0]",0.0,0.0,0.04296875,0.0,1.0,0.9583333333333334,0.043478260869565216,0.041666666666666664,92,4,96,0,"[0.2421875, 0.21142578125, 0.17236328125, 0.1337890625, 0.095703125, 0.07763671875, 0.06689453125, 0.0, 0.0]",0.0,0.0,0.04296875,0.0,1.0,0.9583333333333334,0.043478260869565216,0.041666666666666664,92,4,96,0,"[0.2421875, 0.21142578125, 0.17236328125, 0.1337890625, 0.095703125, 0.07763671875, 0.06689453125, 0.0, 0.0]",0.0,0.0,0.04296875,0.0,1.0,0.9583333333333334,0.043478260869565216,0.041666666666666664,92,4,96,0,"[0.2421875, 0.21142578125, 0.17236328125, 0.134765625, 0.095703125, 0.07666015625, 0.06689453125, 0.0, 0.0]",0.0,0.0,0.0419921875,0.0,1.0,0.9583333333333334,0.043478260869565216,0.041666666666666664,92,4,96,0,"[0.240234375, 0.21337890625, 0.17626953125, 0.1357421875, 0.095703125, 0.07666015625, 0.06201171875, 0.0, 0.0]",0.0,0.0,0.037109375,0.0,1.0,0.773109243697479,0.043478260869565216,0.03361344537815126,92,4,119,0,96,92,92,4,1.0,0.9583333333333334,0.002044989775051125,0.0,4,True,True,96,1.0,0.043478260869565216,0.041666666666666664,0.03757380568974772,72,80.26041666666667,81,False,False,False,False,False,0.0,0.06521739130434782,30,96,0.12767119612544775,2,4096,3,6144,0,30137344,744415232,33554432,684.375,684.375,1078.09765625,,,,,,,,,0.0022471139673143625,0.0,0.029449971858412027,0.0027596650179475546,1.0,1.0,,
cost_rare_hole_4096_d8_frozen_toy_head,cost,4096,rare_hole,8,frozen_toy_head,cb64_ra,90229,b9d3db784df86578d137aac7c2bef3e5e8071ee87714c7f4308fee446aee1653,23e5925bbc09b36dc18088e319f463a9f94ec1098f8250fb38b79990ae0ed892,9.343457408170709,"[0.244873046875, 0.210693359375, 0.171630859375, 0.13427734375, 0.09521484375, 0.066650390625, 0.02978515625, 0.001953125, 0.044921875]",0.044921875,1.0,0.044921875,1.0,0.0,0.0,0.0,0.0,0,0,0,0,"[0.244873046875, 0.210693359375, 0.171630859375, 0.13427734375, 0.09521484375, 0.066650390625, 0.068115234375, 0.008544921875, 0.0]",0.0,4.375,0.042724609375,1.0,1.0,1.0,0.03804347826086957,0.03804347826086957,184,7,184,0,"[0.244873046875, 0.210693359375, 0.171630859375, 0.13427734375, 0.09521484375, 0.066650390625, 0.068115234375, 0.008544921875, 0.0]",0.0,4.375,0.042724609375,1.0,1.0,1.0,0.03804347826086957,0.03804347826086957,184,7,184,0,"[0.244873046875, 0.210693359375, 0.171630859375, 0.13427734375, 0.09521484375, 0.066650390625, 0.068115234375, 0.008544921875, 0.0]",0.0,4.375,0.042724609375,1.0,1.0,1.0,0.03804347826086957,0.03804347826086957,184,7,184,0,"[0.24755859375, 0.21044921875, 0.17138671875, 0.130126953125, 0.100341796875, 0.065673828125, 0.06640625, 0.008056640625, 0.0]",0.0,4.125,0.040771484375,0.75,1.0,0.4742268041237113,0.03804347826086957,0.01804123711340206,184,7,388,0,"[0.273681640625, 0.22412109375, 0.16943359375, 0.126953125, 0.09765625, 0.05859375, 0.04150390625, 0.008056640625, 0.0]",0.0,4.125,0.037353515625,0.75,1.0,0.21271676300578035,0.09782608695652174,0.020809248554913295,184,18,865,0,184,184,184,0,1.0,1.0,0.0,0.0,0,True,True,184,1.0,0.03804347826086957,0.03804347826086957,0.03804347826086957,3,5.559782608695652,6,True,True,True,False,False,0.0,0.3858695652173913,760,184,0.0691923601552844,34,8580,50,12676,0,0,0,0,684.73046875,684.73046875,1078.09765625,2443008,10585088,6208,47104,256,256,324608,1,0.002979454817250371,0.024141904897987843,0.002607794012874365,0.0072033400647342205,1.0,1.0,,
cost_rare_hole_4096_d8_frozen_toy_head,cost,4096,rare_hole,8,frozen_toy_head,e22,90229,b9d3db784df86578d137aac7c2bef3e5e8071ee87714c7f4308fee446aee1653,23e5925bbc09b36dc18088e319f463a9f94ec1098f8250fb38b79990ae0ed892,1.0,"[0.244873046875, 0.210693359375, 0.171630859375, 0.13427734375, 0.09521484375, 0.066650390625, 0.02978515625, 0.001953125, 0.044921875]",0.044921875,1.0,0.044921875,1.0,0.0,0.0,0.0,0.0,0,0,0,0,"[0.244873046875, 0.210693359375, 0.171630859375, 0.13427734375, 0.09521484375, 0.066650390625, 0.02978515625, 0.046875, 0.0]",0.0,24.0,0.044921875,1.0,1.0,0.983957219251337,0.0,0.0,184,0,187,0,"[0.244873046875, 0.210693359375, 0.171630859375, 0.13427734375, 0.09521484375, 0.066650390625, 0.02978515625, 0.046875, 0.0]",0.0,24.0,0.044921875,1.0,1.0,0.983957219251337,0.0,0.0,184,0,187,0,"[0.244873046875, 0.210693359375, 0.171630859375, 0.13427734375, 0.09521484375, 0.066650390625, 0.02978515625, 0.046875, 0.0]",0.0,24.0,0.044921875,1.0,1.0,0.983957219251337,0.0,0.0,184,0,187,0,"[0.244873046875, 0.210693359375, 0.171630859375, 0.13427734375, 0.09521484375, 0.066650390625, 0.02978515625, 0.046875, 0.0]",0.0,24.0,0.044921875,1.0,1.0,0.983957219251337,0.0,0.0,184,0,187,0,"[0.2509765625, 0.21728515625, 0.171630859375, 0.12939453125, 0.097412109375, 0.0673828125, 0.0302734375, 0.03564453125, 0.0]",0.0,18.25,0.03369140625,0.75,1.0,0.7931034482758621,0.03804347826086957,0.03017241379310345,184,7,232,0,187,184,184,3,1.0,0.983957219251337,0.0007668711656441718,0.0,3,True,True,187,1.0,0.0,0.016042780748663103,0.0,2,4.973262032085562,5,True,True,True,True,False,0.0,0.2391304347826087,89,187,0.6464958700817078,2,8192,3,12288,0,120469351,2977020728,67108864,684.73046875,680.07421875,1078.09765625,,,,,,,,,0.0031893139239400625,0.0,0.07966655609197915,0.007677721092477441,1.0,1.0,,
cost_rare_hole_8192_d8_frozen_toy_head,cost,8192,rare_hole,8,frozen_toy_head,cb64_ra,90229,bf11fe1968e810dc5ff0c9f4666ee295e1c979d6b3bc1bd8f5874b19831ab1e8,23e5925bbc09b36dc18088e319f463a9f94ec1098f8250fb38b79990ae0ed892,20.530336594760094,"[0.2445068359375, 0.2100830078125, 0.17041015625, 0.1343994140625, 0.0950927734375, 0.0672607421875, 0.03125, 0.001953125, 0.0450439453125]",0.0450439453125,1.0,0.0450439453125,1.0,0.0,0.0,0.0,0.0,0,0,0,0,"[0.2445068359375, 0.2100830078125, 0.17041015625, 0.1343994140625, 0.0950927734375, 0.0672607421875, 0.068603515625, 0.0096435546875, 0.0]",0.0,4.9375,0.0443115234375,1.0,1.0,1.0,0.013550135501355014,0.013550135501355014,369,5,369,0,"[0.2445068359375, 0.2100830078125, 0.17041015625, 0.1343994140625, 0.0950927734375, 0.0672607421875, 0.068603515625, 0.0096435546875, 0.0]",0.0,4.9375,0.0443115234375,1.0,1.0,1.0,0.013550135501355014,0.013550135501355014,369,5,369,0,"[0.2445068359375, 0.2100830078125, 0.17041015625, 0.1343994140625, 0.0950927734375, 0.0672607421875, 0.068603515625, 0.0096435546875, 0.0]",0.0,4.9375,0.0443115234375,1.0,1.0,1.0,0.013550135501355014,0.013550135501355014,369,5,369,0,"[0.242919921875, 0.2098388671875, 0.1739501953125, 0.1378173828125, 0.0926513671875, 0.0638427734375, 0.0693359375, 0.0096435546875, 0.0]",0.0,4.9375,0.0450439453125,1.0,1.0,0.47429305912596403,0.013550135501355014,0.006426735218508998,369,5,778,0,"[0.255126953125, 0.2130126953125, 0.1734619140625, 0.15625, 0.096435546875, 0.05419921875, 0.047119140625, 0.00439453125, 0.0]",0.0,2.25,0.0338134765625,0.5,1.0,0.20649132624510352,0.11653116531165311,0.024062674874090653,369,43,1787,0,369,369,369,0,1.0,1.0,0.0,0.0,0,True,True,369,1.0,0.013550135501355014,0.013550135501355014,0.013550135501355014,2,2.1707317073170733,3,True,True,True,False,False,0.0,0.5284552845528455,1636,369,0.11945164389908314,68,17162,100,25354,0,0,0,0,719.74609375,719.74609375,1078.09765625,4886464,21170688,12352,94464,256,256,635904,1,0.00536289787851274,0.03751005488447845,0.004403756000101566,0.010488525032997131,1.0,1.0,,
cost_rare_hole_8192_d8_frozen_toy_head,cost,8192,rare_hole,8,frozen_toy_head,e22,90229,bf11fe1968e810dc5ff0c9f4666ee295e1c979d6b3bc1bd8f5874b19831ab1e8,23e5925bbc09b36dc18088e319f463a9f94ec1098f8250fb38b79990ae0ed892,1.0,"[0.2445068359375, 0.2100830078125, 0.17041015625, 0.1343994140625, 0.0950927734375, 0.0672607421875, 0.03125, 0.001953125, 0.0450439453125]",0.0450439453125,1.0,0.0450439453125,1.0,0.0,0.0,0.0,0.0,0,0,0,0,"[0.2445068359375, 0.2100830078125, 0.17041015625, 0.1343994140625, 0.0950927734375, 0.0672607421875, 0.03125, 0.0469970703125, 0.0]",0.0,24.0625,0.0450439453125,1.0,1.0,1.0,0.0,0.0,369,0,369,0,"[0.2445068359375, 0.2100830078125, 0.17041015625, 0.1343994140625, 0.0950927734375, 0.0672607421875, 0.03125, 0.0469970703125, 0.0]",0.0,24.0625,0.0450439453125,1.0,1.0,1.0,0.0,0.0,369,0,369,0,"[0.2445068359375, 0.2100830078125, 0.17041015625, 0.1343994140625, 0.0950927734375, 0.0672607421875, 0.03125, 0.0469970703125, 0.0]",0.0,24.0625,0.0450439453125,1.0,1.0,1.0,0.0,0.0,369,0,369,0,"[0.2445068359375, 0.2100830078125, 0.17041015625, 0.1343994140625, 0.0950927734375, 0.0672607421875, 0.03125, 0.0469970703125, 0.0]",0.0,24.0625,0.0450439453125,1.0,1.0,1.0,0.0,0.0,369,0,369,0,"[0.2486572265625, 0.2137451171875, 0.1746826171875, 0.1346435546875, 0.0950927734375, 0.06787109375, 0.03125, 0.0340576171875, 0.0]",0.0,17.4375,0.0321044921875,0.625,1.0,0.7901498929336188,0.032520325203252036,0.02569593147751606,369,12,467,0,369,369,369,0,1.0,1.0,0.0,0.0,0,True,True,369,1.0,0.0,0.0,0.0,16,16.0,16,True,True,True,True,False,0.0,0.27100271002710025,198,369,2.452382456045598,2,16384,3,24576,0,481717279,11906801912,134217728,720.22265625,784.23046875,1078.09765625,,,,,,,,,0.0052371269557625055,0.0,0.29130257409997284,0.02940050303004682,1.0,1.0,,
geometry_linear_2048_d2_trained600,geometry,2048,linear,2,trained600,cb64_ra,20260929,64c32e0e066b474d027184613fd6abe2933366e5b56139a34692879ade42dc30,b7e742816e0f3ac45c63da1c00be14c5939beec9481d923af4b98ce748c58fa3,2.146870240539577,"[0.5, 0.25, 0.2001953125, 0.009765625, 0.0400390625]",0.0400390625,0.19607843137254902,0.0400390625,1.0,0.0,0.0,0.0,0.0,0,0,0,0,"[0.5, 0.25, 0.2001953125, 0.0498046875, 0.0]",0.0,1.0,0.0,1.0,1.0,0.9647058823529412,1.0,0.9647058823529412,82,82,85,0,"[0.5, 0.25, 0.2001953125, 0.0498046875, 0.0]",0.0,1.0,0.0,1.0,1.0,0.9647058823529412,1.0,0.9647058823529412,82,82,85,0,"[0.5, 0.25, 0.2001953125, 0.0498046875, 0.0]",0.0,1.0,0.0,1.0,1.0,0.9647058823529412,1.0,0.9647058823529412,82,82,85,0,"[0.5, 0.25, 0.2001953125, 0.0498046875, 0.0]",0.0,1.0,0.0,1.0,1.0,0.9647058823529412,1.0,0.9647058823529412,82,82,85,0,"[0.5, 0.25, 0.2001953125, 0.0498046875, 0.0]",0.0,1.0,0.0,1.0,1.0,0.9647058823529412,1.0,0.9647058823529412,82,82,85,0,85,82,82,3,1.0,0.9647058823529412,0.001525940996948118,0.0010277492291880781,1,False,True,85,1.0,1.0,1.0,1.0,1,2.2588235294117647,4,False,,,,,0.0,0.0,0,85,0.053573017939925194,17,4181,25,6229,0,0,0,0,716.98828125,717.078125,1078.09765625,1212288,5264640,3136,21760,256,256,168960,1,0.0012472220696508884,0.019933888921514153,0.0017327219247817993,0.005697719054296613,,1.0,False,False
geometry_linear_2048_d2_trained600,geometry,2048,linear,2,trained600,e22,20260929,64c32e0e066b474d027184613fd6abe2933366e5b56139a34692879ade42dc30,b7e742816e0f3ac45c63da1c00be14c5939beec9481d923af4b98ce748c58fa3,1.0,"[0.5, 0.25, 0.2001953125, 0.009765625, 0.0400390625]",0.0400390625,0.19607843137254902,0.0400390625,1.0,0.0,0.0,0.0,0.0,0,0,0,0,"[0.5, 0.25, 0.2001953125, 0.009765625, 0.0400390625]",0.0400390625,0.19607843137254902,0.0400390625,1.0,0.0,0.0,0.0,0.0,0,0,72,0,"[0.5, 0.25, 0.2001953125, 0.009765625, 0.0400390625]",0.0400390625,0.19607843137254902,0.0400390625,1.0,0.0,0.0,0.0,0.0,0,0,72,0,"[0.5, 0.25, 0.2001953125, 0.009765625, 0.0400390625]",0.0400390625,0.19607843137254902,0.0400390625,1.0,0.0,0.0,0.0,0.0,0,0,72,0,"[0.5, 0.25, 0.2001953125, 0.009765625, 0.0400390625]",0.0400390625,0.19607843137254902,0.0400390625,1.0,0.0,0.0,0.0,0.0,0,0,72,0,"[0.52001953125, 0.25341796875, 0.2001953125, 0.0126953125, 0.013671875]",0.013671875,0.2549019607843137,0.037109375,1.0,0.6585365853658537,0.6352941176470588,0.07317073170731707,0.07058823529411765,54,6,85,0,72,82,68,4,0.8292682926829268,0.9444444444444444,0.002034587995930824,0.0010277492291880781,2,False,True,72,0.05555555555555555,0.0,0.05555555555555555,0.0,1,7.708333333333333,14,False,,,,,0.0,0.5121951219512195,55,72,0.11501431791111827,2,4096,3,6144,0,29944768,689035136,16777216,717.078125,717.078125,1078.09765625,,,,,,,,,0.0011340021155774593,0.0,0.027807889971882105,0.0015063518658280373,1.0,0.05555555555555555,False,False
geometry_linear_2048_d16_trained600,geometry,2048,linear,16,trained600,cb64_ra,20260929,47a1f1950a58342e4a9c38f467d7879d77e76d9e9749ade1764d7ad0a275ca24,b7e742816e0f3ac45c63da1c00be14c5939beec9481d923af4b98ce748c58fa3,2.367454769520172,"[0.5, 0.25, 0.2001953125, 0.009765625, 0.0400390625]",0.0400390625,0.19607843137254902,0.0400390625,1.0,0.0,0.0,0.0,0.0,0,0,0,0,"[0.5, 0.25, 0.2001953125, 0.0498046875, 0.0]",0.0,1.0,0.0,1.0,1.0,0.9647058823529412,1.0,0.9647058823529412,82,82,85,0,"[0.5, 0.25, 0.2001953125, 0.0498046875, 0.0]",0.0,1.0,0.0,1.0,1.0,0.9647058823529412,1.0,0.9647058823529412,82,82,85,0,"[0.5, 0.25, 0.2001953125, 0.0498046875, 0.0]",0.0,1.0,0.0,1.0,1.0,0.9647058823529412,1.0,0.9647058823529412,82,82,85,0,"[0.5, 0.25, 0.2001953125, 0.0498046875, 0.0]",0.0,1.0,0.0,1.0,1.0,0.9647058823529412,1.0,0.9647058823529412,82,82,85,0,"[0.5, 0.25, 0.2001953125, 0.0498046875, 0.0]",0.0,1.0,0.0,1.0,1.0,0.7192982456140351,1.0,0.7192982456140351,82,82,114,0,85,82,82,3,1.0,0.9647058823529412,0.001525940996948118,0.0010277492291880781,1,False,True,85,1.0,1.0,1.0,1.0,1,2.2588235294117647,4,False,,,,,0.0,0.0,29,85,0.04699099785648286,17,4181,25,6229,0,0,0,0,719.578125,719.578125,1078.09765625,1212288,5264640,3136,21760,256,256,168960,1,0.001529592089354992,0.01905587804503739,0.0015134620480239391,0.0061844089068472385,1.0,1.0,False,False
geometry_linear_2048_d16_trained600,geometry,2048,linear,16,trained600,e22,20260929,47a1f1950a58342e4a9c38f467d7879d77e76d9e9749ade1764d7ad0a275ca24,b7e742816e0f3ac45c63da1c00be14c5939beec9481d923af4b98ce748c58fa3,1.0,"[0.5, 0.25, 0.2001953125, 0.009765625, 0.0400390625]",0.0400390625,0.19607843137254902,0.0400390625,1.0,0.0,0.0,0.0,0.0,0,0,0,0,"[0.5, 0.25, 0.2001953125, 0.009765625, 0.0400390625]",0.0400390625,0.19607843137254902,0.0400390625,1.0,0.0,0.0,0.0,0.0,0,0,72,0,"[0.5, 0.25, 0.2001953125, 0.009765625, 0.0400390625]",0.0400390625,0.19607843137254902,0.0400390625,1.0,0.0,0.0,0.0,0.0,0,0,72,0,"[0.5, 0.25, 0.2001953125, 0.009765625, 0.0400390625]",0.0400390625,0.19607843137254902,0.0400390625,1.0,0.0,0.0,0.0,0.0,0,0,72,0,"[0.5, 0.25, 0.2001953125, 0.009765625, 0.0400390625]",0.0400390625,0.19607843137254902,0.0400390625,1.0,0.0,0.0,0.0,0.0,0,0,72,0,"[0.52099609375, 0.25439453125, 0.19970703125, 0.01220703125, 0.0126953125]",0.0126953125,0.24509803921568626,0.0380859375,1.0,0.6829268292682927,0.6666666666666666,0.06097560975609756,0.05952380952380952,56,5,84,0,72,82,68,4,0.8292682926829268,0.9444444444444444,0.002034587995930824,0.0010277492291880781,2,False,True,72,0.05555555555555555,0.0,0.05555555555555555,0.0,1,7.708333333333333,14,False,,,,,0.0,0.5487804878048781,57,72,0.11124906199984252,2,4096,3,6144,0,29944768,814660608,16777216,719.578125,719.578125,1078.09765625,,,,,,,,,0.001409812131896615,0.0,0.035160030936822295,0.001587532926350832,1.0,0.05555555555555555,False,False
geometry_linear_2048_d64_trained600,geometry,2048,linear,64,trained600,cb64_ra,20260929,7a91b52f561e6369427b6feebdb07baee725fb3766b91947ec26298888eb5adc,b7e742816e0f3ac45c63da1c00be14c5939beec9481d923af4b98ce748c58fa3,2.5854647726802407,"[0.5, 0.25, 0.2001953125, 0.009765625, 0.0400390625]",0.0400390625,0.19607843137254902,0.0400390625,1.0,0.0,0.0,0.0,0.0,0,0,0,0,"[0.5, 0.25, 0.2001953125, 0.0498046875, 0.0]",0.0,1.0,0.0,1.0,1.0,0.9647058823529412,1.0,0.9647058823529412,82,82,85,0,"[0.5, 0.25, 0.2001953125, 0.0498046875, 0.0]",0.0,1.0,0.0,1.0,1.0,0.9647058823529412,1.0,0.9647058823529412,82,82,85,0,"[0.5, 0.25, 0.2001953125, 0.0498046875, 0.0]",0.0,1.0,0.0,1.0,1.0,0.9647058823529412,1.0,0.9647058823529412,82,82,85,0,"[0.5, 0.25, 0.2001953125, 0.0498046875, 0.0]",0.0,1.0,0.0,1.0,1.0,0.9647058823529412,1.0,0.9647058823529412,82,82,85,0,"[0.5, 0.25, 0.2001953125, 0.0498046875, 0.0]",0.0,1.0,0.0,1.0,1.0,0.9647058823529412,1.0,0.9647058823529412,82,82,85,0,85,82,82,3,1.0,0.9647058823529412,0.001525940996948118,0.0010277492291880781,1,False,True,85,1.0,1.0,1.0,1.0,1,2.2588235294117647,4,False,,,,,0.0,0.0,0,85,0.04270328185521066,17,4181,25,6229,0,0,0,0,723.984375,723.984375,1078.09765625,1212288,5264640,3136,21760,256,256,168960,1,0.001012320863083005,0.016695013968273997,0.0013107219710946083,0.0053853380959481,,1.0,False,False
geometry_linear_2048_d64_trained600,geometry,2048,linear,64,trained600,e22,20260929,7a91b52f561e6369427b6feebdb07baee725fb3766b91947ec26298888eb5adc,b7e742816e0f3ac45c63da1c00be14c5939beec9481d923af4b98ce748c58fa3,1.0,"[0.5, 0.25, 0.2001953125, 0.009765625, 0.0400390625]",0.0400390625,0.19607843137254902,0.0400390625,1.0,0.0,0.0,0.0,0.0,0,0,0,0,"[0.5, 0.25, 0.2001953125, 0.009765625, 0.0400390625]",0.0400390625,0.19607843137254902,0.0400390625,1.0,0.0,0.0,0.0,0.0,0,0,72,0,"[0.5, 0.25, 0.2001953125, 0.009765625, 0.0400390625]",0.0400390625,0.19607843137254902,0.0400390625,1.0,0.0,0.0,0.0,0.0,0,0,72,0,"[0.5, 0.25, 0.2001953125, 0.009765625, 0.0400390625]",0.0400390625,0.19607843137254902,0.0400390625,1.0,0.0,0.0,0.0,0.0,0,0,72,0,"[0.5, 0.25, 0.2001953125, 0.009765625, 0.0400390625]",0.0400390625,0.19607843137254902,0.0400390625,1.0,0.0,0.0,0.0,0.0,0,0,72,0,"[0.52001953125, 0.25390625, 0.19970703125, 0.009765625, 0.0166015625]",0.0166015625,0.19607843137254902,0.04052734375,1.0,0.5853658536585366,0.5783132530120482,0.0,0.0,48,0,83,0,72,82,68,4,0.8292682926829268,0.9444444444444444,0.002034587995930824,0.0010277492291880781,2,False,True,72,0.05555555555555555,0.0,0.05555555555555555,0.0,1,7.708333333333333,14,False,,,,,0.0,0.4634146341463415,49,72,0.11040783091448247,2,4096,3,6144,0,29944768,1245376512,16777216,723.984375,723.984375,1078.09765625,,,,,,,,,0.0010348509531468153,0.0,0.0416912108194083,0.0019327430054545403,1.0,0.05555555555555555,False,False
geometry_linear_2048_d128_trained600,geometry,2048,linear,128,trained600,cb64_ra,20260929,c42e253053688aa31774a4dcb3cdfa1ec145f76838ad16fb8c2d27a40c9e5e5d,b7e742816e0f3ac45c63da1c00be14c5939beec9481d923af4b98ce748c58fa3,3.092600574100565,"[0.5, 0.25, 0.2001953125, 0.009765625, 0.0400390625]",0.0400390625,0.19607843137254902,0.0400390625,1.0,0.0,0.0,0.0,0.0,0,0,0,0,"[0.5, 0.25, 0.2001953125, 0.0498046875, 0.0]",0.0,1.0,0.0,1.0,1.0,0.9647058823529412,1.0,0.9647058823529412,82,82,85,0,"[0.5, 0.25, 0.2001953125, 0.0498046875, 0.0]",0.0,1.0,0.0,1.0,1.0,0.9647058823529412,1.0,0.9647058823529412,82,82,85,0,"[0.5, 0.25, 0.2001953125, 0.0498046875, 0.0]",0.0,1.0,0.0,1.0,1.0,0.9647058823529412,1.0,0.9647058823529412,82,82,85,0,"[0.5, 0.25, 0.2001953125, 0.0498046875, 0.0]",0.0,1.0,0.0,1.0,1.0,0.9647058823529412,1.0,0.9647058823529412,82,82,85,0,"[0.5, 0.25, 0.2001953125, 0.0498046875, 0.0]",0.0,1.0,0.0,1.0,1.0,0.9647058823529412,1.0,0.9647058823529412,82,82,85,0,85,82,82,3,1.0,0.9647058823529412,0.001525940996948118,0.0010277492291880781,1,False,True,85,1.0,1.0,1.0,1.0,1,2.2588235294117647,4,False,,,,,0.0,0.0,0,85,0.04517169599421322,17,4181,25,6229,0,0,0,0,709.7578125,709.7578125,1078.09765625,1212288,5264640,3136,21760,256,256,168960,1,0.0012119419407099485,0.01973214908502996,0.0015328621957451105,0.005362487863749266,,1.0,False,False
geometry_linear_2048_d128_trained600,geometry,2048,linear,128,trained600,e22,20260929,c42e253053688aa31774a4dcb3cdfa1ec145f76838ad16fb8c2d27a40c9e5e5d,b7e742816e0f3ac45c63da1c00be14c5939beec9481d923af4b98ce748c58fa3,1.0,"[0.5, 0.25, 0.2001953125, 0.009765625, 0.0400390625]",0.0400390625,0.19607843137254902,0.0400390625,1.0,0.0,0.0,0.0,0.0,0,0,0,0,"[0.5, 0.25, 0.2001953125, 0.009765625, 0.0400390625]",0.0400390625,0.19607843137254902,0.0400390625,1.0,0.0,0.0,0.0,0.0,0,0,72,0,"[0.5, 0.25, 0.2001953125, 0.009765625, 0.0400390625]",0.0400390625,0.19607843137254902,0.0400390625,1.0,0.0,0.0,0.0,0.0,0,0,72,0,"[0.5, 0.25, 0.2001953125, 0.009765625, 0.0400390625]",0.0400390625,0.19607843137254902,0.0400390625,1.0,0.0,0.0,0.0,0.0,0,0,72,0,"[0.5, 0.25, 0.2001953125, 0.009765625, 0.0400390625]",0.0400390625,0.19607843137254902,0.0400390625,1.0,0.0,0.0,0.0,0.0,0,0,72,0,"[0.5234375, 0.25341796875, 0.2001953125, 0.009765625, 0.01318359375]",0.01318359375,0.19607843137254902,0.0400390625,1.0,0.6707317073170732,0.6790123456790124,0.0,0.0,55,0,81,0,72,82,68,4,0.8292682926829268,0.9444444444444444,0.002034587995930824,0.0010277492291880781,2,False,True,72,0.05555555555555555,0.0,0.05555555555555555,0.0,1,7.708333333333333,14,False,,,,,0.0,0.5609756097560976,55,72,0.1396980129648,2,4096,3,6144,0,29944768,1819664384,16777216,709.7578125,677.8828125,1078.09765625,,,,,,,,,0.0010099411010742188,0.0,0.03506700089201331,0.001890792977064848,1.0,0.05555555555555555,False,False
geometry_fold_2048_d2_trained600,geometry,2048,fold,2,trained600,cb64_ra,20260929,c60f39bef30d5b1322ef86b8f4e314803134a9c3900adb9666b91befbfee9806,b7e742816e0f3ac45c63da1c00be14c5939beec9481d923af4b98ce748c58fa3,2.091287853034977,"[0.5, 0.25, 0.2001953125, 0.009765625, 0.0400390625]",0.0400390625,0.19607843137254902,0.0400390625,1.0,0.0,0.0,0.0,0.0,0,0,0,0,"[0.5, 0.25, 0.2001953125, 0.0498046875, 0.0]",0.0,1.0,0.0,1.0,1.0,0.9647058823529412,1.0,0.9647058823529412,82,82,85,0,"[0.5, 0.25, 0.2001953125, 0.04541015625, 0.00439453125]",0.00439453125,0.9117647058823529,0.00439453125,1.0,0.8902439024390244,0.8588235294117647,0.8902439024390244,0.8588235294117647,73,73,85,0,"[0.5, 0.25, 0.2001953125, 0.04541015625, 0.00439453125]",0.00439453125,0.9117647058823529,0.00439453125,1.0,0.8902439024390244,0.8588235294117647,0.8902439024390244,0.8588235294117647,73,73,85,0,"[0.5, 0.24853515625, 0.201171875, 0.0302734375, 0.02001953125]",0.02001953125,0.6078431372549019,0.02099609375,1.0,0.5121951219512195,0.4772727272727273,0.5121951219512195,0.4772727272727273,42,42,88,1,"[0.5, 0.23193359375, 0.20849609375, 0.0302734375, 0.029296875]",0.029296875,0.6078431372549019,0.03759765625,1.0,0.5121951219512195,0.3442622950819672,0.5121951219512195,0.3442622950819672,42,42,122,20,85,82,82,3,1.0,0.9647058823529412,0.001525940996948118,0.0010277492291880781,1,False,True,85,1.0,1.0,1.0,1.0,1,2.2588235294117647,4,False,,,,,0.0,0.0,37,85,0.05248886696062982,17,4184,25,6232,0,0,0,0,703.625,703.625,1078.09765625,1212480,5265408,3136,21760,256,256,168960,1,0.0009811120107769966,0.017074383795261383,0.0012365318834781647,0.004800846800208092,1.0,1.0,False,False
geometry_fold_2048_d2_trained600,geometry,2048,fold,2,trained600,e22,20260929,c60f39bef30d5b1322ef86b8f4e314803134a9c3900adb9666b91befbfee9806,b7e742816e0f3ac45c63da1c00be14c5939beec9481d923af4b98ce748c58fa3,1.0,"[0.5, 0.25, 0.2001953125, 0.009765625, 0.0400390625]",0.0400390625,0.19607843137254902,0.0400390625,1.0,0.0,0.0,0.0,0.0,0,0,0,0,"[0.5, 0.25, 0.2001953125, 0.009765625, 0.0400390625]",0.0400390625,0.19607843137254902,0.0400390625,1.0,0.0,0.0,0.0,0.0,0,0,72,0,"[0.5, 0.25, 0.2001953125, 0.009765625, 0.0400390625]",0.0400390625,0.19607843137254902,0.0400390625,1.0,0.0,0.0,0.0,0.0,0,0,72,0,"[0.5, 0.25, 0.2001953125, 0.009765625, 0.0400390625]",0.0400390625,0.19607843137254902,0.0400390625,1.0,0.0,0.0,0.0,0.0,0,0,72,0,"[0.5, 0.25, 0.2001953125, 0.009765625, 0.0400390625]",0.0400390625,0.19607843137254902,0.0400390625,1.0,0.0,0.0,0.0,0.0,0,0,72,0,"[0.51953125, 0.25439453125, 0.2001953125, 0.0107421875, 0.01513671875]",0.01513671875,0.21568627450980393,0.0390625,1.0,0.6219512195121951,0.6,0.024390243902439025,0.023529411764705882,51,2,85,0,72,82,68,4,0.8292682926829268,0.9444444444444444,0.002034587995930824,0.0010277492291880781,2,False,True,72,0.05555555555555555,0.0,0.05555555555555555,0.0,2,8.555555555555555,14,False,,,,,0.0,0.4878048780487805,53,72,0.10976932989433408,2,4096,3,6144,0,29944768,689035136,16777216,703.625,710.05078125,1078.09765625,,,,,,,,,0.001077881082892418,0.0,0.030115784145891666,0.0018886129837483168,1.0,0.05555555555555555,False,False
geometry_fold_2048_d16_trained600,geometry,2048,fold,16,trained600,cb64_ra,20260929,2902b1fb6a73c57f3a3a67d91a82782bff657c6764d7302aed21f2cbc0f8a394,b7e742816e0f3ac45c63da1c00be14c5939beec9481d923af4b98ce748c58fa3,2.2689792287089516,"[0.5, 0.25, 0.2001953125, 0.009765625, 0.0400390625]",0.0400390625,0.19607843137254902,0.0400390625,1.0,0.0,0.0,0.0,0.0,0,0,0,0,"[0.5, 0.25, 0.2001953125, 0.0498046875, 0.0]",0.0,1.0,0.0,1.0,1.0,0.9647058823529412,1.0,0.9647058823529412,82,82,85,0,"[0.5, 0.25, 0.2001953125, 0.04833984375, 0.00146484375]",0.00146484375,0.9705882352941176,0.00146484375,1.0,0.9634146341463414,0.9294117647058824,0.9634146341463414,0.9294117647058824,79,79,85,0,"[0.5, 0.25, 0.2001953125, 0.04833984375, 0.00146484375]",0.00146484375,0.9705882352941176,0.00146484375,1.0,0.9634146341463414,0.9294117647058824,0.9634146341463414,0.9294117647058824,79,79,85,0,"[0.5, 0.25, 0.19970703125, 0.0439453125, 0.00634765625]",0.00634765625,0.8823529411764706,0.00634765625,0.95,0.8658536585365854,0.8352941176470589,0.8658536585365854,0.8352941176470589,71,71,85,2,"[0.5, 0.25, 0.19970703125, 0.0439453125, 0.00634765625]",0.00634765625,0.8823529411764706,0.00634765625,0.95,0.8658536585365854,0.8352941176470589,0.8658536585365854,0.8352941176470589,71,71,85,2,85,82,82,3,1.0,0.9647058823529412,0.001525940996948118,0.0010277492291880781,1,False,True,85,1.0,1.0,1.0,1.0,1,2.2588235294117647,4,False,,,,,0.0,0.0,0,85,0.04461023514159024,17,4181,25,6229,0,0,0,0,709.96484375,709.96484375,1078.09765625,1212288,5264640,3136,21760,256,256,168960,1,0.0010418619494885206,0.017133724177256227,0.0014948630705475807,0.005387528100982308,,1.0,False,False
geometry_fold_2048_d16_trained600,geometry,2048,fold,16,trained600,e22,20260929,2902b1fb6a73c57f3a3a67d91a82782bff657c6764d7302aed21f2cbc0f8a394,b7e742816e0f3ac45c63da1c00be14c5939beec9481d923af4b98ce748c58fa3,1.0,"[0.5, 0.25, 0.2001953125, 0.009765625, 0.0400390625]",0.0400390625,0.19607843137254902,0.0400390625,1.0,0.0,0.0,0.0,0.0,0,0,0,0,"[0.5, 0.25, 0.2001953125, 0.009765625, 0.0400390625]",0.0400390625,0.19607843137254902,0.0400390625,1.0,0.0,0.0,0.0,0.0,0,0,72,0,"[0.5, 0.25, 0.2001953125, 0.009765625, 0.0400390625]",0.0400390625,0.19607843137254902,0.0400390625,1.0,0.0,0.0,0.0,0.0,0,0,72,0,"[0.5, 0.25, 0.2001953125, 0.009765625, 0.0400390625]",0.0400390625,0.19607843137254902,0.0400390625,1.0,0.0,0.0,0.0,0.0,0,0,72,0,"[0.5, 0.25, 0.2001953125, 0.009765625, 0.0400390625]",0.0400390625,0.19607843137254902,0.0400390625,1.0,0.0,0.0,0.0,0.0,0,0,72,0,"[0.5205078125, 0.2529296875, 0.2001953125, 0.01123046875, 0.01513671875]",0.01513671875,0.22549019607843138,0.03857421875,1.0,0.6219512195121951,0.6219512195121951,0.036585365853658534,0.036585365853658534,51,3,82,0,72,82,68,4,0.8292682926829268,0.9444444444444444,0.002034587995930824,0.0010277492291880781,2,False,True,72,0.05555555555555555,0.0,0.05555555555555555,0.0,2,8.555555555555555,14,False,,,,,0.0,0.5121951219512195,52,72,0.10121969692409039,2,4096,3,6144,0,29944768,814660608,16777216,709.96484375,709.96484375,1078.09765625,,,,,,,,,0.0010599710512906313,0.0,0.029542222851887345,0.0017083929851651192,1.0,0.05555555555555555,False,False
geometry_fold_2048_d64_trained600,geometry,2048,fold,64,trained600,cb64_ra,20260929,01468b2763adf44bba4c5f5ba5f333d9db4b800091ffa2e5dd83f6d1f0481e1f,b7e742816e0f3ac45c63da1c00be14c5939beec9481d923af4b98ce748c58fa3,3.0268930110723393,"[0.5, 0.25, 0.2001953125, 0.009765625, 0.0400390625]",0.0400390625,0.19607843137254902,0.0400390625,1.0,0.0,0.0,0.0,0.0,0,0,0,0,"[0.5, 0.25, 0.2001953125, 0.0498046875, 0.0]",0.0,1.0,0.0,1.0,1.0,0.9647058823529412,1.0,0.9647058823529412,82,82,85,0,"[0.5, 0.25, 0.2001953125, 0.0498046875, 0.0]",0.0,1.0,0.0,1.0,1.0,0.9647058823529412,1.0,0.9647058823529412,82,82,85,0,"[0.5, 0.25, 0.2001953125, 0.0498046875, 0.0]",0.0,1.0,0.0,1.0,1.0,0.9647058823529412,1.0,0.9647058823529412,82,82,85,0,"[0.5, 0.25, 0.2001953125, 0.0498046875, 0.0]",0.0,1.0,0.0,1.0,1.0,0.9647058823529412,1.0,0.9647058823529412,82,82,85,0,"[0.5, 0.25, 0.2001953125, 0.0498046875, 0.0]",0.0,1.0,0.0,1.0,1.0,0.9647058823529412,1.0,0.9647058823529412,82,82,85,0,85,82,82,3,1.0,0.9647058823529412,0.001525940996948118,0.0010277492291880781,1,False,True,85,1.0,1.0,1.0,1.0,1,2.2588235294117647,4,False,,,,,0.0,0.0,0,85,0.04658875800669193,17,4181,25,6229,0,0,0,0,710.8671875,710.8671875,1078.09765625,1212288,5264640,3136,21760,256,256,168960,1,0.0010206119623035192,0.016281082993373275,0.0011994319502264261,0.004703406943008304,,1.0,False,False
geometry_fold_2048_d64_trained600,geometry,2048,fold,64,trained600,e22,20260929,01468b2763adf44bba4c5f5ba5f333d9db4b800091ffa2e5dd83f6d1f0481e1f,b7e742816e0f3ac45c63da1c00be14c5939beec9481d923af4b98ce748c58fa3,1.0,"[0.5, 0.25, 0.2001953125, 0.009765625, 0.0400390625]",0.0400390625,0.19607843137254902,0.0400390625,1.0,0.0,0.0,0.0,0.0,0,0,0,0,"[0.5, 0.25, 0.2001953125, 0.009765625, 0.0400390625]",0.0400390625,0.19607843137254902,0.0400390625,1.0,0.0,0.0,0.0,0.0,0,0,72,0,"[0.5, 0.25, 0.2001953125, 0.009765625, 0.0400390625]",0.0400390625,0.19607843137254902,0.0400390625,1.0,0.0,0.0,0.0,0.0,0,0,72,0,"[0.5, 0.25, 0.2001953125, 0.009765625, 0.0400390625]",0.0400390625,0.19607843137254902,0.0400390625,1.0,0.0,0.0,0.0,0.0,0,0,72,0,"[0.5, 0.25, 0.2001953125, 0.009765625, 0.0400390625]",0.0400390625,0.19607843137254902,0.0400390625,1.0,0.0,0.0,0.0,0.0,0,0,72,0,"[0.51953125, 0.25341796875, 0.19970703125, 0.009765625, 0.017578125]",0.017578125,0.19607843137254902,0.04052734375,1.0,0.5609756097560976,0.5542168674698795,0.0,0.0,46,0,83,0,72,82,68,4,0.8292682926829268,0.9444444444444444,0.002034587995930824,0.0010277492291880781,2,False,True,72,0.05555555555555555,0.0,0.05555555555555555,0.0,2,8.555555555555555,14,False,,,,,0.0,0.43902439024390244,47,72,0.1410191860049963,2,4096,3,6144,0,29944768,1245376512,16777216,710.8671875,678.9921875,1078.09765625,,,,,,,,,0.0012448420748114586,0.0,0.032204246846958995,0.0021912530064582825,1.0,0.05555555555555555,False,False
geometry_fold_2048_d128_trained600,geometry,2048,fold,128,trained600,cb64_ra,20260929,ec2be030125289558b8dc7ac3e5c9f64c6ad6aa348486eea1f9ec7751de9b32d,b7e742816e0f3ac45c63da1c00be14c5939beec9481d923af4b98ce748c58fa3,2.400325404451826,"[0.5, 0.25, 0.2001953125, 0.009765625, 0.0400390625]",0.0400390625,0.19607843137254902,0.0400390625,1.0,0.0,0.0,0.0,0.0,0,0,0,0,"[0.5, 0.25, 0.2001953125, 0.0498046875, 0.0]",0.0,1.0,0.0,1.0,1.0,0.9647058823529412,1.0,0.9647058823529412,82,82,85,0,"[0.5, 0.25, 0.2001953125, 0.0498046875, 0.0]",0.0,1.0,0.0,1.0,1.0,0.9647058823529412,1.0,0.9647058823529412,82,82,85,0,"[0.5, 0.25, 0.2001953125, 0.0498046875, 0.0]",0.0,1.0,0.0,1.0,1.0,0.9647058823529412,1.0,0.9647058823529412,82,82,85,0,"[0.5, 0.25, 0.2001953125, 0.0498046875, 0.0]",0.0,1.0,0.0,1.0,1.0,0.9647058823529412,1.0,0.9647058823529412,82,82,85,0,"[0.5, 0.25, 0.2001953125, 0.0498046875, 0.0]",0.0,1.0,0.0,1.0,1.0,0.9647058823529412,1.0,0.9647058823529412,82,82,85,0,85,82,82,3,1.0,0.9647058823529412,0.001525940996948118,0.0010277492291880781,1,False,True,85,1.0,1.0,1.0,1.0,1,2.2588235294117647,4,False,,,,,0.0,0.0,0,85,0.053734488086774945,17,4181,25,6229,0,0,0,0,726.77734375,726.77734375,1078.09765625,1212288,5264640,3136,21760,256,256,168960,1,0.0010336709674447775,0.01790685602463782,0.0015930230729281902,0.005255306838080287,,1.0,False,False
geometry_fold_2048_d128_trained600,geometry,2048,fold,128,trained600,e22,20260929,ec2be030125289558b8dc7ac3e5c9f64c6ad6aa348486eea1f9ec7751de9b32d,b7e742816e0f3ac45c63da1c00be14c5939beec9481d923af4b98ce748c58fa3,1.0,"[0.5, 0.25, 0.2001953125, 0.009765625, 0.0400390625]",0.0400390625,0.19607843137254902,0.0400390625,1.0,0.0,0.0,0.0,0.0,0,0,0,0,"[0.5, 0.25, 0.2001953125, 0.009765625, 0.0400390625]",0.0400390625,0.19607843137254902,0.0400390625,1.0,0.0,0.0,0.0,0.0,0,0,72,0,"[0.5, 0.25, 0.2001953125, 0.009765625, 0.0400390625]",0.0400390625,0.19607843137254902,0.0400390625,1.0,0.0,0.0,0.0,0.0,0,0,72,0,"[0.5, 0.25, 0.2001953125, 0.009765625, 0.0400390625]",0.0400390625,0.19607843137254902,0.0400390625,1.0,0.0,0.0,0.0,0.0,0,0,72,0,"[0.5, 0.25, 0.2001953125, 0.009765625, 0.0400390625]",0.0400390625,0.19607843137254902,0.0400390625,1.0,0.0,0.0,0.0,0.0,0,0,72,0,"[0.5244140625, 0.25439453125, 0.2001953125, 0.009765625, 0.01123046875]",0.01123046875,0.19607843137254902,0.0400390625,1.0,0.7195121951219512,0.7195121951219512,0.0,0.0,59,0,82,0,72,82,68,4,0.8292682926829268,0.9444444444444444,0.002034587995930824,0.0010277492291880781,2,False,True,72,0.05555555555555555,0.0,0.05555555555555555,0.0,2,8.555555555555555,14,False,,,,,0.0,0.5975609756097561,59,72,0.1289802568498999,2,4096,3,6144,0,29944768,1819664384,16777216,726.77734375,734.77734375,1078.09765625,,,,,,,,,0.0010878611356019974,0.0,0.029691773932427168,0.002163653029128909,1.0,0.05555555555555555,False,False
geometry_fold_nuisance_2048_d2_trained600,geometry,2048,fold_nuisance,2,trained600,cb64_ra,20260929,c60f39bef30d5b1322ef86b8f4e314803134a9c3900adb9666b91befbfee9806,b7e742816e0f3ac45c63da1c00be14c5939beec9481d923af4b98ce748c58fa3,2.1916010425437293,"[0.5, 0.25, 0.2001953125, 0.009765625, 0.0400390625]",0.0400390625,0.19607843137254902,0.0400390625,1.0,0.0,0.0,0.0,0.0,0,0,0,0,"[0.5, 0.25, 0.2001953125, 0.0498046875, 0.0]",0.0,1.0,0.0,1.0,1.0,0.9647058823529412,1.0,0.9647058823529412,82,82,85,0,"[0.5, 0.25, 0.2001953125, 0.04541015625, 0.00439453125]",0.00439453125,0.9117647058823529,0.00439453125,1.0,0.8902439024390244,0.8588235294117647,0.8902439024390244,0.8588235294117647,73,73,85,0,"[0.5, 0.25, 0.2001953125, 0.04541015625, 0.00439453125]",0.00439453125,0.9117647058823529,0.00439453125,1.0,0.8902439024390244,0.8588235294117647,0.8902439024390244,0.8588235294117647,73,73,85,0,"[0.5, 0.24853515625, 0.201171875, 0.0302734375, 0.02001953125]",0.02001953125,0.6078431372549019,0.02099609375,1.0,0.5121951219512195,0.4772727272727273,0.5121951219512195,0.4772727272727273,42,42,88,1,"[0.5, 0.23193359375, 0.20849609375, 0.0302734375, 0.029296875]",0.029296875,0.6078431372549019,0.03759765625,1.0,0.5121951219512195,0.3442622950819672,0.5121951219512195,0.3442622950819672,42,42,122,20,85,82,82,3,1.0,0.9647058823529412,0.001525940996948118,0.0010277492291880781,1,False,True,85,1.0,1.0,1.0,1.0,1,2.2588235294117647,4,False,,,,,0.0,0.0,37,85,0.04830409004352987,17,4184,25,6232,0,0,0,0,735.68359375,735.68359375,1078.09765625,1212480,5265408,3136,21760,256,256,168960,1,0.0011557620018720627,0.017284774919971824,0.0014043520204722881,0.005387158133089542,1.0,1.0,False,False
geometry_fold_nuisance_2048_d2_trained600,geometry,2048,fold_nuisance,2,trained600,e22,20260929,c60f39bef30d5b1322ef86b8f4e314803134a9c3900adb9666b91befbfee9806,b7e742816e0f3ac45c63da1c00be14c5939beec9481d923af4b98ce748c58fa3,1.0,"[0.5, 0.25, 0.2001953125, 0.009765625, 0.0400390625]",0.0400390625,0.19607843137254902,0.0400390625,1.0,0.0,0.0,0.0,0.0,0,0,0,0,"[0.5, 0.25, 0.2001953125, 0.009765625, 0.0400390625]",0.0400390625,0.19607843137254902,0.0400390625,1.0,0.0,0.0,0.0,0.0,0,0,72,0,"[0.5, 0.25, 0.2001953125, 0.009765625, 0.0400390625]",0.0400390625,0.19607843137254902,0.0400390625,1.0,0.0,0.0,0.0,0.0,0,0,72,0,"[0.5, 0.25, 0.2001953125, 0.009765625, 0.0400390625]",0.0400390625,0.19607843137254902,0.0400390625,1.0,0.0,0.0,0.0,0.0,0,0,72,0,"[0.5, 0.25, 0.2001953125, 0.009765625, 0.0400390625]",0.0400390625,0.19607843137254902,0.0400390625,1.0,0.0,0.0,0.0,0.0,0,0,72,0,"[0.51953125, 0.25439453125, 0.2001953125, 0.0107421875, 0.01513671875]",0.01513671875,0.21568627450980393,0.0390625,1.0,0.6219512195121951,0.6,0.024390243902439025,0.023529411764705882,51,2,85,0,72,82,68,4,0.8292682926829268,0.9444444444444444,0.002034587995930824,0.0010277492291880781,2,False,True,72,0.05555555555555555,0.0,0.05555555555555555,0.0,2,8.555555555555555,14,False,,,,,0.0,0.4878048780487805,53,72,0.10586329409852624,2,4096,3,6144,0,29944768,689035136,16777216,735.68359375,735.68359375,1078.09765625,,,,,,,,,0.0014904621057212353,0.0,0.03307414799928665,0.0016107021365314722,1.0,0.05555555555555555,False,False
geometry_fold_nuisance_2048_d16_trained600,geometry,2048,fold_nuisance,16,trained600,cb64_ra,20260929,a4e36124c995a2cd91a5602afac36fe70438775a8e76a33763d2f4f0a21ac358,b7e742816e0f3ac45c63da1c00be14c5939beec9481d923af4b98ce748c58fa3,2.430401624385631,"[0.5, 0.25, 0.2001953125, 0.009765625, 0.0400390625]",0.0400390625,0.19607843137254902,0.0400390625,1.0,0.0,0.0,0.0,0.0,0,0,0,0,"[0.5, 0.25, 0.2001953125, 0.0498046875, 0.0]",0.0,1.0,0.0,1.0,1.0,0.9647058823529412,1.0,0.9647058823529412,82,82,85,0,"[0.5, 0.25, 0.19970703125, 0.04443359375, 0.005859375]",0.005859375,0.8921568627450981,0.005859375,1.0,0.8658536585365854,0.8352941176470589,0.8658536585365854,0.8352941176470589,71,71,85,1,"[0.5, 0.25, 0.19970703125, 0.04443359375, 0.005859375]",0.005859375,0.8921568627450981,0.005859375,1.0,0.8658536585365854,0.8352941176470589,0.8658536585365854,0.8352941176470589,71,71,85,1,"[0.5, 0.25, 0.19970703125, 0.0439453125, 0.00634765625]",0.00634765625,0.8823529411764706,0.00634765625,0.95,0.8658536585365854,0.8352941176470589,0.8658536585365854,0.8352941176470589,71,71,85,2,"[0.5, 0.25, 0.19970703125, 0.0439453125, 0.00634765625]",0.00634765625,0.8823529411764706,0.00634765625,0.95,0.8658536585365854,0.8352941176470589,0.8658536585365854,0.8352941176470589,71,71,85,2,85,82,82,3,1.0,0.9647058823529412,0.001525940996948118,0.0010277492291880781,1,False,True,85,1.0,1.0,1.0,1.0,1,2.2588235294117647,4,False,,,,,0.0,0.0,0,85,0.049047261010855436,17,4181,25,6229,0,0,0,0,726.58984375,726.58984375,1078.09765625,1212288,5264640,3136,21760,256,256,168960,1,0.0010164121631532907,0.017243015114217997,0.0013240610715001822,0.004700868157669902,,1.0,False,False
geometry_fold_nuisance_2048_d16_trained600,geometry,2048,fold_nuisance,16,trained600,e22,20260929,a4e36124c995a2cd91a5602afac36fe70438775a8e76a33763d2f4f0a21ac358,b7e742816e0f3ac45c63da1c00be14c5939beec9481d923af4b98ce748c58fa3,1.0,"[0.5, 0.25, 0.2001953125, 0.009765625, 0.0400390625]",0.0400390625,0.19607843137254902,0.0400390625,1.0,0.0,0.0,0.0,0.0,0,0,0,0,"[0.51708984375, 0.25927734375, 0.20751953125, 0.0087890625, 0.00732421875]",0.00732421875,0.17647058823529413,0.041015625,0.9,0.8170731707317073,0.9305555555555556,0.0,0.0,67,0,72,0,"[0.51513671875, 0.25732421875, 0.203125, 0.0087890625, 0.015625]",0.015625,0.17647058823529413,0.041015625,0.9,0.6219512195121951,0.7083333333333334,0.0,0.0,51,0,72,1,"[0.51513671875, 0.25732421875, 0.203125, 0.0087890625, 0.015625]",0.015625,0.17647058823529413,0.041015625,0.9,0.6219512195121951,0.7083333333333334,0.0,0.0,51,0,72,1,"[0.51611328125, 0.2548828125, 0.20703125, 0.0087890625, 0.01318359375]",0.01318359375,0.17647058823529413,0.041015625,0.9,0.6707317073170732,0.7638888888888888,0.0,0.0,55,0,72,0,"[0.5166015625, 0.2548828125, 0.20703125, 0.00927734375, 0.01220703125]",0.01220703125,0.18627450980392157,0.04052734375,0.9,0.6951219512195121,0.7808219178082192,0.012195121951219513,0.0136986301369863,57,1,73,0,72,82,68,4,0.8292682926829268,0.9444444444444444,0.002034587995930824,0.0010277492291880781,2,False,True,72,0.9861111111111112,0.0,0.027777777777777776,0.0130718954248366,81,81.0,81,False,,,,,0.0,0.024390243902439025,3,72,0.11920454283244908,2,4096,3,6144,0,29944768,814660608,16777216,726.58984375,726.58984375,1078.09765625,,,,,,,,,0.001034090993925929,0.0,0.0301165038254112,0.0019122029189020395,1.0,0.9861111111111112,False,False
geometry_fold_nuisance_2048_d64_trained600,geometry,2048,fold_nuisance,64,trained600,cb64_ra,20260929,fde20287ad8fc25b52a7cd6e58c564d4bfc3be1c74826e6543e81441b32b55f6,b7e742816e0f3ac45c63da1c00be14c5939beec9481d923af4b98ce748c58fa3,2.2339906593629286,"[0.5, 0.25, 0.2001953125, 0.009765625, 0.0400390625]",0.0400390625,0.19607843137254902,0.0400390625,1.0,0.0,0.0,0.0,0.0,0,0,0,0,"[0.5, 0.25, 0.2001953125, 0.0498046875, 0.0]",0.0,1.0,0.0,1.0,1.0,0.9647058823529412,1.0,0.9647058823529412,82,82,85,0,"[0.5, 0.25, 0.19970703125, 0.04248046875, 0.0078125]",0.0078125,0.8529411764705882,0.0078125,1.0,0.8170731707317073,0.788235294117647,0.8170731707317073,0.788235294117647,67,67,85,1,"[0.5, 0.25, 0.19970703125, 0.04248046875, 0.0078125]",0.0078125,0.8529411764705882,0.0078125,1.0,0.8170731707317073,0.788235294117647,0.8170731707317073,0.788235294117647,67,67,85,1,"[0.5, 0.25, 0.2001953125, 0.0498046875, 0.0]",0.0,1.0,0.0,1.0,1.0,0.9647058823529412,1.0,0.9647058823529412,82,82,85,0,"[0.5, 0.25, 0.2001953125, 0.0498046875, 0.0]",0.0,1.0,0.0,1.0,1.0,0.9647058823529412,1.0,0.9647058823529412,82,82,85,0,85,82,82,3,1.0,0.9647058823529412,0.001525940996948118,0.0010277492291880781,1,False,True,85,1.0,1.0,1.0,1.0,1,2.2588235294117647,4,False,,,,,0.0,0.0,0,85,0.054752398980781436,17,4181,25,6229,0,0,0,0,688.5,688.5,1078.09765625,1212288,5264640,3136,21760,256,256,168960,1,0.0009486309718340635,0.016107663046568632,0.001185692148283124,0.004791787127032876,,1.0,False,False
geometry_fold_nuisance_2048_d64_trained600,geometry,2048,fold_nuisance,64,trained600,e22,20260929,fde20287ad8fc25b52a7cd6e58c564d4bfc3be1c74826e6543e81441b32b55f6,b7e742816e0f3ac45c63da1c00be14c5939beec9481d923af4b98ce748c58fa3,1.0,"[0.5, 0.25, 0.2001953125, 0.009765625, 0.0400390625]",0.0400390625,0.19607843137254902,0.0400390625,1.0,0.0,0.0,0.0,0.0,0,0,0,0,"[0.51806640625, 0.2578125, 0.2080078125, 0.00927734375, 0.0068359375]",0.0068359375,0.18627450980392157,0.04052734375,0.9,0.8292682926829268,0.9444444444444444,0.012195121951219513,0.013888888888888888,68,1,72,0,"[0.51318359375, 0.25537109375, 0.20556640625, 0.00927734375, 0.0166015625]",0.0166015625,0.18627450980392157,0.04052734375,0.9,0.5975609756097561,0.6805555555555556,0.012195121951219513,0.013888888888888888,49,1,72,1,"[0.51318359375, 0.25537109375, 0.20556640625, 0.00927734375, 0.0166015625]",0.0166015625,0.18627450980392157,0.04052734375,0.9,0.5975609756097561,0.6805555555555556,0.012195121951219513,0.013888888888888888,49,1,72,1,"[0.51416015625, 0.2548828125, 0.20556640625, 0.00927734375, 0.01611328125]",0.01611328125,0.18627450980392157,0.04052734375,0.9,0.6097560975609756,0.6944444444444444,0.012195121951219513,0.013888888888888888,50,1,72,1,"[0.515625, 0.25537109375, 0.20556640625, 0.00927734375, 0.01416015625]",0.01416015625,0.18627450980392157,0.04052734375,0.9,0.6585365853658537,0.7397260273972602,0.012195121951219513,0.0136986301369863,54,1,73,1,72,82,68,4,0.8292682926829268,0.9444444444444444,0.002034587995930824,0.0010277492291880781,2,False,True,72,1.0,0.014705882352941176,0.027777777777777776,0.007806826434277414,81,81.0,81,False,,,,,0.0,0.036585365853658534,4,72,0.12231634790077806,2,4096,3,6144,0,29944768,1245376512,16777216,688.5,726.5,1078.09765625,,,,,,,,,0.0010616709478199482,0.0,0.029053922975435853,0.002219423186033964,1.0,0.9861111111111112,False,False
geometry_fold_nuisance_2048_d128_trained600,geometry,2048,fold_nuisance,128,trained600,cb64_ra,20260929,de3a51916ef15f0b16eceb8ad853d448588804fbc8693a8c3638563242c71f22,b7e742816e0f3ac45c63da1c00be14c5939beec9481d923af4b98ce748c58fa3,3.258215074653463,"[0.5, 0.25, 0.2001953125, 0.009765625, 0.0400390625]",0.0400390625,0.19607843137254902,0.0400390625,1.0,0.0,0.0,0.0,0.0,0,0,0,0,"[0.5, 0.25, 0.2001953125, 0.0498046875, 0.0]",0.0,1.0,0.0,1.0,1.0,0.9647058823529412,1.0,0.9647058823529412,82,82,85,0,"[0.5, 0.25, 0.2001953125, 0.04443359375, 0.00537109375]",0.00537109375,0.8921568627450981,0.00537109375,1.0,0.8658536585365854,0.8352941176470589,0.8658536585365854,0.8352941176470589,71,71,85,0,"[0.5, 0.25, 0.2001953125, 0.04443359375, 0.00537109375]",0.00537109375,0.8921568627450981,0.00537109375,1.0,0.8658536585365854,0.8352941176470589,0.8658536585365854,0.8352941176470589,71,71,85,0,"[0.5, 0.25, 0.2001953125, 0.0498046875, 0.0]",0.0,1.0,0.0,1.0,1.0,0.9647058823529412,1.0,0.9647058823529412,82,82,85,0,"[0.5, 0.25, 0.2001953125, 0.0498046875, 0.0]",0.0,1.0,0.0,1.0,1.0,0.9647058823529412,1.0,0.9647058823529412,82,82,85,0,85,82,82,3,1.0,0.9647058823529412,0.001525940996948118,0.0010277492291880781,1,False,True,85,1.0,1.0,1.0,1.0,1,2.2588235294117647,4,False,,,,,0.0,0.0,0,85,0.044134673895314336,17,4181,25,6229,0,0,0,0,727.39453125,727.39453125,1078.09765625,1212288,5264640,3136,21760,256,256,168960,1,0.0009773408528417349,0.01733688497915864,0.0012192020658403635,0.004759787116199732,,1.0,False,False
geometry_fold_nuisance_2048_d128_trained600,geometry,2048,fold_nuisance,128,trained600,e22,20260929,de3a51916ef15f0b16eceb8ad853d448588804fbc8693a8c3638563242c71f22,b7e742816e0f3ac45c63da1c00be14c5939beec9481d923af4b98ce748c58fa3,1.0,"[0.5, 0.25, 0.2001953125, 0.009765625, 0.0400390625]",0.0400390625,0.19607843137254902,0.0400390625,1.0,0.0,0.0,0.0,0.0,0,0,0,0,"[0.51806640625, 0.2587890625, 0.20703125, 0.0087890625, 0.00732421875]",0.00732421875,0.17647058823529413,0.041015625,0.9,0.8170731707317073,0.9305555555555556,0.0,0.0,67,0,72,0,"[0.5166015625, 0.25634765625, 0.2041015625, 0.0087890625, 0.01416015625]",0.01416015625,0.17647058823529413,0.041015625,0.9,0.6585365853658537,0.75,0.0,0.0,54,0,72,1,"[0.5166015625, 0.25634765625, 0.2041015625, 0.0087890625, 0.01416015625]",0.01416015625,0.17647058823529413,0.041015625,0.9,0.6585365853658537,0.75,0.0,0.0,54,0,72,1,"[0.51708984375, 0.2568359375, 0.2041015625, 0.0087890625, 0.01318359375]",0.01318359375,0.17647058823529413,0.041015625,0.9,0.6951219512195121,0.7916666666666666,0.0,0.0,57,0,72,2,"[0.51806640625, 0.25732421875, 0.2041015625, 0.0087890625, 0.01171875]",0.01171875,0.17647058823529413,0.041015625,0.9,0.7317073170731707,0.8,0.0,0.0,60,0,75,2,72,82,68,4,0.8292682926829268,0.9444444444444444,0.002034587995930824,0.0010277492291880781,2,False,True,72,0.9861111111111112,0.0,0.013888888888888888,0.010167029774872912,81,81.0,81,False,,,,,0.0,0.012195121951219513,4,72,0.14380025980062783,2,4096,3,6144,0,29944768,1819664384,16777216,727.39453125,735.39453125,1078.09765625,,,,,,,,,0.0011102920398116112,0.0,0.027223089011386037,0.00223755300976336,1.0,1.0,False,False
geometry_fold_nuisance_1024_d128_trained600,geometry,1024,fold_nuisance,128,trained600,cb64_ra,20260929,e7fc7611df531db83c8bdd74f4d1840be60445da8cbbf09c5543a27a52d3aaf8,b7e742816e0f3ac45c63da1c00be14c5939beec9481d923af4b98ce748c58fa3,1.6825717556337767,"[0.5, 0.25, 0.2001953125, 0.009765625, 0.0400390625]",0.0400390625,0.19607843137254902,0.0400390625,1.0,0.0,0.0,0.0,0.0,0,0,0,0,"[0.5, 0.25, 0.2001953125, 0.009765625, 0.0400390625]",0.0400390625,0.19607843137254902,0.0400390625,1.0,0.0,0.0,0.0,0.0,0,0,0,0,"[0.5, 0.25, 0.2001953125, 0.009765625, 0.0400390625]",0.0400390625,0.19607843137254902,0.0400390625,1.0,0.0,0.0,0.0,0.0,0,0,0,0,"[0.5, 0.25, 0.2001953125, 0.009765625, 0.0400390625]",0.0400390625,0.19607843137254902,0.0400390625,1.0,0.0,0.0,0.0,0.0,0,0,0,0,"[0.5, 0.25, 0.2001953125, 0.009765625, 0.0400390625]",0.0400390625,0.19607843137254902,0.0400390625,1.0,0.0,0.0,0.0,0.0,0,0,0,0,"[0.5, 0.25, 0.2001953125, 0.009765625, 0.0400390625]",0.0400390625,0.19607843137254902,0.0400390625,1.0,0.0,0.0,0.0,0.0,0,0,0,0,0,41,0,0,0.0,0.0,0.0,0.0,0,False,False,0,,,,,,,,False,,,,,0.0,0.0,0,0,0.03408299991860986,8,2048,12,3072,0,0,0,0,663.94140625,663.94140625,1078.09765625,524288,2621440,1600,0,256,64,91136,1,0.00081632100045681,0.01348604983650148,0.0007302411831915379,0.0002009100280702114,,,False,False
geometry_fold_nuisance_1024_d128_trained600,geometry,1024,fold_nuisance,128,trained600,e22,20260929,e7fc7611df531db83c8bdd74f4d1840be60445da8cbbf09c5543a27a52d3aaf8,b7e742816e0f3ac45c63da1c00be14c5939beec9481d923af4b98ce748c58fa3,1.0,"[0.5, 0.25, 0.2001953125, 0.009765625, 0.0400390625]",0.0400390625,0.19607843137254902,0.0400390625,1.0,0.0,0.0,0.0,0.0,0,0,0,0,"[0.5, 0.25, 0.2001953125, 0.009765625, 0.0400390625]",0.0400390625,0.19607843137254902,0.0400390625,1.0,0.0,0.0,0.0,0.0,0,0,0,0,"[0.5, 0.25, 0.2001953125, 0.009765625, 0.0400390625]",0.0400390625,0.19607843137254902,0.0400390625,1.0,0.0,0.0,0.0,0.0,0,0,0,0,"[0.5, 0.25, 0.2001953125, 0.009765625, 0.0400390625]",0.0400390625,0.19607843137254902,0.0400390625,1.0,0.0,0.0,0.0,0.0,0,0,0,0,"[0.5, 0.25, 0.2001953125, 0.009765625, 0.0400390625]",0.0400390625,0.19607843137254902,0.0400390625,1.0,0.0,0.0,0.0,0.0,0,0,0,0,"[0.5107421875, 0.2529296875, 0.2041015625, 0.009765625, 0.0224609375]",0.0224609375,0.19607843137254902,0.0400390625,1.0,0.43902439024390244,0.9473684210526315,0.0,0.0,18,0,19,0,0,41,0,0,0.0,0.0,0.0,0.0,0,False,False,0,,,,,,,,False,,,,,0.0,0.0,19,0,0.05734709301032126,2,2048,3,3072,0,7340032,436207616,4194304,663.94140625,681.81640625,1078.09765625,,,,,,,,,0.0007676021195948124,0.0,0.009431223152205348,0.00012254994362592697,1.0,,False,False
geometry_fold_nuisance_4096_d128_trained600,geometry,4096,fold_nuisance,128,trained600,cb64_ra,20260929,4f5d41ba680d881e9e4a1896d1a9890f525c9e3308b8f40f7a49ae8cfa8f3943,b7e742816e0f3ac45c63da1c00be14c5939beec9481d923af4b98ce748c58fa3,6.511260627873755,"[0.5, 0.25, 0.199951171875, 0.010009765625, 0.0400390625]",0.0400390625,0.2,0.0400390625,1.0,0.0,0.0,0.0,0.0,0,0,0,0,"[0.5, 0.25, 0.199951171875, 0.050048828125, 0.0]",0.0,1.0,0.0,1.0,1.0,0.9761904761904762,1.0,0.9761904761904762,164,164,168,0,"[0.5, 0.25, 0.199462890625, 0.04443359375, 0.006103515625]",0.006103515625,0.8878048780487805,0.006103515625,1.0,0.8597560975609756,0.8392857142857143,0.8597560975609756,0.8392857142857143,141,141,168,2,"[0.5, 0.25, 0.199462890625, 0.04443359375, 0.006103515625]",0.006103515625,0.8878048780487805,0.006103515625,1.0,0.8597560975609756,0.8392857142857143,0.8597560975609756,0.8392857142857143,141,141,168,2,"[0.5, 0.25, 0.199951171875, 0.050048828125, 0.0]",0.0,1.0,0.0,1.0,1.0,0.9761904761904762,1.0,0.9761904761904762,164,164,168,0,"[0.5, 0.25, 0.199951171875, 0.050048828125, 0.0]",0.0,1.0,0.0,1.0,1.0,0.9761904761904762,1.0,0.9761904761904762,164,164,168,0,168,164,164,4,1.0,0.9761904761904762,0.001017293997965412,0.0010280133641737343,0,True,True,168,1.0,1.0,1.0,1.0,1,3.4226190476190474,8,True,,,,,0.0,0.0,0,168,0.07906540506519377,33,8360,49,12456,0,0,0,0,682.3359375,682.3359375,1078.09765625,2423808,10528768,6208,43008,256,256,324608,1,0.0016473031137138605,0.025316126877442002,0.002712604124099016,0.0074495598673820496,,1.0,False,True
geometry_fold_nuisance_4096_d128_trained600,geometry,4096,fold_nuisance,128,trained600,e22,20260929,4f5d41ba680d881e9e4a1896d1a9890f525c9e3308b8f40f7a49ae8cfa8f3943,b7e742816e0f3ac45c63da1c00be14c5939beec9481d923af4b98ce748c58fa3,1.0,"[0.5, 0.25, 0.199951171875, 0.010009765625, 0.0400390625]",0.0400390625,0.2,0.0400390625,1.0,0.0,0.0,0.0,0.0,0,0,0,0,"[0.509521484375, 0.256103515625, 0.206787109375, 0.01025390625, 0.017333984375]",0.017333984375,0.2048780487804878,0.039794921875,1.0,0.5670731707317073,0.93,0.006097560975609756,0.01,93,1,100,0,"[0.508544921875, 0.253662109375, 0.20458984375, 0.01025390625, 0.02294921875]",0.02294921875,0.2048780487804878,0.039794921875,1.0,0.43902439024390244,0.72,0.006097560975609756,0.01,72,1,100,2,"[0.508544921875, 0.253662109375, 0.20458984375, 0.01025390625, 0.02294921875]",0.02294921875,0.2048780487804878,0.039794921875,1.0,0.43902439024390244,0.72,0.006097560975609756,0.01,72,1,100,2,"[0.510009765625, 0.25341796875, 0.203125, 0.010009765625, 0.0234375]",0.0234375,0.2,0.0400390625,1.0,0.42073170731707316,0.69,0.0,0.0,69,0,100,1,"[0.514404296875, 0.255615234375, 0.204345703125, 0.011962890625, 0.013671875]",0.013671875,0.23902439024390243,0.0380859375,1.0,0.6646341463414634,0.7676056338028169,0.04878048780487805,0.056338028169014086,109,8,142,1,100,164,96,4,0.5853658536585366,0.96,0.001017293997965412,0.0010280133641737343,0,False,True,100,0.97,0.010416666666666666,0.03,0.005529835390946501,81,81.0,81,False,,,,,0.0,0.06097560975609756,52,100,0.5148154590278864,2,8192,3,12288,0,119068912,7187757056,33554432,692.33984375,711.45703125,1078.09765625,,,,,,,,,0.0020690530072897673,0.0,0.062049411004409194,0.005895578069612384,1.0,0.98,False,False
geometry_linear_2048_d2_frozen_initialization,geometry,2048,linear,2,frozen_initialization,cb64_ra,20260929,64c32e0e066b474d027184613fd6abe2933366e5b56139a34692879ade42dc30,99affe78357008dcf45ab32975b61a2906690edf55418fe088a836257c906dbb,2.7564615270294053,"[0.5, 0.25, 0.2001953125, 0.009765625, 0.0400390625]",0.0400390625,0.19607843137254902,0.0400390625,1.0,0.0,0.0,0.0,0.0,0,0,0,0,"[0.5, 0.25, 0.2001953125, 0.0498046875, 0.0]",0.0,1.0,0.0,1.0,1.0,0.9534883720930233,1.0,0.9534883720930233,82,82,86,0,"[0.5, 0.25, 0.2001953125, 0.0498046875, 0.0]",0.0,1.0,0.0,1.0,1.0,0.9534883720930233,1.0,0.9534883720930233,82,82,86,0,"[0.5, 0.25, 0.2001953125, 0.0498046875, 0.0]",0.0,1.0,0.0,1.0,1.0,0.9534883720930233,1.0,0.9534883720930233,82,82,86,0,"[0.5009765625, 0.25, 0.2001953125, 0.048828125, 0.0]",0.0,0.9803921568627451,0.0009765625,0.9,1.0,0.43617021276595747,1.0,0.43617021276595747,82,82,188,0,"[0.5009765625, 0.25, 0.2001953125, 0.048828125, 0.0]",0.0,0.9803921568627451,0.0009765625,0.9,1.0,0.3445378151260504,1.0,0.3445378151260504,82,82,238,0,86,82,82,4,1.0,0.9534883720930233,0.002034587995930824,0.0020554984583761563,0,False,True,86,1.0,1.0,1.0,1.0,1,1.9767441860465116,2,False,,,,,0.0,0.0,156,86,0.04103972902521491,17,4284,25,6332,0,0,0,0,676.90625,676.90625,1078.09765625,1219200,5291008,3136,22016,256,256,168960,1,0.0009152109269052744,0.016190974041819572,0.0013106418773531914,0.004827576922252774,1.0,1.0,False,False
geometry_linear_2048_d2_frozen_initialization,geometry,2048,linear,2,frozen_initialization,e22,20260929,64c32e0e066b474d027184613fd6abe2933366e5b56139a34692879ade42dc30,99affe78357008dcf45ab32975b61a2906690edf55418fe088a836257c906dbb,1.0,"[0.5, 0.25, 0.2001953125, 0.009765625, 0.0400390625]",0.0400390625,0.19607843137254902,0.0400390625,1.0,0.0,0.0,0.0,0.0,0,0,0,0,"[0.5, 0.25, 0.2001953125, 0.0498046875, 0.0]",0.0,1.0,0.0,1.0,1.0,0.9425287356321839,1.0,0.9425287356321839,82,82,87,0,"[0.5, 0.25, 0.2001953125, 0.0498046875, 0.0]",0.0,1.0,0.0,1.0,1.0,0.9425287356321839,1.0,0.9425287356321839,82,82,87,0,"[0.5, 0.25, 0.2001953125, 0.0498046875, 0.0]",0.0,1.0,0.0,1.0,1.0,0.9425287356321839,1.0,0.9425287356321839,82,82,87,0,"[0.5, 0.25, 0.2001953125, 0.0498046875, 0.0]",0.0,1.0,0.0,1.0,1.0,0.9425287356321839,1.0,0.9425287356321839,82,82,87,0,"[0.5, 0.25, 0.2001953125, 0.0498046875, 0.0]",0.0,1.0,0.0,1.0,1.0,0.9425287356321839,1.0,0.9425287356321839,82,82,87,0,87,82,82,5,1.0,0.9425287356321839,0.00254323499491353,0.0020554984583761563,1,False,True,87,1.0,1.0,1.0,1.0,1,18.137931034482758,19,False,,,,,0.0,0.0,0,87,0.11312443413771689,2,4096,3,6144,0,30065263,689276126,16777216,676.90625,712.69140625,1078.09765625,,,,,,,,,0.0009366921149194241,0.0,0.02702837879769504,0.0015451319050043821,,1.0,False,False
geometry_linear_2048_d16_frozen_initialization,geometry,2048,linear,16,frozen_initialization,cb64_ra,20260929,47a1f1950a58342e4a9c38f467d7879d77e76d9e9749ade1764d7ad0a275ca24,99affe78357008dcf45ab32975b61a2906690edf55418fe088a836257c906dbb,2.308645718447916,"[0.5, 0.25, 0.2001953125, 0.009765625, 0.0400390625]",0.0400390625,0.19607843137254902,0.0400390625,1.0,0.0,0.0,0.0,0.0,0,0,0,0,"[0.5, 0.25, 0.2001953125, 0.0498046875, 0.0]",0.0,1.0,0.0,1.0,1.0,0.9534883720930233,1.0,0.9534883720930233,82,82,86,0,"[0.5, 0.25, 0.2001953125, 0.0498046875, 0.0]",0.0,1.0,0.0,1.0,1.0,0.9534883720930233,1.0,0.9534883720930233,82,82,86,0,"[0.5, 0.25, 0.2001953125, 0.0498046875, 0.0]",0.0,1.0,0.0,1.0,1.0,0.9534883720930233,1.0,0.9534883720930233,82,82,86,0,"[0.4912109375, 0.25, 0.2001953125, 0.05859375, 0.0]",0.0,1.1764705882352942,0.0087890625,1.0,1.0,0.7884615384615384,1.0,0.7884615384615384,82,82,104,0,"[0.49462890625, 0.25, 0.19677734375, 0.05859375, 0.0]",0.0,1.1764705882352942,0.0087890625,1.0,1.0,0.4205128205128205,1.0,0.4205128205128205,82,82,195,0,86,82,82,4,1.0,0.9534883720930233,0.002034587995930824,0.0020554984583761563,0,False,True,86,1.0,1.0,1.0,1.0,1,1.9767441860465116,2,False,,,,,0.0,0.0,115,86,0.04364735400304198,17,4200,25,6248,0,0,0,0,723.12890625,723.12890625,1078.09765625,1213824,5269504,3136,22016,256,256,168960,1,0.0009328511077910662,0.019410399021580815,0.0016438819002360106,0.005554458126425743,1.0,1.0,False,False
geometry_linear_2048_d16_frozen_initialization,geometry,2048,linear,16,frozen_initialization,e22,20260929,47a1f1950a58342e4a9c38f467d7879d77e76d9e9749ade1764d7ad0a275ca24,99affe78357008dcf45ab32975b61a2906690edf55418fe088a836257c906dbb,1.0,"[0.5, 0.25, 0.2001953125, 0.009765625, 0.0400390625]",0.0400390625,0.19607843137254902,0.0400390625,1.0,0.0,0.0,0.0,0.0,0,0,0,0,"[0.5, 0.25, 0.2001953125, 0.0498046875, 0.0]",0.0,1.0,0.0,1.0,1.0,0.9425287356321839,1.0,0.9425287356321839,82,82,87,0,"[0.5, 0.25, 0.2001953125, 0.0498046875, 0.0]",0.0,1.0,0.0,1.0,1.0,0.9425287356321839,1.0,0.9425287356321839,82,82,87,0,"[0.5, 0.25, 0.2001953125, 0.0498046875, 0.0]",0.0,1.0,0.0,1.0,1.0,0.9425287356321839,1.0,0.9425287356321839,82,82,87,0,"[0.5, 0.25, 0.2001953125, 0.0498046875, 0.0]",0.0,1.0,0.0,1.0,1.0,0.9425287356321839,1.0,0.9425287356321839,82,82,87,0,"[0.5, 0.25, 0.2001953125, 0.0498046875, 0.0]",0.0,1.0,0.0,1.0,1.0,0.9425287356321839,1.0,0.9425287356321839,82,82,87,0,87,82,82,5,1.0,0.9425287356321839,0.00254323499491353,0.0020554984583761563,1,False,True,87,1.0,1.0,1.0,1.0,1,18.137931034482758,19,False,,,,,0.0,0.0,0,87,0.10076627694070339,2,4096,3,6144,0,30065263,816588528,16777216,723.12890625,723.12890625,1078.09765625,,,,,,,,,0.001022761920467019,0.0,0.026146667078137398,0.0016409929376095533,,1.0,False,False
geometry_linear_2048_d64_frozen_initialization,geometry,2048,linear,64,frozen_initialization,cb64_ra,20260929,7a91b52f561e6369427b6feebdb07baee725fb3766b91947ec26298888eb5adc,99affe78357008dcf45ab32975b61a2906690edf55418fe088a836257c906dbb,2.1971241429925694,"[0.5, 0.25, 0.2001953125, 0.009765625, 0.0400390625]",0.0400390625,0.19607843137254902,0.0400390625,1.0,0.0,0.0,0.0,0.0,0,0,0,0,"[0.5, 0.25, 0.2001953125, 0.0498046875, 0.0]",0.0,1.0,0.0,1.0,1.0,0.9534883720930233,1.0,0.9534883720930233,82,82,86,0,"[0.5, 0.25, 0.2001953125, 0.0498046875, 0.0]",0.0,1.0,0.0,1.0,1.0,0.9534883720930233,1.0,0.9534883720930233,82,82,86,0,"[0.5, 0.25, 0.2001953125, 0.0498046875, 0.0]",0.0,1.0,0.0,1.0,1.0,0.9534883720930233,1.0,0.9534883720930233,82,82,86,0,"[0.5009765625, 0.25, 0.2001953125, 0.048828125, 0.0]",0.0,0.9803921568627451,0.0009765625,0.9,1.0,0.43617021276595747,1.0,0.43617021276595747,82,82,188,0,"[0.5009765625, 0.25, 0.2001953125, 0.048828125, 0.0]",0.0,0.9803921568627451,0.0009765625,0.9,1.0,0.43157894736842106,1.0,0.43157894736842106,82,82,190,0,86,82,82,4,1.0,0.9534883720930233,0.002034587995930824,0.0020554984583761563,0,False,True,86,1.0,1.0,1.0,1.0,1,1.9767441860465116,2,False,,,,,0.0,0.0,105,86,0.04619542695581913,17,4284,25,6332,0,0,0,0,723.1015625,723.1015625,1078.09765625,1219200,5291008,3136,22016,256,256,168960,1,0.0009332320187240839,0.01702630496583879,0.0011991411447525024,0.004884917987510562,1.0,1.0,False,False
geometry_linear_2048_d64_frozen_initialization,geometry,2048,linear,64,frozen_initialization,e22,20260929,7a91b52f561e6369427b6feebdb07baee725fb3766b91947ec26298888eb5adc,99affe78357008dcf45ab32975b61a2906690edf55418fe088a836257c906dbb,1.0,"[0.5, 0.25, 0.2001953125, 0.009765625, 0.0400390625]",0.0400390625,0.19607843137254902,0.0400390625,1.0,0.0,0.0,0.0,0.0,0,0,0,0,"[0.5, 0.25, 0.2001953125, 0.0498046875, 0.0]",0.0,1.0,0.0,1.0,1.0,0.9425287356321839,1.0,0.9425287356321839,82,82,87,0,"[0.5, 0.25, 0.2001953125, 0.0498046875, 0.0]",0.0,1.0,0.0,1.0,1.0,0.9425287356321839,1.0,0.9425287356321839,82,82,87,0,"[0.5, 0.25, 0.2001953125, 0.0498046875, 0.0]",0.0,1.0,0.0,1.0,1.0,0.9425287356321839,1.0,0.9425287356321839,82,82,87,0,"[0.5, 0.25, 0.2001953125, 0.0498046875, 0.0]",0.0,1.0,0.0,1.0,1.0,0.9425287356321839,1.0,0.9425287356321839,82,82,87,0,"[0.5, 0.25, 0.2001953125, 0.0498046875, 0.0]",0.0,1.0,0.0,1.0,1.0,0.9425287356321839,1.0,0.9425287356321839,82,82,87,0,87,82,82,5,1.0,0.9425287356321839,0.00254323499491353,0.0020554984583761563,1,False,True,87,1.0,1.0,1.0,1.0,1,18.137931034482758,19,False,,,,,0.0,0.0,0,87,0.10149708786047995,2,4096,3,6144,0,30065263,1253088192,16777216,723.1015625,723.1015625,1078.09765625,,,,,,,,,0.0014339531771838665,0.0,0.03013749304227531,0.0025730838533490896,,1.0,False,False
geometry_linear_2048_d128_frozen_initialization,geometry,2048,linear,128,frozen_initialization,cb64_ra,20260929,c42e253053688aa31774a4dcb3cdfa1ec145f76838ad16fb8c2d27a40c9e5e5d,99affe78357008dcf45ab32975b61a2906690edf55418fe088a836257c906dbb,3.457863697812069,"[0.5, 0.25, 0.2001953125, 0.009765625, 0.0400390625]",0.0400390625,0.19607843137254902,0.0400390625,1.0,0.0,0.0,0.0,0.0,0,0,0,0,"[0.5, 0.25, 0.2001953125, 0.0498046875, 0.0]",0.0,1.0,0.0,1.0,1.0,0.9534883720930233,1.0,0.9534883720930233,82,82,86,0,"[0.5, 0.25, 0.2001953125, 0.0498046875, 0.0]",0.0,1.0,0.0,1.0,1.0,0.9534883720930233,1.0,0.9534883720930233,82,82,86,0,"[0.5, 0.25, 0.2001953125, 0.0498046875, 0.0]",0.0,1.0,0.0,1.0,1.0,0.9534883720930233,1.0,0.9534883720930233,82,82,86,0,"[0.4912109375, 0.25, 0.2001953125, 0.05859375, 0.0]",0.0,1.1764705882352942,0.0087890625,1.0,1.0,0.4939759036144578,1.0,0.4939759036144578,82,82,166,0,"[0.4912109375, 0.25, 0.2001953125, 0.05859375, 0.0]",0.0,1.1764705882352942,0.0087890625,1.0,1.0,0.43386243386243384,1.0,0.43386243386243384,82,82,189,0,86,82,82,4,1.0,0.9534883720930233,0.002034587995930824,0.0020554984583761563,0,False,True,86,1.0,1.0,1.0,1.0,1,1.9767441860465116,2,False,,,,,0.0,0.0,104,86,0.047791349003091455,17,4262,25,6310,0,0,0,0,696.08984375,696.08984375,1078.09765625,1217792,5285376,3136,22016,256,256,168960,1,0.001155391102656722,0.017934727016836405,0.0015682019293308258,0.00521070696413517,1.0,1.0,False,False
geometry_linear_2048_d128_frozen_initialization,geometry,2048,linear,128,frozen_initialization,e22,20260929,c42e253053688aa31774a4dcb3cdfa1ec145f76838ad16fb8c2d27a40c9e5e5d,99affe78357008dcf45ab32975b61a2906690edf55418fe088a836257c906dbb,1.0,"[0.5, 0.25, 0.2001953125, 0.009765625, 0.0400390625]",0.0400390625,0.19607843137254902,0.0400390625,1.0,0.0,0.0,0.0,0.0,0,0,0,0,"[0.5, 0.25, 0.2001953125, 0.0498046875, 0.0]",0.0,1.0,0.0,1.0,1.0,0.9425287356321839,1.0,0.9425287356321839,82,82,87,0,"[0.5, 0.25, 0.2001953125, 0.0498046875, 0.0]",0.0,1.0,0.0,1.0,1.0,0.9425287356321839,1.0,0.9425287356321839,82,82,87,0,"[0.5, 0.25, 0.2001953125, 0.0498046875, 0.0]",0.0,1.0,0.0,1.0,1.0,0.9425287356321839,1.0,0.9425287356321839,82,82,87,0,"[0.5, 0.25, 0.2001953125, 0.0498046875, 0.0]",0.0,1.0,0.0,1.0,1.0,0.9425287356321839,1.0,0.9425287356321839,82,82,87,0,"[0.5, 0.25, 0.2001953125, 0.0498046875, 0.0]",0.0,1.0,0.0,1.0,1.0,0.9425287356321839,1.0,0.9425287356321839,82,82,87,0,87,82,82,5,1.0,0.9425287356321839,0.00254323499491353,0.0020554984583761563,1,False,True,87,1.0,1.0,1.0,1.0,1,18.137931034482758,19,False,,,,,0.0,0.0,0,87,0.16525597078725696,2,4096,3,6144,0,30065263,1835087744,16777216,696.08984375,709.08984375,1078.09765625,,,,,,,,,0.0011044309940189123,0.0,0.02653733897022903,0.00222432310692966,,1.0,False,False
geometry_fold_2048_d2_frozen_initialization,geometry,2048,fold,2,frozen_initialization,cb64_ra,20260929,c60f39bef30d5b1322ef86b8f4e314803134a9c3900adb9666b91befbfee9806,99affe78357008dcf45ab32975b61a2906690edf55418fe088a836257c906dbb,2.442472251218725,"[0.5, 0.25, 0.2001953125, 0.009765625, 0.0400390625]",0.0400390625,0.19607843137254902,0.0400390625,1.0,0.0,0.0,0.0,0.0,0,0,0,0,"[0.5, 0.25, 0.2001953125, 0.0498046875, 0.0]",0.0,1.0,0.0,1.0,1.0,0.9534883720930233,1.0,0.9534883720930233,82,82,86,0,"[0.5, 0.25, 0.2001953125, 0.0498046875, 0.0]",0.0,1.0,0.0,1.0,1.0,0.9534883720930233,1.0,0.9534883720930233,82,82,86,0,"[0.5, 0.25, 0.2001953125, 0.0498046875, 0.0]",0.0,1.0,0.0,1.0,1.0,0.9534883720930233,1.0,0.9534883720930233,82,82,86,0,"[0.4716796875, 0.2490234375, 0.20068359375, 0.03125, 0.04736328125]",0.04736328125,0.6274509803921569,0.0478515625,0.95,0.5487804878048781,0.2393617021276596,0.5487804878048781,0.2393617021276596,45,45,188,60,"[0.43359375, 0.2412109375, 0.19677734375, 0.03125, 0.09716796875]",0.09716796875,0.6274509803921569,0.09716796875,0.95,0.5487804878048781,0.13432835820895522,0.5487804878048781,0.13432835820895522,45,45,335,162,86,82,82,4,1.0,0.9534883720930233,0.002034587995930824,0.0020554984583761563,0,False,True,86,1.0,1.0,1.0,1.0,1,1.9767441860465116,2,False,,,,,0.0,0.0,273,86,0.04315269202925265,17,4284,25,6332,0,0,0,0,679.9375,679.9375,1078.09765625,1219200,5291008,3136,22016,256,256,168960,1,0.0009316611103713512,0.016879215138033032,0.001274322159588337,0.004919376922771335,1.0,1.0,False,False
geometry_fold_2048_d2_frozen_initialization,geometry,2048,fold,2,frozen_initialization,e22,20260929,c60f39bef30d5b1322ef86b8f4e314803134a9c3900adb9666b91befbfee9806,99affe78357008dcf45ab32975b61a2906690edf55418fe088a836257c906dbb,1.0,"[0.5, 0.25, 0.2001953125, 0.009765625, 0.0400390625]",0.0400390625,0.19607843137254902,0.0400390625,1.0,0.0,0.0,0.0,0.0,0,0,0,0,"[0.5, 0.27734375, 0.212890625, 0.009765625, 0.0]",0.0,0.19607843137254902,0.0400390625,1.0,1.0,0.9425287356321839,0.0,0.0,82,0,87,0,"[0.5, 0.27734375, 0.21240234375, 0.009765625, 0.00048828125]",0.00048828125,0.19607843137254902,0.0400390625,1.0,0.9878048780487805,0.9310344827586207,0.0,0.0,81,0,87,0,"[0.5, 0.27734375, 0.21240234375, 0.009765625, 0.00048828125]",0.00048828125,0.19607843137254902,0.0400390625,1.0,0.9878048780487805,0.9310344827586207,0.0,0.0,81,0,87,0,"[0.5, 0.27197265625, 0.2177734375, 0.009765625, 0.00048828125]",0.00048828125,0.19607843137254902,0.0400390625,1.0,0.9878048780487805,0.9310344827586207,0.0,0.0,81,0,87,0,"[0.5, 0.27197265625, 0.2177734375, 0.009765625, 0.00048828125]",0.00048828125,0.19607843137254902,0.0400390625,1.0,0.9878048780487805,0.9310344827586207,0.0,0.0,81,0,87,0,87,82,82,5,1.0,0.9425287356321839,0.00254323499491353,0.0020554984583761563,1,False,True,87,1.0,0.0,0.05747126436781609,0.0,1,76.47126436781609,81,False,,,,,0.0,0.0,0,87,0.10539925284683704,2,4096,3,6144,0,30065263,689276126,16777216,679.9375,692.0625,1078.09765625,,,,,,,,,0.001171202166005969,0.0,0.02574518695473671,0.0017372830770909786,,1.0,False,False
geometry_fold_2048_d16_frozen_initialization,geometry,2048,fold,16,frozen_initialization,cb64_ra,20260929,2902b1fb6a73c57f3a3a67d91a82782bff657c6764d7302aed21f2cbc0f8a394,99affe78357008dcf45ab32975b61a2906690edf55418fe088a836257c906dbb,2.2060959368503545,"[0.5, 0.25, 0.2001953125, 0.009765625, 0.0400390625]",0.0400390625,0.19607843137254902,0.0400390625,1.0,0.0,0.0,0.0,0.0,0,0,0,0,"[0.5, 0.25, 0.2001953125, 0.0498046875, 0.0]",0.0,1.0,0.0,1.0,1.0,0.9534883720930233,1.0,0.9534883720930233,82,82,86,0,"[0.5, 0.25, 0.2001953125, 0.0498046875, 0.0]",0.0,1.0,0.0,1.0,1.0,0.9534883720930233,1.0,0.9534883720930233,82,82,86,0,"[0.5, 0.25, 0.2001953125, 0.0498046875, 0.0]",0.0,1.0,0.0,1.0,1.0,0.9534883720930233,1.0,0.9534883720930233,82,82,86,0,"[0.48779296875, 0.2509765625, 0.2021484375, 0.04638671875, 0.0126953125]",0.0126953125,0.9313725490196079,0.015625,0.95,0.926829268292683,0.40425531914893614,0.926829268292683,0.40425531914893614,76,76,188,20,"[0.4521484375, 0.2626953125, 0.2216796875, 0.04931640625, 0.01416015625]",0.01416015625,0.9901960784313726,0.04833984375,0.95,1.0,0.21983914209115282,1.0,0.21983914209115282,82,82,373,29,86,82,82,4,1.0,0.9534883720930233,0.002034587995930824,0.0020554984583761563,0,False,True,86,1.0,1.0,1.0,1.0,1,1.9767441860465116,2,False,,,,,0.0,0.2926829268292683,384,274,0.05169823486357927,17,4284,25,6332,0,0,0,0,714.1171875,714.1171875,1078.09765625,1219200,5291008,3136,22016,256,256,168960,1,0.001427041832357645,0.018009055871516466,0.0016236519441008568,0.0062434799037873745,1.0,1.0,False,False
geometry_fold_2048_d16_frozen_initialization,geometry,2048,fold,16,frozen_initialization,e22,20260929,2902b1fb6a73c57f3a3a67d91a82782bff657c6764d7302aed21f2cbc0f8a394,99affe78357008dcf45ab32975b61a2906690edf55418fe088a836257c906dbb,1.0,"[0.5, 0.25, 0.2001953125, 0.009765625, 0.0400390625]",0.0400390625,0.19607843137254902,0.0400390625,1.0,0.0,0.0,0.0,0.0,0,0,0,0,"[0.5, 0.27734375, 0.212890625, 0.009765625, 0.0]",0.0,0.19607843137254902,0.0400390625,1.0,1.0,0.9425287356321839,0.0,0.0,82,0,87,0,"[0.5, 0.27734375, 0.212890625, 0.009765625, 0.0]",0.0,0.19607843137254902,0.0400390625,1.0,1.0,0.9425287356321839,0.0,0.0,82,0,87,0,"[0.5, 0.27734375, 0.212890625, 0.009765625, 0.0]",0.0,0.19607843137254902,0.0400390625,1.0,1.0,0.9425287356321839,0.0,0.0,82,0,87,0,"[0.5, 0.271484375, 0.21875, 0.009765625, 0.0]",0.0,0.19607843137254902,0.0400390625,1.0,1.0,0.9425287356321839,0.0,0.0,82,0,87,0,"[0.5, 0.271484375, 0.21875, 0.009765625, 0.0]",0.0,0.19607843137254902,0.0400390625,1.0,1.0,0.9425287356321839,0.0,0.0,82,0,87,0,87,82,82,5,1.0,0.9425287356321839,0.00254323499491353,0.0020554984583761563,1,False,True,87,1.0,0.0,0.05747126436781609,0.0,1,76.47126436781609,81,False,,,,,0.0,0.0,0,87,0.11405126587487757,2,4096,3,6144,0,30065263,816588528,16777216,714.1171875,714.1171875,1078.09765625,,,,,,,,,0.0011135810054838657,0.0,0.026525998953729868,0.0019581730011850595,,1.0,False,False
geometry_fold_2048_d64_frozen_initialization,geometry,2048,fold,64,frozen_initialization,cb64_ra,20260929,01468b2763adf44bba4c5f5ba5f333d9db4b800091ffa2e5dd83f6d1f0481e1f,99affe78357008dcf45ab32975b61a2906690edf55418fe088a836257c906dbb,2.583709908568524,"[0.5, 0.25, 0.2001953125, 0.009765625, 0.0400390625]",0.0400390625,0.19607843137254902,0.0400390625,1.0,0.0,0.0,0.0,0.0,0,0,0,0,"[0.5, 0.25, 0.2001953125, 0.0498046875, 0.0]",0.0,1.0,0.0,1.0,1.0,0.9534883720930233,1.0,0.9534883720930233,82,82,86,0,"[0.5, 0.25, 0.2001953125, 0.0498046875, 0.0]",0.0,1.0,0.0,1.0,1.0,0.9534883720930233,1.0,0.9534883720930233,82,82,86,0,"[0.5, 0.25, 0.2001953125, 0.0498046875, 0.0]",0.0,1.0,0.0,1.0,1.0,0.9534883720930233,1.0,0.9534883720930233,82,82,86,0,"[0.4921875, 0.2509765625, 0.20654296875, 0.04931640625, 0.0009765625]",0.0009765625,0.9901960784313726,0.00830078125,0.95,1.0,0.43617021276595747,1.0,0.43617021276595747,82,82,188,2,"[0.5009765625, 0.25146484375, 0.19775390625, 0.04931640625, 0.00048828125]",0.00048828125,0.9901960784313726,0.0029296875,0.95,1.0,0.25153374233128833,1.0,0.25153374233128833,82,82,326,1,86,82,82,4,1.0,0.9534883720930233,0.002034587995930824,0.0020554984583761563,0,False,True,86,1.0,1.0,1.0,1.0,1,1.9767441860465116,2,False,,,,,0.0,0.0,314,86,0.04685921804048121,17,4284,25,6332,0,0,0,0,715.18359375,715.18359375,1078.09765625,1219200,5291008,3136,22016,256,256,168960,1,0.0009439510758966208,0.016329033998772502,0.0011956219095736742,0.004827297059819102,1.0,1.0,False,False
geometry_fold_2048_d64_frozen_initialization,geometry,2048,fold,64,frozen_initialization,e22,20260929,01468b2763adf44bba4c5f5ba5f333d9db4b800091ffa2e5dd83f6d1f0481e1f,99affe78357008dcf45ab32975b61a2906690edf55418fe088a836257c906dbb,1.0,"[0.5, 0.25, 0.2001953125, 0.009765625, 0.0400390625]",0.0400390625,0.19607843137254902,0.0400390625,1.0,0.0,0.0,0.0,0.0,0,0,0,0,"[0.5, 0.27734375, 0.212890625, 0.009765625, 0.0]",0.0,0.19607843137254902,0.0400390625,1.0,1.0,0.9425287356321839,0.0,0.0,82,0,87,0,"[0.5, 0.27734375, 0.212890625, 0.009765625, 0.0]",0.0,0.19607843137254902,0.0400390625,1.0,1.0,0.9425287356321839,0.0,0.0,82,0,87,0,"[0.5, 0.27734375, 0.212890625, 0.009765625, 0.0]",0.0,0.19607843137254902,0.0400390625,1.0,1.0,0.9425287356321839,0.0,0.0,82,0,87,0,"[0.5, 0.27490234375, 0.21533203125, 0.009765625, 0.0]",0.0,0.19607843137254902,0.0400390625,1.0,1.0,0.9425287356321839,0.0,0.0,82,0,87,0,"[0.5, 0.27490234375, 0.21533203125, 0.009765625, 0.0]",0.0,0.19607843137254902,0.0400390625,1.0,1.0,0.9425287356321839,0.0,0.0,82,0,87,0,87,82,82,5,1.0,0.9425287356321839,0.00254323499491353,0.0020554984583761563,1,False,True,87,1.0,0.0,0.05747126436781609,0.0,1,76.47126436781609,81,False,,,,,0.0,0.0,0,87,0.12107062595896423,2,4096,3,6144,0,30065263,1253088192,16777216,715.19140625,719.19140625,1078.09765625,,,,,,,,,0.0010537209454923868,0.0,0.030828955117613077,0.0023546128068119287,,1.0,False,False
geometry_fold_2048_d128_frozen_initialization,geometry,2048,fold,128,frozen_initialization,cb64_ra,20260929,ec2be030125289558b8dc7ac3e5c9f64c6ad6aa348486eea1f9ec7751de9b32d,99affe78357008dcf45ab32975b61a2906690edf55418fe088a836257c906dbb,2.889133277378561,"[0.5, 0.25, 0.2001953125, 0.009765625, 0.0400390625]",0.0400390625,0.19607843137254902,0.0400390625,1.0,0.0,0.0,0.0,0.0,0,0,0,0,"[0.5, 0.25, 0.2001953125, 0.0498046875, 0.0]",0.0,1.0,0.0,1.0,1.0,0.9534883720930233,1.0,0.9534883720930233,82,82,86,0,"[0.5, 0.25, 0.2001953125, 0.0498046875, 0.0]",0.0,1.0,0.0,1.0,1.0,0.9534883720930233,1.0,0.9534883720930233,82,82,86,0,"[0.5, 0.25, 0.2001953125, 0.0498046875, 0.0]",0.0,1.0,0.0,1.0,1.0,0.9534883720930233,1.0,0.9534883720930233,82,82,86,0,"[0.49462890625, 0.2509765625, 0.2001953125, 0.05419921875, 0.0]",0.0,1.088235294117647,0.00537109375,0.95,1.0,0.43617021276595747,1.0,0.43617021276595747,82,82,188,0,"[0.50439453125, 0.2412109375, 0.2001953125, 0.05419921875, 0.0]",0.0,1.088235294117647,0.0087890625,0.95,1.0,0.2837370242214533,1.0,0.2837370242214533,82,82,289,0,86,82,82,4,1.0,0.9534883720930233,0.002034587995930824,0.0020554984583761563,0,False,True,86,1.0,1.0,1.0,1.0,1,1.9767441860465116,2,False,,,,,0.0,0.0,233,86,0.04634411819279194,17,4284,25,6332,0,0,0,0,725.234375,725.234375,1078.09765625,1219200,5291008,3136,22016,256,256,168960,1,0.0009782810229808092,0.016249303938820958,0.0011878309305757284,0.004836958134546876,1.0,1.0,False,False
geometry_fold_2048_d128_frozen_initialization,geometry,2048,fold,128,frozen_initialization,e22,20260929,ec2be030125289558b8dc7ac3e5c9f64c6ad6aa348486eea1f9ec7751de9b32d,99affe78357008dcf45ab32975b61a2906690edf55418fe088a836257c906dbb,1.0,"[0.5, 0.25, 0.2001953125, 0.009765625, 0.0400390625]",0.0400390625,0.19607843137254902,0.0400390625,1.0,0.0,0.0,0.0,0.0,0,0,0,0,"[0.5, 0.27734375, 0.212890625, 0.009765625, 0.0]",0.0,0.19607843137254902,0.0400390625,1.0,1.0,0.9425287356321839,0.0,0.0,82,0,87,0,"[0.5, 0.27734375, 0.212890625, 0.009765625, 0.0]",0.0,0.19607843137254902,0.0400390625,1.0,1.0,0.9425287356321839,0.0,0.0,82,0,87,0,"[0.5, 0.27734375, 0.212890625, 0.009765625, 0.0]",0.0,0.19607843137254902,0.0400390625,1.0,1.0,0.9425287356321839,0.0,0.0,82,0,87,0,"[0.5, 0.27099609375, 0.21923828125, 0.009765625, 0.0]",0.0,0.19607843137254902,0.0400390625,1.0,1.0,0.9425287356321839,0.0,0.0,82,0,87,0,"[0.5, 0.27099609375, 0.21923828125, 0.009765625, 0.0]",0.0,0.19607843137254902,0.0400390625,1.0,1.0,0.9425287356321839,0.0,0.0,82,0,87,0,87,82,82,5,1.0,0.9425287356321839,0.00254323499491353,0.0020554984583761563,1,False,True,87,1.0,0.0,0.05747126436781609,0.0,1,76.47126436781609,81,False,,,,,0.0,0.0,0,87,0.13389433408156037,2,4096,3,6144,0,30065263,1835087744,16777216,725.234375,712.234375,1078.09765625,,,,,,,,,0.0013237220700830221,0.0,0.026654538931325078,0.0024505530018359423,,1.0,False,False
geometry_fold_nuisance_2048_d2_frozen_initialization,geometry,2048,fold_nuisance,2,frozen_initialization,cb64_ra,20260929,c60f39bef30d5b1322ef86b8f4e314803134a9c3900adb9666b91befbfee9806,99affe78357008dcf45ab32975b61a2906690edf55418fe088a836257c906dbb,2.325173007079459,"[0.5, 0.25, 0.2001953125, 0.009765625, 0.0400390625]",0.0400390625,0.19607843137254902,0.0400390625,1.0,0.0,0.0,0.0,0.0,0,0,0,0,"[0.5, 0.25, 0.2001953125, 0.0498046875, 0.0]",0.0,1.0,0.0,1.0,1.0,0.9534883720930233,1.0,0.9534883720930233,82,82,86,0,"[0.5, 0.25, 0.2001953125, 0.0498046875, 0.0]",0.0,1.0,0.0,1.0,1.0,0.9534883720930233,1.0,0.9534883720930233,82,82,86,0,"[0.5, 0.25, 0.2001953125, 0.0498046875, 0.0]",0.0,1.0,0.0,1.0,1.0,0.9534883720930233,1.0,0.9534883720930233,82,82,86,0,"[0.4716796875, 0.2490234375, 0.20068359375, 0.03125, 0.04736328125]",0.04736328125,0.6274509803921569,0.0478515625,0.95,0.5487804878048781,0.2393617021276596,0.5487804878048781,0.2393617021276596,45,45,188,60,"[0.43359375, 0.2412109375, 0.19677734375, 0.03125, 0.09716796875]",0.09716796875,0.6274509803921569,0.09716796875,0.95,0.5487804878048781,0.13432835820895522,0.5487804878048781,0.13432835820895522,45,45,335,162,86,82,82,4,1.0,0.9534883720930233,0.002034587995930824,0.0020554984583761563,0,False,True,86,1.0,1.0,1.0,1.0,1,1.9767441860465116,2,False,,,,,0.0,0.0,273,86,0.0456369761377573,17,4284,25,6332,0,0,0,0,713.2265625,713.2265625,1078.09765625,1219200,5291008,3136,22016,256,256,168960,1,0.0008645209018141031,0.016089753014966846,0.001232451992109418,0.0047806669026613235,1.0,1.0,False,False
geometry_fold_nuisance_2048_d2_frozen_initialization,geometry,2048,fold_nuisance,2,frozen_initialization,e22,20260929,c60f39bef30d5b1322ef86b8f4e314803134a9c3900adb9666b91befbfee9806,99affe78357008dcf45ab32975b61a2906690edf55418fe088a836257c906dbb,1.0,"[0.5, 0.25, 0.2001953125, 0.009765625, 0.0400390625]",0.0400390625,0.19607843137254902,0.0400390625,1.0,0.0,0.0,0.0,0.0,0,0,0,0,"[0.5, 0.27734375, 0.212890625, 0.009765625, 0.0]",0.0,0.19607843137254902,0.0400390625,1.0,1.0,0.9425287356321839,0.0,0.0,82,0,87,0,"[0.5, 0.27734375, 0.21240234375, 0.009765625, 0.00048828125]",0.00048828125,0.19607843137254902,0.0400390625,1.0,0.9878048780487805,0.9310344827586207,0.0,0.0,81,0,87,0,"[0.5, 0.27734375, 0.21240234375, 0.009765625, 0.00048828125]",0.00048828125,0.19607843137254902,0.0400390625,1.0,0.9878048780487805,0.9310344827586207,0.0,0.0,81,0,87,0,"[0.5, 0.27197265625, 0.2177734375, 0.009765625, 0.00048828125]",0.00048828125,0.19607843137254902,0.0400390625,1.0,0.9878048780487805,0.9310344827586207,0.0,0.0,81,0,87,0,"[0.5, 0.27197265625, 0.2177734375, 0.009765625, 0.00048828125]",0.00048828125,0.19607843137254902,0.0400390625,1.0,0.9878048780487805,0.9310344827586207,0.0,0.0,81,0,87,0,87,82,82,5,1.0,0.9425287356321839,0.00254323499491353,0.0020554984583761563,1,False,True,87,1.0,0.0,0.05747126436781609,0.0,1,76.47126436781609,81,False,,,,,0.0,0.0,0,87,0.10611386504024267,2,4096,3,6144,0,30065263,689276126,16777216,713.2265625,714.2265625,1078.09765625,,,,,,,,,0.0013890319969505072,0.0,0.02891350188292563,0.0026039141230285168,,1.0,False,False
geometry_fold_nuisance_2048_d16_frozen_initialization,geometry,2048,fold_nuisance,16,frozen_initialization,cb64_ra,20260929,a4e36124c995a2cd91a5602afac36fe70438775a8e76a33763d2f4f0a21ac358,99affe78357008dcf45ab32975b61a2906690edf55418fe088a836257c906dbb,2.5055087856239866,"[0.5, 0.25, 0.2001953125, 0.009765625, 0.0400390625]",0.0400390625,0.19607843137254902,0.0400390625,1.0,0.0,0.0,0.0,0.0,0,0,0,0,"[0.5, 0.25, 0.2001953125, 0.0498046875, 0.0]",0.0,1.0,0.0,1.0,1.0,0.9534883720930233,1.0,0.9534883720930233,82,82,86,0,"[0.5, 0.25, 0.19873046875, 0.0458984375, 0.00537109375]",0.00537109375,0.9215686274509803,0.00537109375,1.0,0.9024390243902439,0.8604651162790697,0.9024390243902439,0.8604651162790697,74,74,86,3,"[0.5, 0.25, 0.19873046875, 0.0458984375, 0.00537109375]",0.00537109375,0.9215686274509803,0.00537109375,1.0,0.9024390243902439,0.8604651162790697,0.9024390243902439,0.8604651162790697,74,74,86,3,"[0.48779296875, 0.2509765625, 0.2021484375, 0.04638671875, 0.0126953125]",0.0126953125,0.9313725490196079,0.015625,0.95,0.926829268292683,0.40425531914893614,0.926829268292683,0.40425531914893614,76,76,188,20,"[0.4521484375, 0.2626953125, 0.2216796875, 0.04931640625, 0.01416015625]",0.01416015625,0.9901960784313726,0.04833984375,0.95,1.0,0.21983914209115282,1.0,0.21983914209115282,82,82,373,29,86,82,82,4,1.0,0.9534883720930233,0.002034587995930824,0.0020554984583761563,0,False,True,86,1.0,1.0,1.0,1.0,1,1.9767441860465116,2,False,,,,,0.0,0.2926829268292683,384,274,0.04324639309197664,17,4284,25,6332,0,0,0,0,714.30078125,714.30078125,1078.09765625,1219200,5291008,3136,22016,256,256,168960,1,0.001024032011628151,0.017022404121235013,0.0014889228623360395,0.005132286809384823,1.0,1.0,False,False
geometry_fold_nuisance_2048_d16_frozen_initialization,geometry,2048,fold_nuisance,16,frozen_initialization,e22,20260929,a4e36124c995a2cd91a5602afac36fe70438775a8e76a33763d2f4f0a21ac358,99affe78357008dcf45ab32975b61a2906690edf55418fe088a836257c906dbb,1.0,"[0.5, 0.25, 0.2001953125, 0.009765625, 0.0400390625]",0.0400390625,0.19607843137254902,0.0400390625,1.0,0.0,0.0,0.0,0.0,0,0,0,0,"[0.51806640625, 0.2607421875, 0.21142578125, 0.009765625, 0.0]",0.0,0.19607843137254902,0.0400390625,0.95,1.0,0.9425287356321839,0.012195121951219513,0.011494252873563218,82,1,87,0,"[0.515625, 0.2578125, 0.205078125, 0.009765625, 0.01171875]",0.01171875,0.19607843137254902,0.0400390625,0.95,0.7317073170731707,0.6896551724137931,0.012195121951219513,0.011494252873563218,60,1,87,2,"[0.515625, 0.2578125, 0.205078125, 0.009765625, 0.01171875]",0.01171875,0.19607843137254902,0.0400390625,0.95,0.7317073170731707,0.6896551724137931,0.012195121951219513,0.011494252873563218,60,1,87,2,"[0.517578125, 0.25439453125, 0.20654296875, 0.01025390625, 0.01123046875]",0.01123046875,0.20588235294117646,0.03955078125,1.0,0.7195121951219512,0.6781609195402298,0.0,0.0,59,0,87,0,"[0.52001953125, 0.25439453125, 0.20654296875, 0.01025390625, 0.0087890625]",0.0087890625,0.20588235294117646,0.03955078125,1.0,0.7804878048780488,0.735632183908046,0.0,0.0,64,0,87,0,87,82,82,5,1.0,0.9425287356321839,0.00254323499491353,0.0020554984583761563,1,False,True,87,1.0,0.012195121951219513,0.022988505747126436,0.015206263173742846,81,81.0,81,False,,,,,0.0,0.06097560975609756,5,87,0.10835421783849597,2,4096,3,6144,0,30065263,816588528,16777216,714.30078125,714.30078125,1078.09765625,,,,,,,,,0.0012209319975227118,0.0,0.026573688024654984,0.0021927040070295334,1.0,1.0,False,False
geometry_fold_nuisance_2048_d64_frozen_initialization,geometry,2048,fold_nuisance,64,frozen_initialization,cb64_ra,20260929,fde20287ad8fc25b52a7cd6e58c564d4bfc3be1c74826e6543e81441b32b55f6,99affe78357008dcf45ab32975b61a2906690edf55418fe088a836257c906dbb,2.5128408638219892,"[0.5, 0.25, 0.2001953125, 0.009765625, 0.0400390625]",0.0400390625,0.19607843137254902,0.0400390625,1.0,0.0,0.0,0.0,0.0,0,0,0,0,"[0.5, 0.25, 0.2001953125, 0.0498046875, 0.0]",0.0,1.0,0.0,1.0,1.0,0.9534883720930233,1.0,0.9534883720930233,82,82,86,0,"[0.5, 0.25, 0.19873046875, 0.044921875, 0.00634765625]",0.00634765625,0.9019607843137255,0.00634765625,1.0,0.8780487804878049,0.8372093023255814,0.8780487804878049,0.8372093023255814,72,72,86,3,"[0.5, 0.25, 0.19873046875, 0.044921875, 0.00634765625]",0.00634765625,0.9019607843137255,0.00634765625,1.0,0.8780487804878049,0.8372093023255814,0.8780487804878049,0.8372093023255814,72,72,86,3,"[0.4921875, 0.2509765625, 0.20654296875, 0.04931640625, 0.0009765625]",0.0009765625,0.9901960784313726,0.00830078125,0.95,1.0,0.43617021276595747,1.0,0.43617021276595747,82,82,188,2,"[0.5009765625, 0.25146484375, 0.19775390625, 0.04931640625, 0.00048828125]",0.00048828125,0.9901960784313726,0.0029296875,0.95,1.0,0.25153374233128833,1.0,0.25153374233128833,82,82,326,1,86,82,82,4,1.0,0.9534883720930233,0.002034587995930824,0.0020554984583761563,0,False,True,86,1.0,1.0,1.0,1.0,1,1.9767441860465116,2,False,,,,,0.0,0.0,314,86,0.0503304828889668,17,4284,25,6332,0,0,0,0,689.3984375,689.3984375,1078.09765625,1219200,5291008,3136,22016,256,256,168960,1,0.0009048911742866039,0.01764662587083876,0.0011815819889307022,0.004877137020230293,1.0,1.0,False,False
geometry_fold_nuisance_2048_d64_frozen_initialization,geometry,2048,fold_nuisance,64,frozen_initialization,e22,20260929,fde20287ad8fc25b52a7cd6e58c564d4bfc3be1c74826e6543e81441b32b55f6,99affe78357008dcf45ab32975b61a2906690edf55418fe088a836257c906dbb,1.0,"[0.5, 0.25, 0.2001953125, 0.009765625, 0.0400390625]",0.0400390625,0.19607843137254902,0.0400390625,1.0,0.0,0.0,0.0,0.0,0,0,0,0,"[0.5185546875, 0.25927734375, 0.21142578125, 0.0107421875, 0.0]",0.0,0.21568627450980393,0.0390625,0.95,1.0,0.9425287356321839,0.036585365853658534,0.034482758620689655,82,3,87,0,"[0.51513671875, 0.255859375, 0.20849609375, 0.0107421875, 0.009765625]",0.009765625,0.21568627450980393,0.0390625,0.95,0.7804878048780488,0.735632183908046,0.036585365853658534,0.034482758620689655,64,3,87,2,"[0.51513671875, 0.255859375, 0.20849609375, 0.0107421875, 0.009765625]",0.009765625,0.21568627450980393,0.0390625,0.95,0.7804878048780488,0.735632183908046,0.036585365853658534,0.034482758620689655,64,3,87,2,"[0.51904296875, 0.25634765625, 0.205078125, 0.009765625, 0.009765625]",0.009765625,0.19607843137254902,0.0400390625,0.95,0.7804878048780488,0.735632183908046,0.012195121951219513,0.011494252873563218,64,1,87,2,"[0.5205078125, 0.25634765625, 0.205078125, 0.009765625, 0.00830078125]",0.00830078125,0.19607843137254902,0.0400390625,0.95,0.8170731707317073,0.7701149425287356,0.012195121951219513,0.011494252873563218,67,1,87,2,87,82,82,5,1.0,0.9425287356321839,0.00254323499491353,0.0020554984583761563,1,False,True,87,1.0,0.036585365853658534,0.05747126436781609,0.007377295995182174,81,81.0,81,False,,,,,0.0,0.036585365853658534,3,87,0.12647249409928918,2,4096,3,6144,0,30065263,1253088192,16777216,689.40234375,712.40625,1078.09765625,,,,,,,,,0.001018421957269311,0.0,0.031710665905848145,0.0021732228342443705,1.0,1.0,False,False
geometry_fold_nuisance_2048_d128_frozen_initialization,geometry,2048,fold_nuisance,128,frozen_initialization,cb64_ra,20260929,de3a51916ef15f0b16eceb8ad853d448588804fbc8693a8c3638563242c71f22,99affe78357008dcf45ab32975b61a2906690edf55418fe088a836257c906dbb,3.4277506589845412,"[0.5, 0.25, 0.2001953125, 0.009765625, 0.0400390625]",0.0400390625,0.19607843137254902,0.0400390625,1.0,0.0,0.0,0.0,0.0,0,0,0,0,"[0.5, 0.25, 0.2001953125, 0.0498046875, 0.0]",0.0,1.0,0.0,1.0,1.0,0.9534883720930233,1.0,0.9534883720930233,82,82,86,0,"[0.5, 0.25, 0.19970703125, 0.04443359375, 0.005859375]",0.005859375,0.8921568627450981,0.005859375,1.0,0.8658536585365854,0.8255813953488372,0.8658536585365854,0.8255813953488372,71,71,86,1,"[0.5, 0.25, 0.19970703125, 0.04443359375, 0.005859375]",0.005859375,0.8921568627450981,0.005859375,1.0,0.8658536585365854,0.8255813953488372,0.8658536585365854,0.8255813953488372,71,71,86,1,"[0.49462890625, 0.2509765625, 0.2001953125, 0.05419921875, 0.0]",0.0,1.088235294117647,0.00537109375,0.95,1.0,0.43617021276595747,1.0,0.43617021276595747,82,82,188,0,"[0.50439453125, 0.2412109375, 0.2001953125, 0.05419921875, 0.0]",0.0,1.088235294117647,0.0087890625,0.95,1.0,0.2837370242214533,1.0,0.2837370242214533,82,82,289,0,86,82,82,4,1.0,0.9534883720930233,0.002034587995930824,0.0020554984583761563,0,False,True,86,1.0,1.0,1.0,1.0,1,1.9767441860465116,2,False,,,,,0.0,0.0,233,86,0.05072691407985985,17,4284,25,6332,0,0,0,0,700.4296875,700.4296875,1078.09765625,1219200,5291008,3136,22016,256,256,168960,1,0.0011033609043806791,0.022786684101447463,0.0016009618993848562,0.0053053980227559805,1.0,1.0,False,False
geometry_fold_nuisance_2048_d128_frozen_initialization,geometry,2048,fold_nuisance,128,frozen_initialization,e22,20260929,de3a51916ef15f0b16eceb8ad853d448588804fbc8693a8c3638563242c71f22,99affe78357008dcf45ab32975b61a2906690edf55418fe088a836257c906dbb,1.0,"[0.5, 0.25, 0.2001953125, 0.009765625, 0.0400390625]",0.0400390625,0.19607843137254902,0.0400390625,1.0,0.0,0.0,0.0,0.0,0,0,0,0,"[0.52099609375, 0.26025390625, 0.208984375, 0.009765625, 0.0]",0.0,0.19607843137254902,0.0400390625,0.95,1.0,0.9425287356321839,0.012195121951219513,0.011494252873563218,82,1,87,0,"[0.51806640625, 0.2578125, 0.2060546875, 0.009765625, 0.00830078125]",0.00830078125,0.19607843137254902,0.0400390625,0.95,0.8048780487804879,0.7586206896551724,0.012195121951219513,0.011494252873563218,66,1,87,1,"[0.51806640625, 0.2578125, 0.2060546875, 0.009765625, 0.00830078125]",0.00830078125,0.19607843137254902,0.0400390625,0.95,0.8048780487804879,0.7586206896551724,0.012195121951219513,0.011494252873563218,66,1,87,1,"[0.5224609375, 0.25537109375, 0.203125, 0.00927734375, 0.009765625]",0.009765625,0.18627450980392157,0.04052734375,0.95,0.7560975609756098,0.7126436781609196,0.0,0.0,62,0,87,0,"[0.52392578125, 0.25537109375, 0.203125, 0.00927734375, 0.00830078125]",0.00830078125,0.18627450980392157,0.04052734375,0.95,0.7926829268292683,0.7471264367816092,0.0,0.0,65,0,87,0,87,82,82,5,1.0,0.9425287356321839,0.00254323499491353,0.0020554984583761563,1,False,True,87,1.0,0.012195121951219513,0.034482758620689655,0.010538994278831678,81,81.0,81,False,,,,,0.0,0.04878048780487805,4,87,0.17387921316549182,2,4096,3,6144,0,30065263,1835087744,16777216,700.4296875,718.4296875,1078.09765625,,,,,,,,,0.0011642519384622574,0.0,0.028267140965908766,0.0025271030608564615,1.0,1.0,False,False
geometry_fold_nuisance_1024_d128_frozen_initialization,geometry,1024,fold_nuisance,128,frozen_initialization,cb64_ra,20260929,e7fc7611df531db83c8bdd74f4d1840be60445da8cbbf09c5543a27a52d3aaf8,99affe78357008dcf45ab32975b61a2906690edf55418fe088a836257c906dbb,1.7038353026616921,"[0.5, 0.25, 0.2001953125, 0.009765625, 0.0400390625]",0.0400390625,0.19607843137254902,0.0400390625,1.0,0.0,0.0,0.0,0.0,0,0,0,0,"[0.5, 0.25, 0.2001953125, 0.0498046875, 0.0]",0.0,1.0,0.0,1.0,1.0,1.0,1.0,1.0,41,41,41,0,"[0.5, 0.25, 0.2001953125, 0.0458984375, 0.00390625]",0.00390625,0.9215686274509803,0.00390625,1.0,0.9024390243902439,0.9024390243902439,0.9024390243902439,0.9024390243902439,37,37,41,0,"[0.5, 0.25, 0.2001953125, 0.0458984375, 0.00390625]",0.00390625,0.9215686274509803,0.00390625,1.0,0.9024390243902439,0.9024390243902439,0.9024390243902439,0.9024390243902439,37,37,41,0,"[0.4912109375, 0.244140625, 0.216796875, 0.0478515625, 0.0]",0.0,0.9607843137254902,0.0166015625,0.8,1.0,0.4880952380952381,1.0,0.4880952380952381,41,41,84,0,"[0.494140625, 0.244140625, 0.2138671875, 0.0478515625, 0.0]",0.0,0.9607843137254902,0.013671875,0.8,1.0,0.45555555555555555,1.0,0.45555555555555555,41,41,90,0,41,41,41,0,1.0,1.0,0.0,0.0,0,True,True,41,1.0,1.0,1.0,1.0,1,1.0,1,True,,,,,0.0,0.0,51,41,0.033059827983379364,9,2132,13,3156,0,0,0,0,718.44140625,718.44140625,1078.09765625,608320,2642944,1600,10496,256,256,91136,1,0.0008046010043472052,0.01305173896253109,0.0008221711032092571,0.004501356976106763,1.0,1.0,True,True
geometry_fold_nuisance_1024_d128_frozen_initialization,geometry,1024,fold_nuisance,128,frozen_initialization,e22,20260929,e7fc7611df531db83c8bdd74f4d1840be60445da8cbbf09c5543a27a52d3aaf8,99affe78357008dcf45ab32975b61a2906690edf55418fe088a836257c906dbb,1.0,"[0.5, 0.25, 0.2001953125, 0.009765625, 0.0400390625]",0.0400390625,0.19607843137254902,0.0400390625,1.0,0.0,0.0,0.0,0.0,0,0,0,0,"[0.5205078125, 0.2578125, 0.2109375, 0.0107421875, 0.0]",0.0,0.21568627450980393,0.0390625,1.0,1.0,1.0,0.024390243902439025,0.024390243902439025,41,1,41,0,"[0.5185546875, 0.2548828125, 0.20703125, 0.009765625, 0.009765625]",0.009765625,0.19607843137254902,0.0400390625,1.0,0.7560975609756098,0.7560975609756098,0.0,0.0,31,0,41,0,"[0.5185546875, 0.2548828125, 0.20703125, 0.009765625, 0.009765625]",0.009765625,0.19607843137254902,0.0400390625,1.0,0.7560975609756098,0.7560975609756098,0.0,0.0,31,0,41,0,"[0.5224609375, 0.2578125, 0.2021484375, 0.009765625, 0.0078125]",0.0078125,0.19607843137254902,0.0400390625,1.0,0.8048780487804879,0.8048780487804879,0.0,0.0,33,0,41,0,"[0.5234375, 0.2578125, 0.2021484375, 0.009765625, 0.0068359375]",0.0068359375,0.19607843137254902,0.0400390625,1.0,0.8292682926829268,0.8292682926829268,0.0,0.0,34,0,41,0,41,41,41,0,1.0,1.0,0.0,0.0,0,True,True,41,1.0,0.024390243902439025,0.024390243902439025,0.011814024390243903,64,64.0,64,False,,,,,0.0,0.024390243902439025,1,41,0.056328502018004656,2,2048,3,3072,0,7506287,457488256,4194304,718.453125,718.453125,1078.09765625,,,,,,,,,0.0009126111399382353,0.0,0.008699252968654037,0.0010404910426586866,1.0,1.0,False,False
geometry_fold_nuisance_4096_d128_frozen_initialization,geometry,4096,fold_nuisance,128,frozen_initialization,cb64_ra,20260929,4f5d41ba680d881e9e4a1896d1a9890f525c9e3308b8f40f7a49ae8cfa8f3943,99affe78357008dcf45ab32975b61a2906690edf55418fe088a836257c906dbb,7.83048176587156,"[0.5, 0.25, 0.199951171875, 0.010009765625, 0.0400390625]",0.0400390625,0.2,0.0400390625,1.0,0.0,0.0,0.0,0.0,0,0,0,0,"[0.5, 0.25, 0.199951171875, 0.050048828125, 0.0]",0.0,1.0,0.0,1.0,1.0,0.9371428571428572,1.0,0.9371428571428572,164,164,175,0,"[0.5, 0.249755859375, 0.19921875, 0.045166015625, 0.005859375]",0.005859375,0.9024390243902439,0.005859375,1.0,0.8780487804878049,0.8228571428571428,0.8780487804878049,0.8228571428571428,144,144,175,4,"[0.5, 0.249755859375, 0.19921875, 0.045166015625, 0.005859375]",0.005859375,0.9024390243902439,0.005859375,1.0,0.8780487804878049,0.8228571428571428,0.8780487804878049,0.8228571428571428,144,144,175,4,"[0.498779296875, 0.2490234375, 0.1953125, 0.056396484375, 0.00048828125]",0.00048828125,1.1268292682926828,0.0068359375,0.975609756097561,1.0,0.43271767810026385,1.0,0.43271767810026385,164,164,379,2,"[0.49853515625, 0.251708984375, 0.19287109375, 0.056396484375, 0.00048828125]",0.00048828125,1.1268292682926828,0.008544921875,0.975609756097561,1.0,0.2724252491694352,1.0,0.2724252491694352,164,164,602,2,175,164,164,11,1.0,0.9371428571428572,0.002797558494404883,0.002827036751477769,0,False,True,175,1.0,1.0,1.0,1.0,1,1.72,9,False,,,,,0.0,0.0,527,175,0.07302379584871233,34,8571,50,12667,0,0,0,0,718.55078125,718.55078125,1078.09765625,2439552,10582784,6208,44800,256,256,324608,1,0.001670832047238946,0.02409748500213027,0.0024374041240662336,0.0067980000749230385,1.0,1.0,False,False
geometry_fold_nuisance_4096_d128_frozen_initialization,geometry,4096,fold_nuisance,128,frozen_initialization,e22,20260929,4f5d41ba680d881e9e4a1896d1a9890f525c9e3308b8f40f7a49ae8cfa8f3943,99affe78357008dcf45ab32975b61a2906690edf55418fe088a836257c906dbb,1.0,"[0.5, 0.25, 0.199951171875, 0.010009765625, 0.0400390625]",0.0400390625,0.2,0.0400390625,1.0,0.0,0.0,0.0,0.0,0,0,0,0,"[0.519775390625, 0.260986328125, 0.208984375, 0.01025390625, 0.0]",0.0,0.2048780487804878,0.039794921875,1.0,1.0,0.9425287356321839,0.006097560975609756,0.005747126436781609,164,1,174,0,"[0.516357421875, 0.256591796875, 0.2060546875, 0.01025390625, 0.0107421875]",0.0107421875,0.2048780487804878,0.039794921875,1.0,0.7378048780487805,0.6954022988505747,0.006097560975609756,0.005747126436781609,121,1,174,1,"[0.519287109375, 0.2607421875, 0.20849609375, 0.01025390625, 0.001220703125]",0.001220703125,0.2048780487804878,0.039794921875,1.0,0.9695121951219512,0.9137931034482759,0.006097560975609756,0.005747126436781609,159,1,174,0,"[0.515380859375, 0.260009765625, 0.20556640625, 0.01025390625, 0.0087890625]",0.0087890625,0.2048780487804878,0.039794921875,1.0,0.7804878048780488,0.735632183908046,0.006097560975609756,0.005747126436781609,128,1,174,0,"[0.51904296875, 0.261962890625, 0.20751953125, 0.010498046875, 0.0009765625]",0.0009765625,0.2097560975609756,0.03955078125,1.0,0.975609756097561,0.9195402298850575,0.012195121951219513,0.011494252873563218,160,2,174,0,174,164,164,10,1.0,0.9425287356321839,0.00254323499491353,0.0025700334104343356,0,False,True,174,1.0,0.006097560975609756,0.028735632183908046,0.005871725383920505,81,81.0,81,False,,,,,0.3780487804878049,0.3719512195121951,0,236,0.5718115018680692,2,8192,3,12288,0,120261052,7340350976,33554432,718.55078125,691.67578125,1078.09765625,,,,,,,,,0.002278202911838889,0.0,0.0693018410820514,0.008423702092841268,,1.0,False,False
