# arm=B_cap3 formulation=wgan + r1(1) + path-secant(10,t=0.5) + cap-all(10,c=3) [Dβ2=0.9, A2=0] {lr c×0.5 g×1} device=cuda:0 steps=4600
# step phase modes hq pass | Dr mean/max |Dr|max Df | grad-norm real fake path(min) max | loss_d terms | loss_g | sec
# init=batch_feature_zero hook=None differs_from_old=G,D,prior public_path_match=G,D,prior ema_D_equals_D=None sha G=615e9d129c1c D=e15f6122daf7 prior=2531df2c5ad8
   10 acq  m=0 hq=0.000 fail | Dr=+0.208/+0.919 |Dr|max=0.919 Df=+0.494 | g r=0.369 f=0.781 p=0.593(0.003) max=2.172 | Ld=+2.0185 base=0.187 r1=0.282 path=1.55 | Lg=+0.6133 | 1s | curv=+0.447 wide=+0.485 gfmed=0.771
   20 acq  m=1 hq=0.005 fail | Dr=+0.420/+1.092 |Dr|max=1.092 Df=+0.355 | g r=0.646 f=1.210 p=0.997(0.013) max=4.435 | Ld=+3.4452 base=-0.105 r1=0.861 path=2.58 cap=0.107 | Lg=+0.7984 | 1s | curv=+1.87 wide=+2.34 gfmed=0.902
   30 acq  m=2 hq=0.062 fail | Dr=+0.297/+0.893 |Dr|max=0.893 Df=+0.244 | g r=0.437 f=1.143 p=0.986(0.015) max=3.755 | Ld=+5.1432 base=-0.0298 r1=0.244 path=4.83 cap=0.0993 | Lg=+0.7526 | 1s | curv=+1.41 wide=+1.51 gfmed=0.701
   40 acq  m=2 hq=0.057 fail | Dr=+0.355/+1.047 |Dr|max=1.047 Df=+0.340 | g r=0.385 f=1.225 p=1.039(0.022) max=4.082 | Ld=+1.8707 base=-0.0544 r1=0.204 path=1.68 cap=0.0435 | Lg=+0.7491 | 1s | curv=+1.43 wide=+1.55 gfmed=0.972
   50 acq  m=2 hq=0.059 fail | Dr=+0.371/+0.955 |Dr|max=0.955 Df=+0.253 | g r=0.447 f=1.065 p=0.990(0.022) max=3.403 | Ld=+1.0861 base=-0.14 r1=0.496 path=0.684 cap=0.0457 | Lg=+0.8281 | 1s | curv=+1.46 wide=+1.55 gfmed=0.835
   60 acq  m=2 hq=0.130 fail | Dr=+0.223/+0.680 |Dr|max=0.680 Df=-0.117 | g r=0.620 f=1.212 p=1.031(0.003) max=4.022 | Ld=+1.1679 base=-0.303 r1=0.3 path=1.05 cap=0.125 | Lg=+0.9617 | 1s | curv=+3.21 wide=+3.3 gfmed=1.085
   70 acq  m=2 hq=0.020 fail | Dr=+0.797/+1.509 |Dr|max=1.509 Df=+0.181 | g r=0.385 f=1.101 p=1.116(0.005) max=4.007 | Ld=-0.0032 base=-0.658 r1=0.219 path=0.424 cap=0.0114 | Lg=+1.1320 | 1s | curv=+1.65 wide=+2.26 gfmed=0.912
   80 acq  m=4 hq=0.005 fail | Dr=+0.604/+1.494 |Dr|max=1.494 Df=+0.058 | g r=0.459 f=1.263 p=1.250(0.017) max=4.436 | Ld=+0.7815 base=-0.681 r1=0.354 path=1.08 cap=0.0311 | Lg=+1.1405 | 1s | curv=+2.81 wide=+3.28 gfmed=1.193
   90 acq  m=2 hq=0.026 fail | Dr=+0.021/+0.310 |Dr|max=0.488 Df=-0.533 | g r=0.554 f=1.619 p=1.442(0.020) max=4.252 | Ld=+0.8127 base=-0.557 r1=0.519 path=0.82 cap=0.0304 | Lg=+1.0243 | 1s | curv=+3.08 wide=+4.07 gfmed=1.573
  100 acq  m=4 hq=0.008 fail | Dr=+0.296/+0.520 |Dr|max=0.520 Df=-0.381 | g r=0.482 f=1.287 p=1.332(0.014) max=4.527 | Ld=+1.4642 base=-0.647 r1=0.326 path=1.75 cap=0.0313 | Lg=+1.1111 | 1s | curv=+2.71 wide=+3.89 gfmed=1.171
  110 acq  m=5 hq=0.018 fail | Dr=+0.129/+0.385 |Dr|max=0.385 Df=-0.725 | g r=0.636 f=1.436 p=1.462(0.006) max=5.435 | Ld=+0.5605 base=-0.838 r1=0.564 path=0.812 cap=0.0231 | Lg=+1.2243 | 1s | curv=+2.8 wide=+4.07 gfmed=1.361
  120 acq  m=5 hq=0.028 fail | Dr=-0.047/+0.375 |Dr|max=0.624 Df=-0.755 | g r=0.830 f=1.570 p=1.539(0.014) max=4.847 | Ld=+1.6143 base=-0.822 r1=0.833 path=1.58 cap=0.0275 | Lg=+1.1997 | 1s | curv=+0.198 wide=+1.75 gfmed=1.456
  130 acq  m=2 hq=0.005 fail | Dr=+0.126/+0.375 |Dr|max=0.375 Df=-0.695 | g r=0.551 f=1.410 p=1.408(0.015) max=4.405 | Ld=+0.2582 base=-0.831 r1=0.306 path=0.762 cap=0.0211 | Lg=+1.2392 | 2s | curv=+1.4 wide=+2.91 gfmed=1.284
  140 acq  m=6 hq=0.014 fail | Dr=+0.281/+0.768 |Dr|max=0.768 Df=-0.670 | g r=0.708 f=1.377 p=1.389(0.033) max=4.325 | Ld=+0.0999 base=-0.997 r1=0.516 path=0.501 cap=0.0796 | Lg=+1.3733 | 2s | curv=+3.17 wide=+4.3 gfmed=1.272
  150 acq  m=2 hq=0.045 fail | Dr=+0.428/+1.359 |Dr|max=1.359 Df=-0.730 | g r=0.426 f=1.299 p=1.320(0.016) max=4.515 | Ld=-0.6069 base=-1.13 r1=0.312 path=0.189 cap=0.0195 | Lg=+1.5318 | 2s | curv=+2.33 wide=+3.37 gfmed=1.157
  160 acq  m=5 hq=0.026 fail | Dr=+0.233/+0.581 |Dr|max=0.581 Df=-0.716 | g r=0.329 f=1.478 p=1.349(0.013) max=4.039 | Ld=-0.6532 base=-0.96 r1=0.248 path=0.0255 cap=0.0333 | Lg=+1.3106 | 2s | curv=+2.13 wide=+3.44 gfmed=1.411
  170 acq  m=5 hq=0.071 fail | Dr=+0.373/+0.836 |Dr|max=0.836 Df=-0.553 | g r=0.491 f=1.361 p=1.330(0.012) max=3.933 | Ld=-0.6136 base=-0.925 r1=0.233 path=0.0254 cap=0.0527 | Lg=+1.2981 | 2s | curv=+2.42 wide=+3.41 gfmed=1.259
  180 acq  m=5 hq=0.068 fail | Dr=+0.533/+1.035 |Dr|max=1.035 Df=-0.555 | g r=0.354 f=1.467 p=1.371(0.005) max=4.588 | Ld=-0.8471 base=-1.05 r1=0.173 path=0.00374 cap=0.0261 | Lg=+1.4591 | 2s | curv=+1.86 wide=+2.89 gfmed=1.390
  190 acq  m=1 hq=0.009 fail | Dr=+0.272/+1.298 |Dr|max=1.298 Df=-0.901 | g r=0.398 f=1.129 p=1.305(0.021) max=4.322 | Ld=-0.9755 base=-1.52 r1=0.258 path=0.215 cap=0.0738 | Lg=+1.9203 | 2s | curv=+0.958 wide=+1.96 gfmed=1.000
  200 acq  m=1 hq=0.000 fail | Dr=+0.532/+0.984 |Dr|max=0.984 Df=-1.128 | g r=0.774 f=1.461 p=1.585(0.031) max=4.814 | Ld=-0.8917 base=-1.52 r1=0.474 path=0.116 cap=0.0425 | Lg=+1.8434 | 2s | curv=+1.97 wide=+3.12 gfmed=1.334
  210 acq  m=2 hq=0.065 fail | Dr=-0.114/+0.952 |Dr|max=1.012 Df=-1.394 | g r=0.420 f=1.460 p=1.474(0.023) max=4.485 | Ld=-0.8609 base=-1.48 r1=0.282 path=0.308 cap=0.0265 | Lg=+1.9382 | 2s | curv=+2.55 wide=+3.83 gfmed=1.320
  220 acq  m=3 hq=0.025 fail | Dr=-0.410/+0.463 |Dr|max=1.245 Df=-1.349 | g r=0.420 f=1.577 p=1.462(0.019) max=4.294 | Ld=-0.6197 base=-1.05 r1=0.314 path=0.0745 cap=0.046 | Lg=+1.4365 | 2s | curv=+2.28 wide=+3.65 gfmed=1.480
  230 acq  m=2 hq=0.084 fail | Dr=-0.136/+0.474 |Dr|max=0.831 Df=-1.247 | g r=0.350 f=1.358 p=1.487(0.010) max=4.085 | Ld=-0.8428 base=-1.15 r1=0.205 path=0.0663 cap=0.0335 | Lg=+1.5327 | 2s | curv=+2.93 wide=+4.15 gfmed=1.280
  240 acq  m=2 hq=0.060 fail | Dr=-0.083/+0.347 |Dr|max=0.956 Df=-1.299 | g r=0.362 f=1.431 p=1.425(0.014) max=4.131 | Ld=-0.7446 base=-1.26 r1=0.261 path=0.229 cap=0.0273 | Lg=+1.7207 | 2s | curv=+1.53 wide=+2.46 gfmed=1.399
  250 acq  m=3 hq=0.125 fail | Dr=+0.326/+0.859 |Dr|max=0.859 Df=-0.989 | g r=0.360 f=1.528 p=1.510(0.020) max=4.052 | Ld=-0.9587 base=-1.27 r1=0.222 path=0.0177 cap=0.0703 | Lg=+1.6062 | 3s | curv=+2.41 wide=+3.32 gfmed=1.506
  260 acq  m=4 hq=0.077 fail | Dr=+0.600/+1.410 |Dr|max=1.410 Df=-0.630 | g r=0.424 f=1.504 p=1.541(0.019) max=4.362 | Ld=-0.9844 base=-1.34 r1=0.248 path=0.0628 cap=0.0464 | Lg=+1.6714 | 3s | curv=+3.07 wide=+4 gfmed=1.414
  270 acq  m=4 hq=0.025 fail | Dr=+0.122/+0.498 |Dr|max=0.874 Df=-1.026 | g r=0.443 f=1.309 p=1.420(0.012) max=4.149 | Ld=-0.3988 base=-0.98 r1=0.293 path=0.261 cap=0.0272 | Lg=+1.5165 | 3s | curv=+2.18 wide=+3.2 gfmed=1.183
  280 acq  m=4 hq=0.071 fail | Dr=+0.480/+1.035 |Dr|max=1.035 Df=-0.565 | g r=0.429 f=1.441 p=1.421(0.005) max=4.116 | Ld=-0.8987 base=-1.35 r1=0.246 path=0.101 cap=0.103 | Lg=+1.6153 | 3s | curv=+2.15 wide=+3.04 gfmed=1.325
  290 acq  m=4 hq=0.023 fail | Dr=+0.584/+1.326 |Dr|max=1.326 Df=-0.746 | g r=0.315 f=1.287 p=1.427(0.015) max=4.001 | Ld=-1.0153 base=-1.32 r1=0.195 path=0.0666 cap=0.0422 | Lg=+1.7303 | 3s | curv=+2.61 wide=+3.38 gfmed=1.140
  300 acq  m=3 hq=0.010 fail | Dr=+0.229/+0.944 |Dr|max=0.944 Df=-0.761 | g r=0.398 f=1.401 p=1.420(0.040) max=4.533 | Ld=-0.4004 base=-0.738 r1=0.323 path=0.00122 cap=0.0136 | Lg=+1.2760 | 3s | curv=+1.37 wide=+2.33 gfmed=1.271
  310 acq  m=3 hq=0.013 fail | Dr=+0.260/+0.958 |Dr|max=0.958 Df=-1.053 | g r=0.361 f=1.330 p=1.482(0.004) max=4.113 | Ld=-1.0763 base=-1.32 r1=0.19 path=5.05e-05 cap=0.0547 | Lg=+1.8024 | 3s | curv=+1.67 wide=+2.61 gfmed=1.249
  320 acq  m=6 hq=0.057 fail | Dr=+0.534/+1.518 |Dr|max=1.518 Df=-0.778 | g r=0.421 f=1.512 p=1.569(0.017) max=4.197 | Ld=-1.2091 base=-1.5 r1=0.231 path=0.00914 cap=0.0536 | Lg=+1.9975 | 3s | curv=+2.43 wide=+3.37 gfmed=1.399
  330 acq  m=4 hq=0.081 fail | Dr=+0.599/+1.184 |Dr|max=1.184 Df=-0.567 | g r=0.309 f=1.735 p=1.524(0.007) max=4.444 | Ld=-0.8787 base=-1.12 r1=0.163 path=0.0487 cap=0.0256 | Lg=+1.5739 | 3s | curv=+2.47 wide=+3.46 gfmed=1.770
  340 acq  m=4 hq=0.148 fail | Dr=+0.852/+1.908 |Dr|max=1.908 Df=-0.666 | g r=0.524 f=1.636 p=1.584(0.020) max=4.196 | Ld=-1.0840 base=-1.36 r1=0.227 path=0.00618 cap=0.0448 | Lg=+1.7923 | 4s | curv=+3.49 wide=+4.25 gfmed=1.612
  350 acq  m=8 hq=0.256 fail | Dr=+0.627/+1.792 |Dr|max=1.792 Df=-0.570 | g r=0.290 f=1.462 p=1.466(0.009) max=4.185 | Ld=-0.9485 base=-1.18 r1=0.18 path=0.0208 cap=0.0355 | Lg=+1.6338 | 4s | curv=+2.21 wide=+2.92 gfmed=1.462
  360 acq  m=7 hq=0.036 fail | Dr=+0.132/+1.150 |Dr|max=1.150 Df=-0.821 | g r=0.559 f=1.687 p=1.613(0.016) max=4.674 | Ld=-0.4778 base=-0.974 r1=0.453 path=0.00409 cap=0.039 | Lg=+1.4532 | 4s | curv=+0.471 wide=+1.77 gfmed=1.703
  370 acq  m=7 hq=0.061 fail | Dr=+0.430/+1.376 |Dr|max=1.376 Df=-0.656 | g r=0.333 f=1.801 p=1.666(0.041) max=4.572 | Ld=-0.6532 base=-1.06 r1=0.279 path=0.00852 cap=0.124 | Lg=+1.4891 | 4s | curv=+1.71 wide=+2.65 gfmed=1.819
  380 acq  m=6 hq=0.030 fail | Dr=+0.611/+1.517 |Dr|max=1.517 Df=-0.418 | g r=0.442 f=1.567 p=1.525(0.020) max=4.475 | Ld=-0.9190 base=-1.29 r1=0.249 path=0.0533 cap=0.0714 | Lg=+1.6813 | 4s | curv=+1.05 wide=+2.38 gfmed=1.416
  390 acq  m=8 hq=0.063 fail | Dr=+0.526/+0.963 |Dr|max=0.963 Df=-0.507 | g r=0.360 f=1.847 p=1.580(0.019) max=4.307 | Ld=-0.6906 base=-0.962 r1=0.225 path=0.00122 cap=0.0459 | Lg=+1.3542 | 4s | curv=+1.57 wide=+2.68 gfmed=1.911
  400 acq  m=7 hq=0.021 fail | Dr=+0.629/+1.125 |Dr|max=1.125 Df=-0.527 | g r=0.304 f=1.773 p=1.610(0.016) max=4.168 | Ld=-0.8882 base=-1.11 r1=0.197 path=0.000474 cap=0.0267 | Lg=+1.5862 | 4s | curv=+1.94 wide=+2.96 gfmed=1.818
  410 acq  m=7 hq=0.022 fail | Dr=+0.712/+1.281 |Dr|max=1.281 Df=-0.255 | g r=0.365 f=1.897 p=1.561(0.006) max=4.660 | Ld=-0.8436 base=-1.06 r1=0.194 path=0.000215 cap=0.0263 | Lg=+1.4929 | 4s | curv=+0.773 wide=+2 gfmed=2.072
  420 acq  m=4 hq=0.046 fail | Dr=+0.525/+1.246 |Dr|max=1.246 Df=-0.569 | g r=0.299 f=1.808 p=1.561(0.023) max=3.709 | Ld=-1.1236 base=-1.32 r1=0.158 path=0.0065 cap=0.0373 | Lg=+1.7675 | 4s | curv=+1.69 wide=+2.85 gfmed=1.941
  430 acq  m=7 hq=0.051 fail | Dr=+0.629/+1.571 |Dr|max=1.571 Df=-0.342 | g r=0.318 f=1.778 p=1.559(0.004) max=3.883 | Ld=-0.6836 base=-0.932 r1=0.174 path=0.000693 cap=0.0735 | Lg=+1.3333 | 5s | curv=+2.85 wide=+3.75 gfmed=1.875
  440 acq  m=8 hq=0.088 fail | Dr=+0.719/+1.436 |Dr|max=1.436 Df=-0.255 | g r=0.375 f=1.701 p=1.549(0.010) max=4.266 | Ld=-0.7421 base=-1.01 r1=0.244 path=0.00018 cap=0.0242 | Lg=+1.4288 | 5s | curv=+1.38 wide=+2.3 gfmed=1.782
  450 acq  m=7 hq=0.142 fail | Dr=+0.771/+1.698 |Dr|max=1.698 Df=-0.141 | g r=0.277 f=1.764 p=1.584(0.015) max=3.858 | Ld=-0.7323 base=-0.879 r1=0.131 path=0.000217 cap=0.0161 | Lg=+1.3861 | 5s | curv=+2.36 wide=+3.33 gfmed=1.902
  460 acq  m=6 hq=0.052 fail | Dr=+0.702/+1.373 |Dr|max=1.373 Df=-0.205 | g r=0.384 f=1.845 p=1.494(0.009) max=4.120 | Ld=-0.6283 base=-0.883 r1=0.15 path=0.000443 cap=0.105 | Lg=+1.3716 | 5s | curv=+2.86 wide=+3.53 gfmed=1.919
  470 acq  m=5 hq=0.162 fail | Dr=+0.877/+1.655 |Dr|max=1.655 Df=-0.064 | g r=0.316 f=1.894 p=1.560(0.007) max=3.789 | Ld=-0.8985 base=-1.05 r1=0.138 path=0.00041 cap=0.0123 | Lg=+1.5608 | 5s | curv=+1.45 wide=+2.44 gfmed=2.119
  480 acq  m=7 hq=0.092 fail | Dr=+0.639/+1.367 |Dr|max=1.367 Df=-0.217 | g r=0.309 f=1.816 p=1.496(0.013) max=3.767 | Ld=-0.7538 base=-0.9 r1=0.139 path=0.00129 cap=0.00669 | Lg=+1.4671 | 5s | curv=+2.49 wide=+3.35 gfmed=1.975
  490 acq  m=6 hq=0.150 fail | Dr=+0.453/+1.692 |Dr|max=1.692 Df=-0.437 | g r=0.343 f=1.891 p=1.562(0.018) max=4.172 | Ld=-0.7754 base=-0.977 r1=0.107 path=0.0809 cap=0.014 | Lg=+1.6490 | 5s | curv=+2.39 wide=+3.19 gfmed=2.081
  500 acq  m=8 hq=0.196 fail | Dr=+0.692/+1.680 |Dr|max=1.680 Df=-0.035 | g r=0.283 f=1.605 p=1.524(0.019) max=4.027 | Ld=-0.6405 base=-0.834 r1=0.146 path=0.00123 cap=0.0457 | Lg=+1.3295 | 5s | curv=+1.79 wide=+2.74 gfmed=1.584
  510 acq  m=6 hq=0.039 fail | Dr=+0.555/+1.309 |Dr|max=1.309 Df=-0.505 | g r=0.311 f=1.852 p=1.597(0.012) max=4.163 | Ld=-0.8109 base=-0.976 r1=0.132 path=0.00333 cap=0.0291 | Lg=+1.4882 | 5s | curv=+2.23 wide=+3.16 gfmed=1.828
  520 acq  m=8 hq=0.126 fail | Dr=+0.506/+1.564 |Dr|max=1.564 Df=-0.379 | g r=0.244 f=1.818 p=1.581(0.003) max=3.904 | Ld=-0.7856 base=-0.929 r1=0.127 path=0.000171 cap=0.0158 | Lg=+1.5721 | 5s | curv=+2.45 wide=+3.24 gfmed=1.988
  530 acq  m=8 hq=0.242 fail | Dr=+0.473/+1.374 |Dr|max=1.374 Df=-0.207 | g r=0.362 f=1.601 p=1.573(0.019) max=3.994 | Ld=-0.7355 base=-0.947 r1=0.18 path=0.0032 cap=0.0283 | Lg=+1.5643 | 6s | curv=+2.47 wide=+3.27 gfmed=1.556
  540 acq  m=8 hq=0.115 fail | Dr=+0.578/+1.863 |Dr|max=1.863 Df=-0.245 | g r=0.298 f=1.733 p=1.570(0.013) max=3.935 | Ld=-0.6158 base=-0.793 r1=0.154 path=0.00264 cap=0.0204 | Lg=+1.3677 | 6s | curv=+1.91 wide=+2.81 gfmed=1.887
  550 acq  m=7 hq=0.184 fail | Dr=+0.436/+1.808 |Dr|max=1.808 Df=-0.316 | g r=0.254 f=1.532 p=1.422(0.005) max=3.818 | Ld=-0.4236 base=-0.578 r1=0.134 path=0.0132 cap=0.00755 | Lg=+1.2792 | 6s | curv=+1.37 wide=+2.18 gfmed=1.538
  560 acq  m=6 hq=0.307 fail | Dr=+0.586/+1.983 |Dr|max=1.983 Df=-0.098 | g r=0.259 f=1.435 p=1.513(0.001) max=3.818 | Ld=-0.7901 base=-0.919 r1=0.108 path=0.00523 cap=0.0161 | Lg=+1.5815 | 6s | curv=+2.14 wide=+3.01 gfmed=1.360
  570 acq  m=7 hq=0.027 fail | Dr=+0.475/+1.454 |Dr|max=1.454 Df=-0.390 | g r=0.283 f=1.881 p=1.606(0.004) max=4.191 | Ld=-0.8380 base=-1.04 r1=0.133 path=0.0238 cap=0.0412 | Lg=+1.6290 | 6s | curv=+1.63 wide=+2.54 gfmed=2.047
  580 acq  m=5 hq=0.131 fail | Dr=+0.694/+1.751 |Dr|max=1.751 Df=-0.231 | g r=0.273 f=1.295 p=1.510(0.017) max=3.957 | Ld=-0.6308 base=-0.776 r1=0.129 path=0.00251 cap=0.0138 | Lg=+1.4839 | 6s | curv=+1.32 wide=+2.29 gfmed=1.088
  590 acq  m=8 hq=0.095 fail | Dr=+0.495/+1.857 |Dr|max=1.857 Df=-0.121 | g r=0.242 f=1.920 p=1.530(0.012) max=3.921 | Ld=-0.4026 base=-0.565 r1=0.105 path=0.00833 cap=0.0497 | Lg=+1.2820 | 6s | curv=+1.51 wide=+2.35 gfmed=2.173
  600 acq  m=8 hq=0.112 fail | Dr=+0.642/+2.229 |Dr|max=2.229 Df=-0.083 | g r=0.259 f=1.863 p=1.540(0.003) max=3.889 | Ld=-0.5823 base=-0.713 r1=0.116 path=0.00438 cap=0.00989 | Lg=+1.3943 | 6s | curv=+1.24 wide=+2.22 gfmed=2.051
  610 acq  m=7 hq=0.071 fail | Dr=+0.700/+2.043 |Dr|max=2.043 Df=+0.089 | g r=0.313 f=1.834 p=1.520(0.008) max=3.570 | Ld=-0.3473 base=-0.517 r1=0.15 path=0.0136 cap=0.00562 | Lg=+1.2777 | 6s | curv=+0.775 wide=+1.63 gfmed=2.004
  620 acq  m=7 hq=0.274 fail | Dr=+0.584/+1.889 |Dr|max=1.889 Df=+0.094 | g r=0.198 f=1.464 p=1.427(0.003) max=3.451 | Ld=-0.2779 base=-0.367 r1=0.0697 path=0.0168 cap=0.00303 | Lg=+1.2393 | 6s | curv=+1.48 wide=+2.25 gfmed=1.578
  630 acq  m=8 hq=0.381 fail | Dr=+0.585/+2.042 |Dr|max=2.042 Df=+0.068 | g r=0.259 f=1.217 p=1.442(0.026) max=3.661 | Ld=-0.3839 base=-0.486 r1=0.0774 path=0.0165 cap=0.00798 | Lg=+1.3544 | 7s | curv=+1.66 wide=+2.49 gfmed=1.004
  640 acq  m=8 hq=0.715 fail | Dr=+0.477/+2.089 |Dr|max=2.089 Df=+0.172 | g r=0.245 f=0.664 p=1.329(0.012) max=3.593 | Ld=-0.1644 base=-0.266 r1=0.0865 path=0.0105 cap=0.00425 | Lg=+1.2134 | 7s | curv=+0.298 wide=+1.18 gfmed=0.327
  650 acq  m=8 hq=0.567 fail | Dr=+0.667/+2.617 |Dr|max=2.617 Df=+0.341 | g r=0.265 f=0.835 p=1.312(0.007) max=3.631 | Ld=-0.1421 base=-0.251 r1=0.085 path=0.02 cap=0.00375 | Lg=+1.2405 | 7s | curv=+0.926 wide=+1.58 gfmed=0.416
  660 acq  m=8 hq=0.744 fail | Dr=+0.377/+2.154 |Dr|max=2.154 Df=+0.117 | g r=0.236 f=0.578 p=1.252(0.003) max=3.343 | Ld=-0.0865 base=-0.182 r1=0.0844 path=0.00418 cap=0.00651 | Lg=+1.1997 | 7s | curv=+0.871 wide=+1.54 gfmed=0.250
  670 acq  m=8 hq=0.766 fail | Dr=+0.297/+2.689 |Dr|max=2.689 Df=+0.023 | g r=0.206 f=0.470 p=1.275(0.003) max=3.607 | Ld=-0.1521 base=-0.246 r1=0.0594 path=0.0311 cap=0.00366 | Lg=+1.2920 | 7s | curv=+1.17 wide=+1.7 gfmed=0.220
  680 acq  m=8 hq=0.775 fail | Dr=+0.263/+3.112 |Dr|max=3.112 Df=+0.026 | g r=0.265 f=0.454 p=1.226(0.007) max=3.718 | Ld=-0.0532 base=-0.116 r1=0.0569 path=0.00319 cap=0.0029 | Lg=+1.2997 | 7s | curv=+0.378 wide=+0.957 gfmed=0.259
  690 acq  m=8 hq=0.818 fail | Dr=+0.029/+2.188 |Dr|max=2.374 Df=-0.214 | g r=0.172 f=0.367 p=1.202(0.006) max=3.616 | Ld=-0.1725 base=-0.246 r1=0.0503 path=0.0224 cap=0.000509 | Lg=+1.2824 | 7s | curv=+0.526 wide=+1.08 gfmed=0.191
  700 acq  m=8 hq=0.830 fail | Dr=+0.217/+1.835 |Dr|max=1.835 Df=-0.002 | g r=0.142 f=0.360 p=1.142(0.010) max=3.828 | Ld=-0.2233 base=-0.279 r1=0.0447 path=0.0091 cap=0.00237 | Lg=+1.1735 | 7s | curv=+1.07 wide=+1.55 gfmed=0.134
  710 acq  m=8 hq=0.849 fail | Dr=+0.144/+2.238 |Dr|max=2.278 Df=-0.098 | g r=0.154 f=0.326 p=1.204(0.004) max=3.427 | Ld=-0.1711 base=-0.23 r1=0.0408 path=0.00838 cap=0.00998 | Lg=+1.3034 | 7s | curv=+0.955 wide=+1.43 gfmed=0.157
  720 acq  m=8 hq=0.846 fail | Dr=+0.026/+2.251 |Dr|max=2.354 Df=-0.213 | g r=0.135 f=0.270 p=1.204(0.005) max=3.511 | Ld=-0.1724 base=-0.261 r1=0.0452 path=0.033 cap=0.0108 | Lg=+1.3572 | 7s | curv=+0.311 wide=+0.773 gfmed=0.145
  730 acq  m=8 hq=0.823 fail | Dr=+0.192/+2.797 |Dr|max=2.797 Df=-0.060 | g r=0.177 f=0.295 p=1.219(0.003) max=3.841 | Ld=-0.1016 base=-0.213 r1=0.0566 path=0.0531 cap=0.00147 | Lg=+1.3567 | 8s | curv=+0.575 wide=+0.991 gfmed=0.146
  740 acq  m=8 hq=0.861 fail | Dr=+0.075/+2.227 |Dr|max=2.227 Df=-0.136 | g r=0.203 f=0.338 p=1.171(0.005) max=3.722 | Ld=-0.1575 base=-0.222 r1=0.0523 path=0.00769 cap=0.00404 | Lg=+1.2332 | 8s | curv=+0.599 wide=+1.18 gfmed=0.164
  750 acq  m=8 hq=0.826 fail | Dr=+0.178/+2.684 |Dr|max=2.841 Df=-0.078 | g r=0.233 f=0.338 p=1.257(0.012) max=4.043 | Ld=-0.1800 base=-0.282 r1=0.0658 path=0.0201 cap=0.0163 | Lg=+1.4137 | 8s | curv=+0.418 wide=+0.909 gfmed=0.212
  760 acq  m=8 hq=0.715 fail | Dr=-0.183/+2.041 |Dr|max=2.508 Df=-0.459 | g r=0.163 f=0.500 p=1.219(0.006) max=3.774 | Ld=-0.2074 base=-0.315 r1=0.0531 path=0.0498 cap=0.00478 | Lg=+1.3310 | 8s | curv=+0.721 wide=+1.15 gfmed=0.190
  770 acq  m=8 hq=0.885 fail | Dr=+0.154/+2.656 |Dr|max=2.804 Df=-0.094 | g r=0.150 f=0.254 p=1.184(0.004) max=3.640 | Ld=-0.2250 base=-0.328 r1=0.0532 path=0.0305 cap=0.0193 | Lg=+1.3625 | 8s | curv=+0.713 wide=+1.12 gfmed=0.116
  780 acq  m=8 hq=0.880 fail | Dr=+0.089/+2.458 |Dr|max=2.563 Df=-0.137 | g r=0.177 f=0.269 p=1.224(0.005) max=3.622 | Ld=-0.1410 base=-0.235 r1=0.0548 path=0.0364 cap=0.00279 | Lg=+1.3285 | 8s | curv=+0.32 wide=+0.698 gfmed=0.179
  790 acq  m=8 hq=0.887 fail | Dr=-0.145/+2.436 |Dr|max=2.500 Df=-0.356 | g r=0.189 f=0.249 p=1.203(0.002) max=3.729 | Ld=-0.0939 base=-0.204 r1=0.0922 path=0.0159 cap=0.00237 | Lg=+1.3817 | 8s | curv=+0.4 wide=+0.753 gfmed=0.158
  800 acq  m=8 hq=0.883 fail | Dr=+0.099/+2.940 |Dr|max=2.940 Df=-0.115 | g r=0.208 f=0.299 p=1.252(0.008) max=3.911 | Ld=-0.1743 base=-0.279 r1=0.0644 path=0.0359 cap=0.0048 | Lg=+1.4174 | 8s | curv=+1.27 wide=+1.53 gfmed=0.225
  810 acq  m=8 hq=0.931 PASS | Dr=+0.343/+3.177 |Dr|max=3.177 Df=+0.106 | g r=0.186 f=0.233 p=1.249(0.005) max=3.520 | Ld=-0.1813 base=-0.232 r1=0.0318 path=0.0169 cap=0.00202 | Lg=+1.4305 | 8s | curv=+0.294 wide=+0.636 gfmed=0.137
  820 acq  m=8 hq=0.885 fail | Dr=+0.188/+3.027 |Dr|max=3.235 Df=-0.054 | g r=0.119 f=0.205 p=1.307(0.003) max=3.666 | Ld=-0.2716 base=-0.341 r1=0.0334 path=0.0307 cap=0.00546 | Lg=+1.4779 | 9s | curv=+0.19 wide=+0.47 gfmed=0.117
  830 acq  m=8 hq=0.855 fail | Dr=-0.002/+2.802 |Dr|max=3.395 Df=-0.244 | g r=0.248 f=0.368 p=1.277(0.004) max=3.391 | Ld=-0.1763 base=-0.284 r1=0.0626 path=0.0285 cap=0.0163 | Lg=+1.4682 | 9s | curv=+1.31 wide=+1.49 gfmed=0.248
  840 acq  m=8 hq=0.934 PASS | Dr=+0.261/+2.769 |Dr|max=2.769 Df=+0.045 | g r=0.132 f=0.184 p=1.189(0.003) max=3.578 | Ld=-0.1047 base=-0.166 r1=0.0377 path=0.0122 cap=0.0114 | Lg=+1.3160 | 9s | curv=+0.441 wide=+0.71 gfmed=0.116
  850 acq  m=8 hq=0.902 PASS | Dr=+0.235/+2.908 |Dr|max=2.908 Df=+0.023 | g r=0.172 f=0.220 p=1.215(0.006) max=3.492 | Ld=-0.1133 base=-0.173 r1=0.0383 path=0.0208 cap=0.000297 | Lg=+1.4338 | 9s | curv=+0.761 wide=+0.958 gfmed=0.146
  860 acq  m=8 hq=0.911 PASS | Dr=+0.085/+2.873 |Dr|max=3.705 Df=-0.171 | g r=0.128 f=0.171 p=1.346(0.006) max=3.711 | Ld=-0.2251 base=-0.282 r1=0.0243 path=0.0283 cap=0.00425 | Lg=+1.5617 | 9s | curv=+0.424 wide=+0.76 gfmed=0.087
  870 acq  m=8 hq=0.873 fail | Dr=-0.108/+2.955 |Dr|max=2.955 Df=-0.303 | g r=0.207 f=0.262 p=1.264(0.004) max=3.656 | Ld=-0.1233 base=-0.263 r1=0.035 path=0.0981 cap=0.00652 | Lg=+1.4503 | 9s | curv=+0.686 wide=+0.942 gfmed=0.217
  880 acq  m=8 hq=0.903 PASS | Dr=-0.087/+2.844 |Dr|max=3.510 Df=-0.322 | g r=0.136 f=0.178 p=1.315(0.005) max=3.380 | Ld=-0.1864 base=-0.249 r1=0.0287 path=0.0228 cap=0.0106 | Lg=+1.4780 | 9s | curv=+0.581 wide=+0.863 gfmed=0.116
  890 acq  m=8 hq=0.859 fail | Dr=+0.204/+1.857 |Dr|max=1.857 Df=+0.031 | g r=0.117 f=0.258 p=1.073(0.003) max=3.253 | Ld=-0.0828 base=-0.133 r1=0.0377 path=0.00827 cap=0.00414 | Lg=+1.1674 | 9s | curv=+0.897 wide=+1.12 gfmed=0.107
  900 acq  m=8 hq=0.927 PASS | Dr=+0.211/+2.838 |Dr|max=2.838 Df=+0.010 | g r=0.115 f=0.171 p=1.228(0.003) max=3.499 | Ld=-0.2120 base=-0.239 r1=0.0195 path=0.00386 cap=0.0032 | Lg=+1.3713 | 9s | curv=+0.544 wide=+0.835 gfmed=0.078
  910 acq  m=8 hq=0.930 PASS | Dr=-0.006/+2.740 |Dr|max=3.180 Df=-0.238 | g r=0.146 f=0.187 p=1.335(0.002) max=3.532 | Ld=-0.2625 base=-0.312 r1=0.0334 path=0.00822 cap=0.0075 | Lg=+1.5567 | 10s | curv=+0.541 wide=+0.798 gfmed=0.111
  920 acq  m=8 hq=0.932 PASS | Dr=+0.090/+3.318 |Dr|max=3.318 Df=-0.116 | g r=0.156 f=0.182 p=1.270(0.001) max=3.632 | Ld=-0.0940 base=-0.132 r1=0.0249 path=0.0121 cap=0.000972 | Lg=+1.4326 | 10s | curv=+0.524 wide=+0.774 gfmed=0.116
  930 acq  m=8 hq=0.920 PASS | Dr=-0.026/+3.293 |Dr|max=4.124 Df=-0.284 | g r=0.152 f=0.189 p=1.341(0.001) max=3.987 | Ld=-0.2220 base=-0.278 r1=0.0255 path=0.0247 cap=0.0061 | Lg=+1.6068 | 10s | curv=+0.782 wide=+1.01 gfmed=0.117
  940 acq  m=8 hq=0.928 PASS | Dr=+0.221/+2.809 |Dr|max=2.998 Df=+0.013 | g r=0.127 f=0.157 p=1.244(0.003) max=3.333 | Ld=-0.0781 base=-0.133 r1=0.018 path=0.0292 cap=0.00786 | Lg=+1.4249 | 10s | curv=+0.579 wide=+0.821 gfmed=0.094
  950 acq  m=8 hq=0.946 PASS | Dr=+0.303/+3.198 |Dr|max=3.198 Df=+0.122 | g r=0.138 f=0.175 p=1.254(0.002) max=3.564 | Ld=-0.1001 base=-0.173 r1=0.0293 path=0.0262 cap=0.017 | Lg=+1.4086 | 10s | curv=+0.351 wide=+0.516 gfmed=0.118
  960 acq  m=8 hq=0.911 PASS | Dr=+0.034/+3.005 |Dr|max=3.359 Df=-0.162 | g r=0.162 f=0.204 p=1.300(0.003) max=3.649 | Ld=-0.1087 base=-0.207 r1=0.0328 path=0.064 cap=0.00161 | Lg=+1.4398 | 10s | curv=+0.303 wide=+0.539 gfmed=0.164
  970 acq  m=8 hq=0.937 PASS | Dr=+0.051/+3.270 |Dr|max=3.270 Df=-0.135 | g r=0.192 f=0.220 p=1.315(0.002) max=3.596 | Ld=-0.1638 base=-0.208 r1=0.0315 path=0.00851 cap=0.00455 | Lg=+1.4214 | 10s | curv=+0.197 wide=+0.521 gfmed=0.187
  980 acq  m=8 hq=0.916 PASS | Dr=-0.092/+3.273 |Dr|max=3.499 Df=-0.297 | g r=0.144 f=0.191 p=1.313(0.004) max=3.698 | Ld=-0.0845 base=-0.134 r1=0.0268 path=0.0189 cap=0.0038 | Lg=+1.5388 | 10s | curv=+0.636 wide=+0.853 gfmed=0.135
  990 acq  m=8 hq=0.938 PASS | Dr=+0.190/+3.291 |Dr|max=3.291 Df=+0.000 | g r=0.111 f=0.135 p=1.291(0.003) max=3.848 | Ld=-0.2032 base=-0.273 r1=0.0332 path=0.036 cap=0.00064 | Lg=+1.5378 | 10s | curv=+0.439 wide=+0.696 gfmed=0.096
 1000 acq  m=8 hq=0.933 PASS | Dr=-0.112/+3.034 |Dr|max=4.283 Df=-0.341 | g r=0.146 f=0.168 p=1.317(0.005) max=3.593 | Ld=-0.0643 base=-0.16 r1=0.0377 path=0.0575 cap=0.000946 | Lg=+1.5440 | 10s | curv=+0.0815 wide=+0.434 gfmed=0.104
 1010 acq  m=8 hq=0.811 fail | Dr=+0.039/+3.132 |Dr|max=4.318 Df=-0.189 | g r=0.176 f=0.216 p=1.386(0.005) max=3.641 | Ld=-0.1321 base=-0.2 r1=0.0453 path=0.0223 cap=0.000664 | Lg=+1.6742 | 11s | curv=+0.418 wide=+0.603 gfmed=0.136
 1020 acq  m=8 hq=0.923 PASS | Dr=-0.055/+2.748 |Dr|max=3.313 Df=-0.246 | g r=0.127 f=0.160 p=1.273(0.007) max=3.451 | Ld=-0.1299 base=-0.2 r1=0.031 path=0.0387 cap=7.93e-05 | Lg=+1.3851 | 11s | curv=+0.576 wide=+0.81 gfmed=0.107
 1030 acq  m=8 hq=0.826 fail | Dr=-0.198/+3.056 |Dr|max=3.811 Df=-0.391 | g r=0.212 f=0.223 p=1.369(0.002) max=3.693 | Ld=+0.0075 base=-0.108 r1=0.0783 path=0.032 cap=0.00541 | Lg=+1.5256 | 11s | curv=+0.553 wide=+0.738 gfmed=0.171
 1040 acq  m=8 hq=0.933 PASS | Dr=+0.231/+3.174 |Dr|max=3.341 Df=+0.037 | g r=0.185 f=0.209 p=1.335(0.002) max=3.380 | Ld=-0.1303 base=-0.239 r1=0.0397 path=0.0476 cap=0.021 | Lg=+1.5550 | 11s | curv=+0.267 wide=+0.543 gfmed=0.184
 1050 acq  m=8 hq=0.929 PASS | Dr=+0.026/+2.659 |Dr|max=2.846 Df=-0.137 | g r=0.111 f=0.149 p=1.279(0.002) max=3.285 | Ld=-0.0103 base=-0.0637 r1=0.0246 path=0.0255 cap=0.00324 | Lg=+1.3458 | 11s | curv=+0.553 wide=+0.754 gfmed=0.091
 1060 acq  m=8 hq=0.869 fail | Dr=+0.045/+2.685 |Dr|max=3.780 Df=-0.141 | g r=0.154 f=0.182 p=1.357(0.008) max=3.620 | Ld=-0.1407 base=-0.214 r1=0.0275 path=0.0422 cap=0.0036 | Lg=+1.5976 | 11s | curv=+0.513 wide=+0.766 gfmed=0.124
 1070 acq  m=8 hq=0.577 fail | Dr=+0.526/+2.441 |Dr|max=2.441 Df=+0.359 | g r=0.128 f=0.628 p=1.318(0.002) max=3.824 | Ld=-0.2519 base=-0.315 r1=0.0465 path=0.0102 cap=0.00605 | Lg=+1.3167 | 11s | curv=+1.12 wide=+1.62 gfmed=0.287
 1080 acq  m=8 hq=0.932 PASS | Dr=+0.499/+2.965 |Dr|max=2.965 Df=+0.357 | g r=0.107 f=0.162 p=1.272(0.000) max=3.382 | Ld=-0.1306 base=-0.156 r1=0.0219 path=0.00101 cap=0.00283 | Lg=+1.3489 | 11s | curv=+0.572 wide=+1.02 gfmed=0.088
 1090 acq  m=8 hq=0.933 PASS | Dr=+0.381/+3.282 |Dr|max=3.282 Df=+0.240 | g r=0.113 f=0.142 p=1.277(0.002) max=3.438 | Ld=-0.0650 base=-0.0944 r1=0.0244 path=0.00269 cap=0.00234 | Lg=+1.3422 | 11s | curv=+0.281 wide=+0.649 gfmed=0.093
 1100 acq  m=8 hq=0.956 PASS | Dr=+0.349/+3.045 |Dr|max=3.045 Df=+0.189 | g r=0.117 f=0.142 p=1.269(0.002) max=3.470 | Ld=-0.1533 base=-0.211 r1=0.0248 path=0.0291 cap=0.0036 | Lg=+1.4081 | 12s | curv=+0.32 wide=+0.601 gfmed=0.090
 1110 acq  m=8 hq=0.948 PASS | Dr=+0.270/+3.270 |Dr|max=3.270 Df=+0.104 | g r=0.142 f=0.179 p=1.292(0.008) max=3.396 | Ld=-0.0494 base=-0.118 r1=0.0217 path=0.0435 cap=0.00351 | Lg=+1.3954 | 12s | curv=+0.412 wide=+0.715 gfmed=0.138
 1120 acq  m=8 hq=0.874 fail | Dr=+0.045/+3.463 |Dr|max=4.504 Df=-0.158 | g r=0.149 f=0.215 p=1.387(0.002) max=3.701 | Ld=-0.2048 base=-0.251 r1=0.0421 path=0.0035 cap=0.00087 | Lg=+1.6050 | 12s | curv=+0.33 wide=+0.525 gfmed=0.138
 1130 acq  m=8 hq=0.838 fail | Dr=+0.163/+3.052 |Dr|max=3.654 Df=-0.015 | g r=0.148 f=0.244 p=1.417(0.006) max=3.559 | Ld=-0.1320 base=-0.173 r1=0.0272 path=0.00134 cap=0.0122 | Lg=+1.5584 | 12s | curv=+0.504 wide=+0.745 gfmed=0.137
 1140 acq  m=8 hq=0.944 PASS | Dr=+0.070/+3.418 |Dr|max=4.293 Df=-0.136 | g r=0.088 f=0.108 p=1.420(0.002) max=4.094 | Ld=-0.2494 base=-0.29 r1=0.0139 path=0.0254 cap=0.00161 | Lg=+1.6564 | 12s | curv=+0.489 wide=+0.715 gfmed=0.066
 1150 acq  m=8 hq=0.852 fail | Dr=+0.065/+3.381 |Dr|max=4.761 Df=-0.140 | g r=0.188 f=0.229 p=1.485(0.007) max=3.951 | Ld=-0.1403 base=-0.18 r1=0.0329 path=0.00415 cap=0.00218 | Lg=+1.8221 | 12s | curv=+0.0391 wide=+0.252 gfmed=0.169
 1160 acq  m=8 hq=0.959 PASS | Dr=-0.031/+2.471 |Dr|max=3.113 Df=-0.180 | g r=0.081 f=0.114 p=1.268(0.004) max=3.234 | Ld=-0.0126 base=-0.0682 r1=0.0221 path=0.0302 cap=0.00324 | Lg=+1.3707 | 12s | curv=+0.428 wide=+0.645 gfmed=0.074
 1170 acq  m=8 hq=0.928 PASS | Dr=+0.164/+3.306 |Dr|max=3.459 Df=+0.005 | g r=0.091 f=0.129 p=1.381(0.002) max=3.593 | Ld=-0.1305 base=-0.164 r1=0.0219 path=0.00988 cap=0.00138 | Lg=+1.5189 | 12s | curv=+0.287 wide=+0.574 gfmed=0.073
 1180 acq  m=8 hq=0.928 PASS | Dr=+0.343/+3.114 |Dr|max=3.349 Df=+0.187 | g r=0.163 f=0.189 p=1.290(0.005) max=3.183 | Ld=-0.0708 base=-0.148 r1=0.052 path=0.0197 cap=0.00592 | Lg=+1.4466 | 12s | curv=+0.0247 wide=+0.286 gfmed=0.122
 1190 acq  m=8 hq=0.941 PASS | Dr=+0.129/+3.233 |Dr|max=3.233 Df=-0.003 | g r=0.162 f=0.173 p=1.226(0.004) max=3.530 | Ld=-0.0065 base=-0.0806 r1=0.0192 path=0.0508 cap=0.00409 | Lg=+1.3238 | 12s | curv=+0.262 wide=+0.506 gfmed=0.127
 1200 acq  m=3 hq=0.006 fail | Dr=+0.488/+2.853 |Dr|max=2.853 Df=-0.011 | g r=0.209 f=1.490 p=1.448(0.008) max=3.981 | Ld=-0.1408 base=-0.359 r1=0.0525 path=0.161 cap=0.00427 | Lg=+1.5092 | 13s | curv=+1.88 wide=+2.33 gfmed=1.522
 1210 hold m=6 hq=0.270 fail | Dr=+0.536/+2.464 |Dr|max=2.464 Df=-0.248 | g r=0.244 f=1.136 p=1.370(0.002) max=4.028 | Ld=-0.4829 base=-0.655 r1=0.087 path=0.0324 cap=0.0531 | Lg=+1.7399 | 13s | curv=+1.61 wide=+2.13 gfmed=1.057
 1220 hold m=8 hq=0.478 fail | Dr=+0.780/+2.275 |Dr|max=2.275 Df=+0.564 | g r=0.171 f=0.974 p=1.251(0.003) max=3.508 | Ld=-0.3565 base=-0.454 r1=0.0639 path=0.00156 cap=0.0323 | Lg=+1.2136 | 13s | curv=+1.28 wide=+1.87 gfmed=0.687
 1230 hold m=8 hq=0.538 fail | Dr=+0.705/+2.672 |Dr|max=2.672 Df=+0.482 | g r=0.218 f=0.794 p=1.270(0.008) max=3.517 | Ld=-0.2973 base=-0.429 r1=0.0848 path=0.00136 cap=0.0459 | Lg=+1.2459 | 13s | curv=+1.11 wide=+1.68 gfmed=0.405
 1240 hold m=7 hq=0.380 fail | Dr=+0.637/+3.230 |Dr|max=3.230 Df=+0.162 | g r=0.172 f=0.985 p=1.416(0.003) max=3.436 | Ld=-0.3366 base=-0.399 r1=0.057 path=0.00375 cap=0.0021 | Lg=+1.3182 | 13s | curv=+1.57 wide=+2.17 gfmed=0.642
 1250 hold m=5 hq=0.164 fail | Dr=+0.296/+2.193 |Dr|max=2.587 Df=-0.321 | g r=0.241 f=1.318 p=1.460(0.007) max=3.674 | Ld=-0.5468 base=-0.62 r1=0.0614 path=0.0033 cap=0.00805 | Lg=+1.5531 | 13s | curv=+1.39 wide=+2.04 gfmed=1.197
 1260 hold m=8 hq=0.348 fail | Dr=+0.650/+2.467 |Dr|max=2.467 Df=+0.372 | g r=0.175 f=1.122 p=1.375(0.007) max=3.416 | Ld=-0.3814 base=-0.476 r1=0.0692 path=0.00753 cap=0.0175 | Lg=+1.2493 | 13s | curv=+1.62 wide=+2.17 gfmed=0.949
 1270 hold m=5 hq=0.101 fail | Dr=+0.359/+2.276 |Dr|max=2.276 Df=-0.236 | g r=0.167 f=1.563 p=1.449(0.006) max=3.534 | Ld=-0.3052 base=-0.397 r1=0.0764 path=0.0021 cap=0.0135 | Lg=+1.2163 | 13s | curv=+1.65 wide=+2.41 gfmed=1.595
 1280 hold m=6 hq=0.271 fail | Dr=+0.245/+1.700 |Dr|max=1.700 Df=-0.136 | g r=0.190 f=1.609 p=1.455(0.012) max=3.995 | Ld=-0.2868 base=-0.366 r1=0.0734 path=0.000461 cap=0.00508 | Lg=+1.0810 | 13s | curv=+1.74 wide=+2.62 gfmed=1.701
 1290 hold m=8 hq=0.256 fail | Dr=+0.185/+2.008 |Dr|max=2.008 Df=-0.160 | g r=0.214 f=1.643 p=1.459(0.010) max=3.711 | Ld=-0.3711 base=-0.509 r1=0.0632 path=0.0342 cap=0.0409 | Lg=+1.2625 | 13s | curv=+2.02 wide=+2.77 gfmed=1.649
 1300 hold m=8 hq=0.286 fail | Dr=+0.504/+3.007 |Dr|max=3.007 Df=+0.153 | g r=0.244 f=1.368 p=1.506(0.028) max=4.475 | Ld=-0.6200 base=-0.737 r1=0.083 path=0.00294 cap=0.0314 | Lg=+1.6432 | 14s | curv=+1.81 wide=+2.56 gfmed=1.383
 1310 hold m=7 hq=0.318 fail | Dr=+0.327/+2.223 |Dr|max=2.223 Df=+0.084 | g r=0.224 f=1.102 p=1.271(0.007) max=3.301 | Ld=-0.1723 base=-0.331 r1=0.0754 path=0.00108 cap=0.0817 | Lg=+1.1730 | 14s | curv=+1.14 wide=+1.79 gfmed=1.138
 1320 hold m=7 hq=0.365 fail | Dr=+0.581/+2.231 |Dr|max=2.231 Df=+0.277 | g r=0.197 f=0.965 p=1.418(0.007) max=3.664 | Ld=-0.3401 base=-0.44 r1=0.0844 path=0.0112 cap=0.00458 | Lg=+1.2895 | 14s | curv=+1.62 wide=+2.28 gfmed=0.804
 1330 hold m=8 hq=0.434 fail | Dr=+0.624/+2.131 |Dr|max=2.131 Df=+0.442 | g r=0.198 f=1.071 p=1.380(0.003) max=3.362 | Ld=-0.0930 base=-0.171 r1=0.0643 path=0.00173 cap=0.012 | Lg=+1.0096 | 14s | curv=+1.09 wide=+1.94 gfmed=0.855
 1340 hold m=8 hq=0.303 fail | Dr=+0.744/+2.358 |Dr|max=2.358 Df=+0.349 | g r=0.159 f=1.534 p=1.493(0.008) max=3.926 | Ld=-0.4688 base=-0.546 r1=0.0732 path=0.000112 cap=0.00399 | Lg=+1.3601 | 14s | curv=+1.56 wide=+2.3 gfmed=1.538
 1350 hold m=8 hq=0.385 fail | Dr=+0.710/+2.862 |Dr|max=2.862 Df=+0.410 | g r=0.190 f=1.270 p=1.414(0.012) max=4.115 | Ld=-0.1747 base=-0.245 r1=0.0633 path=0.000743 cap=0.00679 | Lg=+1.2109 | 14s | curv=+1.3 wide=+1.95 gfmed=0.986
 1360 hold m=5 hq=0.300 fail | Dr=+0.695/+3.029 |Dr|max=3.029 Df=+0.207 | g r=0.212 f=1.067 p=1.457(0.006) max=3.569 | Ld=-0.3106 base=-0.389 r1=0.0706 path=0.00196 cap=0.00602 | Lg=+1.4149 | 14s | curv=+1 wide=+1.69 gfmed=0.715
 1370 hold m=7 hq=0.368 fail | Dr=+0.805/+2.581 |Dr|max=2.581 Df=+0.456 | g r=0.171 f=1.282 p=1.377(0.001) max=3.670 | Ld=-0.2350 base=-0.3 r1=0.0546 path=0.000627 cap=0.0102 | Lg=+1.2028 | 14s | curv=+1.35 wide=+2.03 gfmed=1.348
 1380 hold m=8 hq=0.494 fail | Dr=+0.922/+2.999 |Dr|max=2.999 Df=+0.717 | g r=0.271 f=0.970 p=1.374(0.011) max=3.334 | Ld=-0.1370 base=-0.256 r1=0.105 path=0.000819 cap=0.0135 | Lg=+1.1909 | 14s | curv=+0.845 wide=+1.56 gfmed=0.653
 1390 hold m=7 hq=0.343 fail | Dr=+0.849/+2.829 |Dr|max=2.829 Df=+0.493 | g r=0.192 f=1.174 p=1.411(0.006) max=3.457 | Ld=-0.1197 base=-0.193 r1=0.0686 path=0.00378 cap=0.000544 | Lg=+1.2325 | 14s | curv=+1.13 wide=+1.78 gfmed=0.860
 1400 hold m=8 hq=0.732 fail | Dr=+0.825/+2.529 |Dr|max=2.529 Df=+0.667 | g r=0.164 f=0.579 p=1.301(0.012) max=3.380 | Ld=-0.1350 base=-0.187 r1=0.0473 path=0.00497 cap=1e-05 | Lg=+1.1412 | 15s | curv=+0.62 wide=+1.31 gfmed=0.198
 1410 hold m=8 hq=0.921 PASS | Dr=+0.904/+2.986 |Dr|max=2.986 Df=+0.800 | g r=0.160 f=0.224 p=1.224(0.010) max=3.286 | Ld=-0.0521 base=-0.0925 r1=0.0372 path=0.00211 cap=0.00107 | Lg=+1.2294 | 15s | curv=+0.705 wide=+1.28 gfmed=0.146
 1420 hold m=8 hq=0.938 PASS | Dr=+0.903/+2.713 |Dr|max=2.713 Df=+0.801 | g r=0.151 f=0.183 p=1.132(0.002) max=3.202 | Ld=+0.0086 base=-0.0216 r1=0.0255 path=0.00137 cap=0.00323 | Lg=+1.1628 | 15s | curv=+0.65 wide=+1.1 gfmed=0.115
 1430 hold m=8 hq=0.950 PASS | Dr=+0.897/+2.876 |Dr|max=2.876 Df=+0.779 | g r=0.097 f=0.116 p=1.120(0.001) max=3.252 | Ld=-0.0650 base=-0.0894 r1=0.0235 path=0.000886 cap=5.85e-08 | Lg=+1.2865 | 15s | curv=+0.235 wide=+0.663 gfmed=0.073
 1440 hold m=8 hq=0.938 PASS | Dr=+0.810/+3.210 |Dr|max=3.210 Df=+0.694 | g r=0.163 f=0.225 p=1.185(0.008) max=3.335 | Ld=-0.1316 base=-0.161 r1=0.0281 path=0.000942 cap=0.000348 | Lg=+1.3132 | 15s | curv=+0.218 wide=+0.52 gfmed=0.152
 1450 hold m=8 hq=0.961 PASS | Dr=+0.811/+3.191 |Dr|max=3.191 Df=+0.713 | g r=0.154 f=0.173 p=1.090(0.020) max=3.147 | Ld=-0.0266 base=-0.0647 r1=0.0344 path=0.00145 cap=0.00225 | Lg=+1.2310 | 15s | curv=+0.655 wide=+0.929 gfmed=0.138
 1460 hold m=8 hq=0.966 PASS | Dr=+0.752/+3.176 |Dr|max=3.176 Df=+0.655 | g r=0.143 f=0.148 p=1.046(0.005) max=3.343 | Ld=+0.0030 base=-0.0419 r1=0.0371 path=0.00772 cap=6.85e-05 | Lg=+1.2321 | 15s | curv=+0.266 wide=+0.529 gfmed=0.104
 1470 hold m=8 hq=0.949 PASS | Dr=+0.630/+3.192 |Dr|max=3.192 Df=+0.510 | g r=0.107 f=0.141 p=1.059(0.002) max=3.669 | Ld=+0.0030 base=-0.0238 r1=0.0175 path=0.00849 cap=0.000743 | Lg=+1.3226 | 15s | curv=+0.0367 wide=+0.311 gfmed=0.089
 1480 hold m=8 hq=0.948 PASS | Dr=+0.570/+4.402 |Dr|max=4.402 Df=+0.517 | g r=0.161 f=0.159 p=1.052(0.000) max=3.552 | Ld=-0.0385 base=-0.0697 r1=0.0252 path=0.00484 cap=0.0011 | Lg=+1.3990 | 15s | curv=+0.435 wide=+0.676 gfmed=0.139
 1490 hold m=8 hq=0.957 PASS | Dr=+0.356/+3.755 |Dr|max=3.755 Df=+0.281 | g r=0.127 f=0.153 p=1.024(0.006) max=3.470 | Ld=-0.0653 base=-0.0898 r1=0.0158 path=0.00191 cap=0.0067 | Lg=+1.4162 | 16s | curv=-0.182 wide=+0.0884 gfmed=0.113
 1500 hold m=8 hq=0.957 PASS | Dr=+0.520/+2.776 |Dr|max=3.534 Df=+0.406 | g r=0.141 f=0.147 p=1.117(0.003) max=3.689 | Ld=-0.0527 base=-0.0873 r1=0.0269 path=0.00759 cap=9.79e-05 | Lg=+1.4117 | 16s | curv=+0.503 wide=+0.676 gfmed=0.109
 1510 hold m=8 hq=0.972 PASS | Dr=+0.554/+3.237 |Dr|max=3.237 Df=+0.463 | g r=0.161 f=0.169 p=0.993(0.001) max=2.720 | Ld=+0.1193 base=0.0197 r1=0.0895 path=0.00382 cap=0.00629 | Lg=+1.2155 | 16s | curv=+0.461 wide=+0.593 gfmed=0.147
 1520 hold m=8 hq=0.959 PASS | Dr=+0.766/+3.381 |Dr|max=3.513 Df=+0.655 | g r=0.120 f=0.144 p=1.195(0.004) max=3.394 | Ld=-0.0912 base=-0.118 r1=0.0146 path=0.0112 cap=0.00133 | Lg=+1.5128 | 16s | curv=+0.231 wide=+0.431 gfmed=0.111
 1530 hold m=8 hq=0.947 PASS | Dr=+0.525/+3.293 |Dr|max=3.293 Df=+0.464 | g r=0.146 f=0.163 p=1.109(0.004) max=3.620 | Ld=-0.0581 base=-0.0852 r1=0.0239 path=0.00274 cap=0.000359 | Lg=+1.3138 | 16s | curv=-0.111 wide=+0.117 gfmed=0.110
 1540 hold m=8 hq=0.971 PASS | Dr=+0.510/+3.422 |Dr|max=3.422 Df=+0.424 | g r=0.096 f=0.098 p=1.016(0.004) max=3.131 | Ld=-0.0293 base=-0.0475 r1=0.00878 path=0.00683 cap=0.0026 | Lg=+1.2645 | 16s | curv=+0.127 wide=+0.296 gfmed=0.070
 1550 hold m=8 hq=0.972 PASS | Dr=+0.196/+3.051 |Dr|max=3.616 Df=+0.087 | g r=0.116 f=0.120 p=1.032(0.002) max=3.269 | Ld=+0.0002 base=-0.0169 r1=0.0126 path=0.00299 cap=0.0015 | Lg=+1.3703 | 16s | curv=+0.256 wide=+0.426 gfmed=0.075
 1560 hold m=8 hq=0.971 PASS | Dr=+0.554/+3.744 |Dr|max=3.744 Df=+0.463 | g r=0.127 f=0.128 p=0.988(0.001) max=3.184 | Ld=+0.0665 base=0.0386 r1=0.0221 path=0.00506 cap=0.000753 | Lg=+1.3053 | 16s | curv=+0.515 wide=+0.574 gfmed=0.115
 1570 hold m=8 hq=0.971 PASS | Dr=+0.473/+2.963 |Dr|max=3.089 Df=+0.355 | g r=0.067 f=0.077 p=0.947(0.002) max=3.399 | Ld=+0.0411 base=0.0329 r1=0.00718 path=0.00106 cap=1.36e-06 | Lg=+1.2173 | 16s | curv=+0.209 wide=+0.337 gfmed=0.057
 1580 hold m=8 hq=0.972 PASS | Dr=+0.462/+2.372 |Dr|max=2.372 Df=+0.403 | g r=0.088 f=0.096 p=0.908(0.002) max=3.221 | Ld=+0.0610 base=0.0491 r1=0.0101 path=0.00171 cap=2.41e-05 | Lg=+1.0661 | 17s | curv=+0.222 wide=+0.368 gfmed=0.073
 1590 hold m=8 hq=0.979 PASS | Dr=+0.386/+2.727 |Dr|max=2.727 Df=+0.330 | g r=0.063 f=0.066 p=0.914(0.001) max=3.174 | Ld=-0.0252 base=-0.0336 r1=0.00645 path=0.0019 cap=8.09e-06 | Lg=+1.1211 | 17s | curv=+0.255 wide=+0.396 gfmed=0.055
 1600 hold m=8 hq=0.978 PASS | Dr=+0.357/+3.257 |Dr|max=3.257 Df=+0.272 | g r=0.076 f=0.072 p=0.983(0.005) max=3.142 | Ld=-0.0081 base=-0.0425 r1=0.0332 path=0.00121 cap=1.91e-05 | Lg=+1.2823 | 17s | curv=+0.203 wide=+0.34 gfmed=0.054
 1610 hold m=8 hq=0.970 PASS | Dr=+0.457/+2.874 |Dr|max=3.545 Df=+0.351 | g r=0.126 f=0.133 p=1.097(0.001) max=3.283 | Ld=-0.0649 base=-0.0911 r1=0.0234 path=0.0028 cap=1.12e-05 | Lg=+1.3847 | 17s | curv=+0.262 wide=+0.379 gfmed=0.097
 1620 hold m=8 hq=0.960 PASS | Dr=+0.492/+2.805 |Dr|max=3.667 Df=+0.372 | g r=0.074 f=0.084 p=1.146(0.001) max=3.756 | Ld=-0.1082 base=-0.134 r1=0.0186 path=0.00482 cap=0.00259 | Lg=+1.5077 | 17s | curv=+0.169 wide=+0.282 gfmed=0.064
 1630 hold m=8 hq=0.965 PASS | Dr=+0.420/+3.358 |Dr|max=3.358 Df=+0.339 | g r=0.096 f=0.110 p=1.050(0.003) max=3.549 | Ld=+0.0147 base=-0.0235 r1=0.0113 path=0.0241 cap=0.00274 | Lg=+1.2888 | 17s | curv=+0.246 wide=+0.386 gfmed=0.090
 1640 hold m=8 hq=0.972 PASS | Dr=+0.497/+3.510 |Dr|max=3.510 Df=+0.401 | g r=0.142 f=0.149 p=1.038(0.003) max=3.234 | Ld=+0.0160 base=-0.00721 r1=0.0185 path=0.00183 cap=0.00286 | Lg=+1.3698 | 17s | curv=+0.217 wide=+0.36 gfmed=0.138
 1650 hold m=8 hq=0.953 PASS | Dr=+0.406/+2.791 |Dr|max=3.201 Df=+0.282 | g r=0.184 f=0.194 p=0.982(0.005) max=3.344 | Ld=-0.0033 base=-0.096 r1=0.0396 path=0.0529 cap=0.000234 | Lg=+1.3033 | 17s | curv=+0.498 wide=+0.584 gfmed=0.190
 1660 hold m=8 hq=0.970 PASS | Dr=+0.608/+2.827 |Dr|max=2.827 Df=+0.504 | g r=0.066 f=0.070 p=0.892(0.001) max=3.276 | Ld=+0.0137 base=-0.00642 r1=0.0151 path=0.00457 cap=0.000403 | Lg=+1.2701 | 17s | curv=+0.141 wide=+0.278 gfmed=0.059
 1670 hold m=8 hq=0.971 PASS | Dr=+0.401/+3.658 |Dr|max=3.658 Df=+0.300 | g r=0.149 f=0.151 p=0.985(0.009) max=3.405 | Ld=-0.0435 base=-0.0729 r1=0.0273 path=0.00187 cap=0.000173 | Lg=+1.4435 | 17s | curv=+0.433 wide=+0.504 gfmed=0.130
 1680 hold m=8 hq=0.969 PASS | Dr=+0.468/+2.966 |Dr|max=3.120 Df=+0.348 | g r=0.112 f=0.113 p=0.934(0.006) max=3.016 | Ld=-0.0365 base=-0.0662 r1=0.0165 path=0.0067 cap=0.00652 | Lg=+1.3468 | 18s | curv=+0.256 wide=+0.36 gfmed=0.101
 1690 hold m=8 hq=0.970 PASS | Dr=+0.486/+2.785 |Dr|max=2.785 Df=+0.377 | g r=0.064 f=0.067 p=0.890(0.003) max=3.193 | Ld=-0.0067 base=-0.0341 r1=0.00715 path=0.0199 cap=0.000252 | Lg=+1.3040 | 18s | curv=+0.147 wide=+0.285 gfmed=0.050
 1700 hold m=8 hq=0.959 PASS | Dr=+0.617/+3.245 |Dr|max=3.606 Df=+0.484 | g r=0.094 f=0.104 p=1.032(0.003) max=3.469 | Ld=-0.1092 base=-0.126 r1=0.0131 path=0.0034 cap=0.000753 | Lg=+1.5229 | 18s | curv=+0.0641 wide=+0.258 gfmed=0.089
 1710 hold m=8 hq=0.942 PASS | Dr=+0.730/+2.978 |Dr|max=2.978 Df=+0.622 | g r=0.089 f=0.110 p=0.917(0.003) max=3.101 | Ld=-0.0790 base=-0.0942 r1=0.013 path=0.00228 | Lg=+1.3797 | 18s | curv=+0.261 wide=+0.484 gfmed=0.078
 1720 hold m=8 hq=0.960 PASS | Dr=+0.733/+2.367 |Dr|max=2.367 Df=+0.648 | g r=0.057 f=0.072 p=0.873(0.002) max=3.156 | Ld=-0.0367 base=-0.0516 r1=0.00863 path=0.00619 cap=5.38e-05 | Lg=+1.1121 | 18s | curv=+0.156 wide=+0.412 gfmed=0.044
 1730 hold m=8 hq=0.973 PASS | Dr=+0.663/+2.206 |Dr|max=2.206 Df=+0.588 | g r=0.062 f=0.075 p=0.876(0.002) max=2.991 | Ld=-0.0176 base=-0.0246 r1=0.00634 path=0.000624 cap=1.85e-05 | Lg=+1.0499 | 18s | curv=+0.172 wide=+0.388 gfmed=0.049
 1740 hold m=8 hq=0.945 PASS | Dr=+0.412/+2.396 |Dr|max=2.396 Df=+0.388 | g r=0.073 f=0.102 p=0.878(0.003) max=3.089 | Ld=+0.0189 base=0.00275 r1=0.0137 path=0.00237 cap=5.55e-05 | Lg=+0.9197 | 18s | curv=+0.421 wide=+0.686 gfmed=0.069
 1750 hold m=8 hq=0.966 PASS | Dr=+0.581/+3.463 |Dr|max=3.463 Df=+0.467 | g r=0.130 f=0.131 p=1.031(0.003) max=3.519 | Ld=-0.1348 base=-0.161 r1=0.0246 path=0.00144 cap=2.77e-05 | Lg=+1.4233 | 18s | curv=+0.166 wide=+0.411 gfmed=0.109
 1760 hold m=8 hq=0.949 PASS | Dr=+0.630/+3.610 |Dr|max=3.610 Df=+0.526 | g r=0.058 f=0.077 p=0.906(0.001) max=3.689 | Ld=-0.0239 base=-0.0416 r1=0.00855 path=0.00883 cap=0.000369 | Lg=+1.2432 | 18s | curv=+0.156 wide=+0.388 gfmed=0.043
 1770 hold m=8 hq=0.966 PASS | Dr=+0.965/+2.742 |Dr|max=2.742 Df=+0.908 | g r=0.085 f=0.099 p=0.879(0.002) max=2.942 | Ld=+0.0278 base=0.0106 r1=0.0158 path=0.00139 cap=3.74e-05 | Lg=+0.9904 | 19s | curv=+0.217 wide=+0.476 gfmed=0.074
 1780 hold m=8 hq=0.970 PASS | Dr=+1.010/+2.877 |Dr|max=2.877 Df=+0.940 | g r=0.077 f=0.088 p=0.903(0.003) max=3.215 | Ld=+0.0060 base=-0.00705 r1=0.0117 path=0.00137 cap=2.91e-06 | Lg=+1.1217 | 19s | curv=+0.171 wide=+0.38 gfmed=0.064
 1790 hold m=8 hq=0.965 PASS | Dr=+1.170/+3.656 |Dr|max=3.656 Df=+1.076 | g r=0.092 f=0.104 p=0.983(0.002) max=3.271 | Ld=-0.0380 base=-0.0549 r1=0.0129 path=0.00378 cap=0.00016 | Lg=+1.3015 | 19s | curv=+0.25 wide=+0.48 gfmed=0.081
 1800 hold m=8 hq=0.940 PASS | Dr=+1.189/+3.266 |Dr|max=3.266 Df=+1.122 | g r=0.123 f=0.145 p=1.082(0.004) max=3.598 | Ld=-0.0507 base=-0.0734 r1=0.0156 path=0.00703 cap=0.000104 | Lg=+1.2122 | 19s | curv=+0.201 wide=+0.473 gfmed=0.100
 1810 hold m=8 hq=0.966 PASS | Dr=+1.127/+2.400 |Dr|max=2.400 Df=+1.055 | g r=0.075 f=0.093 p=0.943(0.005) max=3.181 | Ld=-0.0635 base=-0.0722 r1=0.00789 path=0.000698 cap=4.6e-05 | Lg=+1.0927 | 19s | curv=+0.206 wide=+0.374 gfmed=0.064
 1820 hold m=8 hq=0.952 PASS | Dr=+1.064/+3.018 |Dr|max=3.018 Df=+1.001 | g r=0.093 f=0.115 p=1.005(0.001) max=3.336 | Ld=-0.1029 base=-0.114 r1=0.0101 path=0.000697 cap=3.53e-05 | Lg=+1.1265 | 19s | curv=+0.236 wide=+0.434 gfmed=0.091
 1830 hold m=8 hq=0.836 fail | Dr=+1.126/+3.237 |Dr|max=3.237 Df=+1.026 | g r=0.108 f=0.170 p=1.031(0.003) max=3.497 | Ld=-0.0192 base=-0.057 r1=0.0242 path=0.0132 cap=0.000389 | Lg=+1.2566 | 19s | curv=+0.429 wide=+0.626 gfmed=0.084
 1840 hold m=6 hq=0.237 fail | Dr=+0.966/+2.368 |Dr|max=2.368 Df=+0.660 | g r=0.188 f=0.954 p=1.224(0.008) max=3.640 | Ld=-0.2761 base=-0.449 r1=0.0727 path=0.0818 cap=0.0187 | Lg=+1.1155 | 19s | curv=+1.43 wide=+1.84 gfmed=0.677
 1850 hold m=3 hq=0.031 fail | Dr=+0.848/+1.498 |Dr|max=1.498 Df=+0.313 | g r=0.176 f=1.557 p=1.306(0.005) max=4.006 | Ld=-0.1721 base=-0.275 r1=0.0645 path=0.00708 cap=0.0317 | Lg=+0.9478 | 19s | curv=+1.56 wide=+2.03 gfmed=1.643
 1860 hold m=4 hq=0.089 fail | Dr=+0.654/+2.220 |Dr|max=2.220 Df=+0.013 | g r=0.200 f=1.415 p=1.369(0.005) max=4.440 | Ld=-0.4862 base=-0.628 r1=0.0755 path=0.0493 cap=0.0171 | Lg=+1.4298 | 19s | curv=+1.83 wide=+2.41 gfmed=1.459
 1870 hold m=4 hq=0.175 fail | Dr=+0.764/+3.633 |Dr|max=3.633 Df=-0.173 | g r=0.197 f=1.159 p=1.429(0.010) max=4.729 | Ld=-0.8265 base=-0.99 r1=0.115 path=0.00685 cap=0.0419 | Lg=+1.8327 | 20s | curv=+1.65 wide=+2.32 gfmed=1.119
 1880 hold m=5 hq=0.123 fail | Dr=-0.084/+1.856 |Dr|max=2.943 Df=-1.066 | g r=0.247 f=1.311 p=1.417(0.020) max=3.900 | Ld=-0.6108 base=-0.986 r1=0.155 path=0.157 cap=0.0633 | Lg=+1.6675 | 20s | curv=+1.54 wide=+2.28 gfmed=1.171
 1890 hold m=7 hq=0.445 fail | Dr=-0.039/+2.932 |Dr|max=3.578 Df=-0.918 | g r=0.230 f=1.024 p=1.458(0.008) max=4.476 | Ld=-0.9075 base=-1.07 r1=0.114 path=0.0255 cap=0.0267 | Lg=+2.0054 | 20s | curv=+1.6 wide=+2.26 gfmed=0.781
 1900 hold m=5 hq=0.210 fail | Dr=-0.375/+2.401 |Dr|max=3.630 Df=-1.369 | g r=0.249 f=1.223 p=1.520(0.006) max=4.098 | Ld=-1.1202 base=-1.27 r1=0.121 path=0.00208 cap=0.0297 | Lg=+2.0972 | 20s | curv=+2.27 wide=+2.9 gfmed=1.033
 1910 hold m=4 hq=0.014 fail | Dr=+0.204/+2.018 |Dr|max=2.018 Df=-0.945 | g r=0.225 f=1.473 p=1.476(0.009) max=3.762 | Ld=-0.9711 base=-1.16 r1=0.122 path=0.0138 cap=0.0545 | Lg=+1.7105 | 20s | curv=+2.24 wide=+2.98 gfmed=1.348
 1920 hold m=4 hq=0.134 fail | Dr=-0.227/+0.893 |Dr|max=1.652 Df=-1.138 | g r=0.279 f=1.587 p=1.541(0.027) max=4.481 | Ld=-0.8612 base=-1.06 r1=0.141 path=0.0172 cap=0.0425 | Lg=+1.6949 | 20s | curv=+2.08 wide=+2.89 gfmed=1.647
 1930 hold m=3 hq=0.027 fail | Dr=-0.583/+0.352 |Dr|max=1.578 Df=-1.257 | g r=0.300 f=1.916 p=1.433(0.014) max=3.698 | Ld=-0.6241 base=-0.838 r1=0.123 path=0.0666 cap=0.0237 | Lg=+1.5195 | 20s | curv=+2.12 wide=+2.95 gfmed=1.929
 1940 hold m=5 hq=0.274 fail | Dr=-0.490/+0.850 |Dr|max=2.076 Df=-0.958 | g r=0.232 f=1.657 p=1.390(0.017) max=3.288 | Ld=-0.3086 base=-0.444 r1=0.109 path=0.00392 cap=0.0222 | Lg=+1.1301 | 20s | curv=+2.31 wide=+3.04 gfmed=1.931
 1950 hold m=3 hq=0.080 fail | Dr=-0.010/+1.255 |Dr|max=1.255 Df=-0.621 | g r=0.178 f=1.702 p=1.350(0.007) max=3.517 | Ld=-0.2789 base=-0.369 r1=0.083 path=0.000387 cap=0.0065 | Lg=+1.0275 | 20s | curv=+1.73 wide=+2.53 gfmed=1.647
 1960 hold m=5 hq=0.241 fail | Dr=+0.444/+1.410 |Dr|max=1.410 Df=-0.140 | g r=0.184 f=1.346 p=1.407(0.003) max=3.805 | Ld=-0.2394 base=-0.31 r1=0.0676 path=0.000721 cap=0.00202 | Lg=+1.0281 | 21s | curv=+1.47 wide=+2.25 gfmed=1.282
 1970 hold m=6 hq=0.243 fail | Dr=+0.157/+1.238 |Dr|max=1.238 Df=-0.401 | g r=0.226 f=1.491 p=1.428(0.013) max=3.947 | Ld=-0.5519 base=-0.76 r1=0.0944 path=0.0018 cap=0.112 | Lg=+1.2130 | 21s | curv=+1.75 wide=+2.62 gfmed=1.508
 1980 hold m=5 hq=0.191 fail | Dr=+0.077/+1.467 |Dr|max=1.467 Df=-0.518 | g r=0.180 f=1.744 p=1.438(0.003) max=3.369 | Ld=-0.2197 base=-0.336 r1=0.0948 path=0.00156 cap=0.0198 | Lg=+1.0179 | 21s | curv=+1.46 wide=+2.36 gfmed=1.904
 1990 hold m=8 hq=0.449 fail | Dr=+0.308/+2.207 |Dr|max=2.207 Df=+0.058 | g r=0.180 f=1.305 p=1.403(0.001) max=3.789 | Ld=-0.1650 base=-0.258 r1=0.0714 path=0.00203 cap=0.0194 | Lg=+1.0388 | 21s | curv=+1.53 wide=+2.35 gfmed=1.100
 2000 hold m=7 hq=0.506 fail | Dr=+0.649/+2.612 |Dr|max=2.612 Df=+0.389 | g r=0.172 f=1.101 p=1.373(0.002) max=3.451 | Ld=-0.1233 base=-0.187 r1=0.0569 path=0.00589 cap=0.000794 | Lg=+1.0609 | 21s | curv=+1.42 wide=+2.17 gfmed=0.719
 2010 hold m=6 hq=0.427 fail | Dr=+0.817/+3.128 |Dr|max=3.128 Df=+0.401 | g r=0.149 f=0.752 p=1.322(0.005) max=3.659 | Ld=-0.2218 base=-0.268 r1=0.0402 path=0.00173 cap=0.00389 | Lg=+1.3172 | 21s | curv=+0.841 wide=+1.5 gfmed=0.351
 2020 hold m=8 hq=0.842 fail | Dr=+1.001/+3.402 |Dr|max=3.402 Df=+0.866 | g r=0.179 f=0.350 p=1.221(0.005) max=3.473 | Ld=-0.0818 base=-0.13 r1=0.0418 path=0.00207 cap=0.00405 | Lg=+1.1335 | 21s | curv=+0.386 wide=+1.09 gfmed=0.194
 2030 hold m=8 hq=0.902 PASS | Dr=+0.562/+2.909 |Dr|max=2.909 Df=+0.468 | g r=0.159 f=0.233 p=1.090(0.001) max=3.216 | Ld=+0.0170 base=-0.019 r1=0.0295 path=0.00617 cap=0.000258 | Lg=+1.0620 | 21s | curv=+0.17 wide=+0.741 gfmed=0.148
 2040 hold m=8 hq=0.907 PASS | Dr=+0.580/+3.612 |Dr|max=3.612 Df=+0.476 | g r=0.085 f=0.140 p=1.072(0.001) max=3.480 | Ld=-0.0618 base=-0.0796 r1=0.0153 path=0.00184 cap=0.000605 | Lg=+1.3073 | 21s | curv=+0.326 wide=+0.739 gfmed=0.071
 2050 hold m=8 hq=0.923 PASS | Dr=+0.357/+3.656 |Dr|max=3.656 Df=+0.233 | g r=0.191 f=0.224 p=1.088(0.009) max=3.385 | Ld=-0.0350 base=-0.0736 r1=0.0357 path=0.00273 cap=0.000206 | Lg=+1.4008 | 22s | curv=+0.854 wide=+1.15 gfmed=0.181
 2060 hold m=8 hq=0.909 PASS | Dr=+0.516/+4.118 |Dr|max=4.118 Df=+0.365 | g r=0.167 f=0.197 p=1.146(0.006) max=3.288 | Ld=+0.0323 base=-0.0391 r1=0.0435 path=0.0266 cap=0.00143 | Lg=+1.5318 | 22s | curv=+0.708 wide=+0.979 gfmed=0.155
 2070 hold m=8 hq=0.934 PASS | Dr=+0.430/+4.531 |Dr|max=4.531 Df=+0.252 | g r=0.092 f=0.120 p=1.196(0.002) max=3.732 | Ld=-0.0781 base=-0.123 r1=0.0181 path=0.0256 cap=0.000651 | Lg=+1.6628 | 22s | curv=+0.456 wide=+0.76 gfmed=0.080
 2080 hold m=8 hq=0.940 PASS | Dr=+0.451/+3.491 |Dr|max=3.491 Df=+0.276 | g r=0.147 f=0.165 p=1.125(0.004) max=3.456 | Ld=+0.0048 base=-0.0847 r1=0.0682 path=0.018 cap=0.00333 | Lg=+1.4599 | 22s | curv=+0.366 wide=+0.675 gfmed=0.135
 2090 hold m=8 hq=0.925 PASS | Dr=+0.482/+2.819 |Dr|max=3.230 Df=+0.313 | g r=0.118 f=0.156 p=1.160(0.005) max=3.272 | Ld=-0.0460 base=-0.115 r1=0.0429 path=0.0254 cap=0.000337 | Lg=+1.5042 | 22s | curv=+0.149 wide=+0.482 gfmed=0.120
 2100 hold m=8 hq=0.923 PASS | Dr=+0.199/+3.913 |Dr|max=3.913 Df=+0.077 | g r=0.154 f=0.198 p=1.153(0.002) max=3.435 | Ld=-0.1689 base=-0.204 r1=0.0196 path=0.014 cap=0.00203 | Lg=+1.4858 | 22s | curv=+0.443 wide=+0.721 gfmed=0.138
 2110 hold m=8 hq=0.941 PASS | Dr=+0.573/+4.198 |Dr|max=4.198 Df=+0.447 | g r=0.137 f=0.162 p=1.109(0.009) max=3.223 | Ld=+0.0549 base=0.0109 r1=0.0328 path=0.00659 cap=0.00469 | Lg=+1.3650 | 22s | curv=+0.406 wide=+0.711 gfmed=0.123
 2120 hold m=8 hq=0.938 PASS | Dr=+0.583/+4.127 |Dr|max=4.127 Df=+0.442 | g r=0.130 f=0.157 p=1.177(0.002) max=3.194 | Ld=-0.0639 base=-0.0977 r1=0.0244 path=0.00506 cap=0.00437 | Lg=+1.5171 | 22s | curv=+0.756 wide=+1.03 gfmed=0.114
 2130 hold m=8 hq=0.938 PASS | Dr=+0.674/+3.992 |Dr|max=3.992 Df=+0.501 | g r=0.119 f=0.148 p=1.291(0.006) max=3.511 | Ld=-0.1867 base=-0.215 r1=0.0213 path=0.00555 cap=0.00104 | Lg=+1.6713 | 23s | curv=+0.349 wide=+0.71 gfmed=0.096
 2140 hold m=8 hq=0.944 PASS | Dr=+0.674/+2.718 |Dr|max=2.718 Df=+0.568 | g r=0.122 f=0.142 p=1.117(0.003) max=3.332 | Ld=+0.0391 base=0.0186 r1=0.018 path=0.00176 cap=0.000758 | Lg=+1.2206 | 23s | curv=+0.107 wide=+0.449 gfmed=0.097
 2150 hold m=8 hq=0.918 PASS | Dr=+0.517/+4.248 |Dr|max=4.248 Df=+0.349 | g r=0.160 f=0.194 p=1.274(0.002) max=3.873 | Ld=-0.1428 base=-0.199 r1=0.0322 path=0.0174 cap=0.0068 | Lg=+1.7481 | 23s | curv=+0.289 wide=+0.601 gfmed=0.152
 2160 hold m=8 hq=0.928 PASS | Dr=+0.374/+3.055 |Dr|max=3.055 Df=+0.256 | g r=0.125 f=0.155 p=1.123(0.004) max=3.237 | Ld=+0.0608 base=0.032 r1=0.0165 path=0.0119 cap=0.000443 | Lg=+1.2522 | 23s | curv=+0.366 wide=+0.663 gfmed=0.115
 2170 hold m=8 hq=0.942 PASS | Dr=+0.485/+3.180 |Dr|max=3.180 Df=+0.348 | g r=0.111 f=0.138 p=1.187(0.001) max=3.430 | Ld=-0.1030 base=-0.14 r1=0.0224 path=0.0148 cap=3.44e-05 | Lg=+1.4257 | 23s | curv=+0.254 wide=+0.582 gfmed=0.094
 2180 hold m=8 hq=0.940 PASS | Dr=+0.548/+3.748 |Dr|max=3.748 Df=+0.399 | g r=0.122 f=0.162 p=1.258(0.009) max=3.438 | Ld=-0.1388 base=-0.172 r1=0.021 path=0.0107 cap=0.00122 | Lg=+1.5862 | 23s | curv=+0.381 wide=+0.706 gfmed=0.114
 2190 hold m=8 hq=0.929 PASS | Dr=+0.229/+3.256 |Dr|max=3.256 Df=+0.118 | g r=0.131 f=0.165 p=1.208(0.001) max=3.415 | Ld=-0.0004 base=-0.0346 r1=0.019 path=0.0149 cap=0.000315 | Lg=+1.4703 | 23s | curv=+0.398 wide=+0.714 gfmed=0.133
 2200 hold m=8 hq=0.952 PASS | Dr=+0.321/+4.140 |Dr|max=4.140 Df=+0.199 | g r=0.112 f=0.144 p=1.215(0.001) max=3.592 | Ld=+0.0187 base=-0.0296 r1=0.023 path=0.0248 cap=0.000453 | Lg=+1.5572 | 23s | curv=+0.22 wide=+0.561 gfmed=0.110
 2210 hold m=8 hq=0.927 PASS | Dr=+0.467/+4.347 |Dr|max=4.347 Df=+0.302 | g r=0.127 f=0.163 p=1.342(0.003) max=3.550 | Ld=-0.0997 base=-0.13 r1=0.0182 path=0.0119 cap=0.000408 | Lg=+1.7563 | 23s | curv=+0.265 wide=+0.58 gfmed=0.130
 2220 hold m=8 hq=0.942 PASS | Dr=+0.317/+3.912 |Dr|max=3.912 Df=+0.184 | g r=0.105 f=0.144 p=1.271(0.003) max=3.644 | Ld=-0.1373 base=-0.179 r1=0.0161 path=0.0239 cap=0.00148 | Lg=+1.6822 | 24s | curv=+0.335 wide=+0.638 gfmed=0.103
 2230 hold m=8 hq=0.958 PASS | Dr=-0.011/+3.220 |Dr|max=3.541 Df=-0.132 | g r=0.102 f=0.126 p=1.162(0.002) max=3.221 | Ld=+0.0058 base=-0.0334 r1=0.0174 path=0.0217 cap=4.17e-05 | Lg=+1.4552 | 24s | curv=+0.375 wide=+0.633 gfmed=0.086
 2240 hold m=8 hq=0.958 PASS | Dr=+0.602/+3.052 |Dr|max=3.052 Df=+0.478 | g r=0.101 f=0.115 p=1.216(0.002) max=3.589 | Ld=-0.1243 base=-0.148 r1=0.0128 path=0.00902 cap=0.00232 | Lg=+1.3941 | 24s | curv=+0.208 wide=+0.432 gfmed=0.088
 2250 hold m=8 hq=0.956 PASS | Dr=+0.586/+3.863 |Dr|max=3.863 Df=+0.462 | g r=0.085 f=0.106 p=1.154(0.003) max=3.418 | Ld=-0.0257 base=-0.0721 r1=0.0163 path=0.0299 cap=0.000146 | Lg=+1.4522 | 24s | curv=+0.225 wide=+0.491 gfmed=0.069
 2260 hold m=8 hq=0.939 PASS | Dr=+0.383/+3.977 |Dr|max=3.977 Df=+0.260 | g r=0.110 f=0.141 p=1.184(0.004) max=3.361 | Ld=-0.1300 base=-0.152 r1=0.0188 path=0.00296 | Lg=+1.5668 | 24s | curv=+0.384 wide=+0.64 gfmed=0.104
 2270 hold m=8 hq=0.945 PASS | Dr=+0.107/+3.759 |Dr|max=3.759 Df=+0.030 | g r=0.130 f=0.146 p=1.110(0.005) max=3.366 | Ld=-0.0421 base=-0.073 r1=0.0241 path=0.0064 cap=0.000468 | Lg=+1.5011 | 24s | curv=+0.4 wide=+0.627 gfmed=0.106
 2280 hold m=8 hq=0.962 PASS | Dr=-0.021/+4.404 |Dr|max=4.404 Df=-0.128 | g r=0.082 f=0.108 p=1.168(0.001) max=3.398 | Ld=-0.1795 base=-0.21 r1=0.0148 path=0.0155 cap=0.00018 | Lg=+1.5657 | 24s | curv=+0.415 wide=+0.662 gfmed=0.072
 2290 hold m=8 hq=0.953 PASS | Dr=+0.146/+4.102 |Dr|max=4.102 Df=+0.042 | g r=0.113 f=0.127 p=1.199(0.003) max=3.233 | Ld=-0.1193 base=-0.144 r1=0.0226 path=0.00213 cap=0.000128 | Lg=+1.7025 | 24s | curv=+0.229 wide=+0.499 gfmed=0.098
 2300 hold m=8 hq=0.956 PASS | Dr=+0.032/+4.035 |Dr|max=4.035 Df=-0.066 | g r=0.130 f=0.148 p=1.173(0.003) max=3.262 | Ld=+0.0106 base=-0.0192 r1=0.0223 path=0.00486 cap=0.00262 | Lg=+1.5644 | 25s | curv=+0.525 wide=+0.768 gfmed=0.116
 2310 hold m=8 hq=0.965 PASS | Dr=+0.019/+3.666 |Dr|max=3.774 Df=-0.091 | g r=0.125 f=0.138 p=1.199(0.002) max=3.234 | Ld=-0.0330 base=-0.0942 r1=0.0489 path=0.0104 cap=0.0019 | Lg=+1.6313 | 25s | curv=+0.373 wide=+0.617 gfmed=0.112
 2320 hold m=8 hq=0.949 PASS | Dr=-0.109/+3.717 |Dr|max=4.183 Df=-0.216 | g r=0.095 f=0.128 p=1.207(0.002) max=3.336 | Ld=-0.0872 base=-0.11 r1=0.0202 path=0.00221 cap=5.57e-06 | Lg=+1.5959 | 25s | curv=+0.205 wide=+0.465 gfmed=0.094
 2330 hold m=8 hq=0.967 PASS | Dr=+0.154/+2.738 |Dr|max=2.790 Df=+0.074 | g r=0.065 f=0.073 p=1.084(0.001) max=3.098 | Ld=-0.0220 base=-0.0451 r1=0.00938 path=0.0124 cap=0.00123 | Lg=+1.3391 | 25s | curv=+0.226 wide=+0.489 gfmed=0.049
 2340 hold m=8 hq=0.933 PASS | Dr=+0.150/+3.924 |Dr|max=4.487 Df=+0.018 | g r=0.136 f=0.144 p=1.254(0.004) max=3.489 | Ld=-0.1450 base=-0.163 r1=0.0169 path=0.000973 cap=9.87e-06 | Lg=+1.6351 | 25s | curv=+0.284 wide=+0.563 gfmed=0.104
 2350 hold m=8 hq=0.957 PASS | Dr=-0.275/+4.399 |Dr|max=5.021 Df=-0.387 | g r=0.137 f=0.147 p=1.357(0.002) max=3.893 | Ld=-0.1633 base=-0.191 r1=0.0144 path=0.0122 cap=0.000774 | Lg=+1.8341 | 25s | curv=+0.562 wide=+0.828 gfmed=0.111
 2360 hold m=8 hq=0.964 PASS | Dr=+0.077/+3.903 |Dr|max=3.903 Df=+0.008 | g r=0.095 f=0.113 p=1.119(0.003) max=3.235 | Ld=-0.0689 base=-0.102 r1=0.0179 path=0.0147 cap=4.6e-05 | Lg=+1.4524 | 25s | curv=+0.478 wide=+0.718 gfmed=0.078
 2370 hold m=8 hq=0.968 PASS | Dr=+0.051/+3.190 |Dr|max=3.190 Df=+0.001 | g r=0.091 f=0.106 p=1.080(0.003) max=3.289 | Ld=-0.0699 base=-0.106 r1=0.0308 path=0.00569 cap=3.59e-06 | Lg=+1.3600 | 25s | curv=+0.343 wide=+0.547 gfmed=0.072
 2380 hold m=8 hq=0.971 PASS | Dr=+0.129/+3.392 |Dr|max=3.392 Df=+0.061 | g r=0.120 f=0.130 p=1.145(0.004) max=3.283 | Ld=-0.0745 base=-0.111 r1=0.0291 path=0.00511 cap=0.00222 | Lg=+1.4709 | 25s | curv=+0.22 wide=+0.416 gfmed=0.107
 2390 hold m=8 hq=0.956 PASS | Dr=+0.239/+3.917 |Dr|max=3.917 Df=+0.149 | g r=0.155 f=0.177 p=1.206(0.000) max=3.276 | Ld=+0.0129 base=-0.0484 r1=0.0427 path=0.0181 cap=0.000453 | Lg=+1.4745 | 25s | curv=-0.0226 wide=+0.355 gfmed=0.113
 2400 hold m=8 hq=0.975 PASS | Dr=+0.498/+3.655 |Dr|max=3.655 Df=+0.407 | g r=0.076 f=0.098 p=1.124(0.002) max=3.479 | Ld=-0.0056 base=-0.0354 r1=0.0269 path=0.00235 cap=0.000525 | Lg=+1.4000 | 26s | curv=+0.0607 wide=+0.338 gfmed=0.074
# shift (1,0) after 2400; frozen copy on new target: m=0 hq=0.000
 2410 post m=4 hq=0.258 fail | Dr=+0.724/+2.029 |Dr|max=2.029 Df=+0.572 | g r=0.344 f=0.509 p=0.916(0.006) max=3.840 | Ld=+0.3080 base=-0.0334 r1=0.254 path=0.0873 cap=0.00056 | Lg=+0.9612 | 26s | curv=+1.67 wide=+1.73 gfmed=0.359
 2420 post m=8 hq=0.367 fail | Dr=+1.101/+2.150 |Dr|max=2.150 Df=+0.971 | g r=0.184 f=0.671 p=0.874(0.007) max=3.378 | Ld=+0.0600 base=-0.0637 r1=0.0651 path=0.0563 cap=0.00222 | Lg=+0.8661 | 26s | curv=+1.02 wide=+1.27 gfmed=0.489
 2430 post m=8 hq=0.597 fail | Dr=+1.043/+2.072 |Dr|max=2.072 Df=+0.910 | g r=0.169 f=0.624 p=0.919(0.012) max=3.649 | Ld=-0.1396 base=-0.197 r1=0.0412 path=0.0146 cap=0.00182 | Lg=+0.9916 | 26s | curv=+1.2 wide=+1.46 gfmed=0.305
 2440 post m=6 hq=0.424 fail | Dr=+0.208/+2.191 |Dr|max=2.191 Df=+0.048 | g r=0.192 f=0.623 p=0.995(0.003) max=3.627 | Ld=-0.0568 base=-0.137 r1=0.0573 path=0.0218 cap=0.000609 | Lg=+1.0465 | 26s | curv=+1.48 wide=+1.78 gfmed=0.374
 2450 post m=8 hq=0.580 fail | Dr=+0.096/+2.311 |Dr|max=2.311 Df=-0.011 | g r=0.185 f=0.645 p=0.940(0.010) max=3.386 | Ld=-0.0671 base=-0.188 r1=0.0677 path=0.052 cap=0.000706 | Lg=+1.0587 | 26s | curv=+1.3 wide=+1.7 gfmed=0.286
 2460 post m=8 hq=0.362 fail | Dr=+0.340/+2.347 |Dr|max=2.347 Df=+0.195 | g r=0.173 f=0.806 p=0.896(0.004) max=3.273 | Ld=+0.0017 base=-0.136 r1=0.0886 path=0.0492 cap=0.000361 | Lg=+0.9299 | 26s | curv=+1.49 wide=+1.85 gfmed=0.650
 2470 post m=6 hq=0.327 fail | Dr=+0.251/+2.587 |Dr|max=2.587 Df=-0.006 | g r=0.152 f=0.784 p=1.002(0.006) max=3.338 | Ld=-0.0971 base=-0.141 r1=0.0427 path=0.00127 cap=0.000197 | Lg=+1.0096 | 26s | curv=+0.654 wide=+1.17 gfmed=0.585
 2480 post m=4 hq=0.309 fail | Dr=+0.067/+2.535 |Dr|max=2.535 Df=-0.095 | g r=0.180 f=0.503 p=0.821(0.006) max=3.171 | Ld=-0.0540 base=-0.247 r1=0.114 path=0.00175 cap=0.077 | Lg=+1.1146 | 26s | curv=+0.642 wide=+1.01 gfmed=0.379
 2490 post m=7 hq=0.457 fail | Dr=+0.598/+2.022 |Dr|max=2.022 Df=+0.392 | g r=0.140 f=0.554 p=0.838(0.003) max=3.382 | Ld=-0.0508 base=-0.109 r1=0.0524 path=0.00137 cap=0.00446 | Lg=+0.8448 | 27s | curv=+1.12 wide=+1.53 gfmed=0.302
 2500 post m=8 hq=0.549 fail | Dr=+0.212/+2.331 |Dr|max=2.331 Df=+0.097 | g r=0.213 f=0.927 p=1.053(0.011) max=3.484 | Ld=-0.1540 base=-0.217 r1=0.0605 path=0.00165 cap=0.000951 | Lg=+1.1472 | 27s | curv=+1.48 wide=+1.94 gfmed=0.462
 2510 post m=4 hq=0.411 fail | Dr=+0.398/+2.318 |Dr|max=2.318 Df=+0.096 | g r=0.193 f=0.767 p=0.972(0.006) max=3.382 | Ld=-0.1263 base=-0.183 r1=0.0513 path=0.000865 cap=0.00502 | Lg=+1.0767 | 27s | curv=+0.712 wide=+1.21 gfmed=0.421
 2520 post m=6 hq=0.501 fail | Dr=+0.632/+2.616 |Dr|max=2.616 Df=+0.476 | g r=0.129 f=0.790 p=0.953(0.007) max=3.332 | Ld=-0.0452 base=-0.074 r1=0.0274 path=0.00132 cap=0.000134 | Lg=+0.9355 | 27s | curv=+1.03 wide=+1.51 gfmed=0.377
 2530 post m=8 hq=0.716 fail | Dr=+1.176/+2.272 |Dr|max=2.272 Df=+1.106 | g r=0.182 f=0.690 p=1.002(0.002) max=3.398 | Ld=+0.0246 base=-0.0287 r1=0.0481 path=0.00109 cap=0.0042 | Lg=+0.8191 | 27s | curv=+1.13 wide=+1.62 gfmed=0.224
 2540 post m=8 hq=0.572 fail | Dr=+0.603/+2.237 |Dr|max=2.237 Df=+0.409 | g r=0.121 f=0.501 p=0.899(0.003) max=3.262 | Ld=-0.0440 base=-0.0796 r1=0.031 path=0.00396 cap=0.000614 | Lg=+0.9265 | 27s | curv=+0.926 wide=+1.39 gfmed=0.170
 2550 post m=8 hq=0.436 fail | Dr=+0.623/+2.553 |Dr|max=2.553 Df=+0.420 | g r=0.148 f=0.825 p=1.060(0.004) max=3.395 | Ld=-0.1010 base=-0.146 r1=0.0442 path=0.00118 cap=0.000103 | Lg=+1.0422 | 27s | curv=+1.07 wide=+1.57 gfmed=0.497
 2560 post m=6 hq=0.539 fail | Dr=+0.539/+2.626 |Dr|max=2.626 Df=+0.270 | g r=0.132 f=0.535 p=1.008(0.005) max=3.183 | Ld=-0.1425 base=-0.176 r1=0.0306 path=0.000674 cap=0.00247 | Lg=+1.1038 | 27s | curv=+1.05 wide=+1.47 gfmed=0.362
 2570 post m=5 hq=0.526 fail | Dr=+0.774/+3.055 |Dr|max=3.055 Df=+0.467 | g r=0.165 f=0.757 p=1.060(0.004) max=3.392 | Ld=-0.3078 base=-0.352 r1=0.0361 path=0.00621 cap=0.00214 | Lg=+1.2590 | 27s | curv=+0.871 wide=+1.34 gfmed=0.397
 2580 post m=6 hq=0.536 fail | Dr=+0.693/+3.139 |Dr|max=3.139 Df=+0.441 | g r=0.166 f=0.758 p=1.056(0.007) max=3.271 | Ld=-0.1339 base=-0.2 r1=0.0639 path=0.00152 cap=0.000798 | Lg=+1.1446 | 27s | curv=+0.692 wide=+1.21 gfmed=0.342
 2590 post m=6 hq=0.529 fail | Dr=+0.768/+2.817 |Dr|max=2.817 Df=+0.513 | g r=0.146 f=0.910 p=1.065(0.005) max=3.331 | Ld=-0.1965 base=-0.234 r1=0.0352 path=0.00111 cap=0.00116 | Lg=+1.0893 | 28s | curv=+1.16 wide=+1.64 gfmed=0.452
 2600 post m=5 hq=0.472 fail | Dr=+0.928/+2.782 |Dr|max=2.782 Df=+0.591 | g r=0.183 f=1.025 p=1.085(0.008) max=3.337 | Ld=-0.0514 base=-0.11 r1=0.0489 path=0.00133 cap=0.00843 | Lg=+0.9576 | 28s | curv=+1.09 wide=+1.56 gfmed=0.489
 2610 post m=8 hq=0.359 fail | Dr=+0.790/+2.818 |Dr|max=2.818 Df=+0.400 | g r=0.154 f=1.217 p=1.243(0.006) max=3.800 | Ld=-0.2715 base=-0.328 r1=0.0476 path=0.00513 cap=0.00397 | Lg=+1.2400 | 28s | curv=+1.45 wide=+1.94 gfmed=0.996
 2620 post m=5 hq=0.550 fail | Dr=+0.846/+3.345 |Dr|max=3.345 Df=+0.588 | g r=0.153 f=0.796 p=1.110(0.010) max=3.165 | Ld=-0.0746 base=-0.133 r1=0.0567 path=0.00114 cap=0.00039 | Lg=+1.0499 | 28s | curv=+0.64 wide=+1.13 gfmed=0.307
 2630 post m=6 hq=0.329 fail | Dr=+0.638/+3.696 |Dr|max=3.696 Df=+0.362 | g r=0.216 f=1.304 p=1.359(0.010) max=3.964 | Ld=-0.5469 base=-0.619 r1=0.0514 path=0.00355 cap=0.0167 | Lg=+1.7570 | 28s | curv=+1.47 wide=+2.04 gfmed=0.939
 2640 post m=8 hq=0.623 fail | Dr=+0.789/+3.340 |Dr|max=3.340 Df=+0.747 | g r=0.167 f=0.532 p=1.064(0.006) max=3.269 | Ld=-0.0087 base=-0.107 r1=0.0362 path=0.00081 cap=0.0609 | Lg=+1.0138 | 28s | curv=+0.845 wide=+1.24 gfmed=0.264
 2650 post m=8 hq=0.930 PASS | Dr=+0.567/+3.393 |Dr|max=3.393 Df=+0.575 | g r=0.106 f=0.167 p=1.035(0.004) max=3.238 | Ld=-0.0467 base=-0.0734 r1=0.0208 path=0.00452 cap=0.00134 | Lg=+1.0502 | 28s | curv=+0.422 wide=+0.912 gfmed=0.081
 2660 post m=8 hq=0.948 PASS | Dr=+0.601/+2.629 |Dr|max=2.629 Df=+0.608 | g r=0.073 f=0.103 p=0.873(0.004) max=2.839 | Ld=+0.0307 base=0.0124 r1=0.0175 path=0.000744 | Lg=+0.8681 | 28s | curv=+0.261 wide=+0.619 gfmed=0.057
 2670 post m=8 hq=0.959 PASS | Dr=+0.576/+2.754 |Dr|max=2.754 Df=+0.566 | g r=0.121 f=0.140 p=0.773(0.005) max=2.793 | Ld=+0.0562 base=0.0238 r1=0.0316 path=0.000755 | Lg=+0.8958 | 28s | curv=+0.419 wide=+0.728 gfmed=0.110
 2680 post m=8 hq=0.965 PASS | Dr=+0.391/+2.260 |Dr|max=2.260 Df=+0.400 | g r=0.069 f=0.086 p=0.742(0.001) max=2.964 | Ld=+0.0077 base=-0.00164 r1=0.00879 path=0.000556 | Lg=+0.8583 | 28s | curv=+0.288 wide=+0.561 gfmed=0.057
 2690 post m=8 hq=0.967 PASS | Dr=+0.368/+2.663 |Dr|max=2.663 Df=+0.352 | g r=0.077 f=0.092 p=0.761(0.002) max=3.122 | Ld=-0.0066 base=-0.0216 r1=0.0131 path=0.00178 cap=2.3e-05 | Lg=+0.9447 | 29s | curv=+0.304 wide=+0.52 gfmed=0.064
 2700 post m=8 hq=0.963 PASS | Dr=+0.114/+2.936 |Dr|max=2.936 Df=+0.122 | g r=0.099 f=0.104 p=0.852(0.003) max=3.223 | Ld=-0.0210 base=-0.0453 r1=0.0189 path=0.00543 | Lg=+1.1270 | 29s | curv=+0.0693 wide=+0.284 gfmed=0.084
 2710 post m=8 hq=0.974 PASS | Dr=+0.580/+1.986 |Dr|max=1.986 Df=+0.597 | g r=0.051 f=0.062 p=0.672(0.002) max=2.643 | Ld=+0.0011 base=-0.00715 r1=0.00675 path=0.00146 | Lg=+0.8914 | 29s | curv=+0.102 wide=+0.283 gfmed=0.039
 2720 post m=8 hq=0.973 PASS | Dr=+0.415/+2.789 |Dr|max=2.789 Df=+0.414 | g r=0.082 f=0.093 p=0.634(0.002) max=2.935 | Ld=-0.0314 base=-0.0482 r1=0.0157 path=0.00109 | Lg=+0.9613 | 29s | curv=+0.0779 wide=+0.267 gfmed=0.054
 2730 post m=8 hq=0.975 PASS | Dr=+0.289/+2.908 |Dr|max=2.908 Df=+0.279 | g r=0.067 f=0.080 p=0.664(0.001) max=3.189 | Ld=-0.0081 base=-0.0167 r1=0.00616 path=0.0024 | Lg=+0.9847 | 29s | curv=+0.06 wide=+0.242 gfmed=0.064
 2740 post m=8 hq=0.953 PASS | Dr=+0.185/+2.602 |Dr|max=2.602 Df=+0.224 | g r=0.101 f=0.126 p=0.769(0.003) max=3.008 | Ld=-0.0379 base=-0.0539 r1=0.0139 path=0.000707 cap=0.00142 | Lg=+1.1443 | 29s | curv=-0.26 wide=-0.0684 gfmed=0.097
 2750 post m=8 hq=0.961 PASS | Dr=+0.374/+2.827 |Dr|max=2.827 Df=+0.424 | g r=0.070 f=0.091 p=0.765(0.002) max=3.187 | Ld=-0.0592 base=-0.0651 r1=0.00422 path=0.00158 cap=0.00017 | Lg=+1.1629 | 29s | curv=-0.0206 wide=+0.11 gfmed=0.067
 2760 post m=8 hq=0.965 PASS | Dr=+0.283/+2.044 |Dr|max=2.448 Df=+0.280 | g r=0.082 f=0.091 p=0.737(0.002) max=2.950 | Ld=+0.0165 base=0.00142 r1=0.0122 path=0.00285 | Lg=+1.0388 | 29s | curv=+0.161 wide=+0.258 gfmed=0.074
 2770 post m=8 hq=0.968 PASS | Dr=+0.263/+2.478 |Dr|max=2.478 Df=+0.235 | g r=0.074 f=0.079 p=0.673(0.001) max=3.497 | Ld=+0.0028 base=-0.00659 r1=0.00466 path=0.00471 | Lg=+1.0183 | 29s | curv=+0.0331 wide=+0.167 gfmed=0.073
 2780 post m=8 hq=0.973 PASS | Dr=+0.640/+1.997 |Dr|max=1.997 Df=+0.671 | g r=0.035 f=0.051 p=0.604(0.001) max=2.579 | Ld=-0.0136 base=-0.0167 r1=0.00245 path=0.000675 | Lg=+0.9094 | 29s | curv=-0.0188 wide=+0.0946 gfmed=0.030
 2790 post m=8 hq=0.977 PASS | Dr=+0.682/+1.971 |Dr|max=1.971 Df=+0.701 | g r=0.061 f=0.067 p=0.551(0.002) max=2.891 | Ld=+0.0085 base=0.00153 r1=0.00545 path=0.00152 | Lg=+0.8394 | 30s | curv=-0.0382 wide=+0.0815 gfmed=0.049
 2800 post m=8 hq=0.974 PASS | Dr=+0.254/+1.862 |Dr|max=1.862 Df=+0.202 | g r=0.044 f=0.053 p=0.571(0.000) max=3.227 | Ld=-0.0224 base=-0.0256 r1=0.00229 path=0.00091 | Lg=+0.9816 | 30s | curv=+0.127 wide=+0.207 gfmed=0.044
 2810 post m=8 hq=0.978 PASS | Dr=+0.685/+2.702 |Dr|max=2.702 Df=+0.704 | g r=0.058 f=0.063 p=0.583(0.001) max=2.925 | Ld=-0.0194 base=-0.0236 r1=0.00259 path=0.0016 | Lg=+0.9262 | 30s | curv=+0.191 wide=+0.313 gfmed=0.054
 2820 post m=8 hq=0.979 PASS | Dr=+0.444/+1.793 |Dr|max=1.793 Df=+0.464 | g r=0.034 f=0.039 p=0.493(0.000) max=2.226 | Ld=+0.0006 base=-0.00351 r1=0.00254 path=0.00154 | Lg=+0.8392 | 30s | curv=+0.0848 wide=+0.177 gfmed=0.029
 2830 post m=8 hq=0.979 PASS | Dr=+0.460/+2.212 |Dr|max=2.212 Df=+0.479 | g r=0.041 f=0.045 p=0.526(0.001) max=2.545 | Ld=-0.0127 base=-0.0218 r1=0.00768 path=0.00143 | Lg=+0.8941 | 30s | curv=-0.0799 wide=+0.0577 gfmed=0.034
 2840 post m=8 hq=0.965 PASS | Dr=+0.350/+2.906 |Dr|max=2.906 Df=+0.384 | g r=0.077 f=0.090 p=0.738(0.002) max=3.365 | Ld=-0.0636 base=-0.0708 r1=0.00597 path=0.00123 | Lg=+1.1210 | 30s | curv=+0.0299 wide=+0.113 gfmed=0.070
 2850 post m=8 hq=0.979 PASS | Dr=+0.569/+2.817 |Dr|max=2.817 Df=+0.615 | g r=0.053 f=0.057 p=0.596(0.002) max=2.797 | Ld=-0.0321 base=-0.0377 r1=0.00318 path=0.00235 | Lg=+1.0971 | 30s | curv=+0.197 wide=+0.281 gfmed=0.048
 2860 post m=8 hq=0.977 PASS | Dr=+0.563/+2.730 |Dr|max=2.730 Df=+0.601 | g r=0.053 f=0.054 p=0.540(0.002) max=2.536 | Ld=-0.0175 base=-0.0227 r1=0.0045 path=0.00075 | Lg=+1.0077 | 30s | curv=+0.0085 wide=+0.117 gfmed=0.049
 2870 post m=8 hq=0.977 PASS | Dr=+0.474/+2.360 |Dr|max=2.360 Df=+0.489 | g r=0.047 f=0.049 p=0.489(0.000) max=2.778 | Ld=-0.0101 base=-0.015 r1=0.00403 path=0.000855 | Lg=+0.8994 | 30s | curv=-0.0709 wide=+0.0269 gfmed=0.027
 2880 post m=8 hq=0.978 PASS | Dr=+0.598/+2.809 |Dr|max=2.809 Df=+0.641 | g r=0.075 f=0.074 p=0.635(0.003) max=2.813 | Ld=-0.0022 base=-0.0182 r1=0.00524 path=0.00811 cap=0.00259 | Lg=+1.0655 | 31s | curv=-0.0452 wide=+0.046 gfmed=0.060
 2890 post m=8 hq=0.971 PASS | Dr=+0.545/+2.300 |Dr|max=2.300 Df=+0.571 | g r=0.075 f=0.081 p=0.520(0.001) max=2.723 | Ld=+0.0240 base=0.0139 r1=0.00831 path=0.00178 | Lg=+0.8871 | 31s | curv=+0.0982 wide=+0.142 gfmed=0.046
 2900 post m=8 hq=0.977 PASS | Dr=+0.465/+2.929 |Dr|max=2.929 Df=+0.502 | g r=0.052 f=0.057 p=0.614(0.002) max=3.119 | Ld=-0.0559 base=-0.0616 r1=0.00388 path=0.00183 | Lg=+1.0977 | 31s | curv=+0.186 wide=+0.242 gfmed=0.049
 2910 post m=8 hq=0.974 PASS | Dr=+0.292/+3.034 |Dr|max=3.034 Df=+0.291 | g r=0.054 f=0.058 p=0.684(0.001) max=3.821 | Ld=-0.0720 base=-0.0774 r1=0.00257 path=0.00275 cap=2.02e-06 | Lg=+1.1744 | 31s | curv=+0.162 wide=+0.22 gfmed=0.040
 2920 post m=8 hq=0.971 PASS | Dr=+0.209/+2.760 |Dr|max=2.760 Df=+0.244 | g r=0.050 f=0.054 p=0.665(0.003) max=2.839 | Ld=-0.0504 base=-0.0542 r1=0.00293 path=0.000864 | Lg=+1.2279 | 31s | curv=+0.135 wide=+0.218 gfmed=0.042
 2930 post m=8 hq=0.975 PASS | Dr=+0.074/+2.206 |Dr|max=2.206 Df=+0.061 | g r=0.050 f=0.056 p=0.514(0.002) max=2.707 | Ld=-0.0107 base=-0.0144 r1=0.00228 path=0.00133 | Lg=+0.9764 | 31s | curv=+0.0939 wide=+0.182 gfmed=0.047
 2940 post m=8 hq=0.977 PASS | Dr=-0.139/+1.855 |Dr|max=1.855 Df=-0.120 | g r=0.041 f=0.045 p=0.515(0.002) max=2.261 | Ld=+0.0440 base=0.0356 r1=0.0057 path=0.00267 | Lg=+1.0067 | 31s | curv=-0.0352 wide=+0.0573 gfmed=0.033
 2950 post m=8 hq=0.967 PASS | Dr=-0.123/+3.313 |Dr|max=3.313 Df=-0.097 | g r=0.052 f=0.058 p=0.785(0.001) max=3.745 | Ld=-0.0787 base=-0.0831 r1=0.00324 path=0.000975 cap=0.000202 | Lg=+1.4484 | 31s | curv=+0.198 wide=+0.281 gfmed=0.047
 2960 post m=8 hq=0.972 PASS | Dr=-0.104/+2.657 |Dr|max=2.657 Df=-0.119 | g r=0.094 f=0.102 p=0.734(0.005) max=3.147 | Ld=-0.0303 base=-0.044 r1=0.0074 path=0.00582 cap=0.000484 | Lg=+1.2892 | 31s | curv=+0.203 wide=+0.31 gfmed=0.088
 2970 post m=8 hq=0.976 PASS | Dr=+0.127/+1.544 |Dr|max=1.544 Df=+0.122 | g r=0.044 f=0.048 p=0.395(0.001) max=1.991 | Ld=+0.0612 base=0.0441 r1=0.00439 path=0.0127 | Lg=+0.8436 | 31s | curv=+0.034 wide=+0.165 gfmed=0.039
 2980 post m=8 hq=0.973 PASS | Dr=-0.257/+1.769 |Dr|max=2.127 Df=-0.275 | g r=0.043 f=0.047 p=0.552(0.001) max=2.265 | Ld=-0.0206 base=-0.0309 r1=0.00481 path=0.00548 | Lg=+1.0277 | 32s | curv=+0.109 wide=+0.218 gfmed=0.033
 2990 post m=8 hq=0.966 PASS | Dr=-0.124/+1.728 |Dr|max=1.851 Df=-0.148 | g r=0.063 f=0.067 p=0.530(0.001) max=2.766 | Ld=+0.0414 base=0.0268 r1=0.00541 path=0.00926 | Lg=+0.9743 | 32s | curv=+0.0196 wide=+0.145 gfmed=0.058
 3000 post m=8 hq=0.975 PASS | Dr=+0.025/+1.571 |Dr|max=1.571 Df=+0.008 | g r=0.039 f=0.042 p=0.433(0.001) max=2.252 | Ld=-0.0058 base=-0.0104 r1=0.00296 path=0.00162 | Lg=+0.8712 | 32s | curv=+0.135 wide=+0.25 gfmed=0.036
 3010 post m=8 hq=0.980 PASS | Dr=+0.243/+2.053 |Dr|max=2.053 Df=+0.245 | g r=0.069 f=0.075 p=0.519(0.001) max=2.582 | Ld=-0.0116 base=-0.0177 r1=0.00341 path=0.00265 | Lg=+0.9601 | 32s | curv=+0.109 wide=+0.236 gfmed=0.053
 3020 post m=8 hq=0.974 PASS | Dr=-0.378/+2.232 |Dr|max=2.970 Df=-0.406 | g r=0.107 f=0.107 p=0.746(0.003) max=4.090 | Ld=-0.0268 base=-0.0431 r1=0.013 path=0.00324 cap=1.75e-05 | Lg=+1.2015 | 32s | curv=+0.399 wide=+0.492 gfmed=0.087
 3030 post m=8 hq=0.975 PASS | Dr=+0.232/+2.394 |Dr|max=2.394 Df=+0.225 | g r=0.053 f=0.057 p=0.605(0.003) max=2.697 | Ld=-0.0575 base=-0.0646 r1=0.00387 path=0.00322 | Lg=+1.0699 | 32s | curv=+0.227 wide=+0.308 gfmed=0.040
 3040 post m=8 hq=0.977 PASS | Dr=-0.063/+0.940 |Dr|max=1.193 Df=-0.079 | g r=0.031 f=0.033 p=0.418(0.002) max=2.199 | Ld=+0.0000 base=-0.00587 r1=0.00263 path=0.00325 | Lg=+0.8217 | 32s | curv=+0.115 wide=+0.221 gfmed=0.023
 3050 post m=8 hq=0.973 PASS | Dr=-0.079/+1.735 |Dr|max=2.024 Df=-0.102 | g r=0.070 f=0.075 p=0.570(0.001) max=2.794 | Ld=+0.0070 base=-0.00207 r1=0.00549 path=0.00351 cap=8.95e-05 | Lg=+0.9929 | 32s | curv=+0.0646 wide=+0.172 gfmed=0.069
 3060 post m=8 hq=0.977 PASS | Dr=+0.048/+1.854 |Dr|max=1.854 Df=+0.031 | g r=0.090 f=0.090 p=0.500(0.001) max=2.729 | Ld=+0.0210 base=0.0126 r1=0.00619 path=0.00215 cap=8.67e-05 | Lg=+0.9177 | 32s | curv=+0.266 wide=+0.329 gfmed=0.066
 3070 post m=8 hq=0.980 PASS | Dr=+0.371/+2.410 |Dr|max=2.410 Df=+0.372 | g r=0.056 f=0.064 p=0.509(0.001) max=2.704 | Ld=-0.0246 base=-0.0356 r1=0.00913 path=0.00193 | Lg=+0.9703 | 32s | curv=+0.0171 wide=+0.136 gfmed=0.042
 3080 post m=8 hq=0.978 PASS | Dr=+0.468/+3.331 |Dr|max=3.331 Df=+0.488 | g r=0.077 f=0.082 p=0.713(0.004) max=3.135 | Ld=-0.0178 base=-0.0339 r1=0.0111 path=0.00488 cap=0.000103 | Lg=+1.2186 | 33s | curv=-0.0948 wide=+0.054 gfmed=0.064
 3090 post m=8 hq=0.979 PASS | Dr=+0.138/+2.272 |Dr|max=2.272 Df=+0.140 | g r=0.046 f=0.049 p=0.550(0.000) max=2.634 | Ld=+0.0673 base=0.0597 r1=0.00322 path=0.00445 | Lg=+0.9481 | 33s | curv=+0.0821 wide=+0.176 gfmed=0.035
 3100 post m=8 hq=0.978 PASS | Dr=+0.065/+2.168 |Dr|max=2.168 Df=+0.071 | g r=0.077 f=0.082 p=0.637(0.005) max=2.859 | Ld=+0.0244 base=0.0189 r1=0.00417 path=0.00132 | Lg=+1.0459 | 33s | curv=-0.00773 wide=+0.117 gfmed=0.070
 3110 post m=8 hq=0.979 PASS | Dr=+0.113/+1.537 |Dr|max=1.537 Df=+0.111 | g r=0.067 f=0.067 p=0.502(0.002) max=2.238 | Ld=+0.0358 base=0.026 r1=0.00572 path=0.00407 | Lg=+0.8723 | 33s | curv=+0.00634 wide=+0.117 gfmed=0.051
 3120 post m=8 hq=0.955 PASS | Dr=-0.443/+0.800 |Dr|max=2.286 Df=-0.498 | g r=0.097 f=0.104 p=0.563(0.002) max=2.893 | Ld=-0.0399 base=-0.0492 r1=0.00609 path=0.00324 | Lg=+1.0117 | 33s | curv=-0.0345 wide=+0.0991 gfmed=0.086
 3130 post m=8 hq=0.971 PASS | Dr=-0.342/+1.316 |Dr|max=2.455 Df=-0.393 | g r=0.078 f=0.079 p=0.641(0.007) max=3.084 | Ld=-0.0075 base=-0.0246 r1=0.00889 path=0.00756 cap=0.000639 | Lg=+1.0846 | 33s | curv=+0.17 wide=+0.29 gfmed=0.064
 3140 post m=8 hq=0.979 PASS | Dr=-0.106/+1.189 |Dr|max=1.842 Df=-0.152 | g r=0.041 f=0.041 p=0.518(0.001) max=2.456 | Ld=+0.0001 base=-0.00355 r1=0.0028 path=0.000812 | Lg=+0.9508 | 33s | curv=+0.0625 wide=+0.217 gfmed=0.030
 3150 post m=8 hq=0.982 PASS | Dr=+0.099/+1.666 |Dr|max=1.666 Df=+0.081 | g r=0.057 f=0.058 p=0.506(0.002) max=2.276 | Ld=+0.0029 base=-0.00101 r1=0.00263 path=0.00126 | Lg=+0.9385 | 33s | curv=+0.0385 wide=+0.132 gfmed=0.053
 3160 post m=8 hq=0.984 PASS | Dr=+0.136/+0.954 |Dr|max=0.954 Df=+0.130 | g r=0.024 f=0.025 p=0.374(0.001) max=1.583 | Ld=+0.0545 base=0.0526 r1=0.0014 path=0.000493 | Lg=+0.7501 | 33s | curv=+0.0506 wide=+0.15 gfmed=0.019
 3170 post m=8 hq=0.982 PASS | Dr=+0.212/+0.860 |Dr|max=0.860 Df=+0.203 | g r=0.047 f=0.048 p=0.373(0.001) max=1.595 | Ld=+0.0186 base=0.0129 r1=0.00316 path=0.00255 | Lg=+0.7215 | 33s | curv=+0.106 wide=+0.174 gfmed=0.036
 3180 post m=8 hq=0.984 PASS | Dr=+0.485/+1.486 |Dr|max=1.486 Df=+0.507 | g r=0.098 f=0.101 p=0.442(0.001) max=2.338 | Ld=+0.0350 base=0.023 r1=0.00699 path=0.00498 | Lg=+0.7870 | 34s | curv=+0.0664 wide=+0.0897 gfmed=0.090
 3190 post m=8 hq=0.985 PASS | Dr=+0.101/+1.275 |Dr|max=1.275 Df=+0.076 | g r=0.023 f=0.025 p=0.395(0.000) max=2.036 | Ld=+0.0012 base=-0.00365 r1=0.00425 path=0.000567 | Lg=+0.8242 | 34s | curv=+0.0551 wide=+0.146 gfmed=0.018
 3200 post m=8 hq=0.983 PASS | Dr=+0.274/+1.211 |Dr|max=1.211 Df=+0.238 | g r=0.035 f=0.037 p=0.435(0.000) max=2.181 | Ld=-0.0054 base=-0.0103 r1=0.0024 path=0.00247 | Lg=+0.8698 | 34s | curv=+0.0916 wide=+0.182 gfmed=0.031
 3210 post m=8 hq=0.970 PASS | Dr=+0.118/+2.315 |Dr|max=2.315 Df=+0.089 | g r=0.095 f=0.094 p=0.692(0.003) max=3.265 | Ld=-0.0223 base=-0.0387 r1=0.0137 path=0.00268 | Lg=+1.1402 | 34s | curv=+0.241 wide=+0.341 gfmed=0.077
 3220 post m=8 hq=0.986 PASS | Dr=+0.360/+1.580 |Dr|max=1.580 Df=+0.364 | g r=0.038 f=0.041 p=0.443(0.001) max=1.863 | Ld=-0.0117 base=-0.0143 r1=0.00167 path=0.000983 | Lg=+0.8276 | 34s | curv=+0.165 wide=+0.241 gfmed=0.032
 3230 post m=8 hq=0.968 PASS | Dr=+0.751/+2.570 |Dr|max=2.570 Df=+0.802 | g r=0.177 f=0.173 p=0.652(0.004) max=2.698 | Ld=+0.0297 base=0.0134 r1=0.0109 path=0.00503 cap=0.000385 | Lg=+1.0744 | 34s | curv=+0.117 wide=+0.185 gfmed=0.164
 3240 post m=8 hq=0.931 PASS | Dr=+0.482/+2.284 |Dr|max=2.284 Df=+0.504 | g r=0.080 f=0.093 p=0.490(0.003) max=2.305 | Ld=+0.0842 base=0.0251 r1=0.0113 path=0.0479 | Lg=+0.8983 | 34s | curv=+0.317 wide=+0.383 gfmed=0.068
 3250 post m=8 hq=0.978 PASS | Dr=+0.228/+1.842 |Dr|max=1.842 Df=+0.237 | g r=0.045 f=0.051 p=0.510(0.002) max=2.583 | Ld=+0.0227 base=0.014 r1=0.00613 path=0.00259 | Lg=+0.8923 | 34s | curv=+0.0475 wide=+0.144 gfmed=0.038
 3260 post m=8 hq=0.966 PASS | Dr=+0.072/+1.475 |Dr|max=1.475 Df=+0.094 | g r=0.071 f=0.084 p=0.510(0.003) max=2.306 | Ld=+0.0616 base=0.0437 r1=0.0169 path=0.00101 | Lg=+0.8704 | 34s | curv=+0.00321 wide=+0.0874 gfmed=0.047
 3270 post m=8 hq=0.969 PASS | Dr=-0.355/+2.692 |Dr|max=3.066 Df=-0.357 | g r=0.065 f=0.071 p=0.759(0.001) max=3.295 | Ld=-0.1088 base=-0.116 r1=0.00313 path=0.00397 | Lg=+1.2795 | 34s | curv=+0.168 wide=+0.257 gfmed=0.053
 3280 post m=8 hq=0.976 PASS | Dr=-0.112/+1.458 |Dr|max=1.458 Df=-0.115 | g r=0.063 f=0.064 p=0.468(0.000) max=2.650 | Ld=+0.0288 base=0.016 r1=0.0108 path=0.00193 | Lg=+0.8466 | 35s | curv=+0.143 wide=+0.221 gfmed=0.039
 3290 post m=8 hq=0.972 PASS | Dr=-0.063/+2.031 |Dr|max=2.031 Df=-0.100 | g r=0.076 f=0.090 p=0.600(0.001) max=3.700 | Ld=+0.0009 base=-0.0057 r1=0.00407 path=0.00258 | Lg=+0.9733 | 35s | curv=+0.0553 wide=+0.177 gfmed=0.069
 3300 post m=8 hq=0.980 PASS | Dr=-0.088/+2.317 |Dr|max=2.317 Df=-0.105 | g r=0.048 f=0.050 p=0.555(0.001) max=2.829 | Ld=-0.0168 base=-0.031 r1=0.0122 path=0.00206 | Lg=+0.9694 | 35s | curv=+0.115 wide=+0.234 gfmed=0.036
 3310 post m=8 hq=0.974 PASS | Dr=-0.066/+1.497 |Dr|max=1.497 Df=-0.051 | g r=0.057 f=0.062 p=0.456(0.003) max=2.341 | Ld=+0.0045 base=-0.00477 r1=0.00763 path=0.00166 | Lg=+0.8568 | 35s | curv=+0.0274 wide=+0.112 gfmed=0.047
 3320 post m=8 hq=0.971 PASS | Dr=-0.042/+1.978 |Dr|max=1.978 Df=-0.033 | g r=0.049 f=0.060 p=0.506(0.000) max=2.931 | Ld=+0.0286 base=0.0209 r1=0.00607 path=0.00168 | Lg=+0.9537 | 35s | curv=-0.00467 wide=+0.112 gfmed=0.039
 3330 post m=8 hq=0.970 PASS | Dr=-0.242/+2.338 |Dr|max=2.577 Df=-0.238 | g r=0.077 f=0.082 p=0.714(0.002) max=3.605 | Ld=-0.0561 base=-0.0606 r1=0.0032 path=0.00124 cap=4e-05 | Lg=+1.2179 | 35s | curv=+0.274 wide=+0.363 gfmed=0.066
 3340 post m=8 hq=0.959 PASS | Dr=-0.091/+2.744 |Dr|max=2.744 Df=-0.110 | g r=0.079 f=0.087 p=0.786(0.001) max=3.446 | Ld=-0.0404 base=-0.0589 r1=0.00788 path=0.0106 | Lg=+1.3044 | 35s | curv=+0.244 wide=+0.438 gfmed=0.064
 3350 post m=8 hq=0.976 PASS | Dr=+0.075/+2.590 |Dr|max=2.590 Df=+0.091 | g r=0.064 f=0.078 p=0.643(0.001) max=2.779 | Ld=+0.0070 base=-0.0172 r1=0.0136 path=0.0106 | Lg=+1.1007 | 35s | curv=+0.126 wide=+0.301 gfmed=0.052
 3360 post m=8 hq=0.977 PASS | Dr=+0.116/+2.419 |Dr|max=2.419 Df=+0.129 | g r=0.074 f=0.079 p=0.613(0.002) max=2.734 | Ld=+0.1225 base=0.103 r1=0.0152 path=0.00282 cap=0.00143 | Lg=+1.0381 | 35s | curv=+0.303 wide=+0.4 gfmed=0.066
 3370 post m=8 hq=0.983 PASS | Dr=+0.063/+2.416 |Dr|max=2.416 Df=+0.078 | g r=0.054 f=0.059 p=0.599(0.002) max=2.612 | Ld=+0.0122 base=-0.00568 r1=0.0162 path=0.00168 | Lg=+1.0530 | 35s | curv=+0.0758 wide=+0.219 gfmed=0.045
 3380 post m=8 hq=0.981 PASS | Dr=-0.069/+2.485 |Dr|max=2.485 Df=-0.034 | g r=0.063 f=0.066 p=0.606(0.001) max=2.797 | Ld=+0.0327 base=0.0211 r1=0.00991 path=0.0017 cap=9.72e-07 | Lg=+1.0862 | 36s | curv=+0.178 wide=+0.286 gfmed=0.057
 3390 post m=8 hq=0.983 PASS | Dr=+0.068/+2.467 |Dr|max=2.467 Df=+0.072 | g r=0.066 f=0.070 p=0.616(0.003) max=2.775 | Ld=+0.0476 base=0.0324 r1=0.0108 path=0.00435 | Lg=+1.0779 | 36s | curv=+0.22 wide=+0.318 gfmed=0.061
 3400 post m=8 hq=0.985 PASS | Dr=-0.042/+2.307 |Dr|max=2.307 Df=-0.042 | g r=0.044 f=0.045 p=0.584(0.001) max=2.785 | Ld=+0.0135 base=0.0073 r1=0.00216 path=0.00408 | Lg=+1.0477 | 36s | curv=+0.0148 wide=+0.141 gfmed=0.031
 3410 post m=8 hq=0.982 PASS | Dr=+0.149/+1.679 |Dr|max=1.679 Df=+0.158 | g r=0.055 f=0.060 p=0.502(0.002) max=2.269 | Ld=+0.0612 base=0.0557 r1=0.00503 path=0.000533 | Lg=+0.8558 | 36s | curv=+0.0814 wide=+0.169 gfmed=0.052
 3420 post m=8 hq=0.989 PASS | Dr=+0.415/+2.643 |Dr|max=2.643 Df=+0.447 | g r=0.049 f=0.053 p=0.602(0.001) max=2.793 | Ld=-0.0102 base=-0.0154 r1=0.00257 path=0.00263 | Lg=+1.0400 | 36s | curv=+0.0923 wide=+0.198 gfmed=0.041
 3430 post m=8 hq=0.988 PASS | Dr=-0.023/+2.000 |Dr|max=2.000 Df=-0.002 | g r=0.027 f=0.029 p=0.498(0.000) max=2.361 | Ld=-0.0186 base=-0.0214 r1=0.00174 path=0.00108 | Lg=+0.9972 | 36s | curv=+0.0638 wide=+0.144 gfmed=0.022
 3440 post m=8 hq=0.987 PASS | Dr=+0.030/+2.208 |Dr|max=2.208 Df=+0.029 | g r=0.047 f=0.048 p=0.502(0.002) max=2.598 | Ld=-0.0094 base=-0.0134 r1=0.00257 path=0.00144 | Lg=+0.9749 | 36s | curv=+0.0994 wide=+0.162 gfmed=0.038
 3450 post m=8 hq=0.988 PASS | Dr=-0.232/+2.227 |Dr|max=2.230 Df=-0.242 | g r=0.065 f=0.073 p=0.660(0.002) max=3.051 | Ld=-0.0528 base=-0.0608 r1=0.00679 path=0.00118 | Lg=+1.1288 | 36s | curv=+0.0533 wide=+0.147 gfmed=0.063
 3460 post m=8 hq=0.972 PASS | Dr=-0.256/+1.956 |Dr|max=2.200 Df=-0.272 | g r=0.049 f=0.051 p=0.584(0.001) max=2.451 | Ld=+0.0097 base=-0.000751 r1=0.00645 path=0.00402 | Lg=+1.0788 | 36s | curv=+0.117 wide=+0.194 gfmed=0.039
 3470 post m=8 hq=0.989 PASS | Dr=-0.026/+2.688 |Dr|max=2.688 Df=-0.032 | g r=0.050 f=0.050 p=0.615(0.001) max=3.161 | Ld=-0.0007 base=-0.00698 r1=0.00493 path=0.00132 cap=1.27e-05 | Lg=+1.0764 | 37s | curv=+0.0534 wide=+0.145 gfmed=0.036
 3480 post m=8 hq=0.986 PASS | Dr=-0.164/+1.083 |Dr|max=1.355 Df=-0.186 | g r=0.033 f=0.034 p=0.411(0.001) max=2.293 | Ld=+0.0443 base=0.0368 r1=0.00197 path=0.00552 | Lg=+0.8059 | 37s | curv=+0.0843 wide=+0.168 gfmed=0.028
 3490 post m=8 hq=0.983 PASS | Dr=-0.030/+1.040 |Dr|max=1.435 Df=-0.060 | g r=0.061 f=0.063 p=0.427(0.003) max=2.187 | Ld=+0.0519 base=0.0422 r1=0.00576 path=0.0039 | Lg=+0.8106 | 37s | curv=+0.294 wide=+0.317 gfmed=0.047
 3500 post m=8 hq=0.990 PASS | Dr=+0.459/+2.286 |Dr|max=2.286 Df=+0.468 | g r=0.081 f=0.081 p=0.476(0.000) max=2.535 | Ld=+0.0176 base=0.00587 r1=0.0103 path=0.00142 | Lg=+0.9214 | 37s | curv=+0.308 wide=+0.37 gfmed=0.040
 3510 post m=8 hq=0.989 PASS | Dr=+0.509/+1.551 |Dr|max=1.551 Df=+0.537 | g r=0.050 f=0.052 p=0.349(0.002) max=2.019 | Ld=+0.0278 base=0.022 r1=0.00514 path=0.000695 | Lg=+0.8215 | 37s | curv=-0.0174 wide=+0.0607 gfmed=0.040
 3520 post m=8 hq=0.986 PASS | Dr=+0.490/+1.289 |Dr|max=1.289 Df=+0.517 | g r=0.023 f=0.025 p=0.341(0.001) max=1.840 | Ld=+0.0146 base=0.0131 r1=0.000722 path=0.000805 | Lg=+0.7789 | 37s | curv=+0.00673 wide=+0.058 gfmed=0.020
 3530 post m=8 hq=0.984 PASS | Dr=+0.154/+1.038 |Dr|max=1.038 Df=+0.158 | g r=0.021 f=0.022 p=0.305(0.000) max=1.412 | Ld=-0.0116 base=-0.0131 r1=0.00077 path=0.000796 | Lg=+0.7403 | 37s | curv=+0.0611 wide=+0.134 gfmed=0.016
 3540 post m=8 hq=0.991 PASS | Dr=+0.214/+2.296 |Dr|max=2.296 Df=+0.221 | g r=0.032 f=0.032 p=0.432(0.000) max=2.658 | Ld=-0.0319 base=-0.0354 r1=0.00285 path=0.00063 | Lg=+0.8998 | 37s | curv=-0.038 wide=+0.0264 gfmed=0.022
 3550 post m=8 hq=0.990 PASS | Dr=+0.130/+0.881 |Dr|max=0.881 Df=+0.135 | g r=0.026 f=0.027 p=0.302(0.001) max=1.671 | Ld=+0.0254 base=0.0204 r1=0.00067 path=0.00434 | Lg=+0.7276 | 37s | curv=+0.056 wide=+0.0935 gfmed=0.017
 3560 post m=8 hq=0.987 PASS | Dr=+0.257/+0.833 |Dr|max=0.833 Df=+0.272 | g r=0.035 f=0.038 p=0.323(0.000) max=1.497 | Ld=+0.0412 base=0.0353 r1=0.00331 path=0.0026 | Lg=+0.7254 | 37s | curv=+0.192 wide=+0.218 gfmed=0.028
 3570 post m=8 hq=0.989 PASS | Dr=+0.187/+1.489 |Dr|max=1.489 Df=+0.185 | g r=0.018 f=0.017 p=0.312(0.000) max=2.289 | Ld=+0.0068 base=0.00452 r1=0.00125 path=0.00108 | Lg=+0.7660 | 38s | curv=+0.0378 wide=+0.0897 gfmed=0.012
 3580 post m=8 hq=0.964 PASS | Dr=-0.563/+0.503 |Dr|max=2.664 Df=-0.615 | g r=0.062 f=0.062 p=0.478(0.001) max=2.852 | Ld=-0.0546 base=-0.0581 r1=0.00182 path=0.00166 | Lg=+0.9676 | 38s | curv=+0.154 wide=+0.206 gfmed=0.054
 3590 post m=8 hq=0.987 PASS | Dr=+0.167/+1.480 |Dr|max=1.480 Df=+0.151 | g r=0.025 f=0.021 p=0.333(0.000) max=2.199 | Ld=-0.0146 base=-0.0167 r1=0.000929 path=0.00116 | Lg=+0.8048 | 38s | curv=+0.0963 wide=+0.14 gfmed=0.013
 3600 post m=8 hq=0.979 PASS | Dr=-0.278/+1.839 |Dr|max=1.998 Df=-0.307 | g r=0.132 f=0.142 p=0.560(0.002) max=3.028 | Ld=-0.0031 base=-0.0153 r1=0.0108 path=0.00136 cap=5.85e-05 | Lg=+0.9779 | 38s | curv=-0.429 wide=-0.298 gfmed=0.140
 3610 post m=8 hq=0.987 PASS | Dr=-0.030/+2.035 |Dr|max=2.035 Df=-0.065 | g r=0.060 f=0.058 p=0.566(0.001) max=2.737 | Ld=+0.0222 base=0.0106 r1=0.00638 path=0.00432 cap=0.000882 | Lg=+1.0329 | 38s | curv=+0.0641 wide=+0.112 gfmed=0.044
 3620 post m=8 hq=0.985 PASS | Dr=+0.252/+2.482 |Dr|max=2.482 Df=+0.237 | g r=0.093 f=0.092 p=0.614(0.003) max=3.247 | Ld=-0.0072 base=-0.0156 r1=0.0069 path=0.00149 | Lg=+1.1058 | 38s | curv=+0.188 wide=+0.219 gfmed=0.066
 3630 post m=8 hq=0.980 PASS | Dr=-0.252/+1.165 |Dr|max=2.098 Df=-0.296 | g r=0.031 f=0.032 p=0.532(0.001) max=2.986 | Ld=-0.0070 base=-0.0113 r1=0.00236 path=0.00193 | Lg=+1.0007 | 38s | curv=+0.00277 wide=+0.0841 gfmed=0.027
 3640 post m=8 hq=0.963 PASS | Dr=+0.012/+1.486 |Dr|max=1.593 Df=-0.004 | g r=0.053 f=0.057 p=0.499(0.001) max=2.123 | Ld=+0.0704 base=0.0531 r1=0.00827 path=0.00906 | Lg=+0.9193 | 38s | curv=+0.159 wide=+0.233 gfmed=0.049
 3650 post m=8 hq=0.936 PASS | Dr=+0.494/+2.759 |Dr|max=2.759 Df=+0.512 | g r=0.050 f=0.059 p=0.613(0.000) max=2.619 | Ld=+0.0087 base=-0.00534 r1=0.011 path=0.00306 | Lg=+1.0765 | 38s | curv=+0.154 wide=+0.224 gfmed=0.041
 3660 post m=8 hq=0.977 PASS | Dr=-0.092/+1.981 |Dr|max=1.981 Df=-0.095 | g r=0.030 f=0.032 p=0.521(0.001) max=2.465 | Ld=+0.0270 base=0.0208 r1=0.00281 path=0.00336 | Lg=+0.9461 | 38s | curv=+0.143 wide=+0.277 gfmed=0.022
 3670 post m=8 hq=0.983 PASS | Dr=-0.169/+1.551 |Dr|max=1.787 Df=-0.202 | g r=0.043 f=0.044 p=0.536(0.001) max=2.771 | Ld=-0.0061 base=-0.0177 r1=0.0025 path=0.0091 | Lg=+0.9504 | 39s | curv=+0.101 wide=+0.213 gfmed=0.034
 3680 post m=8 hq=0.979 PASS | Dr=-0.202/+2.754 |Dr|max=2.754 Df=-0.220 | g r=0.064 f=0.070 p=0.757(0.001) max=3.369 | Ld=-0.0462 base=-0.053 r1=0.00268 path=0.00413 | Lg=+1.2425 | 39s | curv=+0.164 wide=+0.307 gfmed=0.057
 3690 post m=8 hq=0.985 PASS | Dr=-0.231/+2.195 |Dr|max=2.244 Df=-0.264 | g r=0.039 f=0.040 p=0.624(0.000) max=3.030 | Ld=-0.0181 base=-0.0253 r1=0.00418 path=0.00306 | Lg=+1.1102 | 39s | curv=+0.228 wide=+0.328 gfmed=0.032
 3700 post m=8 hq=0.982 PASS | Dr=-0.389/+1.249 |Dr|max=2.442 Df=-0.441 | g r=0.054 f=0.056 p=0.617(0.002) max=3.040 | Ld=-0.0433 base=-0.0462 r1=0.00214 path=0.000758 | Lg=+1.0689 | 39s | curv=+0.0422 wide=+0.129 gfmed=0.033
 3710 post m=8 hq=0.972 PASS | Dr=-0.178/+1.256 |Dr|max=2.168 Df=-0.229 | g r=0.041 f=0.043 p=0.608(0.001) max=2.904 | Ld=+0.0021 base=-0.00614 r1=0.00336 path=0.00483 | Lg=+1.0272 | 39s | curv=+0.0987 wide=+0.21 gfmed=0.031
 3720 post m=8 hq=0.986 PASS | Dr=+0.171/+1.663 |Dr|max=1.663 Df=+0.156 | g r=0.032 f=0.033 p=0.483(0.000) max=2.386 | Ld=+0.0099 base=0.00668 r1=0.00207 path=0.00116 | Lg=+0.8541 | 39s | curv=+0.0907 wide=+0.192 gfmed=0.024
 3730 post m=8 hq=0.980 PASS | Dr=+0.061/+2.879 |Dr|max=2.879 Df=+0.078 | g r=0.107 f=0.106 p=0.723(0.002) max=3.513 | Ld=-0.0653 base=-0.086 r1=0.0163 path=0.00436 cap=1.46e-05 | Lg=+1.1587 | 39s | curv=+0.42 wide=+0.496 gfmed=0.080
 3740 post m=8 hq=0.981 PASS | Dr=+0.302/+1.647 |Dr|max=1.647 Df=+0.329 | g r=0.038 f=0.048 p=0.461(0.001) max=2.707 | Ld=+0.0127 base=0.00731 r1=0.00456 path=0.000865 | Lg=+0.8456 | 39s | curv=-0.00472 wide=+0.0843 gfmed=0.033
 3750 post m=8 hq=0.982 PASS | Dr=-0.175/+0.497 |Dr|max=1.135 Df=-0.198 | g r=0.040 f=0.042 p=0.402(0.000) max=2.481 | Ld=-0.0040 base=-0.0083 r1=0.003 path=0.00132 | Lg=+0.7693 | 39s | curv=+0.147 wide=+0.214 gfmed=0.032
 3760 post m=8 hq=0.971 PASS | Dr=+0.044/+1.230 |Dr|max=1.292 Df=+0.056 | g r=0.035 f=0.041 p=0.478(0.001) max=2.050 | Ld=-0.0124 base=-0.0145 r1=0.00167 path=0.00046 | Lg=+0.8544 | 39s | curv=+0.0577 wide=+0.155 gfmed=0.026
 3770 post m=8 hq=0.986 PASS | Dr=-0.018/+1.006 |Dr|max=1.006 Df=-0.018 | g r=0.026 f=0.028 p=0.351(0.001) max=2.171 | Ld=+0.0391 base=0.0362 r1=0.00233 path=0.000535 | Lg=+0.7603 | 40s | curv=+0.0716 wide=+0.125 gfmed=0.020
 3780 post m=8 hq=0.986 PASS | Dr=-0.136/+1.016 |Dr|max=1.301 Df=-0.156 | g r=0.036 f=0.039 p=0.408(0.001) max=2.782 | Ld=-0.0229 base=-0.0252 r1=0.00165 path=0.000652 | Lg=+0.8756 | 40s | curv=+0.0904 wide=+0.145 gfmed=0.026
 3790 post m=8 hq=0.991 PASS | Dr=+0.068/+0.613 |Dr|max=0.708 Df=+0.055 | g r=0.021 f=0.018 p=0.332(0.000) max=2.133 | Ld=-0.0041 base=-0.00622 r1=0.00128 path=0.000857 | Lg=+0.7518 | 40s | curv=+0.0125 wide=+0.0728 gfmed=0.013
 3800 post m=8 hq=0.960 PASS | Dr=+0.169/+0.904 |Dr|max=0.904 Df=+0.170 | g r=0.031 f=0.038 p=0.390(0.001) max=1.850 | Ld=-0.0075 base=-0.00938 r1=0.00134 path=0.000499 | Lg=+0.7476 | 40s | curv=+0.061 wide=+0.1 gfmed=0.026
 3810 post m=8 hq=0.974 PASS | Dr=+0.404/+1.333 |Dr|max=1.333 Df=+0.416 | g r=0.055 f=0.061 p=0.463(0.001) max=2.209 | Ld=+0.0101 base=-0.00145 r1=0.00351 path=0.00807 | Lg=+0.7376 | 40s | curv=+0.159 wide=+0.241 gfmed=0.050
 3820 post m=8 hq=0.963 PASS | Dr=+0.520/+1.409 |Dr|max=1.409 Df=+0.547 | g r=0.065 f=0.079 p=0.558(0.001) max=2.732 | Ld=+0.0027 base=-0.0059 r1=0.00406 path=0.00456 | Lg=+0.7927 | 40s | curv=+0.0554 wide=+0.181 gfmed=0.052
 3830 post m=8 hq=0.929 PASS | Dr=+0.161/+2.075 |Dr|max=2.075 Df=+0.189 | g r=0.071 f=0.086 p=0.670(0.002) max=3.020 | Ld=-0.0129 base=-0.0415 r1=0.0167 path=0.0119 | Lg=+1.0282 | 40s | curv=+0.256 wide=+0.359 gfmed=0.057
 3840 post m=8 hq=0.971 PASS | Dr=+0.239/+2.161 |Dr|max=2.161 Df=+0.245 | g r=0.039 f=0.043 p=0.624(0.001) max=3.411 | Ld=-0.0255 base=-0.0293 r1=0.00249 path=0.00124 cap=1.49e-06 | Lg=+0.9014 | 40s | curv=+0.102 wide=+0.247 gfmed=0.029
 3850 post m=8 hq=0.971 PASS | Dr=+0.384/+1.583 |Dr|max=1.583 Df=+0.410 | g r=0.074 f=0.078 p=0.615(0.001) max=2.900 | Ld=+0.0050 base=-0.005 r1=0.00678 path=0.0029 cap=0.000274 | Lg=+0.8334 | 40s | curv=+0.235 wide=+0.342 gfmed=0.053
 3860 post m=8 hq=0.975 PASS | Dr=+0.384/+2.217 |Dr|max=2.217 Df=+0.432 | g r=0.065 f=0.072 p=0.729(0.001) max=3.061 | Ld=-0.0330 base=-0.0389 r1=0.0047 path=0.00126 | Lg=+0.9982 | 41s | curv=+0.0522 wide=+0.212 gfmed=0.058
 3870 post m=8 hq=0.976 PASS | Dr=+0.340/+1.730 |Dr|max=1.730 Df=+0.346 | g r=0.065 f=0.071 p=0.519(0.002) max=2.734 | Ld=+0.0256 base=0.013 r1=0.00957 path=0.00297 cap=0.00012 | Lg=+0.7960 | 41s | curv=+0.266 wide=+0.377 gfmed=0.048
 3880 post m=8 hq=0.976 PASS | Dr=+0.317/+1.296 |Dr|max=1.296 Df=+0.295 | g r=0.054 f=0.052 p=0.502(0.001) max=3.002 | Ld=+0.0041 base=-0.000347 r1=0.0038 path=0.000675 | Lg=+0.8346 | 41s | curv=+0.0806 wide=+0.177 gfmed=0.043
 3890 post m=8 hq=0.977 PASS | Dr=+0.143/+1.260 |Dr|max=1.338 Df=+0.134 | g r=0.054 f=0.072 p=0.565(0.003) max=2.346 | Ld=+0.0054 base=-0.0116 r1=0.005 path=0.012 | Lg=+0.8437 | 41s | curv=+0.122 wide=+0.269 gfmed=0.044
 3900 post m=8 hq=0.986 PASS | Dr=+0.341/+1.239 |Dr|max=1.239 Df=+0.350 | g r=0.035 f=0.043 p=0.460(0.001) max=2.081 | Ld=-0.0067 base=-0.0118 r1=0.00469 path=0.00038 | Lg=+0.7693 | 41s | curv=+0.0782 wide=+0.212 gfmed=0.030
 3910 post m=8 hq=0.977 PASS | Dr=+0.454/+1.548 |Dr|max=1.548 Df=+0.473 | g r=0.056 f=0.070 p=0.518(0.004) max=2.689 | Ld=+0.0204 base=0.0133 r1=0.00421 path=0.00294 cap=8.17e-07 | Lg=+0.7530 | 41s | curv=+0.0616 wide=+0.182 gfmed=0.047
 3920 post m=8 hq=0.985 PASS | Dr=+0.080/+2.193 |Dr|max=2.193 Df=+0.087 | g r=0.042 f=0.051 p=0.566(0.001) max=2.568 | Ld=+0.0065 base=-0.00403 r1=0.00983 path=0.000742 | Lg=+0.9413 | 41s | curv=+0.114 wide=+0.247 gfmed=0.032
 3930 post m=8 hq=0.785 fail | Dr=+0.264/+0.778 |Dr|max=0.778 Df=+0.267 | g r=0.120 f=0.151 p=0.501(0.001) max=2.481 | Ld=+0.0387 base=0.0146 r1=0.0175 path=0.00657 cap=3.03e-05 | Lg=+0.7187 | 41s | curv=+0.104 wide=+0.183 gfmed=0.095
 3940 post m=8 hq=0.972 PASS | Dr=-0.101/+1.350 |Dr|max=1.402 Df=-0.118 | g r=0.045 f=0.058 p=0.569(0.001) max=2.661 | Ld=+0.0260 base=0.0212 r1=0.00267 path=0.00212 | Lg=+0.8610 | 41s | curv=+0.107 wide=+0.254 gfmed=0.037
 3950 post m=8 hq=0.960 PASS | Dr=+0.215/+0.893 |Dr|max=0.893 Df=+0.197 | g r=0.047 f=0.062 p=0.496(0.000) max=3.192 | Ld=+0.0102 base=0.00692 r1=0.00252 path=0.000719 | Lg=+0.7308 | 41s | curv=+0.0311 wide=+0.147 gfmed=0.033
 3960 post m=8 hq=0.986 PASS | Dr=+0.159/+1.344 |Dr|max=1.344 Df=+0.145 | g r=0.032 f=0.034 p=0.442(0.000) max=3.050 | Ld=-0.0011 base=-0.00566 r1=0.00221 path=0.00236 cap=8.73e-06 | Lg=+0.7684 | 42s | curv=+0.0833 wide=+0.182 gfmed=0.026
 3970 post m=8 hq=0.989 PASS | Dr=+0.191/+1.902 |Dr|max=1.902 Df=+0.203 | g r=0.032 f=0.034 p=0.555(0.000) max=2.544 | Ld=+0.0307 base=0.0268 r1=0.00333 path=0.000565 | Lg=+0.8612 | 42s | curv=+0.032 wide=+0.117 gfmed=0.025
 3980 post m=8 hq=0.981 PASS | Dr=+0.243/+1.956 |Dr|max=1.956 Df=+0.232 | g r=0.057 f=0.058 p=0.450(0.001) max=2.698 | Ld=+0.0421 base=0.0344 r1=0.00558 path=0.000883 cap=0.00122 | Lg=+0.8726 | 42s | curv=+0.0281 wide=+0.113 gfmed=0.031
 3990 post m=8 hq=0.958 PASS | Dr=+0.110/+1.379 |Dr|max=1.379 Df=+0.101 | g r=0.036 f=0.051 p=0.440(0.002) max=2.601 | Ld=+0.0265 base=0.0144 r1=0.00417 path=0.00793 | Lg=+0.8348 | 42s | curv=+0.196 wide=+0.313 gfmed=0.027
 4000 post m=8 hq=0.967 PASS | Dr=+0.052/+1.376 |Dr|max=1.376 Df=+0.028 | g r=0.039 f=0.051 p=0.503(0.001) max=2.679 | Ld=+0.0439 base=0.0324 r1=0.00478 path=0.00673 | Lg=+0.8572 | 42s | curv=+0.0376 wide=+0.194 gfmed=0.033
 4010 post m=8 hq=0.940 PASS | Dr=+0.378/+2.420 |Dr|max=2.420 Df=+0.346 | g r=0.069 f=0.118 p=0.590(0.002) max=3.454 | Ld=-0.0520 base=-0.0568 r1=0.00371 path=0.00104 cap=7.06e-05 | Lg=+0.9762 | 42s | curv=+0.235 wide=+0.354 gfmed=0.069
 4020 post m=8 hq=0.969 PASS | Dr=+0.367/+1.167 |Dr|max=1.167 Df=+0.341 | g r=0.078 f=0.083 p=0.495(0.002) max=2.837 | Ld=+0.0485 base=0.039 r1=0.00697 path=0.00252 | Lg=+0.7755 | 42s | curv=+0.0363 wide=+0.128 gfmed=0.051
 4030 post m=8 hq=0.970 PASS | Dr=+0.383/+1.107 |Dr|max=1.107 Df=+0.359 | g r=0.053 f=0.070 p=0.488(0.000) max=2.684 | Ld=-0.0122 base=-0.0233 r1=0.00274 path=0.00835 | Lg=+0.7855 | 42s | curv=+0.109 wide=+0.189 gfmed=0.049
 4040 post m=8 hq=0.980 PASS | Dr=+0.381/+1.175 |Dr|max=1.175 Df=+0.369 | g r=0.040 f=0.051 p=0.434(0.002) max=2.168 | Ld=-0.0072 base=-0.0105 r1=0.00263 path=0.000634 | Lg=+0.7572 | 42s | curv=+0.102 wide=+0.176 gfmed=0.033
 4050 post m=8 hq=0.972 PASS | Dr=+0.283/+0.997 |Dr|max=0.997 Df=+0.248 | g r=0.040 f=0.050 p=0.453(0.001) max=2.352 | Ld=+0.0009 base=-0.00373 r1=0.00228 path=0.00231 | Lg=+0.7602 | 42s | curv=+0.166 wide=+0.276 gfmed=0.029
 4060 post m=8 hq=0.980 PASS | Dr=+0.213/+1.276 |Dr|max=1.276 Df=+0.161 | g r=0.062 f=0.070 p=0.511(0.001) max=2.788 | Ld=-0.0364 base=-0.0415 r1=0.00437 path=0.000736 | Lg=+0.8784 | 43s | curv=-0.0657 wide=+0.0575 gfmed=0.048
 4070 post m=8 hq=0.972 PASS | Dr=+0.261/+1.337 |Dr|max=1.337 Df=+0.232 | g r=0.053 f=0.065 p=0.488(0.000) max=2.840 | Ld=-0.0129 base=-0.0197 r1=0.00458 path=0.00221 | Lg=+0.7674 | 43s | curv=+0.268 wide=+0.356 gfmed=0.046
 4080 post m=8 hq=0.987 PASS | Dr=+0.255/+2.146 |Dr|max=2.146 Df=+0.229 | g r=0.039 f=0.041 p=0.497(0.000) max=2.954 | Ld=-0.0239 base=-0.0289 r1=0.00298 path=0.00199 | Lg=+0.9058 | 43s | curv=-0.0132 wide=+0.0941 gfmed=0.029
 4090 post m=8 hq=0.983 PASS | Dr=+0.293/+2.376 |Dr|max=2.376 Df=+0.279 | g r=0.032 f=0.036 p=0.553(0.001) max=2.977 | Ld=+0.0150 base=0.0107 r1=0.00227 path=0.0013 cap=0.000658 | Lg=+0.9533 | 43s | curv=+0.115 wide=+0.207 gfmed=0.024
 4100 post m=8 hq=0.984 PASS | Dr=+0.413/+1.977 |Dr|max=1.977 Df=+0.414 | g r=0.033 f=0.039 p=0.416(0.002) max=2.557 | Ld=+0.0042 base=0.000912 r1=0.00217 path=0.00112 | Lg=+0.8457 | 43s | curv=+0.112 wide=+0.216 gfmed=0.027
 4110 post m=8 hq=0.981 PASS | Dr=+0.474/+1.556 |Dr|max=1.556 Df=+0.478 | g r=0.046 f=0.054 p=0.420(0.000) max=2.727 | Ld=-0.0175 base=-0.0197 r1=0.00167 path=0.000556 | Lg=+0.7685 | 43s | curv=+0.0538 wide=+0.109 gfmed=0.045
 4120 post m=8 hq=0.990 PASS | Dr=+0.557/+1.839 |Dr|max=1.839 Df=+0.562 | g r=0.033 f=0.038 p=0.412(0.001) max=2.689 | Ld=+0.0291 base=0.0263 r1=0.00149 path=0.0014 | Lg=+0.7842 | 43s | curv=+0.032 wide=+0.122 gfmed=0.029
 4130 post m=8 hq=0.985 PASS | Dr=+0.361/+0.742 |Dr|max=0.742 Df=+0.358 | g r=0.032 f=0.036 p=0.341(0.000) max=2.279 | Ld=+0.0226 base=0.0201 r1=0.000837 path=0.00166 | Lg=+0.7142 | 43s | curv=+0.0945 wide=+0.138 gfmed=0.025
 4140 post m=8 hq=0.990 PASS | Dr=+0.574/+1.134 |Dr|max=1.134 Df=+0.582 | g r=0.020 f=0.023 p=0.326(0.000) max=1.777 | Ld=-0.0039 base=-0.00535 r1=0.000843 path=0.000627 | Lg=+0.7318 | 43s | curv=+0.00807 wide=+0.0791 gfmed=0.016
 4150 post m=8 hq=0.986 PASS | Dr=+0.323/+0.568 |Dr|max=0.568 Df=+0.314 | g r=0.024 f=0.029 p=0.263(0.000) max=1.199 | Ld=+0.0090 base=0.00564 r1=0.00169 path=0.00167 | Lg=+0.7038 | 43s | curv=+0.0921 wide=+0.154 gfmed=0.019
 4160 post m=8 hq=0.995 PASS | Dr=+0.281/+0.675 |Dr|max=0.675 Df=+0.262 | g r=0.020 f=0.020 p=0.304(0.001) max=1.431 | Ld=-0.0019 base=-0.00324 r1=0.000899 path=0.00047 | Lg=+0.7274 | 43s | curv=-0.0203 wide=+0.0533 gfmed=0.016
 4170 post m=8 hq=0.993 PASS | Dr=+0.080/+1.536 |Dr|max=1.536 Df=+0.070 | g r=0.062 f=0.062 p=0.432(0.002) max=2.538 | Ld=+0.0287 base=0.0116 r1=0.0137 path=0.00335 cap=1.81e-05 | Lg=+0.8371 | 43s | curv=+0.264 wide=+0.307 gfmed=0.040
 4180 post m=8 hq=0.994 PASS | Dr=+0.313/+1.974 |Dr|max=1.974 Df=+0.334 | g r=0.027 f=0.028 p=0.413(0.001) max=2.583 | Ld=-0.0165 base=-0.0204 r1=0.00242 path=0.00146 | Lg=+0.8634 | 44s | curv=+0.0413 wide=+0.0931 gfmed=0.020
 4190 post m=8 hq=0.986 PASS | Dr=+0.296/+0.856 |Dr|max=0.856 Df=+0.301 | g r=0.036 f=0.037 p=0.280(0.001) max=1.656 | Ld=+0.0182 base=0.00976 r1=0.00629 path=0.00215 | Lg=+0.7185 | 44s | curv=+0.0356 wide=+0.071 gfmed=0.028
 4200 post m=8 hq=0.989 PASS | Dr=+0.150/+0.419 |Dr|max=0.419 Df=+0.141 | g r=0.024 f=0.023 p=0.229(0.001) max=1.472 | Ld=+0.0110 base=0.0088 r1=0.00146 path=0.000724 | Lg=+0.7081 | 44s | curv=+0.0275 wide=+0.0556 gfmed=0.018
 4210 post m=8 hq=0.993 PASS | Dr=+0.168/+0.545 |Dr|max=0.545 Df=+0.151 | g r=0.018 f=0.018 p=0.254(0.000) max=1.438 | Ld=-0.0067 base=-0.00774 r1=0.000413 path=0.000669 | Lg=+0.7200 | 44s | curv=+0.00697 wide=+0.0437 gfmed=0.014
 4220 post m=8 hq=0.990 PASS | Dr=+0.230/+0.643 |Dr|max=0.643 Df=+0.228 | g r=0.029 f=0.029 p=0.252(0.001) max=1.618 | Ld=-0.0057 base=-0.00755 r1=0.000572 path=0.00127 | Lg=+0.7226 | 44s | curv=+0.0572 wide=+0.0726 gfmed=0.019
 4230 post m=8 hq=0.986 PASS | Dr=+0.121/+0.653 |Dr|max=0.653 Df=+0.109 | g r=0.022 f=0.023 p=0.297(0.001) max=1.817 | Ld=-0.0027 base=-0.00402 r1=0.000696 path=0.00065 | Lg=+0.7459 | 44s | curv=-0.0185 wide=+0.0306 gfmed=0.015
 4240 post m=8 hq=0.986 PASS | Dr=+0.121/+0.778 |Dr|max=0.778 Df=+0.104 | g r=0.022 f=0.023 p=0.278(0.001) max=1.811 | Ld=+0.0168 base=0.015 r1=0.000849 path=0.000915 | Lg=+0.7280 | 44s | curv=+0.0428 wide=+0.0711 gfmed=0.017
 4250 post m=8 hq=0.991 PASS | Dr=+0.126/+0.333 |Dr|max=0.353 Df=+0.120 | g r=0.018 f=0.019 p=0.233(0.001) max=1.715 | Ld=+0.0008 base=-0.00157 r1=0.00117 path=0.00125 | Lg=+0.7017 | 44s | curv=+0.0481 wide=+0.0664 gfmed=0.014
 4260 post m=8 hq=0.989 PASS | Dr=+0.127/+0.464 |Dr|max=0.464 Df=+0.115 | g r=0.026 f=0.026 p=0.236(0.001) max=1.843 | Ld=+0.0164 base=0.0146 r1=0.00116 path=0.00061 | Lg=+0.7048 | 44s | curv=+0.0196 wide=+0.0406 gfmed=0.018
 4270 post m=8 hq=0.994 PASS | Dr=+0.266/+0.879 |Dr|max=0.879 Df=+0.250 | g r=0.028 f=0.027 p=0.273(0.001) max=1.953 | Ld=+0.0129 base=0.0115 r1=0.000674 path=0.000681 | Lg=+0.7349 | 44s | curv=+0.0772 wide=+0.107 gfmed=0.023
 4280 post m=8 hq=0.994 PASS | Dr=+0.137/+0.784 |Dr|max=0.784 Df=+0.124 | g r=0.024 f=0.025 p=0.263(0.000) max=1.883 | Ld=-0.0030 base=-0.00493 r1=0.000664 path=0.0013 | Lg=+0.7232 | 44s | curv=+0.0231 wide=+0.047 gfmed=0.019
 4290 post m=8 hq=0.993 PASS | Dr=+0.117/+1.360 |Dr|max=1.360 Df=+0.117 | g r=0.024 f=0.026 p=0.284(0.001) max=2.165 | Ld=-0.0217 base=-0.023 r1=0.000869 path=0.000458 | Lg=+0.7763 | 44s | curv=+0.0265 wide=+0.0407 gfmed=0.023
 4300 post m=8 hq=0.993 PASS | Dr=+0.093/+1.236 |Dr|max=1.236 Df=+0.104 | g r=0.017 f=0.017 p=0.272(0.000) max=1.895 | Ld=-0.0141 base=-0.015 r1=0.000448 path=0.000439 | Lg=+0.7617 | 45s | curv=+0.0227 wide=+0.0379 gfmed=0.013
 4310 post m=8 hq=0.993 PASS | Dr=+0.172/+1.167 |Dr|max=1.167 Df=+0.190 | g r=0.023 f=0.023 p=0.270(0.001) max=1.941 | Ld=+0.0484 base=0.0453 r1=0.00225 path=0.00089 | Lg=+0.7517 | 45s | curv=+0.0464 wide=+0.0727 gfmed=0.017
 4320 post m=8 hq=0.994 PASS | Dr=+0.156/+1.463 |Dr|max=1.463 Df=+0.174 | g r=0.018 f=0.018 p=0.291(0.001) max=1.948 | Ld=-0.0055 base=-0.00647 r1=0.000441 path=0.000521 | Lg=+0.8139 | 45s | curv=+0.032 wide=+0.045 gfmed=0.014
 4330 post m=8 hq=0.986 PASS | Dr=+0.010/+2.156 |Dr|max=2.156 Df=+0.038 | g r=0.049 f=0.045 p=0.458(0.002) max=2.977 | Ld=-0.0314 base=-0.035 r1=0.00307 path=0.000465 | Lg=+0.9831 | 45s | curv=+0.108 wide=+0.118 gfmed=0.041
 4340 post m=8 hq=0.994 PASS | Dr=-0.064/+1.649 |Dr|max=1.649 Df=-0.058 | g r=0.035 f=0.035 p=0.349(0.001) max=2.338 | Ld=+0.0399 base=0.0322 r1=0.00625 path=0.00152 | Lg=+0.8434 | 45s | curv=-0.0459 wide=+0.00556 gfmed=0.033
 4350 post m=8 hq=0.991 PASS | Dr=-0.061/+2.414 |Dr|max=2.414 Df=-0.024 | g r=0.041 f=0.042 p=0.529(0.002) max=3.238 | Ld=-0.0093 base=-0.0129 r1=0.00301 path=0.000558 cap=2.09e-05 | Lg=+1.0542 | 45s | curv=-0.019 wide=+0.0316 gfmed=0.038
 4360 post m=8 hq=0.987 PASS | Dr=+0.044/+1.984 |Dr|max=1.984 Df=+0.054 | g r=0.028 f=0.029 p=0.405(0.001) max=2.532 | Ld=-0.0332 base=-0.0353 r1=0.00124 path=0.000901 | Lg=+0.9591 | 45s | curv=-0.00366 wide=+0.0468 gfmed=0.023
 4370 post m=8 hq=0.973 PASS | Dr=+0.127/+1.932 |Dr|max=1.932 Df=+0.135 | g r=0.063 f=0.070 p=0.410(0.001) max=2.553 | Ld=+0.0042 base=-0.00521 r1=0.00303 path=0.00635 | Lg=+0.9216 | 45s | curv=+0.0293 wide=+0.0607 gfmed=0.036
 4380 post m=8 hq=0.991 PASS | Dr=-0.152/+1.692 |Dr|max=1.692 Df=-0.120 | g r=0.042 f=0.042 p=0.452(0.001) max=3.214 | Ld=-0.0338 base=-0.0368 r1=0.00204 path=0.00093 | Lg=+0.9594 | 45s | curv=+0.227 wide=+0.262 gfmed=0.033
 4390 post m=8 hq=0.990 PASS | Dr=-0.033/+1.883 |Dr|max=1.883 Df=-0.029 | g r=0.036 f=0.036 p=0.413(0.000) max=2.539 | Ld=+0.0220 base=0.0186 r1=0.00289 path=0.000549 | Lg=+0.9373 | 45s | curv=+0.0768 wide=+0.118 gfmed=0.029
 4400 post m=8 hq=0.969 PASS | Dr=-0.052/+0.955 |Dr|max=0.955 Df=-0.064 | g r=0.068 f=0.071 p=0.357(0.001) max=2.094 | Ld=+0.0108 base=-0.00215 r1=0.00995 path=0.00297 | Lg=+0.7638 | 45s | curv=+0.0424 wide=+0.0985 gfmed=0.035
 4410 post m=8 hq=0.981 PASS | Dr=-0.068/+0.667 |Dr|max=0.688 Df=-0.080 | g r=0.045 f=0.045 p=0.265(0.001) max=1.560 | Ld=+0.0805 base=0.00669 r1=0.00219 path=0.0717 | Lg=+0.7468 | 45s | curv=+0.0646 wide=+0.113 gfmed=0.034
 4420 post m=8 hq=0.993 PASS | Dr=-0.201/+0.870 |Dr|max=1.087 Df=-0.175 | g r=0.025 f=0.024 p=0.298(0.001) max=1.963 | Ld=-0.0122 base=-0.0147 r1=0.00107 path=0.00145 | Lg=+0.8146 | 46s | curv=+0.00482 wide=+0.059 gfmed=0.020
 4430 post m=8 hq=0.975 PASS | Dr=+0.160/+1.465 |Dr|max=1.465 Df=+0.198 | g r=0.066 f=0.071 p=0.355(0.001) max=2.198 | Ld=+0.0492 base=0.0424 r1=0.00314 path=0.00368 | Lg=+0.8446 | 46s | curv=-0.102 wide=-0.0317 gfmed=0.057
 4440 post m=8 hq=0.989 PASS | Dr=+0.130/+0.956 |Dr|max=0.956 Df=+0.151 | g r=0.014 f=0.014 p=0.255(0.000) max=1.781 | Ld=-0.0047 base=-0.00605 r1=0.000659 path=0.000687 | Lg=+0.7749 | 46s | curv=+0.0227 wide=+0.0461 gfmed=0.012
 4450 post m=8 hq=0.991 PASS | Dr=+0.029/+0.291 |Dr|max=0.291 Df=+0.029 | g r=0.025 f=0.023 p=0.197(0.000) max=1.134 | Ld=-0.0034 base=-0.00498 r1=0.000972 path=0.000612 | Lg=+0.7079 | 46s | curv=+0.0449 wide=+0.0674 gfmed=0.019
 4460 post m=8 hq=0.992 PASS | Dr=+0.123/+0.556 |Dr|max=0.556 Df=+0.116 | g r=0.014 f=0.013 p=0.197(0.001) max=1.053 | Ld=-0.0006 base=-0.00254 r1=0.000466 path=0.00151 | Lg=+0.7106 | 46s | curv=+0.0214 wide=+0.0438 gfmed=0.011
 4470 post m=8 hq=0.993 PASS | Dr=+0.166/+1.024 |Dr|max=1.024 Df=+0.159 | g r=0.030 f=0.029 p=0.292(0.001) max=1.522 | Ld=+0.0010 base=-0.00137 r1=0.00162 path=0.000715 | Lg=+0.7678 | 46s | curv=+0.0671 wide=+0.0735 gfmed=0.029
 4480 post m=8 hq=0.987 PASS | Dr=+0.106/+1.822 |Dr|max=1.822 Df=+0.119 | g r=0.043 f=0.044 p=0.374(0.002) max=2.184 | Ld=-0.0386 base=-0.0415 r1=0.00105 path=0.00189 | Lg=+0.8676 | 46s | curv=-0.000433 wide=+0.018 gfmed=0.030
 4490 post m=8 hq=0.991 PASS | Dr=+0.187/+1.165 |Dr|max=1.165 Df=+0.194 | g r=0.020 f=0.019 p=0.283(0.001) max=1.574 | Ld=-0.0001 base=-0.00198 r1=0.000778 path=0.00111 | Lg=+0.7549 | 46s | curv=+0.0281 wide=+0.0596 gfmed=0.015
 4500 post m=8 hq=0.991 PASS | Dr=+0.460/+1.720 |Dr|max=1.720 Df=+0.494 | g r=0.030 f=0.030 p=0.324(0.001) max=1.711 | Ld=-0.0212 base=-0.0227 r1=0.000807 path=0.000717 | Lg=+0.8369 | 46s | curv=-0.016 wide=+0.00835 gfmed=0.028
 4510 post m=8 hq=0.994 PASS | Dr=+0.259/+1.565 |Dr|max=1.565 Df=+0.295 | g r=0.031 f=0.031 p=0.337(0.001) max=1.624 | Ld=+0.0456 base=0.0432 r1=0.00161 path=0.000836 | Lg=+0.8149 | 46s | curv=+0.00781 wide=+0.0474 gfmed=0.028
 4520 post m=8 hq=0.988 PASS | Dr=+0.105/+2.016 |Dr|max=2.016 Df=+0.139 | g r=0.029 f=0.030 p=0.452(0.002) max=2.295 | Ld=-0.0208 base=-0.0289 r1=0.00126 path=0.00688 | Lg=+0.9592 | 47s | curv=+0.0414 wide=+0.0955 gfmed=0.026
 4530 post m=8 hq=0.984 PASS | Dr=-0.068/+1.690 |Dr|max=1.690 Df=-0.047 | g r=0.055 f=0.051 p=0.439(0.001) max=2.369 | Ld=-0.0108 base=-0.0138 r1=0.00239 path=0.000597 | Lg=+0.9116 | 47s | curv=+0.039 wide=+0.0898 gfmed=0.042
 4540 post m=8 hq=0.981 PASS | Dr=-0.008/+1.832 |Dr|max=1.832 Df=-0.000 | g r=0.020 f=0.018 p=0.435(0.001) max=2.456 | Ld=-0.0342 base=-0.0367 r1=0.00104 path=0.00145 | Lg=+0.9413 | 47s | curv=+0.0872 wide=+0.143 gfmed=0.014
 4550 post m=8 hq=0.983 PASS | Dr=+0.122/+1.074 |Dr|max=1.074 Df=+0.128 | g r=0.042 f=0.042 p=0.261(0.002) max=1.352 | Ld=+0.0076 base=0.0003 r1=0.00412 path=0.00319 | Lg=+0.7566 | 47s | curv=+0.185 wide=+0.192 gfmed=0.040
 4560 post m=8 hq=0.980 PASS | Dr=+0.078/+1.684 |Dr|max=1.684 Df=+0.087 | g r=0.026 f=0.025 p=0.379(0.001) max=2.319 | Ld=+0.0120 base=0.00296 r1=0.00114 path=0.00789 | Lg=+0.8723 | 47s | curv=+0.0764 wide=+0.127 gfmed=0.022
 4570 post m=8 hq=0.991 PASS | Dr=+0.224/+1.811 |Dr|max=1.811 Df=+0.234 | g r=0.018 f=0.018 p=0.370(0.001) max=2.249 | Ld=-0.0006 base=-0.00238 r1=0.00093 path=0.000834 | Lg=+0.8421 | 47s | curv=+0.01 wide=+0.0637 gfmed=0.015
 4580 post m=8 hq=0.984 PASS | Dr=+0.145/+2.013 |Dr|max=2.013 Df=+0.156 | g r=0.039 f=0.041 p=0.422(0.001) max=2.515 | Ld=-0.0102 base=-0.0152 r1=0.00373 path=0.00125 | Lg=+0.8944 | 47s | curv=+0.135 wide=+0.183 gfmed=0.029
 4590 post m=8 hq=0.985 PASS | Dr=+0.335/+2.724 |Dr|max=2.724 Df=+0.369 | g r=0.057 f=0.060 p=0.542(0.001) max=2.840 | Ld=-0.0285 base=-0.0369 r1=0.00407 path=0.00434 | Lg=+1.0295 | 47s | curv=-0.107 wide=-0.00803 gfmed=0.042
 4600 post m=8 hq=0.995 PASS | Dr=+0.166/+1.707 |Dr|max=1.707 Df=+0.169 | g r=0.020 f=0.020 p=0.346(0.000) max=2.089 | Ld=-0.0023 base=-0.00463 r1=0.000884 path=0.00142 | Lg=+0.8224 | 47s | curv=-0.0142 wide=+0.0274 gfmed=0.016
# COMPLETE 4600 updates in 47s; prehold 80/120; arrival=250
