# arm=B_cap2 formulation=wgan + r1(1) + path-secant(10,t=0.5) + cap-all(10,c=2) [Dβ2=0.9, A2=0] {lr c×0.5 g×1} device=cuda:0 steps=4600
# step phase modes hq pass | Dr mean/max |Dr|max Df | grad-norm real fake path(min) max | loss_d terms | loss_g | sec
# init=batch_feature_zero hook=None differs_from_old=G,D,prior public_path_match=G,D,prior ema_D_equals_D=None sha G=615e9d129c1c D=e15f6122daf7 prior=2531df2c5ad8
   10 acq  m=0 hq=0.000 fail | Dr=+0.208/+0.919 |Dr|max=0.919 Df=+0.494 | g r=0.369 f=0.781 p=0.593(0.003) max=2.172 | Ld=+2.0185 base=0.187 r1=0.282 path=1.55 | Lg=+0.6133 | 1s | curv=+0.447 wide=+0.485 gfmed=0.771
   20 acq  m=1 hq=0.028 fail | Dr=+0.216/+1.016 |Dr|max=1.016 Df=+0.309 | g r=0.553 f=1.166 p=0.874(0.018) max=4.141 | Ld=+3.5637 base=-0.0344 r1=0.26 path=3.27 cap=0.0716 | Lg=+0.7586 | 1s | curv=+0.799 wide=+0.975 gfmed=0.924
   30 acq  m=1 hq=0.044 fail | Dr=+0.250/+0.757 |Dr|max=0.757 Df=+0.225 | g r=0.367 f=1.085 p=0.738(0.003) max=3.012 | Ld=+1.7221 base=0.0233 r1=0.132 path=1.53 cap=0.0335 | Lg=+0.7401 | 1s | curv=+1.1 wide=+1.2 gfmed=0.884
   40 acq  m=1 hq=0.080 fail | Dr=+0.322/+0.716 |Dr|max=0.716 Df=+0.135 | g r=0.383 f=1.110 p=0.710(0.005) max=2.853 | Ld=+0.6120 base=-0.221 r1=0.599 path=0.115 cap=0.118 | Lg=+0.8822 | 1s | curv=+2.2 wide=+2.1 gfmed=1.105
   50 acq  m=0 hq=0.000 fail | Dr=+0.927/+1.845 |Dr|max=1.845 Df=-0.007 | g r=0.700 f=0.778 p=0.959(0.009) max=3.738 | Ld=+0.1855 base=-0.923 r1=0.291 path=0.783 cap=0.0342 | Lg=+1.6446 | 1s | curv=+2.8 wide=+2.98 gfmed=0.649
   60 acq  m=2 hq=0.008 fail | Dr=+0.204/+0.629 |Dr|max=0.629 Df=+0.007 | g r=0.502 f=0.899 p=0.894(0.012) max=2.948 | Ld=+7.5001 base=-0.124 r1=0.319 path=7.28 cap=0.0254 | Lg=+0.8377 | 1s | curv=+2.58 wide=+2.75 gfmed=0.828
   70 acq  m=1 hq=0.008 fail | Dr=-0.005/+0.466 |Dr|max=0.670 Df=-0.422 | g r=0.517 f=1.161 p=0.968(0.014) max=3.009 | Ld=+0.6518 base=-0.246 r1=0.44 path=0.447 cap=0.0105 | Lg=+0.8813 | 1s | curv=+2.31 wide=+2.49 gfmed=1.198
   80 acq  m=3 hq=0.006 fail | Dr=-0.020/+0.463 |Dr|max=0.837 Df=-0.399 | g r=0.560 f=1.047 p=1.025(0.016) max=3.674 | Ld=+8.5086 base=-0.133 r1=0.371 path=8.19 cap=0.0802 | Lg=+0.9061 | 1s | curv=+2.51 wide=+2.91 gfmed=0.999
   90 acq  m=4 hq=0.030 fail | Dr=+0.344/+0.828 |Dr|max=0.828 Df=+0.004 | g r=0.419 f=1.097 p=1.018(0.002) max=3.574 | Ld=+1.3155 base=-0.357 r1=0.248 path=1.34 cap=0.0848 | Lg=+0.9251 | 1s | curv=+2.68 wide=+3.17 gfmed=1.008
  100 acq  m=5 hq=0.022 fail | Dr=+0.366/+0.758 |Dr|max=0.758 Df=-0.011 | g r=0.425 f=1.210 p=1.072(0.006) max=3.889 | Ld=+1.5277 base=-0.364 r1=0.37 path=1.48 cap=0.0449 | Lg=+0.9325 | 2s | curv=+2.28 wide=+2.79 gfmed=1.171
  110 acq  m=5 hq=0.037 fail | Dr=+0.298/+0.596 |Dr|max=0.596 Df=-0.112 | g r=0.413 f=1.077 p=0.984(0.020) max=3.221 | Ld=+0.9751 base=-0.394 r1=0.352 path=0.967 cap=0.05 | Lg=+0.9391 | 2s | curv=+1.36 wide=+2.12 gfmed=0.987
  120 acq  m=4 hq=0.054 fail | Dr=+0.371/+0.640 |Dr|max=0.640 Df=-0.180 | g r=0.511 f=1.019 p=0.979(0.010) max=3.461 | Ld=+0.2817 base=-0.572 r1=0.4 path=0.405 cap=0.049 | Lg=+1.0486 | 2s | curv=+0.905 wide=+1.84 gfmed=0.939
  130 acq  m=3 hq=0.048 fail | Dr=+0.278/+0.810 |Dr|max=0.810 Df=-0.506 | g r=0.469 f=1.116 p=1.090(0.013) max=3.324 | Ld=+0.2599 base=-0.689 r1=0.3 path=0.616 cap=0.0334 | Lg=+1.2128 | 2s | curv=+0.54 wide=+1.54 gfmed=1.006
  140 acq  m=4 hq=0.012 fail | Dr=+0.402/+1.495 |Dr|max=1.495 Df=-0.598 | g r=0.418 f=1.067 p=1.005(0.016) max=3.423 | Ld=-0.2282 base=-0.996 r1=0.43 path=0.274 cap=0.0637 | Lg=+1.3691 | 2s | curv=+0.632 wide=+1.63 gfmed=1.051
  150 acq  m=4 hq=0.020 fail | Dr=-0.137/+0.740 |Dr|max=1.023 Df=-0.711 | g r=0.479 f=0.972 p=1.039(0.013) max=3.398 | Ld=+1.1480 base=-0.676 r1=0.264 path=1.43 cap=0.132 | Lg=+1.3021 | 2s | curv=+1.7 wide=+2.74 gfmed=0.873
  160 acq  m=5 hq=0.026 fail | Dr=-0.040/+0.703 |Dr|max=0.906 Df=-0.773 | g r=0.448 f=1.027 p=1.043(0.014) max=3.484 | Ld=+0.2895 base=-0.745 r1=0.253 path=0.683 cap=0.0988 | Lg=+1.2846 | 2s | curv=+1.89 wide=+2.96 gfmed=0.944
  170 acq  m=7 hq=0.061 fail | Dr=+0.096/+0.727 |Dr|max=0.727 Df=-0.485 | g r=0.292 f=1.081 p=1.005(0.013) max=3.000 | Ld=-0.1734 base=-0.661 r1=0.16 path=0.289 cap=0.0386 | Lg=+1.1468 | 2s | curv=+1.73 wide=+2.72 gfmed=1.029
  180 acq  m=6 hq=0.033 fail | Dr=+0.080/+0.718 |Dr|max=0.718 Df=-0.717 | g r=0.283 f=1.009 p=0.973(0.008) max=3.220 | Ld=-0.5347 base=-0.756 r1=0.161 path=0.0397 cap=0.0201 | Lg=+1.1793 | 2s | curv=+2.25 wide=+3.16 gfmed=0.940
  190 acq  m=8 hq=0.068 fail | Dr=-0.050/+0.258 |Dr|max=0.516 Df=-0.682 | g r=0.288 f=1.062 p=0.967(0.001) max=2.918 | Ld=-0.3841 base=-0.634 r1=0.204 path=0.0376 cap=0.00826 | Lg=+1.0830 | 3s | curv=+1.79 wide=+2.68 gfmed=1.022
  200 acq  m=8 hq=0.071 fail | Dr=-0.083/+0.199 |Dr|max=0.539 Df=-0.695 | g r=0.638 f=1.154 p=1.074(0.024) max=3.142 | Ld=-0.1942 base=-0.62 r1=0.316 path=0.0367 cap=0.0729 | Lg=+1.0813 | 3s | curv=+2.53 wide=+3.2 gfmed=1.111
  210 acq  m=8 hq=0.064 fail | Dr=+0.038/+0.358 |Dr|max=0.440 Df=-0.627 | g r=0.295 f=1.099 p=0.980(0.011) max=2.883 | Ld=-0.3927 base=-0.646 r1=0.193 path=0.0468 cap=0.0139 | Lg=+1.1559 | 3s | curv=+2.11 wide=+2.94 gfmed=1.090
  220 acq  m=8 hq=0.059 fail | Dr=-0.194/+0.074 |Dr|max=0.807 Df=-0.862 | g r=0.420 f=1.130 p=1.035(0.025) max=3.464 | Ld=-0.3741 base=-0.644 r1=0.179 path=0.0213 cap=0.0693 | Lg=+1.1687 | 3s | curv=+2.48 wide=+3.12 gfmed=1.063
  230 acq  m=8 hq=0.051 fail | Dr=+0.036/+0.426 |Dr|max=0.481 Df=-0.637 | g r=0.304 f=1.121 p=1.000(0.011) max=3.249 | Ld=-0.5645 base=-0.684 r1=0.106 path=0.00512 cap=0.0082 | Lg=+1.2151 | 3s | curv=+2.69 wide=+3.34 gfmed=1.089
  240 acq  m=1 hq=0.001 fail | Dr=+0.211/+0.799 |Dr|max=0.799 Df=-0.660 | g r=0.268 f=1.127 p=0.988(0.009) max=2.905 | Ld=-0.5945 base=-0.74 r1=0.111 path=0.00255 cap=0.0321 | Lg=+1.2228 | 3s | curv=+2.14 wide=+2.93 gfmed=1.114
  250 acq  m=7 hq=0.059 fail | Dr=+0.320/+0.623 |Dr|max=0.623 Df=-0.374 | g r=0.280 f=1.236 p=1.015(0.015) max=2.941 | Ld=-0.5607 base=-0.729 r1=0.124 path=0.00983 cap=0.0341 | Lg=+1.2044 | 3s | curv=+1.69 wide=+2.52 gfmed=1.271
  260 acq  m=8 hq=0.032 fail | Dr=+0.357/+0.855 |Dr|max=0.855 Df=-0.367 | g r=0.300 f=1.134 p=1.036(0.010) max=2.789 | Ld=-0.5463 base=-0.667 r1=0.0975 path=0.00481 cap=0.0185 | Lg=+1.1288 | 3s | curv=+1.31 wide=+2.31 gfmed=1.142
  270 acq  m=5 hq=0.067 fail | Dr=+0.208/+0.623 |Dr|max=0.623 Df=-0.498 | g r=0.248 f=1.172 p=0.990(0.005) max=2.715 | Ld=-0.6889 base=-0.807 r1=0.103 path=0.00498 cap=0.0107 | Lg=+1.3113 | 3s | curv=+1.84 wide=+2.65 gfmed=1.177
  280 acq  m=3 hq=0.029 fail | Dr=+0.379/+1.130 |Dr|max=1.130 Df=-0.515 | g r=0.308 f=1.156 p=1.010(0.022) max=2.756 | Ld=-0.6533 base=-0.865 r1=0.108 path=0.0238 cap=0.0801 | Lg=+1.2682 | 4s | curv=+2.24 wide=+2.81 gfmed=1.144
  290 acq  m=8 hq=0.082 fail | Dr=+0.284/+0.745 |Dr|max=0.745 Df=-0.391 | g r=0.279 f=1.144 p=1.007(0.019) max=2.731 | Ld=-0.5477 base=-0.735 r1=0.124 path=0.0385 cap=0.025 | Lg=+1.2597 | 4s | curv=+2.29 wide=+2.88 gfmed=1.136
  300 acq  m=7 hq=0.033 fail | Dr=+0.318/+0.842 |Dr|max=0.842 Df=-0.382 | g r=0.282 f=1.146 p=0.987(0.016) max=2.599 | Ld=-0.4026 base=-0.523 r1=0.096 path=0.000866 cap=0.0234 | Lg=+1.0631 | 4s | curv=+2.64 wide=+3.24 gfmed=1.131
  310 acq  m=8 hq=0.172 fail | Dr=+0.336/+0.755 |Dr|max=0.755 Df=-0.154 | g r=0.456 f=1.134 p=1.001(0.015) max=2.940 | Ld=-0.3807 base=-0.718 r1=0.132 path=0.0616 cap=0.143 | Lg=+1.2391 | 4s | curv=+3.13 wide=+3.53 gfmed=1.075
  320 acq  m=5 hq=0.046 fail | Dr=+0.435/+0.976 |Dr|max=0.976 Df=-0.328 | g r=0.287 f=1.141 p=1.009(0.005) max=2.921 | Ld=-0.4249 base=-0.581 r1=0.115 path=0.0176 cap=0.023 | Lg=+1.1334 | 4s | curv=+2.54 wide=+3.11 gfmed=1.072
  330 acq  m=4 hq=0.071 fail | Dr=+0.470/+1.300 |Dr|max=1.300 Df=-0.098 | g r=0.236 f=1.007 p=0.930(0.008) max=2.995 | Ld=-0.3670 base=-0.523 r1=0.104 path=0.00189 cap=0.0505 | Lg=+1.0405 | 4s | curv=+1.73 wide=+2.2 gfmed=0.943
  340 acq  m=5 hq=0.094 fail | Dr=+0.168/+0.408 |Dr|max=0.408 Df=-0.324 | g r=0.246 f=1.115 p=0.972(0.007) max=2.874 | Ld=-0.3995 base=-0.676 r1=0.11 path=0.156 cap=0.0111 | Lg=+1.2602 | 4s | curv=+1.4 wide=+1.98 gfmed=1.155
  350 acq  m=5 hq=0.103 fail | Dr=+0.531/+1.416 |Dr|max=1.416 Df=-0.084 | g r=0.225 f=1.139 p=1.036(0.011) max=2.866 | Ld=-0.5724 base=-0.676 r1=0.0835 path=0.0043 cap=0.0156 | Lg=+1.2388 | 4s | curv=+1.73 wide=+2.46 gfmed=1.119
  360 acq  m=4 hq=0.034 fail | Dr=+0.539/+1.031 |Dr|max=1.031 Df=-0.035 | g r=0.353 f=1.321 p=1.006(0.010) max=2.720 | Ld=-0.2644 base=-0.394 r1=0.0989 path=0.00359 cap=0.0267 | Lg=+0.9780 | 4s | curv=+2.9 wide=+3.34 gfmed=1.466
  370 acq  m=6 hq=0.168 fail | Dr=+0.313/+0.963 |Dr|max=0.963 Df=-0.187 | g r=0.220 f=1.133 p=0.952(0.010) max=2.783 | Ld=-0.4180 base=-0.544 r1=0.0879 path=0.00918 cap=0.0292 | Lg=+1.0686 | 4s | curv=+1.99 wide=+2.58 gfmed=1.117
  380 acq  m=8 hq=0.166 fail | Dr=+0.620/+1.515 |Dr|max=1.515 Df=+0.236 | g r=0.256 f=1.081 p=0.973(0.003) max=2.750 | Ld=-0.3009 base=-0.46 r1=0.0769 path=0.00265 cap=0.0791 | Lg=+1.0199 | 5s | curv=+1.74 wide=+2.28 gfmed=1.015
  390 acq  m=6 hq=0.164 fail | Dr=+0.618/+1.767 |Dr|max=1.767 Df=+0.195 | g r=0.223 f=1.004 p=0.936(0.009) max=2.906 | Ld=-0.3365 base=-0.464 r1=0.0914 path=0.00083 cap=0.0358 | Lg=+1.0056 | 5s | curv=+0.831 wide=+1.37 gfmed=0.966
  400 acq  m=6 hq=0.223 fail | Dr=+0.668/+1.321 |Dr|max=1.321 Df=+0.345 | g r=0.204 f=0.943 p=0.871(0.014) max=2.632 | Ld=-0.1285 base=-0.285 r1=0.123 path=0.0173 cap=0.0167 | Lg=+0.9209 | 5s | curv=+1.75 wide=+2.25 gfmed=0.901
  410 acq  m=8 hq=0.257 fail | Dr=+0.510/+1.338 |Dr|max=1.338 Df=+0.098 | g r=0.247 f=1.024 p=0.941(0.010) max=2.836 | Ld=-0.2619 base=-0.434 r1=0.133 path=0.0103 cap=0.0292 | Lg=+0.9892 | 5s | curv=+1.33 wide=+2 gfmed=0.962
  420 acq  m=8 hq=0.216 fail | Dr=+0.576/+1.404 |Dr|max=1.404 Df=+0.144 | g r=0.232 f=1.129 p=1.020(0.015) max=2.786 | Ld=-0.3063 base=-0.432 r1=0.0881 path=0.0123 cap=0.0249 | Lg=+1.0118 | 5s | curv=+1.82 wide=+2.46 gfmed=1.118
  430 acq  m=7 hq=0.113 fail | Dr=+0.540/+1.643 |Dr|max=1.643 Df=-0.017 | g r=0.222 f=1.218 p=1.015(0.008) max=2.762 | Ld=-0.3253 base=-0.41 r1=0.0731 path=0.000978 cap=0.0104 | Lg=+1.0603 | 5s | curv=+1.55 wide=+2.24 gfmed=1.210
  440 acq  m=8 hq=0.384 fail | Dr=+0.570/+1.436 |Dr|max=1.436 Df=+0.266 | g r=0.201 f=0.936 p=0.973(0.012) max=2.848 | Ld=-0.3976 base=-0.491 r1=0.0748 path=0.00532 cap=0.0135 | Lg=+1.1242 | 5s | curv=+1.76 wide=+2.38 gfmed=0.835
  450 acq  m=6 hq=0.026 fail | Dr=+0.583/+1.888 |Dr|max=1.888 Df=+0.071 | g r=0.198 f=1.133 p=0.943(0.013) max=2.554 | Ld=-0.4894 base=-0.558 r1=0.0514 path=0.000971 cap=0.0164 | Lg=+1.2019 | 5s | curv=+1.83 wide=+2.41 gfmed=1.181
  460 acq  m=8 hq=0.562 fail | Dr=+0.627/+1.723 |Dr|max=1.723 Df=+0.380 | g r=0.257 f=0.723 p=0.889(0.016) max=2.506 | Ld=-0.1222 base=-0.294 r1=0.0993 path=0.00849 cap=0.0636 | Lg=+0.9404 | 5s | curv=+1.69 wide=+2.18 gfmed=0.447
  470 acq  m=8 hq=0.376 fail | Dr=+0.705/+2.159 |Dr|max=2.159 Df=+0.358 | g r=0.184 f=0.815 p=0.895(0.006) max=2.641 | Ld=-0.2788 base=-0.358 r1=0.0581 path=0.00581 cap=0.0151 | Lg=+1.0450 | 5s | curv=+1.59 wide=+2.1 gfmed=0.640
  480 acq  m=8 hq=0.483 fail | Dr=+0.606/+1.829 |Dr|max=1.829 Df=+0.361 | g r=0.168 f=0.607 p=0.839(0.004) max=2.753 | Ld=-0.1256 base=-0.27 r1=0.119 path=0.00318 cap=0.0221 | Lg=+0.9468 | 5s | curv=+1.15 wide=+1.62 gfmed=0.372
  490 acq  m=8 hq=0.562 fail | Dr=+0.564/+1.919 |Dr|max=1.919 Df=+0.365 | g r=0.229 f=0.577 p=0.762(0.002) max=2.468 | Ld=-0.0854 base=-0.205 r1=0.0784 path=0.0069 cap=0.0342 | Lg=+0.8885 | 5s | curv=+0.911 wide=+1.45 gfmed=0.388
  500 acq  m=8 hq=0.618 fail | Dr=+0.571/+2.296 |Dr|max=2.296 Df=+0.360 | g r=0.188 f=0.613 p=0.833(0.008) max=2.742 | Ld=-0.1470 base=-0.217 r1=0.0627 path=0.00438 cap=0.00269 | Lg=+0.9788 | 5s | curv=+1.2 wide=+1.72 gfmed=0.413
  510 acq  m=8 hq=0.763 fail | Dr=+0.536/+2.509 |Dr|max=2.509 Df=+0.342 | g r=0.159 f=0.366 p=0.804(0.005) max=2.892 | Ld=-0.1043 base=-0.166 r1=0.0402 path=0.0155 cap=0.0059 | Lg=+1.0143 | 6s | curv=+0.728 wide=+1.2 gfmed=0.163
  520 acq  m=8 hq=0.797 fail | Dr=+0.619/+2.373 |Dr|max=2.373 Df=+0.440 | g r=0.146 f=0.321 p=0.771(0.003) max=2.550 | Ld=-0.0690 base=-0.141 r1=0.0398 path=0.0223 cap=0.00949 | Lg=+0.9713 | 6s | curv=+0.923 wide=+1.36 gfmed=0.142
  530 acq  m=8 hq=0.799 fail | Dr=+0.631/+2.938 |Dr|max=2.938 Df=+0.446 | g r=0.164 f=0.321 p=0.794(0.005) max=2.442 | Ld=-0.1551 base=-0.204 r1=0.0392 path=0.00682 cap=0.00251 | Lg=+1.0945 | 6s | curv=+0.675 wide=+1.07 gfmed=0.161
  540 acq  m=8 hq=0.409 fail | Dr=+0.528/+2.683 |Dr|max=2.683 Df=+0.261 | g r=0.150 f=0.641 p=0.826(0.003) max=2.583 | Ld=-0.1842 base=-0.262 r1=0.0541 path=0.00422 cap=0.0195 | Lg=+1.1199 | 6s | curv=+0.868 wide=+1.3 gfmed=0.485
  550 acq  m=8 hq=0.812 fail | Dr=+0.713/+3.396 |Dr|max=3.396 Df=+0.517 | g r=0.112 f=0.275 p=0.858(0.001) max=2.653 | Ld=-0.1907 base=-0.238 r1=0.0232 path=0.0213 cap=0.00232 | Lg=+1.1952 | 6s | curv=+0.431 wide=+0.892 gfmed=0.111
  560 acq  m=8 hq=0.818 fail | Dr=+0.544/+2.685 |Dr|max=2.685 Df=+0.374 | g r=0.153 f=0.287 p=0.757(0.007) max=2.447 | Ld=-0.1137 base=-0.171 r1=0.0366 path=0.0159 cap=0.00468 | Lg=+1.0673 | 6s | curv=+0.841 wide=+1.15 gfmed=0.134
  570 acq  m=8 hq=0.805 fail | Dr=+0.487/+3.070 |Dr|max=3.070 Df=+0.314 | g r=0.178 f=0.305 p=0.818(0.008) max=2.508 | Ld=-0.1230 base=-0.193 r1=0.0552 path=0.0131 cap=0.00211 | Lg=+1.1856 | 6s | curv=+0.556 wide=+0.868 gfmed=0.174
  580 acq  m=8 hq=0.855 fail | Dr=+0.437/+3.256 |Dr|max=3.256 Df=+0.245 | g r=0.149 f=0.256 p=0.827(0.004) max=2.486 | Ld=-0.1557 base=-0.207 r1=0.0367 path=0.0112 cap=0.00323 | Lg=+1.2364 | 6s | curv=+0.523 wide=+0.853 gfmed=0.140
  590 acq  m=8 hq=0.844 fail | Dr=+0.381/+3.160 |Dr|max=3.160 Df=+0.196 | g r=0.139 f=0.242 p=0.798(0.011) max=2.351 | Ld=-0.1563 base=-0.204 r1=0.0266 path=0.0105 cap=0.0105 | Lg=+1.2729 | 6s | curv=+0.323 wide=+0.66 gfmed=0.130
  600 acq  m=8 hq=0.778 fail | Dr=+0.320/+2.931 |Dr|max=2.931 Df=+0.145 | g r=0.242 f=0.343 p=0.848(0.013) max=2.629 | Ld=-0.1146 base=-0.195 r1=0.0493 path=0.0165 cap=0.0146 | Lg=+1.2200 | 6s | curv=+0.501 wide=+0.808 gfmed=0.231
  610 acq  m=8 hq=0.599 fail | Dr=+0.423/+2.752 |Dr|max=2.752 Df=+0.191 | g r=0.184 f=0.453 p=0.798(0.003) max=2.396 | Ld=+0.0046 base=-0.0844 r1=0.0648 path=0.02 cap=0.00422 | Lg=+1.1265 | 6s | curv=+0.685 wide=+0.997 gfmed=0.180
  620 acq  m=8 hq=0.889 fail | Dr=+0.225/+2.855 |Dr|max=2.855 Df=+0.055 | g r=0.138 f=0.204 p=0.793(0.007) max=2.511 | Ld=-0.1223 base=-0.16 r1=0.0147 path=0.00782 cap=0.015 | Lg=+1.1636 | 6s | curv=+0.532 wide=+0.768 gfmed=0.119
  630 acq  m=8 hq=0.771 fail | Dr=+0.364/+3.068 |Dr|max=3.068 Df=+0.188 | g r=0.133 f=0.304 p=0.785(0.002) max=2.527 | Ld=-0.1112 base=-0.216 r1=0.0497 path=0.0503 cap=0.00448 | Lg=+1.2661 | 6s | curv=+0.88 wide=+1.19 gfmed=0.115
  640 acq  m=8 hq=0.901 PASS | Dr=+0.386/+3.097 |Dr|max=3.097 Df=+0.215 | g r=0.133 f=0.203 p=0.795(0.001) max=2.677 | Ld=-0.0727 base=-0.108 r1=0.0246 path=0.00722 cap=0.00396 | Lg=+1.1994 | 7s | curv=+0.286 wide=+0.633 gfmed=0.106
  650 acq  m=8 hq=0.811 fail | Dr=+0.389/+3.548 |Dr|max=3.548 Df=+0.225 | g r=0.201 f=0.272 p=0.815(0.009) max=2.488 | Ld=-0.1072 base=-0.181 r1=0.0575 path=0.0154 cap=0.00133 | Lg=+1.2928 | 7s | curv=+0.291 wide=+0.604 gfmed=0.183
  660 acq  m=8 hq=0.910 PASS | Dr=+0.470/+3.459 |Dr|max=3.459 Df=+0.314 | g r=0.179 f=0.238 p=0.798(0.008) max=2.480 | Ld=-0.0721 base=-0.12 r1=0.0287 path=0.016 cap=0.00352 | Lg=+1.2091 | 7s | curv=+0.405 wide=+0.711 gfmed=0.147
  670 acq  m=8 hq=0.870 fail | Dr=+0.458/+3.552 |Dr|max=3.552 Df=+0.288 | g r=0.120 f=0.196 p=0.831(0.003) max=2.503 | Ld=-0.1165 base=-0.166 r1=0.0318 path=0.0153 cap=0.00266 | Lg=+1.2702 | 7s | curv=+0.646 wide=+0.977 gfmed=0.097
  680 acq  m=8 hq=0.857 fail | Dr=+0.395/+3.780 |Dr|max=3.780 Df=+0.219 | g r=0.110 f=0.175 p=0.894(0.003) max=2.678 | Ld=-0.1851 base=-0.218 r1=0.0137 path=0.0142 cap=0.00466 | Lg=+1.3725 | 7s | curv=+0.205 wide=+0.514 gfmed=0.112
  690 acq  m=8 hq=0.922 PASS | Dr=+0.267/+3.360 |Dr|max=3.360 Df=+0.103 | g r=0.120 f=0.182 p=0.820(0.006) max=2.387 | Ld=-0.1007 base=-0.132 r1=0.0202 path=0.00547 cap=0.00531 | Lg=+1.2249 | 7s | curv=+0.484 wide=+0.783 gfmed=0.100
  700 acq  m=8 hq=0.758 fail | Dr=+0.418/+3.347 |Dr|max=3.347 Df=+0.270 | g r=0.170 f=0.242 p=0.838(0.002) max=2.676 | Ld=-0.0467 base=-0.132 r1=0.0416 path=0.0413 cap=0.00272 | Lg=+1.2664 | 7s | curv=+0.438 wide=+0.663 gfmed=0.167
  710 acq  m=7 hq=0.540 fail | Dr=+0.554/+3.101 |Dr|max=3.101 Df=+0.364 | g r=0.100 f=0.425 p=0.846(0.003) max=2.449 | Ld=-0.1011 base=-0.153 r1=0.0332 path=0.0139 cap=0.00488 | Lg=+1.1701 | 7s | curv=+0.915 wide=+1.28 gfmed=0.267
  720 acq  m=6 hq=0.362 fail | Dr=+0.199/+2.554 |Dr|max=2.554 Df=-0.052 | g r=0.220 f=0.679 p=0.869(0.006) max=2.684 | Ld=-0.1958 base=-0.384 r1=0.0686 path=0.0237 cap=0.0962 | Lg=+1.1914 | 7s | curv=+1.55 wide=+1.9 gfmed=0.552
  730 acq  m=8 hq=0.828 fail | Dr=+0.471/+2.749 |Dr|max=2.749 Df=+0.338 | g r=0.124 f=0.282 p=0.829(0.004) max=2.341 | Ld=-0.0697 base=-0.121 r1=0.0332 path=0.00708 cap=0.0114 | Lg=+1.0778 | 7s | curv=+0.952 wide=+1.44 gfmed=0.089
  740 acq  m=8 hq=0.929 PASS | Dr=+0.526/+3.265 |Dr|max=3.265 Df=+0.390 | g r=0.094 f=0.154 p=0.813(0.001) max=2.313 | Ld=-0.0889 base=-0.12 r1=0.0238 path=0.00674 cap=0.000826 | Lg=+1.1452 | 7s | curv=+0.407 wide=+0.914 gfmed=0.067
  750 acq  m=8 hq=0.938 PASS | Dr=+0.521/+3.544 |Dr|max=3.544 Df=+0.370 | g r=0.113 f=0.168 p=0.847(0.001) max=2.441 | Ld=-0.1047 base=-0.13 r1=0.0214 path=0.00315 cap=0.000863 | Lg=+1.2624 | 7s | curv=+0.386 wide=+0.794 gfmed=0.106
  760 acq  m=8 hq=0.923 PASS | Dr=+0.581/+3.665 |Dr|max=3.665 Df=+0.434 | g r=0.131 f=0.181 p=0.873(0.007) max=2.483 | Ld=-0.1453 base=-0.167 r1=0.0185 path=0.00182 cap=0.00159 | Lg=+1.3183 | 7s | curv=+0.382 wide=+0.747 gfmed=0.121
  770 acq  m=7 hq=0.608 fail | Dr=+0.583/+2.700 |Dr|max=2.700 Df=+0.420 | g r=0.127 f=0.547 p=0.859(0.002) max=2.782 | Ld=-0.2424 base=-0.293 r1=0.0201 path=0.0298 cap=0.000316 | Lg=+1.2060 | 8s | curv=+1.15 wide=+1.51 gfmed=0.223
  780 acq  m=8 hq=0.667 fail | Dr=+0.618/+3.005 |Dr|max=3.005 Df=+0.462 | g r=0.117 f=0.440 p=0.868(0.003) max=2.324 | Ld=-0.0571 base=-0.0967 r1=0.0281 path=0.00314 cap=0.00838 | Lg=+1.2092 | 8s | curv=+0.254 wide=+0.704 gfmed=0.195
  790 acq  m=6 hq=0.534 fail | Dr=+0.554/+3.321 |Dr|max=3.321 Df=+0.356 | g r=0.185 f=0.572 p=0.897(0.001) max=2.523 | Ld=-0.1445 base=-0.25 r1=0.0632 path=0.0178 cap=0.0249 | Lg=+1.3074 | 8s | curv=+0.621 wide=+1.03 gfmed=0.322
  800 acq  m=7 hq=0.625 fail | Dr=+0.618/+3.390 |Dr|max=3.390 Df=+0.388 | g r=0.161 f=0.648 p=0.957(0.003) max=2.976 | Ld=-0.2778 base=-0.335 r1=0.0327 path=0.0211 cap=0.00356 | Lg=+1.4789 | 8s | curv=+0.98 wide=+1.36 gfmed=0.269
  810 acq  m=8 hq=0.850 fail | Dr=+0.390/+3.295 |Dr|max=3.295 Df=+0.250 | g r=0.156 f=0.227 p=0.878(0.006) max=2.419 | Ld=-0.0444 base=-0.0925 r1=0.0379 path=0.00694 cap=0.00326 | Lg=+1.3003 | 8s | curv=+0.871 wide=+1.14 gfmed=0.161
  820 acq  m=7 hq=0.296 fail | Dr=+0.527/+2.535 |Dr|max=2.535 Df=+0.300 | g r=0.171 f=0.470 p=0.841(0.006) max=2.589 | Ld=-0.2370 base=-0.406 r1=0.0313 path=0.0118 cap=0.126 | Lg=+1.1578 | 8s | curv=+1.1 wide=+1.43 gfmed=0.394
  830 acq  m=8 hq=0.891 fail | Dr=+0.601/+2.914 |Dr|max=2.914 Df=+0.486 | g r=0.100 f=0.246 p=0.850(0.000) max=2.337 | Ld=-0.0870 base=-0.117 r1=0.0259 path=0.00146 cap=0.0029 | Lg=+1.0448 | 8s | curv=+0.805 wide=+1.24 gfmed=0.098
  840 acq  m=4 hq=0.019 fail | Dr=+0.201/+2.371 |Dr|max=2.371 Df=-0.196 | g r=0.151 f=0.807 p=0.948(0.010) max=2.531 | Ld=-0.1795 base=-0.226 r1=0.0412 path=0.000913 cap=0.00443 | Lg=+1.2146 | 8s | curv=+1.23 wide=+1.65 gfmed=0.595
  850 acq  m=7 hq=0.235 fail | Dr=+0.487/+2.480 |Dr|max=2.480 Df=+0.109 | g r=0.156 f=0.768 p=0.904(0.007) max=2.985 | Ld=-0.2022 base=-0.284 r1=0.0472 path=0.00186 cap=0.0328 | Lg=+1.1008 | 8s | curv=+1.07 wide=+1.49 gfmed=0.705
  860 acq  m=6 hq=0.112 fail | Dr=+0.583/+2.860 |Dr|max=2.860 Df=+0.225 | g r=0.151 f=0.877 p=0.964(0.003) max=2.402 | Ld=-0.2338 base=-0.295 r1=0.0348 path=0.0207 cap=0.00536 | Lg=+1.2002 | 8s | curv=+1.21 wide=+1.59 gfmed=0.851
  870 acq  m=6 hq=0.268 fail | Dr=+0.427/+2.564 |Dr|max=2.564 Df=+0.074 | g r=0.141 f=0.826 p=0.962(0.002) max=2.595 | Ld=-0.1489 base=-0.192 r1=0.0395 path=0.00235 cap=0.00132 | Lg=+1.1950 | 8s | curv=+1.26 wide=+1.63 gfmed=0.760
  880 acq  m=5 hq=0.244 fail | Dr=+0.474/+2.634 |Dr|max=2.634 Df=+0.130 | g r=0.168 f=0.914 p=0.957(0.003) max=2.451 | Ld=-0.1627 base=-0.202 r1=0.0353 path=0.00238 cap=0.00139 | Lg=+1.1231 | 8s | curv=+0.96 wide=+1.4 gfmed=0.928
  890 acq  m=8 hq=0.500 fail | Dr=+0.507/+2.268 |Dr|max=2.268 Df=+0.320 | g r=0.111 f=0.864 p=0.860(0.005) max=2.443 | Ld=-0.0266 base=-0.0852 r1=0.0515 path=0.00491 cap=0.00222 | Lg=+0.9558 | 9s | curv=+0.882 wide=+1.35 gfmed=0.597
  900 acq  m=8 hq=0.493 fail | Dr=+0.422/+2.345 |Dr|max=2.345 Df=+0.209 | g r=0.169 f=0.749 p=0.907(0.005) max=2.623 | Ld=-0.1209 base=-0.194 r1=0.0451 path=0.00894 cap=0.0187 | Lg=+1.1424 | 9s | curv=+1.24 wide=+1.61 gfmed=0.511
  910 acq  m=6 hq=0.210 fail | Dr=+0.345/+2.365 |Dr|max=2.365 Df=+0.008 | g r=0.151 f=0.974 p=0.988(0.005) max=2.376 | Ld=-0.2087 base=-0.27 r1=0.034 path=0.0115 cap=0.0157 | Lg=+1.1719 | 9s | curv=+1.35 wide=+1.76 gfmed=0.779
  920 acq  m=7 hq=0.465 fail | Dr=+0.445/+3.385 |Dr|max=3.385 Df=+0.171 | g r=0.129 f=0.544 p=0.941(0.002) max=2.466 | Ld=-0.1453 base=-0.175 r1=0.0273 path=0.00157 cap=0.00059 | Lg=+1.2561 | 9s | curv=+0.765 wide=+1.16 gfmed=0.234
  930 acq  m=8 hq=0.893 fail | Dr=+0.653/+3.618 |Dr|max=3.618 Df=+0.533 | g r=0.157 f=0.224 p=0.857(0.003) max=2.315 | Ld=-0.0976 base=-0.139 r1=0.0293 path=0.0103 cap=0.00193 | Lg=+1.2487 | 9s | curv=+0.415 wide=+0.791 gfmed=0.152
  940 acq  m=8 hq=0.915 PASS | Dr=+0.413/+3.587 |Dr|max=3.587 Df=+0.293 | g r=0.117 f=0.157 p=0.820(0.004) max=2.410 | Ld=-0.0584 base=-0.0887 r1=0.0249 path=0.0013 cap=0.00402 | Lg=+1.2299 | 9s | curv=+0.373 wide=+0.643 gfmed=0.094
  950 acq  m=8 hq=0.933 PASS | Dr=+0.504/+3.861 |Dr|max=3.861 Df=+0.374 | g r=0.115 f=0.133 p=0.862(0.003) max=2.335 | Ld=-0.0911 base=-0.12 r1=0.0205 path=0.00767 cap=0.00079 | Lg=+1.3491 | 9s | curv=+0.195 wide=+0.55 gfmed=0.091
  960 acq  m=8 hq=0.865 fail | Dr=+0.102/+4.260 |Dr|max=4.260 Df=-0.036 | g r=0.220 f=0.228 p=0.988(0.006) max=2.780 | Ld=-0.2320 base=-0.291 r1=0.0318 path=0.0148 cap=0.0125 | Lg=+1.5964 | 9s | curv=+0.0482 wide=+0.358 gfmed=0.190
  970 acq  m=8 hq=0.911 PASS | Dr=+0.312/+3.801 |Dr|max=3.801 Df=+0.178 | g r=0.096 f=0.121 p=0.899(0.005) max=2.599 | Ld=-0.1018 base=-0.126 r1=0.0164 path=0.00698 cap=0.000413 | Lg=+1.3720 | 9s | curv=+0.398 wide=+0.646 gfmed=0.089
  980 acq  m=8 hq=0.938 PASS | Dr=+0.384/+3.810 |Dr|max=3.810 Df=+0.263 | g r=0.091 f=0.121 p=0.863(0.002) max=2.695 | Ld=-0.1099 base=-0.134 r1=0.0139 path=0.00896 cap=0.000801 | Lg=+1.3835 | 9s | curv=+0.256 wide=+0.565 gfmed=0.071
  990 acq  m=8 hq=0.908 PASS | Dr=+0.288/+3.603 |Dr|max=3.603 Df=+0.163 | g r=0.106 f=0.132 p=0.841(0.007) max=2.450 | Ld=-0.0304 base=-0.0827 r1=0.0483 path=0.00184 cap=0.00221 | Lg=+1.3516 | 9s | curv=+0.328 wide=+0.504 gfmed=0.098
 1000 acq  m=8 hq=0.882 fail | Dr=+0.610/+4.094 |Dr|max=4.094 Df=+0.486 | g r=0.118 f=0.152 p=0.930(0.005) max=2.554 | Ld=-0.1369 base=-0.174 r1=0.0219 path=0.0104 cap=0.00504 | Lg=+1.4603 | 10s | curv=+0.512 wide=+0.781 gfmed=0.096
 1010 acq  m=8 hq=0.933 PASS | Dr=+0.605/+3.404 |Dr|max=3.404 Df=+0.497 | g r=0.098 f=0.116 p=0.787(0.000) max=2.070 | Ld=-0.0405 base=-0.0863 r1=0.0417 path=0.00363 cap=0.000486 | Lg=+1.2361 | 10s | curv=+0.332 wide=+0.562 gfmed=0.070
 1020 acq  m=8 hq=0.935 PASS | Dr=+0.542/+3.777 |Dr|max=3.777 Df=+0.427 | g r=0.122 f=0.145 p=0.803(0.005) max=2.439 | Ld=+0.0035 base=-0.0713 r1=0.0114 path=0.0576 cap=0.00575 | Lg=+1.2303 | 10s | curv=+0.712 wide=+0.923 gfmed=0.081
 1030 acq  m=8 hq=0.948 PASS | Dr=+0.692/+4.185 |Dr|max=4.185 Df=+0.570 | g r=0.134 f=0.154 p=0.876(0.002) max=2.484 | Ld=-0.1247 base=-0.164 r1=0.0273 path=0.0101 cap=0.00151 | Lg=+1.3695 | 10s | curv=+0.372 wide=+0.614 gfmed=0.098
 1040 acq  m=8 hq=0.935 PASS | Dr=+0.387/+2.775 |Dr|max=2.775 Df=+0.294 | g r=0.119 f=0.149 p=0.695(0.002) max=2.184 | Ld=+0.0941 base=0.0308 r1=0.0357 path=0.021 cap=0.00659 | Lg=+1.0366 | 10s | curv=+0.435 wide=+0.661 gfmed=0.086
 1050 acq  m=8 hq=0.910 PASS | Dr=+0.603/+3.828 |Dr|max=3.828 Df=+0.491 | g r=0.092 f=0.121 p=0.810(0.006) max=2.454 | Ld=-0.1313 base=-0.14 r1=0.00746 path=0.00116 cap=0.000424 | Lg=+1.3043 | 10s | curv=+0.41 wide=+0.62 gfmed=0.066
 1060 acq  m=8 hq=0.904 PASS | Dr=+0.490/+2.945 |Dr|max=2.945 Df=+0.395 | g r=0.129 f=0.176 p=0.814(0.005) max=2.529 | Ld=-0.0419 base=-0.0943 r1=0.0244 path=0.0242 cap=0.00382 | Lg=+1.2002 | 10s | curv=+0.556 wide=+0.741 gfmed=0.115
 1070 acq  m=8 hq=0.861 fail | Dr=+0.685/+3.279 |Dr|max=3.279 Df=+0.591 | g r=0.114 f=0.169 p=0.807(0.002) max=2.257 | Ld=-0.0130 base=-0.0632 r1=0.0182 path=0.0219 cap=0.0101 | Lg=+1.2689 | 10s | curv=+0.253 wide=+0.438 gfmed=0.121
 1080 acq  m=7 hq=0.393 fail | Dr=+0.310/+2.487 |Dr|max=2.487 Df=+0.091 | g r=0.142 f=0.611 p=0.886(0.002) max=2.427 | Ld=-0.2256 base=-0.289 r1=0.0504 path=0.00798 cap=0.00518 | Lg=+1.0997 | 10s | curv=+1.35 wide=+1.73 gfmed=0.396
 1090 acq  m=5 hq=0.234 fail | Dr=+0.140/+2.670 |Dr|max=2.670 Df=-0.139 | g r=0.173 f=0.712 p=0.949(0.008) max=2.514 | Ld=-0.2317 base=-0.291 r1=0.0466 path=0.0013 cap=0.011 | Lg=+1.2575 | 11s | curv=+1.29 wide=+1.68 gfmed=0.577
 1100 acq  m=5 hq=0.441 fail | Dr=+0.483/+2.457 |Dr|max=2.457 Df=+0.248 | g r=0.145 f=0.507 p=0.859(0.005) max=2.328 | Ld=-0.2157 base=-0.281 r1=0.0343 path=0.00262 cap=0.0288 | Lg=+1.1212 | 11s | curv=+0.917 wide=+1.29 gfmed=0.240
 1110 acq  m=5 hq=0.205 fail | Dr=+0.496/+2.560 |Dr|max=2.560 Df=-0.007 | g r=0.165 f=0.892 p=0.956(0.007) max=2.438 | Ld=-0.1763 base=-0.221 r1=0.0409 path=0.00163 cap=0.0024 | Lg=+1.1096 | 11s | curv=+1.21 wide=+1.58 gfmed=0.826
 1120 acq  m=6 hq=0.380 fail | Dr=+0.618/+2.750 |Dr|max=2.750 Df=+0.294 | g r=0.112 f=0.542 p=0.902(0.002) max=2.472 | Ld=-0.2699 base=-0.313 r1=0.0334 path=0.00512 cap=0.00452 | Lg=+1.2130 | 11s | curv=+0.843 wide=+1.22 gfmed=0.436
 1130 acq  m=6 hq=0.427 fail | Dr=+0.610/+2.740 |Dr|max=2.740 Df=+0.298 | g r=0.120 f=0.666 p=0.929(0.010) max=2.348 | Ld=-0.1575 base=-0.191 r1=0.0285 path=0.00435 cap=0.00114 | Lg=+1.1692 | 11s | curv=+0.883 wide=+1.32 gfmed=0.587
 1140 acq  m=5 hq=0.340 fail | Dr=+0.360/+2.621 |Dr|max=2.621 Df=+0.058 | g r=0.176 f=0.710 p=0.997(0.004) max=2.871 | Ld=-0.3771 base=-0.451 r1=0.0489 path=0.00431 cap=0.0204 | Lg=+1.3651 | 11s | curv=+1.07 wide=+1.49 gfmed=0.534
 1150 acq  m=5 hq=0.181 fail | Dr=+0.885/+2.309 |Dr|max=2.309 Df=+0.548 | g r=0.142 f=0.763 p=0.905(0.006) max=2.182 | Ld=-0.0389 base=-0.0863 r1=0.0459 path=0.000735 cap=0.000788 | Lg=+0.9575 | 11s | curv=+1.2 wide=+1.59 gfmed=0.753
 1160 acq  m=3 hq=0.123 fail | Dr=+0.529/+2.190 |Dr|max=2.190 Df=+0.086 | g r=0.171 f=1.063 p=0.950(0.003) max=2.288 | Ld=-0.2861 base=-0.336 r1=0.0435 path=0.00312 cap=0.00324 | Lg=+1.1593 | 11s | curv=+1.64 wide=+2.04 gfmed=1.095
 1170 acq  m=4 hq=0.332 fail | Dr=+0.815/+2.755 |Dr|max=2.755 Df=+0.327 | g r=0.147 f=1.019 p=1.013(0.001) max=2.511 | Ld=-0.3113 base=-0.352 r1=0.0377 path=0.000525 cap=0.00265 | Lg=+1.1935 | 11s | curv=+1.41 wide=+1.88 gfmed=0.985
 1180 acq  m=8 hq=0.410 fail | Dr=+0.722/+2.736 |Dr|max=2.736 Df=+0.536 | g r=0.168 f=0.757 p=0.941(0.011) max=2.477 | Ld=-0.1762 base=-0.247 r1=0.053 path=0.00168 cap=0.0159 | Lg=+1.1677 | 11s | curv=+1.05 wide=+1.49 gfmed=0.634
 1190 acq  m=8 hq=0.364 fail | Dr=+0.656/+2.733 |Dr|max=2.733 Df=+0.418 | g r=0.164 f=1.007 p=1.001(0.010) max=2.385 | Ld=-0.2154 base=-0.284 r1=0.0409 path=0.0188 cap=0.00922 | Lg=+1.2040 | 12s | curv=+1.32 wide=+1.79 gfmed=0.989
 1200 acq  m=5 hq=0.241 fail | Dr=+0.540/+2.163 |Dr|max=2.163 Df=+0.252 | g r=0.158 f=1.137 p=0.962(0.006) max=2.432 | Ld=-0.1797 base=-0.245 r1=0.0356 path=0.0077 cap=0.0219 | Lg=+1.0540 | 12s | curv=+1.46 wide=+1.91 gfmed=1.323
 1210 hold m=8 hq=0.899 fail | Dr=+0.616/+3.355 |Dr|max=3.355 Df=+0.511 | g r=0.099 f=0.181 p=0.951(0.003) max=2.439 | Ld=-0.1484 base=-0.182 r1=0.0223 path=0.00951 cap=0.00163 | Lg=+1.2848 | 12s | curv=+0.901 wide=+1.33 gfmed=0.071
 1220 hold m=8 hq=0.933 PASS | Dr=+0.728/+2.931 |Dr|max=2.931 Df=+0.655 | g r=0.131 f=0.168 p=0.822(0.006) max=2.320 | Ld=-0.0089 base=-0.041 r1=0.0281 path=0.00375 cap=0.000221 | Lg=+1.0566 | 12s | curv=+0.116 wide=+0.559 gfmed=0.124
 1230 hold m=8 hq=0.944 PASS | Dr=+0.565/+2.715 |Dr|max=2.715 Df=+0.479 | g r=0.113 f=0.139 p=0.782(0.005) max=2.166 | Ld=-0.0527 base=-0.0767 r1=0.0183 path=0.00571 cap=3.16e-05 | Lg=+1.0932 | 12s | curv=+0.492 wide=+0.862 gfmed=0.108
 1240 hold m=8 hq=0.896 fail | Dr=+0.791/+3.465 |Dr|max=3.465 Df=+0.699 | g r=0.096 f=0.149 p=0.849(0.001) max=2.318 | Ld=-0.0862 base=-0.121 r1=0.0146 path=0.0202 cap=0.000129 | Lg=+1.2992 | 12s | curv=+0.478 wide=+0.822 gfmed=0.083
 1250 hold m=8 hq=0.938 PASS | Dr=+0.770/+3.401 |Dr|max=3.401 Df=+0.693 | g r=0.085 f=0.098 p=0.742(0.002) max=2.173 | Ld=-0.0494 base=-0.0683 r1=0.0176 path=0.00134 cap=5.93e-06 | Lg=+1.1155 | 12s | curv=+0.057 wide=+0.339 gfmed=0.065
 1260 hold m=8 hq=0.902 PASS | Dr=+0.868/+3.434 |Dr|max=3.434 Df=+0.782 | g r=0.158 f=0.163 p=0.830(0.002) max=2.330 | Ld=-0.1116 base=-0.137 r1=0.014 path=0.00334 cap=0.00844 | Lg=+1.2888 | 12s | curv=-0.0645 wide=+0.248 gfmed=0.144
 1270 hold m=8 hq=0.967 PASS | Dr=+0.908/+3.152 |Dr|max=3.152 Df=+0.821 | g r=0.083 f=0.090 p=0.774(0.006) max=2.315 | Ld=-0.0233 base=-0.0408 r1=0.0108 path=0.00659 cap=0.000207 | Lg=+1.1844 | 12s | curv=+0.185 wide=+0.463 gfmed=0.079
 1280 hold m=8 hq=0.908 PASS | Dr=+0.710/+4.018 |Dr|max=4.018 Df=+0.614 | g r=0.128 f=0.163 p=0.899(0.002) max=2.542 | Ld=-0.0945 base=-0.118 r1=0.0177 path=0.00488 cap=0.000928 | Lg=+1.3770 | 12s | curv=+0.528 wide=+0.786 gfmed=0.128
 1290 hold m=8 hq=0.948 PASS | Dr=+0.711/+3.717 |Dr|max=3.717 Df=+0.611 | g r=0.098 f=0.112 p=0.838(0.002) max=2.417 | Ld=-0.0457 base=-0.069 r1=0.0103 path=0.00833 cap=0.00462 | Lg=+1.3064 | 13s | curv=+0.404 wide=+0.643 gfmed=0.091
 1300 hold m=8 hq=0.959 PASS | Dr=+0.637/+2.930 |Dr|max=2.930 Df=+0.554 | g r=0.150 f=0.166 p=0.829(0.005) max=2.358 | Ld=-0.0363 base=-0.0792 r1=0.018 path=0.0173 cap=0.00761 | Lg=+1.1799 | 13s | curv=+0.303 wide=+0.594 gfmed=0.125
 1310 hold m=8 hq=0.917 PASS | Dr=+0.633/+3.606 |Dr|max=3.606 Df=+0.542 | g r=0.144 f=0.157 p=0.862(0.006) max=2.539 | Ld=-0.0299 base=-0.085 r1=0.0383 path=0.0147 cap=0.00206 | Lg=+1.2922 | 13s | curv=+0.534 wide=+0.787 gfmed=0.133
 1320 hold m=8 hq=0.954 PASS | Dr=+0.821/+3.286 |Dr|max=3.286 Df=+0.740 | g r=0.095 f=0.113 p=0.816(0.001) max=2.226 | Ld=-0.0328 base=-0.0554 r1=0.0122 path=0.00901 cap=0.00136 | Lg=+1.2452 | 13s | curv=+0.412 wide=+0.649 gfmed=0.091
 1330 hold m=8 hq=0.932 PASS | Dr=+0.610/+3.629 |Dr|max=3.629 Df=+0.527 | g r=0.104 f=0.112 p=0.804(0.001) max=2.340 | Ld=-0.0648 base=-0.0901 r1=0.0171 path=0.00801 cap=0.000115 | Lg=+1.3192 | 13s | curv=+0.423 wide=+0.665 gfmed=0.080
 1340 hold m=8 hq=0.968 PASS | Dr=+0.811/+3.141 |Dr|max=3.141 Df=+0.744 | g r=0.071 f=0.090 p=0.718(0.002) max=2.211 | Ld=-0.0226 base=-0.0389 r1=0.0108 path=0.00545 | Lg=+1.1116 | 13s | curv=+0.265 wide=+0.491 gfmed=0.056
 1350 hold m=8 hq=0.969 PASS | Dr=+0.637/+2.929 |Dr|max=2.929 Df=+0.573 | g r=0.086 f=0.095 p=0.715(0.001) max=2.047 | Ld=+0.0714 base=0.044 r1=0.0166 path=0.0101 cap=0.000689 | Lg=+1.1123 | 13s | curv=+0.205 wide=+0.425 gfmed=0.084
 1360 hold m=8 hq=0.960 PASS | Dr=+0.743/+3.722 |Dr|max=3.722 Df=+0.661 | g r=0.103 f=0.117 p=0.868(0.003) max=2.356 | Ld=-0.0967 base=-0.12 r1=0.0194 path=0.00355 cap=0.000258 | Lg=+1.3523 | 13s | curv=+0.342 wide=+0.561 gfmed=0.082
 1370 hold m=8 hq=0.964 PASS | Dr=+0.566/+3.270 |Dr|max=3.270 Df=+0.499 | g r=0.093 f=0.091 p=0.700(0.003) max=2.032 | Ld=-0.0078 base=-0.0233 r1=0.0131 path=0.00236 cap=7.74e-05 | Lg=+1.1283 | 13s | curv=+0.266 wide=+0.506 gfmed=0.056
 1380 hold m=8 hq=0.947 PASS | Dr=+0.888/+4.262 |Dr|max=4.262 Df=+0.799 | g r=0.100 f=0.105 p=0.899(0.002) max=2.513 | Ld=-0.1250 base=-0.143 r1=0.0119 path=0.00512 cap=0.00132 | Lg=+1.4114 | 14s | curv=+0.0855 wide=+0.358 gfmed=0.069
 1390 hold m=8 hq=0.962 PASS | Dr=+0.810/+3.217 |Dr|max=3.217 Df=+0.738 | g r=0.091 f=0.095 p=0.752(0.003) max=2.130 | Ld=+0.0300 base=-0.00345 r1=0.0158 path=0.0168 cap=0.000776 | Lg=+1.2071 | 14s | curv=+0.161 wide=+0.365 gfmed=0.074
 1400 hold m=8 hq=0.971 PASS | Dr=+0.419/+2.920 |Dr|max=2.920 Df=+0.353 | g r=0.065 f=0.072 p=0.669(0.008) max=1.984 | Ld=+0.0798 base=0.0638 r1=0.00797 path=0.007 cap=0.00104 | Lg=+1.0694 | 14s | curv=+0.278 wide=+0.451 gfmed=0.059
 1410 hold m=8 hq=0.967 PASS | Dr=+0.721/+3.483 |Dr|max=3.483 Df=+0.654 | g r=0.067 f=0.075 p=0.705(0.001) max=2.101 | Ld=-0.0368 base=-0.0483 r1=0.00546 path=0.00601 | Lg=+1.1731 | 14s | curv=+0.164 wide=+0.367 gfmed=0.047
 1420 hold m=8 hq=0.966 PASS | Dr=+0.611/+3.867 |Dr|max=3.867 Df=+0.535 | g r=0.084 f=0.096 p=0.782(0.002) max=2.277 | Ld=-0.0094 base=-0.0374 r1=0.0108 path=0.0168 cap=0.000398 | Lg=+1.2938 | 14s | curv=+0.0147 wide=+0.204 gfmed=0.074
 1430 hold m=8 hq=0.972 PASS | Dr=+0.679/+3.287 |Dr|max=3.287 Df=+0.609 | g r=0.068 f=0.070 p=0.742(0.001) max=2.224 | Ld=+0.0228 base=-0.00158 r1=0.015 path=0.00924 cap=4.23e-05 | Lg=+1.1863 | 14s | curv=+0.198 wide=+0.424 gfmed=0.050
 1440 hold m=8 hq=0.977 PASS | Dr=+0.556/+2.735 |Dr|max=2.735 Df=+0.493 | g r=0.080 f=0.083 p=0.723(0.002) max=2.244 | Ld=+0.0034 base=-0.00823 r1=0.00847 path=0.00309 cap=7.5e-05 | Lg=+1.0884 | 14s | curv=+0.163 wide=+0.395 gfmed=0.066
 1450 hold m=8 hq=0.974 PASS | Dr=+0.681/+3.152 |Dr|max=3.152 Df=+0.617 | g r=0.059 f=0.062 p=0.707(0.001) max=1.992 | Ld=-0.0329 base=-0.0441 r1=0.00424 path=0.00704 | Lg=+1.1681 | 14s | curv=+0.221 wide=+0.37 gfmed=0.054
 1460 hold m=8 hq=0.965 PASS | Dr=+0.600/+3.312 |Dr|max=3.312 Df=+0.526 | g r=0.063 f=0.069 p=0.733(0.002) max=2.383 | Ld=-0.0765 base=-0.0897 r1=0.00831 path=0.00471 cap=0.000151 | Lg=+1.2362 | 14s | curv=+0.188 wide=+0.365 gfmed=0.054
 1470 hold m=8 hq=0.961 PASS | Dr=+0.629/+3.398 |Dr|max=3.398 Df=+0.567 | g r=0.125 f=0.131 p=0.795(0.003) max=2.213 | Ld=-0.0808 base=-0.0961 r1=0.00933 path=0.00134 cap=0.00464 | Lg=+1.2880 | 14s | curv=-0.227 wide=-0.00569 gfmed=0.096
 1480 hold m=8 hq=0.864 fail | Dr=+0.569/+3.072 |Dr|max=3.072 Df=+0.519 | g r=0.120 f=0.144 p=0.728(0.003) max=2.421 | Ld=-0.0128 base=-0.0902 r1=0.0226 path=0.0139 cap=0.0408 | Lg=+1.1811 | 15s | curv=+0.284 wide=+0.352 gfmed=0.114
 1490 hold m=8 hq=0.940 PASS | Dr=+0.531/+3.280 |Dr|max=3.280 Df=+0.462 | g r=0.120 f=0.114 p=0.794(0.004) max=2.296 | Ld=+0.0059 base=-0.0278 r1=0.0156 path=0.00464 cap=0.0135 | Lg=+1.2665 | 15s | curv=+0.388 wide=+0.529 gfmed=0.097
 1500 hold m=8 hq=0.972 PASS | Dr=+0.570/+3.170 |Dr|max=3.170 Df=+0.505 | g r=0.050 f=0.059 p=0.747(0.003) max=2.204 | Ld=+0.0017 base=-0.00707 r1=0.0075 path=0.00124 cap=3.17e-05 | Lg=+1.1710 | 15s | curv=+0.136 wide=+0.345 gfmed=0.043
 1510 hold m=8 hq=0.974 PASS | Dr=+0.652/+3.219 |Dr|max=3.219 Df=+0.585 | g r=0.072 f=0.078 p=0.765(0.001) max=2.081 | Ld=+0.0624 base=0.0487 r1=0.0112 path=0.00245 cap=0.000134 | Lg=+1.1781 | 15s | curv=+0.128 wide=+0.342 gfmed=0.064
 1520 hold m=8 hq=0.959 PASS | Dr=+0.519/+3.053 |Dr|max=3.053 Df=+0.458 | g r=0.109 f=0.126 p=0.782(0.003) max=2.240 | Ld=+0.0543 base=0.0265 r1=0.0144 path=0.0116 cap=0.00172 | Lg=+1.1807 | 15s | curv=-0.0722 wide=+0.157 gfmed=0.087
 1530 hold m=8 hq=0.972 PASS | Dr=+0.606/+3.344 |Dr|max=3.344 Df=+0.542 | g r=0.078 f=0.082 p=0.739(0.002) max=2.017 | Ld=+0.0198 base=-0.0232 r1=0.019 path=0.0239 cap=0.000108 | Lg=+1.1864 | 15s | curv=+0.143 wide=+0.362 gfmed=0.067
 1540 hold m=8 hq=0.973 PASS | Dr=+0.646/+3.034 |Dr|max=3.034 Df=+0.592 | g r=0.082 f=0.084 p=0.680(0.002) max=1.943 | Ld=+0.1145 base=0.0938 r1=0.0131 path=0.00365 cap=0.0039 | Lg=+1.0182 | 15s | curv=-0.0429 wide=+0.187 gfmed=0.059
 1550 hold m=8 hq=0.953 PASS | Dr=+0.720/+2.970 |Dr|max=2.970 Df=+0.668 | g r=0.072 f=0.071 p=0.764(0.000) max=2.334 | Ld=-0.0443 base=-0.0573 r1=0.0052 path=0.00749 cap=0.000232 | Lg=+1.1647 | 15s | curv=-0.0701 wide=+0.111 gfmed=0.058
 1560 hold m=8 hq=0.968 PASS | Dr=+0.657/+3.105 |Dr|max=3.105 Df=+0.601 | g r=0.114 f=0.121 p=0.775(0.002) max=2.301 | Ld=+0.0349 base=0.0117 r1=0.0112 path=0.00383 cap=0.00813 | Lg=+1.1846 | 15s | curv=-0.0182 wide=+0.166 gfmed=0.114
 1570 hold m=8 hq=0.978 PASS | Dr=+0.752/+3.818 |Dr|max=3.818 Df=+0.688 | g r=0.052 f=0.049 p=0.720(0.002) max=2.314 | Ld=-0.0313 base=-0.0382 r1=0.00386 path=0.000802 cap=0.00221 | Lg=+1.1371 | 16s | curv=+0.232 wide=+0.367 gfmed=0.041
 1580 hold m=8 hq=0.978 PASS | Dr=+0.612/+3.159 |Dr|max=3.159 Df=+0.560 | g r=0.070 f=0.067 p=0.660(0.001) max=2.022 | Ld=+0.0251 base=0.00586 r1=0.0122 path=0.00696 cap=7.67e-05 | Lg=+1.0878 | 16s | curv=+0.0868 wide=+0.262 gfmed=0.048
 1590 hold m=8 hq=0.966 PASS | Dr=+0.618/+4.070 |Dr|max=4.070 Df=+0.550 | g r=0.080 f=0.084 p=0.843(0.003) max=2.431 | Ld=-0.0505 base=-0.0758 r1=0.0155 path=0.00836 cap=0.00155 | Lg=+1.3943 | 16s | curv=+0.17 wide=+0.35 gfmed=0.072
 1600 hold m=8 hq=0.956 PASS | Dr=+0.582/+3.460 |Dr|max=3.460 Df=+0.527 | g r=0.065 f=0.071 p=0.706(0.002) max=2.321 | Ld=-0.0692 base=-0.0771 r1=0.00534 path=0.00252 cap=8.08e-05 | Lg=+1.1891 | 16s | curv=+0.111 wide=+0.263 gfmed=0.047
 1610 hold m=8 hq=0.978 PASS | Dr=+0.465/+3.344 |Dr|max=3.344 Df=+0.405 | g r=0.096 f=0.097 p=0.692(0.002) max=2.170 | Ld=-0.0152 base=-0.0328 r1=0.0142 path=0.00332 cap=9.41e-05 | Lg=+1.1734 | 16s | curv=+0.0512 wide=+0.22 gfmed=0.096
 1620 hold m=8 hq=0.984 PASS | Dr=+0.553/+3.340 |Dr|max=3.340 Df=+0.494 | g r=0.059 f=0.062 p=0.697(0.001) max=2.176 | Ld=-0.0414 base=-0.0487 r1=0.00529 path=0.00206 cap=4.88e-07 | Lg=+1.2292 | 16s | curv=-0.0317 wide=+0.182 gfmed=0.040
 1630 hold m=8 hq=0.961 PASS | Dr=+0.624/+3.747 |Dr|max=3.747 Df=+0.568 | g r=0.106 f=0.118 p=0.850(0.010) max=2.480 | Ld=-0.0294 base=-0.0491 r1=0.0115 path=0.0068 cap=0.00138 | Lg=+1.4779 | 16s | curv=+0.0803 wide=+0.239 gfmed=0.102
 1640 hold m=8 hq=0.942 PASS | Dr=+0.974/+4.392 |Dr|max=4.392 Df=+0.929 | g r=0.085 f=0.086 p=0.819(0.002) max=2.474 | Ld=-0.1255 base=-0.14 r1=0.0123 path=0.00204 | Lg=+1.4508 | 16s | curv=+0.233 wide=+0.351 gfmed=0.074
 1650 hold m=8 hq=0.973 PASS | Dr=+0.686/+3.455 |Dr|max=3.455 Df=+0.631 | g r=0.099 f=0.102 p=0.690(0.003) max=2.016 | Ld=+0.0723 base=0.0479 r1=0.0145 path=0.00436 cap=0.00556 | Lg=+1.1808 | 16s | curv=-0.121 wide=+0.0836 gfmed=0.073
 1660 hold m=8 hq=0.980 PASS | Dr=+0.710/+2.968 |Dr|max=2.968 Df=+0.667 | g r=0.060 f=0.063 p=0.692(0.001) max=2.110 | Ld=-0.0375 base=-0.0471 r1=0.00516 path=0.00433 cap=8.26e-05 | Lg=+1.1715 | 16s | curv=+0.00251 wide=+0.173 gfmed=0.048
 1670 hold m=8 hq=0.947 PASS | Dr=+0.582/+3.249 |Dr|max=3.249 Df=+0.543 | g r=0.069 f=0.065 p=0.739(0.001) max=2.364 | Ld=-0.0610 base=-0.0692 r1=0.00533 path=0.0029 | Lg=+1.2883 | 17s | curv=+0.187 wide=+0.319 gfmed=0.055
 1680 hold m=8 hq=0.969 PASS | Dr=+0.530/+3.057 |Dr|max=3.057 Df=+0.496 | g r=0.078 f=0.078 p=0.688(0.001) max=2.302 | Ld=+0.0190 base=0.00185 r1=0.0149 path=0.0006 cap=0.00166 | Lg=+1.1683 | 17s | curv=-0.132 wide=+0.00332 gfmed=0.063
 1690 hold m=8 hq=0.979 PASS | Dr=+0.483/+2.982 |Dr|max=2.982 Df=+0.434 | g r=0.054 f=0.052 p=0.684(0.001) max=2.125 | Ld=+0.0063 base=-0.0107 r1=0.0143 path=0.00198 cap=0.000676 | Lg=+1.2073 | 17s | curv=+0.0959 wide=+0.232 gfmed=0.046
 1700 hold m=8 hq=0.958 PASS | Dr=+0.694/+3.665 |Dr|max=3.665 Df=+0.641 | g r=0.094 f=0.091 p=0.783(0.003) max=2.389 | Ld=-0.0465 base=-0.0739 r1=0.0145 path=0.0127 cap=0.000179 | Lg=+1.4003 | 17s | curv=+0.289 wide=+0.45 gfmed=0.073
 1710 hold m=8 hq=0.978 PASS | Dr=+0.593/+3.504 |Dr|max=3.504 Df=+0.539 | g r=0.067 f=0.065 p=0.718(0.003) max=2.171 | Ld=+0.0293 base=0.0171 r1=0.00585 path=0.00385 cap=0.00245 | Lg=+1.2826 | 17s | curv=+0.0276 wide=+0.204 gfmed=0.058
 1720 hold m=8 hq=0.979 PASS | Dr=+0.499/+2.778 |Dr|max=2.778 Df=+0.452 | g r=0.063 f=0.065 p=0.597(0.001) max=1.938 | Ld=+0.0420 base=0.0225 r1=0.0108 path=0.00862 | Lg=+1.0568 | 17s | curv=+0.219 wide=+0.387 gfmed=0.057
 1730 hold m=8 hq=0.983 PASS | Dr=+0.582/+3.059 |Dr|max=3.059 Df=+0.539 | g r=0.059 f=0.059 p=0.603(0.001) max=2.017 | Ld=+0.0199 base=0.0144 r1=0.0045 path=0.00104 | Lg=+1.1128 | 17s | curv=+0.0273 wide=+0.189 gfmed=0.035
 1740 hold m=8 hq=0.985 PASS | Dr=+0.568/+2.767 |Dr|max=2.767 Df=+0.525 | g r=0.047 f=0.049 p=0.573(0.001) max=1.905 | Ld=+0.0097 base=0.00552 r1=0.00334 path=0.00079 | Lg=+1.0176 | 17s | curv=+0.0255 wide=+0.188 gfmed=0.039
 1750 hold m=8 hq=0.944 PASS | Dr=+0.568/+2.924 |Dr|max=2.924 Df=+0.534 | g r=0.091 f=0.109 p=0.661(0.002) max=2.267 | Ld=-0.0737 base=-0.0789 r1=0.00456 path=0.000671 | Lg=+1.0732 | 17s | curv=+0.0189 wide=+0.111 gfmed=0.082
 1760 hold m=7 hq=0.640 fail | Dr=+0.526/+1.955 |Dr|max=1.955 Df=+0.443 | g r=0.061 f=0.317 p=0.599(0.000) max=1.914 | Ld=-0.0226 base=-0.0487 r1=0.0113 path=0.00319 cap=0.0117 | Lg=+0.8699 | 18s | curv=+0.409 wide=+0.599 gfmed=0.046
 1770 hold m=4 hq=0.163 fail | Dr=+0.343/+1.547 |Dr|max=1.547 Df=+0.118 | g r=0.157 f=0.987 p=0.854(0.005) max=2.534 | Ld=-0.1660 base=-0.29 r1=0.04 path=0.0497 cap=0.0348 | Lg=+1.0092 | 18s | curv=+1.54 wide=+1.86 gfmed=0.898
 1780 hold m=1 hq=0.026 fail | Dr=-0.157/+0.952 |Dr|max=1.427 Df=-0.780 | g r=0.190 f=1.200 p=0.999(0.010) max=3.306 | Ld=-0.4346 base=-0.553 r1=0.0792 path=0.013 cap=0.0257 | Lg=+1.1384 | 18s | curv=+2.13 wide=+2.61 gfmed=1.068
 1790 hold m=4 hq=0.084 fail | Dr=+0.034/+1.470 |Dr|max=1.725 Df=-0.323 | g r=0.281 f=1.246 p=1.168(0.019) max=3.589 | Ld=+2.3627 base=-0.535 r1=0.0635 path=2.8 cap=0.0369 | Lg=+1.5141 | 18s | curv=+1.63 wide=+2.2 gfmed=1.162
 1800 hold m=2 hq=0.035 fail | Dr=-0.146/+0.706 |Dr|max=0.944 Df=-1.048 | g r=0.255 f=0.925 p=0.959(0.004) max=3.132 | Ld=-0.6366 base=-0.898 r1=0.108 path=0.108 cap=0.0451 | Lg=+1.4364 | 18s | curv=+2.49 wide=+2.99 gfmed=0.854
 1810 hold m=3 hq=0.026 fail | Dr=-0.214/+0.425 |Dr|max=0.755 Df=-1.007 | g r=0.222 f=1.097 p=1.049(0.005) max=3.328 | Ld=-0.5008 base=-0.671 r1=0.114 path=0.00953 cap=0.0471 | Lg=+1.1900 | 18s | curv=+2.12 wide=+2.63 gfmed=1.085
 1820 hold m=5 hq=0.043 fail | Dr=-0.493/+0.007 |Dr|max=1.121 Df=-1.179 | g r=0.210 f=1.302 p=1.084(0.007) max=2.961 | Ld=-0.3348 base=-0.705 r1=0.0938 path=0.248 cap=0.0288 | Lg=+1.1823 | 18s | curv=+1.99 wide=+2.6 gfmed=1.288
 1830 hold m=5 hq=0.027 fail | Dr=-0.160/+0.131 |Dr|max=0.711 Df=-0.901 | g r=0.243 f=1.186 p=1.091(0.004) max=2.613 | Ld=-0.3855 base=-0.702 r1=0.0872 path=0.132 cap=0.0973 | Lg=+1.2432 | 18s | curv=+2.03 wide=+2.54 gfmed=1.229
 1840 hold m=4 hq=0.039 fail | Dr=-0.199/+1.151 |Dr|max=1.943 Df=-0.968 | g r=0.219 f=1.127 p=1.116(0.005) max=3.308 | Ld=-0.6318 base=-0.769 r1=0.104 path=0.00896 cap=0.0243 | Lg=+1.4252 | 18s | curv=+2.02 wide=+2.55 gfmed=1.154
 1850 hold m=5 hq=0.144 fail | Dr=+0.264/+1.496 |Dr|max=1.496 Df=-0.433 | g r=0.229 f=1.399 p=1.127(0.007) max=3.219 | Ld=-0.5533 base=-0.803 r1=0.0851 path=0.0158 cap=0.148 | Lg=+1.3203 | 19s | curv=+2.28 wide=+2.73 gfmed=1.438
 1860 hold m=3 hq=0.018 fail | Dr=+0.518/+1.817 |Dr|max=1.817 Df=-0.444 | g r=0.209 f=1.201 p=1.110(0.003) max=3.067 | Ld=-0.7043 base=-0.849 r1=0.0708 path=0.0183 cap=0.0555 | Lg=+1.3888 | 19s | curv=+1.92 wide=+2.37 gfmed=1.214
 1870 hold m=5 hq=0.218 fail | Dr=+0.638/+1.828 |Dr|max=1.828 Df=+0.106 | g r=0.184 f=0.867 p=1.015(0.006) max=2.587 | Ld=-0.5304 base=-0.691 r1=0.0766 path=0.0462 cap=0.0374 | Lg=+1.2361 | 19s | curv=+1.94 wide=+2.34 gfmed=0.895
 1880 hold m=6 hq=0.097 fail | Dr=+0.540/+2.554 |Dr|max=2.554 Df=-0.192 | g r=0.274 f=1.066 p=1.081(0.008) max=2.945 | Ld=-0.6263 base=-0.791 r1=0.0729 path=0.0492 cap=0.0428 | Lg=+1.4700 | 19s | curv=+2.36 wide=+2.72 gfmed=1.062
 1890 hold m=3 hq=0.135 fail | Dr=-0.589/+0.697 |Dr|max=1.931 Df=-1.020 | g r=0.331 f=1.122 p=0.926(0.005) max=2.841 | Ld=+0.3932 base=-0.24 r1=0.193 path=0.104 cap=0.336 | Lg=+1.0376 | 19s | curv=+2.89 wide=+3.09 gfmed=1.174
 1900 hold m=5 hq=0.096 fail | Dr=-0.753/+1.086 |Dr|max=3.251 Df=-1.481 | g r=0.228 f=0.816 p=1.038(0.005) max=2.656 | Ld=-0.5026 base=-0.628 r1=0.0635 path=0.0214 cap=0.0408 | Lg=+1.3939 | 19s | curv=+2.2 wide=+2.62 gfmed=0.730
 1910 hold m=7 hq=0.082 fail | Dr=+0.159/+1.579 |Dr|max=1.579 Df=-0.533 | g r=0.201 f=1.279 p=1.133(0.018) max=3.010 | Ld=-0.4873 base=-0.605 r1=0.0681 path=0.0244 cap=0.0254 | Lg=+1.2262 | 19s | curv=+1.62 wide=+2.16 gfmed=1.347
 1920 hold m=8 hq=0.249 fail | Dr=-0.560/+0.635 |Dr|max=1.966 Df=-1.027 | g r=0.263 f=1.155 p=1.108(0.006) max=2.782 | Ld=-0.4606 base=-0.617 r1=0.0819 path=0.0541 cap=0.0207 | Lg=+1.2088 | 19s | curv=+1.26 wide=+1.89 gfmed=1.083
 1930 hold m=8 hq=0.184 fail | Dr=-0.815/+0.147 |Dr|max=2.512 Df=-1.278 | g r=0.226 f=1.223 p=1.073(0.005) max=2.924 | Ld=-0.3429 base=-0.526 r1=0.0791 path=0.057 cap=0.0468 | Lg=+1.1075 | 19s | curv=+1.51 wide=+2.08 gfmed=1.319
 1940 hold m=7 hq=0.222 fail | Dr=-0.776/+0.280 |Dr|max=2.617 Df=-1.201 | g r=0.212 f=1.040 p=1.002(0.007) max=2.725 | Ld=-0.3013 base=-0.465 r1=0.0776 path=0.0394 cap=0.0466 | Lg=+1.1668 | 19s | curv=+1.92 wide=+2.39 gfmed=1.079
 1950 hold m=7 hq=0.398 fail | Dr=-0.403/+0.784 |Dr|max=2.263 Df=-0.877 | g r=0.184 f=0.836 p=1.036(0.010) max=2.644 | Ld=-0.3192 base=-0.401 r1=0.0641 path=0.0113 cap=0.00693 | Lg=+1.0983 | 20s | curv=+1.37 wide=+1.87 gfmed=0.725
 1960 hold m=8 hq=0.488 fail | Dr=-0.524/+0.757 |Dr|max=2.916 Df=-0.859 | g r=0.186 f=0.754 p=1.027(0.004) max=2.974 | Ld=-0.2974 base=-0.428 r1=0.0834 path=0.0264 cap=0.0209 | Lg=+1.1917 | 20s | curv=+2 wide=+2.41 gfmed=0.633
 1970 hold m=7 hq=0.333 fail | Dr=-0.609/+0.764 |Dr|max=2.887 Df=-0.980 | g r=0.197 f=1.002 p=1.059(0.008) max=2.712 | Ld=-0.2681 base=-0.371 r1=0.0645 path=0.022 cap=0.0165 | Lg=+1.1220 | 20s | curv=+1.63 wide=+2.1 gfmed=0.983
 1980 hold m=5 hq=0.242 fail | Dr=-0.519/+0.776 |Dr|max=3.500 Df=-1.023 | g r=0.238 f=0.953 p=1.100(0.011) max=2.769 | Ld=-0.3217 base=-0.399 r1=0.0632 path=0.0043 cap=0.00962 | Lg=+1.3327 | 20s | curv=+1.76 wide=+2.32 gfmed=0.901
 1990 hold m=7 hq=0.390 fail | Dr=-0.367/+1.031 |Dr|max=3.335 Df=-0.840 | g r=0.177 f=0.927 p=1.055(0.006) max=2.755 | Ld=-0.2831 base=-0.372 r1=0.0411 path=0.0304 cap=0.0174 | Lg=+1.2000 | 20s | curv=+1.37 wide=+1.83 gfmed=0.856
 2000 hold m=7 hq=0.460 fail | Dr=-0.339/+1.425 |Dr|max=3.555 Df=-0.597 | g r=0.168 f=0.639 p=1.027(0.002) max=2.612 | Ld=-0.1963 base=-0.3 r1=0.0689 path=0.0285 cap=0.00632 | Lg=+1.2974 | 20s | curv=+1.06 wide=+1.57 gfmed=0.494
 2010 hold m=7 hq=0.433 fail | Dr=-0.249/+1.305 |Dr|max=3.484 Df=-0.531 | g r=0.193 f=0.848 p=1.032(0.004) max=2.553 | Ld=-0.2092 base=-0.271 r1=0.0485 path=0.00601 cap=0.00768 | Lg=+1.2301 | 20s | curv=+1.61 wide=+2.05 gfmed=0.792
 2020 hold m=8 hq=0.435 fail | Dr=-0.186/+1.509 |Dr|max=3.257 Df=-0.525 | g r=0.161 f=0.805 p=1.027(0.005) max=2.858 | Ld=-0.3099 base=-0.367 r1=0.0489 path=0.00219 cap=0.00581 | Lg=+1.2016 | 20s | curv=+0.549 wide=+1.07 gfmed=0.640
 2030 hold m=8 hq=0.796 fail | Dr=-0.142/+1.368 |Dr|max=3.487 Df=-0.361 | g r=0.149 f=0.315 p=0.947(0.007) max=2.417 | Ld=-0.2673 base=-0.326 r1=0.0392 path=0.00495 cap=0.0144 | Lg=+1.1757 | 20s | curv=+0.653 wide=+1.05 gfmed=0.141
 2040 hold m=8 hq=0.829 fail | Dr=-0.070/+1.456 |Dr|max=3.170 Df=-0.252 | g r=0.128 f=0.299 p=0.900(0.001) max=2.697 | Ld=-0.1607 base=-0.225 r1=0.0563 path=0.00348 cap=0.00482 | Lg=+1.1037 | 20s | curv=+0.713 wide=+1.14 gfmed=0.117
 2050 hold m=8 hq=0.825 fail | Dr=-0.147/+1.691 |Dr|max=3.473 Df=-0.330 | g r=0.134 f=0.290 p=0.911(0.002) max=2.694 | Ld=-0.1596 base=-0.215 r1=0.0378 path=0.0117 cap=0.006 | Lg=+1.1730 | 21s | curv=+0.148 wide=+0.616 gfmed=0.137
 2060 hold m=8 hq=0.835 fail | Dr=+0.111/+1.804 |Dr|max=3.466 Df=-0.072 | g r=0.158 f=0.290 p=0.947(0.001) max=2.575 | Ld=-0.1628 base=-0.225 r1=0.0322 path=0.0275 cap=0.00248 | Lg=+1.2641 | 21s | curv=+0.691 wide=+1.1 gfmed=0.150
 2070 hold m=8 hq=0.822 fail | Dr=-0.015/+1.885 |Dr|max=2.609 Df=-0.200 | g r=0.154 f=0.290 p=0.907(0.009) max=2.945 | Ld=-0.1348 base=-0.195 r1=0.0383 path=0.0191 cap=0.0033 | Lg=+1.1557 | 21s | curv=+0.276 wide=+0.718 gfmed=0.199
 2080 hold m=8 hq=0.855 fail | Dr=+0.071/+1.830 |Dr|max=3.289 Df=-0.081 | g r=0.140 f=0.232 p=0.926(0.005) max=2.411 | Ld=-0.1301 base=-0.188 r1=0.0314 path=0.0204 cap=0.00651 | Lg=+1.2842 | 21s | curv=+0.87 wide=+1.2 gfmed=0.117
 2090 hold m=8 hq=0.824 fail | Dr=-0.195/+1.552 |Dr|max=4.005 Df=-0.345 | g r=0.171 f=0.277 p=0.958(0.009) max=2.698 | Ld=-0.1585 base=-0.189 r1=0.026 path=0.00236 cap=0.00258 | Lg=+1.3221 | 21s | curv=+0.542 wide=+0.933 gfmed=0.173
 2100 hold m=8 hq=0.812 fail | Dr=+0.221/+1.345 |Dr|max=2.190 Df=+0.028 | g r=0.125 f=0.276 p=0.803(0.002) max=2.782 | Ld=-0.1081 base=-0.181 r1=0.0536 path=0.00668 cap=0.0131 | Lg=+1.0581 | 21s | curv=+0.19 wide=+0.625 gfmed=0.108
 2110 hold m=8 hq=0.791 fail | Dr=+0.250/+1.450 |Dr|max=2.428 Df=+0.060 | g r=0.176 f=0.310 p=0.838(0.007) max=2.313 | Ld=-0.0937 base=-0.158 r1=0.0403 path=0.0116 cap=0.0124 | Lg=+1.0937 | 21s | curv=+0.562 wide=+0.878 gfmed=0.178
 2120 hold m=8 hq=0.881 fail | Dr=+0.159/+1.500 |Dr|max=1.904 Df=+0.039 | g r=0.130 f=0.227 p=0.770(0.005) max=2.318 | Ld=-0.0610 base=-0.107 r1=0.0206 path=0.0245 cap=0.00129 | Lg=+0.9959 | 21s | curv=+0.271 wide=+0.64 gfmed=0.122
 2130 hold m=8 hq=0.867 fail | Dr=+0.261/+1.670 |Dr|max=2.302 Df=+0.096 | g r=0.144 f=0.254 p=0.794(0.006) max=2.311 | Ld=-0.0522 base=-0.116 r1=0.025 path=0.0296 cap=0.00885 | Lg=+1.1028 | 21s | curv=+0.349 wide=+0.678 gfmed=0.149
 2140 hold m=8 hq=0.829 fail | Dr=+0.087/+1.277 |Dr|max=2.609 Df=-0.017 | g r=0.156 f=0.235 p=0.780(0.003) max=2.635 | Ld=-0.0985 base=-0.209 r1=0.0422 path=0.0356 cap=0.0325 | Lg=+1.0437 | 22s | curv=+0.519 wide=+0.757 gfmed=0.178
 2150 hold m=8 hq=0.858 fail | Dr=-0.036/+1.189 |Dr|max=2.023 Df=-0.170 | g r=0.126 f=0.236 p=0.794(0.005) max=2.344 | Ld=-0.1154 base=-0.164 r1=0.0193 path=0.0256 cap=0.00382 | Lg=+1.0486 | 22s | curv=+0.838 wide=+1.14 gfmed=0.100
 2160 hold m=8 hq=0.912 PASS | Dr=-0.253/+1.914 |Dr|max=3.582 Df=-0.388 | g r=0.112 f=0.178 p=0.847(0.003) max=2.491 | Ld=-0.1799 base=-0.201 r1=0.0169 path=0.00374 cap=0.000752 | Lg=+1.1983 | 22s | curv=+0.289 wide=+0.598 gfmed=0.096
 2170 hold m=8 hq=0.870 fail | Dr=-0.077/+1.306 |Dr|max=2.056 Df=-0.232 | g r=0.111 f=0.231 p=0.751(0.005) max=2.321 | Ld=-0.0712 base=-0.118 r1=0.0215 path=0.0227 cap=0.00234 | Lg=+0.9551 | 22s | curv=+0.318 wide=+0.635 gfmed=0.090
 2180 hold m=8 hq=0.852 fail | Dr=+0.010/+1.201 |Dr|max=2.207 Df=-0.115 | g r=0.098 f=0.199 p=0.716(0.001) max=2.378 | Ld=-0.0663 base=-0.106 r1=0.0341 path=0.00519 cap=0.000553 | Lg=+0.9792 | 22s | curv=+0.477 wide=+0.711 gfmed=0.079
 2190 hold m=8 hq=0.892 fail | Dr=+0.049/+1.451 |Dr|max=2.399 Df=-0.063 | g r=0.135 f=0.227 p=0.809(0.002) max=2.433 | Ld=-0.0741 base=-0.112 r1=0.0236 path=0.00732 cap=0.00687 | Lg=+1.1018 | 22s | curv=+0.621 wide=+0.904 gfmed=0.113
 2200 hold m=8 hq=0.879 fail | Dr=+0.196/+1.284 |Dr|max=1.284 Df=+0.062 | g r=0.076 f=0.205 p=0.759(0.001) max=2.388 | Ld=-0.1018 base=-0.126 r1=0.013 path=0.00996 cap=0.00126 | Lg=+0.9643 | 22s | curv=+0.371 wide=+0.723 gfmed=0.049
 2210 hold m=8 hq=0.813 fail | Dr=+0.185/+1.464 |Dr|max=1.696 Df=+0.075 | g r=0.104 f=0.232 p=0.773(0.003) max=2.534 | Ld=-0.0342 base=-0.086 r1=0.0371 path=0.0136 cap=0.000988 | Lg=+1.0259 | 22s | curv=+0.614 wide=+0.893 gfmed=0.086
 2220 hold m=8 hq=0.875 fail | Dr=+0.440/+1.620 |Dr|max=1.620 Df=+0.296 | g r=0.108 f=0.237 p=0.813(0.002) max=2.510 | Ld=-0.0983 base=-0.148 r1=0.018 path=0.0299 cap=0.00168 | Lg=+1.0045 | 22s | curv=+0.408 wide=+0.745 gfmed=0.103
 2230 hold m=8 hq=0.844 fail | Dr=+0.370/+1.782 |Dr|max=1.782 Df=+0.231 | g r=0.107 f=0.266 p=0.832(0.002) max=2.683 | Ld=-0.1076 base=-0.15 r1=0.0198 path=0.0172 cap=0.00534 | Lg=+1.0002 | 23s | curv=+0.47 wide=+0.757 gfmed=0.087
 2240 hold m=8 hq=0.911 PASS | Dr=+0.449/+1.494 |Dr|max=1.494 Df=+0.357 | g r=0.100 f=0.181 p=0.740(0.004) max=2.149 | Ld=+0.0054 base=-0.045 r1=0.0157 path=0.0307 cap=0.004 | Lg=+0.9322 | 23s | curv=+0.405 wide=+0.684 gfmed=0.077
 2250 hold m=8 hq=0.906 PASS | Dr=+0.242/+1.891 |Dr|max=2.150 Df=+0.144 | g r=0.088 f=0.180 p=0.801(0.002) max=2.423 | Ld=-0.0906 base=-0.153 r1=0.0335 path=0.0286 cap=0.000691 | Lg=+1.0851 | 23s | curv=+0.187 wide=+0.475 gfmed=0.074
 2260 hold m=8 hq=0.904 PASS | Dr=-0.039/+1.838 |Dr|max=2.692 Df=-0.142 | g r=0.138 f=0.212 p=0.839(0.005) max=2.500 | Ld=-0.1442 base=-0.181 r1=0.0246 path=0.00741 cap=0.00513 | Lg=+1.0945 | 23s | curv=+0.69 wide=+0.893 gfmed=0.110
 2270 hold m=8 hq=0.922 PASS | Dr=+0.074/+1.755 |Dr|max=1.821 Df=-0.025 | g r=0.092 f=0.174 p=0.859(0.004) max=2.557 | Ld=-0.1326 base=-0.155 r1=0.0165 path=0.00336 cap=0.00218 | Lg=+1.1549 | 23s | curv=+0.284 wide=+0.538 gfmed=0.081
 2280 hold m=8 hq=0.890 fail | Dr=+0.371/+1.969 |Dr|max=1.969 Df=+0.269 | g r=0.092 f=0.211 p=0.813(0.000) max=2.361 | Ld=-0.0971 base=-0.158 r1=0.0124 path=0.0487 cap=0.000141 | Lg=+1.0410 | 23s | curv=+0.389 wide=+0.595 gfmed=0.074
 2290 hold m=8 hq=0.415 fail | Dr=+0.084/+1.820 |Dr|max=2.113 Df=-0.132 | g r=0.104 f=0.573 p=0.844(0.005) max=2.290 | Ld=-0.1402 base=-0.18 r1=0.0207 path=0.0183 cap=0.000861 | Lg=+1.0111 | 23s | curv=+0.859 wide=+1.1 gfmed=0.336
 2300 hold m=8 hq=0.608 fail | Dr=+0.110/+1.165 |Dr|max=2.011 Df=-0.065 | g r=0.121 f=0.504 p=0.886(0.001) max=2.387 | Ld=-0.0941 base=-0.138 r1=0.0314 path=0.0023 cap=0.0107 | Lg=+1.0011 | 23s | curv=+0.936 wide=+1.23 gfmed=0.165
 2310 hold m=7 hq=0.340 fail | Dr=+0.188/+1.658 |Dr|max=1.747 Df=-0.153 | g r=0.153 f=0.628 p=0.990(0.007) max=2.572 | Ld=-0.2561 base=-0.311 r1=0.0317 path=0.0062 cap=0.0171 | Lg=+1.1591 | 23s | curv=+0.891 wide=+1.28 gfmed=0.523
 2320 hold m=8 hq=0.561 fail | Dr=+0.175/+1.634 |Dr|max=2.162 Df=-0.004 | g r=0.157 f=0.639 p=1.026(0.008) max=2.596 | Ld=-0.3539 base=-0.397 r1=0.034 path=0.00418 cap=0.00483 | Lg=+1.2438 | 23s | curv=+0.808 wide=+1.24 gfmed=0.310
 2330 hold m=8 hq=0.754 fail | Dr=+0.357/+1.671 |Dr|max=1.787 Df=+0.246 | g r=0.116 f=0.363 p=0.827(0.003) max=2.247 | Ld=-0.1131 base=-0.16 r1=0.0296 path=0.0165 cap=0.00117 | Lg=+0.9720 | 24s | curv=+0.793 wide=+1.1 gfmed=0.156
 2340 hold m=8 hq=0.804 fail | Dr=+0.389/+1.465 |Dr|max=1.465 Df=+0.285 | g r=0.101 f=0.323 p=0.856(0.003) max=2.250 | Ld=-0.0741 base=-0.107 r1=0.0214 path=0.00922 cap=0.00197 | Lg=+0.9275 | 24s | curv=+0.578 wide=+0.968 gfmed=0.094
 2350 hold m=6 hq=0.467 fail | Dr=+0.383/+1.916 |Dr|max=1.916 Df=+0.055 | g r=0.157 f=0.453 p=0.936(0.002) max=2.512 | Ld=-0.1271 base=-0.184 r1=0.0298 path=0.016 cap=0.0111 | Lg=+0.9931 | 24s | curv=+1.08 wide=+1.41 gfmed=0.254
 2360 hold m=7 hq=0.240 fail | Dr=+0.312/+1.817 |Dr|max=1.817 Df=+0.067 | g r=0.162 f=0.750 p=1.018(0.004) max=2.689 | Ld=-0.3294 base=-0.361 r1=0.0284 path=0.00316 cap=0.000348 | Lg=+1.2008 | 24s | curv=+0.863 wide=+1.22 gfmed=0.547
 2370 hold m=7 hq=0.621 fail | Dr=+0.543/+2.175 |Dr|max=2.175 Df=+0.297 | g r=0.116 f=0.525 p=0.953(0.005) max=2.419 | Ld=-0.1016 base=-0.141 r1=0.0193 path=0.0148 cap=0.00506 | Lg=+0.9717 | 24s | curv=+0.758 wide=+1.18 gfmed=0.139
 2380 hold m=6 hq=0.443 fail | Dr=+0.638/+2.226 |Dr|max=2.226 Df=+0.354 | g r=0.155 f=0.474 p=0.944(0.002) max=2.506 | Ld=-0.1163 base=-0.162 r1=0.0318 path=0.00657 cap=0.00696 | Lg=+1.0407 | 24s | curv=+1.07 wide=+1.42 gfmed=0.212
 2390 hold m=7 hq=0.187 fail | Dr=+0.588/+2.152 |Dr|max=2.152 Df=+0.283 | g r=0.139 f=0.820 p=0.960(0.009) max=2.482 | Ld=-0.1739 base=-0.25 r1=0.0555 path=0.0056 cap=0.0154 | Lg=+1.0677 | 24s | curv=+0.952 wide=+1.36 gfmed=0.699
 2400 hold m=7 hq=0.268 fail | Dr=+0.338/+1.449 |Dr|max=1.945 Df=+0.058 | g r=0.144 f=0.908 p=0.969(0.001) max=2.424 | Ld=-0.2423 base=-0.293 r1=0.0428 path=0.00242 cap=0.00531 | Lg=+1.0845 | 24s | curv=+1.31 wide=+1.66 gfmed=0.777
# shift (1,0) after 2400; frozen copy on new target: m=3 hq=0.001
 2410 post m=8 hq=0.458 fail | Dr=+0.454/+1.265 |Dr|max=1.265 Df=+0.359 | g r=0.190 f=0.380 p=0.645(0.002) max=2.395 | Ld=+0.0705 base=-0.118 r1=0.0664 path=0.121 cap=0.000608 | Lg=+0.8025 | 24s | curv=+1.05 wide=+1.25 gfmed=0.234
 2420 post m=8 hq=0.493 fail | Dr=+0.500/+1.192 |Dr|max=1.192 Df=+0.418 | g r=0.144 f=0.467 p=0.661(0.004) max=2.522 | Ld=-0.0703 base=-0.131 r1=0.0345 path=0.0251 cap=0.00121 | Lg=+0.8226 | 25s | curv=+1.18 wide=+1.48 gfmed=0.304
 2430 post m=5 hq=0.149 fail | Dr=+0.567/+1.450 |Dr|max=1.450 Df=+0.268 | g r=0.179 f=0.913 p=0.818(0.011) max=2.375 | Ld=-0.1327 base=-0.19 r1=0.0469 path=0.00926 cap=0.00137 | Lg=+0.8717 | 25s | curv=+1.6 wide=+1.9 gfmed=0.947
 2440 post m=7 hq=0.303 fail | Dr=+0.655/+1.550 |Dr|max=1.550 Df=+0.428 | g r=0.177 f=0.645 p=0.806(0.004) max=2.426 | Ld=-0.0870 base=-0.175 r1=0.0625 path=0.0078 cap=0.0179 | Lg=+0.8467 | 25s | curv=+1.6 wide=+1.96 gfmed=0.505
 2450 post m=7 hq=0.406 fail | Dr=+0.650/+1.780 |Dr|max=1.780 Df=+0.355 | g r=0.145 f=0.710 p=0.805(0.005) max=2.300 | Ld=-0.1665 base=-0.237 r1=0.0514 path=0.00432 cap=0.0148 | Lg=+0.9077 | 25s | curv=+1.43 wide=+1.83 gfmed=0.626
 2460 post m=8 hq=0.604 fail | Dr=+0.718/+1.463 |Dr|max=1.463 Df=+0.620 | g r=0.183 f=0.567 p=0.775(0.004) max=2.323 | Ld=+0.0162 base=-0.0883 r1=0.0778 path=0.0239 cap=0.00279 | Lg=+0.8280 | 25s | curv=+0.952 wide=+1.38 gfmed=0.231
 2470 post m=8 hq=0.447 fail | Dr=+0.467/+1.167 |Dr|max=1.167 Df=+0.308 | g r=0.142 f=0.801 p=0.794(0.009) max=2.372 | Ld=-0.1153 base=-0.159 r1=0.0362 path=0.00475 cap=0.00263 | Lg=+0.8694 | 25s | curv=+1.23 wide=+1.63 gfmed=0.638
 2480 post m=8 hq=0.678 fail | Dr=+0.608/+1.886 |Dr|max=1.886 Df=+0.512 | g r=0.117 f=0.517 p=0.733(0.002) max=2.306 | Ld=-0.0816 base=-0.118 r1=0.0337 path=0.00205 cap=0.00034 | Lg=+0.8603 | 25s | curv=+0.981 wide=+1.35 gfmed=0.176
 2490 post m=8 hq=0.688 fail | Dr=+0.732/+1.759 |Dr|max=1.759 Df=+0.662 | g r=0.138 f=0.420 p=0.726(0.006) max=2.204 | Ld=-0.0212 base=-0.0765 r1=0.0522 path=0.00244 cap=0.000625 | Lg=+0.8481 | 25s | curv=+0.902 wide=+1.26 gfmed=0.163
 2500 post m=8 hq=0.743 fail | Dr=+0.501/+1.865 |Dr|max=1.865 Df=+0.410 | g r=0.108 f=0.407 p=0.749(0.004) max=2.353 | Ld=-0.0636 base=-0.1 r1=0.0302 path=0.00295 cap=0.00367 | Lg=+0.8329 | 25s | curv=+0.862 wide=+1.25 gfmed=0.126
 2510 post m=8 hq=0.863 fail | Dr=+0.614/+2.016 |Dr|max=2.016 Df=+0.578 | g r=0.107 f=0.202 p=0.719(0.003) max=2.178 | Ld=-0.0175 base=-0.0613 r1=0.0264 path=0.0173 cap=5.17e-05 | Lg=+0.8211 | 25s | curv=+0.341 wide=+0.754 gfmed=0.107
 2520 post m=8 hq=0.844 fail | Dr=+0.521/+2.330 |Dr|max=2.330 Df=+0.474 | g r=0.128 f=0.202 p=0.716(0.004) max=2.600 | Ld=+0.0201 base=-0.00357 r1=0.0168 path=0.00575 cap=0.00114 | Lg=+0.8558 | 26s | curv=+0.371 wide=+0.714 gfmed=0.123
 2530 post m=8 hq=0.901 PASS | Dr=+0.536/+2.238 |Dr|max=2.238 Df=+0.487 | g r=0.137 f=0.193 p=0.694(0.002) max=2.232 | Ld=+0.0008 base=-0.0425 r1=0.041 path=0.0018 cap=0.000454 | Lg=+0.8675 | 26s | curv=-0.0566 wide=+0.334 gfmed=0.116
 2540 post m=8 hq=0.888 fail | Dr=+0.320/+1.303 |Dr|max=1.303 Df=+0.287 | g r=0.126 f=0.200 p=0.682(0.002) max=2.614 | Ld=+0.0363 base=-0.00665 r1=0.0289 path=0.0105 cap=0.00354 | Lg=+0.8391 | 26s | curv=+0.127 wide=+0.486 gfmed=0.111
 2550 post m=8 hq=0.904 PASS | Dr=+0.280/+1.763 |Dr|max=1.763 Df=+0.242 | g r=0.117 f=0.175 p=0.622(0.003) max=2.416 | Ld=-0.0006 base=-0.0318 r1=0.0275 path=0.0035 cap=0.000282 | Lg=+0.8451 | 26s | curv=+0.474 wide=+0.717 gfmed=0.108
 2560 post m=8 hq=0.906 PASS | Dr=+0.512/+2.292 |Dr|max=2.292 Df=+0.467 | g r=0.091 f=0.169 p=0.686(0.001) max=2.358 | Ld=-0.0359 base=-0.0517 r1=0.0126 path=0.00129 cap=0.00187 | Lg=+0.8918 | 26s | curv=+0.385 wide=+0.675 gfmed=0.074
 2570 post m=8 hq=0.898 fail | Dr=+0.569/+2.829 |Dr|max=2.829 Df=+0.519 | g r=0.109 f=0.192 p=0.654(0.003) max=2.536 | Ld=-0.0279 base=-0.0409 r1=0.0104 path=0.00229 cap=0.000317 | Lg=+0.9600 | 26s | curv=+0.0976 wide=+0.351 gfmed=0.096
 2580 post m=8 hq=0.908 PASS | Dr=+0.265/+2.157 |Dr|max=2.157 Df=+0.226 | g r=0.089 f=0.159 p=0.653(0.007) max=2.384 | Ld=-0.0179 base=-0.0637 r1=0.033 path=0.0127 cap=0.000137 | Lg=+0.8805 | 26s | curv=+0.597 wide=+0.801 gfmed=0.087
 2590 post m=8 hq=0.916 PASS | Dr=+0.232/+1.915 |Dr|max=1.915 Df=+0.208 | g r=0.074 f=0.130 p=0.621(0.002) max=2.223 | Ld=-0.0513 base=-0.069 r1=0.00918 path=0.00125 cap=0.00723 | Lg=+0.9038 | 26s | curv=+0.434 wide=+0.563 gfmed=0.058
 2600 post m=8 hq=0.927 PASS | Dr=+0.370/+2.017 |Dr|max=2.017 Df=+0.333 | g r=0.103 f=0.162 p=0.700(0.003) max=2.453 | Ld=-0.0155 base=-0.0445 r1=0.0106 path=0.0145 cap=0.00388 | Lg=+0.9565 | 26s | curv=-0.0629 wide=+0.2 gfmed=0.099
 2610 post m=8 hq=0.938 PASS | Dr=+0.287/+2.232 |Dr|max=2.232 Df=+0.257 | g r=0.089 f=0.137 p=0.668(0.002) max=2.161 | Ld=-0.0155 base=-0.0347 r1=0.0158 path=0.00328 cap=0.000136 | Lg=+0.9221 | 27s | curv=+0.0801 wide=+0.292 gfmed=0.081
 2620 post m=8 hq=0.890 fail | Dr=+0.409/+3.004 |Dr|max=3.004 Df=+0.362 | g r=0.087 f=0.176 p=0.683(0.001) max=2.448 | Ld=-0.0724 base=-0.0959 r1=0.0109 path=0.012 cap=0.000558 | Lg=+0.9815 | 27s | curv=+0.268 wide=+0.448 gfmed=0.068
 2630 post m=8 hq=0.894 fail | Dr=+0.234/+2.469 |Dr|max=2.469 Df=+0.193 | g r=0.092 f=0.171 p=0.668(0.004) max=2.403 | Ld=-0.0560 base=-0.0676 r1=0.00925 path=0.000925 cap=0.00149 | Lg=+0.9177 | 27s | curv=+0.0734 wide=+0.281 gfmed=0.077
 2640 post m=8 hq=0.890 fail | Dr=+0.226/+1.999 |Dr|max=1.999 Df=+0.190 | g r=0.097 f=0.173 p=0.642(0.005) max=2.098 | Ld=-0.0649 base=-0.0972 r1=0.0245 path=0.00272 cap=0.00502 | Lg=+0.8439 | 27s | curv=+0.564 wide=+0.691 gfmed=0.093
 2650 post m=8 hq=0.895 fail | Dr=+0.460/+2.620 |Dr|max=2.620 Df=+0.426 | g r=0.117 f=0.211 p=0.703(0.006) max=2.489 | Ld=-0.0635 base=-0.0951 r1=0.0237 path=0.00657 cap=0.00128 | Lg=+0.9608 | 27s | curv=+0.458 wide=+0.62 gfmed=0.100
 2660 post m=8 hq=0.936 PASS | Dr=+0.330/+1.722 |Dr|max=1.722 Df=+0.309 | g r=0.093 f=0.141 p=0.675(0.003) max=2.164 | Ld=-0.0185 base=-0.0478 r1=0.0242 path=0.00497 cap=0.000186 | Lg=+0.8449 | 27s | curv=+0.0505 wide=+0.25 gfmed=0.073
 2670 post m=8 hq=0.877 fail | Dr=+0.262/+1.483 |Dr|max=1.483 Df=+0.232 | g r=0.092 f=0.165 p=0.706(0.005) max=2.257 | Ld=-0.0122 base=-0.0442 r1=0.0219 path=0.00936 cap=0.000743 | Lg=+0.8927 | 27s | curv=+0.274 wide=+0.437 gfmed=0.078
 2680 post m=8 hq=0.954 PASS | Dr=+0.187/+1.220 |Dr|max=1.466 Df=+0.177 | g r=0.098 f=0.118 p=0.617(0.003) max=2.351 | Ld=+0.0356 base=0.00684 r1=0.0116 path=0.0172 cap=3.25e-06 | Lg=+0.8765 | 27s | curv=+0.239 wide=+0.422 gfmed=0.065
 2690 post m=8 hq=0.960 PASS | Dr=+0.258/+1.784 |Dr|max=1.784 Df=+0.244 | g r=0.094 f=0.104 p=0.649(0.002) max=2.182 | Ld=+0.0084 base=-0.00601 r1=0.0114 path=0.00226 cap=0.000823 | Lg=+0.8717 | 27s | curv=+0.244 wide=+0.415 gfmed=0.073
 2700 post m=8 hq=0.966 PASS | Dr=+0.225/+2.115 |Dr|max=2.115 Df=+0.216 | g r=0.088 f=0.088 p=0.639(0.001) max=2.152 | Ld=-0.0314 base=-0.0508 r1=0.00806 path=0.0107 cap=0.000639 | Lg=+0.8751 | 28s | curv=+0.229 wide=+0.403 gfmed=0.061
 2710 post m=8 hq=0.973 PASS | Dr=+0.151/+1.761 |Dr|max=1.761 Df=+0.140 | g r=0.053 f=0.060 p=0.642(0.001) max=2.123 | Ld=-0.0397 base=-0.0474 r1=0.00637 path=0.00129 cap=3.51e-05 | Lg=+0.8778 | 28s | curv=+0.18 wide=+0.359 gfmed=0.049
 2720 post m=8 hq=0.965 PASS | Dr=+0.357/+2.391 |Dr|max=2.391 Df=+0.338 | g r=0.059 f=0.061 p=0.671(0.001) max=2.623 | Ld=-0.0456 base=-0.0658 r1=0.00753 path=0.0121 cap=0.000568 | Lg=+0.9390 | 28s | curv=+0.136 wide=+0.282 gfmed=0.047
 2730 post m=8 hq=0.972 PASS | Dr=+0.310/+1.810 |Dr|max=1.810 Df=+0.294 | g r=0.088 f=0.085 p=0.623(0.003) max=2.065 | Ld=+0.0279 base=0.0102 r1=0.00709 path=0.00713 cap=0.00342 | Lg=+0.8954 | 28s | curv=+0.187 wide=+0.311 gfmed=0.075
 2740 post m=8 hq=0.959 PASS | Dr=+0.355/+2.612 |Dr|max=2.612 Df=+0.345 | g r=0.077 f=0.091 p=0.667(0.002) max=2.266 | Ld=-0.0461 base=-0.0571 r1=0.00531 path=0.00474 cap=0.000977 | Lg=+0.9802 | 28s | curv=-0.0392 wide=+0.154 gfmed=0.071
 2750 post m=8 hq=0.964 PASS | Dr=+0.205/+2.503 |Dr|max=2.503 Df=+0.201 | g r=0.091 f=0.090 p=0.656(0.001) max=2.222 | Ld=-0.0241 base=-0.0383 r1=0.0131 path=0.00106 cap=0.000126 | Lg=+0.9930 | 28s | curv=+0.116 wide=+0.244 gfmed=0.076
 2760 post m=8 hq=0.959 PASS | Dr=+0.331/+2.907 |Dr|max=2.907 Df=+0.320 | g r=0.104 f=0.096 p=0.704(0.003) max=2.377 | Ld=-0.0264 base=-0.0444 r1=0.0142 path=0.00368 cap=0.000197 | Lg=+1.0551 | 28s | curv=+0.101 wide=+0.225 gfmed=0.084
 2770 post m=8 hq=0.972 PASS | Dr=+0.057/+1.005 |Dr|max=1.128 Df=+0.053 | g r=0.068 f=0.076 p=0.621(0.004) max=2.243 | Ld=-0.0292 base=-0.0415 r1=0.0059 path=0.00639 cap=1.3e-05 | Lg=+0.8804 | 28s | curv=+0.0383 wide=+0.175 gfmed=0.054
 2780 post m=8 hq=0.969 PASS | Dr=+0.160/+1.494 |Dr|max=1.741 Df=+0.151 | g r=0.082 f=0.085 p=0.638(0.004) max=2.054 | Ld=+0.0222 base=-0.00451 r1=0.0101 path=0.0114 cap=0.00531 | Lg=+0.9449 | 28s | curv=+0.306 wide=+0.406 gfmed=0.078
 2790 post m=8 hq=0.968 PASS | Dr=+0.333/+2.061 |Dr|max=2.061 Df=+0.323 | g r=0.057 f=0.062 p=0.633(0.002) max=2.080 | Ld=+0.0190 base=0.00783 r1=0.00756 path=0.00356 cap=1.6e-07 | Lg=+0.9379 | 29s | curv=+0.124 wide=+0.23 gfmed=0.050
 2800 post m=8 hq=0.965 PASS | Dr=+0.280/+1.956 |Dr|max=1.956 Df=+0.276 | g r=0.069 f=0.076 p=0.577(0.000) max=2.078 | Ld=-0.0276 base=-0.0435 r1=0.0136 path=0.00137 cap=0.000896 | Lg=+0.8900 | 29s | curv=+0.193 wide=+0.284 gfmed=0.052
 2810 post m=8 hq=0.971 PASS | Dr=+0.271/+1.811 |Dr|max=1.811 Df=+0.274 | g r=0.044 f=0.046 p=0.572(0.000) max=2.037 | Ld=+0.0016 base=-0.0136 r1=0.00816 path=0.00701 cap=1.53e-06 | Lg=+0.8496 | 29s | curv=+0.0239 wide=+0.15 gfmed=0.036
 2820 post m=8 hq=0.967 PASS | Dr=+0.203/+1.932 |Dr|max=1.932 Df=+0.204 | g r=0.085 f=0.093 p=0.687(0.002) max=2.291 | Ld=-0.0458 base=-0.0567 r1=0.00716 path=0.00377 cap=1.63e-05 | Lg=+0.9727 | 29s | curv=+0.145 wide=+0.223 gfmed=0.076
 2830 post m=8 hq=0.968 PASS | Dr=+0.325/+2.316 |Dr|max=2.316 Df=+0.333 | g r=0.070 f=0.069 p=0.592(0.001) max=2.220 | Ld=+0.0086 base=-0.00893 r1=0.0124 path=0.00177 cap=0.00335 | Lg=+0.9292 | 29s | curv=+0.0607 wide=+0.173 gfmed=0.044
 2840 post m=8 hq=0.941 PASS | Dr=+0.282/+2.435 |Dr|max=2.435 Df=+0.285 | g r=0.077 f=0.083 p=0.739(0.005) max=2.588 | Ld=-0.0559 base=-0.067 r1=0.0071 path=0.00351 cap=0.000443 | Lg=+1.0798 | 29s | curv=+0.166 wide=+0.321 gfmed=0.056
 2850 post m=8 hq=0.971 PASS | Dr=+0.378/+2.685 |Dr|max=2.685 Df=+0.369 | g r=0.072 f=0.077 p=0.673(0.001) max=2.372 | Ld=-0.0157 base=-0.0257 r1=0.00855 path=0.00115 cap=0.000378 | Lg=+0.9742 | 29s | curv=+0.206 wide=+0.348 gfmed=0.068
 2860 post m=8 hq=0.971 PASS | Dr=+0.516/+3.194 |Dr|max=3.194 Df=+0.526 | g r=0.073 f=0.072 p=0.623(0.002) max=2.408 | Ld=-0.0225 base=-0.0375 r1=0.0114 path=0.00322 cap=0.000508 | Lg=+0.9935 | 29s | curv=+0.173 wide=+0.281 gfmed=0.071
 2870 post m=8 hq=0.979 PASS | Dr=+0.226/+2.157 |Dr|max=2.157 Df=+0.228 | g r=0.060 f=0.059 p=0.543(0.005) max=1.917 | Ld=+0.0229 base=-0.012 r1=0.0241 path=0.0108 cap=6.48e-06 | Lg=+0.8555 | 30s | curv=+0.16 wide=+0.294 gfmed=0.047
 2880 post m=8 hq=0.975 PASS | Dr=+0.343/+2.353 |Dr|max=2.353 Df=+0.338 | g r=0.066 f=0.070 p=0.568(0.002) max=1.848 | Ld=+0.0226 base=0.0117 r1=0.00588 path=0.00502 cap=5.51e-06 | Lg=+0.8632 | 30s | curv=+0.121 wide=+0.288 gfmed=0.057
 2890 post m=8 hq=0.977 PASS | Dr=+0.361/+2.977 |Dr|max=2.977 Df=+0.366 | g r=0.088 f=0.090 p=0.635(0.002) max=2.639 | Ld=-0.0005 base=-0.0102 r1=0.00726 path=0.00233 cap=0.000138 | Lg=+0.9557 | 30s | curv=+0.211 wide=+0.351 gfmed=0.082
 2900 post m=8 hq=0.981 PASS | Dr=+0.380/+2.912 |Dr|max=2.912 Df=+0.381 | g r=0.053 f=0.055 p=0.623(0.005) max=2.109 | Ld=-0.0476 base=-0.0785 r1=0.00675 path=0.0242 | Lg=+0.9489 | 30s | curv=+0.271 wide=+0.373 gfmed=0.041
 2910 post m=8 hq=0.982 PASS | Dr=+0.467/+2.507 |Dr|max=2.507 Df=+0.466 | g r=0.060 f=0.056 p=0.579(0.001) max=2.099 | Ld=+0.0035 base=-0.00952 r1=0.00416 path=0.00726 cap=0.00156 | Lg=+0.8647 | 30s | curv=+0.166 wide=+0.308 gfmed=0.047
 2920 post m=8 hq=0.945 PASS | Dr=+0.347/+3.503 |Dr|max=3.503 Df=+0.346 | g r=0.106 f=0.115 p=0.780(0.002) max=2.629 | Ld=-0.1016 base=-0.112 r1=0.00501 path=0.00499 cap=0.000318 | Lg=+1.2386 | 30s | curv=+0.311 wide=+0.424 gfmed=0.089
 2930 post m=8 hq=0.980 PASS | Dr=+0.338/+2.701 |Dr|max=2.701 Df=+0.340 | g r=0.061 f=0.063 p=0.579(0.002) max=2.305 | Ld=-0.0365 base=-0.0402 r1=0.00239 path=0.00129 cap=2.99e-05 | Lg=+0.9089 | 30s | curv=+0.0374 wide=+0.178 gfmed=0.049
 2940 post m=8 hq=0.980 PASS | Dr=+0.017/+1.988 |Dr|max=1.988 Df=+0.022 | g r=0.037 f=0.038 p=0.538(0.000) max=1.934 | Ld=-0.0031 base=-0.00768 r1=0.00313 path=0.00147 | Lg=+0.8679 | 30s | curv=+0.0745 wide=+0.19 gfmed=0.028
 2950 post m=8 hq=0.944 PASS | Dr=+0.395/+4.223 |Dr|max=4.223 Df=+0.400 | g r=0.118 f=0.140 p=0.817(0.001) max=2.519 | Ld=-0.0871 base=-0.102 r1=0.00577 path=0.00535 cap=0.00427 | Lg=+1.3541 | 30s | curv=-0.057 wide=+0.119 gfmed=0.104
 2960 post m=8 hq=0.982 PASS | Dr=+0.227/+2.565 |Dr|max=2.565 Df=+0.229 | g r=0.049 f=0.048 p=0.550(0.004) max=1.902 | Ld=-0.0094 base=-0.0185 r1=0.00341 path=0.00567 | Lg=+0.9323 | 31s | curv=+0.218 wide=+0.356 gfmed=0.037
 2970 post m=8 hq=0.985 PASS | Dr=+0.267/+1.812 |Dr|max=1.812 Df=+0.263 | g r=0.043 f=0.045 p=0.505(0.002) max=1.825 | Ld=+0.0193 base=0.0137 r1=0.00414 path=0.00147 cap=1.02e-05 | Lg=+0.8066 | 31s | curv=+0.063 wide=+0.153 gfmed=0.038
 2980 post m=8 hq=0.982 PASS | Dr=+0.079/+1.798 |Dr|max=1.798 Df=+0.073 | g r=0.054 f=0.055 p=0.534(0.001) max=1.924 | Ld=+0.0154 base=-0.000521 r1=0.00689 path=0.00904 cap=3.72e-06 | Lg=+0.8258 | 31s | curv=+0.0652 wide=+0.184 gfmed=0.047
 2990 post m=8 hq=0.979 PASS | Dr=+0.107/+2.387 |Dr|max=2.387 Df=+0.105 | g r=0.038 f=0.038 p=0.539(0.001) max=1.984 | Ld=-0.0292 base=-0.0331 r1=0.0023 path=0.00148 cap=6.6e-05 | Lg=+0.8573 | 31s | curv=+0.109 wide=+0.239 gfmed=0.025
 3000 post m=8 hq=0.977 PASS | Dr=+0.102/+2.115 |Dr|max=2.115 Df=+0.102 | g r=0.044 f=0.044 p=0.565(0.000) max=1.996 | Ld=-0.0193 base=-0.0297 r1=0.00311 path=0.00546 cap=0.00186 | Lg=+0.8811 | 31s | curv=+0.0573 wide=+0.195 gfmed=0.034
 3010 post m=8 hq=0.979 PASS | Dr=+0.027/+2.240 |Dr|max=2.240 Df=+0.038 | g r=0.059 f=0.063 p=0.544(0.002) max=1.931 | Ld=+0.0330 base=0.0228 r1=0.005 path=0.00506 cap=0.000212 | Lg=+0.9204 | 31s | curv=+0.0933 wide=+0.221 gfmed=0.054
 3020 post m=8 hq=0.971 PASS | Dr=+0.363/+2.983 |Dr|max=2.983 Df=+0.372 | g r=0.073 f=0.082 p=0.566(0.001) max=2.240 | Ld=+0.0131 base=0.000983 r1=0.00624 path=0.00576 cap=0.000112 | Lg=+0.9355 | 31s | curv=+0.0759 wide=+0.191 gfmed=0.058
 3030 post m=8 hq=0.983 PASS | Dr=+0.365/+2.988 |Dr|max=2.988 Df=+0.372 | g r=0.037 f=0.038 p=0.579(0.001) max=2.115 | Ld=-0.0620 base=-0.0696 r1=0.00281 path=0.00478 | Lg=+0.9876 | 31s | curv=+0.135 wide=+0.25 gfmed=0.028
 3040 post m=8 hq=0.982 PASS | Dr=+0.094/+1.443 |Dr|max=1.443 Df=+0.101 | g r=0.047 f=0.047 p=0.553(0.002) max=2.061 | Ld=-0.0145 base=-0.0195 r1=0.00253 path=0.00251 | Lg=+0.8219 | 32s | curv=+0.0497 wide=+0.144 gfmed=0.037
 3050 post m=8 hq=0.984 PASS | Dr=+0.276/+2.537 |Dr|max=2.537 Df=+0.284 | g r=0.048 f=0.046 p=0.610(0.001) max=2.149 | Ld=-0.0552 base=-0.0629 r1=0.00622 path=0.00142 cap=1e-05 | Lg=+0.9304 | 32s | curv=+0.143 wide=+0.227 gfmed=0.037
 3060 post m=8 hq=0.982 PASS | Dr=+0.199/+2.204 |Dr|max=2.204 Df=+0.202 | g r=0.065 f=0.065 p=0.589(0.002) max=2.125 | Ld=+0.0004 base=-0.00793 r1=0.00558 path=0.00241 cap=0.000379 | Lg=+0.9013 | 32s | curv=+0.112 wide=+0.221 gfmed=0.056
 3070 post m=8 hq=0.976 PASS | Dr=+0.130/+1.605 |Dr|max=1.635 Df=+0.124 | g r=0.051 f=0.052 p=0.607(0.001) max=2.075 | Ld=-0.0135 base=-0.019 r1=0.00418 path=0.00137 | Lg=+0.9758 | 32s | curv=+0.135 wide=+0.213 gfmed=0.041
 3080 post m=8 hq=0.980 PASS | Dr=+0.187/+2.630 |Dr|max=2.630 Df=+0.188 | g r=0.074 f=0.075 p=0.729(0.002) max=2.229 | Ld=-0.0767 base=-0.0901 r1=0.0116 path=0.00177 cap=2.43e-05 | Lg=+1.1170 | 32s | curv=+0.35 wide=+0.41 gfmed=0.059
 3090 post m=8 hq=0.983 PASS | Dr=+0.224/+2.162 |Dr|max=2.162 Df=+0.226 | g r=0.080 f=0.078 p=0.678(0.001) max=2.054 | Ld=+0.0015 base=-0.015 r1=0.00783 path=0.00737 cap=0.0013 | Lg=+1.0003 | 32s | curv=+0.296 wide=+0.362 gfmed=0.066
 3100 post m=8 hq=0.978 PASS | Dr=+0.255/+2.568 |Dr|max=2.568 Df=+0.260 | g r=0.050 f=0.051 p=0.619(0.001) max=1.988 | Ld=+0.0161 base=0.00778 r1=0.00407 path=0.00421 cap=2.75e-05 | Lg=+0.9119 | 32s | curv=+0.0253 wide=+0.138 gfmed=0.042
 3110 post m=8 hq=0.976 PASS | Dr=+0.140/+1.585 |Dr|max=1.585 Df=+0.148 | g r=0.067 f=0.065 p=0.614(0.005) max=1.982 | Ld=+0.0197 base=0.0107 r1=0.00301 path=0.00401 cap=0.00195 | Lg=+0.8977 | 32s | curv=+0.0587 wide=+0.144 gfmed=0.061
 3120 post m=8 hq=0.972 PASS | Dr=+0.249/+2.494 |Dr|max=2.494 Df=+0.258 | g r=0.057 f=0.062 p=0.645(0.003) max=2.390 | Ld=-0.0390 base=-0.0448 r1=0.00416 path=0.0016 cap=3.52e-07 | Lg=+0.9667 | 32s | curv=+0.0796 wide=+0.183 gfmed=0.042
 3130 post m=8 hq=0.982 PASS | Dr=+0.305/+2.206 |Dr|max=2.206 Df=+0.309 | g r=0.054 f=0.056 p=0.587(0.003) max=2.089 | Ld=+0.0094 base=-0.00103 r1=0.00347 path=0.00696 cap=1.08e-05 | Lg=+0.9068 | 33s | curv=+0.11 wide=+0.214 gfmed=0.044
 3140 post m=8 hq=0.979 PASS | Dr=+0.214/+1.267 |Dr|max=1.267 Df=+0.223 | g r=0.047 f=0.048 p=0.494(0.002) max=1.761 | Ld=+0.0067 base=0.00126 r1=0.00344 path=0.00197 | Lg=+0.7933 | 33s | curv=+0.0893 wide=+0.147 gfmed=0.039
 3150 post m=8 hq=0.981 PASS | Dr=+0.142/+2.596 |Dr|max=2.596 Df=+0.157 | g r=0.063 f=0.062 p=0.558(0.001) max=2.173 | Ld=+0.0023 base=-0.0143 r1=0.00437 path=0.0119 cap=0.000259 | Lg=+0.9302 | 33s | curv=+0.137 wide=+0.245 gfmed=0.047
 3160 post m=8 hq=0.983 PASS | Dr=+0.203/+0.997 |Dr|max=0.997 Df=+0.210 | g r=0.039 f=0.040 p=0.446(0.001) max=1.874 | Ld=+0.0327 base=0.0294 r1=0.00217 path=0.00115 | Lg=+0.7614 | 33s | curv=+0.049 wide=+0.115 gfmed=0.024
 3170 post m=8 hq=0.986 PASS | Dr=+0.329/+1.323 |Dr|max=1.323 Df=+0.332 | g r=0.038 f=0.040 p=0.487(0.002) max=1.826 | Ld=+0.0020 base=-0.00197 r1=0.00211 path=0.00186 | Lg=+0.8022 | 33s | curv=+0.0979 wide=+0.165 gfmed=0.035
 3180 post m=8 hq=0.979 PASS | Dr=+0.322/+1.647 |Dr|max=1.647 Df=+0.322 | g r=0.045 f=0.047 p=0.534(0.000) max=2.036 | Ld=-0.0211 base=-0.0292 r1=0.00741 path=0.000666 | Lg=+0.8526 | 33s | curv=-0.0222 wide=+0.0688 gfmed=0.041
 3190 post m=8 hq=0.983 PASS | Dr=+0.303/+1.760 |Dr|max=1.760 Df=+0.299 | g r=0.060 f=0.062 p=0.500(0.001) max=1.808 | Ld=+0.0194 base=0.00701 r1=0.00835 path=0.00408 | Lg=+0.8264 | 33s | curv=+0.18 wide=+0.247 gfmed=0.061
 3200 post m=8 hq=0.970 PASS | Dr=+0.257/+0.940 |Dr|max=0.940 Df=+0.259 | g r=0.058 f=0.059 p=0.469(0.001) max=1.854 | Ld=+0.0287 base=0.0181 r1=0.00836 path=0.0021 cap=0.000155 | Lg=+0.7860 | 33s | curv=+0.048 wide=+0.119 gfmed=0.045
 3210 post m=8 hq=0.985 PASS | Dr=+0.610/+3.135 |Dr|max=3.135 Df=+0.611 | g r=0.055 f=0.056 p=0.620(0.001) max=2.441 | Ld=-0.0353 base=-0.0387 r1=0.00178 path=0.00138 cap=0.000276 | Lg=+1.0258 | 33s | curv=-0.0487 wide=+0.0435 gfmed=0.040
 3220 post m=8 hq=0.982 PASS | Dr=+0.148/+1.477 |Dr|max=1.477 Df=+0.148 | g r=0.032 f=0.034 p=0.553(0.000) max=1.995 | Ld=-0.0139 base=-0.0174 r1=0.00209 path=0.00137 cap=1.75e-06 | Lg=+0.8604 | 34s | curv=+0.0492 wide=+0.142 gfmed=0.024
 3230 post m=8 hq=0.968 PASS | Dr=+0.393/+2.411 |Dr|max=2.411 Df=+0.397 | g r=0.077 f=0.078 p=0.584(0.001) max=2.172 | Ld=-0.0036 base=-0.0126 r1=0.00296 path=0.00322 cap=0.00286 | Lg=+0.9111 | 34s | curv=+0.0903 wide=+0.164 gfmed=0.073
 3240 post m=8 hq=0.965 PASS | Dr=+0.278/+2.313 |Dr|max=2.313 Df=+0.285 | g r=0.053 f=0.054 p=0.627(0.001) max=1.973 | Ld=-0.0318 base=-0.0456 r1=0.00888 path=0.0049 cap=1.99e-05 | Lg=+1.0436 | 34s | curv=+0.0933 wide=+0.182 gfmed=0.041
 3250 post m=8 hq=0.974 PASS | Dr=+0.476/+2.917 |Dr|max=2.917 Df=+0.491 | g r=0.067 f=0.070 p=0.611(0.003) max=2.054 | Ld=+0.0820 base=0.0734 r1=0.00538 path=0.0022 cap=0.00101 | Lg=+0.9646 | 34s | curv=+0.0344 wide=+0.124 gfmed=0.057
 3260 post m=8 hq=0.976 PASS | Dr=+0.247/+2.300 |Dr|max=2.300 Df=+0.256 | g r=0.067 f=0.070 p=0.600(0.000) max=1.978 | Ld=+0.0256 base=0.0114 r1=0.00587 path=0.00828 cap=5.68e-05 | Lg=+0.9267 | 34s | curv=+0.278 wide=+0.376 gfmed=0.053
 3270 post m=8 hq=0.974 PASS | Dr=+0.239/+2.240 |Dr|max=2.240 Df=+0.245 | g r=0.058 f=0.057 p=0.693(0.002) max=2.439 | Ld=-0.0429 base=-0.0515 r1=0.00363 path=0.00487 | Lg=+1.0749 | 34s | curv=+0.193 wide=+0.288 gfmed=0.032
 3280 post m=8 hq=0.977 PASS | Dr=+0.469/+1.892 |Dr|max=1.892 Df=+0.485 | g r=0.078 f=0.077 p=0.619(0.002) max=2.037 | Ld=+0.0534 base=0.0384 r1=0.00462 path=0.01 cap=0.000319 | Lg=+0.8982 | 34s | curv=+0.159 wide=+0.252 gfmed=0.065
 3290 post m=8 hq=0.981 PASS | Dr=+0.296/+1.787 |Dr|max=1.787 Df=+0.303 | g r=0.072 f=0.073 p=0.568(0.002) max=1.903 | Ld=+0.0789 base=0.0716 r1=0.003 path=0.00359 cap=0.000771 | Lg=+0.8778 | 34s | curv=+0.117 wide=+0.243 gfmed=0.056
 3300 post m=8 hq=0.986 PASS | Dr=+0.195/+1.601 |Dr|max=1.601 Df=+0.207 | g r=0.033 f=0.035 p=0.521(0.002) max=1.743 | Ld=+0.0454 base=0.0421 r1=0.00236 path=0.000879 | Lg=+0.8290 | 35s | curv=+0.0567 wide=+0.138 gfmed=0.027
 3310 post m=8 hq=0.981 PASS | Dr=+0.334/+1.802 |Dr|max=1.802 Df=+0.343 | g r=0.037 f=0.042 p=0.619(0.001) max=2.100 | Ld=-0.0046 base=-0.0112 r1=0.00475 path=0.00186 | Lg=+0.9488 | 35s | curv=+0.0229 wide=+0.0952 gfmed=0.027
 3320 post m=8 hq=0.952 PASS | Dr=+0.421/+3.104 |Dr|max=3.104 Df=+0.430 | g r=0.099 f=0.114 p=0.648(0.003) max=2.704 | Ld=-0.0353 base=-0.0511 r1=0.0119 path=0.00137 cap=0.00256 | Lg=+1.0967 | 35s | curv=-0.218 wide=-0.0829 gfmed=0.080
 3330 post m=8 hq=0.983 PASS | Dr=+0.121/+2.105 |Dr|max=2.105 Df=+0.128 | g r=0.039 f=0.038 p=0.601(0.000) max=2.211 | Ld=-0.0237 base=-0.0278 r1=0.00211 path=0.00202 cap=5.5e-07 | Lg=+0.9936 | 35s | curv=+0.0887 wide=+0.195 gfmed=0.027
 3340 post m=8 hq=0.985 PASS | Dr=+0.250/+3.080 |Dr|max=3.080 Df=+0.266 | g r=0.068 f=0.066 p=0.652(0.001) max=2.288 | Ld=-0.0312 base=-0.046 r1=0.00672 path=0.00753 cap=0.000524 | Lg=+1.0750 | 35s | curv=+0.129 wide=+0.227 gfmed=0.057
 3350 post m=8 hq=0.970 PASS | Dr=+0.044/+2.341 |Dr|max=2.341 Df=+0.057 | g r=0.053 f=0.052 p=0.572(0.002) max=1.844 | Ld=-0.0136 base=-0.0299 r1=0.0109 path=0.0054 | Lg=+0.9689 | 35s | curv=+0.241 wide=+0.313 gfmed=0.042
 3360 post m=8 hq=0.973 PASS | Dr=+0.135/+2.575 |Dr|max=2.575 Df=+0.154 | g r=0.065 f=0.065 p=0.573(0.003) max=2.161 | Ld=+0.0424 base=0.0288 r1=0.0061 path=0.0074 cap=0.000113 | Lg=+0.9227 | 35s | curv=+0.247 wide=+0.35 gfmed=0.054
 3370 post m=8 hq=0.970 PASS | Dr=-0.023/+1.952 |Dr|max=1.952 Df=-0.018 | g r=0.047 f=0.049 p=0.542(0.001) max=2.062 | Ld=+0.0196 base=0.000888 r1=0.0112 path=0.00702 cap=0.000509 | Lg=+0.9224 | 35s | curv=+0.122 wide=+0.228 gfmed=0.039
 3380 post m=8 hq=0.984 PASS | Dr=+0.272/+1.966 |Dr|max=1.966 Df=+0.279 | g r=0.042 f=0.044 p=0.574(0.002) max=1.942 | Ld=-0.0061 base=-0.0157 r1=0.00565 path=0.00392 | Lg=+0.8968 | 35s | curv=+0.0528 wide=+0.172 gfmed=0.033
 3390 post m=8 hq=0.984 PASS | Dr=+0.406/+2.011 |Dr|max=2.011 Df=+0.413 | g r=0.046 f=0.050 p=0.531(0.002) max=2.000 | Ld=+0.0288 base=0.0242 r1=0.00249 path=0.00205 cap=0.000101 | Lg=+0.8551 | 36s | curv=+0.033 wide=+0.158 gfmed=0.040
 3400 post m=8 hq=0.970 PASS | Dr=+0.432/+2.510 |Dr|max=2.510 Df=+0.456 | g r=0.056 f=0.065 p=0.534(0.004) max=2.247 | Ld=+0.0047 base=-0.00386 r1=0.00375 path=0.00433 cap=0.000485 | Lg=+0.8993 | 36s | curv=+0.105 wide=+0.218 gfmed=0.049
 3410 post m=8 hq=0.984 PASS | Dr=+0.391/+1.569 |Dr|max=1.569 Df=+0.404 | g r=0.059 f=0.057 p=0.477(0.003) max=1.726 | Ld=+0.0292 base=0.0214 r1=0.0053 path=0.00249 | Lg=+0.7680 | 36s | curv=+0.0371 wide=+0.137 gfmed=0.044
 3420 post m=8 hq=0.984 PASS | Dr=+0.251/+1.129 |Dr|max=1.129 Df=+0.266 | g r=0.054 f=0.048 p=0.526(0.001) max=1.930 | Ld=-0.0151 base=-0.0204 r1=0.00288 path=0.00242 | Lg=+0.8091 | 36s | curv=+0.0934 wide=+0.191 gfmed=0.032
 3430 post m=8 hq=0.981 PASS | Dr=+0.413/+2.322 |Dr|max=2.322 Df=+0.433 | g r=0.056 f=0.054 p=0.588(0.001) max=2.163 | Ld=-0.0270 base=-0.0326 r1=0.00395 path=0.00146 cap=0.000173 | Lg=+0.9434 | 36s | curv=+0.125 wide=+0.233 gfmed=0.050
 3440 post m=8 hq=0.986 PASS | Dr=+0.341/+2.401 |Dr|max=2.401 Df=+0.352 | g r=0.061 f=0.065 p=0.537(0.002) max=2.463 | Ld=-0.0053 base=-0.00916 r1=0.00298 path=0.00088 cap=7.19e-08 | Lg=+0.8880 | 36s | curv=-0.0268 wide=+0.0858 gfmed=0.054
 3450 post m=8 hq=0.986 PASS | Dr=+0.344/+2.493 |Dr|max=2.493 Df=+0.356 | g r=0.057 f=0.059 p=0.520(0.001) max=2.268 | Ld=+0.0061 base=-0.00483 r1=0.00377 path=0.00721 | Lg=+0.9277 | 36s | curv=+0.027 wide=+0.133 gfmed=0.044
 3460 post m=8 hq=0.958 PASS | Dr=+0.316/+2.281 |Dr|max=2.281 Df=+0.331 | g r=0.082 f=0.079 p=0.588(0.003) max=2.174 | Ld=-0.0239 base=-0.033 r1=0.00836 path=0.000794 cap=1.22e-05 | Lg=+1.0347 | 36s | curv=+0.0938 wide=+0.195 gfmed=0.067
 3470 post m=8 hq=0.984 PASS | Dr=+0.373/+1.843 |Dr|max=1.843 Df=+0.379 | g r=0.044 f=0.045 p=0.521(0.001) max=2.041 | Ld=+0.0241 base=0.0158 r1=0.00296 path=0.00536 cap=3.61e-07 | Lg=+0.8954 | 36s | curv=+0.112 wide=+0.173 gfmed=0.038
 3480 post m=8 hq=0.985 PASS | Dr=+0.407/+1.991 |Dr|max=1.991 Df=+0.405 | g r=0.063 f=0.063 p=0.540(0.002) max=2.388 | Ld=-0.0186 base=-0.0235 r1=0.00383 path=0.00102 cap=1.6e-05 | Lg=+0.9012 | 37s | curv=+0.0366 wide=+0.111 gfmed=0.052
 3490 post m=8 hq=0.978 PASS | Dr=+0.427/+2.050 |Dr|max=2.050 Df=+0.417 | g r=0.060 f=0.056 p=0.485(0.003) max=1.838 | Ld=+0.0141 base=0.00121 r1=0.00922 path=0.00371 | Lg=+0.9228 | 37s | curv=+0.204 wide=+0.246 gfmed=0.052
 3500 post m=8 hq=0.985 PASS | Dr=+0.354/+1.132 |Dr|max=1.132 Df=+0.357 | g r=0.026 f=0.025 p=0.428(0.001) max=1.617 | Ld=+0.0120 base=0.0104 r1=0.00112 path=0.000469 | Lg=+0.7905 | 37s | curv=-0.00544 wide=+0.0685 gfmed=0.022
 3510 post m=8 hq=0.983 PASS | Dr=+0.346/+1.153 |Dr|max=1.153 Df=+0.361 | g r=0.044 f=0.044 p=0.421(0.001) max=1.918 | Ld=+0.0232 base=0.0117 r1=0.00317 path=0.00743 cap=0.000962 | Lg=+0.7523 | 37s | curv=+0.0532 wide=+0.11 gfmed=0.033
 3520 post m=8 hq=0.987 PASS | Dr=+0.268/+1.576 |Dr|max=1.576 Df=+0.296 | g r=0.064 f=0.062 p=0.441(0.001) max=2.141 | Ld=+0.0169 base=0.00776 r1=0.00709 path=0.00155 cap=0.000523 | Lg=+0.7901 | 37s | curv=+0.156 wide=+0.204 gfmed=0.050
 3530 post m=8 hq=0.980 PASS | Dr=+0.218/+0.840 |Dr|max=0.840 Df=+0.228 | g r=0.026 f=0.027 p=0.344(0.001) max=1.669 | Ld=+0.0201 base=0.0142 r1=0.00103 path=0.00489 | Lg=+0.7399 | 37s | curv=+0.106 wide=+0.154 gfmed=0.020
 3540 post m=8 hq=0.985 PASS | Dr=+0.277/+1.526 |Dr|max=1.526 Df=+0.283 | g r=0.035 f=0.035 p=0.404(0.001) max=1.530 | Ld=-0.0002 base=-0.00557 r1=0.0016 path=0.00381 | Lg=+0.7829 | 37s | curv=+0.0349 wide=+0.119 gfmed=0.031
 3550 post m=6 hq=0.475 fail | Dr=+0.079/+0.708 |Dr|max=0.761 Df=+0.025 | g r=0.072 f=0.314 p=0.490(0.005) max=1.917 | Ld=+0.0440 base=0.0109 r1=0.0243 path=0.00883 | Lg=+0.7721 | 37s | curv=+0.614 wide=+0.749 gfmed=0.069
 3560 post m=5 hq=0.047 fail | Dr=-0.207/+0.862 |Dr|max=1.020 Df=-0.565 | g r=0.149 f=0.788 p=0.850(0.003) max=2.608 | Ld=-0.1529 base=-0.21 r1=0.042 path=0.0103 cap=0.00503 | Lg=+0.9126 | 37s | curv=+1.42 wide=+1.78 gfmed=0.756
 3570 post m=8 hq=0.372 fail | Dr=-0.143/+0.470 |Dr|max=1.082 Df=-0.251 | g r=0.137 f=0.687 p=0.768(0.006) max=2.624 | Ld=-0.1632 base=-0.219 r1=0.0417 path=0.00212 cap=0.0122 | Lg=+0.8686 | 38s | curv=+1.45 wide=+1.8 gfmed=0.445
 3580 post m=5 hq=0.235 fail | Dr=-0.016/+0.617 |Dr|max=0.810 Df=-0.305 | g r=0.165 f=0.971 p=0.865(0.000) max=2.438 | Ld=-0.3658 base=-0.507 r1=0.0901 path=0.0107 cap=0.0405 | Lg=+1.0307 | 38s | curv=+1.31 wide=+1.69 gfmed=0.926
 3590 post m=8 hq=0.385 fail | Dr=-0.112/+0.378 |Dr|max=0.970 Df=-0.281 | g r=0.164 f=0.775 p=0.792(0.005) max=2.299 | Ld=-0.2113 base=-0.309 r1=0.0657 path=0.00243 cap=0.0293 | Lg=+0.8972 | 38s | curv=+1.62 wide=+1.98 gfmed=0.599
 3600 post m=5 hq=0.323 fail | Dr=-0.233/+0.149 |Dr|max=1.141 Df=-0.727 | g r=0.158 f=0.756 p=0.847(0.003) max=2.596 | Ld=-0.3090 base=-0.356 r1=0.0409 path=0.00124 cap=0.00514 | Lg=+0.9783 | 38s | curv=+1.83 wide=+2.26 gfmed=0.679
 3610 post m=7 hq=0.116 fail | Dr=-0.173/+0.403 |Dr|max=1.016 Df=-0.588 | g r=0.185 f=1.144 p=0.933(0.009) max=2.487 | Ld=-0.2949 base=-0.366 r1=0.0508 path=0.000723 cap=0.0194 | Lg=+0.9478 | 38s | curv=+1.64 wide=+2.15 gfmed=1.242
 3620 post m=6 hq=0.259 fail | Dr=+0.152/+1.370 |Dr|max=1.370 Df=-0.079 | g r=0.135 f=0.736 p=0.779(0.007) max=2.272 | Ld=-0.1064 base=-0.152 r1=0.0399 path=0.00264 cap=0.00355 | Lg=+0.8427 | 38s | curv=+1.4 wide=+1.82 gfmed=0.760
 3630 post m=8 hq=0.417 fail | Dr=+0.036/+0.544 |Dr|max=0.551 Df=-0.258 | g r=0.146 f=0.706 p=0.786(0.006) max=2.218 | Ld=-0.1182 base=-0.181 r1=0.0491 path=0.000785 cap=0.0124 | Lg=+0.8204 | 38s | curv=+1.38 wide=+1.83 gfmed=0.546
 3640 post m=8 hq=0.342 fail | Dr=+0.152/+0.720 |Dr|max=0.720 Df=-0.045 | g r=0.140 f=0.832 p=0.838(0.004) max=2.807 | Ld=-0.1709 base=-0.21 r1=0.0326 path=0.0033 cap=0.00291 | Lg=+0.8599 | 38s | curv=+0.942 wide=+1.47 gfmed=0.684
 3650 post m=8 hq=0.504 fail | Dr=+0.284/+1.281 |Dr|max=1.281 Df=+0.163 | g r=0.141 f=0.691 p=0.802(0.001) max=2.620 | Ld=-0.1468 base=-0.205 r1=0.0384 path=0.00113 cap=0.0191 | Lg=+0.8433 | 38s | curv=+1.39 wide=+1.8 gfmed=0.540
 3660 post m=8 hq=0.521 fail | Dr=+0.430/+1.273 |Dr|max=1.273 Df=+0.271 | g r=0.187 f=0.739 p=0.907(0.008) max=2.539 | Ld=-0.2467 base=-0.304 r1=0.0482 path=0.000951 cap=0.00823 | Lg=+0.9508 | 39s | curv=+1.51 wide=+1.98 gfmed=0.479
 3670 post m=8 hq=0.352 fail | Dr=+0.339/+0.813 |Dr|max=0.813 Df=+0.076 | g r=0.151 f=0.731 p=0.834(0.008) max=2.657 | Ld=-0.1502 base=-0.181 r1=0.0278 path=0.00117 cap=0.00163 | Lg=+0.8456 | 39s | curv=+0.774 wide=+1.26 gfmed=0.510
 3680 post m=8 hq=0.410 fail | Dr=+0.470/+1.429 |Dr|max=1.429 Df=+0.217 | g r=0.114 f=0.605 p=0.823(0.001) max=2.451 | Ld=-0.1372 base=-0.171 r1=0.0313 path=0.000802 cap=0.00177 | Lg=+0.8261 | 39s | curv=+0.754 wide=+1.27 gfmed=0.425
 3690 post m=8 hq=0.552 fail | Dr=+0.678/+1.441 |Dr|max=1.441 Df=+0.594 | g r=0.215 f=0.684 p=0.810(0.007) max=2.354 | Ld=-0.1295 base=-0.251 r1=0.0349 path=0.00124 cap=0.0854 | Lg=+0.9188 | 39s | curv=+1.73 wide=+2.06 gfmed=0.554
 3700 post m=8 hq=0.478 fail | Dr=+0.479/+1.287 |Dr|max=1.287 Df=+0.376 | g r=0.133 f=0.694 p=0.777(0.012) max=2.504 | Ld=-0.1045 base=-0.162 r1=0.035 path=0.00144 cap=0.0207 | Lg=+0.8678 | 39s | curv=+1.01 wide=+1.42 gfmed=0.456
 3710 post m=8 hq=0.504 fail | Dr=+0.574/+1.405 |Dr|max=1.405 Df=+0.426 | g r=0.104 f=0.588 p=0.743(0.004) max=2.346 | Ld=-0.1027 base=-0.14 r1=0.0359 path=0.00125 cap=0.000316 | Lg=+0.8719 | 39s | curv=+0.653 wide=+1.08 gfmed=0.284
 3720 post m=8 hq=0.593 fail | Dr=+0.389/+1.355 |Dr|max=1.355 Df=+0.258 | g r=0.107 f=0.601 p=0.718(0.001) max=2.354 | Ld=-0.0878 base=-0.112 r1=0.02 path=0.0022 cap=0.00183 | Lg=+0.8488 | 39s | curv=+0.751 wide=+1.13 gfmed=0.228
 3730 post m=8 hq=0.531 fail | Dr=+0.460/+1.355 |Dr|max=1.355 Df=+0.312 | g r=0.102 f=0.598 p=0.725(0.004) max=2.382 | Ld=-0.0966 base=-0.122 r1=0.0234 path=0.00113 cap=0.00099 | Lg=+0.8587 | 39s | curv=+0.758 wide=+1.13 gfmed=0.272
 3740 post m=8 hq=0.830 fail | Dr=+0.454/+1.798 |Dr|max=1.798 Df=+0.401 | g r=0.110 f=0.298 p=0.686(0.002) max=2.388 | Ld=-0.0692 base=-0.0839 r1=0.0127 path=0.00194 cap=3.42e-05 | Lg=+0.8923 | 40s | curv=+0.239 wide=+0.603 gfmed=0.098
 3750 post m=8 hq=0.921 PASS | Dr=+0.519/+2.272 |Dr|max=2.272 Df=+0.486 | g r=0.095 f=0.180 p=0.658(0.001) max=2.361 | Ld=-0.0568 base=-0.0748 r1=0.0159 path=0.000992 cap=0.00117 | Lg=+0.9751 | 40s | curv=+0.458 wide=+0.734 gfmed=0.088
 3760 post m=8 hq=0.911 PASS | Dr=+0.449/+1.476 |Dr|max=1.476 Df=+0.422 | g r=0.082 f=0.163 p=0.559(0.002) max=1.913 | Ld=+0.0171 base=-0.000149 r1=0.0122 path=0.00442 cap=0.000652 | Lg=+0.8066 | 40s | curv=+0.343 wide=+0.598 gfmed=0.061
 3770 post m=8 hq=0.919 PASS | Dr=+0.437/+1.736 |Dr|max=1.736 Df=+0.413 | g r=0.057 f=0.137 p=0.544(0.001) max=1.948 | Ld=+0.0260 base=0.0184 r1=0.00542 path=0.00217 | Lg=+0.8538 | 40s | curv=+0.192 wide=+0.433 gfmed=0.049
 3780 post m=8 hq=0.930 PASS | Dr=+0.469/+2.527 |Dr|max=2.527 Df=+0.449 | g r=0.073 f=0.149 p=0.689(0.002) max=2.421 | Ld=-0.0809 base=-0.0995 r1=0.0148 path=0.00346 cap=0.000278 | Lg=+1.1010 | 40s | curv=+0.286 wide=+0.487 gfmed=0.054
 3790 post m=8 hq=0.907 PASS | Dr=+0.727/+2.996 |Dr|max=2.996 Df=+0.696 | g r=0.063 f=0.139 p=0.765(0.001) max=2.463 | Ld=-0.1132 base=-0.132 r1=0.0107 path=0.00727 cap=0.000805 | Lg=+1.2459 | 40s | curv=+0.201 wide=+0.429 gfmed=0.050
 3800 post m=8 hq=0.909 PASS | Dr=+0.465/+2.359 |Dr|max=2.359 Df=+0.430 | g r=0.070 f=0.144 p=0.591(0.002) max=2.197 | Ld=-0.0403 base=-0.0554 r1=0.00982 path=0.00524 cap=6.8e-05 | Lg=+1.0151 | 40s | curv=+0.0196 wide=+0.259 gfmed=0.054
 3810 post m=8 hq=0.936 PASS | Dr=+0.330/+2.940 |Dr|max=2.940 Df=+0.307 | g r=0.062 f=0.099 p=0.701(0.003) max=2.410 | Ld=-0.0849 base=-0.0994 r1=0.0109 path=0.00356 cap=0.000107 | Lg=+1.2816 | 40s | curv=+0.219 wide=+0.415 gfmed=0.047
 3820 post m=8 hq=0.953 PASS | Dr=+0.392/+2.794 |Dr|max=2.794 Df=+0.373 | g r=0.050 f=0.065 p=0.701(0.001) max=2.227 | Ld=-0.0598 base=-0.0709 r1=0.00518 path=0.00585 cap=1.63e-05 | Lg=+1.2368 | 40s | curv=+0.215 wide=+0.406 gfmed=0.038
 3830 post m=8 hq=0.963 PASS | Dr=+0.487/+2.374 |Dr|max=2.374 Df=+0.482 | g r=0.053 f=0.061 p=0.612(0.003) max=2.080 | Ld=-0.0531 base=-0.0751 r1=0.0131 path=0.00888 | Lg=+1.0844 | 41s | curv=+0.281 wide=+0.435 gfmed=0.045
 3840 post m=8 hq=0.966 PASS | Dr=+0.343/+2.462 |Dr|max=2.557 Df=+0.331 | g r=0.056 f=0.061 p=0.701(0.002) max=2.178 | Ld=-0.0122 base=-0.0247 r1=0.00707 path=0.00461 cap=0.000836 | Lg=+1.2471 | 41s | curv=+0.32 wide=+0.464 gfmed=0.045
 3850 post m=8 hq=0.963 PASS | Dr=+0.633/+2.644 |Dr|max=2.644 Df=+0.619 | g r=0.102 f=0.097 p=0.653(0.004) max=1.929 | Ld=+0.0900 base=0.0625 r1=0.0163 path=0.00443 cap=0.00683 | Lg=+1.1128 | 41s | curv=+0.0432 wide=+0.198 gfmed=0.089
 3860 post m=8 hq=0.981 PASS | Dr=+0.323/+2.106 |Dr|max=2.106 Df=+0.309 | g r=0.046 f=0.049 p=0.581(0.002) max=1.863 | Ld=-0.0060 base=-0.0116 r1=0.00418 path=0.00134 | Lg=+1.0266 | 41s | curv=+0.121 wide=+0.274 gfmed=0.041
 3870 post m=8 hq=0.975 PASS | Dr=+0.363/+2.698 |Dr|max=2.698 Df=+0.342 | g r=0.088 f=0.091 p=0.702(0.002) max=2.165 | Ld=-0.0440 base=-0.0638 r1=0.00889 path=0.0106 cap=0.000318 | Lg=+1.2629 | 41s | curv=+0.172 wide=+0.299 gfmed=0.072
 3880 post m=8 hq=0.984 PASS | Dr=+0.271/+2.321 |Dr|max=2.321 Df=+0.253 | g r=0.051 f=0.051 p=0.604(0.003) max=2.246 | Ld=-0.0326 base=-0.041 r1=0.00572 path=0.00263 cap=2.86e-05 | Lg=+1.1417 | 41s | curv=+0.0666 wide=+0.218 gfmed=0.042
 3890 post m=8 hq=0.952 PASS | Dr=+0.308/+2.404 |Dr|max=2.451 Df=+0.302 | g r=0.090 f=0.086 p=0.693(0.004) max=2.372 | Ld=-0.0412 base=-0.0498 r1=0.00681 path=0.00173 cap=4.52e-05 | Lg=+1.2011 | 41s | curv=+0.266 wide=+0.404 gfmed=0.081
 3900 post m=8 hq=0.977 PASS | Dr=+0.343/+2.760 |Dr|max=2.760 Df=+0.319 | g r=0.074 f=0.071 p=0.703(0.004) max=2.467 | Ld=-0.0676 base=-0.0817 r1=0.00408 path=0.00999 cap=9.45e-05 | Lg=+1.2624 | 41s | curv=+0.142 wide=+0.294 gfmed=0.052
 3910 post m=8 hq=0.984 PASS | Dr=+0.346/+2.332 |Dr|max=2.332 Df=+0.322 | g r=0.042 f=0.041 p=0.574(0.000) max=2.004 | Ld=+0.0016 base=-0.00583 r1=0.0035 path=0.00398 | Lg=+1.0494 | 41s | curv=+0.148 wide=+0.275 gfmed=0.031
 3920 post m=8 hq=0.982 PASS | Dr=+0.336/+2.239 |Dr|max=2.239 Df=+0.310 | g r=0.052 f=0.049 p=0.621(0.001) max=2.040 | Ld=-0.0594 base=-0.0655 r1=0.00345 path=0.00269 cap=1.39e-06 | Lg=+1.1437 | 42s | curv=+0.0727 wide=+0.24 gfmed=0.041
 3930 post m=8 hq=0.979 PASS | Dr=+0.372/+2.973 |Dr|max=2.973 Df=+0.343 | g r=0.130 f=0.130 p=0.662(0.004) max=2.180 | Ld=-0.0455 base=-0.0745 r1=0.0158 path=0.00721 cap=0.00597 | Lg=+1.1930 | 42s | curv=-0.00559 wide=+0.116 gfmed=0.109
 3940 post m=8 hq=0.976 PASS | Dr=+0.197/+2.030 |Dr|max=2.538 Df=+0.178 | g r=0.110 f=0.102 p=0.659(0.005) max=1.970 | Ld=+0.0194 base=0.000134 r1=0.0149 path=0.0015 cap=0.00289 | Lg=+1.2206 | 42s | curv=+0.346 wide=+0.431 gfmed=0.085
 3950 post m=8 hq=0.979 PASS | Dr=+0.352/+2.321 |Dr|max=2.321 Df=+0.317 | g r=0.049 f=0.053 p=0.536(0.001) max=2.052 | Ld=-0.0326 base=-0.0392 r1=0.00344 path=0.00308 | Lg=+0.9724 | 42s | curv=-0.00821 wide=+0.148 gfmed=0.047
 3960 post m=8 hq=0.983 PASS | Dr=+0.517/+3.619 |Dr|max=3.619 Df=+0.477 | g r=0.093 f=0.089 p=0.715(0.002) max=2.350 | Ld=-0.0515 base=-0.0653 r1=0.00811 path=0.00509 cap=0.000589 | Lg=+1.3128 | 42s | curv=-0.014 wide=+0.112 gfmed=0.081
 3970 post m=8 hq=0.942 PASS | Dr=+0.317/+2.542 |Dr|max=2.542 Df=+0.295 | g r=0.109 f=0.089 p=0.687(0.002) max=2.409 | Ld=-0.0500 base=-0.0692 r1=0.012 path=0.00703 cap=8.18e-05 | Lg=+1.1890 | 42s | curv=+0.295 wide=+0.389 gfmed=0.070
 3980 post m=8 hq=0.965 PASS | Dr=+0.381/+3.280 |Dr|max=3.280 Df=+0.346 | g r=0.141 f=0.137 p=0.752(0.000) max=2.962 | Ld=-0.0589 base=-0.0912 r1=0.0131 path=0.0152 cap=0.00402 | Lg=+1.2728 | 42s | curv=+0.296 wide=+0.406 gfmed=0.103
 3990 post m=8 hq=0.974 PASS | Dr=+0.195/+3.278 |Dr|max=3.278 Df=+0.159 | g r=0.066 f=0.065 p=0.751(0.001) max=2.576 | Ld=-0.1383 base=-0.161 r1=0.00854 path=0.014 cap=0.000124 | Lg=+1.3743 | 42s | curv=+0.197 wide=+0.349 gfmed=0.059
 4000 post m=8 hq=0.972 PASS | Dr=+0.270/+2.836 |Dr|max=2.836 Df=+0.239 | g r=0.057 f=0.060 p=0.635(0.002) max=1.965 | Ld=+0.0168 base=0.00426 r1=0.00711 path=0.00137 cap=0.00405 | Lg=+1.1539 | 42s | curv=+0.0162 wide=+0.151 gfmed=0.045
 4010 post m=8 hq=0.959 PASS | Dr=+0.209/+3.032 |Dr|max=3.032 Df=+0.181 | g r=0.101 f=0.103 p=0.687(0.005) max=2.131 | Ld=+0.0016 base=-0.0244 r1=0.0183 path=0.00252 cap=0.00518 | Lg=+1.2606 | 43s | curv=+0.0492 wide=+0.183 gfmed=0.098
 4020 post m=8 hq=0.964 PASS | Dr=+0.141/+3.282 |Dr|max=3.282 Df=+0.113 | g r=0.087 f=0.086 p=0.783(0.001) max=2.427 | Ld=-0.1130 base=-0.122 r1=0.00832 path=0.00117 cap=2.32e-06 | Lg=+1.4001 | 43s | curv=+0.0122 wide=+0.136 gfmed=0.078
 4030 post m=8 hq=0.968 PASS | Dr=+0.378/+3.415 |Dr|max=3.415 Df=+0.347 | g r=0.071 f=0.068 p=0.697(0.002) max=2.208 | Ld=-0.0535 base=-0.0644 r1=0.00684 path=0.00409 | Lg=+1.2870 | 43s | curv=+0.249 wide=+0.354 gfmed=0.058
 4040 post m=8 hq=0.984 PASS | Dr=+0.323/+3.356 |Dr|max=3.356 Df=+0.291 | g r=0.049 f=0.050 p=0.664(0.001) max=2.212 | Ld=-0.0351 base=-0.0405 r1=0.00361 path=0.00181 cap=8.42e-06 | Lg=+1.1895 | 43s | curv=-0.019 wide=+0.126 gfmed=0.043
 4050 post m=8 hq=0.979 PASS | Dr=+0.180/+3.137 |Dr|max=3.137 Df=+0.145 | g r=0.064 f=0.067 p=0.642(0.002) max=2.179 | Ld=+0.0002 base=-0.0219 r1=0.00884 path=0.0133 cap=2.5e-07 | Lg=+1.2119 | 43s | curv=-0.00869 wide=+0.133 gfmed=0.052
 4060 post m=8 hq=0.968 PASS | Dr=-0.168/+1.926 |Dr|max=2.656 Df=-0.181 | g r=0.062 f=0.060 p=0.625(0.001) max=2.607 | Ld=-0.0332 base=-0.0426 r1=0.00437 path=0.00498 cap=9.67e-05 | Lg=+1.1984 | 43s | curv=+0.0142 wide=+0.149 gfmed=0.042
 4070 post m=8 hq=0.978 PASS | Dr=+0.073/+2.480 |Dr|max=2.480 Df=+0.047 | g r=0.074 f=0.070 p=0.615(0.002) max=2.028 | Ld=+0.0114 base=-0.000701 r1=0.00863 path=0.0025 cap=0.00102 | Lg=+1.1658 | 43s | curv=+0.168 wide=+0.301 gfmed=0.061
 4080 post m=8 hq=0.979 PASS | Dr=+0.279/+2.961 |Dr|max=2.961 Df=+0.243 | g r=0.064 f=0.068 p=0.616(0.001) max=2.265 | Ld=-0.0107 base=-0.024 r1=0.00574 path=0.00721 cap=0.000288 | Lg=+1.1061 | 43s | curv=+0.214 wide=+0.349 gfmed=0.055
 4090 post m=8 hq=0.938 PASS | Dr=+0.147/+2.744 |Dr|max=2.744 Df=+0.123 | g r=0.103 f=0.100 p=0.716(0.002) max=2.581 | Ld=-0.0876 base=-0.106 r1=0.00767 path=0.00535 cap=0.00509 | Lg=+1.3172 | 43s | curv=+0.363 wide=+0.457 gfmed=0.079
 4100 post m=8 hq=0.985 PASS | Dr=+0.049/+1.935 |Dr|max=1.935 Df=+0.014 | g r=0.051 f=0.047 p=0.489(0.001) max=2.045 | Ld=-0.0178 base=-0.0268 r1=0.00641 path=0.00262 cap=5.61e-11 | Lg=+0.9027 | 44s | curv=+0.118 wide=+0.23 gfmed=0.037
 4110 post m=8 hq=0.969 PASS | Dr=+0.041/+1.522 |Dr|max=1.522 Df=+0.006 | g r=0.057 f=0.061 p=0.534(0.002) max=2.218 | Ld=-0.0296 base=-0.0412 r1=0.00425 path=0.00735 | Lg=+0.8577 | 44s | curv=+0.0531 wide=+0.148 gfmed=0.048
 4120 post m=8 hq=0.985 PASS | Dr=+0.148/+2.533 |Dr|max=2.533 Df=+0.112 | g r=0.062 f=0.061 p=0.571(0.003) max=2.362 | Ld=-0.0318 base=-0.0399 r1=0.00631 path=0.00148 cap=0.000318 | Lg=+1.0178 | 44s | curv=+0.0624 wide=+0.191 gfmed=0.047
 4130 post m=8 hq=0.980 PASS | Dr=+0.257/+2.352 |Dr|max=2.352 Df=+0.231 | g r=0.046 f=0.047 p=0.544(0.000) max=1.969 | Ld=-0.0336 base=-0.0446 r1=0.00565 path=0.00533 | Lg=+1.0385 | 44s | curv=+0.0626 wide=+0.155 gfmed=0.040
 4140 post m=8 hq=0.983 PASS | Dr=+0.251/+2.635 |Dr|max=2.635 Df=+0.223 | g r=0.060 f=0.060 p=0.587(0.001) max=2.244 | Ld=-0.0298 base=-0.0386 r1=0.00526 path=0.00352 | Lg=+1.1048 | 44s | curv=+0.0898 wide=+0.204 gfmed=0.049
 4150 post m=8 hq=0.984 PASS | Dr=+0.250/+2.043 |Dr|max=2.043 Df=+0.226 | g r=0.068 f=0.068 p=0.527(0.002) max=2.010 | Ld=+0.0470 base=0.0364 r1=0.00826 path=0.00211 cap=0.000221 | Lg=+0.9699 | 44s | curv=+0.0594 wide=+0.171 gfmed=0.065
 4160 post m=8 hq=0.983 PASS | Dr=+0.192/+2.252 |Dr|max=2.252 Df=+0.171 | g r=0.062 f=0.062 p=0.559(0.001) max=2.116 | Ld=+0.0125 base=0.00396 r1=0.00609 path=0.00243 | Lg=+1.0634 | 44s | curv=+0.00846 wide=+0.113 gfmed=0.046
 4170 post m=8 hq=0.987 PASS | Dr=+0.300/+1.964 |Dr|max=1.964 Df=+0.274 | g r=0.040 f=0.041 p=0.484(0.001) max=1.863 | Ld=+0.0293 base=0.0213 r1=0.00661 path=0.00147 | Lg=+0.8960 | 44s | curv=-0.0247 wide=+0.0834 gfmed=0.036
 4180 post m=8 hq=0.980 PASS | Dr=+0.126/+1.855 |Dr|max=2.484 Df=+0.109 | g r=0.099 f=0.096 p=0.614(0.002) max=2.139 | Ld=-0.0082 base=-0.0239 r1=0.0142 path=0.000591 cap=0.000897 | Lg=+1.0703 | 44s | curv=+0.0405 wide=+0.121 gfmed=0.089
 4190 post m=8 hq=0.972 PASS | Dr=+0.213/+2.393 |Dr|max=2.393 Df=+0.189 | g r=0.063 f=0.072 p=0.538(0.003) max=1.807 | Ld=-0.0100 base=-0.0258 r1=0.00922 path=0.00663 | Lg=+1.0436 | 45s | curv=+0.064 wide=+0.158 gfmed=0.053
 4200 post m=8 hq=0.977 PASS | Dr=+0.258/+2.296 |Dr|max=2.296 Df=+0.244 | g r=0.061 f=0.064 p=0.611(0.001) max=2.122 | Ld=-0.0132 base=-0.021 r1=0.00625 path=0.00154 cap=1.09e-05 | Lg=+1.1600 | 45s | curv=+0.0129 wide=+0.0968 gfmed=0.054
 4210 post m=8 hq=0.955 PASS | Dr=+0.035/+2.935 |Dr|max=2.935 Df=+0.012 | g r=0.066 f=0.067 p=0.740(0.003) max=2.264 | Ld=-0.1001 base=-0.118 r1=0.00752 path=0.00874 cap=0.00124 | Lg=+1.3749 | 45s | curv=+0.12 wide=+0.228 gfmed=0.054
 4220 post m=8 hq=0.955 PASS | Dr=+0.296/+3.044 |Dr|max=3.044 Df=+0.271 | g r=0.099 f=0.104 p=0.660(0.004) max=2.122 | Ld=-0.0050 base=-0.0197 r1=0.0115 path=0.00316 cap=3.69e-07 | Lg=+1.1782 | 45s | curv=-0.121 wide=+0.0477 gfmed=0.087
 4230 post m=8 hq=0.961 PASS | Dr=+0.208/+2.895 |Dr|max=2.895 Df=+0.192 | g r=0.088 f=0.089 p=0.687(0.004) max=2.062 | Ld=+0.0835 base=0.0562 r1=0.0167 path=0.0095 cap=0.00105 | Lg=+1.2524 | 45s | curv=+0.206 wide=+0.3 gfmed=0.082
 4240 post m=8 hq=0.980 PASS | Dr=+0.056/+2.543 |Dr|max=2.895 Df=+0.053 | g r=0.107 f=0.103 p=0.749(0.004) max=2.223 | Ld=-0.0080 base=-0.0229 r1=0.00882 path=0.006 cap=0.000132 | Lg=+1.3571 | 45s | curv=+0.36 wide=+0.45 gfmed=0.092
 4250 post m=8 hq=0.973 PASS | Dr=+0.168/+3.068 |Dr|max=3.068 Df=+0.154 | g r=0.074 f=0.073 p=0.703(0.001) max=2.261 | Ld=-0.0370 base=-0.0508 r1=0.00531 path=0.00851 cap=3.39e-07 | Lg=+1.3107 | 45s | curv=+0.274 wide=+0.356 gfmed=0.062
 4260 post m=8 hq=0.977 PASS | Dr=+0.382/+3.182 |Dr|max=3.182 Df=+0.359 | g r=0.075 f=0.074 p=0.637(0.004) max=2.181 | Ld=-0.0353 base=-0.0438 r1=0.00512 path=0.00343 | Lg=+1.1679 | 45s | curv=+0.0544 wide=+0.161 gfmed=0.059
 4270 post m=8 hq=0.984 PASS | Dr=+0.140/+1.805 |Dr|max=1.805 Df=+0.123 | g r=0.036 f=0.035 p=0.430(0.001) max=1.860 | Ld=+0.0053 base=-0.00504 r1=0.00652 path=0.00379 | Lg=+0.8824 | 46s | curv=+0.0581 wide=+0.157 gfmed=0.032
 4280 post m=8 hq=0.988 PASS | Dr=+0.195/+1.545 |Dr|max=1.545 Df=+0.178 | g r=0.034 f=0.033 p=0.386(0.001) max=1.727 | Ld=+0.0358 base=0.032 r1=0.00176 path=0.00195 | Lg=+0.8216 | 46s | curv=-0.0102 wide=+0.0969 gfmed=0.022
 4290 post m=8 hq=0.988 PASS | Dr=+0.235/+2.005 |Dr|max=2.005 Df=+0.212 | g r=0.040 f=0.037 p=0.498(0.002) max=1.696 | Ld=+0.0374 base=0.033 r1=0.00318 path=0.00123 | Lg=+0.9086 | 46s | curv=+0.0598 wide=+0.147 gfmed=0.034
 4300 post m=8 hq=0.977 PASS | Dr=+0.159/+2.224 |Dr|max=2.224 Df=+0.142 | g r=0.040 f=0.040 p=0.545(0.001) max=1.917 | Ld=-0.0139 base=-0.0186 r1=0.00364 path=0.00107 | Lg=+1.0430 | 46s | curv=+0.0965 wide=+0.225 gfmed=0.037
 4310 post m=8 hq=0.875 fail | Dr=+0.216/+2.975 |Dr|max=3.169 Df=+0.218 | g r=0.117 f=0.114 p=0.833(0.001) max=2.489 | Ld=-0.1099 base=-0.132 r1=0.0113 path=0.0106 cap=0.000277 | Lg=+1.4887 | 46s | curv=+0.431 wide=+0.476 gfmed=0.110
 4320 post m=8 hq=0.984 PASS | Dr=+0.393/+1.778 |Dr|max=1.937 Df=+0.380 | g r=0.053 f=0.056 p=0.541(0.002) max=1.954 | Ld=+0.0494 base=0.042 r1=0.0038 path=0.00362 | Lg=+0.9781 | 46s | curv=+0.0468 wide=+0.178 gfmed=0.049
 4330 post m=8 hq=0.985 PASS | Dr=+0.400/+1.734 |Dr|max=1.734 Df=+0.379 | g r=0.036 f=0.037 p=0.445(0.001) max=1.611 | Ld=+0.0266 base=0.0191 r1=0.00445 path=0.00298 | Lg=+0.8630 | 46s | curv=+0.0631 wide=+0.18 gfmed=0.035
 4340 post m=8 hq=0.976 PASS | Dr=+0.006/+1.485 |Dr|max=2.557 Df=+0.003 | g r=0.079 f=0.078 p=0.592(0.002) max=2.144 | Ld=-0.0264 base=-0.0387 r1=0.00521 path=0.00713 | Lg=+1.0759 | 46s | curv=+0.266 wide=+0.376 gfmed=0.076
 4350 post m=8 hq=0.985 PASS | Dr=-0.023/+1.419 |Dr|max=2.347 Df=-0.022 | g r=0.045 f=0.048 p=0.548(0.001) max=2.048 | Ld=-0.0397 base=-0.0506 r1=0.00201 path=0.00889 | Lg=+1.0102 | 46s | curv=+0.0968 wide=+0.191 gfmed=0.043
 4360 post m=8 hq=0.981 PASS | Dr=+0.234/+1.659 |Dr|max=2.023 Df=+0.234 | g r=0.053 f=0.052 p=0.538(0.001) max=1.969 | Ld=+0.0441 base=0.0232 r1=0.0073 path=0.0135 cap=5.37e-05 | Lg=+1.0095 | 47s | curv=-0.046 wide=+0.0745 gfmed=0.047
 4370 post m=8 hq=0.983 PASS | Dr=+0.304/+1.638 |Dr|max=1.638 Df=+0.290 | g r=0.072 f=0.070 p=0.385(0.003) max=1.603 | Ld=+0.0207 base=0.00975 r1=0.00649 path=0.0044 cap=1.09e-05 | Lg=+0.8052 | 47s | curv=+0.136 wide=+0.215 gfmed=0.055
 4380 post m=8 hq=0.987 PASS | Dr=-0.087/+1.441 |Dr|max=2.230 Df=-0.086 | g r=0.069 f=0.065 p=0.560(0.001) max=1.949 | Ld=+0.0195 base=0.0111 r1=0.00407 path=0.00426 cap=5.8e-05 | Lg=+0.9952 | 47s | curv=-0.0417 wide=+0.0855 gfmed=0.059
 4390 post m=8 hq=0.975 PASS | Dr=+0.001/+1.385 |Dr|max=2.422 Df=+0.002 | g r=0.066 f=0.066 p=0.561(0.002) max=2.043 | Ld=+0.0263 base=0.00177 r1=0.0119 path=0.0119 cap=0.000695 | Lg=+1.0194 | 47s | curv=+0.17 wide=+0.242 gfmed=0.059
 4400 post m=8 hq=0.986 PASS | Dr=+0.262/+1.184 |Dr|max=1.284 Df=+0.261 | g r=0.031 f=0.027 p=0.431(0.000) max=1.809 | Ld=-0.0096 base=-0.0151 r1=0.0022 path=0.00323 | Lg=+0.8628 | 47s | curv=+0.00371 wide=+0.102 gfmed=0.024
 4410 post m=8 hq=0.988 PASS | Dr=+0.231/+0.873 |Dr|max=1.042 Df=+0.228 | g r=0.025 f=0.022 p=0.387(0.000) max=1.682 | Ld=-0.0265 base=-0.0307 r1=0.00133 path=0.00293 | Lg=+0.8273 | 47s | curv=+0.13 wide=+0.206 gfmed=0.018
 4420 post m=8 hq=0.986 PASS | Dr=+0.060/+1.370 |Dr|max=1.370 Df=+0.059 | g r=0.040 f=0.040 p=0.411(0.001) max=1.940 | Ld=+0.0121 base=0.003 r1=0.00272 path=0.00635 | Lg=+0.8878 | 47s | curv=+0.0539 wide=+0.136 gfmed=0.032
 4430 post m=8 hq=0.989 PASS | Dr=+0.024/+1.528 |Dr|max=1.528 Df=+0.018 | g r=0.036 f=0.033 p=0.430(0.002) max=1.883 | Ld=-0.0131 base=-0.0158 r1=0.00214 path=0.000588 | Lg=+0.9242 | 47s | curv=+0.0495 wide=+0.112 gfmed=0.024
 4440 post m=8 hq=0.988 PASS | Dr=+0.217/+1.848 |Dr|max=1.848 Df=+0.208 | g r=0.034 f=0.033 p=0.441(0.001) max=1.879 | Ld=-0.0081 base=-0.0126 r1=0.00298 path=0.00159 | Lg=+0.8930 | 47s | curv=+0.0166 wide=+0.0943 gfmed=0.026
 4450 post m=8 hq=0.912 PASS | Dr=+0.207/+1.135 |Dr|max=1.408 Df=+0.189 | g r=0.108 f=0.114 p=0.463(0.004) max=1.751 | Ld=+0.0041 base=-0.00877 r1=0.00919 path=0.0036 cap=9.54e-05 | Lg=+0.8689 | 48s | curv=+0.129 wide=+0.198 gfmed=0.104
 4460 post m=8 hq=0.988 PASS | Dr=+0.201/+0.956 |Dr|max=0.956 Df=+0.194 | g r=0.023 f=0.021 p=0.275(0.000) max=1.321 | Ld=+0.0105 base=0.00812 r1=0.00105 path=0.00135 | Lg=+0.7273 | 48s | curv=+0.0389 wide=+0.114 gfmed=0.017
 4470 post m=8 hq=0.981 PASS | Dr=+0.323/+1.392 |Dr|max=1.392 Df=+0.319 | g r=0.061 f=0.060 p=0.352(0.002) max=1.788 | Ld=+0.0175 base=0.0106 r1=0.00344 path=0.00351 | Lg=+0.7664 | 48s | curv=+0.099 wide=+0.14 gfmed=0.054
 4480 post m=8 hq=0.977 PASS | Dr=+0.159/+1.536 |Dr|max=1.536 Df=+0.163 | g r=0.060 f=0.059 p=0.454(0.002) max=1.981 | Ld=-0.0326 base=-0.0376 r1=0.0032 path=0.00183 | Lg=+0.8789 | 48s | curv=-0.0202 wide=+0.0552 gfmed=0.051
 4490 post m=8 hq=0.989 PASS | Dr=+0.006/+0.724 |Dr|max=1.160 Df=+0.011 | g r=0.045 f=0.045 p=0.369(0.001) max=1.785 | Ld=-0.0023 base=-0.0158 r1=0.00695 path=0.0066 | Lg=+0.8023 | 48s | curv=-0.0414 wide=+0.041 gfmed=0.041
 4500 post m=8 hq=0.979 PASS | Dr=-0.013/+1.349 |Dr|max=1.349 Df=-0.013 | g r=0.054 f=0.050 p=0.403(0.001) max=2.087 | Ld=-0.0275 base=-0.0301 r1=0.00169 path=0.000898 | Lg=+0.8777 | 48s | curv=-0.0162 wide=+0.0615 gfmed=0.043
 4510 post m=8 hq=0.986 PASS | Dr=+0.169/+1.501 |Dr|max=1.501 Df=+0.165 | g r=0.037 f=0.039 p=0.385(0.001) max=2.016 | Ld=+0.0014 base=-0.00465 r1=0.00277 path=0.00322 cap=1.33e-05 | Lg=+0.8279 | 48s | curv=-0.0405 wide=+0.031 gfmed=0.040
 4520 post m=8 hq=0.985 PASS | Dr=+0.170/+0.992 |Dr|max=1.012 Df=+0.171 | g r=0.053 f=0.051 p=0.389(0.001) max=1.805 | Ld=-0.0048 base=-0.00793 r1=0.00236 path=0.00074 | Lg=+0.8213 | 48s | curv=-0.127 wide=-0.0696 gfmed=0.049
 4530 post m=8 hq=0.987 PASS | Dr=+0.193/+0.951 |Dr|max=1.094 Df=+0.188 | g r=0.058 f=0.054 p=0.389(0.001) max=1.964 | Ld=+0.0442 base=0.0316 r1=0.00332 path=0.00932 | Lg=+0.8068 | 48s | curv=+0.107 wide=+0.165 gfmed=0.042
 4540 post m=8 hq=0.984 PASS | Dr=+0.266/+1.008 |Dr|max=1.008 Df=+0.254 | g r=0.044 f=0.042 p=0.303(0.001) max=1.715 | Ld=+0.0272 base=0.0202 r1=0.0063 path=0.000787 | Lg=+0.7264 | 49s | curv=-0.0145 wide=+0.0484 gfmed=0.036
 4550 post m=8 hq=0.983 PASS | Dr=+0.308/+1.947 |Dr|max=1.947 Df=+0.296 | g r=0.045 f=0.042 p=0.385(0.002) max=1.903 | Ld=+0.0633 base=0.0386 r1=0.0239 path=0.000836 | Lg=+0.8621 | 49s | curv=+0.16 wide=+0.208 gfmed=0.039
 4560 post m=8 hq=0.988 PASS | Dr=+0.039/+1.212 |Dr|max=1.212 Df=+0.026 | g r=0.026 f=0.023 p=0.361(0.001) max=1.615 | Ld=-0.0323 base=-0.0379 r1=0.00214 path=0.00349 | Lg=+0.8126 | 49s | curv=+0.0903 wide=+0.159 gfmed=0.018
 4570 post m=8 hq=0.985 PASS | Dr=+0.078/+1.029 |Dr|max=1.285 Df=+0.068 | g r=0.036 f=0.033 p=0.396(0.001) max=2.110 | Ld=-0.0061 base=-0.0102 r1=0.00168 path=0.00229 cap=0.000152 | Lg=+0.8219 | 49s | curv=+0.0041 wide=+0.0817 gfmed=0.031
 4580 post m=8 hq=0.989 PASS | Dr=+0.156/+1.080 |Dr|max=1.080 Df=+0.145 | g r=0.033 f=0.029 p=0.347(0.001) max=1.774 | Ld=+0.0320 base=0.029 r1=0.00153 path=0.00149 | Lg=+0.7659 | 49s | curv=+0.0125 wide=+0.0939 gfmed=0.022
 4590 post m=8 hq=0.985 PASS | Dr=+0.217/+1.106 |Dr|max=1.399 Df=+0.211 | g r=0.054 f=0.050 p=0.448(0.001) max=2.250 | Ld=+0.0001 base=-0.00715 r1=0.00438 path=0.00253 cap=0.000351 | Lg=+0.8728 | 49s | curv=-0.00715 wide=+0.0581 gfmed=0.037
 4600 post m=8 hq=0.976 PASS | Dr=-0.137/+1.507 |Dr|max=1.812 Df=-0.154 | g r=0.031 f=0.031 p=0.451(0.001) max=2.303 | Ld=-0.0374 base=-0.0401 r1=0.00136 path=0.00131 | Lg=+0.9292 | 49s | curv=+0.0314 wide=+0.0934 gfmed=0.026
# COMPLETE 4600 updates in 49s; prehold 57/120; arrival=130
