# arm=B_margin formulation=wgan + r1(1) + path-secant(10,t=0.5) + cap-all(10,c=1) + margin(10,κ=7.14) [Dβ2=0.9, A2=0] {lr c×0.5 g×1} device=cuda:0 steps=4600
# step phase modes hq pass | Dr mean/max |Dr|max Df | grad-norm real fake path(min) max | loss_d terms | loss_g | sec
# init=batch_feature_zero hook=None differs_from_old=G,D,prior public_path_match=G,D,prior ema_D_equals_D=None sha G=615e9d129c1c D=e15f6122daf7 prior=2531df2c5ad8
   10 acq  m=0 hq=0.000 fail | Dr=+0.187/+0.702 |Dr|max=0.702 Df=+0.605 | g r=0.273 f=0.496 p=0.480(0.009) max=1.522 | Ld=+2.3590 base=0.254 r1=0.177 path=1.85 cap=0.0669 margin=0.0127 | Lg=+0.6108 | 1s | curv=+1.05 wide=+0.983 gfmed=0.456
   20 acq  m=0 hq=0.000 fail | Dr=+0.139/+0.696 |Dr|max=0.696 Df=+0.223 | g r=0.392 f=1.100 p=0.628(0.010) max=2.732 | Ld=+3.1072 base=0.0626 r1=0.117 path=2.75 cap=0.163 margin=0.012 | Lg=+0.6712 | 1s | curv=+0.404 wide=+0.644 gfmed=1.130
   30 acq  m=1 hq=0.040 fail | Dr=+0.044/+0.698 |Dr|max=0.698 Df=+0.107 | g r=0.373 f=0.936 p=0.648(0.011) max=2.819 | Ld=+4.0986 base=-0.00704 r1=0.146 path=3.73 cap=0.214 margin=0.0125 | Lg=+0.6625 | 1s | curv=+0.361 wide=+0.437 gfmed=0.845
   40 acq  m=1 hq=0.112 fail | Dr=+0.116/+0.514 |Dr|max=0.514 Df=+0.098 | g r=0.274 f=0.626 p=0.511(0.005) max=1.806 | Ld=+0.7028 base=-0.0409 r1=0.156 path=0.476 cap=0.0994 margin=0.013 | Lg=+0.7495 | 1s | curv=+0.94 wide=+0.872 gfmed=0.527
   50 acq  m=2 hq=0.015 fail | Dr=+0.446/+0.764 |Dr|max=0.764 Df=+0.631 | g r=0.466 f=0.769 p=0.720(0.013) max=2.154 | Ld=+8.3273 base=-0.242 r1=0.236 path=8.19 cap=0.128 margin=0.0125 | Lg=+0.8858 | 1s | curv=+2.39 wide=+2.24 gfmed=0.721
   60 acq  m=0 hq=0.000 fail | Dr=+0.120/+0.506 |Dr|max=0.506 Df=-0.459 | g r=0.406 f=0.438 p=0.638(0.016) max=2.566 | Ld=+4.1574 base=0.0614 r1=0.113 path=3.76 cap=0.216 margin=0.0106 | Lg=+0.9766 | 1s | curv=+2.41 wide=+2.27 gfmed=0.406
   70 acq  m=1 hq=0.444 fail | Dr=+0.152/+0.559 |Dr|max=0.559 Df=+0.188 | g r=0.226 f=0.686 p=0.523(0.005) max=1.592 | Ld=+0.1825 base=-0.0277 r1=0.0966 path=0.0118 cap=0.0923 margin=0.00962 | Lg=+0.7348 | 1s | curv=+1.31 wide=+1.22 gfmed=0.691
   80 acq  m=0 hq=0.000 fail | Dr=+0.271/+0.742 |Dr|max=0.742 Df=-0.176 | g r=0.326 f=0.745 p=0.718(0.004) max=2.315 | Ld=+3.3564 base=-0.048 r1=0.0998 path=3.27 cap=0.0284 margin=0.0105 | Lg=+1.0132 | 1s | curv=+1.68 wide=+1.6 gfmed=0.626
   90 acq  m=0 hq=0.000 fail | Dr=+0.179/+0.715 |Dr|max=0.715 Df=-0.187 | g r=0.432 f=0.625 p=0.651(0.007) max=1.852 | Ld=+0.8449 base=-0.215 r1=0.258 path=0.73 cap=0.0614 margin=0.01 | Lg=+0.8289 | 1s | curv=+2.76 wide=+2.66 gfmed=0.597
  100 acq  m=0 hq=0.000 fail | Dr=+0.258/+0.923 |Dr|max=0.923 Df=-0.121 | g r=0.409 f=0.752 p=0.737(0.015) max=1.961 | Ld=+1.6756 base=-0.547 r1=0.364 path=1.48 cap=0.363 margin=0.0124 | Lg=+1.0216 | 2s | curv=+2.57 wide=+2.38 gfmed=0.725
  110 acq  m=1 hq=0.002 fail | Dr=-0.036/+0.513 |Dr|max=0.893 Df=-0.281 | g r=0.400 f=0.770 p=0.704(0.016) max=1.940 | Ld=+0.9217 base=-0.157 r1=0.17 path=0.795 cap=0.103 margin=0.0104 | Lg=+0.8514 | 2s | curv=+2.62 wide=+2.39 gfmed=0.765
  120 acq  m=2 hq=0.020 fail | Dr=+0.067/+0.430 |Dr|max=0.502 Df=-0.190 | g r=0.253 f=0.606 p=0.599(0.007) max=1.810 | Ld=+0.0131 base=-0.237 r1=0.0898 path=0.111 cap=0.0409 margin=0.00833 | Lg=+0.8471 | 2s | curv=+1.78 wide=+1.9 gfmed=0.597
  130 acq  m=1 hq=0.010 fail | Dr=+0.217/+0.611 |Dr|max=0.611 Df=-0.253 | g r=0.364 f=0.661 p=0.638(0.001) max=2.163 | Ld=+0.0821 base=-0.41 r1=0.0817 path=0.357 cap=0.0448 margin=0.00869 | Lg=+0.9826 | 2s | curv=+2.16 wide=+2.29 gfmed=0.641
  140 acq  m=2 hq=0.190 fail | Dr=+0.298/+0.765 |Dr|max=0.765 Df=-0.141 | g r=0.269 f=0.633 p=0.590(0.007) max=1.923 | Ld=-0.0227 base=-0.423 r1=0.102 path=0.141 cap=0.148 margin=0.0096 | Lg=+1.0165 | 2s | curv=+1.76 wide=+2.01 gfmed=0.638
  150 acq  m=1 hq=0.024 fail | Dr=+0.561/+1.205 |Dr|max=1.205 Df=-0.136 | g r=0.642 f=0.700 p=0.820(0.018) max=2.620 | Ld=+5.0079 base=-0.772 r1=0.575 path=3.96 cap=1.22 margin=0.0181 | Lg=+1.1551 | 2s | curv=+0.981 wide=+1.44 gfmed=0.654
  160 acq  m=2 hq=0.020 fail | Dr=+0.271/+1.064 |Dr|max=1.064 Df=-0.361 | g r=0.364 f=0.734 p=0.702(0.010) max=2.315 | Ld=+2.5154 base=-0.534 r1=0.241 path=2.42 cap=0.381 margin=0.011 | Lg=+1.0431 | 2s | curv=+0.613 wide=+1.11 gfmed=0.665
  170 acq  m=3 hq=0.165 fail | Dr=+0.249/+1.727 |Dr|max=1.727 Df=-0.550 | g r=0.428 f=0.789 p=0.728(0.011) max=2.196 | Ld=-0.0357 base=-0.88 r1=0.194 path=0.375 cap=0.263 margin=0.0126 | Lg=+1.3151 | 2s | curv=+2.18 wide=+2.34 gfmed=0.775
  180 acq  m=1 hq=0.052 fail | Dr=+0.471/+1.969 |Dr|max=1.969 Df=-0.470 | g r=0.355 f=0.729 p=0.740(0.009) max=2.464 | Ld=-0.0181 base=-1.04 r1=0.174 path=0.577 cap=0.255 margin=0.0111 | Lg=+1.3752 | 2s | curv=+1.96 wide=+2.2 gfmed=0.725
  190 acq  m=2 hq=0.081 fail | Dr=+0.064/+0.242 |Dr|max=0.242 Df=-0.413 | g r=0.272 f=0.760 p=0.670(0.009) max=1.919 | Ld=-0.1187 base=-0.601 r1=0.129 path=0.265 cap=0.0798 margin=0.00799 | Lg=+1.0568 | 3s | curv=+1.75 wide=+2.26 gfmed=0.741
  200 acq  m=2 hq=0.021 fail | Dr=-0.066/+0.461 |Dr|max=0.675 Df=-0.648 | g r=0.339 f=0.745 p=0.688(0.018) max=1.911 | Ld=-0.1052 base=-0.708 r1=0.159 path=0.162 cap=0.272 margin=0.00953 | Lg=+1.0715 | 3s | curv=+2.16 wide=+2.48 gfmed=0.729
  210 acq  m=2 hq=0.059 fail | Dr=+0.280/+0.706 |Dr|max=0.706 Df=-0.441 | g r=0.299 f=0.750 p=0.677(0.019) max=1.979 | Ld=-0.3097 base=-0.669 r1=0.0953 path=0.199 cap=0.0574 margin=0.00796 | Lg=+1.1530 | 3s | curv=+1.92 wide=+2.35 gfmed=0.707
  220 acq  m=3 hq=0.100 fail | Dr=+0.206/+0.613 |Dr|max=0.613 Df=-0.471 | g r=0.291 f=0.569 p=0.628(0.011) max=2.397 | Ld=-0.2317 base=-0.594 r1=0.144 path=0.122 cap=0.0881 margin=0.00812 | Lg=+1.1101 | 3s | curv=+1.6 wide=+1.93 gfmed=0.535
  230 acq  m=2 hq=0.046 fail | Dr=-0.166/+0.363 |Dr|max=0.655 Df=-0.941 | g r=0.388 f=0.781 p=0.731(0.019) max=2.332 | Ld=+1.8118 base=-0.804 r1=0.318 path=1.68 cap=0.602 margin=0.0141 | Lg=+1.2314 | 3s | curv=+1.53 wide=+1.91 gfmed=0.738
  240 acq  m=4 hq=0.130 fail | Dr=+0.045/+1.339 |Dr|max=1.339 Df=-0.811 | g r=0.249 f=0.625 p=0.663(0.005) max=2.289 | Ld=-0.3094 base=-0.823 r1=0.0991 path=0.315 cap=0.0909 margin=0.00816 | Lg=+1.2309 | 3s | curv=+1.38 wide=+1.87 gfmed=0.589
  250 acq  m=6 hq=0.040 fail | Dr=+0.440/+1.706 |Dr|max=1.706 Df=-0.365 | g r=0.306 f=0.688 p=0.735(0.015) max=2.652 | Ld=+0.0207 base=-0.618 r1=0.213 path=0.132 cap=0.283 margin=0.0108 | Lg=+1.2253 | 3s | curv=+1.79 wide=+2.08 gfmed=0.669
  260 acq  m=3 hq=0.015 fail | Dr=-0.150/+0.463 |Dr|max=0.631 Df=-0.744 | g r=0.333 f=0.576 p=0.646(0.013) max=1.986 | Ld=+0.1501 base=-0.679 r1=0.0939 path=0.644 cap=0.0835 margin=0.00759 | Lg=+1.2449 | 3s | curv=+2 wide=+2.53 gfmed=0.534
  270 acq  m=3 hq=0.012 fail | Dr=-0.068/+0.467 |Dr|max=0.491 Df=-0.740 | g r=0.271 f=0.567 p=0.621(0.004) max=2.110 | Ld=-0.1013 base=-0.673 r1=0.0953 path=0.39 cap=0.0788 margin=0.00732 | Lg=+1.1114 | 3s | curv=+1.1 wide=+1.53 gfmed=0.517
  280 acq  m=6 hq=0.087 fail | Dr=-0.149/+0.078 |Dr|max=0.703 Df=-0.650 | g r=0.361 f=0.682 p=0.629(0.012) max=2.141 | Ld=-0.0414 base=-0.541 r1=0.135 path=0.269 cap=0.0866 margin=0.00911 | Lg=+1.0283 | 4s | curv=+1.19 wide=+1.66 gfmed=0.673
  290 acq  m=7 hq=0.130 fail | Dr=+0.048/+0.451 |Dr|max=0.465 Df=-0.391 | g r=0.256 f=0.708 p=0.658(0.003) max=1.851 | Ld=-0.3306 base=-0.51 r1=0.0923 path=0.0399 cap=0.0399 margin=0.00736 | Lg=+1.0231 | 4s | curv=+1.49 wide=+1.88 gfmed=0.727
  300 acq  m=8 hq=0.062 fail | Dr=+0.095/+0.608 |Dr|max=0.667 Df=-0.432 | g r=0.375 f=0.807 p=0.707(0.006) max=2.135 | Ld=-0.1398 base=-0.543 r1=0.173 path=0.0578 cap=0.163 margin=0.00909 | Lg=+1.0021 | 4s | curv=+1.19 wide=+1.63 gfmed=0.814
  310 acq  m=4 hq=0.073 fail | Dr=-0.066/+0.312 |Dr|max=0.720 Df=-0.536 | g r=0.258 f=0.559 p=0.606(0.006) max=1.798 | Ld=-0.2416 base=-0.501 r1=0.0797 path=0.121 cap=0.051 margin=0.00791 | Lg=+1.0683 | 4s | curv=+1.98 wide=+2.24 gfmed=0.518
  320 acq  m=5 hq=0.109 fail | Dr=-0.207/+0.031 |Dr|max=0.781 Df=-0.632 | g r=0.233 f=0.633 p=0.574(0.009) max=1.734 | Ld=-0.1262 base=-0.449 r1=0.0735 path=0.165 cap=0.0769 margin=0.00762 | Lg=+1.0038 | 4s | curv=+1.33 wide=+1.68 gfmed=0.641
  330 acq  m=5 hq=0.027 fail | Dr=+0.080/+0.487 |Dr|max=0.710 Df=-0.417 | g r=0.242 f=0.672 p=0.625(0.005) max=1.802 | Ld=-0.3459 base=-0.461 r1=0.0667 path=0.00996 cap=0.0313 margin=0.00715 | Lg=+1.0506 | 4s | curv=+1.78 wide=+2.11 gfmed=0.670
  340 acq  m=6 hq=0.171 fail | Dr=+0.125/+0.509 |Dr|max=0.567 Df=-0.348 | g r=0.236 f=0.663 p=0.625(0.005) max=1.629 | Ld=-0.2476 base=-0.406 r1=0.086 path=0.0305 cap=0.0338 margin=0.00807 | Lg=+0.9657 | 4s | curv=+2.15 wide=+2.39 gfmed=0.656
  350 acq  m=8 hq=0.093 fail | Dr=+0.180/+0.696 |Dr|max=0.696 Df=-0.230 | g r=0.259 f=0.715 p=0.667(0.012) max=2.027 | Ld=-0.2850 base=-0.501 r1=0.0928 path=0.0677 cap=0.0474 margin=0.00777 | Lg=+1.1152 | 4s | curv=+1.56 wide=+1.85 gfmed=0.741
  360 acq  m=4 hq=0.032 fail | Dr=+0.099/+0.537 |Dr|max=0.685 Df=-0.409 | g r=0.255 f=0.669 p=0.665(0.023) max=1.706 | Ld=-0.0253 base=-0.398 r1=0.0777 path=0.258 cap=0.0285 margin=0.00807 | Lg=+1.0583 | 4s | curv=+1.7 wide=+2.06 gfmed=0.654
  370 acq  m=8 hq=0.079 fail | Dr=+0.154/+0.473 |Dr|max=0.519 Df=-0.295 | g r=0.226 f=0.698 p=0.643(0.008) max=1.808 | Ld=-0.3203 base=-0.472 r1=0.071 path=0.0164 cap=0.0569 margin=0.00699 | Lg=+0.9900 | 4s | curv=+2.12 wide=+2.39 gfmed=0.717
  380 acq  m=8 hq=0.081 fail | Dr=+0.056/+0.373 |Dr|max=0.601 Df=-0.364 | g r=0.226 f=0.655 p=0.609(0.003) max=1.786 | Ld=-0.2540 base=-0.392 r1=0.058 path=0.00843 cap=0.0641 margin=0.00742 | Lg=+0.9224 | 5s | curv=+1.86 wide=+2.09 gfmed=0.611
  390 acq  m=7 hq=0.033 fail | Dr=+0.133/+0.406 |Dr|max=0.589 Df=-0.320 | g r=0.188 f=0.594 p=0.591(0.007) max=1.569 | Ld=-0.2553 base=-0.384 r1=0.0708 path=0.00599 cap=0.0453 margin=0.00676 | Lg=+0.9314 | 5s | curv=+1.58 wide=+1.89 gfmed=0.563
  400 acq  m=2 hq=0.040 fail | Dr=+0.051/+0.458 |Dr|max=0.479 Df=-0.397 | g r=0.197 f=0.538 p=0.544(0.003) max=1.607 | Ld=-0.2421 base=-0.413 r1=0.0461 path=0.109 cap=0.00825 margin=0.00732 | Lg=+1.0385 | 5s | curv=+1.39 wide=+1.64 gfmed=0.547
  410 acq  m=7 hq=0.172 fail | Dr=+0.204/+0.707 |Dr|max=0.707 Df=-0.240 | g r=0.184 f=0.684 p=0.639(0.001) max=1.912 | Ld=-0.3107 base=-0.394 r1=0.0552 path=0.00691 cap=0.0131 margin=0.00794 | Lg=+1.0277 | 5s | curv=+1.43 wide=+1.76 gfmed=0.670
  420 acq  m=6 hq=0.184 fail | Dr=+0.234/+0.640 |Dr|max=0.640 Df=-0.155 | g r=0.173 f=0.684 p=0.613(0.013) max=1.613 | Ld=-0.2243 base=-0.356 r1=0.0571 path=0.0162 cap=0.0517 margin=0.00681 | Lg=+0.9211 | 5s | curv=+1.36 wide=+1.65 gfmed=0.742
  430 acq  m=6 hq=0.106 fail | Dr=+0.128/+0.441 |Dr|max=0.609 Df=-0.346 | g r=0.206 f=0.714 p=0.642(0.012) max=1.734 | Ld=-0.3066 base=-0.417 r1=0.0518 path=0.0312 cap=0.0196 margin=0.00756 | Lg=+1.0162 | 5s | curv=+1.77 wide=+2.01 gfmed=0.734
  440 acq  m=8 hq=0.368 fail | Dr=+0.224/+0.585 |Dr|max=0.637 Df=-0.095 | g r=0.213 f=0.564 p=0.605(0.014) max=1.476 | Ld=-0.2871 base=-0.395 r1=0.0615 path=0.00811 cap=0.0296 margin=0.00832 | Lg=+0.9780 | 5s | curv=+1.44 wide=+1.79 gfmed=0.575
  450 acq  m=4 hq=0.006 fail | Dr=+0.259/+0.871 |Dr|max=0.871 Df=-0.250 | g r=0.258 f=0.674 p=0.655(0.011) max=1.950 | Ld=-0.0997 base=-0.341 r1=0.0863 path=0.0523 cap=0.092 margin=0.0104 | Lg=+0.9653 | 5s | curv=+1.5 wide=+1.84 gfmed=0.672
  460 acq  m=8 hq=0.038 fail | Dr=+0.294/+0.693 |Dr|max=0.693 Df=-0.156 | g r=0.194 f=0.753 p=0.632(0.004) max=1.689 | Ld=-0.2637 base=-0.365 r1=0.0497 path=0.0153 cap=0.0291 margin=0.00713 | Lg=+0.9602 | 5s | curv=+1.79 wide=+2.05 gfmed=0.774
  470 acq  m=5 hq=0.233 fail | Dr=+0.208/+0.634 |Dr|max=0.776 Df=-0.218 | g r=0.208 f=0.605 p=0.631(0.004) max=1.591 | Ld=-0.1777 base=-0.287 r1=0.0585 path=0.0185 cap=0.0245 margin=0.00737 | Lg=+0.9396 | 6s | curv=+1.73 wide=+2.05 gfmed=0.621
  480 acq  m=5 hq=0.158 fail | Dr=+0.223/+0.658 |Dr|max=0.658 Df=-0.137 | g r=0.198 f=0.642 p=0.623(0.006) max=1.524 | Ld=-0.2462 base=-0.397 r1=0.0882 path=0.0114 cap=0.0436 margin=0.00722 | Lg=+0.9864 | 6s | curv=+1.18 wide=+1.49 gfmed=0.635
  490 acq  m=8 hq=0.189 fail | Dr=+0.277/+0.756 |Dr|max=0.800 Df=-0.093 | g r=0.191 f=0.658 p=0.616(0.006) max=1.484 | Ld=-0.2419 base=-0.317 r1=0.0451 path=0.0104 cap=0.0129 margin=0.00696 | Lg=+0.9422 | 6s | curv=+1.46 wide=+1.76 gfmed=0.706
  500 acq  m=7 hq=0.176 fail | Dr=+0.146/+0.618 |Dr|max=0.879 Df=-0.235 | g r=0.213 f=0.576 p=0.610(0.025) max=1.575 | Ld=-0.2307 base=-0.307 r1=0.0455 path=0.0109 cap=0.0133 margin=0.00701 | Lg=+0.9762 | 6s | curv=+1.82 wide=+2.06 gfmed=0.564
  510 acq  m=6 hq=0.202 fail | Dr=+0.251/+0.804 |Dr|max=0.804 Df=-0.205 | g r=0.182 f=0.622 p=0.602(0.005) max=1.518 | Ld=-0.1778 base=-0.285 r1=0.0464 path=0.0328 cap=0.0207 margin=0.00754 | Lg=+0.9366 | 6s | curv=+1.78 wide=+2.06 gfmed=0.677
  520 acq  m=7 hq=0.256 fail | Dr=+0.222/+0.775 |Dr|max=0.775 Df=-0.151 | g r=0.177 f=0.600 p=0.591(0.008) max=1.505 | Ld=-0.1567 base=-0.276 r1=0.0585 path=0.0317 cap=0.021 margin=0.00799 | Lg=+0.9234 | 6s | curv=+1.63 wide=+1.91 gfmed=0.640
  530 acq  m=8 hq=0.161 fail | Dr=+0.275/+0.906 |Dr|max=0.906 Df=-0.056 | g r=0.170 f=0.622 p=0.598(0.007) max=1.749 | Ld=-0.2066 base=-0.3 r1=0.053 path=0.0171 cap=0.0158 margin=0.00725 | Lg=+0.9112 | 6s | curv=+1.37 wide=+1.62 gfmed=0.645
  540 acq  m=7 hq=0.134 fail | Dr=+0.173/+0.644 |Dr|max=0.644 Df=-0.184 | g r=0.159 f=0.715 p=0.634(0.011) max=1.653 | Ld=-0.1975 base=-0.356 r1=0.0729 path=0.0094 cap=0.069 margin=0.00754 | Lg=+0.9217 | 6s | curv=+1.51 wide=+1.69 gfmed=0.740
  550 acq  m=8 hq=0.229 fail | Dr=+0.337/+0.989 |Dr|max=0.989 Df=+0.006 | g r=0.159 f=0.539 p=0.605(0.002) max=1.456 | Ld=-0.1817 base=-0.256 r1=0.0351 path=0.00482 cap=0.0265 margin=0.00768 | Lg=+0.9146 | 6s | curv=+1.55 wide=+1.82 gfmed=0.535
  560 acq  m=8 hq=0.541 fail | Dr=+0.259/+0.730 |Dr|max=0.742 Df=-0.015 | g r=0.150 f=0.434 p=0.575(0.006) max=1.414 | Ld=-0.1844 base=-0.266 r1=0.0413 path=0.0125 cap=0.0203 margin=0.00745 | Lg=+0.9224 | 7s | curv=+1.26 wide=+1.56 gfmed=0.365
  570 acq  m=4 hq=0.109 fail | Dr=+0.153/+0.750 |Dr|max=0.903 Df=-0.318 | g r=0.222 f=0.539 p=0.610(0.008) max=1.663 | Ld=-0.2065 base=-0.328 r1=0.0497 path=0.0308 cap=0.0336 margin=0.00764 | Lg=+0.9885 | 7s | curv=+2.1 wide=+2.28 gfmed=0.520
  580 acq  m=8 hq=0.160 fail | Dr=+0.223/+0.898 |Dr|max=1.278 Df=-0.139 | g r=0.205 f=0.683 p=0.669(0.007) max=1.634 | Ld=-0.2468 base=-0.382 r1=0.0533 path=0.0491 cap=0.0247 margin=0.00769 | Lg=+1.0909 | 7s | curv=+1.71 wide=+2.05 gfmed=0.632
  590 acq  m=8 hq=0.233 fail | Dr=+0.207/+1.030 |Dr|max=1.030 Df=-0.133 | g r=0.166 f=0.455 p=0.575(0.004) max=1.675 | Ld=-0.2082 base=-0.306 r1=0.0297 path=0.0443 cap=0.0153 margin=0.00829 | Lg=+0.9748 | 7s | curv=+0.995 wide=+1.37 gfmed=0.396
  600 acq  m=8 hq=0.311 fail | Dr=+0.253/+0.773 |Dr|max=0.773 Df=-0.005 | g r=0.190 f=0.531 p=0.598(0.003) max=1.577 | Ld=-0.0307 base=-0.327 r1=0.0604 path=0.109 cap=0.118 margin=0.00805 | Lg=+0.9498 | 7s | curv=+1.61 wide=+1.75 gfmed=0.529
  610 acq  m=8 hq=0.514 fail | Dr=+0.314/+0.888 |Dr|max=0.946 Df=+0.034 | g r=0.127 f=0.360 p=0.581(0.003) max=1.471 | Ld=-0.2194 base=-0.282 r1=0.0336 path=0.00757 cap=0.0136 margin=0.00771 | Lg=+0.9593 | 7s | curv=+0.883 wide=+1.08 gfmed=0.214
  620 acq  m=8 hq=0.566 fail | Dr=+0.264/+0.844 |Dr|max=0.844 Df=+0.036 | g r=0.133 f=0.366 p=0.579(0.006) max=1.514 | Ld=-0.1520 base=-0.241 r1=0.0376 path=0.0146 cap=0.0291 margin=0.00758 | Lg=+0.9217 | 7s | curv=+1.13 wide=+1.31 gfmed=0.284
  630 acq  m=8 hq=0.364 fail | Dr=+0.280/+0.925 |Dr|max=0.925 Df=-0.013 | g r=0.162 f=0.545 p=0.640(0.010) max=1.544 | Ld=-0.2742 base=-0.339 r1=0.0377 path=0.00745 cap=0.0123 margin=0.00696 | Lg=+1.0140 | 7s | curv=+1.41 wide=+1.7 gfmed=0.527
  640 acq  m=8 hq=0.404 fail | Dr=+0.348/+0.917 |Dr|max=0.917 Df=+0.055 | g r=0.116 f=0.450 p=0.587(0.002) max=1.365 | Ld=-0.2296 base=-0.288 r1=0.0326 path=0.0113 cap=0.00707 margin=0.00737 | Lg=+0.9675 | 7s | curv=+1.1 wide=+1.33 gfmed=0.413
  650 acq  m=8 hq=0.618 fail | Dr=+0.359/+0.883 |Dr|max=0.883 Df=+0.133 | g r=0.156 f=0.374 p=0.591(0.002) max=1.719 | Ld=-0.1940 base=-0.306 r1=0.0624 path=0.0189 cap=0.0236 margin=0.00753 | Lg=+0.9643 | 8s | curv=+1.41 wide=+1.61 gfmed=0.282
  660 acq  m=8 hq=0.344 fail | Dr=+0.291/+0.914 |Dr|max=1.099 Df=-0.046 | g r=0.158 f=0.536 p=0.611(0.003) max=1.436 | Ld=-0.2170 base=-0.279 r1=0.0292 path=0.00722 cap=0.0168 margin=0.00832 | Lg=+0.9847 | 8s | curv=+1.44 wide=+1.62 gfmed=0.630
  670 acq  m=8 hq=0.612 fail | Dr=+0.281/+0.941 |Dr|max=1.139 Df=+0.034 | g r=0.156 f=0.330 p=0.572(0.004) max=1.570 | Ld=-0.2324 base=-0.322 r1=0.035 path=0.0178 cap=0.0293 margin=0.00774 | Lg=+0.9895 | 8s | curv=+0.78 wide=+1.02 gfmed=0.225
  680 acq  m=7 hq=0.254 fail | Dr=+0.232/+0.858 |Dr|max=1.105 Df=-0.088 | g r=0.140 f=0.575 p=0.605(0.005) max=1.469 | Ld=-0.1890 base=-0.272 r1=0.0284 path=0.0224 cap=0.0236 margin=0.00837 | Lg=+0.9841 | 8s | curv=+1.21 wide=+1.36 gfmed=0.665
  690 acq  m=7 hq=0.282 fail | Dr=+0.242/+0.990 |Dr|max=1.289 Df=-0.042 | g r=0.142 f=0.465 p=0.614(0.005) max=1.551 | Ld=-0.2432 base=-0.324 r1=0.0372 path=0.0175 cap=0.0185 margin=0.00711 | Lg=+1.0601 | 8s | curv=+1.17 wide=+1.39 gfmed=0.458
  700 acq  m=8 hq=0.631 fail | Dr=+0.370/+0.994 |Dr|max=0.994 Df=+0.146 | g r=0.096 f=0.260 p=0.560(0.005) max=1.489 | Ld=-0.1103 base=-0.211 r1=0.0266 path=0.0549 cap=0.0112 margin=0.00851 | Lg=+0.9185 | 8s | curv=+0.974 wide=+1.17 gfmed=0.157
  710 acq  m=8 hq=0.338 fail | Dr=+0.175/+0.740 |Dr|max=0.973 Df=-0.058 | g r=0.168 f=0.538 p=0.638(0.002) max=1.929 | Ld=-0.1059 base=-0.287 r1=0.043 path=0.114 cap=0.0148 margin=0.00873 | Lg=+0.9839 | 8s | curv=+1.26 wide=+1.43 gfmed=0.492
  720 acq  m=8 hq=0.290 fail | Dr=+0.284/+1.007 |Dr|max=1.007 Df=+0.036 | g r=0.143 f=0.469 p=0.599(0.001) max=1.466 | Ld=-0.1637 base=-0.242 r1=0.0362 path=0.0218 cap=0.0132 margin=0.00758 | Lg=+0.9696 | 8s | curv=+1.15 wide=+1.35 gfmed=0.453
  730 acq  m=8 hq=0.168 fail | Dr=+0.361/+1.104 |Dr|max=1.104 Df=+0.077 | g r=0.142 f=0.589 p=0.605(0.005) max=1.482 | Ld=-0.2122 base=-0.277 r1=0.0288 path=0.0108 cap=0.0175 margin=0.00748 | Lg=+0.9662 | 9s | curv=+1.12 wide=+1.32 gfmed=0.593
  740 acq  m=8 hq=0.710 fail | Dr=+0.416/+0.997 |Dr|max=0.997 Df=+0.218 | g r=0.123 f=0.267 p=0.558(0.002) max=1.436 | Ld=-0.1125 base=-0.203 r1=0.0351 path=0.0237 cap=0.0247 margin=0.00736 | Lg=+0.8975 | 9s | curv=+1.18 wide=+1.34 gfmed=0.149
  750 acq  m=8 hq=0.793 fail | Dr=+0.326/+0.963 |Dr|max=0.963 Df=+0.129 | g r=0.129 f=0.214 p=0.564(0.003) max=1.446 | Ld=-0.1110 base=-0.179 r1=0.0298 path=0.0226 cap=0.00749 margin=0.0079 | Lg=+0.8988 | 9s | curv=+0.96 wide=+1.22 gfmed=0.107
  760 acq  m=8 hq=0.866 fail | Dr=+0.418/+0.955 |Dr|max=0.955 Df=+0.225 | g r=0.104 f=0.175 p=0.528(0.007) max=1.389 | Ld=-0.1186 base=-0.179 r1=0.0261 path=0.0177 cap=0.00923 margin=0.00764 | Lg=+0.8635 | 9s | curv=+0.849 wide=+1.04 gfmed=0.089
  770 acq  m=8 hq=0.813 fail | Dr=+0.420/+1.085 |Dr|max=1.085 Df=+0.221 | g r=0.154 f=0.159 p=0.562(0.007) max=1.410 | Ld=-0.1324 base=-0.206 r1=0.0228 path=0.0212 cap=0.0206 margin=0.00872 | Lg=+0.9207 | 9s | curv=+0.614 wide=+0.778 gfmed=0.088
  780 acq  m=8 hq=0.738 fail | Dr=+0.322/+0.966 |Dr|max=0.988 Df=+0.104 | g r=0.145 f=0.208 p=0.557(0.008) max=1.337 | Ld=-0.1298 base=-0.186 r1=0.0218 path=0.0169 cap=0.00938 margin=0.0081 | Lg=+0.9311 | 9s | curv=+0.813 wide=+0.941 gfmed=0.111
  790 acq  m=8 hq=0.892 fail | Dr=+0.327/+1.171 |Dr|max=1.171 Df=+0.128 | g r=0.102 f=0.140 p=0.526(0.001) max=1.393 | Ld=-0.1020 base=-0.147 r1=0.0178 path=0.0118 cap=0.00723 margin=0.00839 | Lg=+0.8852 | 9s | curv=+0.627 wide=+0.777 gfmed=0.087
  800 acq  m=8 hq=0.825 fail | Dr=+0.385/+1.158 |Dr|max=1.158 Df=+0.183 | g r=0.090 f=0.143 p=0.559(0.004) max=1.479 | Ld=-0.1088 base=-0.155 r1=0.0142 path=0.0168 cap=0.00646 margin=0.00857 | Lg=+0.9550 | 9s | curv=+0.545 wide=+0.73 gfmed=0.076
  810 acq  m=8 hq=0.878 fail | Dr=+0.391/+1.087 |Dr|max=1.087 Df=+0.197 | g r=0.120 f=0.145 p=0.561(0.005) max=1.378 | Ld=-0.1156 base=-0.187 r1=0.0165 path=0.032 cap=0.0137 margin=0.00909 | Lg=+0.9346 | 9s | curv=+0.806 wide=+0.865 gfmed=0.088
  820 acq  m=8 hq=0.862 fail | Dr=+0.368/+0.910 |Dr|max=0.910 Df=+0.216 | g r=0.125 f=0.198 p=0.541(0.004) max=1.482 | Ld=-0.1061 base=-0.216 r1=0.0225 path=0.0601 cap=0.019 margin=0.00803 | Lg=+0.9534 | 10s | curv=+0.812 wide=+0.992 gfmed=0.133
  830 acq  m=8 hq=0.438 fail | Dr=+0.410/+1.023 |Dr|max=1.023 Df=+0.182 | g r=0.131 f=0.337 p=0.553(0.003) max=1.370 | Ld=-0.1217 base=-0.193 r1=0.0246 path=0.0293 cap=0.00914 margin=0.00813 | Lg=+0.9238 | 10s | curv=+1.09 wide=+1.21 gfmed=0.241
  840 acq  m=8 hq=0.731 fail | Dr=+0.419/+1.135 |Dr|max=1.135 Df=+0.254 | g r=0.107 f=0.265 p=0.552(0.006) max=1.486 | Ld=-0.1318 base=-0.173 r1=0.0183 path=0.00895 cap=0.00603 margin=0.00801 | Lg=+0.9349 | 10s | curv=+0.815 wide=+1 gfmed=0.116
  850 acq  m=8 hq=0.736 fail | Dr=+0.462/+1.192 |Dr|max=1.192 Df=+0.314 | g r=0.110 f=0.268 p=0.545(0.005) max=1.396 | Ld=-0.1557 base=-0.213 r1=0.0285 path=0.00498 cap=0.0159 margin=0.00779 | Lg=+0.9093 | 10s | curv=+0.961 wide=+1.14 gfmed=0.175
  860 acq  m=8 hq=0.497 fail | Dr=+0.569/+1.228 |Dr|max=1.228 Df=+0.396 | g r=0.116 f=0.341 p=0.543(0.004) max=1.411 | Ld=-0.0794 base=-0.154 r1=0.0309 path=0.0108 cap=0.0255 margin=0.00776 | Lg=+0.8808 | 10s | curv=+1.01 wide=+1.2 gfmed=0.218
  870 acq  m=8 hq=0.791 fail | Dr=+0.580/+1.219 |Dr|max=1.219 Df=+0.434 | g r=0.107 f=0.263 p=0.559(0.001) max=1.420 | Ld=-0.0708 base=-0.173 r1=0.0294 path=0.0135 cap=0.0518 margin=0.00711 | Lg=+0.8608 | 10s | curv=+0.895 wide=+1.1 gfmed=0.130
  880 acq  m=8 hq=0.820 fail | Dr=+0.514/+1.198 |Dr|max=1.198 Df=+0.370 | g r=0.100 f=0.225 p=0.552(0.002) max=1.425 | Ld=-0.0762 base=-0.118 r1=0.02 path=0.00489 cap=0.00822 margin=0.0084 | Lg=+0.8783 | 10s | curv=+0.782 wide=+1.01 gfmed=0.093
  890 acq  m=7 hq=0.418 fail | Dr=+0.359/+0.919 |Dr|max=0.919 Df=+0.214 | g r=0.158 f=0.329 p=0.571(0.005) max=1.480 | Ld=-0.1466 base=-0.223 r1=0.0221 path=0.016 cap=0.0291 margin=0.0094 | Lg=+0.9402 | 10s | curv=+0.838 wide=+1.03 gfmed=0.294
  900 acq  m=5 hq=0.425 fail | Dr=+0.499/+1.278 |Dr|max=1.278 Df=+0.245 | g r=0.154 f=0.352 p=0.602(0.002) max=1.564 | Ld=-0.1603 base=-0.225 r1=0.0329 path=0.0126 cap=0.0113 margin=0.00774 | Lg=+0.9335 | 10s | curv=+0.848 wide=+1.08 gfmed=0.231
  910 acq  m=8 hq=0.650 fail | Dr=+0.553/+1.254 |Dr|max=1.254 Df=+0.407 | g r=0.103 f=0.262 p=0.559(0.001) max=1.348 | Ld=-0.0842 base=-0.114 r1=0.0122 path=0.00549 cap=0.0038 margin=0.00802 | Lg=+0.8932 | 10s | curv=+0.696 wide=+0.914 gfmed=0.152
  920 acq  m=8 hq=0.813 fail | Dr=+0.544/+1.368 |Dr|max=1.368 Df=+0.407 | g r=0.113 f=0.195 p=0.587(0.004) max=1.357 | Ld=-0.1033 base=-0.144 r1=0.0154 path=0.00777 cap=0.00967 margin=0.00813 | Lg=+0.9367 | 11s | curv=+0.812 wide=+0.995 gfmed=0.126
  930 acq  m=8 hq=0.788 fail | Dr=+0.540/+1.517 |Dr|max=1.517 Df=+0.405 | g r=0.102 f=0.173 p=0.538(0.004) max=1.379 | Ld=-0.0835 base=-0.119 r1=0.0153 path=0.00462 cap=0.00676 margin=0.00849 | Lg=+0.8738 | 11s | curv=+0.654 wide=+0.824 gfmed=0.101
  940 acq  m=8 hq=0.914 PASS | Dr=+0.557/+1.187 |Dr|max=1.187 Df=+0.429 | g r=0.077 f=0.097 p=0.529(0.001) max=1.413 | Ld=-0.0656 base=-0.121 r1=0.0135 path=0.0268 cap=0.00579 margin=0.00922 | Lg=+0.8824 | 11s | curv=+0.457 wide=+0.602 gfmed=0.052
  950 acq  m=8 hq=0.943 PASS | Dr=+0.475/+1.243 |Dr|max=1.243 Df=+0.345 | g r=0.092 f=0.109 p=0.547(0.002) max=1.402 | Ld=-0.0796 base=-0.136 r1=0.0122 path=0.0254 cap=0.00993 margin=0.00911 | Lg=+0.9030 | 11s | curv=+0.65 wide=+0.784 gfmed=0.076
  960 acq  m=8 hq=0.897 fail | Dr=+0.477/+1.462 |Dr|max=1.462 Df=+0.347 | g r=0.091 f=0.134 p=0.558(0.006) max=1.383 | Ld=-0.1114 base=-0.15 r1=0.0136 path=0.0116 cap=0.00433 margin=0.00889 | Lg=+0.9336 | 11s | curv=+0.505 wide=+0.644 gfmed=0.083
  970 acq  m=8 hq=0.909 PASS | Dr=+0.499/+1.311 |Dr|max=1.311 Df=+0.379 | g r=0.078 f=0.094 p=0.520(0.003) max=1.448 | Ld=-0.0722 base=-0.102 r1=0.0127 path=0.00355 cap=0.00492 margin=0.00882 | Lg=+0.8770 | 11s | curv=+0.256 wide=+0.379 gfmed=0.071
  980 acq  m=8 hq=0.941 PASS | Dr=+0.552/+1.449 |Dr|max=1.449 Df=+0.427 | g r=0.090 f=0.099 p=0.520(0.002) max=1.305 | Ld=-0.0590 base=-0.0992 r1=0.0188 path=0.0101 cap=0.00228 margin=0.00899 | Lg=+0.8773 | 11s | curv=+0.146 wide=+0.284 gfmed=0.062
  990 acq  m=8 hq=0.919 PASS | Dr=+0.518/+1.545 |Dr|max=1.545 Df=+0.399 | g r=0.075 f=0.094 p=0.533(0.001) max=1.498 | Ld=-0.0878 base=-0.118 r1=0.0121 path=0.00604 cap=0.00312 margin=0.00927 | Lg=+0.9182 | 11s | curv=+0.418 wide=+0.568 gfmed=0.062
 1000 acq  m=8 hq=0.861 fail | Dr=+0.466/+1.219 |Dr|max=1.219 Df=+0.331 | g r=0.095 f=0.210 p=0.559(0.006) max=1.488 | Ld=-0.1009 base=-0.144 r1=0.0146 path=0.0148 cap=0.00527 margin=0.00845 | Lg=+0.9105 | 11s | curv=+0.601 wide=+0.778 gfmed=0.099
 1010 acq  m=8 hq=0.738 fail | Dr=+0.520/+1.281 |Dr|max=1.281 Df=+0.392 | g r=0.117 f=0.266 p=0.560(0.003) max=1.418 | Ld=-0.0542 base=-0.127 r1=0.0261 path=0.0282 cap=0.00975 margin=0.00866 | Lg=+0.8786 | 12s | curv=+0.793 wide=+0.95 gfmed=0.129
 1020 acq  m=8 hq=0.699 fail | Dr=+0.527/+1.158 |Dr|max=1.158 Df=+0.380 | g r=0.101 f=0.260 p=0.556(0.003) max=1.307 | Ld=-0.0398 base=-0.0837 r1=0.015 path=0.0142 cap=0.00601 margin=0.00865 | Lg=+0.8698 | 12s | curv=+0.613 wide=+0.814 gfmed=0.116
 1030 acq  m=8 hq=0.750 fail | Dr=+0.430/+1.160 |Dr|max=1.160 Df=+0.298 | g r=0.123 f=0.283 p=0.529(0.007) max=1.600 | Ld=-0.0397 base=-0.137 r1=0.0407 path=0.0148 cap=0.0324 margin=0.00903 | Lg=+0.8898 | 12s | curv=+0.652 wide=+0.764 gfmed=0.121
 1040 acq  m=8 hq=0.922 PASS | Dr=+0.571/+1.266 |Dr|max=1.266 Df=+0.465 | g r=0.074 f=0.111 p=0.517(0.002) max=1.327 | Ld=-0.0373 base=-0.0761 r1=0.0132 path=0.0116 cap=0.00495 margin=0.00899 | Lg=+0.8643 | 12s | curv=+0.561 wide=+0.699 gfmed=0.055
 1050 acq  m=8 hq=0.954 PASS | Dr=+0.558/+1.302 |Dr|max=1.302 Df=+0.447 | g r=0.070 f=0.082 p=0.540(0.001) max=1.305 | Ld=-0.0591 base=-0.0895 r1=0.00975 path=0.00968 cap=0.00221 margin=0.00884 | Lg=+0.8799 | 12s | curv=+0.501 wide=+0.63 gfmed=0.054
 1060 acq  m=8 hq=0.950 PASS | Dr=+0.574/+1.221 |Dr|max=1.221 Df=+0.465 | g r=0.072 f=0.073 p=0.530(0.002) max=1.347 | Ld=-0.0523 base=-0.0854 r1=0.00975 path=0.0113 cap=0.00346 margin=0.00862 | Lg=+0.8724 | 12s | curv=+0.411 wide=+0.502 gfmed=0.050
 1070 acq  m=8 hq=0.946 PASS | Dr=+0.614/+1.421 |Dr|max=1.421 Df=+0.512 | g r=0.096 f=0.091 p=0.523(0.002) max=1.458 | Ld=-0.0647 base=-0.103 r1=0.0165 path=0.00581 cap=0.00656 margin=0.00929 | Lg=+0.8701 | 12s | curv=+0.362 wide=+0.464 gfmed=0.065
 1080 acq  m=8 hq=0.892 fail | Dr=+0.545/+1.436 |Dr|max=1.436 Df=+0.447 | g r=0.082 f=0.077 p=0.498(0.002) max=1.396 | Ld=-0.0365 base=-0.0797 r1=0.0119 path=0.0192 cap=0.00247 margin=0.00961 | Lg=+0.8673 | 12s | curv=+0.27 wide=+0.407 gfmed=0.060
 1090 acq  m=8 hq=0.947 PASS | Dr=+0.590/+1.649 |Dr|max=1.649 Df=+0.490 | g r=0.073 f=0.079 p=0.556(0.000) max=1.441 | Ld=-0.0964 base=-0.127 r1=0.00823 path=0.0116 cap=0.00203 margin=0.00884 | Lg=+0.9248 | 12s | curv=+0.317 wide=+0.458 gfmed=0.063
 1100 acq  m=8 hq=0.906 PASS | Dr=+0.596/+1.472 |Dr|max=1.472 Df=+0.494 | g r=0.094 f=0.092 p=0.502(0.001) max=1.449 | Ld=-0.0067 base=-0.0822 r1=0.0186 path=0.0313 cap=0.0158 margin=0.00972 | Lg=+0.8676 | 13s | curv=+0.272 wide=+0.4 gfmed=0.068
 1110 acq  m=8 hq=0.938 PASS | Dr=+0.602/+1.388 |Dr|max=1.388 Df=+0.498 | g r=0.062 f=0.062 p=0.521(0.001) max=1.290 | Ld=-0.0687 base=-0.0996 r1=0.00891 path=0.0104 cap=0.0025 margin=0.0091 | Lg=+0.8898 | 13s | curv=+0.379 wide=+0.497 gfmed=0.036
 1120 acq  m=8 hq=0.941 PASS | Dr=+0.398/+1.157 |Dr|max=1.157 Df=+0.307 | g r=0.073 f=0.067 p=0.465(0.003) max=1.199 | Ld=-0.0314 base=-0.0815 r1=0.0103 path=0.0239 cap=0.00702 margin=0.0088 | Lg=+0.8567 | 13s | curv=+0.217 wide=+0.38 gfmed=0.047
 1130 acq  m=8 hq=0.955 PASS | Dr=+0.557/+1.519 |Dr|max=1.519 Df=+0.461 | g r=0.072 f=0.075 p=0.522(0.000) max=1.343 | Ld=-0.0745 base=-0.104 r1=0.00925 path=0.00544 cap=0.00544 margin=0.00897 | Lg=+0.8970 | 13s | curv=+0.385 wide=+0.496 gfmed=0.055
 1140 acq  m=8 hq=0.948 PASS | Dr=+0.505/+1.254 |Dr|max=1.254 Df=+0.410 | g r=0.089 f=0.088 p=0.499(0.002) max=1.317 | Ld=-0.0463 base=-0.0802 r1=0.007 path=0.0115 cap=0.00617 margin=0.00925 | Lg=+0.8661 | 13s | curv=+0.399 wide=+0.484 gfmed=0.070
 1150 acq  m=8 hq=0.892 fail | Dr=+0.504/+1.511 |Dr|max=1.511 Df=+0.417 | g r=0.088 f=0.088 p=0.511(0.001) max=1.194 | Ld=-0.0318 base=-0.071 r1=0.0147 path=0.0121 cap=0.0031 margin=0.00928 | Lg=+0.8740 | 13s | curv=+0.219 wide=+0.326 gfmed=0.080
 1160 acq  m=8 hq=0.935 PASS | Dr=+0.574/+1.833 |Dr|max=1.833 Df=+0.490 | g r=0.080 f=0.089 p=0.547(0.003) max=1.481 | Ld=-0.0925 base=-0.132 r1=0.0157 path=0.00976 cap=0.00492 margin=0.00894 | Lg=+0.9585 | 13s | curv=+0.347 wide=+0.486 gfmed=0.064
 1170 acq  m=8 hq=0.917 PASS | Dr=+0.648/+1.641 |Dr|max=1.641 Df=+0.554 | g r=0.077 f=0.091 p=0.551(0.002) max=1.422 | Ld=-0.0783 base=-0.113 r1=0.00865 path=0.0106 cap=0.006 margin=0.00952 | Lg=+0.9296 | 13s | curv=+0.35 wide=+0.476 gfmed=0.072
 1180 acq  m=8 hq=0.953 PASS | Dr=+0.513/+1.291 |Dr|max=1.291 Df=+0.423 | g r=0.068 f=0.077 p=0.523(0.002) max=1.467 | Ld=-0.0867 base=-0.113 r1=0.00752 path=0.00685 cap=0.00211 margin=0.00971 | Lg=+0.8924 | 14s | curv=+0.382 wide=+0.518 gfmed=0.056
 1190 acq  m=8 hq=0.953 PASS | Dr=+0.556/+1.170 |Dr|max=1.170 Df=+0.473 | g r=0.051 f=0.050 p=0.478(0.001) max=1.199 | Ld=-0.0502 base=-0.0784 r1=0.00724 path=0.0108 cap=0.00143 margin=0.00877 | Lg=+0.8557 | 14s | curv=+0.121 wide=+0.274 gfmed=0.032
 1200 acq  m=8 hq=0.858 fail | Dr=+0.524/+1.549 |Dr|max=1.549 Df=+0.449 | g r=0.092 f=0.090 p=0.497(0.003) max=1.207 | Ld=-0.0410 base=-0.0795 r1=0.0177 path=0.00537 cap=0.00697 margin=0.00855 | Lg=+0.8897 | 14s | curv=+0.362 wide=+0.467 gfmed=0.072
 1210 hold m=8 hq=0.962 PASS | Dr=+0.593/+1.583 |Dr|max=1.583 Df=+0.515 | g r=0.055 f=0.060 p=0.519(0.000) max=1.385 | Ld=-0.0460 base=-0.0798 r1=0.00682 path=0.0151 cap=0.00334 margin=0.00848 | Lg=+0.8744 | 14s | curv=+0.332 wide=+0.456 gfmed=0.041
 1220 hold m=8 hq=0.959 PASS | Dr=+0.603/+1.864 |Dr|max=1.864 Df=+0.534 | g r=0.070 f=0.072 p=0.502(0.005) max=1.368 | Ld=-0.0213 base=-0.0492 r1=0.00792 path=0.0101 cap=0.000692 margin=0.00906 | Lg=+0.9099 | 14s | curv=+0.23 wide=+0.333 gfmed=0.059
 1230 hold m=8 hq=0.967 PASS | Dr=+0.500/+1.181 |Dr|max=1.181 Df=+0.430 | g r=0.045 f=0.052 p=0.419(0.003) max=1.239 | Ld=-0.0479 base=-0.0763 r1=0.00402 path=0.0133 cap=0.00165 margin=0.0094 | Lg=+0.8218 | 14s | curv=+0.299 wide=+0.405 gfmed=0.030
 1240 hold m=8 hq=0.966 PASS | Dr=+0.542/+1.254 |Dr|max=1.254 Df=+0.477 | g r=0.063 f=0.062 p=0.472(0.003) max=1.203 | Ld=-0.0349 base=-0.0662 r1=0.00579 path=0.0132 cap=0.00269 margin=0.00973 | Lg=+0.8625 | 14s | curv=+0.301 wide=+0.407 gfmed=0.039
 1250 hold m=8 hq=0.946 PASS | Dr=+0.591/+1.435 |Dr|max=1.435 Df=+0.530 | g r=0.062 f=0.077 p=0.459(0.003) max=1.254 | Ld=+0.0189 base=-0.0213 r1=0.00501 path=0.0228 cap=0.00309 margin=0.00931 | Lg=+0.8188 | 14s | curv=+0.219 wide=+0.341 gfmed=0.053
 1260 hold m=7 hq=0.537 fail | Dr=+0.439/+1.193 |Dr|max=1.193 Df=+0.337 | g r=0.104 f=0.243 p=0.471(0.002) max=1.377 | Ld=-0.0460 base=-0.0793 r1=0.0171 path=0.00574 cap=0.00223 margin=0.00821 | Lg=+0.8305 | 14s | curv=+0.8 wide=+0.89 gfmed=0.115
 1270 hold m=8 hq=0.957 PASS | Dr=+0.518/+1.192 |Dr|max=1.192 Df=+0.461 | g r=0.055 f=0.062 p=0.462(0.001) max=1.238 | Ld=-0.0433 base=-0.064 r1=0.00759 path=0.0035 cap=0.000466 margin=0.00915 | Lg=+0.8224 | 14s | curv=+0.376 wide=+0.53 gfmed=0.039
 1280 hold m=8 hq=0.951 PASS | Dr=+0.530/+1.278 |Dr|max=1.278 Df=+0.475 | g r=0.062 f=0.072 p=0.470(0.002) max=1.318 | Ld=+0.0132 base=-0.0171 r1=0.0111 path=0.00782 cap=0.00238 margin=0.00898 | Lg=+0.8194 | 15s | curv=+0.246 wide=+0.404 gfmed=0.057
 1290 hold m=8 hq=0.958 PASS | Dr=+0.501/+1.338 |Dr|max=1.338 Df=+0.449 | g r=0.055 f=0.055 p=0.457(0.003) max=1.105 | Ld=-0.0489 base=-0.0717 r1=0.00584 path=0.00528 cap=0.00252 margin=0.00922 | Lg=+0.8383 | 15s | curv=+0.294 wide=+0.405 gfmed=0.042
 1300 hold m=8 hq=0.952 PASS | Dr=+0.577/+1.503 |Dr|max=1.503 Df=+0.516 | g r=0.056 f=0.051 p=0.492(0.002) max=1.348 | Ld=-0.0710 base=-0.0946 r1=0.00386 path=0.00885 cap=0.00148 margin=0.00948 | Lg=+0.8959 | 15s | curv=+0.297 wide=+0.414 gfmed=0.035
 1310 hold m=8 hq=0.946 PASS | Dr=+0.516/+1.328 |Dr|max=1.328 Df=+0.466 | g r=0.060 f=0.056 p=0.474(0.002) max=1.292 | Ld=-0.0214 base=-0.0464 r1=0.00585 path=0.00619 cap=0.00299 margin=0.00994 | Lg=+0.8391 | 15s | curv=+0.338 wide=+0.426 gfmed=0.036
 1320 hold m=8 hq=0.954 PASS | Dr=+0.550/+1.476 |Dr|max=1.476 Df=+0.496 | g r=0.059 f=0.065 p=0.511(0.002) max=1.277 | Ld=-0.0330 base=-0.0531 r1=0.00606 path=0.00321 cap=0.00231 margin=0.00858 | Lg=+0.8612 | 15s | curv=+0.224 wide=+0.346 gfmed=0.046
 1330 hold m=8 hq=0.921 PASS | Dr=+0.536/+1.631 |Dr|max=1.631 Df=+0.493 | g r=0.055 f=0.064 p=0.486(0.001) max=1.288 | Ld=-0.0432 base=-0.067 r1=0.00532 path=0.0073 cap=0.00273 margin=0.00851 | Lg=+0.8757 | 15s | curv=+0.221 wide=+0.342 gfmed=0.037
 1340 hold m=8 hq=0.640 fail | Dr=+0.269/+0.983 |Dr|max=0.983 Df=+0.199 | g r=0.095 f=0.284 p=0.450(0.003) max=1.317 | Ld=+0.0329 base=-0.0682 r1=0.0222 path=0.057 cap=0.0132 margin=0.00866 | Lg=+0.8040 | 15s | curv=+0.884 wide=+0.971 gfmed=0.141
 1350 hold m=6 hq=0.351 fail | Dr=+0.302/+0.895 |Dr|max=0.895 Df=+0.167 | g r=0.112 f=0.502 p=0.497(0.001) max=1.332 | Ld=-0.0906 base=-0.15 r1=0.014 path=0.036 cap=0.00174 margin=0.00775 | Lg=+0.8478 | 15s | curv=+0.882 wide=+1.08 gfmed=0.576
 1360 hold m=8 hq=0.482 fail | Dr=+0.367/+0.961 |Dr|max=0.961 Df=+0.284 | g r=0.108 f=0.376 p=0.454(0.002) max=1.288 | Ld=-0.0241 base=-0.0839 r1=0.0234 path=0.0065 cap=0.0226 margin=0.00734 | Lg=+0.7840 | 15s | curv=+1.11 wide=+1.24 gfmed=0.306
 1370 hold m=6 hq=0.258 fail | Dr=+0.354/+0.826 |Dr|max=0.826 Df=+0.172 | g r=0.096 f=0.428 p=0.489(0.002) max=1.265 | Ld=-0.0615 base=-0.0996 r1=0.0153 path=0.0136 cap=0.00117 margin=0.00798 | Lg=+0.8168 | 16s | curv=+1.09 wide=+1.23 gfmed=0.434
 1380 hold m=8 hq=0.517 fail | Dr=+0.364/+0.988 |Dr|max=0.988 Df=+0.276 | g r=0.109 f=0.416 p=0.463(0.005) max=1.260 | Ld=-0.0895 base=-0.129 r1=0.0171 path=0.00753 cap=0.00733 margin=0.00751 | Lg=+0.8084 | 16s | curv=+1.05 wide=+1.19 gfmed=0.308
 1390 hold m=5 hq=0.169 fail | Dr=+0.345/+0.987 |Dr|max=0.987 Df=+0.162 | g r=0.124 f=0.528 p=0.494(0.002) max=1.220 | Ld=-0.0792 base=-0.14 r1=0.0254 path=0.0262 cap=0.00172 margin=0.00772 | Lg=+0.8211 | 16s | curv=+1.35 wide=+1.52 gfmed=0.543
 1400 hold m=6 hq=0.147 fail | Dr=+0.380/+0.801 |Dr|max=0.801 Df=+0.197 | g r=0.119 f=0.536 p=0.481(0.002) max=1.351 | Ld=-0.0335 base=-0.179 r1=0.0351 path=0.0688 cap=0.0346 margin=0.00745 | Lg=+0.8203 | 16s | curv=+1.26 wide=+1.42 gfmed=0.526
 1410 hold m=8 hq=0.250 fail | Dr=+0.339/+0.774 |Dr|max=0.774 Df=+0.158 | g r=0.147 f=0.569 p=0.518(0.004) max=1.375 | Ld=-0.0913 base=-0.14 r1=0.0285 path=0.0106 cap=0.00272 margin=0.0073 | Lg=+0.8309 | 16s | curv=+1.43 wide=+1.58 gfmed=0.527
 1420 hold m=7 hq=0.312 fail | Dr=+0.359/+0.925 |Dr|max=0.925 Df=+0.196 | g r=0.120 f=0.469 p=0.503(0.002) max=1.228 | Ld=-0.0950 base=-0.133 r1=0.0253 path=0.00404 cap=0.000707 margin=0.00762 | Lg=+0.8157 | 16s | curv=+1.26 wide=+1.45 gfmed=0.463
 1430 hold m=7 hq=0.512 fail | Dr=+0.346/+0.729 |Dr|max=0.729 Df=+0.271 | g r=0.125 f=0.412 p=0.467(0.002) max=1.164 | Ld=-0.0903 base=-0.14 r1=0.0296 path=0.00174 cap=0.0111 margin=0.00719 | Lg=+0.7971 | 16s | curv=+1.21 wide=+1.35 gfmed=0.371
 1440 hold m=6 hq=0.296 fail | Dr=+0.432/+0.941 |Dr|max=0.941 Df=+0.277 | g r=0.112 f=0.558 p=0.506(0.003) max=1.295 | Ld=-0.1228 base=-0.156 r1=0.0222 path=0.00258 cap=0.000617 margin=0.00757 | Lg=+0.8439 | 16s | curv=+1.17 wide=+1.36 gfmed=0.595
 1450 hold m=7 hq=0.193 fail | Dr=+0.408/+0.854 |Dr|max=0.854 Df=+0.264 | g r=0.120 f=0.484 p=0.522(0.007) max=1.353 | Ld=-0.1045 base=-0.155 r1=0.0224 path=0.0161 cap=0.00372 margin=0.00836 | Lg=+0.8378 | 16s | curv=+1 wide=+1.23 gfmed=0.372
 1460 hold m=8 hq=0.260 fail | Dr=+0.342/+0.958 |Dr|max=0.958 Df=+0.214 | g r=0.119 f=0.482 p=0.495(0.003) max=1.269 | Ld=-0.0742 base=-0.118 r1=0.0254 path=0.00237 cap=0.00915 margin=0.00722 | Lg=+0.8084 | 16s | curv=+1.27 wide=+1.47 gfmed=0.481
 1470 hold m=7 hq=0.205 fail | Dr=+0.332/+0.809 |Dr|max=0.809 Df=+0.174 | g r=0.170 f=0.744 p=0.579(0.015) max=1.508 | Ld=-0.1389 base=-0.296 r1=0.0407 path=0.106 cap=0.00333 margin=0.00705 | Lg=+0.9421 | 17s | curv=+1.8 wide=+2.06 gfmed=0.799
 1480 hold m=8 hq=0.476 fail | Dr=+0.424/+0.936 |Dr|max=0.936 Df=+0.352 | g r=0.121 f=0.431 p=0.480(0.006) max=1.273 | Ld=-0.0456 base=-0.0861 r1=0.0287 path=0.00337 cap=0.00137 margin=0.00701 | Lg=+0.7698 | 17s | curv=+1.2 wide=+1.41 gfmed=0.390
 1490 hold m=6 hq=0.278 fail | Dr=+0.352/+0.862 |Dr|max=0.862 Df=+0.209 | g r=0.113 f=0.633 p=0.503(0.004) max=1.300 | Ld=-0.0929 base=-0.125 r1=0.0199 path=0.00296 cap=0.00198 margin=0.00733 | Lg=+0.8262 | 17s | curv=+1.09 wide=+1.35 gfmed=0.773
 1500 hold m=7 hq=0.184 fail | Dr=+0.420/+1.028 |Dr|max=1.028 Df=+0.274 | g r=0.121 f=0.676 p=0.540(0.005) max=1.455 | Ld=-0.1482 base=-0.18 r1=0.0204 path=0.00165 cap=0.00288 margin=0.00698 | Lg=+0.8569 | 17s | curv=+1.17 wide=+1.39 gfmed=0.748
 1510 hold m=6 hq=0.376 fail | Dr=+0.348/+0.807 |Dr|max=0.807 Df=+0.231 | g r=0.117 f=0.484 p=0.473(0.004) max=1.331 | Ld=-0.1047 base=-0.157 r1=0.027 path=0.000939 cap=0.017 margin=0.00745 | Lg=+0.8175 | 17s | curv=+1.2 wide=+1.44 gfmed=0.476
 1520 hold m=7 hq=0.460 fail | Dr=+0.371/+0.970 |Dr|max=0.970 Df=+0.228 | g r=0.112 f=0.446 p=0.517(0.008) max=1.397 | Ld=-0.0625 base=-0.104 r1=0.0235 path=0.00088 cap=0.00884 margin=0.00783 | Lg=+0.8013 | 17s | curv=+0.986 wide=+1.23 gfmed=0.357
 1530 hold m=4 hq=0.315 fail | Dr=+0.496/+1.241 |Dr|max=1.241 Df=+0.350 | g r=0.100 f=0.483 p=0.524(0.004) max=1.242 | Ld=-0.0887 base=-0.117 r1=0.0176 path=0.00165 cap=0.000777 margin=0.008 | Lg=+0.8491 | 17s | curv=+0.99 wide=+1.22 gfmed=0.439
 1540 hold m=6 hq=0.363 fail | Dr=+0.447/+1.147 |Dr|max=1.147 Df=+0.323 | g r=0.103 f=0.415 p=0.492(0.003) max=1.144 | Ld=-0.0692 base=-0.0989 r1=0.0197 path=0.0019 cap=0.000222 margin=0.00789 | Lg=+0.8332 | 17s | curv=+1.03 wide=+1.24 gfmed=0.394
 1550 hold m=7 hq=0.430 fail | Dr=+0.519/+1.219 |Dr|max=1.219 Df=+0.456 | g r=0.112 f=0.448 p=0.496(0.010) max=1.283 | Ld=-0.0737 base=-0.131 r1=0.0243 path=0.00181 cap=0.0235 margin=0.00768 | Lg=+0.8222 | 17s | curv=+0.969 wide=+1.15 gfmed=0.372
 1560 hold m=8 hq=0.908 PASS | Dr=+0.522/+1.171 |Dr|max=1.171 Df=+0.502 | g r=0.097 f=0.154 p=0.477(0.002) max=1.276 | Ld=-0.0316 base=-0.0619 r1=0.0151 path=0.00179 cap=0.00561 margin=0.00776 | Lg=+0.7824 | 18s | curv=+0.843 wide=+1.07 gfmed=0.084
 1570 hold m=8 hq=0.961 PASS | Dr=+0.534/+1.093 |Dr|max=1.093 Df=+0.516 | g r=0.050 f=0.061 p=0.419(0.001) max=1.165 | Ld=-0.0041 base=-0.0203 r1=0.00608 path=0.00068 cap=0.000234 margin=0.00918 | Lg=+0.7543 | 18s | curv=+0.327 wide=+0.562 gfmed=0.034
 1580 hold m=8 hq=0.966 PASS | Dr=+0.572/+1.782 |Dr|max=1.782 Df=+0.560 | g r=0.059 f=0.062 p=0.441(0.002) max=1.232 | Ld=-0.0175 base=-0.0355 r1=0.00473 path=0.00427 cap=0.000144 margin=0.00886 | Lg=+0.8254 | 18s | curv=+0.182 wide=+0.386 gfmed=0.041
 1590 hold m=8 hq=0.971 PASS | Dr=+0.523/+1.652 |Dr|max=1.652 Df=+0.519 | g r=0.069 f=0.068 p=0.442(0.001) max=1.184 | Ld=-0.0242 base=-0.0458 r1=0.01 path=0.000972 cap=0.00091 margin=0.00972 | Lg=+0.8830 | 18s | curv=+0.403 wide=+0.515 gfmed=0.061
 1600 hold m=8 hq=0.970 PASS | Dr=+0.400/+1.560 |Dr|max=1.560 Df=+0.390 | g r=0.086 f=0.081 p=0.434(0.003) max=1.209 | Ld=-0.0257 base=-0.0503 r1=0.0142 path=0.00124 cap=0.000243 margin=0.00886 | Lg=+0.8495 | 18s | curv=+0.172 wide=+0.306 gfmed=0.070
 1610 hold m=8 hq=0.965 PASS | Dr=+0.379/+1.634 |Dr|max=1.634 Df=+0.370 | g r=0.083 f=0.081 p=0.428(0.002) max=1.151 | Ld=-0.0062 base=-0.0276 r1=0.00729 path=0.00153 cap=0.00333 margin=0.00926 | Lg=+0.8866 | 18s | curv=+0.192 wide=+0.331 gfmed=0.068
 1620 hold m=8 hq=0.965 PASS | Dr=+0.323/+1.736 |Dr|max=1.736 Df=+0.316 | g r=0.060 f=0.063 p=0.460(0.001) max=1.226 | Ld=-0.0007 base=-0.016 r1=0.00365 path=0.001 cap=0.000872 margin=0.00979 | Lg=+0.9198 | 18s | curv=+0.0362 wide=+0.126 gfmed=0.050
 1630 hold m=8 hq=0.979 PASS | Dr=+0.260/+1.497 |Dr|max=1.497 Df=+0.252 | g r=0.074 f=0.074 p=0.435(0.000) max=1.215 | Ld=-0.0126 base=-0.0324 r1=0.00917 path=0.00057 cap=0.000579 margin=0.00944 | Lg=+0.8706 | 18s | curv=+0.101 wide=+0.231 gfmed=0.068
 1640 hold m=8 hq=0.985 PASS | Dr=+0.243/+1.280 |Dr|max=1.280 Df=+0.234 | g r=0.042 f=0.040 p=0.396(0.001) max=1.228 | Ld=-0.0103 base=-0.0234 r1=0.00331 path=0.00136 cap=0.00014 margin=0.00837 | Lg=+0.8417 | 18s | curv=+0.141 wide=+0.256 gfmed=0.033
 1650 hold m=8 hq=0.985 PASS | Dr=+0.237/+1.121 |Dr|max=1.121 Df=+0.225 | g r=0.052 f=0.049 p=0.366(0.000) max=1.196 | Ld=+0.0123 base=-0.00988 r1=0.00363 path=0.0087 cap=0.000104 margin=0.0097 | Lg=+0.7852 | 19s | curv=+0.241 wide=+0.347 gfmed=0.035
 1660 hold m=8 hq=0.986 PASS | Dr=+0.354/+1.175 |Dr|max=1.175 Df=+0.344 | g r=0.044 f=0.044 p=0.360(0.002) max=1.045 | Ld=+0.0029 base=-0.00897 r1=0.00268 path=0.000395 cap=0.000101 margin=0.00871 | Lg=+0.7988 | 19s | curv=+0.227 wide=+0.329 gfmed=0.036
 1670 hold m=8 hq=0.989 PASS | Dr=+0.417/+1.352 |Dr|max=1.352 Df=+0.408 | g r=0.046 f=0.046 p=0.405(0.001) max=1.157 | Ld=-0.0064 base=-0.02 r1=0.00311 path=0.00107 cap=3.49e-06 margin=0.00943 | Lg=+0.8357 | 19s | curv=+0.154 wide=+0.241 gfmed=0.035
 1680 hold m=8 hq=0.987 PASS | Dr=+0.203/+1.202 |Dr|max=1.202 Df=+0.201 | g r=0.046 f=0.046 p=0.370(0.000) max=1.098 | Ld=+0.0077 base=-0.00967 r1=0.00224 path=0.00451 cap=0.000787 margin=0.0098 | Lg=+0.8093 | 19s | curv=+0.201 wide=+0.296 gfmed=0.042
 1690 hold m=8 hq=0.984 PASS | Dr=+0.260/+1.174 |Dr|max=1.174 Df=+0.255 | g r=0.062 f=0.058 p=0.381(0.001) max=1.068 | Ld=+0.0262 base=0.00409 r1=0.00766 path=0.00461 cap=0.000221 margin=0.0096 | Lg=+0.8071 | 19s | curv=+0.18 wide=+0.279 gfmed=0.054
 1700 hold m=8 hq=0.989 PASS | Dr=+0.183/+1.234 |Dr|max=1.234 Df=+0.180 | g r=0.055 f=0.051 p=0.376(0.000) max=1.034 | Ld=+0.0142 base=-0.00491 r1=0.00932 path=0.000491 cap=0.000192 margin=0.00913 | Lg=+0.8087 | 19s | curv=+0.111 wide=+0.184 gfmed=0.038
 1710 hold m=8 hq=0.988 PASS | Dr=+0.149/+1.048 |Dr|max=1.048 Df=+0.143 | g r=0.032 f=0.031 p=0.312(0.001) max=1.127 | Ld=+0.0197 base=0.00474 r1=0.00199 path=0.00297 cap=4.09e-05 margin=0.00993 | Lg=+0.7732 | 19s | curv=+0.179 wide=+0.243 gfmed=0.024
 1720 hold m=8 hq=0.982 PASS | Dr=+0.263/+1.479 |Dr|max=1.479 Df=+0.264 | g r=0.060 f=0.060 p=0.400(0.001) max=1.214 | Ld=-0.0334 base=-0.0486 r1=0.0041 path=0.00124 cap=0.000464 margin=0.00937 | Lg=+0.8599 | 19s | curv=+0.105 wide=+0.207 gfmed=0.031
 1730 hold m=8 hq=0.983 PASS | Dr=+0.253/+1.430 |Dr|max=1.430 Df=+0.256 | g r=0.038 f=0.036 p=0.375(0.001) max=1.046 | Ld=+0.0117 base=-0.00361 r1=0.00436 path=0.00117 cap=0.000202 margin=0.0096 | Lg=+0.8618 | 20s | curv=+0.148 wide=+0.22 gfmed=0.033
 1740 hold m=8 hq=0.988 PASS | Dr=+0.186/+1.519 |Dr|max=1.519 Df=+0.190 | g r=0.063 f=0.061 p=0.439(0.002) max=1.236 | Ld=-0.0225 base=-0.041 r1=0.00754 path=0.00204 cap=6.01e-05 margin=0.00884 | Lg=+0.9158 | 20s | curv=+0.246 wide=+0.308 gfmed=0.055
 1750 hold m=8 hq=0.986 PASS | Dr=+0.282/+1.443 |Dr|max=1.443 Df=+0.278 | g r=0.042 f=0.041 p=0.342(0.000) max=1.234 | Ld=+0.0008 base=-0.0121 r1=0.00295 path=0.000576 cap=0.00026 margin=0.00917 | Lg=+0.8221 | 20s | curv=+0.0307 wide=+0.114 gfmed=0.030
 1760 hold m=8 hq=0.985 PASS | Dr=+0.299/+0.940 |Dr|max=0.940 Df=+0.290 | g r=0.043 f=0.042 p=0.299(0.003) max=1.056 | Ld=+0.0370 base=0.022 r1=0.00234 path=0.00218 cap=0.000618 margin=0.00981 | Lg=+0.7635 | 20s | curv=+0.136 wide=+0.204 gfmed=0.035
 1770 hold m=8 hq=0.988 PASS | Dr=+0.321/+1.277 |Dr|max=1.277 Df=+0.315 | g r=0.032 f=0.030 p=0.369(0.003) max=1.121 | Ld=-0.0225 base=-0.0344 r1=0.00218 path=0.00048 cap=2.78e-06 margin=0.00919 | Lg=+0.8142 | 20s | curv=+0.0949 wide=+0.186 gfmed=0.025
 1780 hold m=8 hq=0.986 PASS | Dr=+0.235/+1.250 |Dr|max=1.250 Df=+0.234 | g r=0.056 f=0.054 p=0.376(0.002) max=1.262 | Ld=+0.0245 base=-0.00111 r1=0.00661 path=0.00878 cap=0.00104 margin=0.0092 | Lg=+0.8228 | 20s | curv=+0.256 wide=+0.309 gfmed=0.050
 1790 hold m=8 hq=0.990 PASS | Dr=+0.187/+1.288 |Dr|max=1.288 Df=+0.180 | g r=0.052 f=0.049 p=0.324(0.001) max=1.075 | Ld=+0.0160 base=-0.00307 r1=0.00268 path=0.00633 cap=0.000392 margin=0.00962 | Lg=+0.7642 | 20s | curv=+0.171 wide=+0.22 gfmed=0.045
 1800 hold m=8 hq=0.990 PASS | Dr=+0.238/+1.289 |Dr|max=1.289 Df=+0.233 | g r=0.031 f=0.027 p=0.320(0.001) max=1.202 | Ld=-0.0131 base=-0.0256 r1=0.00173 path=0.00151 cap=8.26e-06 margin=0.00925 | Lg=+0.8086 | 20s | curv=+0.141 wide=+0.21 gfmed=0.023
 1810 hold m=8 hq=0.988 PASS | Dr=+0.265/+1.048 |Dr|max=1.048 Df=+0.260 | g r=0.032 f=0.030 p=0.313(0.001) max=1.072 | Ld=+0.0138 base=-0.00351 r1=0.00121 path=0.00727 cap=4.96e-05 margin=0.00874 | Lg=+0.7848 | 21s | curv=+0.112 wide=+0.188 gfmed=0.020
 1820 hold m=8 hq=0.988 PASS | Dr=+0.255/+1.062 |Dr|max=1.062 Df=+0.247 | g r=0.027 f=0.025 p=0.326(0.001) max=1.248 | Ld=-0.0093 base=-0.0266 r1=0.00214 path=0.00592 cap=1.09e-05 margin=0.00923 | Lg=+0.8096 | 21s | curv=+0.0388 wide=+0.122 gfmed=0.019
 1830 hold m=8 hq=0.988 PASS | Dr=+0.239/+1.287 |Dr|max=1.287 Df=+0.227 | g r=0.045 f=0.042 p=0.304(0.001) max=1.100 | Ld=+0.0203 base=0.00403 r1=0.00368 path=0.00285 cap=7.67e-05 margin=0.00964 | Lg=+0.7574 | 21s | curv=+0.0713 wide=+0.112 gfmed=0.034
 1840 hold m=8 hq=0.993 PASS | Dr=+0.168/+0.879 |Dr|max=0.879 Df=+0.158 | g r=0.030 f=0.027 p=0.285(0.000) max=1.043 | Ld=+0.0109 base=-0.000414 r1=0.00148 path=0.000736 cap=0.000153 margin=0.0089 | Lg=+0.7564 | 21s | curv=+0.123 wide=+0.177 gfmed=0.022
 1850 hold m=8 hq=0.992 PASS | Dr=+0.262/+1.241 |Dr|max=1.241 Df=+0.260 | g r=0.028 f=0.026 p=0.318(0.001) max=1.041 | Ld=-0.0064 base=-0.0189 r1=0.00182 path=0.0013 margin=0.00944 | Lg=+0.8135 | 21s | curv=+0.0993 wide=+0.15 gfmed=0.024
 1860 hold m=8 hq=0.989 PASS | Dr=+0.297/+1.554 |Dr|max=1.554 Df=+0.295 | g r=0.049 f=0.043 p=0.445(0.000) max=1.188 | Ld=-0.0242 base=-0.0389 r1=0.00348 path=0.00183 cap=0.000215 margin=0.00919 | Lg=+0.9014 | 21s | curv=+0.186 wide=+0.24 gfmed=0.036
 1870 hold m=8 hq=0.949 PASS | Dr=+0.269/+1.527 |Dr|max=1.527 Df=+0.276 | g r=0.097 f=0.103 p=0.427(0.006) max=1.146 | Ld=+0.0066 base=-0.0203 r1=0.0111 path=0.00268 cap=0.0039 margin=0.00921 | Lg=+0.9027 | 21s | curv=+0.118 wide=+0.192 gfmed=0.099
 1880 hold m=8 hq=0.984 PASS | Dr=+0.187/+1.693 |Dr|max=1.693 Df=+0.197 | g r=0.055 f=0.053 p=0.480(0.002) max=1.352 | Ld=-0.0633 base=-0.0793 r1=0.00297 path=0.00244 cap=0.00138 margin=0.00918 | Lg=+0.9591 | 21s | curv=+0.149 wide=+0.212 gfmed=0.044
 1890 hold m=8 hq=0.983 PASS | Dr=+0.012/+0.659 |Dr|max=0.817 Df=+0.010 | g r=0.069 f=0.061 p=0.346(0.001) max=1.179 | Ld=+0.0192 base=0.00195 r1=0.0054 path=0.00177 cap=0.00101 margin=0.00908 | Lg=+0.7741 | 22s | curv=+0.3 wide=+0.34 gfmed=0.048
 1900 hold m=8 hq=0.988 PASS | Dr=+0.186/+1.436 |Dr|max=1.436 Df=+0.196 | g r=0.035 f=0.032 p=0.364(0.001) max=1.115 | Ld=-0.0197 base=-0.0378 r1=0.00217 path=0.00598 cap=0.000157 margin=0.00973 | Lg=+0.8391 | 22s | curv=+0.157 wide=+0.206 gfmed=0.023
 1910 hold m=8 hq=0.981 PASS | Dr=+0.218/+1.192 |Dr|max=1.192 Df=+0.220 | g r=0.042 f=0.043 p=0.327(0.002) max=1.060 | Ld=+0.0176 base=0.00449 r1=0.00261 path=0.00095 cap=9.9e-05 margin=0.00944 | Lg=+0.8071 | 22s | curv=+0.0907 wide=+0.163 gfmed=0.035
 1920 hold m=8 hq=0.973 PASS | Dr=+0.115/+1.169 |Dr|max=1.169 Df=+0.122 | g r=0.066 f=0.058 p=0.366(0.002) max=1.059 | Ld=-0.0051 base=-0.0271 r1=0.00617 path=0.00578 cap=8.1e-05 margin=0.0099 | Lg=+0.8078 | 22s | curv=+0.289 wide=+0.343 gfmed=0.053
 1930 hold m=8 hq=0.987 PASS | Dr=+0.173/+1.113 |Dr|max=1.113 Df=+0.176 | g r=0.036 f=0.036 p=0.364(0.002) max=1.094 | Ld=+0.0253 base=0.013 r1=0.00197 path=0.000817 cap=1.3e-05 margin=0.00945 | Lg=+0.8141 | 22s | curv=+0.12 wide=+0.185 gfmed=0.031
 1940 hold m=8 hq=0.980 PASS | Dr=+0.052/+1.298 |Dr|max=1.322 Df=+0.061 | g r=0.060 f=0.057 p=0.419(0.003) max=1.119 | Ld=+0.0124 base=-0.0047 r1=0.00701 path=0.000499 cap=0.000325 margin=0.00929 | Lg=+0.8805 | 22s | curv=+0.0956 wide=+0.177 gfmed=0.053
 1950 hold m=8 hq=0.979 PASS | Dr=+0.065/+1.362 |Dr|max=1.365 Df=+0.072 | g r=0.041 f=0.037 p=0.442(0.001) max=1.237 | Ld=-0.0164 base=-0.036 r1=0.00435 path=0.00571 cap=0.000104 margin=0.00938 | Lg=+0.9224 | 22s | curv=+0.184 wide=+0.272 gfmed=0.031
 1960 hold m=8 hq=0.984 PASS | Dr=+0.291/+1.439 |Dr|max=1.439 Df=+0.290 | g r=0.039 f=0.041 p=0.348(0.001) max=1.179 | Ld=-0.0367 base=-0.049 r1=0.00155 path=0.00133 margin=0.00936 | Lg=+0.8251 | 22s | curv=+0.124 wide=+0.199 gfmed=0.036
 1970 hold m=8 hq=0.982 PASS | Dr=+0.186/+1.188 |Dr|max=1.188 Df=+0.185 | g r=0.035 f=0.036 p=0.306(0.000) max=1.090 | Ld=+0.0381 base=0.0261 r1=0.00214 path=0.000562 cap=8.57e-07 margin=0.00932 | Lg=+0.7882 | 23s | curv=+0.0289 wide=+0.114 gfmed=0.027
 1980 hold m=8 hq=0.987 PASS | Dr=+0.213/+1.348 |Dr|max=1.348 Df=+0.219 | g r=0.035 f=0.034 p=0.317(0.000) max=1.134 | Ld=-0.0029 base=-0.0174 r1=0.00228 path=0.00276 cap=6.42e-06 margin=0.00949 | Lg=+0.8058 | 23s | curv=+0.097 wide=+0.164 gfmed=0.029
 1990 hold m=8 hq=0.990 PASS | Dr=+0.205/+1.044 |Dr|max=1.044 Df=+0.205 | g r=0.036 f=0.033 p=0.348(0.001) max=1.170 | Ld=-0.0023 base=-0.0164 r1=0.00171 path=0.00241 cap=0.000376 margin=0.00959 | Lg=+0.7854 | 23s | curv=+0.136 wide=+0.224 gfmed=0.027
 2000 hold m=8 hq=0.964 PASS | Dr=+0.325/+0.831 |Dr|max=0.831 Df=+0.322 | g r=0.043 f=0.042 p=0.294(0.000) max=0.934 | Ld=+0.0185 base=-0.00298 r1=0.00975 path=0.00238 cap=2.76e-06 margin=0.00931 | Lg=+0.7629 | 23s | curv=+0.22 wide=+0.264 gfmed=0.033
 2010 hold m=8 hq=0.982 PASS | Dr=+0.285/+1.129 |Dr|max=1.161 Df=+0.280 | g r=0.070 f=0.068 p=0.397(0.001) max=1.282 | Ld=-0.0133 base=-0.0325 r1=0.00261 path=0.00606 cap=0.00111 margin=0.00938 | Lg=+0.7980 | 23s | curv=+0.0525 wide=+0.108 gfmed=0.051
 2020 hold m=8 hq=0.992 PASS | Dr=+0.209/+0.776 |Dr|max=0.776 Df=+0.213 | g r=0.023 f=0.018 p=0.245(0.000) max=1.026 | Ld=+0.0126 base=0.00171 r1=0.000841 path=0.00102 cap=2.17e-06 margin=0.00904 | Lg=+0.7346 | 23s | curv=+0.128 wide=+0.184 gfmed=0.015
 2030 hold m=8 hq=0.991 PASS | Dr=+0.331/+1.598 |Dr|max=1.598 Df=+0.345 | g r=0.038 f=0.037 p=0.328(0.001) max=1.223 | Ld=-0.0102 base=-0.0229 r1=0.00268 path=0.000717 cap=6.41e-05 margin=0.00921 | Lg=+0.8154 | 23s | curv=+0.135 wide=+0.19 gfmed=0.030
 2040 hold m=8 hq=0.990 PASS | Dr=+0.182/+1.010 |Dr|max=1.010 Df=+0.190 | g r=0.034 f=0.031 p=0.291(0.001) max=1.114 | Ld=+0.0062 base=-0.00871 r1=0.00186 path=0.00345 margin=0.0096 | Lg=+0.7696 | 23s | curv=+0.19 wide=+0.24 gfmed=0.027
 2050 hold m=8 hq=0.990 PASS | Dr=+0.171/+0.995 |Dr|max=0.995 Df=+0.180 | g r=0.038 f=0.034 p=0.301(0.001) max=0.981 | Ld=+0.0470 base=0.0319 r1=0.00355 path=0.00175 cap=5.03e-07 margin=0.00973 | Lg=+0.7647 | 24s | curv=+0.157 wide=+0.206 gfmed=0.031
 2060 hold m=8 hq=0.989 PASS | Dr=+0.171/+1.424 |Dr|max=1.424 Df=+0.179 | g r=0.060 f=0.059 p=0.358(0.002) max=1.181 | Ld=-0.0127 base=-0.0292 r1=0.00379 path=0.00313 cap=8.16e-05 margin=0.0095 | Lg=+0.8083 | 24s | curv=+0.178 wide=+0.217 gfmed=0.053
 2070 hold m=8 hq=0.989 PASS | Dr=+0.202/+0.830 |Dr|max=0.830 Df=+0.206 | g r=0.041 f=0.041 p=0.335(0.001) max=1.095 | Ld=-0.0071 base=-0.0202 r1=0.00213 path=0.000895 cap=3.01e-05 margin=0.00997 | Lg=+0.7603 | 24s | curv=+0.135 wide=+0.197 gfmed=0.031
 2080 hold m=8 hq=0.989 PASS | Dr=+0.312/+1.369 |Dr|max=1.369 Df=+0.311 | g r=0.061 f=0.056 p=0.346(0.004) max=1.223 | Ld=-0.0096 base=-0.0261 r1=0.00364 path=0.000701 cap=0.00237 margin=0.00979 | Lg=+0.8028 | 24s | curv=+0.175 wide=+0.22 gfmed=0.042
 2090 hold m=8 hq=0.992 PASS | Dr=+0.328/+1.186 |Dr|max=1.186 Df=+0.326 | g r=0.033 f=0.030 p=0.324(0.002) max=1.179 | Ld=+0.0459 base=0.0293 r1=0.00179 path=0.00519 cap=0.000193 margin=0.00944 | Lg=+0.7709 | 24s | curv=+0.151 wide=+0.203 gfmed=0.024
 2100 hold m=8 hq=0.986 PASS | Dr=+0.248/+1.078 |Dr|max=1.078 Df=+0.251 | g r=0.026 f=0.025 p=0.308(0.001) max=1.103 | Ld=-0.0141 base=-0.0285 r1=0.00298 path=0.0018 cap=2.82e-05 margin=0.00966 | Lg=+0.7831 | 24s | curv=+0.0405 wide=+0.123 gfmed=0.022
 2110 hold m=8 hq=0.990 PASS | Dr=+0.206/+1.007 |Dr|max=1.007 Df=+0.210 | g r=0.037 f=0.036 p=0.295(0.001) max=1.039 | Ld=-0.0009 base=-0.0142 r1=0.0018 path=0.00229 cap=7.84e-05 margin=0.00908 | Lg=+0.7959 | 24s | curv=+0.104 wide=+0.183 gfmed=0.033
 2120 hold m=8 hq=0.992 PASS | Dr=+0.222/+1.082 |Dr|max=1.082 Df=+0.220 | g r=0.026 f=0.025 p=0.271(0.000) max=1.190 | Ld=-0.0077 base=-0.0241 r1=0.00203 path=0.00484 cap=0.000123 margin=0.00943 | Lg=+0.7543 | 24s | curv=+0.126 wide=+0.187 gfmed=0.020
 2130 hold m=8 hq=0.991 PASS | Dr=+0.026/+0.905 |Dr|max=0.905 Df=+0.016 | g r=0.026 f=0.023 p=0.248(0.000) max=1.241 | Ld=-0.0092 base=-0.0233 r1=0.0011 path=0.00306 cap=0.000297 margin=0.00957 | Lg=+0.7441 | 25s | curv=+0.157 wide=+0.212 gfmed=0.015
 2140 hold m=8 hq=0.989 PASS | Dr=+0.096/+0.826 |Dr|max=0.826 Df=+0.102 | g r=0.029 f=0.025 p=0.207(0.000) max=0.865 | Ld=+0.0252 base=0.00962 r1=0.0052 path=0.000797 margin=0.0096 | Lg=+0.7416 | 25s | curv=+0.152 wide=+0.194 gfmed=0.019
 2150 hold m=8 hq=0.991 PASS | Dr=+0.138/+1.123 |Dr|max=1.123 Df=+0.137 | g r=0.040 f=0.037 p=0.258(0.001) max=1.098 | Ld=-0.0040 base=-0.0197 r1=0.00371 path=0.00244 cap=5.04e-05 margin=0.00948 | Lg=+0.7568 | 25s | curv=+0.163 wide=+0.223 gfmed=0.021
 2160 hold m=8 hq=0.989 PASS | Dr=+0.295/+1.140 |Dr|max=1.140 Df=+0.303 | g r=0.028 f=0.028 p=0.284(0.001) max=1.018 | Ld=-0.0019 base=-0.0151 r1=0.00156 path=0.00223 margin=0.00943 | Lg=+0.7717 | 25s | curv=+0.0905 wide=+0.146 gfmed=0.020
 2170 hold m=8 hq=0.973 PASS | Dr=+0.195/+1.259 |Dr|max=1.259 Df=+0.208 | g r=0.050 f=0.055 p=0.333(0.001) max=0.954 | Ld=+0.0191 base=-0.00226 r1=0.00357 path=0.00402 cap=0.00438 margin=0.00944 | Lg=+0.8086 | 25s | curv=-0.0217 wide=+0.0594 gfmed=0.047
 2180 hold m=8 hq=0.989 PASS | Dr=+0.194/+0.985 |Dr|max=0.985 Df=+0.200 | g r=0.029 f=0.027 p=0.271(0.001) max=1.011 | Ld=+0.0450 base=0.0283 r1=0.00324 path=0.00352 cap=5.06e-05 margin=0.00993 | Lg=+0.7471 | 25s | curv=+0.0999 wide=+0.162 gfmed=0.023
 2190 hold m=8 hq=0.983 PASS | Dr=+0.193/+1.116 |Dr|max=1.116 Df=+0.205 | g r=0.053 f=0.048 p=0.361(0.002) max=1.356 | Ld=+0.0015 base=-0.0168 r1=0.00281 path=0.00562 cap=7.02e-05 margin=0.00983 | Lg=+0.8137 | 25s | curv=+0.179 wide=+0.244 gfmed=0.038
 2200 hold m=8 hq=0.989 PASS | Dr=+0.140/+1.550 |Dr|max=1.550 Df=+0.155 | g r=0.038 f=0.034 p=0.357(0.001) max=1.132 | Ld=-0.0016 base=-0.0169 r1=0.00208 path=0.0036 cap=9.59e-05 margin=0.0096 | Lg=+0.8508 | 25s | curv=+0.105 wide=+0.173 gfmed=0.027
 2210 hold m=8 hq=0.987 PASS | Dr=+0.136/+1.290 |Dr|max=1.290 Df=+0.151 | g r=0.031 f=0.031 p=0.348(0.001) max=1.155 | Ld=+0.0059 base=-0.00685 r1=0.00217 path=0.00121 cap=5.75e-05 margin=0.00934 | Lg=+0.8248 | 26s | curv=+0.123 wide=+0.204 gfmed=0.025
 2220 hold m=8 hq=0.989 PASS | Dr=+0.179/+1.090 |Dr|max=1.090 Df=+0.191 | g r=0.030 f=0.029 p=0.347(0.001) max=1.108 | Ld=+0.0498 base=0.0311 r1=0.00177 path=0.00774 cap=0.000228 margin=0.00895 | Lg=+0.8383 | 26s | curv=+0.0799 wide=+0.163 gfmed=0.024
 2230 hold m=8 hq=0.989 PASS | Dr=+0.109/+1.132 |Dr|max=1.211 Df=+0.123 | g r=0.023 f=0.022 p=0.356(0.001) max=1.077 | Ld=-0.0105 base=-0.0224 r1=0.00114 path=0.00158 cap=3.81e-05 margin=0.00914 | Lg=+0.8522 | 26s | curv=+0.101 wide=+0.187 gfmed=0.017
 2240 hold m=8 hq=0.986 PASS | Dr=+0.353/+1.279 |Dr|max=1.279 Df=+0.363 | g r=0.027 f=0.025 p=0.347(0.001) max=1.070 | Ld=-0.0018 base=-0.0136 r1=0.0017 path=0.000415 cap=3.31e-06 margin=0.00968 | Lg=+0.8417 | 26s | curv=+0.144 wide=+0.208 gfmed=0.020
 2250 hold m=8 hq=0.987 PASS | Dr=+0.206/+1.299 |Dr|max=1.299 Df=+0.217 | g r=0.027 f=0.025 p=0.375(0.000) max=1.116 | Ld=+0.0130 base=-0.00114 r1=0.00368 path=0.000608 cap=8.79e-05 margin=0.0098 | Lg=+0.8140 | 26s | curv=+0.162 wide=+0.215 gfmed=0.021
 2260 hold m=8 hq=0.984 PASS | Dr=+0.074/+1.040 |Dr|max=1.040 Df=+0.082 | g r=0.036 f=0.035 p=0.311(0.002) max=1.090 | Ld=+0.0506 base=0.022 r1=0.00305 path=0.0161 margin=0.00935 | Lg=+0.7806 | 26s | curv=+0.179 wide=+0.257 gfmed=0.028
 2270 hold m=8 hq=0.980 PASS | Dr=+0.204/+1.148 |Dr|max=1.148 Df=+0.214 | g r=0.044 f=0.047 p=0.350(0.001) max=1.121 | Ld=+0.0239 base=0.0065 r1=0.00588 path=0.00227 cap=0.000123 margin=0.00909 | Lg=+0.7969 | 26s | curv=+0.0697 wide=+0.146 gfmed=0.041
 2280 hold m=8 hq=0.987 PASS | Dr=+0.156/+1.247 |Dr|max=1.247 Df=+0.163 | g r=0.027 f=0.026 p=0.331(0.001) max=1.121 | Ld=+0.0387 base=0.0166 r1=0.00144 path=0.0114 cap=4.73e-06 margin=0.00921 | Lg=+0.7968 | 26s | curv=+0.101 wide=+0.163 gfmed=0.022
 2290 hold m=8 hq=0.984 PASS | Dr=+0.090/+1.435 |Dr|max=1.435 Df=+0.099 | g r=0.030 f=0.029 p=0.335(0.001) max=1.137 | Ld=+0.0015 base=-0.0124 r1=0.00106 path=0.00333 cap=9.65e-07 margin=0.00952 | Lg=+0.8286 | 27s | curv=+0.11 wide=+0.189 gfmed=0.023
 2300 hold m=8 hq=0.985 PASS | Dr=+0.058/+1.248 |Dr|max=1.248 Df=+0.070 | g r=0.027 f=0.025 p=0.378(0.001) max=1.160 | Ld=-0.0079 base=-0.02 r1=0.00134 path=0.00157 cap=9.66e-05 margin=0.00912 | Lg=+0.8373 | 27s | curv=+0.137 wide=+0.219 gfmed=0.018
 2310 hold m=8 hq=0.982 PASS | Dr=+0.064/+1.052 |Dr|max=1.052 Df=+0.076 | g r=0.025 f=0.025 p=0.300(0.000) max=0.973 | Ld=-0.0073 base=-0.0192 r1=0.00117 path=0.00132 margin=0.00945 | Lg=+0.7991 | 27s | curv=+0.144 wide=+0.218 gfmed=0.019
 2320 hold m=8 hq=0.986 PASS | Dr=+0.127/+0.982 |Dr|max=0.982 Df=+0.141 | g r=0.027 f=0.025 p=0.291(0.001) max=1.106 | Ld=+0.0071 base=-0.00748 r1=0.00145 path=0.0039 cap=4.19e-05 margin=0.00922 | Lg=+0.7500 | 27s | curv=+0.162 wide=+0.255 gfmed=0.019
 2330 hold m=8 hq=0.985 PASS | Dr=+0.131/+1.232 |Dr|max=1.232 Df=+0.150 | g r=0.043 f=0.040 p=0.303(0.002) max=1.102 | Ld=-0.0038 base=-0.0218 r1=0.00265 path=0.00564 cap=0.000238 margin=0.00941 | Lg=+0.7960 | 27s | curv=+0.164 wide=+0.239 gfmed=0.031
 2340 hold m=8 hq=0.990 PASS | Dr=+0.186/+1.152 |Dr|max=1.152 Df=+0.200 | g r=0.029 f=0.028 p=0.323(0.000) max=1.087 | Ld=+0.0102 base=-0.00342 r1=0.00128 path=0.00265 cap=0.00021 margin=0.00944 | Lg=+0.7955 | 27s | curv=+0.167 wide=+0.24 gfmed=0.020
 2350 hold m=8 hq=0.991 PASS | Dr=+0.072/+1.049 |Dr|max=1.049 Df=+0.084 | g r=0.030 f=0.027 p=0.301(0.001) max=1.146 | Ld=-0.0151 base=-0.027 r1=0.00156 path=0.000689 cap=8.77e-05 margin=0.00959 | Lg=+0.7999 | 27s | curv=+0.138 wide=+0.216 gfmed=0.022
 2360 hold m=8 hq=0.992 PASS | Dr=+0.001/+0.986 |Dr|max=0.986 Df=+0.019 | g r=0.026 f=0.020 p=0.282(0.001) max=1.045 | Ld=+0.0139 base=-0.000684 r1=0.00115 path=0.00377 margin=0.00963 | Lg=+0.7829 | 27s | curv=+0.162 wide=+0.232 gfmed=0.017
 2370 hold m=8 hq=0.989 PASS | Dr=+0.079/+0.662 |Dr|max=0.662 Df=+0.088 | g r=0.017 f=0.015 p=0.197(0.000) max=0.841 | Ld=+0.0308 base=0.0192 r1=0.000777 path=0.00134 margin=0.00946 | Lg=+0.7326 | 27s | curv=+0.0913 wide=+0.146 gfmed=0.012
 2380 hold m=8 hq=0.980 PASS | Dr=+0.126/+0.474 |Dr|max=0.513 Df=+0.132 | g r=0.029 f=0.026 p=0.223(0.000) max=0.922 | Ld=+0.0182 base=0.006 r1=0.00221 path=0.000403 margin=0.00963 | Lg=+0.7282 | 28s | curv=+0.129 wide=+0.18 gfmed=0.014
 2390 hold m=8 hq=0.991 PASS | Dr=+0.183/+0.660 |Dr|max=0.837 Df=+0.181 | g r=0.022 f=0.021 p=0.255(0.000) max=0.971 | Ld=+0.0217 base=0.0102 r1=0.000855 path=0.000509 cap=0.000824 margin=0.00933 | Lg=+0.7450 | 28s | curv=+0.0858 wide=+0.122 gfmed=0.017
 2400 hold m=8 hq=0.986 PASS | Dr=+0.273/+0.934 |Dr|max=0.934 Df=+0.272 | g r=0.022 f=0.020 p=0.263(0.001) max=1.026 | Ld=-0.0098 base=-0.0259 r1=0.00107 path=0.00563 margin=0.00941 | Lg=+0.7546 | 28s | curv=+0.108 wide=+0.157 gfmed=0.018
# shift (1,0) after 2400; frozen copy on new target: m=1 hq=0.000
 2410 post m=1 hq=0.044 fail | Dr=+0.001/+0.393 |Dr|max=0.589 Df=+0.225 | g r=0.240 f=0.209 p=0.261(0.002) max=1.238 | Ld=+54.0043 base=1.02 r1=0.172 path=52.8 cap=0.00819 margin=0.0131 | Lg=+0.6377 | 28s | curv=+0.866 wide=+0.864 gfmed=0.165
 2420 post m=2 hq=0.122 fail | Dr=-0.099/+0.556 |Dr|max=0.573 Df=-0.087 | g r=0.321 f=0.440 p=0.475(0.004) max=1.542 | Ld=+6.4453 base=0.448 r1=0.122 path=5.86 cap=0.00569 margin=0.0101 | Lg=+0.6343 | 28s | curv=+1.7 wide=+1.69 gfmed=0.395
 2430 post m=1 hq=0.003 fail | Dr=-0.152/+0.193 |Dr|max=0.621 Df=-0.190 | g r=0.264 f=0.580 p=0.523(0.002) max=1.690 | Ld=+0.6465 base=6.7e-05 r1=0.112 path=0.51 cap=0.0157 margin=0.00884 | Lg=+0.7214 | 28s | curv=+1.68 wide=+1.74 gfmed=0.566
 2440 post m=3 hq=0.197 fail | Dr=-0.081/+0.132 |Dr|max=0.453 Df=-0.116 | g r=0.209 f=0.454 p=0.400(0.005) max=1.359 | Ld=+0.7925 base=-0.0727 r1=0.0745 path=0.781 cap=0.00107 margin=0.00846 | Lg=+0.7567 | 28s | curv=+1.29 wide=+1.37 gfmed=0.404
 2450 post m=3 hq=0.059 fail | Dr=-0.020/+0.179 |Dr|max=0.295 Df=-0.296 | g r=0.208 f=0.605 p=0.511(0.010) max=1.514 | Ld=-0.0126 base=-0.252 r1=0.0733 path=0.145 cap=0.0132 margin=0.00807 | Lg=+0.8473 | 28s | curv=+1.69 wide=+1.81 gfmed=0.612
 2460 post m=3 hq=0.104 fail | Dr=+0.147/+0.697 |Dr|max=0.697 Df=-0.320 | g r=0.207 f=0.659 p=0.537(0.010) max=1.424 | Ld=-0.2132 base=-0.441 r1=0.0742 path=0.144 cap=0.00148 margin=0.00874 | Lg=+1.0082 | 29s | curv=+1.59 wide=+1.7 gfmed=0.699
 2470 post m=5 hq=0.118 fail | Dr=+0.097/+1.136 |Dr|max=1.136 Df=-0.026 | g r=0.218 f=0.450 p=0.551(0.004) max=1.855 | Ld=-0.1530 base=-0.505 r1=0.0634 path=0.251 cap=0.0284 margin=0.00879 | Lg=+1.0583 | 29s | curv=+1.67 wide=+1.68 gfmed=0.409
 2480 post m=3 hq=0.094 fail | Dr=+0.035/+0.597 |Dr|max=0.638 Df=-0.323 | g r=0.223 f=0.604 p=0.697(0.008) max=2.227 | Ld=+0.0458 base=-0.383 r1=0.0839 path=0.293 cap=0.0443 margin=0.00785 | Lg=+1.0114 | 29s | curv=+2 wide=+2.16 gfmed=0.564
 2490 post m=4 hq=0.044 fail | Dr=-0.178/+0.230 |Dr|max=0.666 Df=-0.565 | g r=0.211 f=0.828 p=0.616(0.008) max=1.898 | Ld=-0.3378 base=-0.478 r1=0.0778 path=0.0197 cap=0.0346 margin=0.00784 | Lg=+1.0073 | 29s | curv=+1.99 wide=+2.15 gfmed=0.773
 2500 post m=2 hq=0.029 fail | Dr=-0.269/+0.644 |Dr|max=1.179 Df=-0.750 | g r=0.211 f=0.550 p=0.589(0.004) max=1.869 | Ld=-0.3568 base=-0.493 r1=0.0579 path=0.0291 cap=0.0424 margin=0.00706 | Lg=+1.0775 | 29s | curv=+1.98 wide=+2.15 gfmed=0.478
 2510 post m=5 hq=0.049 fail | Dr=-0.179/+0.243 |Dr|max=0.846 Df=-0.506 | g r=0.182 f=0.545 p=0.545(0.016) max=1.495 | Ld=-0.3009 base=-0.379 r1=0.0462 path=0.00569 cap=0.0195 margin=0.00695 | Lg=+0.9701 | 29s | curv=+1.8 wide=+1.95 gfmed=0.537
 2520 post m=7 hq=0.319 fail | Dr=-0.231/+0.284 |Dr|max=0.998 Df=-0.516 | g r=0.166 f=0.576 p=0.560(0.002) max=1.490 | Ld=-0.2412 base=-0.343 r1=0.0422 path=0.0356 cap=0.0168 margin=0.00716 | Lg=+0.9889 | 29s | curv=+1.51 wide=+1.75 gfmed=0.524
 2530 post m=3 hq=0.078 fail | Dr=-0.138/+0.472 |Dr|max=0.872 Df=-0.570 | g r=0.234 f=0.638 p=0.582(0.006) max=1.492 | Ld=-0.1451 base=-0.257 r1=0.0533 path=0.0398 cap=0.0109 margin=0.00797 | Lg=+0.9386 | 29s | curv=+1.87 wide=+2.05 gfmed=0.642
 2540 post m=7 hq=0.343 fail | Dr=+0.148/+0.929 |Dr|max=0.929 Df=-0.097 | g r=0.177 f=0.556 p=0.588(0.010) max=1.809 | Ld=-0.2648 base=-0.457 r1=0.107 path=0.0142 cap=0.0629 margin=0.00801 | Lg=+0.9707 | 30s | curv=+1.43 wide=+1.65 gfmed=0.572
 2550 post m=7 hq=0.116 fail | Dr=-0.014/+0.733 |Dr|max=0.733 Df=-0.351 | g r=0.184 f=0.708 p=0.599(0.010) max=1.543 | Ld=-0.2093 base=-0.317 r1=0.0433 path=0.044 cap=0.013 margin=0.00764 | Lg=+0.9391 | 30s | curv=+1.92 wide=+2.15 gfmed=0.742
 2560 post m=5 hq=0.334 fail | Dr=+0.168/+0.879 |Dr|max=0.879 Df=-0.096 | g r=0.189 f=0.531 p=0.569(0.004) max=1.336 | Ld=-0.1738 base=-0.355 r1=0.0619 path=0.0357 cap=0.0758 margin=0.00764 | Lg=+0.9015 | 30s | curv=+1.67 wide=+1.83 gfmed=0.555
 2570 post m=4 hq=0.101 fail | Dr=+0.015/+0.679 |Dr|max=0.857 Df=-0.387 | g r=0.216 f=0.670 p=0.602(0.009) max=1.493 | Ld=-0.1278 base=-0.23 r1=0.0502 path=0.0259 cap=0.0182 margin=0.00809 | Lg=+0.9152 | 30s | curv=+2.15 wide=+2.33 gfmed=0.698
 2580 post m=8 hq=0.357 fail | Dr=-0.131/+0.675 |Dr|max=0.885 Df=-0.351 | g r=0.171 f=0.563 p=0.540(0.003) max=1.665 | Ld=-0.1480 base=-0.321 r1=0.075 path=0.0158 cap=0.074 margin=0.00791 | Lg=+0.9559 | 30s | curv=+1.4 wide=+1.61 gfmed=0.532
 2590 post m=4 hq=0.127 fail | Dr=-0.068/+0.673 |Dr|max=1.027 Df=-0.383 | g r=0.202 f=0.608 p=0.596(0.004) max=1.448 | Ld=-0.2667 base=-0.372 r1=0.0461 path=0.0319 cap=0.0194 margin=0.00768 | Lg=+1.0434 | 30s | curv=+1.71 wide=+1.95 gfmed=0.610
 2600 post m=8 hq=0.518 fail | Dr=-0.050/+0.793 |Dr|max=0.956 Df=-0.231 | g r=0.176 f=0.502 p=0.606(0.003) max=1.608 | Ld=-0.2826 base=-0.382 r1=0.0438 path=0.0322 cap=0.0165 margin=0.00731 | Lg=+1.0651 | 30s | curv=+1.46 wide=+1.72 gfmed=0.398
 2610 post m=7 hq=0.384 fail | Dr=+0.140/+0.843 |Dr|max=0.843 Df=-0.099 | g r=0.176 f=0.657 p=0.590(0.008) max=1.578 | Ld=-0.2012 base=-0.296 r1=0.0483 path=0.0208 cap=0.0174 margin=0.00791 | Lg=+0.9357 | 30s | curv=+1.69 wide=+1.9 gfmed=0.706
 2620 post m=8 hq=0.464 fail | Dr=-0.027/+0.773 |Dr|max=0.773 Df=-0.308 | g r=0.165 f=0.515 p=0.540(0.005) max=1.478 | Ld=-0.1048 base=-0.246 r1=0.0454 path=0.0593 cap=0.0293 margin=0.00718 | Lg=+0.8792 | 31s | curv=+1.27 wide=+1.49 gfmed=0.424
 2630 post m=7 hq=0.406 fail | Dr=-0.015/+0.774 |Dr|max=0.867 Df=-0.286 | g r=0.139 f=0.497 p=0.527(0.002) max=1.443 | Ld=-0.1545 base=-0.218 r1=0.0283 path=0.00708 cap=0.0195 margin=0.00818 | Lg=+0.8835 | 31s | curv=+1.23 wide=+1.46 gfmed=0.507
 2640 post m=7 hq=0.241 fail | Dr=-0.017/+0.842 |Dr|max=0.842 Df=-0.303 | g r=0.179 f=0.568 p=0.524(0.003) max=1.539 | Ld=-0.1023 base=-0.194 r1=0.029 path=0.0346 cap=0.0194 margin=0.00823 | Lg=+0.8796 | 31s | curv=+1.63 wide=+1.77 gfmed=0.649
 2650 post m=8 hq=0.540 fail | Dr=-0.038/+0.824 |Dr|max=0.824 Df=-0.256 | g r=0.123 f=0.412 p=0.489(0.003) max=1.380 | Ld=-0.0747 base=-0.162 r1=0.0384 path=0.02 cap=0.0224 margin=0.00691 | Lg=+0.8201 | 31s | curv=+1.25 wide=+1.45 gfmed=0.330
 2660 post m=7 hq=0.519 fail | Dr=-0.007/+0.803 |Dr|max=0.843 Df=-0.176 | g r=0.118 f=0.407 p=0.481(0.006) max=1.383 | Ld=-0.0867 base=-0.146 r1=0.0332 path=0.0114 cap=0.00709 margin=0.00751 | Lg=+0.8664 | 31s | curv=+1.09 wide=+1.32 gfmed=0.342
 2670 post m=8 hq=0.633 fail | Dr=+0.034/+0.740 |Dr|max=0.740 Df=-0.094 | g r=0.150 f=0.333 p=0.456(0.003) max=1.402 | Ld=-0.0700 base=-0.161 r1=0.0402 path=0.00626 cap=0.037 margin=0.00713 | Lg=+0.8222 | 31s | curv=+0.723 wide=+0.951 gfmed=0.210
 2680 post m=8 hq=0.205 fail | Dr=+0.065/+1.002 |Dr|max=1.002 Df=-0.199 | g r=0.174 f=0.646 p=0.559(0.004) max=1.496 | Ld=-0.2153 base=-0.28 r1=0.0306 path=0.014 cap=0.0115 margin=0.00829 | Lg=+0.9301 | 31s | curv=+1.45 wide=+1.66 gfmed=0.722
 2690 post m=6 hq=0.249 fail | Dr=-0.073/+0.947 |Dr|max=0.947 Df=-0.277 | g r=0.130 f=0.598 p=0.494(0.004) max=1.427 | Ld=-0.0964 base=-0.159 r1=0.0368 path=0.00639 cap=0.0117 margin=0.0076 | Lg=+0.8432 | 31s | curv=+1.26 wide=+1.47 gfmed=0.571
 2700 post m=8 hq=0.668 fail | Dr=+0.016/+1.016 |Dr|max=1.016 Df=-0.121 | g r=0.101 f=0.314 p=0.442(0.002) max=1.359 | Ld=-0.0433 base=-0.0979 r1=0.0166 path=0.0231 cap=0.00653 margin=0.00838 | Lg=+0.8025 | 32s | curv=+0.881 wide=+1.08 gfmed=0.096
 2710 post m=8 hq=0.575 fail | Dr=+0.006/+1.004 |Dr|max=1.004 Df=-0.164 | g r=0.112 f=0.354 p=0.478(0.001) max=1.414 | Ld=-0.1525 base=-0.201 r1=0.0244 path=0.00528 cap=0.0103 margin=0.00835 | Lg=+0.8717 | 32s | curv=+1.05 wide=+1.23 gfmed=0.184
 2720 post m=8 hq=0.578 fail | Dr=-0.012/+0.993 |Dr|max=0.993 Df=-0.183 | g r=0.162 f=0.421 p=0.467(0.004) max=1.399 | Ld=-0.1738 base=-0.255 r1=0.0377 path=0.0172 cap=0.0189 margin=0.00743 | Lg=+0.9141 | 32s | curv=+0.936 wide=+1.13 gfmed=0.199
 2730 post m=8 hq=0.621 fail | Dr=+0.028/+0.917 |Dr|max=0.917 Df=-0.163 | g r=0.108 f=0.350 p=0.447(0.002) max=1.418 | Ld=-0.0832 base=-0.139 r1=0.0266 path=0.0136 cap=0.00723 margin=0.00824 | Lg=+0.8267 | 32s | curv=+0.717 wide=+0.946 gfmed=0.125
 2740 post m=8 hq=0.642 fail | Dr=+0.015/+0.780 |Dr|max=0.822 Df=-0.165 | g r=0.104 f=0.332 p=0.415(0.002) max=1.308 | Ld=-0.0522 base=-0.11 r1=0.0197 path=0.0195 cap=0.0106 margin=0.00835 | Lg=+0.8029 | 32s | curv=+0.586 wide=+0.807 gfmed=0.116
 2750 post m=7 hq=0.596 fail | Dr=-0.003/+0.762 |Dr|max=0.847 Df=-0.180 | g r=0.091 f=0.327 p=0.387(0.002) max=1.373 | Ld=-0.0616 base=-0.121 r1=0.0155 path=0.0241 cap=0.0112 margin=0.00863 | Lg=+0.7933 | 32s | curv=+0.713 wide=+0.885 gfmed=0.117
 2760 post m=8 hq=0.655 fail | Dr=+0.047/+1.026 |Dr|max=1.026 Df=-0.078 | g r=0.093 f=0.279 p=0.401(0.002) max=1.345 | Ld=-0.0612 base=-0.0888 r1=0.0115 path=0.00636 cap=0.00171 margin=0.00792 | Lg=+0.8063 | 32s | curv=+0.663 wide=+0.811 gfmed=0.107
 2770 post m=5 hq=0.422 fail | Dr=-0.058/+0.968 |Dr|max=0.968 Df=-0.302 | g r=0.107 f=0.347 p=0.438(0.006) max=1.401 | Ld=-0.1180 base=-0.16 r1=0.0138 path=0.0152 cap=0.00449 margin=0.00846 | Lg=+0.8529 | 32s | curv=+0.801 wide=+0.987 gfmed=0.211
 2780 post m=8 hq=0.712 fail | Dr=+0.014/+1.042 |Dr|max=1.042 Df=-0.097 | g r=0.087 f=0.235 p=0.411(0.001) max=1.317 | Ld=-0.1317 base=-0.18 r1=0.016 path=0.0147 cap=0.00911 margin=0.00838 | Lg=+0.8619 | 33s | curv=+0.697 wide=+0.822 gfmed=0.066
 2790 post m=8 hq=0.694 fail | Dr=-0.105/+1.143 |Dr|max=1.143 Df=-0.213 | g r=0.076 f=0.226 p=0.376(0.001) max=1.448 | Ld=-0.0362 base=-0.0781 r1=0.0138 path=0.0147 cap=0.00475 margin=0.00873 | Lg=+0.8148 | 33s | curv=+0.376 wide=+0.555 gfmed=0.072
 2800 post m=8 hq=0.637 fail | Dr=+0.015/+1.154 |Dr|max=1.154 Df=-0.099 | g r=0.099 f=0.274 p=0.416(0.001) max=1.173 | Ld=-0.0728 base=-0.12 r1=0.0155 path=0.017 cap=0.00662 margin=0.00781 | Lg=+0.8309 | 33s | curv=+0.787 wide=+0.901 gfmed=0.140
 2810 post m=8 hq=0.726 fail | Dr=-0.026/+1.205 |Dr|max=1.205 Df=-0.129 | g r=0.088 f=0.242 p=0.399(0.003) max=1.319 | Ld=-0.0850 base=-0.12 r1=0.018 path=0.00283 cap=0.00521 margin=0.00867 | Lg=+0.8420 | 33s | curv=+0.573 wide=+0.733 gfmed=0.087
 2820 post m=8 hq=0.937 PASS | Dr=-0.047/+1.472 |Dr|max=1.472 Df=-0.126 | g r=0.089 f=0.092 p=0.397(0.002) max=1.389 | Ld=-0.0553 base=-0.0797 r1=0.00931 path=0.00307 cap=0.00293 margin=0.00909 | Lg=+0.8683 | 33s | curv=+0.321 wide=+0.467 gfmed=0.065
 2830 post m=8 hq=0.963 PASS | Dr=+0.013/+1.795 |Dr|max=1.795 Df=-0.066 | g r=0.073 f=0.081 p=0.417(0.003) max=1.384 | Ld=-0.0397 base=-0.0621 r1=0.00988 path=0.00128 cap=0.0025 margin=0.00875 | Lg=+0.8850 | 33s | curv=+0.222 wide=+0.352 gfmed=0.061
 2840 post m=8 hq=0.967 PASS | Dr=+0.133/+1.566 |Dr|max=1.566 Df=+0.058 | g r=0.085 f=0.086 p=0.372(0.002) max=1.356 | Ld=-0.0136 base=-0.037 r1=0.0114 path=0.00173 cap=0.000775 margin=0.00944 | Lg=+0.8063 | 33s | curv=+0.526 wide=+0.617 gfmed=0.066
 2850 post m=8 hq=0.954 PASS | Dr=+0.202/+1.529 |Dr|max=1.529 Df=+0.127 | g r=0.099 f=0.094 p=0.373(0.002) max=1.412 | Ld=-0.0066 base=-0.0379 r1=0.00642 path=0.0154 cap=0.000691 margin=0.00877 | Lg=+0.8175 | 33s | curv=+0.344 wide=+0.444 gfmed=0.078
 2860 post m=8 hq=0.968 PASS | Dr=+0.068/+1.621 |Dr|max=1.621 Df=-0.017 | g r=0.060 f=0.060 p=0.429(0.003) max=1.293 | Ld=-0.0523 base=-0.082 r1=0.00645 path=0.0138 cap=0.00115 margin=0.0084 | Lg=+0.8908 | 34s | curv=+0.121 wide=+0.24 gfmed=0.044
 2870 post m=8 hq=0.961 PASS | Dr=-0.013/+1.749 |Dr|max=1.749 Df=-0.107 | g r=0.091 f=0.097 p=0.448(0.003) max=1.309 | Ld=-0.0364 base=-0.0687 r1=0.00936 path=0.0126 cap=0.00129 margin=0.00904 | Lg=+0.9290 | 34s | curv=+0.292 wide=+0.371 gfmed=0.091
 2880 post m=8 hq=0.796 fail | Dr=+0.232/+1.889 |Dr|max=1.889 Df=+0.155 | g r=0.083 f=0.172 p=0.404(0.004) max=1.724 | Ld=-0.0592 base=-0.0802 r1=0.00508 path=0.00412 cap=0.00251 margin=0.00929 | Lg=+0.8688 | 34s | curv=+0.144 wide=+0.236 gfmed=0.069
 2890 post m=8 hq=0.954 PASS | Dr=+0.230/+1.707 |Dr|max=1.707 Df=+0.152 | g r=0.071 f=0.077 p=0.410(0.005) max=1.456 | Ld=-0.0610 base=-0.0808 r1=0.00554 path=0.00447 cap=0.00106 margin=0.00872 | Lg=+0.8784 | 34s | curv=+0.119 wide=+0.266 gfmed=0.057
 2900 post m=8 hq=0.958 PASS | Dr=+0.162/+1.480 |Dr|max=1.480 Df=+0.093 | g r=0.087 f=0.088 p=0.374(0.004) max=1.303 | Ld=+0.0272 base=-0.0103 r1=0.0131 path=0.0111 cap=0.00346 margin=0.00978 | Lg=+0.8076 | 34s | curv=+0.422 wide=+0.49 gfmed=0.079
 2910 post m=8 hq=0.968 PASS | Dr=+0.150/+1.498 |Dr|max=1.498 Df=+0.071 | g r=0.056 f=0.063 p=0.372(0.002) max=1.201 | Ld=-0.0273 base=-0.0637 r1=0.00376 path=0.0177 cap=0.00541 margin=0.0095 | Lg=+0.8279 | 34s | curv=+0.222 wide=+0.308 gfmed=0.043
 2920 post m=8 hq=0.964 PASS | Dr=+0.154/+1.284 |Dr|max=1.284 Df=+0.079 | g r=0.046 f=0.055 p=0.379(0.001) max=1.312 | Ld=-0.0161 base=-0.0471 r1=0.00655 path=0.0145 cap=0.00132 margin=0.00872 | Lg=+0.8084 | 34s | curv=+0.154 wide=+0.251 gfmed=0.027
 2930 post m=8 hq=0.954 PASS | Dr=+0.065/+1.432 |Dr|max=1.432 Df=-0.006 | g r=0.101 f=0.095 p=0.385(0.002) max=1.452 | Ld=+0.0123 base=-0.0385 r1=0.017 path=0.0118 cap=0.0113 margin=0.0108 | Lg=+0.8345 | 34s | curv=+0.467 wide=+0.501 gfmed=0.090
 2940 post m=8 hq=0.951 PASS | Dr=+0.211/+1.472 |Dr|max=1.472 Df=+0.151 | g r=0.050 f=0.044 p=0.319(0.001) max=1.244 | Ld=-0.0194 base=-0.0436 r1=0.00384 path=0.00999 cap=0.00161 margin=0.00882 | Lg=+0.7676 | 35s | curv=+0.239 wide=+0.306 gfmed=0.029
 2950 post m=8 hq=0.955 PASS | Dr=+0.129/+1.197 |Dr|max=1.197 Df=+0.067 | g r=0.051 f=0.047 p=0.369(0.002) max=1.414 | Ld=-0.0328 base=-0.0498 r1=0.00395 path=0.00335 cap=0.000737 margin=0.00904 | Lg=+0.7990 | 35s | curv=+0.212 wide=+0.308 gfmed=0.032
 2960 post m=8 hq=0.977 PASS | Dr=+0.147/+1.555 |Dr|max=1.555 Df=+0.079 | g r=0.081 f=0.084 p=0.359(0.002) max=1.174 | Ld=-0.0108 base=-0.0405 r1=0.00745 path=0.0113 cap=0.00158 margin=0.00933 | Lg=+0.8130 | 35s | curv=+0.324 wide=+0.379 gfmed=0.076
 2970 post m=8 hq=0.975 PASS | Dr=+0.183/+1.690 |Dr|max=1.690 Df=+0.106 | g r=0.047 f=0.050 p=0.382(0.001) max=1.334 | Ld=-0.0220 base=-0.043 r1=0.00382 path=0.00764 cap=0.000493 margin=0.00906 | Lg=+0.8313 | 35s | curv=+0.206 wide=+0.294 gfmed=0.036
 2980 post m=8 hq=0.967 PASS | Dr=+0.209/+1.502 |Dr|max=1.502 Df=+0.135 | g r=0.073 f=0.081 p=0.440(0.002) max=1.263 | Ld=-0.0313 base=-0.0588 r1=0.00611 path=0.0107 cap=0.00101 margin=0.00965 | Lg=+0.8646 | 35s | curv=+0.346 wide=+0.439 gfmed=0.067
 2990 post m=8 hq=0.958 PASS | Dr=+0.156/+1.696 |Dr|max=1.696 Df=+0.088 | g r=0.068 f=0.080 p=0.416(0.003) max=1.347 | Ld=-0.0050 base=-0.0323 r1=0.00836 path=0.00916 cap=0.00082 margin=0.00899 | Lg=+0.8516 | 35s | curv=+0.288 wide=+0.38 gfmed=0.061
 3000 post m=8 hq=0.947 PASS | Dr=+0.297/+1.828 |Dr|max=1.828 Df=+0.235 | g r=0.075 f=0.069 p=0.426(0.001) max=1.333 | Ld=-0.0277 base=-0.0544 r1=0.0103 path=0.0055 cap=0.00147 margin=0.00936 | Lg=+0.8827 | 35s | curv=+0.385 wide=+0.505 gfmed=0.055
 3010 post m=8 hq=0.953 PASS | Dr=+0.348/+1.853 |Dr|max=1.853 Df=+0.297 | g r=0.076 f=0.077 p=0.426(0.006) max=1.295 | Ld=-0.0493 base=-0.0731 r1=0.0057 path=0.0071 cap=0.00168 margin=0.00927 | Lg=+0.8876 | 35s | curv=+0.32 wide=+0.442 gfmed=0.045
 3020 post m=8 hq=0.970 PASS | Dr=+0.467/+1.643 |Dr|max=1.643 Df=+0.417 | g r=0.039 f=0.038 p=0.398(0.001) max=1.353 | Ld=-0.0155 base=-0.0365 r1=0.00496 path=0.00647 cap=0.000464 margin=0.00911 | Lg=+0.8016 | 36s | curv=+0.238 wide=+0.34 gfmed=0.024
 3030 post m=8 hq=0.968 PASS | Dr=+0.308/+1.201 |Dr|max=1.201 Df=+0.267 | g r=0.043 f=0.047 p=0.373(0.000) max=1.238 | Ld=-0.0121 base=-0.0299 r1=0.00357 path=0.0046 cap=0.000559 margin=0.0091 | Lg=+0.7845 | 36s | curv=+0.196 wide=+0.316 gfmed=0.036
 3040 post m=8 hq=0.976 PASS | Dr=+0.292/+1.561 |Dr|max=1.561 Df=+0.252 | g r=0.034 f=0.032 p=0.336(0.000) max=1.184 | Ld=-0.0120 base=-0.0307 r1=0.00186 path=0.00738 cap=5.18e-05 margin=0.00938 | Lg=+0.8050 | 36s | curv=+0.211 wide=+0.332 gfmed=0.022
 3050 post m=8 hq=0.978 PASS | Dr=+0.287/+1.715 |Dr|max=1.715 Df=+0.241 | g r=0.033 f=0.038 p=0.380(0.001) max=1.294 | Ld=-0.0121 base=-0.0263 r1=0.00361 path=0.00103 cap=0.000345 margin=0.00921 | Lg=+0.8179 | 36s | curv=+0.0777 wide=+0.215 gfmed=0.028
 3060 post m=8 hq=0.978 PASS | Dr=+0.334/+1.693 |Dr|max=1.693 Df=+0.293 | g r=0.042 f=0.043 p=0.351(0.000) max=1.317 | Ld=-0.0102 base=-0.0361 r1=0.00317 path=0.0116 cap=0.00183 margin=0.00923 | Lg=+0.7995 | 36s | curv=+0.226 wide=+0.351 gfmed=0.030
 3070 post m=8 hq=0.978 PASS | Dr=+0.380/+1.475 |Dr|max=1.475 Df=+0.337 | g r=0.046 f=0.041 p=0.353(0.001) max=1.245 | Ld=-0.0053 base=-0.0323 r1=0.00482 path=0.011 cap=0.0019 margin=0.00933 | Lg=+0.7715 | 36s | curv=+0.339 wide=+0.427 gfmed=0.027
 3080 post m=8 hq=0.982 PASS | Dr=+0.384/+0.919 |Dr|max=0.919 Df=+0.363 | g r=0.063 f=0.057 p=0.353(0.001) max=1.301 | Ld=-0.0066 base=-0.023 r1=0.00395 path=0.00154 cap=0.0017 margin=0.00916 | Lg=+0.7902 | 36s | curv=+0.108 wide=+0.208 gfmed=0.051
 3090 post m=8 hq=0.981 PASS | Dr=+0.361/+1.454 |Dr|max=1.454 Df=+0.322 | g r=0.072 f=0.068 p=0.389(0.001) max=1.302 | Ld=+0.0075 base=-0.0174 r1=0.00531 path=0.00949 cap=0.00083 margin=0.00926 | Lg=+0.8164 | 36s | curv=+0.141 wide=+0.254 gfmed=0.062
 3100 post m=8 hq=0.983 PASS | Dr=+0.277/+1.360 |Dr|max=1.360 Df=+0.241 | g r=0.048 f=0.043 p=0.351(0.002) max=1.297 | Ld=-0.0097 base=-0.0272 r1=0.00417 path=0.00389 cap=0.000401 margin=0.00894 | Lg=+0.7932 | 37s | curv=+0.146 wide=+0.241 gfmed=0.027
 3110 post m=8 hq=0.984 PASS | Dr=+0.200/+1.355 |Dr|max=1.355 Df=+0.172 | g r=0.042 f=0.043 p=0.338(0.000) max=1.145 | Ld=-0.0045 base=-0.0301 r1=0.00329 path=0.0114 cap=0.00189 margin=0.00899 | Lg=+0.8147 | 37s | curv=+0.0816 wide=+0.176 gfmed=0.040
 3120 post m=8 hq=0.971 PASS | Dr=+0.260/+1.510 |Dr|max=1.510 Df=+0.214 | g r=0.072 f=0.073 p=0.410(0.003) max=1.124 | Ld=-0.0202 base=-0.0472 r1=0.00816 path=0.00769 cap=0.00178 margin=0.00941 | Lg=+0.8681 | 37s | curv=+0.238 wide=+0.315 gfmed=0.065
 3130 post m=8 hq=0.974 PASS | Dr=+0.265/+1.324 |Dr|max=1.324 Df=+0.222 | g r=0.044 f=0.042 p=0.372(0.000) max=1.077 | Ld=+0.0148 base=-0.00456 r1=0.00752 path=0.00327 cap=5.07e-05 margin=0.00856 | Lg=+0.8230 | 37s | curv=+0.206 wide=+0.272 gfmed=0.032
 3140 post m=8 hq=0.981 PASS | Dr=+0.231/+1.687 |Dr|max=1.687 Df=+0.186 | g r=0.046 f=0.044 p=0.389(0.002) max=1.119 | Ld=-0.0112 base=-0.0308 r1=0.00475 path=0.00559 cap=2.3e-05 margin=0.00924 | Lg=+0.8591 | 37s | curv=+0.308 wide=+0.396 gfmed=0.030
 3150 post m=8 hq=0.987 PASS | Dr=+0.243/+1.504 |Dr|max=1.504 Df=+0.206 | g r=0.038 f=0.037 p=0.310(0.001) max=1.055 | Ld=-0.0188 base=-0.0319 r1=0.00271 path=0.000731 cap=1.66e-05 margin=0.00966 | Lg=+0.7944 | 37s | curv=+0.22 wide=+0.301 gfmed=0.032
 3160 post m=8 hq=0.981 PASS | Dr=+0.446/+1.991 |Dr|max=1.991 Df=+0.421 | g r=0.061 f=0.062 p=0.382(0.001) max=1.374 | Ld=-0.0261 base=-0.0473 r1=0.00418 path=0.00737 cap=0.000652 margin=0.00901 | Lg=+0.8868 | 37s | curv=+0.0795 wide=+0.18 gfmed=0.036
 3170 post m=8 hq=0.983 PASS | Dr=+0.310/+1.861 |Dr|max=1.861 Df=+0.277 | g r=0.032 f=0.034 p=0.331(0.001) max=1.171 | Ld=+0.0127 base=-0.00501 r1=0.00243 path=0.00147 cap=0.00416 margin=0.00964 | Lg=+0.8154 | 37s | curv=+0.101 wide=+0.19 gfmed=0.022
 3180 post m=8 hq=0.984 PASS | Dr=+0.183/+1.557 |Dr|max=1.557 Df=+0.157 | g r=0.029 f=0.027 p=0.306(0.001) max=1.087 | Ld=+0.0166 base=-0.000258 r1=0.00419 path=0.00315 cap=0.000539 margin=0.009 | Lg=+0.7947 | 37s | curv=+0.0793 wide=+0.161 gfmed=0.022
 3190 post m=8 hq=0.985 PASS | Dr=+0.131/+1.562 |Dr|max=1.562 Df=+0.095 | g r=0.040 f=0.040 p=0.309(0.001) max=1.190 | Ld=+0.0249 base=0.00756 r1=0.00321 path=0.00371 cap=0.00119 margin=0.00922 | Lg=+0.8128 | 38s | curv=+0.0287 wide=+0.138 gfmed=0.031
 3200 post m=8 hq=0.987 PASS | Dr=+0.219/+1.860 |Dr|max=1.860 Df=+0.183 | g r=0.033 f=0.031 p=0.320(0.000) max=1.234 | Ld=-0.0130 base=-0.0266 r1=0.00262 path=0.000569 cap=0.000801 margin=0.00966 | Lg=+0.8235 | 38s | curv=+0.0462 wide=+0.128 gfmed=0.024
 3210 post m=8 hq=0.988 PASS | Dr=+0.179/+1.318 |Dr|max=1.318 Df=+0.155 | g r=0.051 f=0.052 p=0.297(0.003) max=1.122 | Ld=+0.0430 base=0.0247 r1=0.00477 path=0.00307 cap=0.000766 margin=0.00967 | Lg=+0.7727 | 38s | curv=+0.0915 wide=+0.169 gfmed=0.038
 3220 post m=8 hq=0.981 PASS | Dr=+0.269/+1.978 |Dr|max=1.978 Df=+0.243 | g r=0.057 f=0.055 p=0.385(0.000) max=1.280 | Ld=-0.0530 base=-0.0726 r1=0.00232 path=0.00568 cap=0.002 margin=0.00957 | Lg=+0.9049 | 38s | curv=+0.111 wide=+0.181 gfmed=0.045
 3230 post m=8 hq=0.987 PASS | Dr=+0.247/+1.538 |Dr|max=1.538 Df=+0.231 | g r=0.035 f=0.034 p=0.331(0.001) max=1.256 | Ld=-0.0111 base=-0.0242 r1=0.00176 path=0.00151 cap=0.000373 margin=0.00944 | Lg=+0.8347 | 38s | curv=+0.167 wide=+0.233 gfmed=0.027
 3240 post m=8 hq=0.984 PASS | Dr=+0.309/+1.159 |Dr|max=1.159 Df=+0.299 | g r=0.031 f=0.029 p=0.275(0.001) max=1.040 | Ld=+0.0349 base=0.0158 r1=0.00233 path=0.00688 cap=0.000496 margin=0.00932 | Lg=+0.7619 | 38s | curv=+0.169 wide=+0.207 gfmed=0.026
 3250 post m=8 hq=0.988 PASS | Dr=+0.316/+1.298 |Dr|max=1.298 Df=+0.300 | g r=0.038 f=0.035 p=0.283(0.001) max=1.208 | Ld=+0.0128 base=-0.00958 r1=0.00141 path=0.0102 cap=0.000992 margin=0.00971 | Lg=+0.7532 | 38s | curv=+0.196 wide=+0.266 gfmed=0.027
 3260 post m=8 hq=0.986 PASS | Dr=+0.271/+1.146 |Dr|max=1.146 Df=+0.264 | g r=0.048 f=0.048 p=0.314(0.001) max=1.308 | Ld=-0.0108 base=-0.0287 r1=0.00287 path=0.00486 cap=0.00095 margin=0.00926 | Lg=+0.8249 | 38s | curv=+0.0652 wide=+0.143 gfmed=0.035
 3270 post m=8 hq=0.979 PASS | Dr=+0.257/+0.962 |Dr|max=0.962 Df=+0.259 | g r=0.034 f=0.029 p=0.272(0.001) max=1.192 | Ld=+0.0021 base=-0.00975 r1=0.00159 path=0.000919 cap=0.000284 margin=0.00903 | Lg=+0.8105 | 39s | curv=+0.0653 wide=+0.14 gfmed=0.022
 3280 post m=8 hq=0.984 PASS | Dr=+0.302/+1.164 |Dr|max=1.164 Df=+0.296 | g r=0.038 f=0.040 p=0.258(0.001) max=1.087 | Ld=+0.0327 base=0.0173 r1=0.00423 path=0.00131 cap=0.000289 margin=0.00955 | Lg=+0.7720 | 39s | curv=+0.0591 wide=+0.111 gfmed=0.029
 3290 post m=8 hq=0.989 PASS | Dr=+0.163/+1.163 |Dr|max=1.163 Df=+0.144 | g r=0.043 f=0.043 p=0.244(0.001) max=1.093 | Ld=+0.0151 base=0.00194 r1=0.000761 path=0.00178 cap=0.00104 margin=0.00953 | Lg=+0.7477 | 39s | curv=+0.0965 wide=+0.14 gfmed=0.021
 3300 post m=8 hq=0.987 PASS | Dr=+0.291/+1.528 |Dr|max=1.528 Df=+0.272 | g r=0.023 f=0.022 p=0.285(0.000) max=1.241 | Ld=-0.0260 base=-0.0385 r1=0.00137 path=0.000628 cap=0.0013 margin=0.00924 | Lg=+0.7898 | 39s | curv=+0.075 wide=+0.143 gfmed=0.017
 3310 post m=8 hq=0.985 PASS | Dr=+0.406/+1.256 |Dr|max=1.256 Df=+0.399 | g r=0.040 f=0.037 p=0.266(0.001) max=1.122 | Ld=+0.0183 base=0.0048 r1=0.0026 path=0.00178 cap=0.000248 margin=0.00885 | Lg=+0.7780 | 39s | curv=+0.114 wide=+0.183 gfmed=0.035
 3320 post m=8 hq=0.988 PASS | Dr=+0.141/+1.139 |Dr|max=1.139 Df=+0.128 | g r=0.021 f=0.022 p=0.243(0.000) max=1.072 | Ld=+0.0077 base=-0.00369 r1=0.00128 path=0.000813 cap=0.000237 margin=0.0091 | Lg=+0.7608 | 39s | curv=+0.107 wide=+0.173 gfmed=0.016
 3330 post m=8 hq=0.989 PASS | Dr=-0.031/+0.828 |Dr|max=0.828 Df=-0.051 | g r=0.024 f=0.026 p=0.210(0.000) max=0.961 | Ld=+0.0089 base=-0.00432 r1=0.00056 path=0.00347 margin=0.0092 | Lg=+0.7284 | 39s | curv=+0.0805 wide=+0.126 gfmed=0.017
 3340 post m=8 hq=0.990 PASS | Dr=-0.088/+0.748 |Dr|max=1.025 Df=-0.120 | g r=0.038 f=0.032 p=0.283(0.002) max=1.100 | Ld=+0.0112 base=-0.000798 r1=0.00156 path=0.000797 cap=1.27e-08 margin=0.00969 | Lg=+0.7660 | 39s | curv=+0.173 wide=+0.213 gfmed=0.025
 3350 post m=8 hq=0.990 PASS | Dr=+0.122/+1.091 |Dr|max=1.091 Df=+0.093 | g r=0.023 f=0.020 p=0.247(0.001) max=1.033 | Ld=+0.0125 base=0.00165 r1=0.000877 path=0.000677 cap=1.97e-05 margin=0.00923 | Lg=+0.7369 | 40s | curv=+0.119 wide=+0.182 gfmed=0.017
 3360 post m=8 hq=0.989 PASS | Dr=+0.152/+1.333 |Dr|max=1.333 Df=+0.125 | g r=0.025 f=0.022 p=0.257(0.001) max=1.128 | Ld=-0.0183 base=-0.0288 r1=0.00107 path=0.000348 margin=0.00907 | Lg=+0.7733 | 40s | curv=+0.0621 wide=+0.122 gfmed=0.018
 3370 post m=8 hq=0.991 PASS | Dr=-0.113/+0.680 |Dr|max=0.756 Df=-0.140 | g r=0.027 f=0.024 p=0.265(0.000) max=0.963 | Ld=+0.0010 base=-0.0127 r1=0.00223 path=0.00194 margin=0.00956 | Lg=+0.7418 | 40s | curv=+0.0637 wide=+0.131 gfmed=0.014
 3380 post m=8 hq=0.992 PASS | Dr=+0.138/+0.948 |Dr|max=0.948 Df=+0.123 | g r=0.026 f=0.020 p=0.262(0.000) max=1.036 | Ld=+0.0129 base=0.000873 r1=0.000878 path=0.00138 cap=0.000327 margin=0.00944 | Lg=+0.7506 | 40s | curv=+0.0744 wide=+0.141 gfmed=0.015
 3390 post m=8 hq=0.992 PASS | Dr=+0.112/+1.061 |Dr|max=1.061 Df=+0.090 | g r=0.030 f=0.030 p=0.299(0.001) max=1.111 | Ld=+0.0092 base=-0.00416 r1=0.00206 path=0.00105 cap=0.000425 margin=0.00986 | Lg=+0.7606 | 40s | curv=+0.093 wide=+0.148 gfmed=0.027
 3400 post m=8 hq=0.987 PASS | Dr=+0.169/+1.754 |Dr|max=1.754 Df=+0.139 | g r=0.038 f=0.037 p=0.385(0.001) max=1.358 | Ld=-0.0539 base=-0.0663 r1=0.00148 path=0.00102 cap=5.05e-05 margin=0.00979 | Lg=+0.8585 | 40s | curv=+0.107 wide=+0.18 gfmed=0.026
 3410 post m=8 hq=0.990 PASS | Dr=+0.326/+1.431 |Dr|max=1.431 Df=+0.311 | g r=0.034 f=0.033 p=0.304(0.002) max=1.133 | Ld=+0.0179 base=0.00343 r1=0.00212 path=0.00206 cap=0.000202 margin=0.0101 | Lg=+0.7950 | 40s | curv=+0.0734 wide=+0.141 gfmed=0.029
 3420 post m=8 hq=0.992 PASS | Dr=+0.268/+1.166 |Dr|max=1.166 Df=+0.260 | g r=0.037 f=0.035 p=0.257(0.001) max=1.081 | Ld=+0.0414 base=0.0186 r1=0.00213 path=0.00563 cap=0.00547 margin=0.00956 | Lg=+0.7602 | 40s | curv=+0.0661 wide=+0.127 gfmed=0.026
 3430 post m=8 hq=0.991 PASS | Dr=+0.112/+1.093 |Dr|max=1.093 Df=+0.098 | g r=0.044 f=0.042 p=0.252(0.001) max=0.943 | Ld=+0.0206 base=0.00554 r1=0.00185 path=0.00363 cap=9.29e-07 margin=0.00955 | Lg=+0.7608 | 40s | curv=+0.0704 wide=+0.135 gfmed=0.030
 3440 post m=8 hq=0.986 PASS | Dr=+0.117/+1.120 |Dr|max=1.120 Df=+0.090 | g r=0.028 f=0.030 p=0.310(0.001) max=1.010 | Ld=+0.0089 base=-0.00355 r1=0.0012 path=0.00155 cap=0.000345 margin=0.00936 | Lg=+0.7905 | 41s | curv=+0.0943 wide=+0.139 gfmed=0.027
 3450 post m=8 hq=0.982 PASS | Dr=-0.067/+0.996 |Dr|max=1.248 Df=-0.105 | g r=0.041 f=0.046 p=0.341(0.000) max=1.204 | Ld=+0.0043 base=-0.016 r1=0.00117 path=0.00888 cap=0.000615 margin=0.00964 | Lg=+0.8354 | 41s | curv=-0.0302 wide=+0.0555 gfmed=0.033
 3460 post m=8 hq=0.987 PASS | Dr=+0.111/+1.177 |Dr|max=1.177 Df=+0.084 | g r=0.028 f=0.028 p=0.325(0.000) max=1.242 | Ld=+0.0117 base=-0.00207 r1=0.00175 path=0.00245 cap=0.000189 margin=0.00936 | Lg=+0.7651 | 41s | curv=+0.024 wide=+0.102 gfmed=0.023
 3470 post m=8 hq=0.989 PASS | Dr=+0.079/+0.975 |Dr|max=0.975 Df=+0.062 | g r=0.045 f=0.048 p=0.340(0.001) max=1.311 | Ld=-0.0103 base=-0.0238 r1=0.00143 path=0.00216 cap=3.45e-05 margin=0.00985 | Lg=+0.7854 | 41s | curv=+0.031 wide=+0.129 gfmed=0.034
 3480 post m=8 hq=0.989 PASS | Dr=+0.129/+1.255 |Dr|max=1.255 Df=+0.111 | g r=0.025 f=0.021 p=0.319(0.001) max=1.177 | Ld=-0.0076 base=-0.0259 r1=0.00115 path=0.00806 cap=4.48e-05 margin=0.00907 | Lg=+0.7763 | 41s | curv=+0.127 wide=+0.196 gfmed=0.015
 3490 post m=8 hq=0.987 PASS | Dr=+0.235/+1.457 |Dr|max=1.457 Df=+0.209 | g r=0.023 f=0.020 p=0.302(0.000) max=1.153 | Ld=+0.0325 base=0.0145 r1=0.00179 path=0.00656 cap=0.000294 margin=0.0094 | Lg=+0.7748 | 41s | curv=+0.0858 wide=+0.148 gfmed=0.016
 3500 post m=8 hq=0.986 PASS | Dr=+0.212/+1.225 |Dr|max=1.225 Df=+0.184 | g r=0.025 f=0.023 p=0.316(0.001) max=1.031 | Ld=-0.0199 base=-0.0335 r1=0.00106 path=0.00274 margin=0.00976 | Lg=+0.7725 | 41s | curv=+0.133 wide=+0.203 gfmed=0.019
 3510 post m=8 hq=0.985 PASS | Dr=+0.270/+1.601 |Dr|max=1.601 Df=+0.247 | g r=0.025 f=0.024 p=0.283(0.001) max=1.080 | Ld=+0.0373 base=0.0232 r1=0.002 path=0.00186 cap=0.00132 margin=0.00893 | Lg=+0.7820 | 41s | curv=+0.104 wide=+0.167 gfmed=0.020
 3520 post m=8 hq=0.983 PASS | Dr=+0.341/+1.827 |Dr|max=1.827 Df=+0.325 | g r=0.062 f=0.063 p=0.320(0.001) max=1.079 | Ld=+0.0168 base=-0.0128 r1=0.00501 path=0.0126 cap=0.00256 margin=0.00939 | Lg=+0.8328 | 41s | curv=+0.113 wide=+0.176 gfmed=0.046
 3530 post m=8 hq=0.985 PASS | Dr=+0.269/+1.625 |Dr|max=1.625 Df=+0.248 | g r=0.028 f=0.026 p=0.266(0.002) max=1.069 | Ld=+0.0063 base=-0.00818 r1=0.00209 path=0.00294 cap=1.28e-08 margin=0.00944 | Lg=+0.7895 | 41s | curv=+0.131 wide=+0.199 gfmed=0.022
 3540 post m=8 hq=0.984 PASS | Dr=+0.179/+0.930 |Dr|max=0.930 Df=+0.156 | g r=0.034 f=0.036 p=0.291(0.001) max=1.064 | Ld=+0.0061 base=-0.0104 r1=0.00162 path=0.00505 cap=1.71e-08 margin=0.00979 | Lg=+0.7585 | 41s | curv=+0.14 wide=+0.216 gfmed=0.032
 3550 post m=8 hq=0.985 PASS | Dr=+0.252/+1.834 |Dr|max=1.834 Df=+0.220 | g r=0.039 f=0.038 p=0.320(0.001) max=1.359 | Ld=-0.0143 base=-0.0268 r1=0.00144 path=0.002 cap=1.46e-06 margin=0.00901 | Lg=+0.8357 | 42s | curv=+0.191 wide=+0.263 gfmed=0.030
 3560 post m=8 hq=0.986 PASS | Dr=+0.286/+1.603 |Dr|max=1.603 Df=+0.269 | g r=0.044 f=0.040 p=0.278(0.002) max=1.036 | Ld=+0.0745 base=0.0575 r1=0.002 path=0.00325 cap=0.00142 margin=0.0103 | Lg=+0.7720 | 42s | curv=+0.25 wide=+0.298 gfmed=0.029
 3570 post m=8 hq=0.988 PASS | Dr=+0.236/+1.662 |Dr|max=1.662 Df=+0.203 | g r=0.056 f=0.056 p=0.366(0.002) max=1.146 | Ld=-0.0050 base=-0.0192 r1=0.00316 path=0.00207 cap=0.000176 margin=0.00878 | Lg=+0.8742 | 42s | curv=+0.0963 wide=+0.173 gfmed=0.054
 3580 post m=8 hq=0.968 PASS | Dr=+0.192/+1.779 |Dr|max=1.779 Df=+0.154 | g r=0.046 f=0.038 p=0.419(0.000) max=1.288 | Ld=-0.0102 base=-0.033 r1=0.00209 path=0.0113 cap=0.000171 margin=0.00925 | Lg=+0.9160 | 42s | curv=+0.245 wide=+0.319 gfmed=0.031
 3590 post m=8 hq=0.984 PASS | Dr=+0.449/+2.021 |Dr|max=2.021 Df=+0.429 | g r=0.047 f=0.047 p=0.363(0.002) max=1.244 | Ld=-0.0079 base=-0.0242 r1=0.00338 path=0.00343 cap=9.36e-05 margin=0.00941 | Lg=+0.8428 | 42s | curv=+0.083 wide=+0.177 gfmed=0.042
 3600 post m=8 hq=0.987 PASS | Dr=+0.214/+0.920 |Dr|max=0.920 Df=+0.195 | g r=0.031 f=0.029 p=0.302(0.001) max=1.299 | Ld=+0.0003 base=-0.0177 r1=0.000959 path=0.00696 margin=0.01 | Lg=+0.7539 | 42s | curv=+0.108 wide=+0.196 gfmed=0.021
 3610 post m=8 hq=0.990 PASS | Dr=+0.285/+1.555 |Dr|max=1.555 Df=+0.253 | g r=0.045 f=0.043 p=0.373(0.000) max=1.175 | Ld=-0.0137 base=-0.0263 r1=0.00173 path=0.00159 cap=2.31e-05 margin=0.00925 | Lg=+0.8246 | 42s | curv=+0.226 wide=+0.288 gfmed=0.040
 3620 post m=8 hq=0.988 PASS | Dr=+0.290/+0.795 |Dr|max=0.795 Df=+0.276 | g r=0.033 f=0.033 p=0.272(0.000) max=1.041 | Ld=+0.0146 base=0.00108 r1=0.00143 path=0.00284 cap=3.71e-06 margin=0.00929 | Lg=+0.7519 | 42s | curv=+0.0513 wide=+0.137 gfmed=0.029
 3630 post m=8 hq=0.991 PASS | Dr=+0.264/+0.874 |Dr|max=0.874 Df=+0.250 | g r=0.030 f=0.023 p=0.287(0.000) max=1.011 | Ld=-0.0036 base=-0.0159 r1=0.00178 path=0.00116 cap=4.1e-08 margin=0.00935 | Lg=+0.7464 | 42s | curv=+0.113 wide=+0.193 gfmed=0.017
 3640 post m=8 hq=0.990 PASS | Dr=+0.155/+0.682 |Dr|max=0.682 Df=+0.140 | g r=0.025 f=0.020 p=0.250(0.000) max=0.873 | Ld=+0.0499 base=0.0338 r1=0.00228 path=0.00445 margin=0.00937 | Lg=+0.7207 | 42s | curv=+0.0622 wide=+0.134 gfmed=0.017
 3650 post m=8 hq=0.991 PASS | Dr=+0.114/+0.589 |Dr|max=0.595 Df=+0.109 | g r=0.029 f=0.028 p=0.226(0.001) max=1.145 | Ld=+0.0147 base=0.00155 r1=0.0017 path=0.00148 cap=1.88e-05 margin=0.00997 | Lg=+0.7259 | 43s | curv=+0.0633 wide=+0.131 gfmed=0.021
 3660 post m=8 hq=0.989 PASS | Dr=+0.166/+0.635 |Dr|max=0.635 Df=+0.155 | g r=0.023 f=0.022 p=0.208(0.000) max=0.830 | Ld=+0.0270 base=0.00214 r1=0.0011 path=0.0146 margin=0.00912 | Lg=+0.7232 | 43s | curv=+0.0684 wide=+0.133 gfmed=0.018
 3670 post m=8 hq=0.988 PASS | Dr=+0.237/+1.194 |Dr|max=1.194 Df=+0.210 | g r=0.034 f=0.030 p=0.283(0.001) max=0.977 | Ld=-0.0046 base=-0.0203 r1=0.00324 path=0.00371 margin=0.00875 | Lg=+0.7817 | 43s | curv=+0.261 wide=+0.333 gfmed=0.020
 3680 post m=8 hq=0.989 PASS | Dr=+0.156/+0.942 |Dr|max=0.942 Df=+0.137 | g r=0.030 f=0.027 p=0.293(0.002) max=1.274 | Ld=-0.0012 base=-0.0153 r1=0.00105 path=0.00366 margin=0.00937 | Lg=+0.7706 | 43s | curv=+0.117 wide=+0.21 gfmed=0.024
 3690 post m=8 hq=0.988 PASS | Dr=+0.320/+1.298 |Dr|max=1.298 Df=+0.294 | g r=0.041 f=0.040 p=0.325(0.002) max=0.995 | Ld=+0.0068 base=-0.00686 r1=0.00319 path=0.00116 margin=0.00934 | Lg=+0.7977 | 43s | curv=+0.0141 wide=+0.128 gfmed=0.034
 3700 post m=8 hq=0.989 PASS | Dr=+0.386/+1.613 |Dr|max=1.613 Df=+0.358 | g r=0.032 f=0.031 p=0.335(0.000) max=1.238 | Ld=-0.0093 base=-0.0222 r1=0.001 path=0.00263 margin=0.00929 | Lg=+0.8119 | 43s | curv=+0.151 wide=+0.247 gfmed=0.023
 3710 post m=8 hq=0.979 PASS | Dr=+0.472/+1.800 |Dr|max=1.800 Df=+0.444 | g r=0.038 f=0.036 p=0.358(0.002) max=1.214 | Ld=+0.0147 base=-0.00425 r1=0.00287 path=0.00693 cap=3.69e-05 margin=0.0091 | Lg=+0.8556 | 43s | curv=+0.196 wide=+0.264 gfmed=0.028
 3720 post m=8 hq=0.984 PASS | Dr=+0.199/+0.939 |Dr|max=0.939 Df=+0.191 | g r=0.043 f=0.042 p=0.287(0.000) max=1.012 | Ld=+0.0318 base=0.019 r1=0.00113 path=0.00166 margin=0.0101 | Lg=+0.7440 | 43s | curv=+0.111 wide=+0.198 gfmed=0.039
 3730 post m=8 hq=0.989 PASS | Dr=+0.156/+0.838 |Dr|max=0.838 Df=+0.151 | g r=0.026 f=0.023 p=0.252(0.000) max=1.173 | Ld=+0.0208 base=0.00751 r1=0.00136 path=0.0026 cap=0.000271 margin=0.00902 | Lg=+0.7278 | 43s | curv=+0.0938 wide=+0.169 gfmed=0.019
 3740 post m=8 hq=0.984 PASS | Dr=+0.214/+0.483 |Dr|max=0.483 Df=+0.212 | g r=0.035 f=0.033 p=0.233(0.002) max=0.979 | Ld=+0.0224 base=0.00813 r1=0.00112 path=0.00338 cap=5.14e-05 margin=0.00972 | Lg=+0.7107 | 43s | curv=+0.105 wide=+0.199 gfmed=0.026
 3750 post m=8 hq=0.943 PASS | Dr=+0.229/+1.413 |Dr|max=1.413 Df=+0.212 | g r=0.057 f=0.059 p=0.350(0.002) max=1.148 | Ld=-0.0217 base=-0.0362 r1=0.00202 path=0.00304 margin=0.00947 | Lg=+0.8483 | 44s | curv=+0.0343 wide=+0.144 gfmed=0.048
 3760 post m=8 hq=0.990 PASS | Dr=+0.189/+0.452 |Dr|max=0.452 Df=+0.182 | g r=0.018 f=0.014 p=0.196(0.000) max=0.791 | Ld=+0.0207 base=0.00895 r1=0.00089 path=0.00159 margin=0.00929 | Lg=+0.7058 | 44s | curv=+0.101 wide=+0.188 gfmed=0.011
 3770 post m=8 hq=0.991 PASS | Dr=+0.267/+0.988 |Dr|max=0.988 Df=+0.254 | g r=0.024 f=0.021 p=0.251(0.001) max=0.909 | Ld=+0.0213 base=0.00886 r1=0.00112 path=0.00152 margin=0.00979 | Lg=+0.7261 | 44s | curv=+0.0602 wide=+0.155 gfmed=0.019
 3780 post m=8 hq=0.992 PASS | Dr=+0.184/+0.952 |Dr|max=0.952 Df=+0.166 | g r=0.028 f=0.023 p=0.296(0.001) max=1.291 | Ld=-0.0083 base=-0.0236 r1=0.00211 path=0.00284 cap=0.000849 margin=0.00953 | Lg=+0.7821 | 44s | curv=+0.153 wide=+0.218 gfmed=0.021
 3790 post m=8 hq=0.988 PASS | Dr=+0.398/+1.579 |Dr|max=1.579 Df=+0.383 | g r=0.037 f=0.034 p=0.337(0.001) max=1.112 | Ld=+0.0010 base=-0.0138 r1=0.00259 path=0.00304 cap=0.000133 margin=0.00903 | Lg=+0.8193 | 44s | curv=+0.137 wide=+0.231 gfmed=0.026
 3800 post m=8 hq=0.991 PASS | Dr=+0.233/+0.800 |Dr|max=0.800 Df=+0.231 | g r=0.020 f=0.017 p=0.218(0.000) max=0.820 | Ld=+0.0253 base=0.0141 r1=0.0011 path=0.000418 margin=0.00967 | Lg=+0.7183 | 44s | curv=+0.12 wide=+0.192 gfmed=0.015
 3810 post m=8 hq=0.990 PASS | Dr=+0.407/+1.553 |Dr|max=1.553 Df=+0.406 | g r=0.047 f=0.049 p=0.332(0.001) max=1.157 | Ld=-0.0087 base=-0.0224 r1=0.0022 path=0.0011 cap=0.000867 margin=0.00954 | Lg=+0.8196 | 44s | curv=-0.00155 wide=+0.102 gfmed=0.050
 3820 post m=8 hq=0.992 PASS | Dr=+0.342/+1.273 |Dr|max=1.273 Df=+0.348 | g r=0.036 f=0.033 p=0.286(0.001) max=1.073 | Ld=+0.0250 base=0.00999 r1=0.00139 path=0.00403 cap=4.15e-05 margin=0.00959 | Lg=+0.7671 | 44s | curv=+0.0847 wide=+0.17 gfmed=0.027
 3830 post m=8 hq=0.981 PASS | Dr=+0.096/+0.553 |Dr|max=0.576 Df=+0.103 | g r=0.035 f=0.029 p=0.215(0.001) max=0.937 | Ld=+0.0106 base=-0.00393 r1=0.00307 path=0.00187 margin=0.00957 | Lg=+0.7206 | 45s | curv=+0.155 wide=+0.219 gfmed=0.024
 3840 post m=8 hq=0.992 PASS | Dr=+0.032/+0.703 |Dr|max=0.703 Df=+0.024 | g r=0.024 f=0.019 p=0.220(0.002) max=0.951 | Ld=+0.0039 base=-0.00882 r1=0.00102 path=0.00239 margin=0.00931 | Lg=+0.7380 | 45s | curv=+0.142 wide=+0.214 gfmed=0.017
 3850 post m=8 hq=0.992 PASS | Dr=+0.343/+0.872 |Dr|max=0.872 Df=+0.345 | g r=0.020 f=0.017 p=0.213(0.000) max=0.775 | Ld=+0.0269 base=0.0144 r1=0.00135 path=0.00211 margin=0.00904 | Lg=+0.7252 | 45s | curv=+0.0585 wide=+0.124 gfmed=0.014
 3860 post m=8 hq=0.785 fail | Dr=+0.367/+0.842 |Dr|max=0.842 Df=+0.368 | g r=0.041 f=0.119 p=0.225(0.001) max=0.842 | Ld=+0.0058 base=-0.0102 r1=0.00165 path=0.00495 margin=0.00933 | Lg=+0.7268 | 45s | curv=+0.215 wide=+0.268 gfmed=0.051
 3870 post m=7 hq=0.322 fail | Dr=-0.308/+0.223 |Dr|max=1.072 Df=-0.495 | g r=0.128 f=0.331 p=0.437(0.004) max=1.615 | Ld=-0.0891 base=-0.184 r1=0.0177 path=0.0612 cap=0.00743 margin=0.00842 | Lg=+0.8655 | 45s | curv=+1.06 wide=+1.14 gfmed=0.236
 3880 post m=3 hq=0.003 fail | Dr=-0.987/-0.184 |Dr|max=1.868 Df=-1.124 | g r=0.258 f=0.529 p=0.606(0.010) max=1.896 | Ld=+8.8545 base=-0.143 r1=0.075 path=8.89 cap=0.0275 margin=0.00868 | Lg=+1.1532 | 45s | curv=+1.53 wide=+1.74 gfmed=0.499
 3890 post m=1 hq=0.002 fail | Dr=-1.615/-1.003 |Dr|max=2.434 Df=-1.848 | g r=0.453 f=0.872 p=0.842(0.014) max=2.358 | Ld=+5.3257 base=-0.704 r1=0.156 path=5.75 cap=0.112 margin=0.00869 | Lg=+1.5545 | 45s | curv=+3.25 wide=+3.43 gfmed=0.840
 3900 post m=0 hq=0.000 fail | Dr=-1.843/-1.346 |Dr|max=2.386 Df=-1.839 | g r=0.310 f=0.778 p=0.636(0.009) max=1.949 | Ld=+1.2761 base=-0.448 r1=0.0652 path=1.51 cap=0.14 margin=0.0073 | Lg=+1.3154 | 45s | curv=+2.21 wide=+2.48 gfmed=0.754
 3910 post m=0 hq=0.000 fail | Dr=-1.621/-0.889 |Dr|max=2.299 Df=-2.353 | g r=0.253 f=0.871 p=0.650(0.002) max=1.720 | Ld=-0.4060 base=-0.682 r1=0.0664 path=0.0708 cap=0.131 margin=0.00774 | Lg=+1.2517 | 45s | curv=+2.15 wide=+2.36 gfmed=0.746
 3920 post m=0 hq=0.000 fail | Dr=-1.142/-0.087 |Dr|max=2.229 Df=-2.237 | g r=0.208 f=0.499 p=0.636(0.006) max=1.892 | Ld=-0.7820 base=-1.07 r1=0.0887 path=0.0333 cap=0.16 margin=0.00692 | Lg=+1.4713 | 46s | curv=+1.64 wide=+1.83 gfmed=0.434
 3930 post m=2 hq=0.036 fail | Dr=-1.343/-0.184 |Dr|max=2.105 Df=-2.287 | g r=0.226 f=0.774 p=0.688(0.013) max=2.095 | Ld=-0.4208 base=-0.703 r1=0.14 path=0.0409 cap=0.0905 margin=0.00979 | Lg=+1.2455 | 46s | curv=+2.26 wide=+2.41 gfmed=0.717
 3940 post m=3 hq=0.059 fail | Dr=-2.088/-1.350 |Dr|max=3.067 Df=-2.944 | g r=0.327 f=0.788 p=0.775(0.020) max=2.025 | Ld=-0.4504 base=-0.827 r1=0.0669 path=0.218 cap=0.0834 margin=0.00808 | Lg=+1.4214 | 46s | curv=+2.62 wide=+2.79 gfmed=0.751
 3950 post m=2 hq=0.121 fail | Dr=-2.516/-1.445 |Dr|max=3.451 Df=-3.577 | g r=0.200 f=0.660 p=0.681(0.010) max=1.852 | Ld=-0.4541 base=-0.788 r1=0.0674 path=0.218 cap=0.0402 margin=0.00762 | Lg=+1.2403 | 46s | curv=+1.7 wide=+1.98 gfmed=0.629
 3960 post m=3 hq=0.066 fail | Dr=-2.483/-1.701 |Dr|max=3.658 Df=-3.388 | g r=0.290 f=0.738 p=0.679(0.009) max=1.846 | Ld=-0.4458 base=-0.788 r1=0.13 path=0.141 cap=0.0618 margin=0.009 | Lg=+1.2946 | 46s | curv=+1.89 wide=+2.17 gfmed=0.752
 3970 post m=2 hq=0.256 fail | Dr=-2.174/-0.749 |Dr|max=3.445 Df=-3.194 | g r=0.244 f=0.654 p=0.688(0.008) max=1.992 | Ld=-0.5822 base=-0.904 r1=0.0863 path=0.0603 cap=0.165 margin=0.0101 | Lg=+1.3597 | 46s | curv=+1.65 wide=+1.9 gfmed=0.680
 3980 post m=3 hq=0.398 fail | Dr=-2.110/-0.543 |Dr|max=3.561 Df=-3.101 | g r=0.257 f=0.532 p=0.698(0.008) max=2.127 | Ld=-0.6350 base=-1 r1=0.178 path=0.0795 cap=0.0967 margin=0.0114 | Lg=+1.4329 | 46s | curv=+1.97 wide=+2.1 gfmed=0.480
 3990 post m=1 hq=0.290 fail | Dr=-2.179/+0.214 |Dr|max=3.626 Df=-3.458 | g r=0.340 f=0.391 p=0.740(0.005) max=2.615 | Ld=-0.6034 base=-1.25 r1=0.153 path=0.297 cap=0.186 margin=0.00972 | Lg=+1.8197 | 46s | curv=+1.18 wide=+1.38 gfmed=0.374
 4000 post m=2 hq=0.042 fail | Dr=-1.399/+0.125 |Dr|max=2.627 Df=-2.607 | g r=0.235 f=0.501 p=0.702(0.009) max=1.864 | Ld=-0.8755 base=-1.11 r1=0.0908 path=0.0411 cap=0.0949 margin=0.00872 | Lg=+1.5660 | 46s | curv=+1.64 wide=+1.76 gfmed=0.430
 4010 post m=4 hq=0.178 fail | Dr=-1.398/-0.512 |Dr|max=2.412 Df=-1.656 | g r=0.339 f=0.474 p=0.640(0.006) max=1.977 | Ld=+9.6114 base=-0.26 r1=0.0891 path=9.74 cap=0.0307 margin=0.00895 | Lg=+1.1140 | 46s | curv=+1.77 wide=+1.93 gfmed=0.441
 4020 post m=3 hq=0.109 fail | Dr=-1.464/-0.755 |Dr|max=2.173 Df=-1.981 | g r=0.213 f=0.595 p=0.597(0.006) max=1.500 | Ld=-0.1674 base=-0.446 r1=0.0659 path=0.157 cap=0.0491 margin=0.00744 | Lg=+0.9760 | 47s | curv=+1.95 wide=+2.16 gfmed=0.526
 4030 post m=4 hq=0.163 fail | Dr=-1.743/-1.025 |Dr|max=2.453 Df=-2.205 | g r=0.208 f=0.529 p=0.591(0.016) max=1.544 | Ld=-0.3056 base=-0.471 r1=0.0704 path=0.031 cap=0.0571 margin=0.00708 | Lg=+0.9852 | 47s | curv=+1.36 wide=+1.67 gfmed=0.527
 4040 post m=3 hq=0.196 fail | Dr=-1.461/-1.048 |Dr|max=1.999 Df=-1.893 | g r=0.173 f=0.650 p=0.613(0.001) max=1.549 | Ld=-0.1579 base=-0.35 r1=0.0578 path=0.0848 cap=0.0421 margin=0.00748 | Lg=+0.9458 | 47s | curv=+1.84 wide=+2.13 gfmed=0.609
 4050 post m=4 hq=0.183 fail | Dr=-1.511/-1.144 |Dr|max=2.149 Df=-1.938 | g r=0.208 f=0.532 p=0.582(0.012) max=1.429 | Ld=-0.2475 base=-0.396 r1=0.0697 path=0.0388 cap=0.0325 margin=0.00741 | Lg=+0.9578 | 47s | curv=+1.9 wide=+2.15 gfmed=0.478
 4060 post m=3 hq=0.246 fail | Dr=-1.446/-1.033 |Dr|max=2.093 Df=-1.824 | g r=0.172 f=0.526 p=0.542(0.007) max=1.474 | Ld=-0.1762 base=-0.28 r1=0.0626 path=0.0225 cap=0.0115 margin=0.00719 | Lg=+0.9000 | 47s | curv=+1.56 wide=+1.82 gfmed=0.519
 4070 post m=6 hq=0.439 fail | Dr=-1.542/-1.141 |Dr|max=1.952 Df=-1.779 | g r=0.227 f=0.565 p=0.554(0.001) max=1.507 | Ld=-0.1432 base=-0.369 r1=0.0887 path=0.0406 cap=0.089 margin=0.0072 | Lg=+0.8907 | 47s | curv=+0.967 wide=+1.31 gfmed=0.526
 4080 post m=5 hq=0.223 fail | Dr=-1.397/-0.928 |Dr|max=2.091 Df=-1.739 | g r=0.172 f=0.636 p=0.568(0.009) max=1.519 | Ld=-0.3029 base=-0.401 r1=0.0497 path=0.0105 cap=0.0314 margin=0.00678 | Lg=+1.0048 | 47s | curv=+1.62 wide=+1.92 gfmed=0.669
 4090 post m=8 hq=0.273 fail | Dr=-0.954/-0.493 |Dr|max=1.767 Df=-1.263 | g r=0.182 f=0.568 p=0.595(0.013) max=1.623 | Ld=-0.2181 base=-0.313 r1=0.0642 path=0.00598 cap=0.0181 margin=0.00668 | Lg=+0.9291 | 47s | curv=+1.84 wide=+2.06 gfmed=0.527
 4100 post m=6 hq=0.238 fail | Dr=-0.964/-0.226 |Dr|max=2.183 Df=-1.341 | g r=0.172 f=0.458 p=0.580(0.004) max=1.705 | Ld=-0.2168 base=-0.301 r1=0.0438 path=0.0167 cap=0.0165 margin=0.00725 | Lg=+0.9870 | 47s | curv=+1.41 wide=+1.67 gfmed=0.419
 4110 post m=8 hq=0.172 fail | Dr=-0.988/+0.035 |Dr|max=2.161 Df=-1.348 | g r=0.182 f=0.575 p=0.611(0.010) max=1.624 | Ld=-0.2344 base=-0.312 r1=0.0419 path=0.0123 cap=0.0149 margin=0.00847 | Lg=+0.9916 | 47s | curv=+1.83 wide=+2.03 gfmed=0.597
 4120 post m=8 hq=0.367 fail | Dr=-0.994/+0.009 |Dr|max=2.433 Df=-1.288 | g r=0.182 f=0.431 p=0.578(0.002) max=1.577 | Ld=-0.2810 base=-0.363 r1=0.0487 path=0.00999 cap=0.0159 margin=0.00743 | Lg=+1.0291 | 48s | curv=+1.36 wide=+1.6 gfmed=0.330
 4130 post m=8 hq=0.331 fail | Dr=-1.010/+0.131 |Dr|max=2.841 Df=-1.323 | g r=0.176 f=0.439 p=0.605(0.011) max=1.616 | Ld=-0.2829 base=-0.371 r1=0.0367 path=0.0103 cap=0.0328 margin=0.00785 | Lg=+1.0725 | 48s | curv=+1.51 wide=+1.72 gfmed=0.344
 4140 post m=6 hq=0.114 fail | Dr=-0.784/+0.586 |Dr|max=2.651 Df=-1.110 | g r=0.213 f=0.661 p=0.694(0.010) max=1.805 | Ld=-0.3105 base=-0.414 r1=0.0506 path=0.0219 cap=0.0238 margin=0.00761 | Lg=+1.2063 | 48s | curv=+1.91 wide=+2.11 gfmed=0.658
 4150 post m=8 hq=0.258 fail | Dr=-0.598/+0.323 |Dr|max=2.006 Df=-0.880 | g r=0.168 f=0.547 p=0.567(0.013) max=1.287 | Ld=-0.1695 base=-0.244 r1=0.0416 path=0.0114 cap=0.0132 margin=0.00797 | Lg=+0.9539 | 48s | curv=+1.45 wide=+1.62 gfmed=0.607
 4160 post m=8 hq=0.310 fail | Dr=-0.589/+0.463 |Dr|max=2.523 Df=-0.880 | g r=0.163 f=0.631 p=0.710(0.006) max=1.759 | Ld=-0.3434 base=-0.43 r1=0.0414 path=0.0174 cap=0.0199 margin=0.00758 | Lg=+1.1769 | 48s | curv=+1.71 wide=+1.96 gfmed=0.649
 4170 post m=8 hq=0.382 fail | Dr=-0.672/+0.417 |Dr|max=2.473 Df=-0.908 | g r=0.157 f=0.473 p=0.575(0.014) max=1.701 | Ld=-0.2063 base=-0.273 r1=0.0368 path=0.0137 cap=0.00986 margin=0.00684 | Lg=+0.9860 | 48s | curv=+1.1 wide=+1.29 gfmed=0.457
 4180 post m=8 hq=0.292 fail | Dr=-0.683/+0.244 |Dr|max=2.229 Df=-0.949 | g r=0.144 f=0.591 p=0.575(0.004) max=1.374 | Ld=-0.1484 base=-0.224 r1=0.0442 path=0.00601 cap=0.0187 margin=0.00687 | Lg=+0.9313 | 48s | curv=+1.38 wide=+1.61 gfmed=0.610
 4190 post m=8 hq=0.289 fail | Dr=-0.666/+0.446 |Dr|max=2.737 Df=-0.943 | g r=0.188 f=0.562 p=0.671(0.002) max=1.626 | Ld=-0.2390 base=-0.33 r1=0.0345 path=0.0332 cap=0.0156 margin=0.00767 | Lg=+1.1402 | 48s | curv=+1.87 wide=+2.02 gfmed=0.589
 4200 post m=8 hq=0.470 fail | Dr=-0.667/+0.472 |Dr|max=2.781 Df=-0.912 | g r=0.184 f=0.543 p=0.670(0.011) max=1.757 | Ld=-0.1965 base=-0.318 r1=0.0455 path=0.0479 cap=0.0209 margin=0.00708 | Lg=+1.1750 | 48s | curv=+1.5 wide=+1.73 gfmed=0.395
 4210 post m=8 hq=0.355 fail | Dr=-0.434/+0.832 |Dr|max=2.013 Df=-0.668 | g r=0.180 f=0.492 p=0.588(0.002) max=1.442 | Ld=-0.1561 base=-0.229 r1=0.031 path=0.00983 cap=0.0236 margin=0.0083 | Lg=+0.9729 | 48s | curv=+1.62 wide=+1.76 gfmed=0.453
 4220 post m=5 hq=0.141 fail | Dr=-0.424/+0.793 |Dr|max=1.957 Df=-0.764 | g r=0.194 f=0.640 p=0.639(0.001) max=1.529 | Ld=-0.1863 base=-0.278 r1=0.0352 path=0.0274 cap=0.0213 margin=0.00775 | Lg=+0.9727 | 48s | curv=+1.53 wide=+1.76 gfmed=0.658
 4230 post m=8 hq=0.576 fail | Dr=-0.550/+0.645 |Dr|max=2.057 Df=-0.743 | g r=0.114 f=0.406 p=0.578(0.000) max=1.417 | Ld=-0.1636 base=-0.228 r1=0.0294 path=0.0179 cap=0.00957 margin=0.00736 | Lg=+0.9279 | 49s | curv=+1.16 wide=+1.41 gfmed=0.267
 4240 post m=5 hq=0.308 fail | Dr=-0.510/+0.701 |Dr|max=2.089 Df=-0.789 | g r=0.166 f=0.554 p=0.636(0.006) max=1.404 | Ld=-0.2425 base=-0.299 r1=0.0264 path=0.0125 cap=0.0101 margin=0.00772 | Lg=+1.0167 | 49s | curv=+1.53 wide=+1.71 gfmed=0.528
 4250 post m=8 hq=0.607 fail | Dr=-0.410/+0.735 |Dr|max=1.926 Df=-0.574 | g r=0.149 f=0.367 p=0.538(0.003) max=1.323 | Ld=-0.0768 base=-0.16 r1=0.0306 path=0.0241 cap=0.0204 margin=0.00789 | Lg=+0.8965 | 49s | curv=+1.2 wide=+1.39 gfmed=0.222
 4260 post m=8 hq=0.577 fail | Dr=-0.402/+0.876 |Dr|max=1.675 Df=-0.562 | g r=0.114 f=0.341 p=0.538(0.005) max=1.409 | Ld=-0.0954 base=-0.143 r1=0.0185 path=0.0134 cap=0.00846 margin=0.00769 | Lg=+0.8858 | 49s | curv=+1.03 wide=+1.24 gfmed=0.207
 4270 post m=7 hq=0.540 fail | Dr=-0.261/+0.875 |Dr|max=1.875 Df=-0.438 | g r=0.122 f=0.485 p=0.571(0.004) max=1.420 | Ld=-0.1723 base=-0.238 r1=0.0246 path=0.0271 cap=0.00677 margin=0.00754 | Lg=+0.9455 | 49s | curv=+1.04 wide=+1.26 gfmed=0.388
 4280 post m=8 hq=0.630 fail | Dr=-0.279/+0.903 |Dr|max=1.782 Df=-0.423 | g r=0.152 f=0.313 p=0.511(0.004) max=1.349 | Ld=-0.0857 base=-0.191 r1=0.0368 path=0.0257 cap=0.0345 margin=0.00834 | Lg=+0.9169 | 49s | curv=+1.25 wide=+1.42 gfmed=0.210
 4290 post m=8 hq=0.859 fail | Dr=-0.291/+1.175 |Dr|max=1.860 Df=-0.412 | g r=0.099 f=0.172 p=0.522(0.003) max=1.392 | Ld=-0.0782 base=-0.118 r1=0.0148 path=0.0102 cap=0.00624 margin=0.00898 | Lg=+0.8905 | 49s | curv=+0.684 wide=+0.928 gfmed=0.108
 4300 post m=8 hq=0.880 fail | Dr=-0.152/+1.464 |Dr|max=2.014 Df=-0.275 | g r=0.095 f=0.132 p=0.532(0.006) max=1.260 | Ld=-0.1019 base=-0.147 r1=0.0153 path=0.015 cap=0.00621 margin=0.00825 | Lg=+0.9506 | 49s | curv=+0.669 wide=+0.876 gfmed=0.073
 4310 post m=8 hq=0.926 PASS | Dr=-0.147/+1.416 |Dr|max=2.073 Df=-0.265 | g r=0.105 f=0.125 p=0.542(0.002) max=1.262 | Ld=-0.0948 base=-0.158 r1=0.0118 path=0.0361 cap=0.00647 margin=0.00906 | Lg=+1.0066 | 49s | curv=+0.712 wide=+0.878 gfmed=0.087
 4320 post m=8 hq=0.919 PASS | Dr=-0.126/+1.452 |Dr|max=2.024 Df=-0.246 | g r=0.092 f=0.108 p=0.550(0.003) max=1.335 | Ld=-0.1039 base=-0.141 r1=0.0108 path=0.0147 cap=0.00323 margin=0.00868 | Lg=+0.9548 | 50s | curv=+0.429 wide=+0.656 gfmed=0.078
 4330 post m=8 hq=0.935 PASS | Dr=-0.089/+1.264 |Dr|max=1.655 Df=-0.185 | g r=0.108 f=0.122 p=0.484(0.001) max=1.325 | Ld=-0.0262 base=-0.0739 r1=0.00997 path=0.0261 cap=0.00273 margin=0.00881 | Lg=+0.8722 | 50s | curv=+0.553 wide=+0.682 gfmed=0.096
 4340 post m=8 hq=0.920 PASS | Dr=-0.031/+1.563 |Dr|max=1.802 Df=-0.137 | g r=0.092 f=0.108 p=0.511(0.002) max=1.205 | Ld=-0.0731 base=-0.11 r1=0.0109 path=0.0128 cap=0.00536 margin=0.0081 | Lg=+0.9327 | 50s | curv=+0.61 wide=+0.754 gfmed=0.069
 4350 post m=8 hq=0.927 PASS | Dr=-0.118/+1.364 |Dr|max=1.844 Df=-0.220 | g r=0.085 f=0.103 p=0.538(0.002) max=1.466 | Ld=-0.1180 base=-0.168 r1=0.00614 path=0.0306 cap=0.00441 margin=0.00879 | Lg=+0.9455 | 50s | curv=+0.482 wide=+0.625 gfmed=0.066
 4360 post m=8 hq=0.704 fail | Dr=-0.159/+1.203 |Dr|max=1.506 Df=-0.262 | g r=0.107 f=0.184 p=0.511(0.003) max=1.324 | Ld=-0.0146 base=-0.0725 r1=0.0152 path=0.0296 cap=0.00449 margin=0.00862 | Lg=+0.8751 | 50s | curv=+0.577 wide=+0.71 gfmed=0.096
 4370 post m=8 hq=0.844 fail | Dr=-0.332/+0.593 |Dr|max=1.892 Df=-0.417 | g r=0.105 f=0.179 p=0.469(0.006) max=1.204 | Ld=-0.0463 base=-0.0949 r1=0.021 path=0.0172 cap=0.00222 margin=0.00817 | Lg=+0.8697 | 50s | curv=+0.894 wide=+1.03 gfmed=0.104
 4380 post m=8 hq=0.918 PASS | Dr=-0.267/+0.824 |Dr|max=1.887 Df=-0.349 | g r=0.072 f=0.104 p=0.494(0.004) max=1.201 | Ld=-0.0661 base=-0.101 r1=0.00935 path=0.00953 cap=0.00699 margin=0.00859 | Lg=+0.8570 | 50s | curv=+0.63 wide=+0.842 gfmed=0.056
 4390 post m=8 hq=0.916 PASS | Dr=-0.178/+1.091 |Dr|max=1.680 Df=-0.259 | g r=0.068 f=0.095 p=0.484(0.001) max=1.213 | Ld=-0.0285 base=-0.0709 r1=0.0128 path=0.0169 cap=0.00394 margin=0.00879 | Lg=+0.8652 | 50s | curv=+0.577 wide=+0.783 gfmed=0.045
 4400 post m=7 hq=0.667 fail | Dr=-0.239/+1.347 |Dr|max=1.952 Df=-0.347 | g r=0.110 f=0.239 p=0.534(0.003) max=1.386 | Ld=-0.0842 base=-0.125 r1=0.0156 path=0.0115 cap=0.00511 margin=0.00831 | Lg=+0.9255 | 51s | curv=+0.643 wide=+0.808 gfmed=0.105
 4410 post m=8 hq=0.913 PASS | Dr=+0.049/+2.051 |Dr|max=2.051 Df=-0.048 | g r=0.075 f=0.103 p=0.554(0.000) max=1.352 | Ld=-0.1023 base=-0.139 r1=0.0112 path=0.0147 cap=0.00293 margin=0.00789 | Lg=+1.0028 | 51s | curv=+0.525 wide=+0.69 gfmed=0.055
 4420 post m=8 hq=0.920 PASS | Dr=-0.192/+1.178 |Dr|max=1.705 Df=-0.271 | g r=0.069 f=0.093 p=0.495(0.002) max=1.260 | Ld=-0.0865 base=-0.119 r1=0.0078 path=0.00583 cap=0.01 margin=0.00847 | Lg=+0.9246 | 51s | curv=+0.265 wide=+0.461 gfmed=0.055
 4430 post m=8 hq=0.927 PASS | Dr=-0.193/+1.285 |Dr|max=1.830 Df=-0.269 | g r=0.083 f=0.104 p=0.512(0.004) max=1.422 | Ld=-0.0622 base=-0.104 r1=0.00688 path=0.0236 cap=0.00238 margin=0.00868 | Lg=+0.9402 | 51s | curv=+0.567 wide=+0.746 gfmed=0.067
 4440 post m=8 hq=0.940 PASS | Dr=-0.130/+1.270 |Dr|max=1.510 Df=-0.201 | g r=0.061 f=0.080 p=0.509(0.002) max=1.416 | Ld=-0.0536 base=-0.0932 r1=0.0088 path=0.0182 cap=0.00364 margin=0.00898 | Lg=+0.9078 | 51s | curv=+0.368 wide=+0.545 gfmed=0.046
 4450 post m=8 hq=0.689 fail | Dr=-0.102/+1.220 |Dr|max=1.558 Df=-0.180 | g r=0.120 f=0.254 p=0.504(0.003) max=1.447 | Ld=-0.0171 base=-0.0771 r1=0.00976 path=0.0338 cap=0.00779 margin=0.00868 | Lg=+0.8718 | 51s | curv=+0.486 wide=+0.646 gfmed=0.118
 4460 post m=8 hq=0.905 PASS | Dr=-0.006/+1.183 |Dr|max=1.183 Df=-0.069 | g r=0.062 f=0.101 p=0.447(0.006) max=1.305 | Ld=-0.0361 base=-0.0659 r1=0.00774 path=0.0109 cap=0.00271 margin=0.00849 | Lg=+0.8145 | 51s | curv=+0.564 wide=+0.728 gfmed=0.041
 4470 post m=8 hq=0.928 PASS | Dr=-0.019/+1.404 |Dr|max=1.404 Df=-0.083 | g r=0.052 f=0.079 p=0.469(0.002) max=1.237 | Ld=-0.0455 base=-0.0697 r1=0.00899 path=0.0048 cap=0.00192 margin=0.00856 | Lg=+0.8589 | 51s | curv=+0.38 wide=+0.581 gfmed=0.033
 4480 post m=8 hq=0.948 PASS | Dr=-0.091/+1.507 |Dr|max=1.525 Df=-0.150 | g r=0.076 f=0.096 p=0.499(0.005) max=1.416 | Ld=-0.0526 base=-0.0777 r1=0.0071 path=0.00647 cap=0.00278 margin=0.00873 | Lg=+0.8847 | 51s | curv=+0.385 wide=+0.585 gfmed=0.064
 4490 post m=8 hq=0.922 PASS | Dr=-0.091/+1.343 |Dr|max=1.343 Df=-0.144 | g r=0.082 f=0.089 p=0.478(0.004) max=1.292 | Ld=-0.0695 base=-0.0991 r1=0.0103 path=0.00514 cap=0.00564 margin=0.00854 | Lg=+0.8745 | 52s | curv=+0.357 wide=+0.513 gfmed=0.065
 4500 post m=8 hq=0.946 PASS | Dr=-0.144/+1.024 |Dr|max=1.242 Df=-0.188 | g r=0.064 f=0.082 p=0.450(0.001) max=1.227 | Ld=-0.0289 base=-0.0625 r1=0.00803 path=0.0154 cap=0.00174 margin=0.00845 | Lg=+0.8544 | 52s | curv=+0.215 wide=+0.386 gfmed=0.057
 4510 post m=8 hq=0.950 PASS | Dr=-0.132/+0.979 |Dr|max=1.095 Df=-0.172 | g r=0.065 f=0.071 p=0.408(0.001) max=1.157 | Ld=+0.0086 base=-0.0397 r1=0.0138 path=0.0155 cap=0.00964 margin=0.00929 | Lg=+0.8286 | 52s | curv=+0.274 wide=+0.44 gfmed=0.046
 4520 post m=8 hq=0.953 PASS | Dr=-0.137/+1.044 |Dr|max=1.342 Df=-0.183 | g r=0.071 f=0.084 p=0.438(0.002) max=1.234 | Ld=+0.0012 base=-0.0287 r1=0.00865 path=0.00896 cap=0.00326 margin=0.00901 | Lg=+0.8005 | 52s | curv=+0.402 wide=+0.546 gfmed=0.056
 4530 post m=8 hq=0.901 PASS | Dr=-0.298/+1.294 |Dr|max=1.908 Df=-0.350 | g r=0.089 f=0.097 p=0.460(0.002) max=1.287 | Ld=+0.0186 base=-0.0226 r1=0.017 path=0.00593 cap=0.00971 margin=0.00855 | Lg=+0.8684 | 52s | curv=+0.152 wide=+0.331 gfmed=0.077
 4540 post m=8 hq=0.924 PASS | Dr=+0.007/+1.359 |Dr|max=1.359 Df=-0.039 | g r=0.069 f=0.085 p=0.439(0.004) max=1.299 | Ld=-0.0211 base=-0.0459 r1=0.00692 path=0.00691 cap=0.00192 margin=0.00897 | Lg=+0.8380 | 52s | curv=+0.379 wide=+0.53 gfmed=0.063
 4550 post m=8 hq=0.955 PASS | Dr=+0.112/+1.962 |Dr|max=1.962 Df=+0.058 | g r=0.063 f=0.068 p=0.472(0.004) max=1.237 | Ld=-0.0484 base=-0.0755 r1=0.0106 path=0.0073 cap=0.000936 margin=0.00829 | Lg=+0.8943 | 52s | curv=+0.407 wide=+0.547 gfmed=0.053
 4560 post m=8 hq=0.942 PASS | Dr=+0.076/+1.719 |Dr|max=1.719 Df=+0.028 | g r=0.061 f=0.074 p=0.446(0.001) max=1.220 | Ld=-0.0341 base=-0.0563 r1=0.0078 path=0.00353 cap=0.00149 margin=0.00936 | Lg=+0.8562 | 52s | curv=+0.333 wide=+0.468 gfmed=0.053
 4570 post m=8 hq=0.965 PASS | Dr=-0.046/+1.361 |Dr|max=1.420 Df=-0.087 | g r=0.058 f=0.070 p=0.457(0.003) max=1.350 | Ld=-0.0149 base=-0.0392 r1=0.00865 path=0.00316 cap=0.00299 margin=0.00945 | Lg=+0.8370 | 52s | curv=+0.239 wide=+0.401 gfmed=0.051
 4580 post m=8 hq=0.964 PASS | Dr=-0.056/+1.428 |Dr|max=1.513 Df=-0.093 | g r=0.065 f=0.070 p=0.459(0.003) max=1.175 | Ld=+0.0035 base=-0.0188 r1=0.00611 path=0.00339 cap=0.00338 margin=0.00942 | Lg=+0.8627 | 53s | curv=+0.327 wide=+0.466 gfmed=0.055
 4590 post m=8 hq=0.942 PASS | Dr=-0.212/+1.181 |Dr|max=1.509 Df=-0.248 | g r=0.057 f=0.071 p=0.466(0.003) max=1.258 | Ld=-0.0307 base=-0.0538 r1=0.00743 path=0.00319 cap=0.0033 margin=0.00921 | Lg=+0.8693 | 53s | curv=+0.289 wide=+0.41 gfmed=0.048
 4600 post m=8 hq=0.919 PASS | Dr=-0.109/+1.805 |Dr|max=1.805 Df=-0.166 | g r=0.073 f=0.088 p=0.510(0.001) max=1.322 | Ld=-0.0484 base=-0.0815 r1=0.0123 path=0.0093 cap=0.0021 margin=0.00942 | Lg=+0.9265 | 53s | curv=+0.36 wide=+0.496 gfmed=0.066
# COMPLETE 4600 updates in 53s; prehold 97/120; arrival=420
