# arm=B_nnpair formulation=wgan + r1(1) + path-secant(10,t=0.5) + cap-all(10,c=1) + nnpair [Dβ2=0.9, A2=0] {lr c×0.5 g×1} device=cuda:0 steps=4600
# step phase modes hq pass | Dr mean/max |Dr|max Df | grad-norm real fake path(min) max | loss_d terms | loss_g | sec
   10 acq  m=1 hq=0.000 fail | Dr=-0.111/+0.160 |Dr|max=0.351 Df=-0.244 | g r=0.429 f=0.602 p=0.613(0.004) max=1.728 | Ld=+38.9490 base=0.0183 r1=0.18 path=38.7 cap=0.00875 | Lg=+0.8132 | 1s | curv=-0.265 wide=-0.0525 gfmed=0.585
   20 acq  m=2 hq=0.015 fail | Dr=-0.108/+0.280 |Dr|max=0.399 Df=-0.068 | g r=0.417 f=0.696 p=0.666(0.012) max=1.963 | Ld=+4.3324 base=0.0329 r1=0.305 path=3.79 cap=0.201 | Lg=+0.7219 | 1s | curv=+1.4 wide=+1.49 gfmed=0.674
   30 acq  m=3 hq=0.040 fail | Dr=+0.097/+0.460 |Dr|max=0.460 Df=+0.016 | g r=0.422 f=0.800 p=0.711(0.005) max=2.012 | Ld=+3.4782 base=-0.177 r1=0.278 path=3.3 cap=0.078 | Lg=+0.7904 | 1s | curv=+0.613 wide=+1.05 gfmed=0.790
   40 acq  m=1 hq=0.007 fail | Dr=+0.050/+0.302 |Dr|max=0.466 Df=-0.268 | g r=0.304 f=0.614 p=0.592(0.009) max=1.682 | Ld=+1.4437 base=-0.102 r1=0.172 path=1.27 cap=0.104 | Lg=+0.8294 | 1s | curv=+1.28 wide=+1.53 gfmed=0.605
   50 acq  m=0 hq=0.000 fail | Dr=+0.002/+1.036 |Dr|max=1.091 Df=-0.408 | g r=0.603 f=0.740 p=0.847(0.025) max=2.644 | Ld=+9.8266 base=-0.778 r1=0.222 path=10.2 cap=0.225 | Lg=+2.1409 | 1s | curv=+1.62 wide=+1.75 gfmed=0.652
   60 acq  m=1 hq=0.030 fail | Dr=+0.291/+1.121 |Dr|max=1.121 Df=-0.197 | g r=0.429 f=0.758 p=0.802(0.005) max=2.820 | Ld=+8.3818 base=-0.632 r1=0.304 path=8.46 cap=0.253 | Lg=+1.1798 | 1s | curv=+1.88 wide=+2.2 gfmed=0.704
   70 acq  m=4 hq=0.017 fail | Dr=-0.132/+0.122 |Dr|max=0.523 Df=-0.498 | g r=0.368 f=0.695 p=0.724(0.006) max=2.002 | Ld=+2.7779 base=-0.359 r1=0.21 path=2.67 cap=0.257 | Lg=+0.8883 | 1s | curv=+2.46 wide=+2.78 gfmed=0.657
   80 acq  m=4 hq=0.004 fail | Dr=-0.015/+0.145 |Dr|max=0.288 Df=-0.439 | g r=0.472 f=0.678 p=0.716(0.021) max=2.440 | Ld=+2.7954 base=-0.321 r1=0.442 path=2.4 cap=0.275 | Lg=+0.9167 | 1s | curv=+2.59 wide=+2.74 gfmed=0.651
   90 acq  m=3 hq=0.009 fail | Dr=-0.016/+0.363 |Dr|max=0.366 Df=-0.475 | g r=0.294 f=0.713 p=0.671(0.005) max=2.333 | Ld=+0.4451 base=-0.419 r1=0.169 path=0.613 cap=0.0811 | Lg=+0.9700 | 1s | curv=+1.48 wide=+1.96 gfmed=0.681
  100 acq  m=4 hq=0.016 fail | Dr=-0.037/+0.312 |Dr|max=0.364 Df=-0.514 | g r=0.349 f=0.760 p=0.687(0.010) max=2.358 | Ld=+0.2486 base=-0.375 r1=0.189 path=0.374 cap=0.0602 | Lg=+0.9511 | 1s | curv=+2.02 wide=+2.55 gfmed=0.759
  110 acq  m=7 hq=0.057 fail | Dr=-0.050/+0.268 |Dr|max=0.501 Df=-0.532 | g r=0.415 f=0.698 p=0.661(0.009) max=1.900 | Ld=+0.6115 base=-0.38 r1=0.287 path=0.563 cap=0.14 | Lg=+0.9909 | 1s | curv=+2.53 wide=+2.8 gfmed=0.693
  120 acq  m=5 hq=0.140 fail | Dr=+0.011/+0.305 |Dr|max=0.400 Df=-0.445 | g r=0.376 f=0.647 p=0.664(0.009) max=2.068 | Ld=+0.1591 base=-0.406 r1=0.142 path=0.302 cap=0.121 | Lg=+0.9620 | 1s | curv=+2.01 wide=+2.29 gfmed=0.611
  130 acq  m=7 hq=0.094 fail | Dr=-0.126/+0.336 |Dr|max=0.771 Df=-0.673 | g r=0.250 f=0.629 p=0.618(0.002) max=1.816 | Ld=-0.0454 base=-0.583 r1=0.0887 path=0.39 cap=0.0586 | Lg=+1.0935 | 1s | curv=+1.73 wide=+2.19 gfmed=0.610
  140 acq  m=5 hq=0.015 fail | Dr=-0.124/+0.410 |Dr|max=0.805 Df=-0.810 | g r=0.320 f=0.632 p=0.683(0.007) max=2.090 | Ld=-0.0015 base=-0.429 r1=0.138 path=0.24 cap=0.0497 | Lg=+1.1331 | 2s | curv=+1.74 wide=+2.2 gfmed=0.591
  150 acq  m=4 hq=0.117 fail | Dr=-0.328/+0.218 |Dr|max=0.879 Df=-0.723 | g r=0.366 f=0.692 p=0.687(0.009) max=2.209 | Ld=+0.6091 base=-0.459 r1=0.166 path=0.781 cap=0.121 | Lg=+1.1197 | 2s | curv=+2.72 wide=+2.94 gfmed=0.671
  160 acq  m=7 hq=0.053 fail | Dr=-0.147/+0.111 |Dr|max=0.610 Df=-0.622 | g r=0.235 f=0.698 p=0.642(0.015) max=1.813 | Ld=-0.3203 base=-0.532 r1=0.0957 path=0.0809 cap=0.0352 | Lg=+1.0305 | 2s | curv=+1.37 wide=+1.81 gfmed=0.693
  170 acq  m=6 hq=0.015 fail | Dr=-0.268/-0.089 |Dr|max=0.532 Df=-0.749 | g r=0.273 f=0.640 p=0.647(0.011) max=2.039 | Ld=+0.1928 base=-0.449 r1=0.11 path=0.408 cap=0.123 | Lg=+1.0096 | 2s | curv=+1.86 wide=+2.18 gfmed=0.611
  180 acq  m=2 hq=0.005 fail | Dr=-0.395/+0.239 |Dr|max=1.026 Df=-0.917 | g r=0.348 f=0.631 p=0.655(0.007) max=2.073 | Ld=-0.1993 base=-0.755 r1=0.132 path=0.267 cap=0.156 | Lg=+1.3480 | 2s | curv=+0.883 wide=+1.44 gfmed=0.594
  190 acq  m=6 hq=0.047 fail | Dr=-0.115/+0.227 |Dr|max=0.683 Df=-0.566 | g r=0.217 f=0.643 p=0.613(0.014) max=1.735 | Ld=-0.3359 base=-0.439 r1=0.0658 path=0.00806 cap=0.0296 | Lg=+0.9739 | 2s | curv=+1.61 wide=+2.05 gfmed=0.651
  200 acq  m=3 hq=0.024 fail | Dr=-0.120/+0.109 |Dr|max=0.581 Df=-0.593 | g r=0.207 f=0.643 p=0.578(0.007) max=1.635 | Ld=-0.2403 base=-0.437 r1=0.0577 path=0.103 cap=0.0365 | Lg=+0.9634 | 2s | curv=+1.85 wide=+2.08 gfmed=0.661
  210 acq  m=4 hq=0.033 fail | Dr=-0.077/+0.515 |Dr|max=0.832 Df=-0.806 | g r=0.249 f=0.707 p=0.687(0.004) max=2.099 | Ld=-0.1960 base=-0.431 r1=0.0846 path=0.131 cap=0.0193 | Lg=+1.1834 | 2s | curv=+1.32 wide=+1.89 gfmed=0.687
  220 acq  m=5 hq=0.090 fail | Dr=-0.043/+0.118 |Dr|max=0.294 Df=-0.445 | g r=0.272 f=0.747 p=0.641(0.012) max=1.718 | Ld=-0.3424 base=-0.509 r1=0.0677 path=0.0516 cap=0.0475 | Lg=+1.0463 | 2s | curv=+1.87 wide=+2.07 gfmed=0.746
  230 acq  m=7 hq=0.058 fail | Dr=-0.046/+0.247 |Dr|max=0.484 Df=-0.497 | g r=0.257 f=0.727 p=0.649(0.007) max=1.811 | Ld=-0.2150 base=-0.396 r1=0.0967 path=0.0369 cap=0.0471 | Lg=+0.9532 | 2s | curv=+2.18 wide=+2.34 gfmed=0.750
  240 acq  m=4 hq=0.026 fail | Dr=-0.126/+0.165 |Dr|max=0.808 Df=-0.666 | g r=0.288 f=0.672 p=0.674(0.012) max=2.048 | Ld=-0.1970 base=-0.381 r1=0.0785 path=0.0167 cap=0.0885 | Lg=+0.9477 | 2s | curv=+2.03 wide=+2.22 gfmed=0.621
  250 acq  m=6 hq=0.206 fail | Dr=+0.033/+0.388 |Dr|max=0.596 Df=-0.384 | g r=0.249 f=0.609 p=0.644(0.008) max=1.703 | Ld=-0.4004 base=-0.558 r1=0.0869 path=0.00763 cap=0.0633 | Lg=+1.0456 | 2s | curv=+1.29 wide=+1.61 gfmed=0.622
  260 acq  m=6 hq=0.043 fail | Dr=+0.019/+0.387 |Dr|max=0.553 Df=-0.458 | g r=0.245 f=0.686 p=0.612(0.010) max=1.623 | Ld=-0.1789 base=-0.487 r1=0.136 path=0.106 cap=0.0662 | Lg=+1.0354 | 3s | curv=+1.93 wide=+2.05 gfmed=0.665
  270 acq  m=7 hq=0.025 fail | Dr=+0.102/+0.443 |Dr|max=0.546 Df=-0.401 | g r=0.182 f=0.674 p=0.613(0.011) max=1.746 | Ld=-0.2793 base=-0.389 r1=0.0657 path=0.0308 cap=0.0132 | Lg=+0.9824 | 3s | curv=+1.6 wide=+1.88 gfmed=0.685
  280 acq  m=8 hq=0.178 fail | Dr=+0.099/+0.574 |Dr|max=0.640 Df=-0.318 | g r=0.177 f=0.633 p=0.643(0.008) max=1.918 | Ld=-0.2883 base=-0.366 r1=0.0609 path=0.00345 cap=0.0134 | Lg=+0.9849 | 3s | curv=+1.82 wide=+2.11 gfmed=0.657
  290 acq  m=1 hq=0.052 fail | Dr=+0.026/+0.603 |Dr|max=0.698 Df=-0.468 | g r=0.234 f=0.494 p=0.567(0.007) max=1.914 | Ld=-0.3243 base=-0.431 r1=0.0496 path=0.0368 cap=0.0206 | Lg=+1.0459 | 3s | curv=+1.79 wide=+2 gfmed=0.455
  300 acq  m=8 hq=0.065 fail | Dr=+0.113/+0.624 |Dr|max=0.673 Df=-0.384 | g r=0.211 f=0.754 p=0.699(0.005) max=1.916 | Ld=-0.3075 base=-0.395 r1=0.0703 path=0.0011 cap=0.0159 | Lg=+1.0235 | 3s | curv=+1.99 wide=+2.32 gfmed=0.766
  310 acq  m=7 hq=0.092 fail | Dr=+0.124/+0.690 |Dr|max=0.690 Df=-0.309 | g r=0.200 f=0.723 p=0.657(0.008) max=2.037 | Ld=-0.3252 base=-0.475 r1=0.0795 path=0.0029 cap=0.0674 | Lg=+1.0064 | 3s | curv=+1.47 wide=+1.75 gfmed=0.735
  320 acq  m=8 hq=0.110 fail | Dr=+0.162/+0.544 |Dr|max=0.613 Df=-0.184 | g r=0.194 f=0.730 p=0.632(0.010) max=1.681 | Ld=-0.1697 base=-0.257 r1=0.0476 path=0.00999 cap=0.0293 | Lg=+0.8788 | 3s | curv=+1.83 wide=+2.07 gfmed=0.751
  330 acq  m=7 hq=0.222 fail | Dr=+0.143/+0.520 |Dr|max=0.601 Df=-0.222 | g r=0.223 f=0.700 p=0.661(0.014) max=1.769 | Ld=-0.2834 base=-0.416 r1=0.0642 path=0.0173 cap=0.0507 | Lg=+1.0050 | 3s | curv=+1.78 wide=+2.06 gfmed=0.727
  340 acq  m=3 hq=0.097 fail | Dr=+0.022/+0.532 |Dr|max=0.903 Df=-0.404 | g r=0.195 f=0.556 p=0.588(0.004) max=1.740 | Ld=-0.2905 base=-0.391 r1=0.0433 path=0.0484 cap=0.00849 | Lg=+1.0312 | 3s | curv=+1.03 wide=+1.46 gfmed=0.533
  350 acq  m=4 hq=0.106 fail | Dr=+0.008/+0.752 |Dr|max=1.102 Df=-0.399 | g r=0.194 f=0.535 p=0.608(0.010) max=1.769 | Ld=-0.2743 base=-0.351 r1=0.0474 path=0.0112 cap=0.0178 | Lg=+0.9838 | 3s | curv=+1.78 wide=+2.01 gfmed=0.481
  360 acq  m=8 hq=0.033 fail | Dr=+0.182/+0.808 |Dr|max=0.808 Df=-0.203 | g r=0.189 f=0.762 p=0.656(0.013) max=1.799 | Ld=-0.1825 base=-0.311 r1=0.0504 path=0.0162 cap=0.0624 | Lg=+0.9271 | 3s | curv=+1.44 wide=+1.67 gfmed=0.731
  370 acq  m=7 hq=0.190 fail | Dr=+0.135/+0.671 |Dr|max=0.804 Df=-0.186 | g r=0.187 f=0.585 p=0.606(0.003) max=1.609 | Ld=-0.1919 base=-0.281 r1=0.0466 path=0.025 cap=0.0177 | Lg=+0.9252 | 3s | curv=+1.64 wide=+1.97 gfmed=0.623
  380 acq  m=7 hq=0.120 fail | Dr=+0.252/+0.983 |Dr|max=0.983 Df=-0.066 | g r=0.149 f=0.629 p=0.643(0.014) max=2.055 | Ld=-0.1915 base=-0.244 r1=0.0378 path=0.0048 cap=0.00943 | Lg=+0.9152 | 3s | curv=+1.23 wide=+1.63 gfmed=0.664
  390 acq  m=6 hq=0.041 fail | Dr=+0.113/+0.869 |Dr|max=1.002 Df=-0.272 | g r=0.166 f=0.728 p=0.638(0.001) max=1.896 | Ld=-0.2381 base=-0.324 r1=0.0511 path=0.0283 cap=0.00634 | Lg=+0.9844 | 3s | curv=+1.38 wide=+1.73 gfmed=0.749
  400 acq  m=6 hq=0.161 fail | Dr=+0.081/+0.852 |Dr|max=1.007 Df=-0.303 | g r=0.191 f=0.576 p=0.611(0.010) max=1.843 | Ld=-0.2184 base=-0.302 r1=0.0491 path=0.0263 cap=0.00855 | Lg=+0.9774 | 3s | curv=+1.68 wide=+1.94 gfmed=0.545
  410 acq  m=8 hq=0.455 fail | Dr=+0.118/+0.654 |Dr|max=0.757 Df=-0.090 | g r=0.188 f=0.476 p=0.619(0.010) max=1.816 | Ld=-0.1461 base=-0.247 r1=0.0573 path=0.0102 cap=0.0333 | Lg=+0.8884 | 4s | curv=+1.01 wide=+1.27 gfmed=0.473
  420 acq  m=5 hq=0.031 fail | Dr=+0.289/+1.107 |Dr|max=1.107 Df=-0.156 | g r=0.178 f=0.648 p=0.680(0.006) max=1.957 | Ld=-0.1885 base=-0.251 r1=0.0391 path=0.0138 cap=0.00989 | Lg=+0.9928 | 4s | curv=+1.39 wide=+1.65 gfmed=0.661
  430 acq  m=8 hq=0.377 fail | Dr=+0.298/+1.050 |Dr|max=1.050 Df=+0.081 | g r=0.187 f=0.500 p=0.659(0.001) max=2.112 | Ld=-0.1854 base=-0.276 r1=0.0645 path=0.0223 cap=0.00373 | Lg=+0.9688 | 4s | curv=+1.47 wide=+1.71 gfmed=0.477
  440 acq  m=8 hq=0.343 fail | Dr=+0.254/+1.126 |Dr|max=1.126 Df=-0.000 | g r=0.156 f=0.529 p=0.648(0.002) max=2.047 | Ld=-0.1972 base=-0.251 r1=0.0402 path=0.00335 cap=0.0106 | Lg=+1.0068 | 4s | curv=+1.36 wide=+1.58 gfmed=0.558
  450 acq  m=4 hq=0.139 fail | Dr=+0.316/+1.207 |Dr|max=1.207 Df=-0.098 | g r=0.176 f=0.694 p=0.709(0.018) max=2.196 | Ld=-0.2948 base=-0.385 r1=0.0633 path=0.0204 cap=0.00649 | Lg=+1.0976 | 4s | curv=+1.54 wide=+1.89 gfmed=0.755
  460 acq  m=5 hq=0.092 fail | Dr=+0.135/+1.092 |Dr|max=1.237 Df=-0.245 | g r=0.201 f=0.667 p=0.694(0.019) max=2.610 | Ld=-0.1977 base=-0.264 r1=0.0469 path=0.0124 cap=0.00703 | Lg=+1.0514 | 4s | curv=+1.58 wide=+1.89 gfmed=0.673
  470 acq  m=6 hq=0.076 fail | Dr=+0.260/+1.098 |Dr|max=1.098 Df=-0.058 | g r=0.171 f=0.681 p=0.689(0.005) max=2.346 | Ld=-0.1451 base=-0.254 r1=0.0595 path=0.041 cap=0.00878 | Lg=+0.9636 | 4s | curv=+1.19 wide=+1.48 gfmed=0.732
  480 acq  m=7 hq=0.107 fail | Dr=+0.255/+1.305 |Dr|max=1.305 Df=-0.103 | g r=0.164 f=0.588 p=0.683(0.003) max=2.472 | Ld=-0.1698 base=-0.237 r1=0.0399 path=0.0166 cap=0.0112 | Lg=+0.9888 | 4s | curv=+1.52 wide=+1.73 gfmed=0.605
  490 acq  m=8 hq=0.476 fail | Dr=+0.248/+1.563 |Dr|max=1.563 Df=-0.017 | g r=0.190 f=0.602 p=0.765(0.006) max=2.754 | Ld=-0.3043 base=-0.376 r1=0.0554 path=0.0057 cap=0.0106 | Lg=+1.0981 | 4s | curv=+1.7 wide=+2.01 gfmed=0.516
  500 acq  m=6 hq=0.157 fail | Dr=+0.097/+1.365 |Dr|max=1.397 Df=-0.257 | g r=0.158 f=0.577 p=0.708(0.005) max=2.749 | Ld=-0.1900 base=-0.28 r1=0.0348 path=0.0493 cap=0.00584 | Lg=+1.0899 | 4s | curv=+1.14 wide=+1.43 gfmed=0.631
  510 acq  m=6 hq=0.321 fail | Dr=+0.471/+1.298 |Dr|max=1.298 Df=+0.099 | g r=0.161 f=0.513 p=0.714(0.005) max=2.594 | Ld=-0.2390 base=-0.306 r1=0.0366 path=0.0126 cap=0.0179 | Lg=+0.9972 | 4s | curv=+1.38 wide=+1.6 gfmed=0.516
  520 acq  m=8 hq=0.484 fail | Dr=+0.232/+1.566 |Dr|max=1.566 Df=-0.012 | g r=0.202 f=0.421 p=0.767(0.012) max=2.829 | Ld=-0.2938 base=-0.371 r1=0.044 path=0.0151 cap=0.0184 | Lg=+1.2368 | 4s | curv=+1.55 wide=+1.72 gfmed=0.376
  530 acq  m=8 hq=0.186 fail | Dr=+0.545/+2.205 |Dr|max=2.205 Df=+0.234 | g r=0.154 f=0.676 p=0.819(0.008) max=3.511 | Ld=-0.2665 base=-0.341 r1=0.0414 path=0.0188 cap=0.0139 | Lg=+1.2089 | 5s | curv=+1.24 wide=+1.53 gfmed=0.682
  540 acq  m=6 hq=0.456 fail | Dr=+0.177/+1.804 |Dr|max=1.804 Df=-0.198 | g r=0.204 f=0.455 p=0.878(0.007) max=3.539 | Ld=+0.0200 base=-0.303 r1=0.0731 path=0.205 cap=0.0456 | Lg=+1.1864 | 5s | curv=+0.841 wide=+1.08 gfmed=0.375
  550 acq  m=8 hq=0.836 fail | Dr=+0.445/+2.327 |Dr|max=2.327 Df=+0.197 | g r=0.120 f=0.212 p=0.819(0.004) max=3.526 | Ld=-0.1337 base=-0.235 r1=0.0247 path=0.0457 cap=0.0313 | Lg=+1.2027 | 5s | curv=+0.846 wide=+1.14 gfmed=0.113
  560 acq  m=8 hq=0.640 fail | Dr=+0.567/+2.299 |Dr|max=2.299 Df=+0.295 | g r=0.116 f=0.338 p=0.798(0.003) max=3.564 | Ld=-0.1430 base=-0.245 r1=0.0589 path=0.0277 cap=0.0157 | Lg=+1.1611 | 5s | curv=+0.973 wide=+1.15 gfmed=0.236
  570 acq  m=8 hq=0.744 fail | Dr=+0.303/+2.452 |Dr|max=2.452 Df=+0.041 | g r=0.130 f=0.233 p=0.818(0.003) max=4.100 | Ld=-0.2467 base=-0.31 r1=0.0349 path=0.0177 cap=0.0111 | Lg=+1.2666 | 5s | curv=+0.967 wide=+1.21 gfmed=0.147
  580 acq  m=8 hq=0.532 fail | Dr=+0.379/+1.595 |Dr|max=1.595 Df=+0.171 | g r=0.202 f=0.402 p=0.729(0.007) max=2.749 | Ld=+0.2705 base=-0.24 r1=0.14 path=0.104 cap=0.267 | Lg=+1.0100 | 5s | curv=+1.1 wide=+1.25 gfmed=0.283
  590 acq  m=8 hq=0.815 fail | Dr=+0.398/+1.636 |Dr|max=1.636 Df=+0.220 | g r=0.106 f=0.199 p=0.687(0.001) max=2.490 | Ld=-0.1338 base=-0.182 r1=0.022 path=0.00886 cap=0.0178 | Lg=+0.9669 | 5s | curv=+0.967 wide=+1.2 gfmed=0.098
  600 acq  m=8 hq=0.529 fail | Dr=+0.494/+1.825 |Dr|max=1.825 Df=+0.261 | g r=0.134 f=0.434 p=0.755(0.003) max=2.688 | Ld=-0.1233 base=-0.202 r1=0.043 path=0.0188 cap=0.0171 | Lg=+1.0008 | 5s | curv=+1.08 wide=+1.34 gfmed=0.264
  610 acq  m=8 hq=0.503 fail | Dr=+0.419/+1.747 |Dr|max=1.747 Df=+0.158 | g r=0.144 f=0.365 p=0.744(0.001) max=2.595 | Ld=-0.2531 base=-0.301 r1=0.0261 path=0.0116 cap=0.00977 | Lg=+1.0926 | 5s | curv=+0.927 wide=+1.2 gfmed=0.248
  620 acq  m=5 hq=0.260 fail | Dr=+0.354/+1.305 |Dr|max=1.305 Df=+0.000 | g r=0.152 f=0.491 p=0.739(0.008) max=2.926 | Ld=-0.2131 base=-0.31 r1=0.033 path=0.0381 cap=0.0255 | Lg=+1.0456 | 5s | curv=+1.31 wide=+1.49 gfmed=0.455
  630 acq  m=3 hq=0.171 fail | Dr=+0.284/+1.261 |Dr|max=1.261 Df=-0.034 | g r=0.181 f=0.659 p=0.742(0.010) max=2.894 | Ld=-0.0087 base=-0.335 r1=0.104 path=0.0714 cap=0.151 | Lg=+1.0010 | 5s | curv=+1.17 wide=+1.44 gfmed=0.683
  640 acq  m=4 hq=0.146 fail | Dr=+0.100/+1.059 |Dr|max=1.345 Df=-0.178 | g r=0.136 f=0.599 p=0.721(0.003) max=2.961 | Ld=-0.1948 base=-0.251 r1=0.0357 path=0.0126 cap=0.00752 | Lg=+0.9616 | 6s | curv=+1.34 wide=+1.61 gfmed=0.611
  650 acq  m=6 hq=0.165 fail | Dr=+0.267/+1.070 |Dr|max=1.194 Df=-0.016 | g r=0.135 f=0.642 p=0.742(0.003) max=2.895 | Ld=-0.2450 base=-0.297 r1=0.0356 path=0.00758 cap=0.00919 | Lg=+0.9884 | 6s | curv=+1.18 wide=+1.44 gfmed=0.643
  660 acq  m=8 hq=0.541 fail | Dr=+0.365/+1.501 |Dr|max=1.501 Df=+0.158 | g r=0.114 f=0.324 p=0.691(0.001) max=3.086 | Ld=-0.1702 base=-0.215 r1=0.0267 path=0.00741 cap=0.0107 | Lg=+0.9547 | 6s | curv=+0.872 wide=+1.16 gfmed=0.225
  670 acq  m=8 hq=0.379 fail | Dr=-0.120/+1.069 |Dr|max=1.979 Df=-0.294 | g r=0.177 f=0.370 p=0.733(0.005) max=3.567 | Ld=-0.0737 base=-0.244 r1=0.056 path=0.0768 cap=0.0372 | Lg=+1.1119 | 6s | curv=+0.804 wide=+1.07 gfmed=0.305
  680 acq  m=8 hq=0.731 fail | Dr=+0.272/+1.390 |Dr|max=1.721 Df=+0.087 | g r=0.109 f=0.238 p=0.699(0.006) max=3.420 | Ld=-0.1482 base=-0.171 r1=0.0189 path=0.002 cap=0.00153 | Lg=+0.9582 | 6s | curv=+0.862 wide=+1.09 gfmed=0.117
  690 acq  m=8 hq=0.583 fail | Dr=+0.384/+2.320 |Dr|max=2.320 Df=+0.145 | g r=0.168 f=0.478 p=0.819(0.002) max=4.818 | Ld=-0.2576 base=-0.299 r1=0.0248 path=0.00458 cap=0.012 | Lg=+1.1377 | 6s | curv=+0.932 wide=+1.18 gfmed=0.416
  700 acq  m=7 hq=0.287 fail | Dr=+0.305/+2.143 |Dr|max=2.143 Df=-0.023 | g r=0.136 f=0.485 p=0.820(0.006) max=4.376 | Ld=-0.2212 base=-0.267 r1=0.0264 path=0.000624 cap=0.0187 | Lg=+1.0410 | 6s | curv=+0.963 wide=+1.22 gfmed=0.541
  710 acq  m=8 hq=0.842 fail | Dr=+0.206/+1.232 |Dr|max=1.797 Df=+0.023 | g r=0.100 f=0.223 p=0.749(0.003) max=3.398 | Ld=-0.1314 base=-0.184 r1=0.0246 path=0.00687 cap=0.0214 | Lg=+0.9535 | 6s | curv=+0.758 wide=+1 gfmed=0.108
  720 acq  m=8 hq=0.742 fail | Dr=+0.077/+1.503 |Dr|max=2.100 Df=-0.124 | g r=0.178 f=0.305 p=0.749(0.003) max=4.117 | Ld=-0.1902 base=-0.36 r1=0.0575 path=0.00988 cap=0.102 | Lg=+1.0661 | 6s | curv=+0.917 wide=+1.12 gfmed=0.215
  730 acq  m=8 hq=0.730 fail | Dr=+0.159/+1.803 |Dr|max=2.924 Df=-0.071 | g r=0.154 f=0.259 p=0.876(0.004) max=4.715 | Ld=-0.1953 base=-0.296 r1=0.0389 path=0.00117 cap=0.0612 | Lg=+1.1709 | 6s | curv=+0.42 wide=+0.661 gfmed=0.180
  740 acq  m=7 hq=0.456 fail | Dr=+0.483/+2.016 |Dr|max=2.016 Df=+0.212 | g r=0.107 f=0.499 p=0.816(0.003) max=3.678 | Ld=-0.1662 base=-0.21 r1=0.0225 path=0.00931 cap=0.0116 | Lg=+1.0184 | 6s | curv=+0.859 wide=+1.12 gfmed=0.452
  750 acq  m=8 hq=0.709 fail | Dr=+0.374/+2.374 |Dr|max=2.374 Df=+0.142 | g r=0.123 f=0.284 p=0.799(0.002) max=4.169 | Ld=-0.1884 base=-0.228 r1=0.0273 path=0.00257 cap=0.00977 | Lg=+1.0355 | 6s | curv=+0.688 wide=+0.937 gfmed=0.183
  760 acq  m=8 hq=0.460 fail | Dr=+0.046/+1.030 |Dr|max=2.160 Df=-0.120 | g r=0.165 f=0.535 p=0.800(0.003) max=3.477 | Ld=+0.2356 base=-0.212 r1=0.114 path=0.199 cap=0.134 | Lg=+1.0550 | 6s | curv=+0.92 wide=+1.2 gfmed=0.431
  770 acq  m=6 hq=0.439 fail | Dr=+0.330/+1.733 |Dr|max=1.733 Df=+0.064 | g r=0.113 f=0.349 p=0.776(0.003) max=3.395 | Ld=-0.1737 base=-0.204 r1=0.0205 path=0.00598 cap=0.00376 | Lg=+1.0646 | 7s | curv=+0.74 wide=+1.05 gfmed=0.204
  780 acq  m=5 hq=0.440 fail | Dr=+0.518/+1.963 |Dr|max=1.963 Df=+0.225 | g r=0.117 f=0.386 p=0.834(0.004) max=3.926 | Ld=-0.2099 base=-0.292 r1=0.0248 path=0.0219 cap=0.035 | Lg=+1.0973 | 7s | curv=+0.784 wide=+1.04 gfmed=0.285
  790 acq  m=8 hq=0.837 fail | Dr=+0.417/+1.982 |Dr|max=1.982 Df=+0.212 | g r=0.108 f=0.219 p=0.840(0.004) max=3.921 | Ld=-0.1919 base=-0.23 r1=0.0286 path=0.00184 cap=0.00766 | Lg=+1.0604 | 7s | curv=+0.718 wide=+0.977 gfmed=0.089
  800 acq  m=8 hq=0.496 fail | Dr=+0.614/+2.150 |Dr|max=2.150 Df=+0.403 | g r=0.140 f=0.330 p=0.815(0.004) max=3.489 | Ld=-0.0766 base=-0.13 r1=0.0252 path=0.0154 cap=0.013 | Lg=+1.0170 | 7s | curv=+0.65 wide=+0.889 gfmed=0.194
  810 acq  m=5 hq=0.048 fail | Dr=-0.087/+1.316 |Dr|max=2.386 Df=-0.419 | g r=0.270 f=0.647 p=0.993(0.014) max=3.787 | Ld=+0.2970 base=-0.226 r1=0.0485 path=0.219 cap=0.255 | Lg=+1.1487 | 7s | curv=+1.02 wide=+1.25 gfmed=0.584
  820 acq  m=7 hq=0.585 fail | Dr=+0.459/+1.689 |Dr|max=1.689 Df=+0.254 | g r=0.096 f=0.292 p=0.820(0.002) max=3.302 | Ld=-0.0964 base=-0.148 r1=0.0157 path=0.0266 cap=0.00966 | Lg=+0.9890 | 7s | curv=+0.639 wide=+0.825 gfmed=0.124
  830 acq  m=5 hq=0.295 fail | Dr=+0.803/+2.803 |Dr|max=2.803 Df=+0.485 | g r=0.162 f=0.598 p=0.923(0.007) max=3.292 | Ld=-0.1222 base=-0.2 r1=0.0418 path=0.0184 cap=0.0173 | Lg=+1.1302 | 7s | curv=+0.688 wide=+0.861 gfmed=0.431
  840 acq  m=7 hq=0.693 fail | Dr=+0.894/+3.380 |Dr|max=3.380 Df=+0.687 | g r=0.206 f=0.292 p=0.976(0.005) max=4.353 | Ld=-0.1390 base=-0.189 r1=0.018 path=0.00974 cap=0.0218 | Lg=+1.1891 | 7s | curv=+0.551 wide=+0.694 gfmed=0.250
  850 acq  m=7 hq=0.639 fail | Dr=+0.700/+3.158 |Dr|max=3.158 Df=+0.513 | g r=0.148 f=0.246 p=1.030(0.006) max=4.978 | Ld=-0.1180 base=-0.164 r1=0.0229 path=0.0149 cap=0.00831 | Lg=+1.2003 | 7s | curv=+0.342 wide=+0.525 gfmed=0.197
  860 acq  m=6 hq=0.311 fail | Dr=-0.013/+1.194 |Dr|max=1.621 Df=-0.311 | g r=0.231 f=0.356 p=0.917(0.005) max=4.021 | Ld=+0.0557 base=-0.295 r1=0.0387 path=0.115 cap=0.197 | Lg=+1.0934 | 7s | curv=+1.57 wide=+1.69 gfmed=0.284
  870 acq  m=8 hq=0.932 PASS | Dr=+0.540/+1.912 |Dr|max=1.912 Df=+0.397 | g r=0.090 f=0.137 p=0.916(0.001) max=3.839 | Ld=-0.0960 base=-0.119 r1=0.0165 path=0.00344 cap=0.00329 | Lg=+1.0611 | 7s | curv=+0.586 wide=+0.884 gfmed=0.077
  880 acq  m=8 hq=0.927 PASS | Dr=+0.497/+1.960 |Dr|max=1.960 Df=+0.327 | g r=0.115 f=0.145 p=0.949(0.001) max=3.958 | Ld=-0.0774 base=-0.132 r1=0.0403 path=0.00733 cap=0.00706 | Lg=+1.1437 | 7s | curv=+0.331 wide=+0.58 gfmed=0.104
  890 acq  m=8 hq=0.957 PASS | Dr=+0.705/+2.295 |Dr|max=2.295 Df=+0.538 | g r=0.079 f=0.094 p=0.886(0.002) max=4.262 | Ld=-0.1297 base=-0.153 r1=0.0178 path=0.00275 cap=0.00237 | Lg=+1.0648 | 8s | curv=+0.585 wide=+0.787 gfmed=0.064
  900 acq  m=8 hq=0.907 PASS | Dr=+0.951/+3.212 |Dr|max=3.212 Df=+0.741 | g r=0.111 f=0.129 p=0.985(0.003) max=5.724 | Ld=-0.0723 base=-0.113 r1=0.0221 path=0.00709 cap=0.0115 | Lg=+1.1695 | 8s | curv=+0.0687 wide=+0.369 gfmed=0.090
  910 acq  m=7 hq=0.809 fail | Dr=+0.740/+2.588 |Dr|max=2.588 Df=+0.535 | g r=0.133 f=0.183 p=0.999(0.002) max=5.037 | Ld=-0.0157 base=-0.0963 r1=0.0679 path=0.00494 cap=0.00783 | Lg=+1.1599 | 8s | curv=+0.541 wide=+0.725 gfmed=0.132
  920 acq  m=8 hq=0.650 fail | Dr=+0.518/+1.417 |Dr|max=1.417 Df=+0.353 | g r=0.151 f=0.328 p=0.758(0.004) max=3.084 | Ld=-0.0202 base=-0.133 r1=0.0529 path=0.0313 cap=0.0285 | Lg=+0.9676 | 8s | curv=+1.28 wide=+1.39 gfmed=0.206
  930 acq  m=7 hq=0.415 fail | Dr=+0.354/+1.233 |Dr|max=1.233 Df=+0.197 | g r=0.123 f=0.337 p=0.722(0.002) max=2.724 | Ld=-0.0802 base=-0.127 r1=0.0228 path=0.011 cap=0.0128 | Lg=+0.9835 | 8s | curv=+0.895 wide=+1.05 gfmed=0.274
  940 acq  m=5 hq=0.305 fail | Dr=+0.430/+1.562 |Dr|max=1.779 Df=+0.196 | g r=0.143 f=0.478 p=0.814(0.002) max=2.921 | Ld=-0.1629 base=-0.206 r1=0.0273 path=0.00831 cap=0.00709 | Lg=+1.0677 | 8s | curv=+0.814 wide=+1.04 gfmed=0.283
  950 acq  m=8 hq=0.641 fail | Dr=+0.381/+1.515 |Dr|max=1.515 Df=+0.240 | g r=0.103 f=0.252 p=0.709(0.003) max=2.793 | Ld=-0.1004 base=-0.165 r1=0.023 path=0.0128 cap=0.0286 | Lg=+0.9504 | 8s | curv=+0.635 wide=+0.814 gfmed=0.144
  960 acq  m=8 hq=0.915 PASS | Dr=+0.484/+1.815 |Dr|max=1.815 Df=+0.353 | g r=0.105 f=0.142 p=0.736(0.001) max=2.890 | Ld=-0.1822 base=-0.237 r1=0.02 path=0.0112 cap=0.0234 | Lg=+1.0067 | 8s | curv=+0.857 wide=+1.02 gfmed=0.095
  970 acq  m=8 hq=0.921 PASS | Dr=+0.616/+2.035 |Dr|max=2.035 Df=+0.464 | g r=0.127 f=0.156 p=0.835(0.004) max=3.230 | Ld=-0.1241 base=-0.145 r1=0.0173 path=0.00132 cap=0.00256 | Lg=+1.0763 | 8s | curv=+0.294 wide=+0.546 gfmed=0.108
  980 acq  m=8 hq=0.906 PASS | Dr=+0.635/+3.550 |Dr|max=3.550 Df=+0.437 | g r=0.119 f=0.124 p=0.850(0.004) max=4.843 | Ld=-0.1271 base=-0.17 r1=0.0295 path=0.0109 cap=0.0026 | Lg=+1.0791 | 8s | curv=+0.185 wide=+0.406 gfmed=0.084
  990 acq  m=8 hq=0.883 fail | Dr=+0.636/+2.859 |Dr|max=2.859 Df=+0.469 | g r=0.086 f=0.143 p=0.759(0.002) max=3.333 | Ld=-0.0825 base=-0.12 r1=0.0291 path=0.00561 cap=0.00313 | Lg=+1.0401 | 8s | curv=+0.53 wide=+0.661 gfmed=0.078
 1000 acq  m=8 hq=0.937 PASS | Dr=+0.631/+3.184 |Dr|max=3.184 Df=+0.440 | g r=0.091 f=0.081 p=0.876(0.002) max=4.323 | Ld=-0.0952 base=-0.143 r1=0.0155 path=0.00336 cap=0.0288 | Lg=+1.1577 | 8s | curv=+0.157 wide=+0.402 gfmed=0.057
 1010 acq  m=8 hq=0.953 PASS | Dr=+0.761/+4.036 |Dr|max=4.036 Df=+0.547 | g r=0.142 f=0.163 p=0.979(0.005) max=4.996 | Ld=-0.1097 base=-0.14 r1=0.0164 path=0.00741 cap=0.00671 | Lg=+1.2422 | 9s | curv=+0.168 wide=+0.393 gfmed=0.128
 1020 acq  m=8 hq=0.964 PASS | Dr=+0.656/+3.257 |Dr|max=3.257 Df=+0.455 | g r=0.103 f=0.127 p=0.986(0.001) max=5.069 | Ld=-0.0651 base=-0.153 r1=0.0354 path=0.0159 cap=0.0368 | Lg=+1.2802 | 9s | curv=+0.147 wide=+0.387 gfmed=0.101
 1030 acq  m=8 hq=0.882 fail | Dr=+0.658/+2.239 |Dr|max=2.239 Df=+0.515 | g r=0.104 f=0.180 p=0.905(0.006) max=4.608 | Ld=-0.1156 base=-0.171 r1=0.0227 path=0.0171 cap=0.0153 | Lg=+1.1680 | 9s | curv=+0.513 wide=+0.683 gfmed=0.139
 1040 acq  m=8 hq=0.942 PASS | Dr=+0.690/+2.527 |Dr|max=2.527 Df=+0.523 | g r=0.127 f=0.151 p=0.965(0.000) max=4.758 | Ld=-0.1286 base=-0.162 r1=0.0202 path=0.00294 cap=0.0102 | Lg=+1.1419 | 9s | curv=+0.243 wide=+0.437 gfmed=0.116
 1050 acq  m=8 hq=0.916 PASS | Dr=+0.436/+2.575 |Dr|max=2.575 Df=+0.320 | g r=0.112 f=0.141 p=0.944(0.002) max=4.421 | Ld=-0.0457 base=-0.115 r1=0.0304 path=0.0172 cap=0.0222 | Lg=+1.2270 | 9s | curv=+0.391 wide=+0.532 gfmed=0.103
 1060 acq  m=7 hq=0.416 fail | Dr=+0.343/+2.236 |Dr|max=2.236 Df=+0.152 | g r=0.183 f=0.446 p=0.967(0.005) max=4.873 | Ld=-0.0165 base=-0.211 r1=0.0871 path=0.0858 cap=0.0216 | Lg=+1.2133 | 9s | curv=+0.814 wide=+1.02 gfmed=0.306
 1070 acq  m=8 hq=0.958 PASS | Dr=+0.389/+2.775 |Dr|max=2.775 Df=+0.288 | g r=0.085 f=0.094 p=0.930(0.002) max=4.922 | Ld=-0.0660 base=-0.082 r1=0.0089 path=0.00608 cap=0.000959 | Lg=+1.2450 | 9s | curv=+0.194 wide=+0.447 gfmed=0.075
 1080 acq  m=7 hq=0.647 fail | Dr=+0.853/+3.003 |Dr|max=3.003 Df=+0.722 | g r=0.117 f=0.199 p=0.975(0.006) max=4.416 | Ld=-0.1164 base=-0.198 r1=0.0327 path=0.0256 cap=0.0237 | Lg=+1.2390 | 9s | curv=+0.467 wide=+0.601 gfmed=0.152
 1090 acq  m=7 hq=0.678 fail | Dr=+0.525/+2.113 |Dr|max=2.113 Df=+0.367 | g r=0.097 f=0.347 p=0.901(0.002) max=4.737 | Ld=-0.1926 base=-0.268 r1=0.0216 path=0.0333 cap=0.0201 | Lg=+1.1117 | 9s | curv=+0.812 wide=+1.01 gfmed=0.194
 1100 acq  m=8 hq=0.787 fail | Dr=+0.700/+1.943 |Dr|max=1.943 Df=+0.576 | g r=0.106 f=0.204 p=0.837(0.005) max=4.229 | Ld=-0.0116 base=-0.0618 r1=0.0219 path=0.00794 cap=0.0204 | Lg=+0.9463 | 9s | curv=+0.877 wide=+1.01 gfmed=0.142
 1110 acq  m=8 hq=0.497 fail | Dr=+0.744/+2.318 |Dr|max=2.318 Df=+0.572 | g r=0.096 f=0.397 p=0.937(0.001) max=4.311 | Ld=-0.1205 base=-0.182 r1=0.033 path=0.0216 cap=0.00657 | Lg=+1.1031 | 9s | curv=+0.549 wide=+0.735 gfmed=0.192
 1120 acq  m=6 hq=0.506 fail | Dr=+0.984/+2.561 |Dr|max=2.561 Df=+0.775 | g r=0.102 f=0.391 p=0.981(0.003) max=4.740 | Ld=-0.1010 base=-0.133 r1=0.0191 path=0.00825 cap=0.0049 | Lg=+1.0983 | 10s | curv=+0.754 wide=+0.891 gfmed=0.263
 1130 acq  m=3 hq=0.126 fail | Dr=+0.138/+2.372 |Dr|max=2.372 Df=-0.167 | g r=0.237 f=0.584 p=1.041(0.001) max=4.971 | Ld=+0.0217 base=-0.201 r1=0.0375 path=0.129 cap=0.056 | Lg=+1.2160 | 10s | curv=+1.21 wide=+1.33 gfmed=0.517
 1140 acq  m=8 hq=0.515 fail | Dr=+0.723/+2.281 |Dr|max=2.281 Df=+0.562 | g r=0.092 f=0.327 p=0.829(0.004) max=5.196 | Ld=-0.1147 base=-0.147 r1=0.0178 path=0.00604 cap=0.00808 | Lg=+0.9784 | 10s | curv=+0.788 wide=+0.988 gfmed=0.180
 1150 acq  m=8 hq=0.701 fail | Dr=+0.494/+2.330 |Dr|max=2.330 Df=+0.360 | g r=0.103 f=0.221 p=0.789(0.002) max=5.457 | Ld=-0.0336 base=-0.0868 r1=0.0277 path=0.0117 cap=0.0138 | Lg=+0.9859 | 10s | curv=+0.836 wide=+0.986 gfmed=0.118
 1160 acq  m=8 hq=0.925 PASS | Dr=+0.344/+2.806 |Dr|max=2.806 Df=+0.213 | g r=0.091 f=0.124 p=0.739(0.002) max=5.710 | Ld=-0.0987 base=-0.13 r1=0.014 path=0.0114 cap=0.00575 | Lg=+1.0872 | 10s | curv=+0.725 wide=+0.843 gfmed=0.089
 1170 acq  m=8 hq=0.958 PASS | Dr=+0.295/+2.586 |Dr|max=2.586 Df=+0.168 | g r=0.105 f=0.115 p=0.764(0.002) max=5.237 | Ld=-0.0327 base=-0.0951 r1=0.0189 path=0.00162 cap=0.0418 | Lg=+1.0783 | 10s | curv=+0.348 wide=+0.543 gfmed=0.077
 1180 acq  m=8 hq=0.951 PASS | Dr=+0.294/+1.991 |Dr|max=2.005 Df=+0.186 | g r=0.099 f=0.112 p=0.792(0.005) max=4.793 | Ld=-0.0168 base=-0.0688 r1=0.0206 path=0.0181 cap=0.0133 | Lg=+1.0404 | 10s | curv=+0.179 wide=+0.387 gfmed=0.099
 1190 acq  m=8 hq=0.983 PASS | Dr=+0.475/+2.558 |Dr|max=2.558 Df=+0.346 | g r=0.071 f=0.074 p=0.816(0.001) max=5.529 | Ld=-0.0702 base=-0.0875 r1=0.0106 path=0.000697 cap=0.00598 | Lg=+1.1392 | 10s | curv=+0.0315 wide=+0.199 gfmed=0.053
 1200 acq  m=8 hq=0.843 fail | Dr=+0.189/+1.410 |Dr|max=1.433 Df=+0.123 | g r=0.116 f=0.171 p=0.825(0.001) max=3.095 | Ld=+0.0458 base=-0.0406 r1=0.0268 path=0.0324 cap=0.0272 | Lg=+0.9647 | 10s | curv=+0.642 wide=+0.793 gfmed=0.112
 1210 hold m=8 hq=0.976 PASS | Dr=+0.543/+3.160 |Dr|max=3.160 Df=+0.456 | g r=0.100 f=0.125 p=0.991(0.002) max=4.239 | Ld=-0.1871 base=-0.205 r1=0.0128 path=0.00177 cap=0.00296 | Lg=+1.3178 | 10s | curv=+0.092 wide=+0.224 gfmed=0.089
 1220 hold m=8 hq=0.964 PASS | Dr=+0.508/+2.566 |Dr|max=2.566 Df=+0.400 | g r=0.103 f=0.117 p=0.833(0.003) max=4.546 | Ld=-0.0610 base=-0.0738 r1=0.0122 path=0.000652 cap=5.6e-06 | Lg=+1.0071 | 10s | curv=+0.133 wide=+0.288 gfmed=0.090
 1230 hold m=8 hq=0.936 PASS | Dr=+0.428/+2.202 |Dr|max=2.202 Df=+0.324 | g r=0.074 f=0.096 p=0.819(0.001) max=4.466 | Ld=-0.0493 base=-0.103 r1=0.0193 path=0.015 cap=0.0196 | Lg=+1.0354 | 10s | curv=+0.256 wide=+0.445 gfmed=0.063
 1240 hold m=8 hq=0.855 fail | Dr=+0.548/+2.159 |Dr|max=2.159 Df=+0.473 | g r=0.087 f=0.143 p=0.825(0.003) max=3.304 | Ld=-0.0747 base=-0.105 r1=0.0142 path=0.00778 cap=0.00883 | Lg=+1.0530 | 10s | curv=+0.461 wide=+0.628 gfmed=0.085
 1250 hold m=8 hq=0.978 PASS | Dr=+0.499/+2.088 |Dr|max=2.088 Df=+0.411 | g r=0.090 f=0.097 p=0.858(0.001) max=3.926 | Ld=-0.0823 base=-0.127 r1=0.00998 path=0.013 cap=0.0217 | Lg=+1.0948 | 11s | curv=+0.253 wide=+0.451 gfmed=0.073
 1260 hold m=8 hq=0.929 PASS | Dr=+0.422/+2.411 |Dr|max=2.451 Df=+0.339 | g r=0.101 f=0.114 p=0.926(0.000) max=3.936 | Ld=-0.0922 base=-0.112 r1=0.0168 path=0.00339 cap=1.32e-05 | Lg=+1.2238 | 11s | curv=+0.0747 wide=+0.248 gfmed=0.092
 1270 hold m=7 hq=0.738 fail | Dr=+0.590/+1.955 |Dr|max=1.955 Df=+0.494 | g r=0.131 f=0.191 p=0.842(0.005) max=4.074 | Ld=+0.2963 base=-0.0739 r1=0.0674 path=0.207 cap=0.0962 | Lg=+1.0396 | 11s | curv=+0.63 wide=+0.707 gfmed=0.120
 1280 hold m=8 hq=0.951 PASS | Dr=+0.455/+2.026 |Dr|max=2.479 Df=+0.353 | g r=0.078 f=0.109 p=0.895(0.001) max=4.148 | Ld=-0.1485 base=-0.159 r1=0.00846 path=0.00196 cap=5.37e-05 | Lg=+1.1234 | 11s | curv=+0.416 wide=+0.543 gfmed=0.079
 1290 hold m=8 hq=0.950 PASS | Dr=+0.320/+1.815 |Dr|max=3.126 Df=+0.206 | g r=0.121 f=0.130 p=0.941(0.003) max=4.818 | Ld=-0.1163 base=-0.136 r1=0.0117 path=0.00131 cap=0.00636 | Lg=+1.1806 | 11s | curv=+0.361 wide=+0.457 gfmed=0.093
 1300 hold m=7 hq=0.809 fail | Dr=+0.394/+2.255 |Dr|max=2.973 Df=+0.271 | g r=0.118 f=0.146 p=0.943(0.002) max=5.690 | Ld=-0.1447 base=-0.177 r1=0.0165 path=0.00438 cap=0.0114 | Lg=+1.2565 | 11s | curv=+0.269 wide=+0.388 gfmed=0.090
 1310 hold m=6 hq=0.526 fail | Dr=+0.610/+2.099 |Dr|max=2.099 Df=+0.444 | g r=0.188 f=0.256 p=0.879(0.003) max=4.708 | Ld=+0.4694 base=-0.133 r1=0.033 path=0.446 cap=0.123 | Lg=+1.0509 | 11s | curv=+0.405 wide=+0.547 gfmed=0.119
 1320 hold m=8 hq=0.869 fail | Dr=+0.656/+2.167 |Dr|max=2.167 Df=+0.562 | g r=0.086 f=0.112 p=0.916(0.000) max=4.495 | Ld=-0.1173 base=-0.14 r1=0.0108 path=0.00133 cap=0.0101 | Lg=+1.1157 | 11s | curv=+0.559 wide=+0.694 gfmed=0.066
 1330 hold m=8 hq=0.854 fail | Dr=+0.644/+2.591 |Dr|max=2.591 Df=+0.534 | g r=0.143 f=0.207 p=0.954(0.003) max=5.517 | Ld=-0.0768 base=-0.103 r1=0.021 path=0.00472 cap=3.05e-05 | Lg=+1.1026 | 11s | curv=+0.144 wide=+0.306 gfmed=0.130
 1340 hold m=8 hq=0.942 PASS | Dr=+0.898/+3.265 |Dr|max=3.265 Df=+0.781 | g r=0.088 f=0.089 p=0.973(0.002) max=5.593 | Ld=-0.0194 base=-0.042 r1=0.0136 path=0.00456 cap=0.00447 | Lg=+1.0692 | 11s | curv=+0.338 wide=+0.454 gfmed=0.066
 1350 hold m=8 hq=0.925 PASS | Dr=+0.583/+2.735 |Dr|max=2.735 Df=+0.470 | g r=0.130 f=0.126 p=0.986(0.002) max=5.264 | Ld=+0.0040 base=-0.0592 r1=0.0336 path=0.006 cap=0.0236 | Lg=+1.0998 | 11s | curv=+0.0965 wide=+0.215 gfmed=0.103
 1360 hold m=8 hq=0.900 PASS | Dr=+0.493/+2.683 |Dr|max=2.809 Df=+0.368 | g r=0.218 f=0.230 p=1.140(0.008) max=5.691 | Ld=-0.0159 base=-0.0406 r1=0.0204 path=0.00397 cap=0.000307 | Lg=+1.3152 | 11s | curv=+0.455 wide=+0.502 gfmed=0.208
 1370 hold m=8 hq=0.944 PASS | Dr=-0.208/+1.178 |Dr|max=3.003 Df=-0.311 | g r=0.081 f=0.094 p=0.876(0.004) max=4.785 | Ld=-0.0339 base=-0.0584 r1=0.0129 path=0.01 cap=0.00164 | Lg=+1.0595 | 12s | curv=+0.548 wide=+0.603 gfmed=0.062
 1380 hold m=8 hq=0.946 PASS | Dr=-0.171/+1.603 |Dr|max=3.413 Df=-0.286 | g r=0.092 f=0.090 p=0.931(0.001) max=4.903 | Ld=-0.0857 base=-0.141 r1=0.0111 path=0.0138 cap=0.0308 | Lg=+1.1889 | 12s | curv=+0.186 wide=+0.353 gfmed=0.061
 1390 hold m=7 hq=0.768 fail | Dr=-0.036/+2.270 |Dr|max=2.815 Df=-0.151 | g r=0.129 f=0.116 p=0.912(0.002) max=4.786 | Ld=-0.1076 base=-0.152 r1=0.022 path=0.00052 cap=0.0219 | Lg=+1.1899 | 12s | curv=-0.0822 wide=+0.16 gfmed=0.075
 1400 hold m=8 hq=0.892 fail | Dr=+0.211/+2.797 |Dr|max=2.797 Df=+0.098 | g r=0.111 f=0.105 p=0.865(0.001) max=5.108 | Ld=-0.0544 base=-0.0716 r1=0.00925 path=0.00375 cap=0.00422 | Lg=+1.1204 | 12s | curv=+0.243 wide=+0.364 gfmed=0.069
 1410 hold m=6 hq=0.593 fail | Dr=+0.300/+2.455 |Dr|max=2.455 Df=+0.163 | g r=0.077 f=0.299 p=0.742(0.003) max=4.742 | Ld=+0.0208 base=-0.0157 r1=0.0149 path=0.00683 cap=0.0148 | Lg=+0.9921 | 12s | curv=+0.481 wide=+0.626 gfmed=0.117
 1420 hold m=8 hq=0.974 PASS | Dr=+0.106/+2.243 |Dr|max=2.243 Df=+0.019 | g r=0.093 f=0.103 p=0.689(0.002) max=4.761 | Ld=-0.0106 base=-0.029 r1=0.0116 path=0.00628 cap=0.00049 | Lg=+0.9659 | 12s | curv=+0.364 wide=+0.537 gfmed=0.082
 1430 hold m=8 hq=0.985 PASS | Dr=+0.146/+2.439 |Dr|max=2.439 Df=+0.050 | g r=0.087 f=0.094 p=0.752(0.000) max=5.390 | Ld=+0.0492 base=0.019 r1=0.01 path=0.000735 cap=0.0195 | Lg=+1.0112 | 12s | curv=+0.145 wide=+0.323 gfmed=0.072
 1440 hold m=8 hq=0.959 PASS | Dr=+0.021/+2.890 |Dr|max=2.890 Df=-0.074 | g r=0.099 f=0.105 p=0.813(0.003) max=4.841 | Ld=-0.0306 base=-0.0455 r1=0.0106 path=0.00219 cap=0.00208 | Lg=+1.1035 | 12s | curv=+0.0691 wide=+0.241 gfmed=0.097
 1450 hold m=8 hq=0.977 PASS | Dr=+0.216/+2.574 |Dr|max=2.574 Df=+0.112 | g r=0.062 f=0.062 p=0.783(0.002) max=5.299 | Ld=-0.0540 base=-0.0656 r1=0.00888 path=0.00204 cap=0.000678 | Lg=+1.0438 | 12s | curv=+0.193 wide=+0.365 gfmed=0.054
 1460 hold m=8 hq=0.892 fail | Dr=+0.301/+2.396 |Dr|max=2.396 Df=+0.208 | g r=0.118 f=0.089 p=0.803(0.000) max=5.786 | Ld=+0.0326 base=0.0118 r1=0.00912 path=0.0038 cap=0.00791 | Lg=+1.0754 | 12s | curv=+0.16 wide=+0.258 gfmed=0.060
 1470 hold m=8 hq=0.956 PASS | Dr=+0.399/+2.507 |Dr|max=2.507 Df=+0.307 | g r=0.093 f=0.094 p=0.839(0.001) max=4.723 | Ld=-0.0811 base=-0.102 r1=0.0172 path=0.00137 cap=0.00209 | Lg=+1.0857 | 12s | curv=+0.0872 wide=+0.227 gfmed=0.067
 1480 hold m=8 hq=0.771 fail | Dr=+0.208/+2.378 |Dr|max=2.442 Df=+0.152 | g r=0.097 f=0.205 p=0.941(0.001) max=4.410 | Ld=-0.0838 base=-0.113 r1=0.0186 path=0.00877 cap=0.00219 | Lg=+1.2372 | 12s | curv=+0.367 wide=+0.481 gfmed=0.119
 1490 hold m=5 hq=0.134 fail | Dr=+0.033/+1.047 |Dr|max=1.080 Df=+0.015 | g r=0.186 f=0.420 p=0.693(0.004) max=3.250 | Ld=+0.7899 base=0.0386 r1=0.0357 path=0.611 cap=0.105 | Lg=+0.8765 | 13s | curv=+0.935 wide=+1.06 gfmed=0.343
 1500 hold m=7 hq=0.314 fail | Dr=-0.246/+1.376 |Dr|max=1.666 Df=-0.374 | g r=0.124 f=0.449 p=0.702(0.005) max=3.312 | Ld=-0.0465 base=-0.0945 r1=0.0315 path=0.00362 cap=0.013 | Lg=+0.9237 | 13s | curv=+1.04 wide=+1.28 gfmed=0.385
 1510 hold m=7 hq=0.230 fail | Dr=-0.276/+1.207 |Dr|max=1.403 Df=-0.498 | g r=0.127 f=0.588 p=0.713(0.003) max=3.461 | Ld=-0.1075 base=-0.155 r1=0.028 path=0.00891 cap=0.0108 | Lg=+0.9631 | 13s | curv=+1.2 wide=+1.41 gfmed=0.611
 1520 hold m=5 hq=0.143 fail | Dr=+0.034/+0.898 |Dr|max=1.931 Df=-0.207 | g r=0.194 f=0.695 p=0.757(0.008) max=2.749 | Ld=+0.3954 base=-0.447 r1=0.0383 path=0.432 cap=0.372 | Lg=+1.1466 | 13s | curv=+1.6 wide=+1.75 gfmed=0.709
 1530 hold m=7 hq=0.302 fail | Dr=-0.101/+1.162 |Dr|max=1.227 Df=-0.404 | g r=0.172 f=0.451 p=0.662(0.012) max=2.873 | Ld=-0.1385 base=-0.251 r1=0.0555 path=0.00653 cap=0.0504 | Lg=+0.9589 | 13s | curv=+1.49 wide=+1.67 gfmed=0.428
 1540 hold m=6 hq=0.078 fail | Dr=+0.193/+1.159 |Dr|max=1.159 Df=-0.008 | g r=0.182 f=0.641 p=0.667(0.007) max=2.083 | Ld=-0.2031 base=-0.323 r1=0.0614 path=0.0158 cap=0.043 | Lg=+0.9963 | 13s | curv=+1.85 wide=+1.99 gfmed=0.641
 1550 hold m=6 hq=0.286 fail | Dr=+0.041/+0.984 |Dr|max=0.984 Df=-0.151 | g r=0.150 f=0.611 p=0.624(0.003) max=2.169 | Ld=-0.2049 base=-0.263 r1=0.0342 path=0.000864 cap=0.023 | Lg=+0.9211 | 13s | curv=+1.64 wide=+1.82 gfmed=0.654
 1560 hold m=6 hq=0.140 fail | Dr=+0.040/+0.768 |Dr|max=0.778 Df=-0.136 | g r=0.141 f=0.677 p=0.604(0.008) max=2.076 | Ld=-0.1829 base=-0.226 r1=0.0303 path=0.00308 cap=0.00966 | Lg=+0.8722 | 13s | curv=+1.52 wide=+1.72 gfmed=0.712
 1570 hold m=8 hq=0.430 fail | Dr=+0.187/+0.745 |Dr|max=0.745 Df=+0.111 | g r=0.124 f=0.439 p=0.574(0.005) max=1.842 | Ld=-0.0388 base=-0.0784 r1=0.0266 path=0.00158 cap=0.0114 | Lg=+0.7866 | 13s | curv=+1.38 wide=+1.57 gfmed=0.356
 1580 hold m=6 hq=0.237 fail | Dr=+0.137/+0.749 |Dr|max=0.749 Df=-0.004 | g r=0.115 f=0.614 p=0.566(0.008) max=1.939 | Ld=-0.0481 base=-0.0767 r1=0.0258 path=0.00174 cap=0.00115 | Lg=+0.7662 | 13s | curv=+1.25 wide=+1.47 gfmed=0.642
 1590 hold m=5 hq=0.250 fail | Dr=+0.270/+0.796 |Dr|max=0.796 Df=+0.121 | g r=0.124 f=0.433 p=0.562(0.006) max=1.993 | Ld=-0.0679 base=-0.0891 r1=0.0172 path=0.002 cap=0.002 | Lg=+0.8250 | 13s | curv=+1.09 wide=+1.31 gfmed=0.419
 1600 hold m=8 hq=0.599 fail | Dr=+0.253/+0.749 |Dr|max=0.749 Df=+0.210 | g r=0.115 f=0.297 p=0.475(0.007) max=2.008 | Ld=-0.0871 base=-0.124 r1=0.024 path=0.00289 cap=0.0098 | Lg=+0.7791 | 13s | curv=+1.1 wide=+1.26 gfmed=0.232
 1610 hold m=8 hq=0.863 fail | Dr=+0.508/+1.231 |Dr|max=1.231 Df=+0.482 | g r=0.084 f=0.142 p=0.480(0.002) max=2.342 | Ld=-0.0530 base=-0.0677 r1=0.0126 path=0.00121 cap=0.000799 | Lg=+0.7791 | 13s | curv=+0.654 wide=+0.852 gfmed=0.073
 1620 hold m=8 hq=0.958 PASS | Dr=+0.602/+2.052 |Dr|max=2.052 Df=+0.570 | g r=0.060 f=0.070 p=0.491(0.002) max=2.884 | Ld=-0.0324 base=-0.0413 r1=0.00808 path=0.000778 cap=5.95e-05 | Lg=+0.7784 | 14s | curv=+0.153 wide=+0.413 gfmed=0.043
 1630 hold m=7 hq=0.649 fail | Dr=+0.174/+2.015 |Dr|max=2.015 Df=+0.180 | g r=0.161 f=0.208 p=0.605(0.006) max=2.789 | Ld=-0.0046 base=-0.0235 r1=0.0174 path=0.00119 cap=0.000338 | Lg=+0.9667 | 14s | curv=+0.15 wide=+0.358 gfmed=0.172
 1640 hold m=8 hq=0.980 PASS | Dr=+0.601/+1.610 |Dr|max=1.610 Df=+0.573 | g r=0.057 f=0.060 p=0.450(0.001) max=2.352 | Ld=+0.0073 base=3.99e-06 r1=0.00577 path=0.00117 cap=0.000387 | Lg=+0.7687 | 14s | curv=+0.17 wide=+0.344 gfmed=0.041
 1650 hold m=8 hq=0.972 PASS | Dr=+0.435/+1.928 |Dr|max=1.928 Df=+0.399 | g r=0.069 f=0.069 p=0.453(0.002) max=2.757 | Ld=-0.0216 base=-0.0329 r1=0.00606 path=0.000828 cap=0.00442 | Lg=+0.8080 | 14s | curv=+0.0236 wide=+0.224 gfmed=0.048
 1660 hold m=8 hq=0.980 PASS | Dr=+0.599/+1.514 |Dr|max=1.514 Df=+0.575 | g r=0.068 f=0.081 p=0.545(0.003) max=2.708 | Ld=-0.0142 base=-0.0194 r1=0.00429 path=0.000829 cap=1.41e-05 | Lg=+0.8858 | 14s | curv=-0.0461 wide=+0.133 gfmed=0.070
 1670 hold m=8 hq=0.983 PASS | Dr=+0.320/+1.874 |Dr|max=1.874 Df=+0.288 | g r=0.044 f=0.043 p=0.566(0.001) max=3.315 | Ld=-0.0610 base=-0.0657 r1=0.00352 path=0.000769 cap=0.000425 | Lg=+0.9082 | 14s | curv=+0.143 wide=+0.268 gfmed=0.034
 1680 hold m=8 hq=0.984 PASS | Dr=+0.388/+2.039 |Dr|max=2.039 Df=+0.354 | g r=0.045 f=0.052 p=0.567(0.003) max=3.330 | Ld=-0.0445 base=-0.0501 r1=0.00499 path=0.000525 | Lg=+0.9075 | 14s | curv=+0.00709 wide=+0.133 gfmed=0.041
 1690 hold m=8 hq=0.977 PASS | Dr=+0.270/+2.835 |Dr|max=2.835 Df=+0.215 | g r=0.047 f=0.054 p=0.564(0.001) max=3.782 | Ld=-0.0055 base=-0.0133 r1=0.00592 path=0.00144 cap=0.000441 | Lg=+0.9184 | 14s | curv=+0.016 wide=+0.142 gfmed=0.035
 1700 hold m=8 hq=0.987 PASS | Dr=-0.046/+1.614 |Dr|max=1.614 Df=-0.082 | g r=0.032 f=0.029 p=0.515(0.001) max=3.395 | Ld=-0.0150 base=-0.0171 r1=0.00148 path=0.000633 cap=2.14e-05 | Lg=+0.8645 | 14s | curv=+0.113 wide=+0.237 gfmed=0.022
 1710 hold m=8 hq=0.987 PASS | Dr=+0.308/+2.050 |Dr|max=2.050 Df=+0.266 | g r=0.033 f=0.031 p=0.561(0.000) max=3.152 | Ld=-0.0175 base=-0.0208 r1=0.0029 path=0.000413 | Lg=+0.8714 | 14s | curv=+0.0285 wide=+0.155 gfmed=0.026
 1720 hold m=8 hq=0.917 PASS | Dr=+0.305/+2.862 |Dr|max=2.862 Df=+0.249 | g r=0.136 f=0.118 p=0.601(0.005) max=3.423 | Ld=+0.0270 base=-0.00388 r1=0.0272 path=0.00148 cap=0.00219 | Lg=+0.9424 | 14s | curv=+0.0898 wide=+0.193 gfmed=0.066
 1730 hold m=8 hq=0.939 PASS | Dr=-0.002/+1.954 |Dr|max=2.251 Df=-0.037 | g r=0.092 f=0.104 p=0.737(0.004) max=3.509 | Ld=-0.0163 base=-0.0302 r1=0.00921 path=0.00244 cap=0.00223 | Lg=+1.0074 | 14s | curv=+0.208 wide=+0.316 gfmed=0.077
 1740 hold m=8 hq=0.977 PASS | Dr=+0.050/+1.491 |Dr|max=1.715 Df=+0.015 | g r=0.053 f=0.057 p=0.601(0.002) max=2.680 | Ld=+0.0131 base=0.00341 r1=0.0071 path=0.00257 cap=5.19e-07 | Lg=+0.9582 | 15s | curv=+0.196 wide=+0.344 gfmed=0.046
 1750 hold m=8 hq=0.967 PASS | Dr=+0.561/+4.428 |Dr|max=4.428 Df=+0.481 | g r=0.062 f=0.056 p=0.694(0.002) max=4.576 | Ld=-0.0632 base=-0.0688 r1=0.0046 path=0.000965 | Lg=+1.0827 | 15s | curv=+0.0519 wide=+0.186 gfmed=0.045
 1760 hold m=8 hq=0.989 PASS | Dr=-0.108/+2.037 |Dr|max=2.037 Df=-0.148 | g r=0.042 f=0.044 p=0.572(0.001) max=3.835 | Ld=+0.0016 base=-0.00627 r1=0.00245 path=0.0051 cap=0.000343 | Lg=+0.9313 | 15s | curv=+0.101 wide=+0.258 gfmed=0.031
 1770 hold m=8 hq=0.985 PASS | Dr=+0.328/+3.305 |Dr|max=3.305 Df=+0.267 | g r=0.053 f=0.054 p=0.605(0.002) max=4.080 | Ld=-0.0557 base=-0.0597 r1=0.00343 path=0.000609 | Lg=+0.9837 | 15s | curv=-0.0955 wide=+0.0556 gfmed=0.036
 1780 hold m=8 hq=0.977 PASS | Dr=+0.232/+2.243 |Dr|max=2.243 Df=+0.178 | g r=0.095 f=0.095 p=0.687(0.001) max=4.185 | Ld=+0.0009 base=-0.0124 r1=0.00763 path=0.00551 cap=0.000123 | Lg=+0.9908 | 15s | curv=-0.0773 wide=+0.0652 gfmed=0.078
 1790 hold m=8 hq=0.911 PASS | Dr=-0.063/+1.540 |Dr|max=2.077 Df=-0.082 | g r=0.101 f=0.109 p=0.723(0.002) max=3.582 | Ld=+0.0636 base=0.0165 r1=0.0153 path=0.0225 cap=0.00927 | Lg=+0.9890 | 15s | curv=+0.0377 wide=+0.191 gfmed=0.081
 1800 hold m=8 hq=0.952 PASS | Dr=+0.454/+2.415 |Dr|max=2.415 Df=+0.407 | g r=0.101 f=0.106 p=0.631(0.001) max=3.537 | Ld=+0.0264 base=-0.05 r1=0.0396 path=0.0304 cap=0.00644 | Lg=+0.9603 | 15s | curv=+0.237 wide=+0.359 gfmed=0.076
 1810 hold m=8 hq=0.990 PASS | Dr=+0.374/+2.556 |Dr|max=2.556 Df=+0.317 | g r=0.058 f=0.057 p=0.725(0.004) max=3.958 | Ld=-0.0535 base=-0.0721 r1=0.00866 path=0.00971 cap=0.000245 | Lg=+1.0364 | 15s | curv=+0.0722 wide=+0.224 gfmed=0.045
 1820 hold m=8 hq=0.990 PASS | Dr=+0.340/+2.078 |Dr|max=2.078 Df=+0.304 | g r=0.048 f=0.046 p=0.712(0.002) max=4.022 | Ld=+0.0372 base=0.0159 r1=0.0134 path=0.000584 cap=0.00727 | Lg=+0.9573 | 15s | curv=+0.0599 wide=+0.208 gfmed=0.042
 1830 hold m=8 hq=0.992 PASS | Dr=+0.176/+2.543 |Dr|max=2.543 Df=+0.140 | g r=0.059 f=0.053 p=0.852(0.001) max=5.185 | Ld=-0.0476 base=-0.0668 r1=0.00767 path=0.00704 cap=0.0044 | Lg=+1.2043 | 15s | curv=+0.157 wide=+0.286 gfmed=0.046
 1840 hold m=8 hq=0.972 PASS | Dr=+0.202/+2.699 |Dr|max=2.699 Df=+0.174 | g r=0.091 f=0.113 p=0.959(0.004) max=4.114 | Ld=+0.0096 base=-0.00877 r1=0.00954 path=0.00152 cap=0.00729 | Lg=+1.2553 | 15s | curv=+0.221 wide=+0.364 gfmed=0.065
 1850 hold m=8 hq=0.964 PASS | Dr=+0.495/+2.428 |Dr|max=2.684 Df=+0.428 | g r=0.059 f=0.070 p=0.875(0.001) max=5.315 | Ld=-0.0542 base=-0.067 r1=0.00746 path=0.00463 cap=0.000658 | Lg=+1.1507 | 15s | curv=+0.0562 wide=+0.172 gfmed=0.054
 1860 hold m=8 hq=0.906 PASS | Dr=+0.431/+2.148 |Dr|max=2.966 Df=+0.374 | g r=0.107 f=0.092 p=0.899(0.001) max=4.788 | Ld=-0.0261 base=-0.0481 r1=0.017 path=0.005 cap=8.26e-08 | Lg=+1.1613 | 15s | curv=+0.207 wide=+0.318 gfmed=0.066
 1870 hold m=8 hq=0.977 PASS | Dr=+0.473/+2.215 |Dr|max=2.273 Df=+0.413 | g r=0.045 f=0.043 p=0.786(0.000) max=4.748 | Ld=-0.0059 base=-0.016 r1=0.00249 path=0.00707 cap=0.000549 | Lg=+1.0330 | 16s | curv=+0.233 wide=+0.35 gfmed=0.031
 1880 hold m=8 hq=0.971 PASS | Dr=+0.314/+2.594 |Dr|max=2.864 Df=+0.265 | g r=0.080 f=0.084 p=0.789(0.006) max=4.529 | Ld=-0.0268 base=-0.0337 r1=0.00529 path=0.0016 | Lg=+1.1105 | 16s | curv=+0.00976 wide=+0.146 gfmed=0.072
 1890 hold m=8 hq=0.977 PASS | Dr=+0.301/+1.950 |Dr|max=2.320 Df=+0.255 | g r=0.053 f=0.054 p=0.768(0.002) max=4.232 | Ld=+0.0022 base=-0.00903 r1=0.00446 path=0.0052 cap=0.00158 | Lg=+1.0430 | 16s | curv=+0.21 wide=+0.347 gfmed=0.049
 1900 hold m=7 hq=0.588 fail | Dr=+1.115/+3.099 |Dr|max=3.099 Df=+1.003 | g r=0.138 f=0.273 p=0.818(0.004) max=5.370 | Ld=+0.2815 base=-0.0548 r1=0.0331 path=0.175 cap=0.128 | Lg=+1.1722 | 16s | curv=+0.456 wide=+0.57 gfmed=0.190
 1910 hold m=6 hq=0.385 fail | Dr=+0.775/+2.686 |Dr|max=2.686 Df=+0.639 | g r=0.084 f=0.399 p=0.676(0.003) max=3.862 | Ld=-0.0483 base=-0.113 r1=0.0125 path=0.0115 cap=0.041 | Lg=+0.9540 | 16s | curv=+0.605 wide=+0.722 gfmed=0.333
 1920 hold m=7 hq=0.473 fail | Dr=+0.642/+2.076 |Dr|max=2.076 Df=+0.512 | g r=0.075 f=0.435 p=0.675(0.001) max=3.551 | Ld=-0.0219 base=-0.0473 r1=0.0111 path=0.00675 cap=0.00748 | Lg=+0.8538 | 16s | curv=+0.732 wide=+0.905 gfmed=0.318
 1930 hold m=8 hq=0.487 fail | Dr=+0.621/+2.111 |Dr|max=2.111 Df=+0.495 | g r=0.090 f=0.480 p=0.725(0.005) max=3.685 | Ld=-0.0398 base=-0.0575 r1=0.0137 path=0.00345 cap=0.000506 | Lg=+0.8763 | 16s | curv=+0.747 wide=+0.944 gfmed=0.333
 1940 hold m=8 hq=0.312 fail | Dr=+0.610/+2.139 |Dr|max=2.139 Df=+0.470 | g r=0.099 f=0.586 p=0.728(0.002) max=3.950 | Ld=-0.0945 base=-0.123 r1=0.0159 path=0.00517 cap=0.00747 | Lg=+0.9211 | 16s | curv=+0.818 wide=+0.985 gfmed=0.677
 1950 hold m=4 hq=0.146 fail | Dr=+0.389/+0.985 |Dr|max=0.985 Df=+0.243 | g r=0.113 f=0.602 p=0.656(0.002) max=3.155 | Ld=-0.1055 base=-0.133 r1=0.0225 path=0.000977 cap=0.00443 | Lg=+0.8525 | 16s | curv=+1.03 wide=+1.2 gfmed=0.638
 1960 hold m=8 hq=0.503 fail | Dr=+0.159/+0.924 |Dr|max=1.004 Df=+0.084 | g r=0.117 f=0.447 p=0.637(0.003) max=2.682 | Ld=-0.0774 base=-0.116 r1=0.0236 path=0.0142 cap=0.00116 | Lg=+0.8539 | 16s | curv=+1.14 wide=+1.3 gfmed=0.446
 1970 hold m=7 hq=0.306 fail | Dr=+0.551/+1.743 |Dr|max=1.743 Df=+0.436 | g r=0.113 f=0.560 p=0.668(0.007) max=2.711 | Ld=-0.1165 base=-0.145 r1=0.0235 path=0.00138 cap=0.0039 | Lg=+0.8822 | 16s | curv=+1.13 wide=+1.33 gfmed=0.545
 1980 hold m=8 hq=0.870 fail | Dr=+0.075/+0.776 |Dr|max=1.260 Df=+0.045 | g r=0.091 f=0.159 p=0.581(0.002) max=2.470 | Ld=-0.0448 base=-0.0835 r1=0.0173 path=0.00111 cap=0.0204 | Lg=+0.7941 | 17s | curv=+0.706 wide=+0.871 gfmed=0.079
 1990 hold m=8 hq=0.958 PASS | Dr=+0.016/+1.355 |Dr|max=1.850 Df=+0.009 | g r=0.064 f=0.080 p=0.650(0.000) max=2.958 | Ld=-0.0160 base=-0.025 r1=0.0077 path=0.00057 cap=0.000708 | Lg=+0.9245 | 17s | curv=+0.274 wide=+0.497 gfmed=0.053
 2000 hold m=8 hq=0.964 PASS | Dr=+0.245/+0.786 |Dr|max=1.626 Df=+0.216 | g r=0.040 f=0.042 p=0.577(0.002) max=2.440 | Ld=-0.0105 base=-0.0231 r1=0.00399 path=0.00442 cap=0.00422 | Lg=+0.8311 | 17s | curv=+0.102 wide=+0.296 gfmed=0.028
 2010 hold m=8 hq=0.978 PASS | Dr=+0.199/+1.148 |Dr|max=1.148 Df=+0.188 | g r=0.043 f=0.040 p=0.521(0.002) max=2.532 | Ld=+0.0045 base=-0.00109 r1=0.00487 path=0.000732 | Lg=+0.8071 | 17s | curv=+0.16 wide=+0.307 gfmed=0.032
 2020 hold m=8 hq=0.984 PASS | Dr=+0.330/+0.830 |Dr|max=1.178 Df=+0.309 | g r=0.055 f=0.057 p=0.519(0.001) max=2.530 | Ld=+0.0134 base=0.00682 r1=0.00567 path=0.000929 | Lg=+0.7893 | 17s | curv=+0.158 wide=+0.296 gfmed=0.045
 2030 hold m=8 hq=0.984 PASS | Dr=+0.311/+1.223 |Dr|max=1.223 Df=+0.307 | g r=0.053 f=0.052 p=0.472(0.003) max=2.142 | Ld=+0.0449 base=0.0269 r1=0.0139 path=0.00406 cap=3.37e-05 | Lg=+0.8112 | 17s | curv=+0.163 wide=+0.292 gfmed=0.045
 2040 hold m=8 hq=0.977 PASS | Dr=+0.425/+2.193 |Dr|max=2.193 Df=+0.419 | g r=0.071 f=0.074 p=0.571(0.003) max=2.476 | Ld=+0.0327 base=0.00522 r1=0.0098 path=0.0101 cap=0.00766 | Lg=+0.9449 | 17s | curv=-0.125 wide=+0.0061 gfmed=0.064
 2050 hold m=8 hq=0.970 PASS | Dr=+0.280/+2.629 |Dr|max=2.659 Df=+0.258 | g r=0.131 f=0.138 p=0.707(0.003) max=2.918 | Ld=-0.0222 base=-0.0411 r1=0.0152 path=0.00291 cap=0.00078 | Lg=+1.0979 | 17s | curv=+0.293 wide=+0.357 gfmed=0.131
 2060 hold m=8 hq=0.984 PASS | Dr=+0.434/+2.376 |Dr|max=2.376 Df=+0.443 | g r=0.050 f=0.049 p=0.611(0.001) max=3.087 | Ld=-0.0458 base=-0.0505 r1=0.00389 path=0.000762 | Lg=+1.0317 | 17s | curv=+0.0151 wide=+0.149 gfmed=0.041
 2070 hold m=8 hq=0.985 PASS | Dr=+0.223/+1.868 |Dr|max=1.948 Df=+0.207 | g r=0.043 f=0.042 p=0.556(0.001) max=2.739 | Ld=+0.0042 base=0.00112 r1=0.00225 path=0.000831 | Lg=+0.9130 | 17s | curv=+0.0424 wide=+0.173 gfmed=0.037
 2080 hold m=8 hq=0.984 PASS | Dr=+0.261/+1.500 |Dr|max=1.500 Df=+0.230 | g r=0.046 f=0.043 p=0.482(0.003) max=3.006 | Ld=+0.0092 base=0.00412 r1=0.00383 path=0.00122 | Lg=+0.8014 | 17s | curv=+0.0504 wide=+0.142 gfmed=0.039
 2090 hold m=8 hq=0.958 PASS | Dr=+0.196/+2.048 |Dr|max=2.048 Df=+0.149 | g r=0.082 f=0.085 p=0.631(0.001) max=3.947 | Ld=-0.0074 base=-0.0179 r1=0.0076 path=0.00281 | Lg=+0.9855 | 17s | curv=+0.103 wide=+0.194 gfmed=0.075
 2100 hold m=8 hq=0.991 PASS | Dr=+0.269/+2.091 |Dr|max=2.091 Df=+0.241 | g r=0.069 f=0.065 p=0.613(0.004) max=2.655 | Ld=+0.0013 base=-0.0143 r1=0.00723 path=0.00431 cap=0.0041 | Lg=+0.9276 | 17s | curv=+0.0928 wide=+0.187 gfmed=0.057
 2110 hold m=8 hq=0.972 PASS | Dr=+0.046/+1.310 |Dr|max=1.795 Df=+0.008 | g r=0.032 f=0.034 p=0.510(0.001) max=3.079 | Ld=+0.0103 base=0.00762 r1=0.00162 path=0.0007 cap=0.000377 | Lg=+0.8677 | 18s | curv=+0.0327 wide=+0.11 gfmed=0.028
 2120 hold m=8 hq=0.983 PASS | Dr=+0.044/+1.826 |Dr|max=2.194 Df=+0.034 | g r=0.044 f=0.042 p=0.585(0.001) max=2.635 | Ld=-0.0329 base=-0.0359 r1=0.00236 path=0.000656 | Lg=+0.9907 | 18s | curv=+0.165 wide=+0.221 gfmed=0.036
 2130 hold m=8 hq=0.983 PASS | Dr=+0.138/+1.388 |Dr|max=2.230 Df=+0.104 | g r=0.057 f=0.061 p=0.702(0.003) max=3.291 | Ld=-0.0172 base=-0.0248 r1=0.00404 path=0.00356 | Lg=+1.0554 | 18s | curv=+0.0155 wide=+0.103 gfmed=0.058
 2140 hold m=8 hq=0.857 fail | Dr=+0.109/+1.943 |Dr|max=2.709 Df=+0.099 | g r=0.056 f=0.114 p=0.690(0.001) max=2.855 | Ld=+0.0090 base=-0.0185 r1=0.00839 path=0.018 cap=0.00116 | Lg=+1.0970 | 18s | curv=+0.15 wide=+0.23 gfmed=0.047
 2150 hold m=8 hq=0.973 PASS | Dr=+0.489/+2.653 |Dr|max=2.653 Df=+0.489 | g r=0.045 f=0.041 p=0.722(0.001) max=3.258 | Ld=-0.0529 base=-0.0561 r1=0.00201 path=0.00114 cap=2.13e-06 | Lg=+1.1083 | 18s | curv=+0.098 wide=+0.209 gfmed=0.033
 2160 hold m=8 hq=0.987 PASS | Dr=+0.354/+1.956 |Dr|max=1.956 Df=+0.308 | g r=0.077 f=0.075 p=0.624(0.002) max=3.979 | Ld=+0.0246 base=0.0157 r1=0.00624 path=0.00257 | Lg=+0.9110 | 18s | curv=-0.0102 wide=+0.0977 gfmed=0.054
 2170 hold m=8 hq=0.940 PASS | Dr=+0.264/+1.836 |Dr|max=2.933 Df=+0.215 | g r=0.091 f=0.088 p=0.737(0.001) max=4.914 | Ld=-0.0163 base=-0.0253 r1=0.00714 path=0.00178 cap=0.000134 | Lg=+1.0714 | 18s | curv=+0.118 wide=+0.193 gfmed=0.044
 2180 hold m=8 hq=0.978 PASS | Dr=+0.495/+1.620 |Dr|max=1.620 Df=+0.476 | g r=0.069 f=0.072 p=0.599(0.001) max=2.893 | Ld=+0.0933 base=0.083 r1=0.00649 path=0.00331 cap=0.000427 | Lg=+0.8874 | 18s | curv=+0.176 wide=+0.266 gfmed=0.054
 2190 hold m=8 hq=0.947 PASS | Dr=+0.478/+1.676 |Dr|max=1.688 Df=+0.454 | g r=0.063 f=0.072 p=0.627(0.001) max=3.077 | Ld=+0.0018 base=-0.0305 r1=0.00473 path=0.0233 cap=0.00424 | Lg=+0.9292 | 18s | curv=+0.275 wide=+0.369 gfmed=0.058
 2200 hold m=8 hq=0.987 PASS | Dr=+0.494/+2.061 |Dr|max=2.061 Df=+0.476 | g r=0.035 f=0.033 p=0.627(0.001) max=3.106 | Ld=-0.0217 base=-0.0261 r1=0.0019 path=0.00187 cap=0.000671 | Lg=+0.9785 | 18s | curv=+0.0922 wide=+0.193 gfmed=0.029
 2210 hold m=8 hq=0.620 fail | Dr=+0.374/+1.828 |Dr|max=1.828 Df=+0.326 | g r=0.106 f=0.197 p=0.578(0.002) max=3.620 | Ld=+0.5148 base=0.104 r1=0.0173 path=0.392 cap=0.00111 | Lg=+0.9539 | 18s | curv=+0.21 wide=+0.316 gfmed=0.130
 2220 hold m=7 hq=0.705 fail | Dr=+0.266/+1.660 |Dr|max=1.660 Df=+0.266 | g r=0.071 f=0.148 p=0.551(0.001) max=2.433 | Ld=-0.0027 base=-0.0295 r1=0.0114 path=0.0145 cap=0.000881 | Lg=+0.9197 | 18s | curv=+0.386 wide=+0.509 gfmed=0.087
 2230 hold m=8 hq=0.984 PASS | Dr=+0.391/+1.744 |Dr|max=1.744 Df=+0.378 | g r=0.035 f=0.030 p=0.529(0.001) max=2.432 | Ld=-0.0214 base=-0.0253 r1=0.00283 path=0.000587 cap=0.000444 | Lg=+0.9084 | 19s | curv=+0.263 wide=+0.414 gfmed=0.022
 2240 hold m=8 hq=0.982 PASS | Dr=+0.561/+2.144 |Dr|max=2.144 Df=+0.536 | g r=0.036 f=0.033 p=0.559(0.001) max=2.704 | Ld=-0.0026 base=-0.0101 r1=0.0028 path=0.00427 cap=0.000415 | Lg=+0.8955 | 19s | curv=+0.0884 wide=+0.239 gfmed=0.026
 2250 hold m=8 hq=0.991 PASS | Dr=+0.497/+1.942 |Dr|max=1.942 Df=+0.477 | g r=0.052 f=0.051 p=0.541(0.001) max=2.565 | Ld=+0.0690 base=0.0621 r1=0.00403 path=0.00258 cap=0.00021 | Lg=+0.8771 | 19s | curv=+0.016 wide=+0.172 gfmed=0.045
 2260 hold m=8 hq=0.952 PASS | Dr=+0.347/+1.572 |Dr|max=1.659 Df=+0.344 | g r=0.057 f=0.053 p=0.546(0.001) max=2.703 | Ld=-0.0180 base=-0.0212 r1=0.00269 path=0.000491 | Lg=+0.8959 | 19s | curv=+0.0919 wide=+0.238 gfmed=0.042
 2270 hold m=8 hq=0.976 PASS | Dr=+0.235/+1.754 |Dr|max=2.007 Df=+0.245 | g r=0.074 f=0.072 p=0.593(0.002) max=3.044 | Ld=-0.0407 base=-0.0475 r1=0.00624 path=0.000612 | Lg=+1.0317 | 19s | curv=+0.133 wide=+0.284 gfmed=0.067
 2280 hold m=8 hq=0.994 PASS | Dr=+0.233/+1.885 |Dr|max=1.885 Df=+0.234 | g r=0.066 f=0.063 p=0.554(0.000) max=2.549 | Ld=+0.0562 base=0.0413 r1=0.00884 path=0.00486 cap=0.00118 | Lg=+0.9733 | 19s | curv=+0.276 wide=+0.367 gfmed=0.046
 2290 hold m=8 hq=0.979 PASS | Dr=+0.335/+2.921 |Dr|max=2.921 Df=+0.348 | g r=0.088 f=0.083 p=0.818(0.006) max=3.246 | Ld=-0.0156 base=-0.0209 r1=0.00445 path=0.000895 | Lg=+1.3297 | 19s | curv=+0.0339 wide=+0.116 gfmed=0.075
 2300 hold m=8 hq=0.977 PASS | Dr=+0.377/+2.679 |Dr|max=2.679 Df=+0.401 | g r=0.057 f=0.058 p=0.660(0.001) max=2.820 | Ld=-0.0282 base=-0.0399 r1=0.00532 path=0.00126 cap=0.00509 | Lg=+1.1607 | 19s | curv=+0.198 wide=+0.321 gfmed=0.051
 2310 hold m=7 hq=0.633 fail | Dr=+0.307/+1.504 |Dr|max=1.504 Df=+0.254 | g r=0.106 f=0.295 p=0.600(0.003) max=2.593 | Ld=+0.2048 base=0.026 r1=0.0185 path=0.159 cap=0.0015 | Lg=+0.9420 | 19s | curv=+0.543 wide=+0.663 gfmed=0.124
 2320 hold m=8 hq=0.979 PASS | Dr=+0.969/+2.218 |Dr|max=2.218 Df=+0.960 | g r=0.034 f=0.031 p=0.521(0.001) max=2.180 | Ld=-0.0060 base=-0.00925 r1=0.00233 path=0.000884 | Lg=+0.8877 | 19s | curv=+0.199 wide=+0.289 gfmed=0.024
 2330 hold m=8 hq=0.993 PASS | Dr=+0.710/+1.505 |Dr|max=1.505 Df=+0.700 | g r=0.040 f=0.037 p=0.436(0.000) max=2.116 | Ld=+0.0241 base=0.0163 r1=0.002 path=0.00548 cap=0.000293 | Lg=+0.7916 | 19s | curv=+0.126 wide=+0.224 gfmed=0.034
 2340 hold m=8 hq=0.984 PASS | Dr=+0.919/+1.749 |Dr|max=1.749 Df=+0.896 | g r=0.060 f=0.060 p=0.504(0.001) max=2.389 | Ld=-0.0000 base=-0.00546 r1=0.00446 path=0.000977 | Lg=+0.8536 | 19s | curv=-0.000957 wide=+0.091 gfmed=0.050
 2350 hold m=8 hq=0.980 PASS | Dr=+0.697/+1.968 |Dr|max=1.968 Df=+0.672 | g r=0.036 f=0.040 p=0.530(0.002) max=2.594 | Ld=-0.0077 base=-0.0127 r1=0.00327 path=0.00173 | Lg=+0.8970 | 20s | curv=+0.0229 wide=+0.138 gfmed=0.029
 2360 hold m=8 hq=0.978 PASS | Dr=+0.468/+1.635 |Dr|max=1.635 Df=+0.426 | g r=0.087 f=0.089 p=0.526(0.001) max=3.381 | Ld=+0.0788 base=0.0661 r1=0.01 path=0.0027 | Lg=+0.8708 | 20s | curv=-0.156 wide=-0.0231 gfmed=0.081
 2370 hold m=8 hq=0.988 PASS | Dr=+0.422/+1.592 |Dr|max=1.592 Df=+0.402 | g r=0.034 f=0.035 p=0.457(0.001) max=2.353 | Ld=+0.0042 base=0.00231 r1=0.00145 path=0.000451 | Lg=+0.8379 | 20s | curv=+0.0235 wide=+0.118 gfmed=0.031
 2380 hold m=8 hq=0.989 PASS | Dr=+0.377/+1.564 |Dr|max=1.564 Df=+0.336 | g r=0.043 f=0.042 p=0.494(0.001) max=3.182 | Ld=+0.0114 base=0.00161 r1=0.00536 path=0.00438 | Lg=+0.8662 | 20s | curv=-0.0301 wide=+0.0878 gfmed=0.036
 2390 hold m=8 hq=0.670 fail | Dr=+0.403/+1.555 |Dr|max=1.555 Df=+0.367 | g r=0.084 f=0.135 p=0.445(0.002) max=2.426 | Ld=+0.0245 base=0.000231 r1=0.0036 path=0.0206 | Lg=+0.7980 | 20s | curv=+0.411 wide=+0.464 gfmed=0.061
 2400 hold m=8 hq=0.991 PASS | Dr=+0.439/+1.656 |Dr|max=1.656 Df=+0.404 | g r=0.028 f=0.024 p=0.413(0.001) max=2.723 | Ld=-0.0146 base=-0.0169 r1=0.00165 path=0.000597 | Lg=+0.7906 | 20s | curv=+0.109 wide=+0.193 gfmed=0.017
# shift (1,0) after 2400; frozen copy on new target: m=0 hq=0.000
 2410 post m=4 hq=0.190 fail | Dr=+0.007/+0.744 |Dr|max=0.977 Df=-0.009 | g r=0.185 f=0.282 p=0.401(0.002) max=2.021 | Ld=+0.6298 base=-0.0204 r1=0.0566 path=0.554 cap=0.04 | Lg=+0.8144 | 20s | curv=+0.826 wide=+0.901 gfmed=0.245
 2420 post m=5 hq=0.271 fail | Dr=+0.463/+0.875 |Dr|max=0.875 Df=+0.384 | g r=0.139 f=0.374 p=0.387(0.004) max=1.551 | Ld=-0.0083 base=-0.0726 r1=0.0464 path=0.0164 cap=0.00146 | Lg=+0.7439 | 20s | curv=+1.18 wide=+1.28 gfmed=0.318
 2430 post m=6 hq=0.249 fail | Dr=+0.610/+1.031 |Dr|max=1.031 Df=+0.513 | g r=0.130 f=0.357 p=0.428(0.005) max=1.623 | Ld=-0.0444 base=-0.102 r1=0.0378 path=0.0166 cap=0.00297 | Lg=+0.7704 | 20s | curv=+0.924 wide=+1.11 gfmed=0.280
 2440 post m=7 hq=0.394 fail | Dr=+0.826/+1.120 |Dr|max=1.120 Df=+0.788 | g r=0.110 f=0.290 p=0.376(0.004) max=1.264 | Ld=+0.0001 base=-0.0321 r1=0.0211 path=0.0103 cap=0.000814 | Lg=+0.7295 | 20s | curv=+0.871 wide=+1.01 gfmed=0.226
 2450 post m=8 hq=0.589 fail | Dr=+0.425/+1.128 |Dr|max=1.128 Df=+0.402 | g r=0.134 f=0.415 p=0.437(0.006) max=1.555 | Ld=-0.0446 base=-0.089 r1=0.0329 path=0.00924 cap=0.00229 | Lg=+0.7918 | 20s | curv=+1.09 wide=+1.25 gfmed=0.303
 2460 post m=8 hq=0.390 fail | Dr=+0.720/+1.114 |Dr|max=1.114 Df=+0.659 | g r=0.115 f=0.384 p=0.437(0.001) max=1.488 | Ld=-0.1068 base=-0.142 r1=0.0262 path=0.00517 cap=0.00375 | Lg=+0.7948 | 20s | curv=+1.08 wide=+1.24 gfmed=0.289
 2470 post m=7 hq=0.498 fail | Dr=+0.497/+0.986 |Dr|max=0.986 Df=+0.441 | g r=0.111 f=0.397 p=0.401(0.005) max=1.320 | Ld=-0.0172 base=-0.0457 r1=0.0242 path=0.00244 cap=0.00188 | Lg=+0.7343 | 21s | curv=+1.16 wide=+1.28 gfmed=0.383
 2480 post m=7 hq=0.433 fail | Dr=+0.247/+1.269 |Dr|max=1.269 Df=+0.143 | g r=0.201 f=0.317 p=0.458(0.007) max=1.742 | Ld=-0.0261 base=-0.23 r1=0.0338 path=0.0351 cap=0.135 | Lg=+0.8800 | 21s | curv=+0.819 wide=+0.964 gfmed=0.293
 2490 post m=6 hq=0.569 fail | Dr=+0.560/+0.798 |Dr|max=0.798 Df=+0.427 | g r=0.141 f=0.246 p=0.455(0.005) max=1.422 | Ld=-0.0746 base=-0.196 r1=0.034 path=0.0545 cap=0.0325 | Lg=+0.8008 | 21s | curv=+1.19 wide=+1.3 gfmed=0.181
 2500 post m=8 hq=0.621 fail | Dr=+0.029/+0.979 |Dr|max=0.979 Df=+0.000 | g r=0.169 f=0.431 p=0.527(0.003) max=1.749 | Ld=+0.1096 base=-0.0702 r1=0.0529 path=0.00617 cap=0.121 | Lg=+0.8065 | 21s | curv=+1.28 wide=+1.4 gfmed=0.393
 2510 post m=7 hq=0.379 fail | Dr=+0.277/+1.012 |Dr|max=1.012 Df=+0.104 | g r=0.119 f=0.377 p=0.463(0.003) max=1.476 | Ld=-0.1038 base=-0.129 r1=0.0222 path=0.00208 cap=0.000543 | Lg=+0.8156 | 21s | curv=+1.06 wide=+1.23 gfmed=0.246
 2520 post m=8 hq=0.771 fail | Dr=+0.149/+0.938 |Dr|max=0.938 Df=+0.127 | g r=0.122 f=0.269 p=0.430(0.001) max=1.479 | Ld=-0.0180 base=-0.0579 r1=0.0348 path=0.00414 cap=0.000948 | Lg=+0.7853 | 21s | curv=+1.07 wide=+1.2 gfmed=0.153
 2530 post m=5 hq=0.436 fail | Dr=+0.331/+1.004 |Dr|max=1.004 Df=+0.234 | g r=0.131 f=0.467 p=0.487(0.009) max=2.078 | Ld=-0.0361 base=-0.0564 r1=0.0157 path=0.00447 cap=9.75e-05 | Lg=+0.7918 | 21s | curv=+0.787 wide=+0.97 gfmed=0.355
 2540 post m=8 hq=0.566 fail | Dr=+0.188/+0.698 |Dr|max=0.748 Df=+0.076 | g r=0.098 f=0.373 p=0.443(0.001) max=1.681 | Ld=-0.0652 base=-0.089 r1=0.0159 path=0.00793 cap=6.96e-07 | Lg=+0.8227 | 21s | curv=+0.885 wide=+1.05 gfmed=0.286
 2550 post m=6 hq=0.544 fail | Dr=+0.311/+0.877 |Dr|max=0.877 Df=+0.241 | g r=0.093 f=0.380 p=0.468(0.003) max=1.745 | Ld=-0.0061 base=-0.0284 r1=0.0197 path=0.0025 cap=5.52e-05 | Lg=+0.7896 | 21s | curv=+0.859 wide=+1.03 gfmed=0.207
 2560 post m=6 hq=0.298 fail | Dr=+0.419/+0.796 |Dr|max=0.796 Df=+0.221 | g r=0.125 f=0.479 p=0.512(0.003) max=1.886 | Ld=-0.0827 base=-0.127 r1=0.0162 path=0.0248 cap=0.00355 | Lg=+0.8119 | 21s | curv=+1.14 wide=+1.31 gfmed=0.351
 2570 post m=8 hq=0.650 fail | Dr=+0.353/+1.013 |Dr|max=1.013 Df=+0.328 | g r=0.110 f=0.280 p=0.393(0.004) max=1.632 | Ld=-0.0733 base=-0.116 r1=0.0188 path=0.00326 cap=0.0203 | Lg=+0.7973 | 21s | curv=+0.566 wide=+0.729 gfmed=0.246
 2580 post m=7 hq=0.469 fail | Dr=+0.231/+0.638 |Dr|max=0.638 Df=+0.178 | g r=0.135 f=0.417 p=0.442(0.003) max=1.334 | Ld=+0.0130 base=-0.049 r1=0.0303 path=0.0103 cap=0.0213 | Lg=+0.7324 | 21s | curv=+1.29 wide=+1.39 gfmed=0.357
 2590 post m=6 hq=0.225 fail | Dr=+0.231/+0.804 |Dr|max=0.804 Df=+0.116 | g r=0.129 f=0.492 p=0.457(0.005) max=1.688 | Ld=-0.0800 base=-0.121 r1=0.0274 path=0.00178 cap=0.0115 | Lg=+0.8076 | 22s | curv=+0.986 wide=+1.14 gfmed=0.459
 2600 post m=8 hq=0.550 fail | Dr=+0.443/+0.779 |Dr|max=0.779 Df=+0.372 | g r=0.125 f=0.410 p=0.451(0.004) max=1.440 | Ld=-0.1756 base=-0.214 r1=0.0275 path=0.00194 cap=0.00931 | Lg=+0.8384 | 22s | curv=+1.22 wide=+1.37 gfmed=0.270
 2610 post m=8 hq=0.417 fail | Dr=+0.473/+0.811 |Dr|max=0.811 Df=+0.393 | g r=0.109 f=0.444 p=0.477(0.004) max=1.450 | Ld=-0.0872 base=-0.115 r1=0.0252 path=0.00163 cap=0.00135 | Lg=+0.8116 | 22s | curv=+1.09 wide=+1.26 gfmed=0.395
 2620 post m=5 hq=0.539 fail | Dr=+0.222/+0.548 |Dr|max=0.548 Df=+0.159 | g r=0.114 f=0.256 p=0.395(0.007) max=1.243 | Ld=+0.0174 base=-0.0263 r1=0.0231 path=0.00927 cap=0.0114 | Lg=+0.7278 | 22s | curv=+0.908 wide=+1.02 gfmed=0.166
 2630 post m=8 hq=0.642 fail | Dr=+0.287/+0.656 |Dr|max=0.656 Df=+0.240 | g r=0.086 f=0.323 p=0.412(0.001) max=1.329 | Ld=-0.0636 base=-0.0839 r1=0.0114 path=0.00191 cap=0.00697 | Lg=+0.7650 | 22s | curv=+0.742 wide=+0.899 gfmed=0.148
 2640 post m=8 hq=0.896 fail | Dr=+0.513/+0.885 |Dr|max=0.885 Df=+0.493 | g r=0.093 f=0.155 p=0.388(0.008) max=1.315 | Ld=+0.0174 base=-0.0384 r1=0.0183 path=0.00786 cap=0.0296 | Lg=+0.7345 | 22s | curv=+0.77 wide=+0.909 gfmed=0.100
 2650 post m=8 hq=0.967 PASS | Dr=+0.490/+0.811 |Dr|max=0.811 Df=+0.481 | g r=0.055 f=0.059 p=0.347(0.003) max=1.246 | Ld=+0.0334 base=0.0268 r1=0.00588 path=0.000778 | Lg=+0.7065 | 22s | curv=+0.36 wide=+0.515 gfmed=0.042
 2660 post m=8 hq=0.976 PASS | Dr=+0.470/+0.993 |Dr|max=0.993 Df=+0.453 | g r=0.038 f=0.037 p=0.329(0.000) max=1.232 | Ld=+0.0201 base=0.0129 r1=0.00429 path=0.00299 | Lg=+0.7296 | 22s | curv=+0.218 wide=+0.37 gfmed=0.026
 2670 post m=8 hq=0.981 PASS | Dr=+0.403/+0.898 |Dr|max=0.898 Df=+0.396 | g r=0.042 f=0.042 p=0.317(0.001) max=1.379 | Ld=-0.0122 base=-0.017 r1=0.00395 path=0.000848 | Lg=+0.7441 | 22s | curv=+0.177 wide=+0.318 gfmed=0.034
 2680 post m=8 hq=0.984 PASS | Dr=+0.363/+0.992 |Dr|max=0.992 Df=+0.342 | g r=0.067 f=0.062 p=0.305(0.002) max=1.321 | Ld=+0.0313 base=0.0207 r1=0.00869 path=0.00189 | Lg=+0.7244 | 22s | curv=+0.263 wide=+0.354 gfmed=0.048
 2690 post m=8 hq=0.984 PASS | Dr=+0.290/+1.594 |Dr|max=1.594 Df=+0.256 | g r=0.046 f=0.040 p=0.387(0.001) max=1.690 | Ld=-0.0117 base=-0.02 r1=0.00249 path=0.00577 | Lg=+0.8607 | 22s | curv=+0.215 wide=+0.313 gfmed=0.024
 2700 post m=8 hq=0.986 PASS | Dr=+0.355/+1.377 |Dr|max=1.377 Df=+0.321 | g r=0.029 f=0.025 p=0.334(0.001) max=1.525 | Ld=+0.0136 base=0.0101 r1=0.00217 path=0.00133 cap=2.68e-05 | Lg=+0.7849 | 22s | curv=+0.1 wide=+0.201 gfmed=0.017
 2710 post m=8 hq=0.983 PASS | Dr=+0.314/+1.711 |Dr|max=1.711 Df=+0.269 | g r=0.042 f=0.038 p=0.408(0.001) max=1.760 | Ld=-0.0202 base=-0.0244 r1=0.00289 path=0.0013 | Lg=+0.8485 | 23s | curv=+0.00972 wide=+0.102 gfmed=0.031
 2720 post m=8 hq=0.983 PASS | Dr=+0.240/+1.291 |Dr|max=1.291 Df=+0.215 | g r=0.049 f=0.047 p=0.333(0.002) max=1.566 | Ld=+0.0145 base=0.0043 r1=0.00709 path=0.00263 cap=0.000426 | Lg=+0.7769 | 23s | curv=+0.186 wide=+0.254 gfmed=0.034
 2730 post m=8 hq=0.982 PASS | Dr=+0.198/+1.396 |Dr|max=1.396 Df=+0.169 | g r=0.035 f=0.033 p=0.346(0.000) max=1.725 | Ld=+0.0309 base=0.0227 r1=0.00457 path=0.00361 cap=3.63e-06 | Lg=+0.7860 | 23s | curv=+0.0364 wide=+0.111 gfmed=0.028
 2740 post m=8 hq=0.925 PASS | Dr=+0.221/+1.105 |Dr|max=1.105 Df=+0.208 | g r=0.053 f=0.062 p=0.393(0.001) max=1.748 | Ld=+0.0300 base=0.0161 r1=0.00744 path=0.00646 cap=1.39e-05 | Lg=+0.8146 | 23s | curv=+0.27 wide=+0.344 gfmed=0.045
 2750 post m=8 hq=0.977 PASS | Dr=+0.235/+1.193 |Dr|max=1.193 Df=+0.208 | g r=0.043 f=0.042 p=0.317(0.001) max=1.332 | Ld=+0.0964 base=0.0884 r1=0.00194 path=0.00589 cap=0.000158 | Lg=+0.7495 | 23s | curv=+0.156 wide=+0.23 gfmed=0.031
 2760 post m=8 hq=0.976 PASS | Dr=+0.435/+1.764 |Dr|max=1.764 Df=+0.397 | g r=0.028 f=0.025 p=0.376(0.001) max=1.648 | Ld=-0.0171 base=-0.0205 r1=0.00147 path=0.00192 cap=3.92e-06 | Lg=+0.8280 | 23s | curv=-0.0151 wide=+0.0888 gfmed=0.018
 2770 post m=8 hq=0.967 PASS | Dr=+0.550/+2.438 |Dr|max=2.438 Df=+0.496 | g r=0.066 f=0.068 p=0.531(0.001) max=2.222 | Ld=-0.0427 base=-0.0614 r1=0.00827 path=0.0104 cap=5.03e-06 | Lg=+0.9980 | 23s | curv=+0.159 wide=+0.231 gfmed=0.062
 2780 post m=8 hq=0.979 PASS | Dr=+0.219/+1.595 |Dr|max=1.595 Df=+0.183 | g r=0.028 f=0.026 p=0.412(0.001) max=2.024 | Ld=+0.0015 base=-0.00441 r1=0.00177 path=0.00391 cap=0.000239 | Lg=+0.8538 | 23s | curv=+0.0786 wide=+0.196 gfmed=0.021
 2790 post m=8 hq=0.979 PASS | Dr=+0.344/+1.709 |Dr|max=1.709 Df=+0.302 | g r=0.037 f=0.035 p=0.427(0.000) max=2.240 | Ld=-0.0138 base=-0.0197 r1=0.00303 path=0.00284 | Lg=+0.8698 | 23s | curv=-0.042 wide=+0.0831 gfmed=0.027
 2800 post m=8 hq=0.979 PASS | Dr=+0.486/+2.249 |Dr|max=2.249 Df=+0.448 | g r=0.044 f=0.044 p=0.452(0.001) max=2.202 | Ld=+0.0207 base=0.00983 r1=0.00377 path=0.00473 cap=0.00233 | Lg=+0.8726 | 23s | curv=+0.0722 wide=+0.159 gfmed=0.036
 2810 post m=8 hq=0.983 PASS | Dr=+0.308/+1.186 |Dr|max=1.186 Df=+0.278 | g r=0.036 f=0.039 p=0.361(0.000) max=1.951 | Ld=+0.0431 base=0.0366 r1=0.0044 path=0.00165 cap=0.000431 | Lg=+0.7689 | 23s | curv=+0.0286 wide=+0.148 gfmed=0.026
 2820 post m=8 hq=0.986 PASS | Dr=+0.424/+1.476 |Dr|max=1.476 Df=+0.392 | g r=0.041 f=0.040 p=0.344(0.003) max=1.621 | Ld=+0.0221 base=0.0151 r1=0.00359 path=0.00213 cap=0.00132 | Lg=+0.7905 | 23s | curv=-0.0383 wide=+0.0673 gfmed=0.036
 2830 post m=8 hq=0.980 PASS | Dr=+0.447/+1.708 |Dr|max=1.708 Df=+0.408 | g r=0.053 f=0.051 p=0.414(0.001) max=1.820 | Ld=+0.0092 base=-0.00758 r1=0.0125 path=0.00425 | Lg=+0.8573 | 24s | curv=-0.0559 wide=+0.0532 gfmed=0.045
 2840 post m=8 hq=0.983 PASS | Dr=+0.296/+1.013 |Dr|max=1.013 Df=+0.274 | g r=0.018 f=0.018 p=0.293(0.001) max=1.554 | Ld=+0.0307 base=0.0288 r1=0.000849 path=0.00108 | Lg=+0.7369 | 24s | curv=+0.0206 wide=+0.104 gfmed=0.015
 2850 post m=8 hq=0.983 PASS | Dr=+0.095/+1.220 |Dr|max=1.220 Df=+0.069 | g r=0.047 f=0.041 p=0.365(0.002) max=1.779 | Ld=+0.0282 base=0.0162 r1=0.00572 path=0.00621 | Lg=+0.8281 | 24s | curv=+0.225 wide=+0.306 gfmed=0.039
 2860 post m=8 hq=0.984 PASS | Dr=+0.005/+0.757 |Dr|max=0.757 Df=-0.017 | g r=0.043 f=0.041 p=0.298(0.001) max=1.538 | Ld=+0.0103 base=0.00553 r1=0.00132 path=0.00347 | Lg=+0.7307 | 24s | curv=+0.0721 wide=+0.147 gfmed=0.038
 2870 post m=8 hq=0.987 PASS | Dr=+0.051/+0.683 |Dr|max=0.683 Df=+0.032 | g r=0.044 f=0.042 p=0.307(0.000) max=1.832 | Ld=+0.0152 base=0.00934 r1=0.00426 path=0.0016 | Lg=+0.7293 | 24s | curv=+0.0581 wide=+0.132 gfmed=0.030
 2880 post m=8 hq=0.986 PASS | Dr=+0.194/+1.061 |Dr|max=1.061 Df=+0.166 | g r=0.036 f=0.037 p=0.304(0.001) max=1.820 | Ld=+0.0012 base=-0.00622 r1=0.00505 path=0.00236 | Lg=+0.7612 | 24s | curv=+0.0584 wide=+0.125 gfmed=0.029
 2890 post m=8 hq=0.990 PASS | Dr=+0.208/+1.603 |Dr|max=1.603 Df=+0.180 | g r=0.031 f=0.027 p=0.359(0.001) max=1.877 | Ld=-0.0278 base=-0.0315 r1=0.00197 path=0.00167 | Lg=+0.8429 | 24s | curv=+0.144 wide=+0.222 gfmed=0.017
 2900 post m=8 hq=0.986 PASS | Dr=-0.049/+0.787 |Dr|max=0.787 Df=-0.062 | g r=0.032 f=0.033 p=0.245(0.000) max=1.325 | Ld=+0.0023 base=-0.00135 r1=0.00232 path=0.00134 | Lg=+0.7338 | 24s | curv=+0.201 wide=+0.273 gfmed=0.023
 2910 post m=8 hq=0.986 PASS | Dr=+0.254/+1.472 |Dr|max=1.472 Df=+0.227 | g r=0.028 f=0.026 p=0.307(0.000) max=2.185 | Ld=-0.0026 base=-0.00514 r1=0.00164 path=0.000893 | Lg=+0.7669 | 24s | curv=+0.167 wide=+0.239 gfmed=0.023
 2920 post m=8 hq=0.990 PASS | Dr=+0.081/+0.735 |Dr|max=0.735 Df=+0.059 | g r=0.021 f=0.017 p=0.266(0.001) max=1.963 | Ld=+0.0065 base=0.0033 r1=0.00141 path=0.00176 | Lg=+0.7231 | 24s | curv=+0.0819 wide=+0.164 gfmed=0.014
 2930 post m=8 hq=0.953 PASS | Dr=+0.218/+1.869 |Dr|max=1.869 Df=+0.171 | g r=0.122 f=0.132 p=0.518(0.007) max=3.453 | Ld=-0.0370 base=-0.0465 r1=0.00698 path=0.00252 cap=7.42e-06 | Lg=+0.9263 | 24s | curv=+0.0283 wide=+0.116 gfmed=0.101
 2940 post m=8 hq=0.993 PASS | Dr=+0.294/+1.665 |Dr|max=1.665 Df=+0.253 | g r=0.026 f=0.023 p=0.356(0.001) max=2.709 | Ld=-0.0135 base=-0.0172 r1=0.00159 path=0.00209 | Lg=+0.8082 | 24s | curv=+0.00829 wide=+0.0876 gfmed=0.018
 2950 post m=8 hq=0.990 PASS | Dr=+0.118/+1.177 |Dr|max=1.177 Df=+0.097 | g r=0.040 f=0.038 p=0.352(0.000) max=2.110 | Ld=-0.0153 base=-0.019 r1=0.0013 path=0.00219 cap=0.000191 | Lg=+0.7765 | 24s | curv=-0.0558 wide=+0.0385 gfmed=0.028
 2960 post m=8 hq=0.990 PASS | Dr=+0.294/+1.836 |Dr|max=1.836 Df=+0.242 | g r=0.041 f=0.036 p=0.439(0.001) max=3.236 | Ld=-0.0056 base=-0.0108 r1=0.00416 path=0.00101 | Lg=+0.8748 | 25s | curv=-0.00709 wide=+0.0866 gfmed=0.027
 2970 post m=8 hq=0.942 PASS | Dr=+0.353/+2.004 |Dr|max=2.004 Df=+0.305 | g r=0.037 f=0.038 p=0.445(0.002) max=2.871 | Ld=+0.0408 base=0.0203 r1=0.00721 path=0.01 cap=0.00323 | Lg=+0.8564 | 25s | curv=+0.114 wide=+0.193 gfmed=0.025
 2980 post m=8 hq=0.990 PASS | Dr=+0.311/+1.869 |Dr|max=1.869 Df=+0.263 | g r=0.031 f=0.029 p=0.392(0.000) max=2.747 | Ld=+0.0000 base=-0.00531 r1=0.00349 path=0.000665 cap=0.00118 | Lg=+0.8382 | 25s | curv=+0.12 wide=+0.201 gfmed=0.017
 2990 post m=8 hq=0.889 fail | Dr=+0.117/+1.483 |Dr|max=1.483 Df=+0.073 | g r=0.111 f=0.118 p=0.460(0.002) max=3.345 | Ld=+0.0047 base=-0.00619 r1=0.00624 path=0.00467 | Lg=+0.8649 | 25s | curv=+0.146 wide=+0.204 gfmed=0.101
 3000 post m=8 hq=0.985 PASS | Dr=+0.264/+1.720 |Dr|max=1.720 Df=+0.214 | g r=0.041 f=0.038 p=0.403(0.001) max=2.917 | Ld=+0.0175 base=0.00661 r1=0.00335 path=0.00484 cap=0.00269 | Lg=+0.8436 | 25s | curv=+0.144 wide=+0.198 gfmed=0.028
 3010 post m=8 hq=0.980 PASS | Dr=+0.371/+2.605 |Dr|max=2.605 Df=+0.307 | g r=0.067 f=0.066 p=0.538(0.002) max=3.168 | Ld=-0.0587 base=-0.0674 r1=0.00376 path=0.00389 cap=0.00108 | Lg=+1.0088 | 25s | curv=+0.092 wide=+0.147 gfmed=0.046
 3020 post m=8 hq=0.978 PASS | Dr=+0.500/+2.463 |Dr|max=2.463 Df=+0.434 | g r=0.037 f=0.039 p=0.504(0.000) max=3.039 | Ld=-0.0375 base=-0.0455 r1=0.0033 path=0.00475 | Lg=+0.9565 | 25s | curv=-0.0269 wide=+0.0628 gfmed=0.025
 3030 post m=8 hq=0.916 PASS | Dr=+0.254/+1.872 |Dr|max=1.872 Df=+0.195 | g r=0.064 f=0.078 p=0.452(0.003) max=2.590 | Ld=+0.0313 base=0.00636 r1=0.0121 path=0.0126 cap=0.000215 | Lg=+0.8863 | 25s | curv=+0.161 wide=+0.296 gfmed=0.056
 3040 post m=8 hq=0.978 PASS | Dr=+0.700/+2.960 |Dr|max=2.960 Df=+0.629 | g r=0.047 f=0.047 p=0.645(0.001) max=3.387 | Ld=-0.0017 base=-0.0101 r1=0.00284 path=0.0043 cap=0.00129 | Lg=+1.0997 | 25s | curv=+0.178 wide=+0.305 gfmed=0.032
 3050 post m=8 hq=0.971 PASS | Dr=+0.406/+2.635 |Dr|max=2.635 Df=+0.338 | g r=0.028 f=0.026 p=0.564(0.001) max=2.993 | Ld=-0.0146 base=-0.0192 r1=0.00191 path=0.00274 | Lg=+1.0090 | 25s | curv=+0.082 wide=+0.199 gfmed=0.018
 3060 post m=8 hq=0.963 PASS | Dr=+0.681/+3.537 |Dr|max=3.537 Df=+0.601 | g r=0.095 f=0.092 p=0.676(0.001) max=4.034 | Ld=-0.0148 base=-0.0248 r1=0.00735 path=0.00264 | Lg=+1.1428 | 25s | curv=+0.122 wide=+0.249 gfmed=0.069
 3070 post m=8 hq=0.944 PASS | Dr=+0.666/+3.129 |Dr|max=3.129 Df=+0.585 | g r=0.077 f=0.070 p=0.699(0.002) max=3.979 | Ld=-0.0440 base=-0.0532 r1=0.00499 path=0.00412 cap=6.09e-05 | Lg=+1.1412 | 25s | curv=+0.00976 wide=+0.152 gfmed=0.050
 3080 post m=8 hq=0.983 PASS | Dr=+0.265/+1.925 |Dr|max=1.925 Df=+0.204 | g r=0.023 f=0.023 p=0.494(0.002) max=3.117 | Ld=-0.0025 base=-0.00907 r1=0.00157 path=0.00341 cap=0.00163 | Lg=+0.9203 | 25s | curv=+0.0778 wide=+0.199 gfmed=0.016
 3090 post m=8 hq=0.984 PASS | Dr=+0.372/+1.952 |Dr|max=1.952 Df=+0.321 | g r=0.035 f=0.036 p=0.431(0.001) max=2.642 | Ld=-0.0500 base=-0.0549 r1=0.00267 path=0.00202 cap=0.000161 | Lg=+0.9075 | 26s | curv=+0.0975 wide=+0.198 gfmed=0.023
 3100 post m=8 hq=0.987 PASS | Dr=+0.286/+1.222 |Dr|max=1.222 Df=+0.253 | g r=0.024 f=0.024 p=0.375(0.001) max=2.581 | Ld=-0.0089 base=-0.0118 r1=0.000924 path=0.00158 cap=0.000382 | Lg=+0.7993 | 26s | curv=+0.0396 wide=+0.118 gfmed=0.018
 3110 post m=8 hq=0.991 PASS | Dr=+0.240/+1.122 |Dr|max=1.122 Df=+0.206 | g r=0.025 f=0.024 p=0.317(0.001) max=2.201 | Ld=+0.0211 base=0.0174 r1=0.00287 path=0.000725 cap=6.33e-05 | Lg=+0.7766 | 26s | curv=+0.00505 wide=+0.082 gfmed=0.021
 3120 post m=8 hq=0.988 PASS | Dr=+0.417/+2.137 |Dr|max=2.137 Df=+0.367 | g r=0.038 f=0.037 p=0.450(0.001) max=2.799 | Ld=-0.0216 base=-0.0306 r1=0.00476 path=0.00321 cap=0.000945 | Lg=+0.9473 | 26s | curv=+0.0189 wide=+0.105 gfmed=0.029
 3130 post m=8 hq=0.983 PASS | Dr=+0.352/+2.379 |Dr|max=2.379 Df=+0.295 | g r=0.035 f=0.035 p=0.535(0.001) max=3.423 | Ld=+0.0422 base=0.0289 r1=0.00843 path=0.00478 cap=4.44e-05 | Lg=+0.9664 | 26s | curv=+0.0681 wide=+0.171 gfmed=0.030
 3140 post m=8 hq=0.980 PASS | Dr=+0.584/+3.325 |Dr|max=3.325 Df=+0.505 | g r=0.062 f=0.061 p=0.633(0.001) max=3.712 | Ld=-0.0337 base=-0.0405 r1=0.00444 path=0.00228 cap=9.01e-05 | Lg=+1.1030 | 26s | curv=+0.0926 wide=+0.195 gfmed=0.050
 3150 post m=8 hq=0.982 PASS | Dr=+0.084/+1.565 |Dr|max=1.565 Df=+0.042 | g r=0.060 f=0.060 p=0.427(0.001) max=2.867 | Ld=+0.0332 base=0.0205 r1=0.00625 path=0.0016 cap=0.00486 | Lg=+0.8196 | 26s | curv=+0.151 wide=+0.218 gfmed=0.043
 3160 post m=8 hq=0.979 PASS | Dr=+0.508/+2.934 |Dr|max=2.934 Df=+0.433 | g r=0.045 f=0.057 p=0.571(0.001) max=3.908 | Ld=-0.0412 base=-0.0494 r1=0.00467 path=0.00291 cap=0.00062 | Lg=+1.0487 | 26s | curv=+0.199 wide=+0.306 gfmed=0.036
 3170 post m=8 hq=0.979 PASS | Dr=+0.459/+2.237 |Dr|max=2.237 Df=+0.403 | g r=0.025 f=0.027 p=0.467(0.002) max=3.053 | Ld=-0.0047 base=-0.00754 r1=0.00125 path=0.00161 | Lg=+0.9023 | 26s | curv=+0.0597 wide=+0.155 gfmed=0.020
 3180 post m=8 hq=0.985 PASS | Dr=+0.112/+1.405 |Dr|max=1.405 Df=+0.068 | g r=0.040 f=0.037 p=0.430(0.001) max=2.300 | Ld=+0.0277 base=0.0213 r1=0.00404 path=0.00175 cap=0.000561 | Lg=+0.8047 | 26s | curv=+0.14 wide=+0.266 gfmed=0.030
 3190 post m=8 hq=0.984 PASS | Dr=+0.506/+2.325 |Dr|max=2.325 Df=+0.446 | g r=0.052 f=0.050 p=0.507(0.001) max=2.748 | Ld=-0.0416 base=-0.0569 r1=0.0036 path=0.0071 cap=0.0046 | Lg=+0.9518 | 26s | curv=+0.241 wide=+0.324 gfmed=0.041
 3200 post m=8 hq=0.984 PASS | Dr=+0.644/+2.804 |Dr|max=2.804 Df=+0.579 | g r=0.026 f=0.026 p=0.555(0.001) max=3.247 | Ld=-0.0292 base=-0.0344 r1=0.00252 path=0.000828 cap=0.00186 | Lg=+1.0051 | 26s | curv=+0.0183 wide=+0.0953 gfmed=0.020
 3210 post m=8 hq=0.962 PASS | Dr=+0.632/+3.184 |Dr|max=3.184 Df=+0.553 | g r=0.052 f=0.061 p=0.647(0.001) max=3.577 | Ld=+0.0417 base=0.0259 r1=0.00577 path=0.00779 cap=0.00221 | Lg=+1.0868 | 27s | curv=+0.0124 wide=+0.155 gfmed=0.041
 3220 post m=8 hq=0.903 PASS | Dr=+0.248/+1.854 |Dr|max=1.854 Df=+0.195 | g r=0.058 f=0.075 p=0.486(0.002) max=2.420 | Ld=+0.0071 base=-0.0315 r1=0.00737 path=0.0312 | Lg=+0.9132 | 27s | curv=+0.286 wide=+0.383 gfmed=0.038
 3230 post m=8 hq=0.892 fail | Dr=+0.774/+2.992 |Dr|max=2.992 Df=+0.703 | g r=0.054 f=0.075 p=0.605(0.001) max=3.312 | Ld=-0.0154 base=-0.0268 r1=0.00764 path=0.00369 | Lg=+1.0654 | 27s | curv=+0.314 wide=+0.414 gfmed=0.036
 3240 post m=8 hq=0.984 PASS | Dr=+0.413/+1.782 |Dr|max=1.782 Df=+0.372 | g r=0.042 f=0.039 p=0.426(0.000) max=2.237 | Ld=+0.0479 base=0.0405 r1=0.00612 path=0.00132 | Lg=+0.8288 | 27s | curv=+0.128 wide=+0.226 gfmed=0.034
 3250 post m=8 hq=0.985 PASS | Dr=+0.356/+1.570 |Dr|max=1.570 Df=+0.319 | g r=0.029 f=0.031 p=0.384(0.001) max=2.116 | Ld=+0.0060 base=0.00359 r1=0.00129 path=0.00108 | Lg=+0.8052 | 27s | curv=+0.0553 wide=+0.156 gfmed=0.019
 3260 post m=8 hq=0.981 PASS | Dr=+0.635/+2.477 |Dr|max=2.477 Df=+0.589 | g r=0.064 f=0.065 p=0.461(0.002) max=2.545 | Ld=-0.0456 base=-0.0522 r1=0.00319 path=0.00339 | Lg=+0.9601 | 27s | curv=+0.0378 wide=+0.128 gfmed=0.033
 3270 post m=8 hq=0.931 PASS | Dr=+0.430/+1.857 |Dr|max=1.857 Df=+0.389 | g r=0.085 f=0.074 p=0.449(0.001) max=2.593 | Ld=+0.0822 base=0.0667 r1=0.0118 path=0.00375 | Lg=+0.8961 | 27s | curv=+0.253 wide=+0.314 gfmed=0.068
 3280 post m=8 hq=0.975 PASS | Dr=+0.376/+2.006 |Dr|max=2.006 Df=+0.342 | g r=0.067 f=0.069 p=0.406(0.002) max=2.343 | Ld=+0.0462 base=0.0296 r1=0.00768 path=0.00895 cap=1.21e-05 | Lg=+0.8458 | 27s | curv=+0.0186 wide=+0.111 gfmed=0.043
 3290 post m=7 hq=0.756 fail | Dr=+0.010/+0.964 |Dr|max=0.964 Df=-0.027 | g r=0.059 f=0.142 p=0.409(0.001) max=2.254 | Ld=+0.1044 base=-0.00523 r1=0.00714 path=0.103 | Lg=+0.7736 | 27s | curv=+0.331 wide=+0.423 gfmed=0.058
 3300 post m=7 hq=0.571 fail | Dr=+0.140/+1.401 |Dr|max=1.401 Df=+0.065 | g r=0.065 f=0.180 p=0.442(0.001) max=2.176 | Ld=-0.0341 base=-0.0485 r1=0.00664 path=0.00782 | Lg=+0.8251 | 27s | curv=+0.57 wide=+0.663 gfmed=0.062
 3310 post m=8 hq=0.980 PASS | Dr=+0.535/+2.015 |Dr|max=2.015 Df=+0.495 | g r=0.031 f=0.026 p=0.413(0.001) max=2.543 | Ld=-0.0110 base=-0.0162 r1=0.00203 path=0.00323 | Lg=+0.8599 | 27s | curv=+0.196 wide=+0.306 gfmed=0.019
 3320 post m=8 hq=0.986 PASS | Dr=+0.465/+2.104 |Dr|max=2.104 Df=+0.420 | g r=0.030 f=0.030 p=0.424(0.000) max=2.470 | Ld=-0.0167 base=-0.021 r1=0.00175 path=0.00201 cap=0.000511 | Lg=+0.8828 | 27s | curv=+0.0543 wide=+0.18 gfmed=0.023
 3330 post m=8 hq=0.990 PASS | Dr=+0.288/+1.384 |Dr|max=1.384 Df=+0.259 | g r=0.039 f=0.036 p=0.350(0.001) max=2.243 | Ld=+0.0514 base=0.0463 r1=0.00205 path=0.0031 | Lg=+0.7488 | 28s | curv=+0.0754 wide=+0.184 gfmed=0.030
 3340 post m=8 hq=0.975 PASS | Dr=+0.108/+0.549 |Dr|max=1.067 Df=+0.092 | g r=0.041 f=0.041 p=0.322(0.001) max=2.065 | Ld=-0.0075 base=-0.0136 r1=0.00308 path=0.00308 | Lg=+0.7436 | 28s | curv=+0.131 wide=+0.191 gfmed=0.033
 3350 post m=8 hq=0.985 PASS | Dr=+0.237/+0.884 |Dr|max=0.884 Df=+0.222 | g r=0.022 f=0.021 p=0.315(0.000) max=1.697 | Ld=+0.0038 base=0.00239 r1=0.000845 path=0.000589 | Lg=+0.7387 | 28s | curv=+0.0464 wide=+0.132 gfmed=0.017
 3360 post m=8 hq=0.990 PASS | Dr=+0.121/+0.504 |Dr|max=0.542 Df=+0.118 | g r=0.035 f=0.032 p=0.320(0.001) max=1.821 | Ld=+0.0042 base=-0.00175 r1=0.00447 path=0.0015 | Lg=+0.7270 | 28s | curv=+0.0254 wide=+0.0807 gfmed=0.026
 3370 post m=8 hq=0.958 PASS | Dr=+0.118/+0.827 |Dr|max=1.025 Df=+0.120 | g r=0.090 f=0.093 p=0.381(0.002) max=1.529 | Ld=-0.0063 base=-0.0111 r1=0.00388 path=0.000987 | Lg=+0.7720 | 28s | curv=-0.0759 wide=+0.000945 gfmed=0.066
 3380 post m=8 hq=0.786 fail | Dr=+0.052/+0.658 |Dr|max=0.722 Df=+0.035 | g r=0.075 f=0.126 p=0.389(0.004) max=1.740 | Ld=+0.0170 base=-0.01 r1=0.00923 path=0.0178 cap=1.89e-06 | Lg=+0.7520 | 28s | curv=+0.595 wide=+0.68 gfmed=0.078
 3390 post m=8 hq=0.982 PASS | Dr=+0.307/+1.484 |Dr|max=1.484 Df=+0.277 | g r=0.030 f=0.030 p=0.377(0.000) max=2.734 | Ld=-0.0200 base=-0.0249 r1=0.00156 path=0.00332 | Lg=+0.7775 | 28s | curv=+0.0939 wide=+0.198 gfmed=0.025
 3400 post m=8 hq=0.922 PASS | Dr=+0.406/+1.743 |Dr|max=1.743 Df=+0.370 | g r=0.077 f=0.066 p=0.471(0.001) max=3.271 | Ld=-0.0169 base=-0.025 r1=0.00502 path=0.0031 | Lg=+0.8497 | 28s | curv=+0.123 wide=+0.205 gfmed=0.039
 3410 post m=8 hq=0.989 PASS | Dr=+0.499/+1.984 |Dr|max=1.984 Df=+0.463 | g r=0.031 f=0.029 p=0.394(0.001) max=2.712 | Ld=+0.0106 base=0.00786 r1=0.00153 path=0.00119 | Lg=+0.8033 | 28s | curv=+0.0254 wide=+0.106 gfmed=0.024
 3420 post m=8 hq=0.979 PASS | Dr=+0.374/+2.041 |Dr|max=2.041 Df=+0.325 | g r=0.078 f=0.074 p=0.493(0.003) max=2.976 | Ld=+0.0055 base=-0.00195 r1=0.00639 path=0.00111 | Lg=+0.8544 | 28s | curv=-0.119 wide=-0.0199 gfmed=0.061
 3430 post m=8 hq=0.989 PASS | Dr=+0.643/+2.488 |Dr|max=2.488 Df=+0.595 | g r=0.050 f=0.052 p=0.452(0.000) max=3.075 | Ld=+0.0170 base=0.00745 r1=0.00388 path=0.0057 cap=1.17e-05 | Lg=+0.8876 | 28s | curv=+0.0151 wide=+0.118 gfmed=0.040
 3440 post m=8 hq=0.992 PASS | Dr=+0.182/+1.748 |Dr|max=1.748 Df=+0.140 | g r=0.043 f=0.042 p=0.435(0.001) max=2.743 | Ld=-0.0121 base=-0.0163 r1=0.00287 path=0.00133 | Lg=+0.8485 | 29s | curv=-0.0255 wide=+0.0474 gfmed=0.030
 3450 post m=8 hq=0.983 PASS | Dr=+0.225/+1.136 |Dr|max=1.136 Df=+0.203 | g r=0.032 f=0.029 p=0.384(0.001) max=2.004 | Ld=-0.0254 base=-0.0292 r1=0.00194 path=0.0018 | Lg=+0.7802 | 29s | curv=+0.163 wide=+0.24 gfmed=0.023
 3460 post m=8 hq=0.993 PASS | Dr=+0.254/+1.229 |Dr|max=1.229 Df=+0.228 | g r=0.025 f=0.024 p=0.364(0.001) max=2.159 | Ld=-0.0080 base=-0.0099 r1=0.00136 path=0.000547 | Lg=+0.7744 | 29s | curv=+0.0661 wide=+0.15 gfmed=0.015
 3470 post m=8 hq=0.993 PASS | Dr=+0.447/+1.646 |Dr|max=1.646 Df=+0.409 | g r=0.025 f=0.023 p=0.382(0.001) max=2.468 | Ld=-0.0250 base=-0.0286 r1=0.00121 path=0.00236 | Lg=+0.8102 | 29s | curv=+0.0464 wide=+0.136 gfmed=0.018
 3480 post m=8 hq=0.925 PASS | Dr=+0.333/+1.763 |Dr|max=1.763 Df=+0.287 | g r=0.047 f=0.057 p=0.413(0.001) max=2.471 | Ld=+0.0599 base=0.0153 r1=0.00925 path=0.0337 cap=0.00163 | Lg=+0.8313 | 29s | curv=+0.131 wide=+0.266 gfmed=0.037
 3490 post m=8 hq=0.988 PASS | Dr=+0.728/+2.971 |Dr|max=2.971 Df=+0.668 | g r=0.082 f=0.082 p=0.571(0.001) max=3.680 | Ld=-0.0148 base=-0.0247 r1=0.00831 path=0.00127 cap=0.000254 | Lg=+1.0389 | 29s | curv=+0.0883 wide=+0.215 gfmed=0.074
 3500 post m=8 hq=0.991 PASS | Dr=+0.447/+2.196 |Dr|max=2.196 Df=+0.390 | g r=0.041 f=0.039 p=0.529(0.000) max=3.193 | Ld=-0.0481 base=-0.0507 r1=0.00198 path=0.00062 | Lg=+0.9342 | 29s | curv=+0.0289 wide=+0.148 gfmed=0.035
 3510 post m=8 hq=0.982 PASS | Dr=+0.639/+2.851 |Dr|max=2.851 Df=+0.571 | g r=0.032 f=0.033 p=0.605(0.001) max=3.390 | Ld=-0.0185 base=-0.0221 r1=0.00259 path=0.00096 | Lg=+1.0625 | 29s | curv=+0.038 wide=+0.138 gfmed=0.029
 3520 post m=8 hq=0.988 PASS | Dr=+0.538/+2.536 |Dr|max=2.536 Df=+0.476 | g r=0.063 f=0.061 p=0.575(0.001) max=3.202 | Ld=-0.0267 base=-0.0461 r1=0.00903 path=0.00989 cap=0.000476 | Lg=+0.9905 | 29s | curv=+0.132 wide=+0.22 gfmed=0.045
 3530 post m=8 hq=0.984 PASS | Dr=+0.657/+2.931 |Dr|max=2.931 Df=+0.588 | g r=0.057 f=0.061 p=0.676(0.001) max=3.879 | Ld=-0.0243 base=-0.0356 r1=0.00279 path=0.00582 cap=0.00265 | Lg=+1.1439 | 29s | curv=+0.0317 wide=+0.15 gfmed=0.039
 3540 post m=8 hq=0.995 PASS | Dr=+0.310/+1.415 |Dr|max=1.415 Df=+0.282 | g r=0.037 f=0.036 p=0.368(0.000) max=2.606 | Ld=+0.0287 base=0.0247 r1=0.00318 path=0.000778 | Lg=+0.7821 | 29s | curv=+0.00826 wide=+0.063 gfmed=0.029
 3550 post m=8 hq=0.993 PASS | Dr=+0.612/+2.671 |Dr|max=2.671 Df=+0.555 | g r=0.044 f=0.041 p=0.552(0.001) max=3.292 | Ld=-0.0413 base=-0.0499 r1=0.00529 path=0.00332 | Lg=+0.9970 | 29s | curv=+0.137 wide=+0.237 gfmed=0.030
 3560 post m=8 hq=0.996 PASS | Dr=+0.468/+2.317 |Dr|max=2.317 Df=+0.421 | g r=0.024 f=0.022 p=0.435(0.001) max=2.986 | Ld=-0.0163 base=-0.0185 r1=0.00112 path=0.00101 | Lg=+0.8556 | 30s | curv=+0.0179 wide=+0.113 gfmed=0.018
 3570 post m=8 hq=0.996 PASS | Dr=+0.676/+3.097 |Dr|max=3.097 Df=+0.617 | g r=0.052 f=0.051 p=0.544(0.001) max=3.476 | Ld=-0.0141 base=-0.0206 r1=0.00514 path=0.0013 | Lg=+0.9901 | 30s | curv=+0.285 wide=+0.335 gfmed=0.028
 3580 post m=8 hq=0.992 PASS | Dr=+0.376/+2.388 |Dr|max=2.388 Df=+0.325 | g r=0.064 f=0.059 p=0.461(0.002) max=3.262 | Ld=+0.0283 base=0.0112 r1=0.00811 path=0.00703 cap=0.00197 | Lg=+0.9127 | 30s | curv=+0.16 wide=+0.233 gfmed=0.053
 3590 post m=8 hq=0.993 PASS | Dr=+0.196/+1.657 |Dr|max=1.657 Df=+0.160 | g r=0.036 f=0.034 p=0.417(0.001) max=3.181 | Ld=+0.0167 base=0.012 r1=0.00159 path=0.00304 | Lg=+0.8566 | 30s | curv=+0.0353 wide=+0.0977 gfmed=0.027
 3600 post m=8 hq=0.993 PASS | Dr=+0.336/+1.425 |Dr|max=1.425 Df=+0.304 | g r=0.018 f=0.018 p=0.341(0.000) max=2.269 | Ld=-0.0248 base=-0.0278 r1=0.000592 path=0.000647 cap=0.00182 | Lg=+0.8024 | 30s | curv=+0.0445 wide=+0.0992 gfmed=0.015
 3610 post m=8 hq=0.977 PASS | Dr=+0.081/+1.096 |Dr|max=1.190 Df=+0.056 | g r=0.025 f=0.024 p=0.394(0.000) max=2.801 | Ld=-0.0041 base=-0.00818 r1=0.0017 path=0.00235 | Lg=+0.8019 | 30s | curv=+0.0739 wide=+0.139 gfmed=0.019
 3620 post m=8 hq=0.991 PASS | Dr=+0.305/+1.295 |Dr|max=1.295 Df=+0.281 | g r=0.018 f=0.017 p=0.360(0.001) max=2.358 | Ld=-0.0084 base=-0.0101 r1=0.000659 path=0.00111 | Lg=+0.7807 | 30s | curv=+0.0584 wide=+0.111 gfmed=0.013
 3630 post m=8 hq=0.932 PASS | Dr=+0.572/+2.423 |Dr|max=2.423 Df=+0.522 | g r=0.053 f=0.063 p=0.457(0.000) max=3.072 | Ld=-0.0048 base=-0.0116 r1=0.00367 path=0.00154 cap=0.00165 | Lg=+0.9288 | 30s | curv=-0.0758 wide=+0.017 gfmed=0.034
 3640 post m=8 hq=0.977 PASS | Dr=+0.005/+0.640 |Dr|max=0.871 Df=-0.009 | g r=0.023 f=0.024 p=0.255(0.000) max=1.540 | Ld=+0.0320 base=0.0271 r1=0.000873 path=0.00395 | Lg=+0.7220 | 30s | curv=+0.044 wide=+0.0862 gfmed=0.020
 3650 post m=8 hq=0.992 PASS | Dr=+0.073/+0.574 |Dr|max=0.574 Df=+0.059 | g r=0.023 f=0.022 p=0.199(0.000) max=1.563 | Ld=+0.0358 base=0.0318 r1=0.00132 path=0.00269 | Lg=+0.7178 | 30s | curv=+0.0843 wide=+0.124 gfmed=0.016
 3660 post m=7 hq=0.382 fail | Dr=+0.355/+1.212 |Dr|max=1.212 Df=+0.284 | g r=0.093 f=0.290 p=0.376(0.002) max=2.341 | Ld=+1.1517 base=-0.0306 r1=0.00852 path=1.17 cap=0.00403 | Lg=+0.8432 | 30s | curv=+0.48 wide=+0.546 gfmed=0.208
 3670 post m=8 hq=0.719 fail | Dr=+0.027/+0.415 |Dr|max=0.582 Df=-0.003 | g r=0.066 f=0.164 p=0.327(0.003) max=1.500 | Ld=+0.0339 base=-0.0291 r1=0.0095 path=0.0523 cap=0.0011 | Lg=+0.7300 | 30s | curv=+0.523 wide=+0.602 gfmed=0.050
 3680 post m=3 hq=0.053 fail | Dr=-0.078/+0.446 |Dr|max=0.446 Df=-0.336 | g r=0.182 f=0.647 p=0.599(0.004) max=1.955 | Ld=-0.0193 base=-0.294 r1=0.0372 path=0.196 cap=0.0413 | Lg=+0.9236 | 31s | curv=+1.57 wide=+1.72 gfmed=0.657
 3690 post m=2 hq=0.010 fail | Dr=-1.161/-0.783 |Dr|max=1.696 Df=-1.569 | g r=0.306 f=0.543 p=0.557(0.013) max=2.002 | Ld=+0.4255 base=-0.471 r1=0.221 path=0.318 cap=0.358 | Lg=+0.9324 | 31s | curv=+2.25 wide=+2.36 gfmed=0.517
 3700 post m=0 hq=0.000 fail | Dr=-2.080/-1.341 |Dr|max=3.253 Df=-2.398 | g r=0.351 f=0.690 p=0.738(0.001) max=2.351 | Ld=+5.4774 base=-0.783 r1=0.0739 path=6.03 cap=0.159 | Lg=+2.1049 | 31s | curv=+2.82 wide=+2.93 gfmed=0.632
 3710 post m=0 hq=0.000 fail | Dr=-1.760/-0.873 |Dr|max=2.384 Df=-2.684 | g r=0.260 f=0.498 p=0.632(0.009) max=2.438 | Ld=-0.1318 base=-0.735 r1=0.0943 path=0.474 cap=0.035 | Lg=+1.3030 | 31s | curv=+2.05 wide=+2.21 gfmed=0.453
 3720 post m=1 hq=0.001 fail | Dr=-1.615/-0.446 |Dr|max=3.030 Df=-1.836 | g r=0.442 f=0.835 p=0.780(0.004) max=2.657 | Ld=+56.7253 base=-0.185 r1=0.126 path=56.7 cap=0.0942 | Lg=+1.5985 | 31s | curv=+2.57 wide=+2.67 gfmed=0.842
 3730 post m=0 hq=0.000 fail | Dr=-1.679/-1.020 |Dr|max=2.411 Df=-2.492 | g r=0.295 f=0.588 p=0.655(0.020) max=2.630 | Ld=-0.4135 base=-0.778 r1=0.094 path=0.27 cap=9.72e-05 | Lg=+1.3225 | 31s | curv=+2.41 wide=+2.58 gfmed=0.595
 3740 post m=3 hq=0.079 fail | Dr=-1.815/-1.503 |Dr|max=2.190 Df=-2.351 | g r=0.200 f=0.625 p=0.627(0.013) max=1.935 | Ld=+0.1529 base=-0.453 r1=0.0684 path=0.0873 cap=0.451 | Lg=+0.9852 | 31s | curv=+1.57 wide=+1.81 gfmed=0.592
 3750 post m=1 hq=0.003 fail | Dr=-2.086/-1.681 |Dr|max=2.931 Df=-2.783 | g r=0.222 f=0.588 p=0.641(0.011) max=1.769 | Ld=-0.4460 base=-0.843 r1=0.0749 path=0.198 cap=0.124 | Lg=+1.2218 | 31s | curv=+2.1 wide=+2.24 gfmed=0.468
 3760 post m=3 hq=0.010 fail | Dr=-2.428/-1.754 |Dr|max=3.597 Df=-3.138 | g r=0.242 f=0.628 p=0.703(0.003) max=2.125 | Ld=-0.5712 base=-0.762 r1=0.0681 path=0.0432 cap=0.0794 | Lg=+1.2675 | 31s | curv=+2.2 wide=+2.34 gfmed=0.583
 3770 post m=2 hq=0.015 fail | Dr=-2.673/-2.268 |Dr|max=3.338 Df=-3.387 | g r=0.302 f=0.672 p=0.699(0.013) max=2.097 | Ld=-0.2195 base=-0.681 r1=0.102 path=0.273 cap=0.0872 | Lg=+1.1451 | 31s | curv=+2.74 wide=+2.88 gfmed=0.659
 3780 post m=5 hq=0.034 fail | Dr=-2.531/-1.754 |Dr|max=2.972 Df=-3.033 | g r=0.226 f=0.707 p=0.654(0.008) max=1.951 | Ld=-0.3283 base=-0.545 r1=0.0785 path=0.0596 cap=0.0789 | Lg=+1.0344 | 31s | curv=+2.25 wide=+2.43 gfmed=0.682
 3790 post m=6 hq=0.091 fail | Dr=-2.680/-2.113 |Dr|max=2.993 Df=-3.233 | g r=0.222 f=0.672 p=0.636(0.004) max=1.674 | Ld=-0.4108 base=-0.525 r1=0.0814 path=0.0124 cap=0.0201 | Lg=+1.0721 | 31s | curv=+1.99 wide=+2.21 gfmed=0.630
 3800 post m=8 hq=0.026 fail | Dr=-2.505/-2.167 |Dr|max=2.932 Df=-3.000 | g r=0.211 f=0.638 p=0.624(0.002) max=1.606 | Ld=-0.3570 base=-0.456 r1=0.0657 path=0.00403 cap=0.0297 | Lg=+0.9795 | 32s | curv=+1.67 wide=+1.96 gfmed=0.643
 3810 post m=5 hq=0.049 fail | Dr=-2.274/-1.997 |Dr|max=2.786 Df=-2.680 | g r=0.214 f=0.669 p=0.592(0.006) max=1.806 | Ld=-0.2742 base=-0.417 r1=0.0641 path=0.014 cap=0.0647 | Lg=+0.9583 | 32s | curv=+1.8 wide=+2.04 gfmed=0.703
 3820 post m=2 hq=0.008 fail | Dr=-2.361/-2.066 |Dr|max=2.774 Df=-2.878 | g r=0.217 f=0.676 p=0.594(0.008) max=1.534 | Ld=-0.2905 base=-0.398 r1=0.0666 path=0.0243 cap=0.017 | Lg=+0.9811 | 32s | curv=+1.91 wide=+2.16 gfmed=0.680
 3830 post m=4 hq=0.074 fail | Dr=-2.056/-1.702 |Dr|max=2.760 Df=-2.538 | g r=0.198 f=0.721 p=0.606(0.006) max=1.583 | Ld=-0.2944 base=-0.398 r1=0.0517 path=0.0309 cap=0.0211 | Lg=+0.9439 | 32s | curv=+2.13 wide=+2.34 gfmed=0.787
 3840 post m=7 hq=0.116 fail | Dr=-1.593/-1.151 |Dr|max=2.150 Df=-2.022 | g r=0.197 f=0.664 p=0.605(0.011) max=1.688 | Ld=-0.4070 base=-0.578 r1=0.091 path=0.0128 cap=0.0673 | Lg=+1.0987 | 32s | curv=+1.78 wide=+1.97 gfmed=0.666
 3850 post m=5 hq=0.136 fail | Dr=-1.531/-1.043 |Dr|max=2.005 Df=-2.091 | g r=0.197 f=0.673 p=0.748(0.011) max=2.016 | Ld=-0.3815 base=-0.559 r1=0.0662 path=0.103 cap=0.00848 | Lg=+1.1862 | 32s | curv=+1.87 wide=+2.15 gfmed=0.662
 3860 post m=8 hq=0.167 fail | Dr=-1.563/-1.088 |Dr|max=2.038 Df=-1.898 | g r=0.188 f=0.617 p=0.605(0.003) max=1.742 | Ld=-0.3591 base=-0.461 r1=0.049 path=0.00468 cap=0.0479 | Lg=+0.9783 | 32s | curv=+1.66 wide=+1.91 gfmed=0.601
 3870 post m=8 hq=0.224 fail | Dr=-1.498/-0.998 |Dr|max=2.263 Df=-1.813 | g r=0.244 f=0.582 p=0.599(0.009) max=1.942 | Ld=-0.3306 base=-0.499 r1=0.09 path=0.00956 cap=0.0684 | Lg=+1.0217 | 32s | curv=+1.44 wide=+1.68 gfmed=0.522
 3880 post m=7 hq=0.088 fail | Dr=-1.258/-0.860 |Dr|max=2.035 Df=-1.579 | g r=0.231 f=0.567 p=0.563(0.003) max=1.589 | Ld=-0.3190 base=-0.49 r1=0.0568 path=0.0194 cap=0.0946 | Lg=+0.9361 | 32s | curv=+1.43 wide=+1.58 gfmed=0.559
 3890 post m=8 hq=0.124 fail | Dr=-1.110/-0.513 |Dr|max=1.957 Df=-1.453 | g r=0.197 f=0.656 p=0.597(0.002) max=1.822 | Ld=-0.3351 base=-0.448 r1=0.0509 path=0.0293 cap=0.0331 | Lg=+0.9937 | 32s | curv=+1.84 wide=+1.95 gfmed=0.678
 3900 post m=8 hq=0.069 fail | Dr=-1.109/-0.481 |Dr|max=1.869 Df=-1.578 | g r=0.196 f=0.816 p=0.656(0.011) max=1.788 | Ld=-0.3975 base=-0.499 r1=0.0558 path=0.0174 cap=0.0285 | Lg=+1.0536 | 32s | curv=+1.99 wide=+2.15 gfmed=0.863
 3910 post m=8 hq=0.237 fail | Dr=-1.096/-0.492 |Dr|max=2.161 Df=-1.419 | g r=0.194 f=0.583 p=0.636(0.002) max=1.820 | Ld=-0.2919 base=-0.393 r1=0.0584 path=0.0168 cap=0.0257 | Lg=+1.0146 | 33s | curv=+1.49 wide=+1.69 gfmed=0.595
 3920 post m=5 hq=0.094 fail | Dr=-1.063/+0.034 |Dr|max=1.859 Df=-1.553 | g r=0.160 f=0.570 p=0.617(0.005) max=1.769 | Ld=-0.2916 base=-0.369 r1=0.0387 path=0.0299 cap=0.0087 | Lg=+1.0159 | 33s | curv=+1.34 wide=+1.59 gfmed=0.517
 3930 post m=8 hq=0.344 fail | Dr=-0.848/-0.093 |Dr|max=1.849 Df=-1.142 | g r=0.155 f=0.573 p=0.617(0.002) max=1.705 | Ld=-0.3496 base=-0.444 r1=0.0391 path=0.00841 cap=0.0472 | Lg=+1.0090 | 33s | curv=+1.69 wide=+1.86 gfmed=0.535
 3940 post m=4 hq=0.091 fail | Dr=-0.886/-0.190 |Dr|max=1.569 Df=-1.259 | g r=0.160 f=0.613 p=0.573(0.006) max=1.541 | Ld=-0.2375 base=-0.4 r1=0.0495 path=0.0173 cap=0.0956 | Lg=+0.9395 | 33s | curv=+1.47 wide=+1.58 gfmed=0.613
 3950 post m=7 hq=0.330 fail | Dr=-0.600/+0.433 |Dr|max=1.374 Df=-0.864 | g r=0.161 f=0.551 p=0.607(0.006) max=1.722 | Ld=-0.1686 base=-0.274 r1=0.0398 path=0.0321 cap=0.0333 | Lg=+0.9068 | 33s | curv=+1.41 wide=+1.62 gfmed=0.484
 3960 post m=7 hq=0.317 fail | Dr=-0.584/+0.311 |Dr|max=1.325 Df=-0.862 | g r=0.134 f=0.485 p=0.566(0.003) max=1.735 | Ld=-0.2207 base=-0.281 r1=0.0365 path=0.014 cap=0.00995 | Lg=+0.9065 | 33s | curv=+0.934 wide=+1.2 gfmed=0.427
 3970 post m=8 hq=0.345 fail | Dr=-0.727/+0.157 |Dr|max=1.386 Df=-0.995 | g r=0.154 f=0.474 p=0.579(0.003) max=1.661 | Ld=-0.2353 base=-0.296 r1=0.034 path=0.00947 cap=0.0168 | Lg=+0.9198 | 33s | curv=+1.2 wide=+1.39 gfmed=0.429
 3980 post m=7 hq=0.458 fail | Dr=-0.604/+0.168 |Dr|max=1.394 Df=-0.830 | g r=0.139 f=0.478 p=0.616(0.003) max=1.702 | Ld=-0.3185 base=-0.412 r1=0.0408 path=0.0277 cap=0.0248 | Lg=+1.0416 | 33s | curv=+1.23 wide=+1.46 gfmed=0.398
 3990 post m=8 hq=0.254 fail | Dr=-0.560/+0.212 |Dr|max=1.366 Df=-0.889 | g r=0.150 f=0.594 p=0.634(0.006) max=1.795 | Ld=-0.1843 base=-0.241 r1=0.0372 path=0.0153 cap=0.00462 | Lg=+0.9091 | 33s | curv=+1.61 wide=+1.83 gfmed=0.605
 4000 post m=8 hq=0.451 fail | Dr=-0.581/+0.164 |Dr|max=1.762 Df=-0.816 | g r=0.149 f=0.436 p=0.641(0.003) max=2.074 | Ld=-0.2162 base=-0.314 r1=0.0289 path=0.0341 cap=0.0353 | Lg=+0.9938 | 33s | curv=+1.37 wide=+1.57 gfmed=0.366
 4010 post m=5 hq=0.239 fail | Dr=-0.316/+0.733 |Dr|max=0.948 Df=-0.576 | g r=0.143 f=0.639 p=0.628(0.003) max=2.233 | Ld=-0.2197 base=-0.296 r1=0.0328 path=0.0072 cap=0.0366 | Lg=+0.9297 | 33s | curv=+1.34 wide=+1.55 gfmed=0.686
 4020 post m=8 hq=0.487 fail | Dr=-0.424/+0.337 |Dr|max=1.764 Df=-0.652 | g r=0.150 f=0.468 p=0.690(0.003) max=2.388 | Ld=-0.1893 base=-0.28 r1=0.042 path=0.0145 cap=0.0344 | Lg=+0.9413 | 33s | curv=+1.39 wide=+1.62 gfmed=0.388
 4030 post m=4 hq=0.197 fail | Dr=-0.375/+0.855 |Dr|max=1.219 Df=-0.684 | g r=0.164 f=0.769 p=0.721(0.007) max=2.693 | Ld=-0.2044 base=-0.295 r1=0.0413 path=0.0283 cap=0.0213 | Lg=+1.0157 | 34s | curv=+1.37 wide=+1.57 gfmed=0.894
 4040 post m=5 hq=0.292 fail | Dr=-0.484/+1.057 |Dr|max=1.648 Df=-0.786 | g r=0.183 f=0.595 p=0.727(0.004) max=2.841 | Ld=-0.2501 base=-0.316 r1=0.0396 path=0.0148 cap=0.0113 | Lg=+1.0864 | 34s | curv=+1.38 wide=+1.57 gfmed=0.571
 4050 post m=8 hq=0.840 fail | Dr=-0.679/+0.446 |Dr|max=2.059 Df=-0.897 | g r=0.140 f=0.196 p=0.704(0.008) max=2.611 | Ld=-0.1782 base=-0.248 r1=0.0187 path=0.0245 cap=0.0268 | Lg=+0.9982 | 34s | curv=+0.933 wide=+1.14 gfmed=0.127
 4060 post m=4 hq=0.110 fail | Dr=-0.718/+0.790 |Dr|max=2.396 Df=-1.310 | g r=0.208 f=0.596 p=0.894(0.002) max=3.024 | Ld=-0.2733 base=-0.345 r1=0.0328 path=0.0227 cap=0.0165 | Lg=+1.1558 | 34s | curv=+1.53 wide=+1.79 gfmed=0.578
 4070 post m=8 hq=0.452 fail | Dr=-0.662/+1.030 |Dr|max=2.258 Df=-0.945 | g r=0.179 f=0.556 p=0.814(0.007) max=3.116 | Ld=-0.1445 base=-0.261 r1=0.0421 path=0.0452 cap=0.0297 | Lg=+1.1084 | 34s | curv=+1.36 wide=+1.53 gfmed=0.413
 4080 post m=8 hq=0.592 fail | Dr=-0.336/+1.617 |Dr|max=1.617 Df=-0.541 | g r=0.165 f=0.408 p=0.828(0.001) max=2.806 | Ld=-0.1075 base=-0.315 r1=0.0298 path=0.0973 cap=0.0803 | Lg=+1.1133 | 34s | curv=+0.723 wide=+0.985 gfmed=0.313
 4090 post m=8 hq=0.753 fail | Dr=-0.685/+0.789 |Dr|max=2.066 Df=-0.908 | g r=0.173 f=0.278 p=0.792(0.012) max=2.834 | Ld=-0.0974 base=-0.244 r1=0.0521 path=0.0219 cap=0.0727 | Lg=+1.0479 | 34s | curv=+1.04 wide=+1.21 gfmed=0.194
 4100 post m=8 hq=0.827 fail | Dr=-0.808/+1.170 |Dr|max=2.874 Df=-1.059 | g r=0.179 f=0.222 p=0.860(0.012) max=3.332 | Ld=-0.1511 base=-0.277 r1=0.0565 path=0.0202 cap=0.0487 | Lg=+1.1405 | 34s | curv=+0.269 wide=+0.527 gfmed=0.140
 4110 post m=8 hq=0.873 fail | Dr=-0.591/+1.727 |Dr|max=2.287 Df=-0.809 | g r=0.155 f=0.203 p=0.853(0.004) max=3.060 | Ld=-0.1423 base=-0.236 r1=0.0315 path=0.0279 cap=0.034 | Lg=+1.1236 | 34s | curv=+0.77 wide=+0.903 gfmed=0.142
 4120 post m=7 hq=0.550 fail | Dr=-0.561/+1.545 |Dr|max=2.280 Df=-0.844 | g r=0.117 f=0.467 p=0.902(0.003) max=3.218 | Ld=-0.1985 base=-0.339 r1=0.0339 path=0.0222 cap=0.0847 | Lg=+1.1205 | 34s | curv=+0.968 wide=+1.18 gfmed=0.166
 4130 post m=8 hq=0.935 PASS | Dr=-0.492/+1.395 |Dr|max=1.881 Df=-0.682 | g r=0.097 f=0.126 p=0.856(0.001) max=3.329 | Ld=-0.1517 base=-0.205 r1=0.0199 path=0.0166 cap=0.0165 | Lg=+1.0989 | 34s | curv=+0.462 wide=+0.694 gfmed=0.084
 4140 post m=8 hq=0.829 fail | Dr=-0.747/+1.438 |Dr|max=2.527 Df=-0.946 | g r=0.149 f=0.192 p=0.991(0.005) max=3.317 | Ld=-0.1534 base=-0.187 r1=0.0204 path=0.00301 cap=0.0105 | Lg=+1.2106 | 34s | curv=+0.497 wide=+0.678 gfmed=0.115
 4150 post m=8 hq=0.902 PASS | Dr=-1.112/+1.040 |Dr|max=2.576 Df=-1.306 | g r=0.125 f=0.159 p=0.936(0.006) max=3.073 | Ld=-0.1887 base=-0.271 r1=0.0391 path=0.00682 cap=0.0369 | Lg=+1.1862 | 34s | curv=+0.438 wide=+0.65 gfmed=0.103
 4160 post m=8 hq=0.762 fail | Dr=-0.784/+1.337 |Dr|max=1.919 Df=-0.946 | g r=0.123 f=0.193 p=0.778(0.005) max=2.934 | Ld=-0.1359 base=-0.253 r1=0.0239 path=0.0198 cap=0.0738 | Lg=+1.0501 | 35s | curv=+0.584 wide=+0.704 gfmed=0.129
 4170 post m=8 hq=0.900 fail | Dr=-0.998/+1.692 |Dr|max=2.811 Df=-1.177 | g r=0.123 f=0.125 p=0.910(0.003) max=3.472 | Ld=-0.1700 base=-0.251 r1=0.0218 path=0.0171 cap=0.042 | Lg=+1.2302 | 35s | curv=+0.679 wide=+0.823 gfmed=0.083
 4180 post m=8 hq=0.896 fail | Dr=-1.111/+1.636 |Dr|max=2.932 Df=-1.314 | g r=0.124 f=0.144 p=0.987(0.001) max=3.549 | Ld=-0.1191 base=-0.227 r1=0.044 path=0.0289 cap=0.0349 | Lg=+1.2645 | 35s | curv=+0.491 wide=+0.666 gfmed=0.109
 4190 post m=8 hq=0.870 fail | Dr=-1.320/+1.736 |Dr|max=3.515 Df=-1.501 | g r=0.135 f=0.152 p=1.060(0.003) max=3.471 | Ld=-0.1696 base=-0.222 r1=0.0206 path=0.0171 cap=0.0149 | Lg=+1.3447 | 35s | curv=+0.427 wide=+0.646 gfmed=0.098
 4200 post m=8 hq=0.848 fail | Dr=-1.016/+1.772 |Dr|max=2.927 Df=-1.194 | g r=0.103 f=0.124 p=1.044(0.004) max=3.314 | Ld=-0.1192 base=-0.175 r1=0.0237 path=0.013 cap=0.0196 | Lg=+1.2922 | 35s | curv=+0.495 wide=+0.711 gfmed=0.066
 4210 post m=8 hq=0.935 PASS | Dr=-1.089/+1.060 |Dr|max=2.677 Df=-1.274 | g r=0.110 f=0.125 p=0.966(0.002) max=3.735 | Ld=-0.1131 base=-0.202 r1=0.0156 path=0.0418 cap=0.0312 | Lg=+1.2003 | 35s | curv=+0.512 wide=+0.649 gfmed=0.086
 4220 post m=8 hq=0.919 PASS | Dr=-0.714/+1.691 |Dr|max=2.571 Df=-0.878 | g r=0.129 f=0.140 p=0.988(0.000) max=3.813 | Ld=-0.1045 base=-0.169 r1=0.0347 path=0.0148 cap=0.0148 | Lg=+1.2018 | 35s | curv=+0.234 wide=+0.365 gfmed=0.083
 4230 post m=8 hq=0.899 fail | Dr=-0.904/+1.787 |Dr|max=3.684 Df=-1.056 | g r=0.125 f=0.141 p=1.125(0.001) max=3.819 | Ld=-0.2108 base=-0.291 r1=0.0264 path=0.0239 cap=0.0298 | Lg=+1.4135 | 35s | curv=+0.408 wide=+0.568 gfmed=0.118
 4240 post m=8 hq=0.899 fail | Dr=-1.057/+1.853 |Dr|max=3.494 Df=-1.216 | g r=0.101 f=0.121 p=1.045(0.004) max=3.601 | Ld=-0.1551 base=-0.223 r1=0.0231 path=0.024 cap=0.0206 | Lg=+1.3341 | 35s | curv=+0.536 wide=+0.651 gfmed=0.079
 4250 post m=8 hq=0.931 PASS | Dr=-0.745/+2.373 |Dr|max=3.427 Df=-0.912 | g r=0.114 f=0.131 p=0.992(0.005) max=3.867 | Ld=-0.1446 base=-0.222 r1=0.0281 path=0.0178 cap=0.0313 | Lg=+1.2730 | 35s | curv=+0.513 wide=+0.705 gfmed=0.092
 4260 post m=8 hq=0.790 fail | Dr=-0.501/+2.265 |Dr|max=2.848 Df=-0.612 | g r=0.110 f=0.138 p=0.918(0.002) max=3.374 | Ld=-0.1884 base=-0.257 r1=0.041 path=0.0165 cap=0.0106 | Lg=+1.2517 | 35s | curv=+0.511 wide=+0.65 gfmed=0.085
 4270 post m=8 hq=0.909 PASS | Dr=-0.686/+2.183 |Dr|max=3.032 Df=-0.795 | g r=0.089 f=0.114 p=0.946(0.002) max=3.371 | Ld=-0.1467 base=-0.195 r1=0.0137 path=0.0139 cap=0.0207 | Lg=+1.2678 | 36s | curv=+0.441 wide=+0.599 gfmed=0.073
 4280 post m=8 hq=0.919 PASS | Dr=-0.637/+1.191 |Dr|max=2.401 Df=-0.729 | g r=0.116 f=0.131 p=0.842(0.003) max=2.826 | Ld=-0.0861 base=-0.138 r1=0.0191 path=0.0124 cap=0.0208 | Lg=+1.0666 | 36s | curv=+0.415 wide=+0.51 gfmed=0.080
 4290 post m=8 hq=0.915 PASS | Dr=-0.739/+1.350 |Dr|max=2.630 Df=-0.824 | g r=0.105 f=0.120 p=0.876(0.006) max=2.853 | Ld=-0.0553 base=-0.109 r1=0.0188 path=0.0128 cap=0.0222 | Lg=+1.1144 | 36s | curv=+0.325 wide=+0.46 gfmed=0.089
 4300 post m=8 hq=0.912 PASS | Dr=-0.865/+1.398 |Dr|max=3.207 Df=-0.938 | g r=0.095 f=0.112 p=0.890(0.003) max=2.799 | Ld=-0.0527 base=-0.097 r1=0.0162 path=0.00427 cap=0.0238 | Lg=+1.1503 | 36s | curv=+0.421 wide=+0.534 gfmed=0.078
 4310 post m=8 hq=0.828 fail | Dr=-0.880/+1.409 |Dr|max=3.396 Df=-0.948 | g r=0.157 f=0.157 p=0.985(0.005) max=3.085 | Ld=-0.0391 base=-0.0805 r1=0.0166 path=0.0132 cap=0.0115 | Lg=+1.2301 | 36s | curv=+0.522 wide=+0.634 gfmed=0.113
 4320 post m=8 hq=0.825 fail | Dr=-0.861/+1.473 |Dr|max=2.437 Df=-0.954 | g r=0.120 f=0.135 p=0.887(0.000) max=3.101 | Ld=-0.1058 base=-0.152 r1=0.0199 path=0.00673 cap=0.0194 | Lg=+1.1319 | 36s | curv=+0.501 wide=+0.633 gfmed=0.106
 4330 post m=8 hq=0.603 fail | Dr=-0.247/+1.985 |Dr|max=2.271 Df=-0.316 | g r=0.132 f=0.227 p=0.806(0.011) max=2.972 | Ld=+0.1735 base=-0.0745 r1=0.0526 path=0.177 cap=0.0182 | Lg=+1.1180 | 36s | curv=+0.634 wide=+0.777 gfmed=0.163
 4340 post m=8 hq=0.943 PASS | Dr=-0.531/+2.195 |Dr|max=3.129 Df=-0.573 | g r=0.090 f=0.105 p=0.852(0.003) max=2.908 | Ld=-0.0934 base=-0.118 r1=0.00925 path=0.00748 cap=0.008 | Lg=+1.2030 | 36s | curv=+0.455 wide=+0.634 gfmed=0.062
 4350 post m=8 hq=0.952 PASS | Dr=-0.650/+2.152 |Dr|max=3.410 Df=-0.694 | g r=0.078 f=0.092 p=0.912(0.004) max=3.141 | Ld=-0.1092 base=-0.152 r1=0.0158 path=0.0145 cap=0.0129 | Lg=+1.2895 | 36s | curv=+0.21 wide=+0.414 gfmed=0.060
 4360 post m=8 hq=0.948 PASS | Dr=-0.580/+1.659 |Dr|max=2.923 Df=-0.628 | g r=0.082 f=0.095 p=0.904(0.004) max=3.099 | Ld=-0.0589 base=-0.0889 r1=0.0146 path=0.00449 cap=0.0108 | Lg=+1.1935 | 36s | curv=+0.237 wide=+0.374 gfmed=0.076
 4370 post m=8 hq=0.865 fail | Dr=-0.817/+1.658 |Dr|max=2.840 Df=-0.873 | g r=0.117 f=0.167 p=0.889(0.003) max=3.139 | Ld=-0.0377 base=-0.142 r1=0.0408 path=0.0123 cap=0.0517 | Lg=+1.1895 | 36s | curv=+0.688 wide=+0.756 gfmed=0.119
 4380 post m=8 hq=0.899 fail | Dr=-0.706/+1.791 |Dr|max=3.119 Df=-0.751 | g r=0.104 f=0.117 p=0.920(0.001) max=2.912 | Ld=-0.0719 base=-0.107 r1=0.02 path=0.00273 cap=0.012 | Lg=+1.2281 | 36s | curv=+0.57 wide=+0.692 gfmed=0.089
 4390 post m=8 hq=0.841 fail | Dr=-0.718/+1.464 |Dr|max=2.731 Df=-0.761 | g r=0.131 f=0.134 p=0.874(0.002) max=3.398 | Ld=+0.0411 base=-0.118 r1=0.0236 path=0.1 cap=0.0351 | Lg=+1.1178 | 37s | curv=+0.484 wide=+0.628 gfmed=0.090
 4400 post m=8 hq=0.699 fail | Dr=-0.813/+1.043 |Dr|max=2.320 Df=-0.856 | g r=0.131 f=0.167 p=0.849(0.005) max=2.968 | Ld=+0.0743 base=0.0121 r1=0.0171 path=0.0286 cap=0.0166 | Lg=+1.0524 | 37s | curv=+0.447 wide=+0.553 gfmed=0.116
 4410 post m=8 hq=0.933 PASS | Dr=-0.680/+1.410 |Dr|max=2.501 Df=-0.714 | g r=0.090 f=0.102 p=0.812(0.002) max=2.896 | Ld=-0.0153 base=-0.0775 r1=0.0293 path=0.0173 cap=0.0156 | Lg=+1.0950 | 37s | curv=+0.311 wide=+0.435 gfmed=0.068
 4420 post m=8 hq=0.969 PASS | Dr=-0.731/+1.211 |Dr|max=2.290 Df=-0.772 | g r=0.061 f=0.073 p=0.819(0.001) max=2.863 | Ld=-0.0427 base=-0.0622 r1=0.00757 path=0.00556 cap=0.00632 | Lg=+1.0558 | 37s | curv=+0.282 wide=+0.388 gfmed=0.056
 4430 post m=8 hq=0.890 fail | Dr=-0.793/+1.595 |Dr|max=2.296 Df=-0.846 | g r=0.119 f=0.137 p=0.985(0.006) max=3.333 | Ld=-0.0866 base=-0.118 r1=0.0166 path=0.0131 cap=0.00188 | Lg=+1.1224 | 37s | curv=+0.373 wide=+0.531 gfmed=0.080
 4440 post m=8 hq=0.910 PASS | Dr=-0.631/+2.077 |Dr|max=2.433 Df=-0.662 | g r=0.097 f=0.102 p=0.917(0.006) max=2.982 | Ld=-0.0023 base=-0.0192 r1=0.00721 path=0.00472 cap=0.00501 | Lg=+1.1246 | 37s | curv=+0.239 wide=+0.35 gfmed=0.087
 4450 post m=8 hq=0.959 PASS | Dr=-0.849/+1.305 |Dr|max=2.274 Df=-0.886 | g r=0.089 f=0.102 p=0.833(0.008) max=2.882 | Ld=-0.0581 base=-0.0779 r1=0.00681 path=0.00672 cap=0.00628 | Lg=+1.0605 | 37s | curv=+0.263 wide=+0.403 gfmed=0.077
 4460 post m=8 hq=0.947 PASS | Dr=-0.872/+1.822 |Dr|max=2.728 Df=-0.903 | g r=0.088 f=0.100 p=0.944(0.002) max=3.211 | Ld=-0.0908 base=-0.119 r1=0.0205 path=0.00611 cap=0.00193 | Lg=+1.1813 | 37s | curv=+0.389 wide=+0.52 gfmed=0.083
 4470 post m=8 hq=0.958 PASS | Dr=-0.750/+1.019 |Dr|max=2.291 Df=-0.762 | g r=0.064 f=0.076 p=0.765(0.001) max=2.594 | Ld=+0.0176 base=-0.0518 r1=0.00968 path=0.0386 cap=0.0211 | Lg=+1.0462 | 37s | curv=+0.234 wide=+0.335 gfmed=0.042
 4480 post m=8 hq=0.935 PASS | Dr=-0.573/+1.998 |Dr|max=3.324 Df=-0.558 | g r=0.074 f=0.094 p=0.884(0.002) max=2.829 | Ld=-0.0875 base=-0.115 r1=0.0207 path=0.00566 cap=0.00109 | Lg=+1.2386 | 37s | curv=+0.102 wide=+0.248 gfmed=0.075
 4490 post m=8 hq=0.919 PASS | Dr=-0.671/+1.986 |Dr|max=2.954 Df=-0.663 | g r=0.078 f=0.090 p=0.828(0.003) max=2.701 | Ld=-0.0412 base=-0.06 r1=0.00931 path=0.00393 cap=0.00558 | Lg=+1.1233 | 38s | curv=+0.286 wide=+0.388 gfmed=0.065
 4500 post m=8 hq=0.961 PASS | Dr=-0.703/+1.796 |Dr|max=2.317 Df=-0.722 | g r=0.055 f=0.064 p=0.834(0.001) max=3.570 | Ld=-0.0386 base=-0.075 r1=0.00768 path=0.0138 cap=0.0149 | Lg=+1.0765 | 38s | curv=+0.21 wide=+0.374 gfmed=0.042
 4510 post m=8 hq=0.977 PASS | Dr=-0.589/+1.211 |Dr|max=1.936 Df=-0.602 | g r=0.062 f=0.073 p=0.711(0.002) max=2.764 | Ld=+0.0176 base=0.00704 r1=0.00602 path=0.00193 cap=0.00257 | Lg=+0.9635 | 38s | curv=+0.198 wide=+0.305 gfmed=0.057
 4520 post m=8 hq=0.826 fail | Dr=-0.663/+1.121 |Dr|max=2.063 Df=-0.675 | g r=0.082 f=0.167 p=0.764(0.004) max=2.639 | Ld=+0.0169 base=-0.0271 r1=0.00797 path=0.0232 cap=0.0128 | Lg=+1.0355 | 38s | curv=+0.283 wide=+0.411 gfmed=0.076
 4530 post m=8 hq=0.866 fail | Dr=-0.435/+1.212 |Dr|max=1.611 Df=-0.450 | g r=0.099 f=0.128 p=0.682(0.005) max=2.557 | Ld=-0.0056 base=-0.0254 r1=0.0129 path=0.00517 cap=0.00169 | Lg=+0.9549 | 38s | curv=+0.38 wide=+0.487 gfmed=0.065
 4540 post m=8 hq=0.888 fail | Dr=-0.371/+1.596 |Dr|max=1.796 Df=-0.366 | g r=0.084 f=0.088 p=0.703(0.000) max=2.474 | Ld=+0.0072 base=-0.0163 r1=0.0106 path=0.00878 cap=0.00411 | Lg=+0.9587 | 38s | curv=+0.253 wide=+0.369 gfmed=0.061
 4550 post m=8 hq=0.964 PASS | Dr=-0.359/+1.376 |Dr|max=1.602 Df=-0.355 | g r=0.080 f=0.086 p=0.656(0.001) max=2.199 | Ld=-0.0555 base=-0.0821 r1=0.00719 path=0.0149 cap=0.00456 | Lg=+0.9532 | 38s | curv=+0.2 wide=+0.33 gfmed=0.067
 4560 post m=8 hq=0.971 PASS | Dr=-0.386/+1.802 |Dr|max=1.897 Df=-0.378 | g r=0.097 f=0.094 p=0.698(0.004) max=2.545 | Ld=+0.0045 base=-0.0163 r1=0.0167 path=0.00282 cap=0.00126 | Lg=+0.9711 | 38s | curv=+0.191 wide=+0.291 gfmed=0.085
 4570 post m=8 hq=0.970 PASS | Dr=-0.445/+2.547 |Dr|max=2.547 Df=-0.422 | g r=0.107 f=0.105 p=0.788(0.003) max=3.153 | Ld=-0.0039 base=-0.0284 r1=0.0208 path=0.00112 cap=0.00252 | Lg=+1.0519 | 38s | curv=+0.118 wide=+0.24 gfmed=0.073
 4580 post m=8 hq=0.967 PASS | Dr=-0.289/+3.069 |Dr|max=3.069 Df=-0.263 | g r=0.141 f=0.137 p=0.871(0.006) max=3.271 | Ld=-0.0447 base=-0.0715 r1=0.0211 path=0.00522 cap=0.000418 | Lg=+1.1288 | 38s | curv=-0.0508 wide=+0.0931 gfmed=0.109
 4590 post m=8 hq=0.968 PASS | Dr=-0.621/+1.595 |Dr|max=2.613 Df=-0.592 | g r=0.127 f=0.120 p=0.733(0.001) max=2.747 | Ld=+0.0163 base=-0.00697 r1=0.0162 path=0.00277 cap=0.00423 | Lg=+1.0188 | 38s | curv=+0.17 wide=+0.288 gfmed=0.079
 4600 post m=8 hq=0.967 PASS | Dr=-0.414/+0.979 |Dr|max=1.804 Df=-0.408 | g r=0.060 f=0.064 p=0.639(0.002) max=2.889 | Ld=-0.0131 base=-0.028 r1=0.00915 path=0.00224 cap=0.00346 | Lg=+0.9441 | 38s | curv=+0.139 wide=+0.239 gfmed=0.048
# COMPLETE 4600 updates in 38s; prehold 81/120; arrival=250
