# arm=c3_capinterp formulation=wgan + r1(1) + path-secant(10,t=0.5) + cap-interp(10,c=3) [Dβ2=0.9, A2=0] {lr c×0.5 g×1} device=cuda:0 steps=4600
# step phase modes hq pass | Dr mean/max |Dr|max Df | grad-norm real fake path(min) max | loss_d terms | loss_g | sec
# init=batch_feature_zero hook=None differs_from_old=G,D,prior public_path_match=G,D,prior ema_D_equals_D=None sha G=615e9d129c1c D=e15f6122daf7 prior=2531df2c5ad8
   10 acq  m=0 hq=0.000 fail | Dr=+0.208/+0.919 |Dr|max=0.919 Df=+0.494 | g r=0.369 f=0.781 p=0.593(0.003) max=2.172 | Ld=+2.0185 base=0.187 r1=0.282 path=1.55 | Lg=+0.6133 | 1s | curv=+0.447 wide=+0.485 gfmed=0.771
   20 acq  m=1 hq=0.008 fail | Dr=+0.430/+1.128 |Dr|max=1.128 Df=+0.378 | g r=0.683 f=1.294 p=1.039(0.012) max=4.598 | Ld=+3.5167 base=-0.105 r1=0.898 path=2.66 cap=0.0677 | Lg=+0.8022 | 1s | curv=+1.77 wide=+2.34 gfmed=0.977
   30 acq  m=2 hq=0.089 fail | Dr=+0.309/+0.892 |Dr|max=0.892 Df=+0.303 | g r=0.547 f=1.182 p=1.119(0.007) max=4.206 | Ld=+3.3855 base=-0.0919 r1=0.424 path=2.96 cap=0.0926 | Lg=+0.7841 | 1s | curv=+2.89 wide=+3.05 gfmed=0.657
   40 acq  m=2 hq=0.077 fail | Dr=+0.336/+0.951 |Dr|max=0.951 Df=+0.271 | g r=0.371 f=1.123 p=1.020(0.019) max=3.951 | Ld=+1.5896 base=-0.0445 r1=0.217 path=1.35 cap=0.0661 | Lg=+0.7582 | 1s | curv=+1.83 wide=+2.11 gfmed=0.651
   50 acq  m=1 hq=0.018 fail | Dr=+0.389/+0.904 |Dr|max=0.904 Df=+0.124 | g r=0.401 f=1.023 p=1.007(0.006) max=3.572 | Ld=+1.5033 base=-0.284 r1=0.485 path=1.23 cap=0.0685 | Lg=+0.8844 | 1s | curv=+2.12 wide=+2.26 gfmed=0.775
   60 acq  m=2 hq=0.060 fail | Dr=+0.473/+0.841 |Dr|max=0.841 Df=+0.012 | g r=0.552 f=1.232 p=1.137(0.032) max=3.861 | Ld=+0.6808 base=-0.425 r1=0.289 path=0.692 cap=0.124 | Lg=+1.0279 | 1s | curv=+1.74 wide=+2.06 gfmed=1.064
   70 acq  m=2 hq=0.041 fail | Dr=+0.563/+0.985 |Dr|max=0.985 Df=-0.242 | g r=0.449 f=0.874 p=0.987(0.002) max=3.898 | Ld=+0.0094 base=-0.66 r1=0.548 path=0.112 cap=0.0085 | Lg=+1.1541 | 1s | curv=-0.138 wide=+0.62 gfmed=0.716
   80 acq  m=2 hq=0.055 fail | Dr=+0.899/+1.657 |Dr|max=1.657 Df=-0.311 | g r=0.517 f=1.268 p=1.272(0.013) max=4.546 | Ld=-0.5805 base=-1.05 r1=0.294 path=0.167 cap=0.00758 | Lg=+1.5717 | 2s | curv=+0.204 wide=+0.944 gfmed=0.963
   90 acq  m=1 hq=0.003 fail | Dr=+0.989/+2.819 |Dr|max=2.819 Df=+0.750 | g r=0.541 f=1.024 p=1.087(0.022) max=4.608 | Ld=+8.4217 base=-0.535 r1=0.4 path=8.49 cap=0.0674 | Lg=+1.3530 | 2s | curv=+1.53 wide=+2.07 gfmed=0.883
  100 acq  m=2 hq=0.029 fail | Dr=-0.287/+0.594 |Dr|max=1.029 Df=-0.369 | g r=0.601 f=1.162 p=1.129(0.007) max=3.701 | Ld=+4.3889 base=-0.119 r1=0.432 path=4.07 cap=0.00631 | Lg=+0.8593 | 2s | curv=+2.66 wide=+2.82 gfmed=1.101
  110 acq  m=1 hq=0.028 fail | Dr=-0.136/+0.337 |Dr|max=0.905 Df=-0.490 | g r=0.496 f=1.353 p=1.276(0.003) max=4.092 | Ld=+1.4674 base=-0.254 r1=0.389 path=1.3 cap=0.0329 | Lg=+0.8646 | 2s | curv=+2.17 wide=+2.87 gfmed=1.249
  120 acq  m=2 hq=0.025 fail | Dr=-0.356/+0.306 |Dr|max=1.019 Df=-0.911 | g r=0.618 f=1.357 p=1.328(0.002) max=4.219 | Ld=+2.0762 base=-0.325 r1=0.357 path=2 cap=0.0423 | Lg=+0.9359 | 2s | curv=+1.72 wide=+2.63 gfmed=1.231
  130 acq  m=2 hq=0.025 fail | Dr=-0.207/+0.299 |Dr|max=0.638 Df=-0.919 | g r=0.550 f=1.276 p=1.249(0.012) max=4.216 | Ld=+1.1800 base=-0.527 r1=0.346 path=1.27 cap=0.0875 | Lg=+1.0863 | 2s | curv=+2.31 wide=+3.16 gfmed=1.184
  140 acq  m=3 hq=0.035 fail | Dr=-0.087/+0.321 |Dr|max=0.743 Df=-0.840 | g r=0.635 f=1.248 p=1.264(0.018) max=4.049 | Ld=+0.0935 base=-0.824 r1=0.567 path=0.296 cap=0.0545 | Lg=+1.1942 | 2s | curv=+0.383 wide=+1.48 gfmed=1.128
  150 acq  m=7 hq=0.024 fail | Dr=-0.005/+0.545 |Dr|max=0.545 Df=-0.834 | g r=0.555 f=1.332 p=1.319(0.012) max=3.978 | Ld=+0.7582 base=-0.736 r1=0.378 path=1.09 cap=0.0243 | Lg=+1.2009 | 2s | curv=+3.01 wide=+3.82 gfmed=1.210
  160 acq  m=5 hq=0.023 fail | Dr=-0.229/+0.065 |Dr|max=0.755 Df=-1.053 | g r=0.431 f=1.290 p=1.323(0.013) max=4.019 | Ld=-0.2699 base=-0.791 r1=0.312 path=0.189 cap=0.0203 | Lg=+1.2199 | 3s | curv=+2.64 wide=+3.66 gfmed=1.166
  170 acq  m=8 hq=0.030 fail | Dr=+0.129/+0.428 |Dr|max=0.428 Df=-0.778 | g r=0.330 f=1.296 p=1.281(0.011) max=4.637 | Ld=-0.6272 base=-0.865 r1=0.209 path=0.0243 cap=0.00436 | Lg=+1.2863 | 3s | curv=+2.66 wide=+3.65 gfmed=1.129
  180 acq  m=7 hq=0.068 fail | Dr=+0.036/+0.542 |Dr|max=0.557 Df=-0.698 | g r=0.548 f=1.353 p=1.292(0.038) max=3.683 | Ld=-0.2713 base=-0.827 r1=0.43 path=0.0939 cap=0.0322 | Lg=+1.2155 | 3s | curv=+2.34 wide=+3.18 gfmed=1.286
  190 acq  m=6 hq=0.037 fail | Dr=+0.005/+0.546 |Dr|max=0.567 Df=-0.929 | g r=0.369 f=1.420 p=1.335(0.023) max=5.061 | Ld=-0.5387 base=-0.921 r1=0.236 path=0.125 cap=0.0209 | Lg=+1.3948 | 3s | curv=+2.09 wide=+3.36 gfmed=1.328
  200 acq  m=8 hq=0.057 fail | Dr=+0.263/+0.775 |Dr|max=0.775 Df=-0.556 | g r=0.412 f=1.472 p=1.434(0.044) max=4.291 | Ld=-0.6278 base=-0.883 r1=0.197 path=0.0407 cap=0.0167 | Lg=+1.2807 | 3s | curv=+1.45 wide=+2.84 gfmed=1.342
  210 acq  m=8 hq=0.042 fail | Dr=+0.392/+0.962 |Dr|max=0.962 Df=-0.573 | g r=0.436 f=1.581 p=1.503(0.007) max=3.926 | Ld=-0.5422 base=-0.867 r1=0.28 path=0.0137 cap=0.0316 | Lg=+1.3072 | 3s | curv=+1.64 wide=+2.98 gfmed=1.535
  220 acq  m=7 hq=0.073 fail | Dr=-0.164/+0.813 |Dr|max=1.176 Df=-0.906 | g r=0.553 f=1.593 p=1.517(0.024) max=4.348 | Ld=-0.2680 base=-1 r1=0.245 path=0.458 cap=0.0335 | Lg=+1.5794 | 3s | curv=+0.232 wide=+1.56 gfmed=1.543
  230 acq  m=8 hq=0.064 fail | Dr=-0.280/+0.396 |Dr|max=0.859 Df=-1.185 | g r=0.389 f=1.499 p=1.426(0.022) max=3.878 | Ld=-0.4033 base=-0.874 r1=0.219 path=0.233 cap=0.018 | Lg=+1.3958 | 3s | curv=+1.93 wide=+2.9 gfmed=1.453
  240 acq  m=8 hq=0.063 fail | Dr=+0.259/+0.664 |Dr|max=0.664 Df=-0.612 | g r=0.414 f=1.464 p=1.403(0.013) max=3.905 | Ld=-0.5775 base=-0.902 r1=0.283 path=0.013 cap=0.0284 | Lg=+1.3005 | 4s | curv=+3.31 wide=+4.01 gfmed=1.410
  250 acq  m=5 hq=0.040 fail | Dr=+0.495/+1.147 |Dr|max=1.147 Df=-0.475 | g r=0.439 f=1.823 p=1.497(0.020) max=4.173 | Ld=-0.5553 base=-0.847 r1=0.199 path=0.0339 cap=0.0582 | Lg=+1.2907 | 4s | curv=+3.2 wide=+4.01 gfmed=1.850
  260 acq  m=7 hq=0.131 fail | Dr=+0.374/+0.978 |Dr|max=0.978 Df=-0.385 | g r=0.322 f=1.650 p=1.504(0.025) max=4.160 | Ld=-0.7451 base=-1.02 r1=0.168 path=0.0438 cap=0.0619 | Lg=+1.3136 | 4s | curv=+1.41 wide=+2.4 gfmed=1.683
  270 acq  m=7 hq=0.037 fail | Dr=+0.541/+0.971 |Dr|max=0.971 Df=-0.408 | g r=0.273 f=1.561 p=1.333(0.003) max=3.831 | Ld=-0.5993 base=-0.826 r1=0.152 path=0.0155 cap=0.0597 | Lg=+1.2203 | 4s | curv=+1.95 wide=+2.89 gfmed=1.571
  280 acq  m=8 hq=0.074 fail | Dr=+0.634/+1.085 |Dr|max=1.085 Df=-0.152 | g r=0.377 f=1.501 p=1.449(0.020) max=4.681 | Ld=-0.5676 base=-0.823 r1=0.173 path=0.0313 cap=0.0513 | Lg=+1.2252 | 4s | curv=+2.05 wide=+3.07 gfmed=1.427
  290 acq  m=8 hq=0.042 fail | Dr=+0.838/+1.333 |Dr|max=1.333 Df=-0.062 | g r=0.298 f=1.414 p=1.401(0.010) max=3.982 | Ld=-0.6148 base=-0.858 r1=0.226 path=0.000277 cap=0.0173 | Lg=+1.2665 | 4s | curv=+1.3 wide=+2.38 gfmed=1.304
  300 acq  m=7 hq=0.023 fail | Dr=+0.598/+1.079 |Dr|max=1.079 Df=-0.335 | g r=0.334 f=1.641 p=1.415(0.019) max=3.953 | Ld=-0.5218 base=-0.793 r1=0.148 path=0.0183 cap=0.105 | Lg=+1.1475 | 4s | curv=+2.44 wide=+3.14 gfmed=1.673
  310 acq  m=6 hq=0.147 fail | Dr=+0.624/+1.007 |Dr|max=1.007 Df=-0.126 | g r=0.308 f=1.231 p=1.325(0.026) max=3.779 | Ld=-0.5839 base=-0.81 r1=0.189 path=0.000631 cap=0.0357 | Lg=+1.2298 | 4s | curv=+1.71 wide=+2.58 gfmed=1.086
  320 acq  m=7 hq=0.097 fail | Dr=+0.633/+1.105 |Dr|max=1.105 Df=-0.277 | g r=0.305 f=1.411 p=1.352(0.007) max=3.943 | Ld=-0.5199 base=-0.758 r1=0.23 path=0.00173 cap=0.00642 | Lg=+1.2211 | 5s | curv=+1.95 wide=+2.89 gfmed=1.357
  330 acq  m=6 hq=0.049 fail | Dr=+0.692/+1.230 |Dr|max=1.230 Df=-0.213 | g r=0.304 f=1.453 p=1.460(0.008) max=3.861 | Ld=-0.7867 base=-0.955 r1=0.137 path=3.12e-05 cap=0.0308 | Lg=+1.4094 | 5s | curv=+1.82 wide=+2.77 gfmed=1.395
  340 acq  m=4 hq=0.004 fail | Dr=+0.577/+1.257 |Dr|max=1.257 Df=-0.543 | g r=0.265 f=1.376 p=1.363(0.001) max=4.143 | Ld=-0.7680 base=-0.924 r1=0.116 path=0.0176 cap=0.0227 | Lg=+1.4047 | 5s | curv=+2.08 wide=+3.22 gfmed=1.176
  350 acq  m=8 hq=0.090 fail | Dr=+0.830/+1.501 |Dr|max=1.501 Df=+0.085 | g r=0.468 f=1.571 p=1.431(0.007) max=5.406 | Ld=-0.6889 base=-1.03 r1=0.297 path=0.00319 cap=0.0457 | Lg=+1.3891 | 5s | curv=+0.326 wide=+1.57 gfmed=1.430
  360 acq  m=5 hq=0.034 fail | Dr=+0.894/+1.427 |Dr|max=1.427 Df=-0.198 | g r=0.281 f=1.637 p=1.471(0.003) max=4.060 | Ld=-0.6673 base=-0.806 r1=0.118 path=0.000414 cap=0.0204 | Lg=+1.2805 | 5s | curv=+1.66 wide=+2.69 gfmed=1.639
  370 acq  m=8 hq=0.169 fail | Dr=+0.850/+1.417 |Dr|max=1.417 Df=+0.176 | g r=0.252 f=1.455 p=1.307(0.004) max=3.800 | Ld=-0.4183 base=-0.583 r1=0.158 path=0.00449 cap=0.00186 | Lg=+1.0903 | 5s | curv=+1.81 wide=+2.56 gfmed=1.443
  380 acq  m=7 hq=0.228 fail | Dr=+0.791/+1.576 |Dr|max=1.576 Df=+0.131 | g r=0.287 f=1.326 p=1.361(0.009) max=3.687 | Ld=-0.6848 base=-0.84 r1=0.101 path=0.00627 cap=0.0481 | Lg=+1.3308 | 5s | curv=+1.67 wide=+2.54 gfmed=1.123
  390 acq  m=4 hq=0.102 fail | Dr=+0.653/+1.593 |Dr|max=1.593 Df=-0.277 | g r=0.347 f=1.869 p=1.427(0.019) max=4.313 | Ld=-0.6056 base=-0.783 r1=0.138 path=0.00948 cap=0.0303 | Lg=+1.2700 | 5s | curv=+1.95 wide=+2.87 gfmed=2.026
  400 acq  m=3 hq=0.012 fail | Dr=+0.710/+1.628 |Dr|max=1.628 Df=-0.238 | g r=0.314 f=1.833 p=1.389(0.007) max=3.854 | Ld=-0.8219 base=-1.03 r1=0.133 path=0.00593 cap=0.0724 | Lg=+1.4900 | 5s | curv=+2.04 wide=+2.93 gfmed=1.984
  410 acq  m=8 hq=0.217 fail | Dr=+0.584/+1.815 |Dr|max=1.815 Df=-0.097 | g r=0.347 f=1.597 p=1.420(0.006) max=4.670 | Ld=-0.5047 base=-0.767 r1=0.181 path=0.0267 cap=0.0545 | Lg=+1.2973 | 6s | curv=+1.96 wide=+3.09 gfmed=1.652
  420 acq  m=4 hq=0.017 fail | Dr=+0.514/+1.305 |Dr|max=1.305 Df=-0.367 | g r=0.340 f=1.644 p=1.403(0.008) max=3.898 | Ld=-0.6012 base=-0.931 r1=0.208 path=0.0598 cap=0.062 | Lg=+1.4545 | 6s | curv=+1.59 wide=+2.6 gfmed=1.536
  430 acq  m=6 hq=0.035 fail | Dr=+0.747/+1.701 |Dr|max=1.701 Df=-0.191 | g r=0.265 f=1.975 p=1.404(0.014) max=3.905 | Ld=-0.7264 base=-0.878 r1=0.131 path=0.00483 cap=0.016 | Lg=+1.4128 | 6s | curv=+1.38 wide=+2.42 gfmed=2.089
  440 acq  m=8 hq=0.295 fail | Dr=+0.704/+1.846 |Dr|max=1.846 Df=+0.032 | g r=0.297 f=1.503 p=1.376(0.004) max=4.004 | Ld=-0.5212 base=-0.683 r1=0.147 path=0.00725 cap=0.00705 | Lg=+1.2764 | 6s | curv=+1.7 wide=+2.67 gfmed=1.380
  450 acq  m=5 hq=0.073 fail | Dr=+0.725/+2.002 |Dr|max=2.002 Df=-0.148 | g r=0.298 f=1.618 p=1.361(0.011) max=3.731 | Ld=-0.5459 base=-0.851 r1=0.225 path=0.0426 cap=0.0369 | Lg=+1.4288 | 6s | curv=+2.7 wide=+3.34 gfmed=1.648
  460 acq  m=5 hq=0.100 fail | Dr=+0.570/+1.796 |Dr|max=1.796 Df=-0.454 | g r=0.275 f=1.736 p=1.384(0.020) max=3.877 | Ld=-0.6970 base=-0.893 r1=0.126 path=0.0187 cap=0.0511 | Lg=+1.4159 | 6s | curv=+1.8 wide=+2.8 gfmed=1.775
  470 acq  m=7 hq=0.209 fail | Dr=+0.696/+1.885 |Dr|max=1.885 Df=+0.074 | g r=0.264 f=1.464 p=1.385(0.003) max=3.771 | Ld=-0.5226 base=-0.699 r1=0.13 path=0.0223 cap=0.024 | Lg=+1.3400 | 6s | curv=+1.88 wide=+2.84 gfmed=1.330
  480 acq  m=8 hq=0.431 fail | Dr=+0.867/+2.302 |Dr|max=2.302 Df=+0.282 | g r=0.227 f=1.157 p=1.325(0.006) max=3.844 | Ld=-0.4780 base=-0.634 r1=0.141 path=0.00859 cap=0.00654 | Lg=+1.2150 | 6s | curv=+2.05 wide=+2.95 gfmed=0.932
  490 acq  m=8 hq=0.129 fail | Dr=+1.022/+2.918 |Dr|max=2.918 Df=+0.079 | g r=0.287 f=1.712 p=1.476(0.003) max=4.203 | Ld=-0.5469 base=-0.67 r1=0.102 path=0.014 cap=0.0073 | Lg=+1.3154 | 7s | curv=+1.8 wide=+2.58 gfmed=1.838
  500 acq  m=8 hq=0.406 fail | Dr=+0.635/+2.009 |Dr|max=2.009 Df=-0.032 | g r=0.307 f=1.349 p=1.371(0.006) max=3.974 | Ld=-0.3912 base=-0.576 r1=0.17 path=0.0127 cap=0.00204 | Lg=+1.2318 | 7s | curv=+1.73 wide=+2.64 gfmed=1.063
  510 acq  m=7 hq=0.288 fail | Dr=+0.482/+2.280 |Dr|max=2.280 Df=-0.141 | g r=0.251 f=1.284 p=1.382(0.011) max=4.096 | Ld=-0.4680 base=-0.636 r1=0.107 path=0.0336 cap=0.0272 | Lg=+1.2564 | 7s | curv=+1.15 wide=+2.09 gfmed=1.153
  520 acq  m=8 hq=0.330 fail | Dr=+0.816/+2.725 |Dr|max=2.725 Df=+0.177 | g r=0.231 f=1.306 p=1.314(0.011) max=4.312 | Ld=-0.3719 base=-0.526 r1=0.128 path=0.0114 cap=0.0146 | Lg=+1.2070 | 7s | curv=+1.34 wide=+2.09 gfmed=1.106
  530 acq  m=8 hq=0.528 fail | Dr=+0.573/+2.573 |Dr|max=2.573 Df=-0.122 | g r=0.257 f=0.977 p=1.330(0.011) max=3.894 | Ld=-0.6525 base=-0.796 r1=0.0968 path=0.00838 cap=0.0386 | Lg=+1.4658 | 7s | curv=+1.43 wide=+2.18 gfmed=0.417
  540 acq  m=8 hq=0.546 fail | Dr=+0.688/+2.191 |Dr|max=2.191 Df=+0.152 | g r=0.190 f=0.936 p=1.280(0.006) max=4.204 | Ld=-0.3440 base=-0.501 r1=0.108 path=0.0229 cap=0.0262 | Lg=+1.2081 | 7s | curv=+1.25 wide=+1.98 gfmed=0.358
  550 acq  m=8 hq=0.537 fail | Dr=+0.663/+2.413 |Dr|max=2.413 Df=+0.169 | g r=0.179 f=0.786 p=1.276(0.008) max=4.070 | Ld=-0.2777 base=-0.394 r1=0.0808 path=0.0106 cap=0.0246 | Lg=+1.2225 | 7s | curv=+1.13 wide=+1.8 gfmed=0.315
  560 acq  m=8 hq=0.679 fail | Dr=+0.612/+2.567 |Dr|max=2.567 Df=+0.189 | g r=0.203 f=0.690 p=1.237(0.009) max=4.121 | Ld=-0.2873 base=-0.403 r1=0.0759 path=0.00966 cap=0.03 | Lg=+1.1781 | 7s | curv=+1.71 wide=+2.34 gfmed=0.233
  570 acq  m=8 hq=0.749 fail | Dr=+0.590/+2.485 |Dr|max=2.485 Df=+0.184 | g r=0.175 f=0.538 p=1.236(0.004) max=3.761 | Ld=-0.2284 base=-0.344 r1=0.0623 path=0.0462 cap=0.00687 | Lg=+1.1672 | 7s | curv=+1 wide=+1.65 gfmed=0.221
  580 acq  m=8 hq=0.530 fail | Dr=+0.330/+2.002 |Dr|max=2.002 Df=-0.109 | g r=0.261 f=0.883 p=1.231(0.011) max=3.431 | Ld=-0.2777 base=-0.409 r1=0.0787 path=0.0211 cap=0.0317 | Lg=+1.2114 | 8s | curv=+0.644 wide=+1.41 gfmed=0.541
  590 acq  m=8 hq=0.745 fail | Dr=+0.372/+2.443 |Dr|max=2.443 Df=-0.033 | g r=0.170 f=0.481 p=1.225(0.003) max=3.699 | Ld=-0.2967 base=-0.387 r1=0.0585 path=0.0164 cap=0.0158 | Lg=+1.2482 | 8s | curv=+0.849 wide=+1.37 gfmed=0.204
  600 acq  m=8 hq=0.773 fail | Dr=+0.363/+2.255 |Dr|max=2.255 Df=-0.008 | g r=0.194 f=0.446 p=1.196(0.002) max=3.250 | Ld=-0.1796 base=-0.264 r1=0.0657 path=0.0117 cap=0.00681 | Lg=+1.1880 | 8s | curv=+0.51 wide=+1.07 gfmed=0.212
  610 acq  m=8 hq=0.744 fail | Dr=+0.587/+2.779 |Dr|max=2.779 Df=+0.166 | g r=0.165 f=0.489 p=1.193(0.002) max=3.725 | Ld=-0.3419 base=-0.419 r1=0.0513 path=0.0175 cap=0.00854 | Lg=+1.3158 | 8s | curv=+1.04 wide=+1.46 gfmed=0.167
  620 acq  m=8 hq=0.508 fail | Dr=+0.473/+2.664 |Dr|max=2.664 Df=+0.061 | g r=0.148 f=0.886 p=1.161(0.002) max=3.513 | Ld=-0.3619 base=-0.44 r1=0.0558 path=0.00214 cap=0.0206 | Lg=+1.2543 | 8s | curv=+1.27 wide=+1.88 gfmed=0.521
  630 acq  m=6 hq=0.312 fail | Dr=+0.635/+2.516 |Dr|max=2.516 Df=+0.008 | g r=0.222 f=1.104 p=1.310(0.007) max=3.893 | Ld=-0.4964 base=-0.608 r1=0.0581 path=0.0271 cap=0.0263 | Lg=+1.2855 | 8s | curv=+1.27 wide=+1.91 gfmed=0.734
  640 acq  m=7 hq=0.592 fail | Dr=+0.660/+2.770 |Dr|max=2.770 Df=+0.236 | g r=0.193 f=0.931 p=1.290(0.003) max=3.795 | Ld=-0.4607 base=-0.544 r1=0.0618 path=0.00393 cap=0.018 | Lg=+1.3860 | 8s | curv=+0.958 wide=+1.7 gfmed=0.259
  650 acq  m=6 hq=0.352 fail | Dr=+0.417/+2.212 |Dr|max=2.212 Df=-0.099 | g r=0.167 f=1.382 p=1.275(0.005) max=3.980 | Ld=-0.2682 base=-0.367 r1=0.079 path=0.0139 cap=0.00595 | Lg=+1.1921 | 8s | curv=+1.46 wide=+2.14 gfmed=1.356
  660 acq  m=8 hq=0.804 fail | Dr=+0.718/+2.890 |Dr|max=2.890 Df=+0.357 | g r=0.157 f=0.487 p=1.250(0.001) max=3.638 | Ld=-0.2811 base=-0.356 r1=0.0565 path=0.0115 cap=0.0071 | Lg=+1.2315 | 8s | curv=+0.8 wide=+1.54 gfmed=0.159
  670 acq  m=8 hq=0.770 fail | Dr=+0.504/+2.842 |Dr|max=2.842 Df=+0.145 | g r=0.182 f=0.432 p=1.200(0.009) max=3.397 | Ld=-0.2929 base=-0.379 r1=0.059 path=0.0239 cap=0.00369 | Lg=+1.3121 | 8s | curv=+0.773 wide=+1.34 gfmed=0.196
  680 acq  m=8 hq=0.673 fail | Dr=+0.326/+2.555 |Dr|max=2.555 Df=-0.019 | g r=0.199 f=0.526 p=1.205(0.006) max=3.802 | Ld=-0.1677 base=-0.277 r1=0.0566 path=0.0469 cap=0.00551 | Lg=+1.2478 | 9s | curv=+0.865 wide=+1.43 gfmed=0.222
  690 acq  m=7 hq=0.299 fail | Dr=+0.422/+2.709 |Dr|max=2.709 Df=-0.217 | g r=0.180 f=0.721 p=1.290(0.012) max=4.160 | Ld=-0.3763 base=-0.441 r1=0.0542 path=0.00248 cap=0.00837 | Lg=+1.3377 | 9s | curv=+0.957 wide=+1.52 gfmed=0.364
  700 acq  m=8 hq=0.867 fail | Dr=+0.300/+3.075 |Dr|max=3.075 Df=-0.050 | g r=0.147 f=0.311 p=1.217(0.005) max=3.827 | Ld=-0.2986 base=-0.356 r1=0.0373 path=0.0171 cap=0.00331 | Lg=+1.3735 | 9s | curv=+0.408 wide=+0.999 gfmed=0.143
  710 acq  m=8 hq=0.877 fail | Dr=+0.462/+2.969 |Dr|max=2.969 Df=+0.114 | g r=0.150 f=0.307 p=1.184(0.003) max=3.780 | Ld=-0.2434 base=-0.306 r1=0.0352 path=0.0257 cap=0.00195 | Lg=+1.3411 | 9s | curv=+0.606 wide=+1.06 gfmed=0.155
  720 acq  m=8 hq=0.840 fail | Dr=+0.321/+3.143 |Dr|max=3.143 Df=+0.008 | g r=0.212 f=0.322 p=1.163(0.004) max=3.423 | Ld=-0.1298 base=-0.207 r1=0.0523 path=0.0137 cap=0.0108 | Lg=+1.2937 | 9s | curv=+0.602 wide=+0.988 gfmed=0.209
  730 acq  m=8 hq=0.867 fail | Dr=+0.498/+3.503 |Dr|max=3.503 Df=+0.172 | g r=0.173 f=0.289 p=1.222(0.006) max=3.843 | Ld=-0.2868 base=-0.37 r1=0.0437 path=0.0379 cap=0.00203 | Lg=+1.4357 | 9s | curv=+0.381 wide=+0.863 gfmed=0.169
  740 acq  m=8 hq=0.886 fail | Dr=+0.395/+2.921 |Dr|max=2.921 Df=+0.074 | g r=0.116 f=0.224 p=1.155(0.002) max=3.304 | Ld=-0.2359 base=-0.276 r1=0.0364 path=0.00146 cap=0.00227 | Lg=+1.2977 | 9s | curv=+0.543 wide=+0.884 gfmed=0.102
  750 acq  m=8 hq=0.869 fail | Dr=+0.414/+2.931 |Dr|max=2.931 Df=+0.093 | g r=0.180 f=0.272 p=1.187(0.007) max=3.396 | Ld=-0.1566 base=-0.251 r1=0.0436 path=0.0429 cap=0.00804 | Lg=+1.2980 | 9s | curv=+0.356 wide=+0.788 gfmed=0.176
  760 acq  m=8 hq=0.849 fail | Dr=+0.435/+3.316 |Dr|max=3.316 Df=+0.119 | g r=0.148 f=0.239 p=1.181(0.006) max=3.510 | Ld=-0.1380 base=-0.234 r1=0.0621 path=0.0304 cap=0.00379 | Lg=+1.3629 | 9s | curv=+0.541 wide=+0.842 gfmed=0.143
  770 acq  m=8 hq=0.910 PASS | Dr=+0.385/+2.841 |Dr|max=2.841 Df=+0.095 | g r=0.138 f=0.211 p=1.132(0.007) max=3.313 | Ld=-0.1994 base=-0.249 r1=0.0278 path=0.00812 cap=0.0133 | Lg=+1.3177 | 10s | curv=+0.632 wide=+0.908 gfmed=0.132
  780 acq  m=8 hq=0.900 PASS | Dr=+0.368/+2.846 |Dr|max=2.846 Df=+0.079 | g r=0.149 f=0.212 p=1.137(0.003) max=3.352 | Ld=-0.1287 base=-0.187 r1=0.0333 path=0.022 cap=0.00307 | Lg=+1.3173 | 10s | curv=+0.791 wide=+1.07 gfmed=0.140
  790 acq  m=8 hq=0.920 PASS | Dr=+0.590/+2.956 |Dr|max=2.956 Df=+0.333 | g r=0.131 f=0.181 p=1.063(0.001) max=3.288 | Ld=+0.0173 base=-0.104 r1=0.03 path=0.0877 cap=0.004 | Lg=+1.1691 | 10s | curv=+0.77 wide=+1.06 gfmed=0.112
  800 acq  m=8 hq=0.903 PASS | Dr=+0.513/+3.574 |Dr|max=3.574 Df=+0.241 | g r=0.109 f=0.182 p=1.156(0.002) max=3.411 | Ld=-0.2974 base=-0.342 r1=0.0235 path=0.0179 cap=0.00307 | Lg=+1.4169 | 10s | curv=+0.501 wide=+0.874 gfmed=0.108
  810 acq  m=8 hq=0.909 PASS | Dr=+0.503/+3.112 |Dr|max=3.112 Df=+0.225 | g r=0.106 f=0.164 p=1.126(0.006) max=3.472 | Ld=-0.2155 base=-0.282 r1=0.0183 path=0.0452 cap=0.00265 | Lg=+1.3285 | 10s | curv=+0.4 wide=+0.781 gfmed=0.083
  820 acq  m=8 hq=0.912 PASS | Dr=+0.593/+3.029 |Dr|max=3.029 Df=+0.339 | g r=0.134 f=0.176 p=1.072(0.007) max=3.422 | Ld=-0.1445 base=-0.2 r1=0.0229 path=0.0287 cap=0.00369 | Lg=+1.3007 | 10s | curv=+0.596 wide=+0.874 gfmed=0.111
  830 acq  m=8 hq=0.917 PASS | Dr=+0.417/+2.796 |Dr|max=2.796 Df=+0.150 | g r=0.176 f=0.220 p=1.139(0.007) max=3.469 | Ld=-0.1504 base=-0.218 r1=0.0486 path=0.00782 cap=0.0111 | Lg=+1.2958 | 10s | curv=+0.207 wide=+0.514 gfmed=0.158
  840 acq  m=8 hq=0.851 fail | Dr=+0.422/+2.873 |Dr|max=2.873 Df=+0.163 | g r=0.184 f=0.268 p=1.098(0.004) max=3.439 | Ld=-0.1258 base=-0.171 r1=0.0189 path=0.0159 cap=0.0101 | Lg=+1.2668 | 10s | curv=+0.376 wide=+0.623 gfmed=0.198
  850 acq  m=8 hq=0.919 PASS | Dr=+0.565/+3.026 |Dr|max=3.026 Df=+0.340 | g r=0.156 f=0.183 p=1.071(0.007) max=3.272 | Ld=-0.1250 base=-0.223 r1=0.0444 path=0.0527 cap=0.000639 | Lg=+1.2366 | 11s | curv=+0.446 wide=+0.699 gfmed=0.125
  860 acq  m=8 hq=0.882 fail | Dr=+0.264/+2.520 |Dr|max=2.520 Df=+0.018 | g r=0.158 f=0.204 p=1.063(0.003) max=3.153 | Ld=-0.1388 base=-0.198 r1=0.0375 path=0.0152 cap=0.00678 | Lg=+1.2332 | 11s | curv=+0.489 wide=+0.678 gfmed=0.150
  870 acq  m=8 hq=0.938 PASS | Dr=+0.205/+2.993 |Dr|max=2.993 Df=-0.032 | g r=0.134 f=0.177 p=1.166(0.003) max=3.323 | Ld=-0.1859 base=-0.22 r1=0.0162 path=0.00321 cap=0.0146 | Lg=+1.3741 | 11s | curv=+0.426 wide=+0.665 gfmed=0.106
  880 acq  m=8 hq=0.951 PASS | Dr=+0.365/+3.123 |Dr|max=3.123 Df=+0.146 | g r=0.094 f=0.132 p=1.093(0.003) max=3.227 | Ld=-0.1145 base=-0.15 r1=0.0189 path=0.0157 cap=0.000698 | Lg=+1.3640 | 11s | curv=+0.577 wide=+0.868 gfmed=0.073
  890 acq  m=8 hq=0.801 fail | Dr=-0.064/+2.709 |Dr|max=2.709 Df=-0.289 | g r=0.189 f=0.326 p=1.177(0.007) max=3.466 | Ld=-0.1753 base=-0.261 r1=0.0575 path=0.0235 cap=0.0047 | Lg=+1.3584 | 11s | curv=+0.145 wide=+0.468 gfmed=0.206
  900 acq  m=8 hq=0.909 PASS | Dr=+0.250/+2.560 |Dr|max=2.560 Df=+0.042 | g r=0.143 f=0.194 p=1.114(0.004) max=3.488 | Ld=-0.1996 base=-0.26 r1=0.0272 path=0.023 cap=0.00992 | Lg=+1.3254 | 11s | curv=+0.447 wide=+0.677 gfmed=0.133
  910 acq  m=8 hq=0.932 PASS | Dr=+0.215/+2.782 |Dr|max=2.782 Df=-0.025 | g r=0.134 f=0.177 p=1.146(0.011) max=3.937 | Ld=-0.1185 base=-0.175 r1=0.0384 path=0.0164 cap=0.00146 | Lg=+1.2845 | 11s | curv=+0.184 wide=+0.476 gfmed=0.130
  920 acq  m=8 hq=0.850 fail | Dr=+0.378/+2.590 |Dr|max=2.590 Df=+0.155 | g r=0.121 f=0.218 p=1.081(0.003) max=3.358 | Ld=-0.0251 base=-0.143 r1=0.0279 path=0.0871 cap=0.00266 | Lg=+1.3209 | 11s | curv=+0.508 wide=+0.731 gfmed=0.114
  930 acq  m=8 hq=0.738 fail | Dr=+0.802/+2.952 |Dr|max=2.952 Df=+0.530 | g r=0.136 f=0.528 p=1.184(0.004) max=3.758 | Ld=-0.2503 base=-0.319 r1=0.0312 path=0.0368 cap=0.000738 | Lg=+1.3280 | 12s | curv=+1.16 wide=+1.55 gfmed=0.205
  940 acq  m=8 hq=0.752 fail | Dr=+0.632/+2.975 |Dr|max=2.975 Df=+0.402 | g r=0.110 f=0.332 p=1.118(0.004) max=3.401 | Ld=-0.0795 base=-0.12 r1=0.0292 path=0.00946 cap=0.00189 | Lg=+1.2205 | 12s | curv=+0.559 wide=+0.928 gfmed=0.126
  950 acq  m=8 hq=0.492 fail | Dr=+0.771/+2.685 |Dr|max=2.685 Df=+0.457 | g r=0.179 f=0.657 p=1.146(0.007) max=3.253 | Ld=-0.1855 base=-0.332 r1=0.0534 path=0.00631 cap=0.0869 | Lg=+1.2056 | 12s | curv=+1.03 wide=+1.32 gfmed=0.254
  960 acq  m=8 hq=0.818 fail | Dr=+0.777/+3.176 |Dr|max=3.176 Df=+0.556 | g r=0.153 f=0.393 p=1.216(0.002) max=3.589 | Ld=-0.1870 base=-0.24 r1=0.042 path=0.00884 cap=0.00253 | Lg=+1.2346 | 12s | curv=+0.83 wide=+1.35 gfmed=0.109
  970 acq  m=8 hq=0.920 PASS | Dr=+0.412/+2.600 |Dr|max=2.600 Df=+0.253 | g r=0.159 f=0.210 p=1.140(0.011) max=3.570 | Ld=-0.1180 base=-0.163 r1=0.0211 path=0.0189 cap=0.00537 | Lg=+1.2898 | 12s | curv=+0.206 wide=+0.638 gfmed=0.129
  980 acq  m=8 hq=0.922 PASS | Dr=+0.457/+2.949 |Dr|max=2.949 Df=+0.274 | g r=0.128 f=0.159 p=1.058(0.000) max=3.646 | Ld=-0.0760 base=-0.118 r1=0.0176 path=0.0185 cap=0.00597 | Lg=+1.1538 | 12s | curv=+0.553 wide=+0.87 gfmed=0.108
  990 acq  m=8 hq=0.918 PASS | Dr=+0.279/+2.592 |Dr|max=2.592 Df=+0.113 | g r=0.132 f=0.176 p=1.135(0.004) max=3.613 | Ld=-0.1825 base=-0.204 r1=0.0192 path=0.00166 cap=0.000402 | Lg=+1.2603 | 12s | curv=+0.112 wide=+0.496 gfmed=0.100
 1000 acq  m=8 hq=0.909 PASS | Dr=+0.391/+2.799 |Dr|max=2.799 Df=+0.173 | g r=0.110 f=0.175 p=1.138(0.004) max=3.652 | Ld=-0.1346 base=-0.213 r1=0.0293 path=0.0468 cap=0.00177 | Lg=+1.2894 | 12s | curv=+0.217 wide=+0.554 gfmed=0.103
 1010 acq  m=8 hq=0.684 fail | Dr=+0.047/+2.343 |Dr|max=2.343 Df=-0.104 | g r=0.118 f=0.340 p=1.091(0.003) max=3.387 | Ld=-0.0760 base=-0.165 r1=0.0423 path=0.044 cap=0.00313 | Lg=+1.2097 | 13s | curv=+1.11 wide=+1.44 gfmed=0.164
 1020 acq  m=8 hq=0.785 fail | Dr=+0.186/+2.125 |Dr|max=2.125 Df=-0.019 | g r=0.088 f=0.418 p=1.135(0.004) max=3.432 | Ld=-0.0589 base=-0.132 r1=0.0294 path=0.0412 cap=0.00282 | Lg=+1.1604 | 13s | curv=+0.743 wide=+1.25 gfmed=0.063
 1030 acq  m=8 hq=0.915 PASS | Dr=+0.210/+2.470 |Dr|max=2.470 Df=+0.020 | g r=0.115 f=0.205 p=1.083(0.003) max=3.165 | Ld=-0.0429 base=-0.0778 r1=0.0281 path=0.00245 cap=0.00439 | Lg=+1.1486 | 13s | curv=+0.561 wide=+0.97 gfmed=0.094
 1040 acq  m=8 hq=0.891 fail | Dr=+0.288/+2.779 |Dr|max=2.779 Df=+0.084 | g r=0.148 f=0.256 p=1.078(0.005) max=3.091 | Ld=-0.0169 base=-0.0897 r1=0.0444 path=0.0234 cap=0.00499 | Lg=+1.1929 | 13s | curv=+0.72 wide=+1.05 gfmed=0.156
 1050 acq  m=8 hq=0.954 PASS | Dr=+0.119/+2.794 |Dr|max=2.794 Df=-0.094 | g r=0.102 f=0.136 p=1.168(0.002) max=3.576 | Ld=-0.1463 base=-0.169 r1=0.0161 path=0.00207 cap=0.00492 | Lg=+1.3533 | 13s | curv=+0.464 wide=+0.702 gfmed=0.093
 1060 acq  m=8 hq=0.947 PASS | Dr=+0.222/+2.984 |Dr|max=2.984 Df=+0.007 | g r=0.126 f=0.166 p=1.194(0.007) max=3.267 | Ld=-0.1280 base=-0.152 r1=0.0168 path=0.00315 cap=0.00409 | Lg=+1.3892 | 13s | curv=+0.188 wide=+0.46 gfmed=0.106
 1070 acq  m=8 hq=0.958 PASS | Dr=+0.120/+3.437 |Dr|max=3.437 Df=-0.064 | g r=0.090 f=0.104 p=1.133(0.004) max=3.397 | Ld=-0.1461 base=-0.184 r1=0.0131 path=0.0251 cap=0.000116 | Lg=+1.3804 | 13s | curv=+0.477 wide=+0.669 gfmed=0.074
 1080 acq  m=8 hq=0.943 PASS | Dr=+0.044/+3.136 |Dr|max=3.136 Df=-0.140 | g r=0.150 f=0.170 p=1.201(0.010) max=3.352 | Ld=-0.1195 base=-0.173 r1=0.0389 path=0.0113 cap=0.00358 | Lg=+1.4035 | 14s | curv=+0.309 wide=+0.572 gfmed=0.131
 1090 acq  m=8 hq=0.953 PASS | Dr=+0.076/+3.168 |Dr|max=3.168 Df=-0.118 | g r=0.092 f=0.109 p=1.168(0.002) max=3.443 | Ld=-0.1320 base=-0.153 r1=0.0174 path=0.00285 cap=0.000321 | Lg=+1.3048 | 14s | curv=+0.279 wide=+0.533 gfmed=0.078
 1100 acq  m=8 hq=0.954 PASS | Dr=+0.213/+2.709 |Dr|max=2.709 Df=+0.010 | g r=0.135 f=0.159 p=1.154(0.006) max=3.515 | Ld=-0.1431 base=-0.178 r1=0.026 path=0.00723 cap=0.002 | Lg=+1.3418 | 14s | curv=+0.403 wide=+0.644 gfmed=0.126
 1110 acq  m=8 hq=0.953 PASS | Dr=+0.166/+2.320 |Dr|max=2.320 Df=-0.018 | g r=0.112 f=0.125 p=1.063(0.000) max=3.293 | Ld=-0.1116 base=-0.156 r1=0.017 path=0.0135 cap=0.0139 | Lg=+1.2062 | 14s | curv=+0.0811 wide=+0.319 gfmed=0.091
 1120 acq  m=8 hq=0.948 PASS | Dr=+0.429/+3.329 |Dr|max=3.329 Df=+0.231 | g r=0.082 f=0.122 p=1.131(0.005) max=3.568 | Ld=-0.2082 base=-0.239 r1=0.0102 path=0.02 cap=0.000976 | Lg=+1.3386 | 14s | curv=+0.241 wide=+0.511 gfmed=0.080
 1130 acq  m=6 hq=0.227 fail | Dr=+0.102/+2.087 |Dr|max=2.087 Df=-0.184 | g r=0.167 f=0.627 p=1.105(0.014) max=3.311 | Ld=-0.2132 base=-0.287 r1=0.0399 path=0.015 cap=0.0191 | Lg=+1.2486 | 14s | curv=+1.13 wide=+1.46 gfmed=0.337
 1140 acq  m=7 hq=0.525 fail | Dr=-0.005/+2.012 |Dr|max=2.012 Df=-0.366 | g r=0.127 f=0.638 p=1.160(0.004) max=3.991 | Ld=-0.3934 base=-0.445 r1=0.0404 path=0.00662 cap=0.00411 | Lg=+1.3500 | 14s | curv=+1.07 wide=+1.59 gfmed=0.258
 1150 acq  m=7 hq=0.588 fail | Dr=+0.106/+1.990 |Dr|max=1.998 Df=-0.289 | g r=0.152 f=0.634 p=1.172(0.003) max=3.577 | Ld=-0.4406 base=-0.518 r1=0.0557 path=0.00521 cap=0.0164 | Lg=+1.3725 | 14s | curv=+0.936 wide=+1.44 gfmed=0.226
 1160 acq  m=5 hq=0.154 fail | Dr=+0.139/+1.977 |Dr|max=1.977 Df=-0.431 | g r=0.214 f=1.278 p=1.204(0.006) max=3.448 | Ld=-0.1572 base=-0.263 r1=0.0746 path=0.00623 cap=0.0251 | Lg=+1.1947 | 15s | curv=+1.72 wide=+2.26 gfmed=1.016
 1170 acq  m=5 hq=0.241 fail | Dr=+0.668/+2.823 |Dr|max=2.823 Df=+0.014 | g r=0.202 f=1.586 p=1.441(0.017) max=3.767 | Ld=-0.5839 base=-0.686 r1=0.0851 path=0.000676 cap=0.0165 | Lg=+1.4317 | 15s | curv=+1.59 wide=+2.39 gfmed=1.737
 1180 acq  m=5 hq=0.076 fail | Dr=+0.619/+2.090 |Dr|max=2.090 Df=-0.187 | g r=0.224 f=1.317 p=1.329(0.021) max=3.730 | Ld=-0.7192 base=-1 r1=0.109 path=0.0559 cap=0.117 | Lg=+1.5961 | 15s | curv=+1.98 wide=+2.68 gfmed=1.241
 1190 acq  m=4 hq=0.138 fail | Dr=+0.879/+1.976 |Dr|max=1.976 Df=-0.008 | g r=0.227 f=1.525 p=1.461(0.004) max=3.959 | Ld=-0.7098 base=-0.842 r1=0.105 path=0.0106 cap=0.0163 | Lg=+1.4797 | 15s | curv=+2.25 wide=+2.98 gfmed=1.578
 1200 acq  m=5 hq=0.094 fail | Dr=+0.703/+1.951 |Dr|max=1.951 Df=-0.411 | g r=0.228 f=1.615 p=1.549(0.013) max=4.465 | Ld=-0.7877 base=-0.926 r1=0.11 path=0.0112 cap=0.017 | Lg=+1.4775 | 15s | curv=+2.01 wide=+2.96 gfmed=1.607
 1210 hold m=6 hq=0.036 fail | Dr=+0.652/+1.965 |Dr|max=1.965 Df=+0.059 | g r=0.253 f=1.886 p=1.483(0.008) max=4.062 | Ld=-0.5896 base=-0.719 r1=0.0955 path=0.0141 cap=0.0201 | Lg=+1.4970 | 15s | curv=+2.21 wide=+2.97 gfmed=2.009
 1220 hold m=4 hq=0.184 fail | Dr=+0.525/+1.705 |Dr|max=1.705 Df=-0.270 | g r=0.243 f=1.347 p=1.338(0.016) max=3.628 | Ld=-0.4552 base=-0.634 r1=0.12 path=0.00783 cap=0.0517 | Lg=+1.2474 | 15s | curv=+2.2 wide=+2.92 gfmed=1.275
 1230 hold m=6 hq=0.207 fail | Dr=+0.861/+1.833 |Dr|max=1.833 Df=+0.294 | g r=0.242 f=1.676 p=1.429(0.010) max=3.855 | Ld=-0.2902 base=-0.453 r1=0.112 path=0.000455 cap=0.0499 | Lg=+1.0973 | 16s | curv=+1.97 wide=+2.79 gfmed=1.991
 1240 hold m=7 hq=0.135 fail | Dr=+0.888/+1.833 |Dr|max=1.833 Df=+0.420 | g r=0.189 f=1.959 p=1.506(0.004) max=3.845 | Ld=-0.5597 base=-0.679 r1=0.103 path=0.00541 cap=0.0108 | Lg=+1.2869 | 16s | curv=+1.75 wide=+2.68 gfmed=2.105
 1250 hold m=7 hq=0.228 fail | Dr=+1.094/+2.174 |Dr|max=2.174 Df=+0.599 | g r=0.275 f=1.856 p=1.551(0.002) max=3.977 | Ld=-0.9982 base=-1.12 r1=0.113 path=0.000415 cap=0.00736 | Lg=+1.6329 | 16s | curv=+2 wide=+2.88 gfmed=1.944
 1260 hold m=6 hq=0.185 fail | Dr=+0.836/+1.969 |Dr|max=1.969 Df=+0.156 | g r=0.212 f=1.710 p=1.453(0.010) max=4.213 | Ld=-0.4722 base=-0.602 r1=0.0915 path=0.000215 cap=0.0381 | Lg=+1.2409 | 16s | curv=+2.22 wide=+3.04 gfmed=1.792
 1270 hold m=7 hq=0.212 fail | Dr=+0.989/+2.077 |Dr|max=2.077 Df=+0.580 | g r=0.265 f=1.657 p=1.500(0.006) max=4.420 | Ld=-0.5257 base=-0.674 r1=0.118 path=0.00768 cap=0.0224 | Lg=+1.3533 | 16s | curv=+2.38 wide=+3.2 gfmed=1.647
 1280 hold m=5 hq=0.115 fail | Dr=+0.815/+1.927 |Dr|max=1.927 Df=+0.200 | g r=0.254 f=2.048 p=1.494(0.010) max=4.121 | Ld=-0.2728 base=-0.384 r1=0.1 path=0.00366 cap=0.00754 | Lg=+1.0799 | 16s | curv=+1.39 wide=+2.29 gfmed=2.234
 1290 hold m=8 hq=0.220 fail | Dr=+0.786/+1.821 |Dr|max=1.821 Df=+0.438 | g r=0.203 f=1.789 p=1.381(0.006) max=4.115 | Ld=-0.6926 base=-0.76 r1=0.0661 path=8.83e-05 cap=0.0017 | Lg=+1.4063 | 16s | curv=+2.06 wide=+2.78 gfmed=1.958
 1300 hold m=8 hq=0.841 fail | Dr=+1.029/+2.678 |Dr|max=2.678 Df=+0.940 | g r=0.255 f=0.518 p=1.267(0.006) max=3.646 | Ld=-0.0610 base=-0.143 r1=0.0769 path=0.00214 cap=0.00319 | Lg=+0.9833 | 16s | curv=+0.626 wide=+1.56 gfmed=0.279
 1310 hold m=8 hq=0.884 fail | Dr=+0.872/+2.322 |Dr|max=2.322 Df=+0.780 | g r=0.136 f=0.288 p=1.095(0.004) max=3.130 | Ld=-0.0125 base=-0.0539 r1=0.038 path=0.00199 cap=0.00138 | Lg=+0.8705 | 17s | curv=+0.56 wide=+1.31 gfmed=0.135
 1320 hold m=8 hq=0.925 PASS | Dr=+0.777/+2.557 |Dr|max=2.557 Df=+0.689 | g r=0.132 f=0.212 p=0.999(0.003) max=3.314 | Ld=-0.0482 base=-0.0871 r1=0.0382 path=0.00072 cap=1.64e-05 | Lg=+0.9575 | 17s | curv=+0.156 wide=+0.761 gfmed=0.138
 1330 hold m=8 hq=0.945 PASS | Dr=+0.740/+2.734 |Dr|max=2.734 Df=+0.667 | g r=0.126 f=0.166 p=0.909(0.003) max=3.157 | Ld=-0.0263 base=-0.0532 r1=0.0209 path=0.00205 cap=0.00402 | Lg=+0.9106 | 17s | curv=+0.462 wide=+0.909 gfmed=0.107
 1340 hold m=8 hq=0.946 PASS | Dr=+0.572/+2.552 |Dr|max=2.552 Df=+0.490 | g r=0.140 f=0.161 p=0.854(0.003) max=3.180 | Ld=-0.0107 base=-0.0381 r1=0.0267 path=0.000763 cap=4.84e-05 | Lg=+0.9460 | 17s | curv=+0.233 wide=+0.66 gfmed=0.106
 1350 hold m=8 hq=0.947 PASS | Dr=+0.487/+2.221 |Dr|max=2.221 Df=+0.381 | g r=0.145 f=0.159 p=0.891(0.009) max=3.243 | Ld=-0.0383 base=-0.0686 r1=0.0292 path=0.00109 | Lg=+1.0615 | 17s | curv=+0.0779 wide=+0.459 gfmed=0.115
 1360 hold m=8 hq=0.947 PASS | Dr=+0.499/+3.436 |Dr|max=3.436 Df=+0.381 | g r=0.152 f=0.164 p=0.933(0.005) max=3.297 | Ld=-0.0952 base=-0.119 r1=0.021 path=0.00153 cap=0.000769 | Lg=+1.0979 | 17s | curv=+0.285 wide=+0.532 gfmed=0.137
 1370 hold m=8 hq=0.954 PASS | Dr=+0.551/+2.685 |Dr|max=2.685 Df=+0.434 | g r=0.066 f=0.084 p=0.837(0.001) max=3.179 | Ld=-0.0450 base=-0.0604 r1=0.0105 path=0.0025 cap=0.00237 | Lg=+0.9994 | 17s | curv=+0.304 wide=+0.588 gfmed=0.048
 1380 hold m=8 hq=0.960 PASS | Dr=+0.268/+2.317 |Dr|max=2.317 Df=+0.183 | g r=0.074 f=0.090 p=0.764(0.001) max=2.716 | Ld=+0.0225 base=-0.0288 r1=0.0333 path=0.0175 cap=0.000446 | Lg=+0.9730 | 17s | curv=+0.316 wide=+0.549 gfmed=0.066
 1390 hold m=8 hq=0.964 PASS | Dr=+0.338/+3.309 |Dr|max=3.309 Df=+0.255 | g r=0.072 f=0.081 p=0.789(0.002) max=3.410 | Ld=-0.1116 base=-0.13 r1=0.0169 path=0.00166 cap=0.00024 | Lg=+1.0012 | 18s | curv=+0.166 wide=+0.398 gfmed=0.052
 1400 hold m=8 hq=0.965 PASS | Dr=+0.255/+2.463 |Dr|max=2.463 Df=+0.137 | g r=0.130 f=0.139 p=0.878(0.006) max=3.106 | Ld=-0.1137 base=-0.135 r1=0.0165 path=0.00199 cap=0.00255 | Lg=+1.1160 | 18s | curv=+0.339 wide=+0.527 gfmed=0.122
 1410 hold m=8 hq=0.969 PASS | Dr=+0.253/+2.696 |Dr|max=2.696 Df=+0.158 | g r=0.072 f=0.086 p=0.801(0.004) max=3.346 | Ld=-0.1000 base=-0.137 r1=0.0119 path=0.0249 cap=8.29e-05 | Lg=+1.0410 | 18s | curv=+0.3 wide=+0.497 gfmed=0.074
 1420 hold m=8 hq=0.964 PASS | Dr=+0.223/+2.594 |Dr|max=2.594 Df=+0.120 | g r=0.119 f=0.119 p=0.749(0.002) max=2.972 | Ld=-0.0088 base=-0.0367 r1=0.0155 path=0.0108 cap=0.00159 | Lg=+0.9945 | 18s | curv=+0.153 wide=+0.364 gfmed=0.096
 1430 hold m=8 hq=0.969 PASS | Dr=+0.330/+2.293 |Dr|max=2.293 Df=+0.232 | g r=0.068 f=0.076 p=0.745(0.001) max=2.896 | Ld=-0.0556 base=-0.0753 r1=0.016 path=0.00369 | Lg=+0.9443 | 18s | curv=+0.293 wide=+0.49 gfmed=0.062
 1440 hold m=8 hq=0.964 PASS | Dr=+0.193/+2.418 |Dr|max=2.418 Df=+0.097 | g r=0.099 f=0.108 p=0.750(0.005) max=3.238 | Ld=+0.0796 base=-0.053 r1=0.014 path=0.113 cap=0.00519 | Lg=+0.9573 | 18s | curv=+0.338 wide=+0.556 gfmed=0.085
 1450 hold m=8 hq=0.969 PASS | Dr=+0.272/+2.847 |Dr|max=2.847 Df=+0.174 | g r=0.098 f=0.105 p=0.753(0.006) max=3.326 | Ld=-0.0258 base=-0.0679 r1=0.0279 path=0.0129 cap=0.00132 | Lg=+0.9729 | 18s | curv=+0.265 wide=+0.451 gfmed=0.081
 1460 hold m=8 hq=0.961 PASS | Dr=+0.427/+2.251 |Dr|max=2.251 Df=+0.335 | g r=0.074 f=0.082 p=0.763(0.000) max=2.877 | Ld=-0.0689 base=-0.0781 r1=0.00713 path=0.00208 | Lg=+1.0054 | 18s | curv=+0.366 wide=+0.566 gfmed=0.049
 1470 hold m=8 hq=0.974 PASS | Dr=+0.348/+2.966 |Dr|max=2.966 Df=+0.258 | g r=0.079 f=0.077 p=0.778(0.004) max=3.160 | Ld=-0.1020 base=-0.127 r1=0.0145 path=0.0101 cap=0.000882 | Lg=+1.0260 | 19s | curv=+0.0266 wide=+0.229 gfmed=0.052
 1480 hold m=8 hq=0.961 PASS | Dr=+0.146/+3.504 |Dr|max=3.504 Df=+0.101 | g r=0.080 f=0.083 p=0.759(0.003) max=2.905 | Ld=-0.0841 base=-0.098 r1=0.00791 path=0.00603 | Lg=+1.1503 | 19s | curv=+0.255 wide=+0.403 gfmed=0.058
 1490 hold m=8 hq=0.951 PASS | Dr=+0.049/+3.673 |Dr|max=3.673 Df=-0.005 | g r=0.106 f=0.118 p=0.769(0.001) max=3.339 | Ld=-0.0770 base=-0.106 r1=0.0232 path=0.00586 cap=8.14e-07 | Lg=+1.1632 | 19s | curv=-0.0138 wide=+0.154 gfmed=0.085
 1500 hold m=8 hq=0.961 PASS | Dr=+0.154/+2.818 |Dr|max=2.818 Df=+0.073 | g r=0.111 f=0.126 p=0.735(0.004) max=3.418 | Ld=-0.0249 base=-0.0474 r1=0.018 path=0.00416 cap=0.000346 | Lg=+0.9479 | 19s | curv=+0.334 wide=+0.472 gfmed=0.105
 1510 hold m=8 hq=0.974 PASS | Dr=+0.336/+3.008 |Dr|max=3.008 Df=+0.260 | g r=0.055 f=0.069 p=0.724(0.003) max=3.038 | Ld=-0.0218 base=-0.0309 r1=0.00449 path=0.00458 | Lg=+0.9440 | 19s | curv=+0.198 wide=+0.375 gfmed=0.044
 1520 hold m=8 hq=0.965 PASS | Dr=+0.436/+2.835 |Dr|max=2.835 Df=+0.362 | g r=0.094 f=0.099 p=0.756(0.003) max=3.214 | Ld=-0.0491 base=-0.0643 r1=0.00986 path=0.00527 cap=1.64e-05 | Lg=+1.0394 | 19s | curv=+0.0997 wide=+0.264 gfmed=0.081
 1530 hold m=8 hq=0.951 PASS | Dr=+0.398/+2.760 |Dr|max=2.760 Df=+0.328 | g r=0.096 f=0.107 p=0.836(0.001) max=3.510 | Ld=-0.1059 base=-0.122 r1=0.0082 path=0.00776 | Lg=+1.2303 | 19s | curv=+0.184 wide=+0.372 gfmed=0.063
 1540 hold m=8 hq=0.978 PASS | Dr=+0.333/+2.971 |Dr|max=2.971 Df=+0.257 | g r=0.074 f=0.084 p=0.690(0.002) max=3.180 | Ld=-0.0714 base=-0.0841 r1=0.00932 path=0.00327 cap=6.05e-05 | Lg=+1.0055 | 19s | curv=+0.113 wide=+0.289 gfmed=0.047
 1550 hold m=8 hq=0.977 PASS | Dr=+0.223/+3.109 |Dr|max=3.109 Df=+0.141 | g r=0.064 f=0.067 p=0.728(0.001) max=3.180 | Ld=-0.0614 base=-0.0669 r1=0.00404 path=0.00154 cap=2.52e-06 | Lg=+0.9988 | 20s | curv=+0.144 wide=+0.265 gfmed=0.049
 1560 hold m=8 hq=0.980 PASS | Dr=+0.029/+2.978 |Dr|max=2.978 Df=-0.039 | g r=0.060 f=0.062 p=0.699(0.001) max=2.946 | Ld=-0.0419 base=-0.0514 r1=0.00736 path=0.00186 cap=0.000297 | Lg=+0.9860 | 20s | curv=+0.188 wide=+0.326 gfmed=0.043
 1570 hold m=8 hq=0.973 PASS | Dr=+0.229/+2.236 |Dr|max=2.236 Df=+0.137 | g r=0.050 f=0.057 p=0.725(0.001) max=2.882 | Ld=-0.0897 base=-0.101 r1=0.0079 path=0.00334 | Lg=+0.9748 | 20s | curv=+0.117 wide=+0.246 gfmed=0.043
 1580 hold m=8 hq=0.966 PASS | Dr=+0.180/+2.736 |Dr|max=2.736 Df=+0.126 | g r=0.070 f=0.082 p=0.734(0.002) max=3.328 | Ld=-0.0246 base=-0.0405 r1=0.00916 path=0.00651 cap=0.00019 | Lg=+1.0607 | 20s | curv=+0.0951 wide=+0.28 gfmed=0.053
 1590 hold m=8 hq=0.956 PASS | Dr=+0.049/+3.411 |Dr|max=3.411 Df=+0.004 | g r=0.096 f=0.105 p=0.754(0.004) max=3.202 | Ld=-0.0406 base=-0.0632 r1=0.0103 path=0.0113 cap=0.000972 | Lg=+1.1444 | 20s | curv=+0.256 wide=+0.395 gfmed=0.088
 1600 hold m=8 hq=0.972 PASS | Dr=+0.232/+3.108 |Dr|max=3.108 Df=+0.163 | g r=0.087 f=0.095 p=0.756(0.003) max=3.333 | Ld=-0.0811 base=-0.094 r1=0.00934 path=0.00222 cap=0.00141 | Lg=+1.0631 | 20s | curv=-0.0223 wide=+0.137 gfmed=0.066
 1610 hold m=8 hq=0.979 PASS | Dr=+0.453/+2.760 |Dr|max=2.760 Df=+0.388 | g r=0.122 f=0.133 p=0.726(0.001) max=3.152 | Ld=-0.0046 base=-0.0415 r1=0.0208 path=0.00638 cap=0.0098 | Lg=+0.9733 | 20s | curv=+0.1 wide=+0.267 gfmed=0.098
 1620 hold m=8 hq=0.981 PASS | Dr=+0.444/+2.006 |Dr|max=2.006 Df=+0.350 | g r=0.046 f=0.050 p=0.665(0.001) max=3.168 | Ld=-0.0353 base=-0.0464 r1=0.00518 path=0.00585 | Lg=+0.9258 | 20s | curv=+0.085 wide=+0.231 gfmed=0.032
 1630 hold m=8 hq=0.969 PASS | Dr=+0.171/+2.490 |Dr|max=2.490 Df=+0.122 | g r=0.087 f=0.088 p=0.748(0.004) max=3.053 | Ld=-0.0818 base=-0.0984 r1=0.00777 path=0.00857 cap=0.000242 | Lg=+1.0656 | 21s | curv=+0.0844 wide=+0.234 gfmed=0.068
 1640 hold m=8 hq=0.962 PASS | Dr=+0.155/+2.708 |Dr|max=2.708 Df=+0.094 | g r=0.071 f=0.080 p=0.735(0.001) max=3.110 | Ld=-0.0446 base=-0.0575 r1=0.00869 path=0.00419 | Lg=+1.0360 | 21s | curv=+0.021 wide=+0.198 gfmed=0.076
 1650 hold m=8 hq=0.979 PASS | Dr=+0.263/+2.647 |Dr|max=2.647 Df=+0.188 | g r=0.079 f=0.084 p=0.695(0.001) max=3.063 | Ld=+0.0208 base=0.00858 r1=0.0106 path=0.00165 | Lg=+0.9539 | 21s | curv=+0.149 wide=+0.3 gfmed=0.060
 1660 hold m=8 hq=0.968 PASS | Dr=-0.239/+3.480 |Dr|max=3.480 Df=-0.307 | g r=0.087 f=0.097 p=0.855(0.007) max=3.544 | Ld=-0.0653 base=-0.0788 r1=0.0046 path=0.00871 cap=0.000209 | Lg=+1.1920 | 21s | curv=+0.0837 wide=+0.267 gfmed=0.075
 1670 hold m=8 hq=0.968 PASS | Dr=-0.304/+3.132 |Dr|max=3.132 Df=-0.360 | g r=0.092 f=0.098 p=0.822(0.001) max=3.194 | Ld=-0.0054 base=-0.0228 r1=0.0147 path=0.00239 cap=0.000303 | Lg=+1.1791 | 21s | curv=-0.0274 wide=+0.172 gfmed=0.066
 1680 hold m=8 hq=0.970 PASS | Dr=+0.025/+2.916 |Dr|max=2.916 Df=-0.057 | g r=0.106 f=0.119 p=0.948(0.005) max=3.279 | Ld=-0.0557 base=-0.0955 r1=0.0214 path=0.0176 cap=0.00083 | Lg=+1.1847 | 21s | curv=+0.166 wide=+0.341 gfmed=0.105
 1690 hold m=8 hq=0.975 PASS | Dr=+0.201/+3.261 |Dr|max=3.261 Df=+0.113 | g r=0.075 f=0.087 p=0.823(0.003) max=3.168 | Ld=-0.0487 base=-0.0661 r1=0.0134 path=0.00385 cap=0.000193 | Lg=+1.0835 | 21s | curv=+0.154 wide=+0.309 gfmed=0.052
 1700 hold m=8 hq=0.965 PASS | Dr=+0.430/+2.498 |Dr|max=2.498 Df=+0.340 | g r=0.083 f=0.088 p=0.790(0.001) max=3.226 | Ld=-0.0052 base=-0.034 r1=0.0164 path=0.0124 | Lg=+1.0404 | 21s | curv=+0.21 wide=+0.352 gfmed=0.062
 1710 hold m=8 hq=0.970 PASS | Dr=+0.317/+2.984 |Dr|max=2.984 Df=+0.229 | g r=0.089 f=0.095 p=0.840(0.001) max=3.228 | Ld=-0.0011 base=-0.0271 r1=0.012 path=0.0135 cap=0.000442 | Lg=+1.0550 | 22s | curv=+0.302 wide=+0.447 gfmed=0.065
 1720 hold m=8 hq=0.967 PASS | Dr=+0.421/+2.938 |Dr|max=2.938 Df=+0.337 | g r=0.066 f=0.075 p=0.791(0.001) max=3.243 | Ld=-0.0905 base=-0.105 r1=0.00744 path=0.00688 cap=1.16e-05 | Lg=+1.0359 | 22s | curv=+0.346 wide=+0.494 gfmed=0.049
 1730 hold m=8 hq=0.976 PASS | Dr=-0.097/+2.750 |Dr|max=2.750 Df=-0.158 | g r=0.096 f=0.106 p=0.759(0.002) max=3.133 | Ld=+0.0185 base=0.00834 r1=0.00797 path=0.00216 | Lg=+0.9837 | 22s | curv=+0.394 wide=+0.512 gfmed=0.092
 1740 hold m=8 hq=0.967 PASS | Dr=-0.046/+3.777 |Dr|max=3.777 Df=-0.088 | g r=0.069 f=0.082 p=0.844(0.001) max=3.402 | Ld=-0.1081 base=-0.118 r1=0.00718 path=0.00211 cap=0.000936 | Lg=+1.2775 | 22s | curv=+0.376 wide=+0.495 gfmed=0.059
 1750 hold m=8 hq=0.960 PASS | Dr=+0.329/+1.636 |Dr|max=2.484 Df=+0.223 | g r=0.069 f=0.083 p=0.755(0.001) max=3.491 | Ld=-0.0715 base=-0.079 r1=0.00468 path=0.00287 | Lg=+1.0278 | 22s | curv=+0.164 wide=+0.309 gfmed=0.054
 1760 hold m=8 hq=0.969 PASS | Dr=+0.463/+2.607 |Dr|max=2.607 Df=+0.362 | g r=0.062 f=0.068 p=0.835(0.001) max=3.348 | Ld=-0.0871 base=-0.0991 r1=0.00888 path=0.00313 cap=5.49e-06 | Lg=+1.1309 | 22s | curv=+0.245 wide=+0.361 gfmed=0.056
 1770 hold m=8 hq=0.977 PASS | Dr=+0.394/+2.832 |Dr|max=2.832 Df=+0.307 | g r=0.067 f=0.074 p=0.763(0.005) max=3.324 | Ld=-0.0416 base=-0.052 r1=0.00799 path=0.00238 | Lg=+1.0230 | 22s | curv=+0.0436 wide=+0.173 gfmed=0.059
 1780 hold m=8 hq=0.981 PASS | Dr=+0.390/+2.542 |Dr|max=2.542 Df=+0.302 | g r=0.062 f=0.066 p=0.731(0.001) max=3.291 | Ld=+0.0077 base=-0.0245 r1=0.00815 path=0.0238 cap=0.000257 | Lg=+0.9532 | 23s | curv=+0.123 wide=+0.279 gfmed=0.041
 1790 hold m=8 hq=0.979 PASS | Dr=+0.380/+2.659 |Dr|max=2.659 Df=+0.278 | g r=0.111 f=0.106 p=0.907(0.001) max=3.459 | Ld=-0.0727 base=-0.0946 r1=0.0144 path=0.00729 cap=0.000246 | Lg=+1.1226 | 23s | curv=+0.115 wide=+0.245 gfmed=0.076
 1800 hold m=8 hq=0.973 PASS | Dr=+0.614/+2.200 |Dr|max=2.200 Df=+0.495 | g r=0.103 f=0.122 p=0.847(0.003) max=3.170 | Ld=+0.0044 base=-0.0208 r1=0.00708 path=0.00705 cap=0.0111 | Lg=+1.0810 | 23s | curv=-0.172 wide=-0.0298 gfmed=0.079
 1810 hold m=8 hq=0.975 PASS | Dr=+0.493/+2.314 |Dr|max=2.314 Df=+0.366 | g r=0.048 f=0.052 p=0.804(0.002) max=3.225 | Ld=-0.0747 base=-0.0824 r1=0.00249 path=0.00519 | Lg=+1.0640 | 23s | curv=+0.101 wide=+0.243 gfmed=0.034
 1820 hold m=8 hq=0.974 PASS | Dr=+0.328/+2.625 |Dr|max=2.625 Df=+0.228 | g r=0.077 f=0.083 p=0.752(0.001) max=3.478 | Ld=-0.0563 base=-0.0679 r1=0.00602 path=0.0055 cap=6.14e-05 | Lg=+1.0290 | 23s | curv=+0.0985 wide=+0.209 gfmed=0.058
 1830 hold m=8 hq=0.952 PASS | Dr=+0.608/+2.187 |Dr|max=2.187 Df=+0.482 | g r=0.125 f=0.124 p=0.847(0.001) max=3.278 | Ld=-0.0796 base=-0.104 r1=0.0112 path=0.00458 cap=0.0087 | Lg=+1.1736 | 23s | curv=+0.0638 wide=+0.179 gfmed=0.109
 1840 hold m=8 hq=0.979 PASS | Dr=+0.317/+2.313 |Dr|max=2.313 Df=+0.217 | g r=0.088 f=0.091 p=0.827(0.004) max=3.167 | Ld=+0.0347 base=0.0115 r1=0.00917 path=0.0104 cap=0.0036 | Lg=+1.0870 | 23s | curv=+0.189 wide=+0.33 gfmed=0.079
 1850 hold m=8 hq=0.953 PASS | Dr=+0.355/+1.886 |Dr|max=1.886 Df=+0.264 | g r=0.105 f=0.098 p=0.690(0.002) max=2.766 | Ld=+0.0871 base=0.043 r1=0.0202 path=0.00173 cap=0.0222 | Lg=+0.9139 | 23s | curv=+0.256 wide=+0.327 gfmed=0.065
 1860 hold m=8 hq=0.974 PASS | Dr=+0.246/+2.795 |Dr|max=2.795 Df=+0.172 | g r=0.054 f=0.059 p=0.689(0.004) max=3.366 | Ld=+0.0177 base=0.00687 r1=0.00607 path=0.00186 cap=0.00286 | Lg=+0.9514 | 24s | curv=-0.0313 wide=+0.132 gfmed=0.044
 1870 hold m=8 hq=0.984 PASS | Dr=+0.411/+3.063 |Dr|max=3.063 Df=+0.334 | g r=0.047 f=0.051 p=0.735(0.002) max=3.401 | Ld=-0.0098 base=-0.0229 r1=0.00687 path=0.0047 cap=0.00152 | Lg=+0.9856 | 24s | curv=+0.0942 wide=+0.204 gfmed=0.043
 1880 hold m=8 hq=0.967 PASS | Dr=+0.162/+3.724 |Dr|max=3.724 Df=+0.114 | g r=0.068 f=0.073 p=0.791(0.001) max=3.279 | Ld=-0.0708 base=-0.0828 r1=0.00494 path=0.000972 cap=0.00606 | Lg=+1.1118 | 24s | curv=+0.133 wide=+0.224 gfmed=0.054
 1890 hold m=8 hq=0.964 PASS | Dr=+0.335/+2.431 |Dr|max=2.431 Df=+0.251 | g r=0.079 f=0.083 p=0.719(0.003) max=2.750 | Ld=+0.0640 base=0.0404 r1=0.02 path=0.00333 cap=0.000225 | Lg=+0.9438 | 24s | curv=+0.0366 wide=+0.18 gfmed=0.053
 1900 hold m=8 hq=0.979 PASS | Dr=+0.360/+2.887 |Dr|max=2.887 Df=+0.273 | g r=0.046 f=0.049 p=0.710(0.000) max=3.134 | Ld=-0.0293 base=-0.0374 r1=0.00727 path=0.000805 cap=1.41e-05 | Lg=+1.0406 | 24s | curv=+0.137 wide=+0.248 gfmed=0.038
 1910 hold m=8 hq=0.968 PASS | Dr=+0.477/+1.771 |Dr|max=1.771 Df=+0.370 | g r=0.068 f=0.081 p=0.734(0.003) max=3.163 | Ld=-0.0066 base=-0.0219 r1=0.0129 path=0.00217 cap=0.000199 | Lg=+1.0254 | 24s | curv=+0.183 wide=+0.283 gfmed=0.054
 1920 hold m=8 hq=0.977 PASS | Dr=+0.472/+2.370 |Dr|max=2.370 Df=+0.362 | g r=0.062 f=0.068 p=0.783(0.002) max=3.224 | Ld=-0.0480 base=-0.0586 r1=0.00511 path=0.00549 | Lg=+1.0849 | 24s | curv=+0.123 wide=+0.277 gfmed=0.056
 1930 hold m=8 hq=0.981 PASS | Dr=+0.413/+2.065 |Dr|max=2.065 Df=+0.307 | g r=0.057 f=0.059 p=0.730(0.001) max=2.995 | Ld=-0.0340 base=-0.0455 r1=0.00859 path=0.00295 cap=1.02e-05 | Lg=+0.9972 | 24s | curv=+0.214 wide=+0.301 gfmed=0.036
 1940 hold m=8 hq=0.985 PASS | Dr=+0.614/+2.791 |Dr|max=2.791 Df=+0.536 | g r=0.058 f=0.059 p=0.663(0.001) max=3.259 | Ld=+0.0024 base=-0.0139 r1=0.00587 path=0.00311 cap=0.00737 | Lg=+0.9095 | 25s | curv=+0.231 wide=+0.34 gfmed=0.043
 1950 hold m=8 hq=0.984 PASS | Dr=+0.513/+2.895 |Dr|max=2.895 Df=+0.443 | g r=0.063 f=0.062 p=0.636(0.001) max=3.036 | Ld=-0.0072 base=-0.0198 r1=0.00725 path=0.00541 | Lg=+0.9016 | 25s | curv=+0.0996 wide=+0.218 gfmed=0.032
 1960 hold m=8 hq=0.964 PASS | Dr=+0.383/+2.201 |Dr|max=2.201 Df=+0.274 | g r=0.098 f=0.107 p=0.808(0.003) max=3.415 | Ld=-0.0194 base=-0.0338 r1=0.00822 path=0.00563 cap=0.000627 | Lg=+1.0711 | 25s | curv=+0.0331 wide=+0.139 gfmed=0.097
 1970 hold m=8 hq=0.982 PASS | Dr=+0.577/+2.454 |Dr|max=2.454 Df=+0.463 | g r=0.056 f=0.060 p=0.760(0.003) max=2.761 | Ld=-0.0698 base=-0.0858 r1=0.013 path=0.00306 | Lg=+1.0594 | 25s | curv=+0.261 wide=+0.336 gfmed=0.052
 1980 hold m=8 hq=0.973 PASS | Dr=+0.247/+2.872 |Dr|max=2.872 Df=+0.172 | g r=0.088 f=0.089 p=0.759(0.002) max=3.089 | Ld=-0.0122 base=-0.036 r1=0.0205 path=0.00291 cap=0.000441 | Lg=+1.0387 | 25s | curv=+0.159 wide=+0.257 gfmed=0.076
 1990 hold m=8 hq=0.970 PASS | Dr=+0.248/+2.277 |Dr|max=2.277 Df=+0.171 | g r=0.056 f=0.059 p=0.739(0.003) max=3.070 | Ld=+0.0507 base=0.0361 r1=0.00752 path=0.00709 | Lg=+1.0013 | 25s | curv=+0.265 wide=+0.341 gfmed=0.048
 2000 hold m=8 hq=0.949 PASS | Dr=+0.506/+2.175 |Dr|max=2.175 Df=+0.407 | g r=0.097 f=0.105 p=0.769(0.007) max=2.968 | Ld=+0.0009 base=-0.0411 r1=0.0309 path=0.0111 | Lg=+1.0645 | 25s | curv=+0.223 wide=+0.328 gfmed=0.088
 2010 hold m=8 hq=0.949 PASS | Dr=+0.846/+2.819 |Dr|max=2.819 Df=+0.702 | g r=0.093 f=0.115 p=0.998(0.002) max=3.542 | Ld=-0.1659 base=-0.197 r1=0.00684 path=0.0243 cap=0.00011 | Lg=+1.3424 | 25s | curv=-0.0347 wide=+0.0955 gfmed=0.107
 2020 hold m=8 hq=0.988 PASS | Dr=+0.636/+1.827 |Dr|max=1.827 Df=+0.547 | g r=0.069 f=0.067 p=0.712(0.003) max=2.631 | Ld=+0.0335 base=0.0277 r1=0.0051 path=0.000657 | Lg=+0.9576 | 26s | curv=+0.149 wide=+0.259 gfmed=0.050
 2030 hold m=8 hq=0.985 PASS | Dr=+0.433/+2.638 |Dr|max=2.638 Df=+0.352 | g r=0.073 f=0.072 p=0.734(0.002) max=3.286 | Ld=-0.0257 base=-0.0361 r1=0.00662 path=0.00379 cap=2.94e-07 | Lg=+0.9676 | 26s | curv=+0.159 wide=+0.287 gfmed=0.058
 2040 hold m=8 hq=0.978 PASS | Dr=+0.272/+2.767 |Dr|max=2.767 Df=+0.212 | g r=0.092 f=0.095 p=0.732(0.003) max=3.007 | Ld=-0.0109 base=-0.0327 r1=0.0149 path=0.00307 cap=0.00382 | Lg=+0.9726 | 26s | curv=-0.0842 wide=+0.0262 gfmed=0.077
 2050 hold m=8 hq=0.949 PASS | Dr=+0.002/+3.330 |Dr|max=3.330 Df=-0.029 | g r=0.112 f=0.120 p=0.760(0.003) max=3.347 | Ld=-0.0227 base=-0.0305 r1=0.00608 path=0.00166 | Lg=+1.0421 | 26s | curv=+0.213 wide=+0.375 gfmed=0.104
 2060 hold m=8 hq=0.987 PASS | Dr=+0.065/+3.442 |Dr|max=3.442 Df=+0.031 | g r=0.078 f=0.078 p=0.747(0.005) max=3.234 | Ld=-0.0803 base=-0.101 r1=0.00644 path=0.0142 cap=6.64e-05 | Lg=+1.1066 | 26s | curv=+0.186 wide=+0.311 gfmed=0.068
 2070 hold m=8 hq=0.988 PASS | Dr=+0.119/+3.671 |Dr|max=3.671 Df=+0.088 | g r=0.046 f=0.049 p=0.680(0.001) max=3.112 | Ld=+0.0275 base=0.0184 r1=0.00527 path=0.00335 cap=0.000484 | Lg=+1.0516 | 26s | curv=+0.0699 wide=+0.161 gfmed=0.042
 2080 hold m=8 hq=0.978 PASS | Dr=+0.292/+2.856 |Dr|max=2.856 Df=+0.228 | g r=0.074 f=0.075 p=0.703(0.001) max=3.013 | Ld=-0.0127 base=-0.0412 r1=0.0229 path=0.00562 | Lg=+0.9400 | 26s | curv=+0.196 wide=+0.273 gfmed=0.060
 2090 hold m=8 hq=0.978 PASS | Dr=+0.635/+2.150 |Dr|max=2.150 Df=+0.539 | g r=0.067 f=0.074 p=0.793(0.001) max=3.093 | Ld=-0.0508 base=-0.0742 r1=0.00704 path=0.0163 cap=5.48e-05 | Lg=+0.9894 | 26s | curv=+0.0829 wide=+0.15 gfmed=0.053
 2100 hold m=8 hq=0.986 PASS | Dr=+0.140/+3.595 |Dr|max=3.595 Df=+0.092 | g r=0.052 f=0.056 p=0.725(0.002) max=3.178 | Ld=-0.0720 base=-0.0829 r1=0.00506 path=0.00532 cap=0.00055 | Lg=+1.1190 | 27s | curv=+0.162 wide=+0.263 gfmed=0.035
 2110 hold m=8 hq=0.978 PASS | Dr=+0.248/+2.928 |Dr|max=2.928 Df=+0.193 | g r=0.049 f=0.051 p=0.713(0.002) max=2.822 | Ld=+0.0312 base=0.0203 r1=0.00491 path=0.00599 | Lg=+1.0014 | 27s | curv=+0.16 wide=+0.231 gfmed=0.038
 2120 hold m=8 hq=0.985 PASS | Dr=+0.125/+3.495 |Dr|max=3.495 Df=+0.057 | g r=0.076 f=0.080 p=0.803(0.003) max=3.739 | Ld=-0.0829 base=-0.0954 r1=0.00737 path=0.00408 cap=0.001 | Lg=+1.1622 | 27s | curv=+0.189 wide=+0.214 gfmed=0.055
 2130 hold m=8 hq=0.970 PASS | Dr=+0.299/+2.654 |Dr|max=2.654 Df=+0.203 | g r=0.071 f=0.077 p=0.829(0.001) max=3.285 | Ld=-0.0829 base=-0.0908 r1=0.00468 path=0.003 cap=0.000193 | Lg=+1.1578 | 27s | curv=+0.196 wide=+0.24 gfmed=0.060
 2140 hold m=8 hq=0.942 PASS | Dr=+0.385/+2.690 |Dr|max=2.690 Df=+0.307 | g r=0.104 f=0.109 p=0.761(0.001) max=3.433 | Ld=+0.0068 base=-0.0262 r1=0.0127 path=0.0171 cap=0.00313 | Lg=+0.9697 | 27s | curv=+0.402 wide=+0.491 gfmed=0.075
 2150 hold m=8 hq=0.979 PASS | Dr=+0.417/+2.849 |Dr|max=2.849 Df=+0.310 | g r=0.086 f=0.086 p=0.872(0.004) max=3.851 | Ld=-0.0328 base=-0.0478 r1=0.00529 path=0.00801 cap=0.00166 | Lg=+1.1843 | 27s | curv=+0.0463 wide=+0.147 gfmed=0.057
 2160 hold m=8 hq=0.976 PASS | Dr=+0.593/+2.930 |Dr|max=2.930 Df=+0.502 | g r=0.044 f=0.047 p=0.730(0.000) max=3.188 | Ld=-0.0260 base=-0.034 r1=0.00308 path=0.00492 | Lg=+1.0185 | 27s | curv=+0.0927 wide=+0.184 gfmed=0.034
 2170 hold m=8 hq=0.973 PASS | Dr=+0.411/+2.907 |Dr|max=2.907 Df=+0.327 | g r=0.085 f=0.086 p=0.725(0.002) max=2.772 | Ld=-0.0298 base=-0.052 r1=0.0212 path=0.000809 cap=0.000213 | Lg=+0.9719 | 27s | curv=-0.0558 wide=+0.0581 gfmed=0.072
 2180 hold m=8 hq=0.976 PASS | Dr=+0.277/+2.747 |Dr|max=2.747 Df=+0.203 | g r=0.082 f=0.082 p=0.660(0.002) max=2.801 | Ld=-0.0071 base=-0.0252 r1=0.00829 path=0.00188 cap=0.00797 | Lg=+0.9402 | 28s | curv=+0.206 wide=+0.283 gfmed=0.053
 2190 hold m=8 hq=0.982 PASS | Dr=+0.081/+3.369 |Dr|max=3.369 Df=+0.029 | g r=0.076 f=0.079 p=0.643(0.003) max=3.307 | Ld=-0.0781 base=-0.0929 r1=0.00606 path=0.00842 cap=0.000342 | Lg=+1.0420 | 28s | curv=+0.149 wide=+0.243 gfmed=0.048
 2200 hold m=8 hq=0.982 PASS | Dr=+0.096/+3.331 |Dr|max=3.331 Df=+0.036 | g r=0.069 f=0.069 p=0.809(0.001) max=3.139 | Ld=-0.0021 base=-0.0225 r1=0.0077 path=0.0125 cap=0.000209 | Lg=+1.1298 | 28s | curv=+0.167 wide=+0.282 gfmed=0.057
 2210 hold m=8 hq=0.977 PASS | Dr=+0.384/+3.208 |Dr|max=3.208 Df=+0.315 | g r=0.044 f=0.048 p=0.821(0.001) max=3.144 | Ld=-0.0728 base=-0.0822 r1=0.00687 path=0.00244 cap=4.43e-05 | Lg=+1.1764 | 28s | curv=+0.023 wide=+0.112 gfmed=0.036
 2220 hold m=8 hq=0.979 PASS | Dr=+0.266/+3.081 |Dr|max=3.081 Df=+0.206 | g r=0.062 f=0.064 p=0.727(0.002) max=3.109 | Ld=+0.0146 base=0.00328 r1=0.0106 path=0.000745 cap=1.84e-05 | Lg=+1.0296 | 28s | curv=+0.0944 wide=+0.195 gfmed=0.047
 2230 hold m=8 hq=0.973 PASS | Dr=+0.055/+3.426 |Dr|max=3.426 Df=+0.007 | g r=0.088 f=0.094 p=0.834(0.003) max=3.113 | Ld=+0.0074 base=-0.00595 r1=0.00985 path=0.00191 cap=0.00162 | Lg=+1.1964 | 28s | curv=+0.136 wide=+0.23 gfmed=0.061
 2240 hold m=8 hq=0.983 PASS | Dr=+0.378/+3.136 |Dr|max=3.136 Df=+0.325 | g r=0.038 f=0.042 p=0.684(0.001) max=2.934 | Ld=+0.0178 base=0.0107 r1=0.00356 path=0.00357 | Lg=+1.0083 | 28s | curv=+0.0552 wide=+0.198 gfmed=0.026
 2250 hold m=8 hq=0.982 PASS | Dr=+0.278/+2.996 |Dr|max=2.996 Df=+0.232 | g r=0.065 f=0.066 p=0.791(0.002) max=2.891 | Ld=+0.0081 base=-0.00235 r1=0.00813 path=0.00139 cap=0.000941 | Lg=+1.0906 | 29s | curv=+0.129 wide=+0.217 gfmed=0.051
 2260 hold m=8 hq=0.949 PASS | Dr=+0.483/+2.988 |Dr|max=2.988 Df=+0.412 | g r=0.061 f=0.068 p=0.808(0.001) max=3.070 | Ld=-0.0372 base=-0.0659 r1=0.00585 path=0.0227 cap=6.32e-05 | Lg=+1.0680 | 29s | curv=+0.289 wide=+0.379 gfmed=0.055
 2270 hold m=8 hq=0.926 PASS | Dr=+0.344/+3.853 |Dr|max=3.853 Df=+0.301 | g r=0.087 f=0.134 p=0.813(0.001) max=3.029 | Ld=-0.0539 base=-0.0696 r1=0.0125 path=0.00238 cap=0.000807 | Lg=+1.1410 | 29s | curv=+0.317 wide=+0.425 gfmed=0.069
 2280 hold m=8 hq=0.971 PASS | Dr=+0.182/+3.632 |Dr|max=3.632 Df=+0.120 | g r=0.088 f=0.091 p=0.825(0.001) max=3.330 | Ld=-0.0688 base=-0.0807 r1=0.01 path=0.0011 cap=0.000779 | Lg=+1.1493 | 29s | curv=+0.187 wide=+0.304 gfmed=0.079
 2290 hold m=8 hq=0.975 PASS | Dr=+0.133/+3.144 |Dr|max=3.144 Df=+0.083 | g r=0.063 f=0.072 p=0.752(0.002) max=2.914 | Ld=-0.0250 base=-0.0395 r1=0.0056 path=0.00885 | Lg=+1.0708 | 29s | curv=+0.289 wide=+0.396 gfmed=0.051
 2300 hold m=8 hq=0.974 PASS | Dr=-0.001/+3.770 |Dr|max=3.770 Df=-0.035 | g r=0.048 f=0.049 p=0.780(0.002) max=3.005 | Ld=-0.0800 base=-0.12 r1=0.031 path=0.00666 cap=0.00191 | Lg=+1.2325 | 29s | curv=-0.0177 wide=+0.0978 gfmed=0.039
 2310 hold m=8 hq=0.982 PASS | Dr=+0.056/+3.779 |Dr|max=3.779 Df=+0.020 | g r=0.041 f=0.042 p=0.689(0.000) max=3.046 | Ld=-0.1016 base=-0.124 r1=0.00333 path=0.0192 | Lg=+1.1488 | 29s | curv=+0.135 wide=+0.236 gfmed=0.027
 2320 hold m=8 hq=0.980 PASS | Dr=-0.063/+3.849 |Dr|max=3.849 Df=-0.102 | g r=0.077 f=0.078 p=0.762(0.000) max=3.281 | Ld=-0.0681 base=-0.0752 r1=0.00377 path=0.00252 cap=0.000831 | Lg=+1.1603 | 29s | curv=+0.263 wide=+0.345 gfmed=0.040
 2330 hold m=8 hq=0.977 PASS | Dr=+0.156/+3.676 |Dr|max=3.676 Df=+0.129 | g r=0.062 f=0.070 p=0.660(0.001) max=3.156 | Ld=+0.0125 base=-0.0122 r1=0.00868 path=0.00797 cap=0.00808 | Lg=+1.0626 | 30s | curv=+0.181 wide=+0.267 gfmed=0.037
 2340 hold m=8 hq=0.973 PASS | Dr=+0.080/+3.135 |Dr|max=3.135 Df=+0.031 | g r=0.067 f=0.077 p=0.684(0.001) max=2.848 | Ld=+0.0402 base=0.0349 r1=0.00282 path=0.00239 cap=4.36e-05 | Lg=+1.0260 | 30s | curv=+0.161 wide=+0.25 gfmed=0.045
 2350 hold m=8 hq=0.978 PASS | Dr=+0.199/+3.192 |Dr|max=3.192 Df=+0.138 | g r=0.053 f=0.058 p=0.683(0.001) max=3.431 | Ld=-0.0444 base=-0.0506 r1=0.0036 path=0.000825 cap=0.00179 | Lg=+1.1047 | 30s | curv=-0.00582 wide=+0.0405 gfmed=0.037
 2360 hold m=8 hq=0.978 PASS | Dr=+0.034/+3.284 |Dr|max=3.284 Df=-0.009 | g r=0.070 f=0.073 p=0.683(0.001) max=3.229 | Ld=-0.0293 base=-0.0449 r1=0.00245 path=0.0131 | Lg=+1.0437 | 30s | curv=+0.0977 wide=+0.184 gfmed=0.036
 2370 hold m=8 hq=0.981 PASS | Dr=-0.052/+3.134 |Dr|max=3.134 Df=-0.084 | g r=0.062 f=0.061 p=0.775(0.006) max=2.675 | Ld=+0.0085 base=-0.0194 r1=0.0122 path=0.0157 | Lg=+1.1717 | 30s | curv=+0.145 wide=+0.237 gfmed=0.050
 2380 hold m=8 hq=0.959 PASS | Dr=-0.210/+3.174 |Dr|max=3.174 Df=-0.245 | g r=0.067 f=0.082 p=0.737(0.001) max=2.952 | Ld=+0.0139 base=-0.00935 r1=0.00672 path=0.0148 cap=0.00174 | Lg=+1.1564 | 30s | curv=+0.292 wide=+0.369 gfmed=0.052
 2390 hold m=8 hq=0.963 PASS | Dr=+0.050/+3.042 |Dr|max=3.042 Df=+0.004 | g r=0.074 f=0.079 p=0.725(0.002) max=2.958 | Ld=-0.0183 base=-0.03 r1=0.00461 path=0.00712 | Lg=+1.0457 | 30s | curv=+0.125 wide=+0.232 gfmed=0.045
 2400 hold m=8 hq=0.979 PASS | Dr=+0.227/+2.991 |Dr|max=2.991 Df=+0.171 | g r=0.055 f=0.063 p=0.637(0.001) max=3.081 | Ld=-0.0288 base=-0.0361 r1=0.00299 path=0.00204 cap=0.00226 | Lg=+0.9676 | 30s | curv=+0.182 wide=+0.271 gfmed=0.036
# shift (1,0) after 2400; frozen copy on new target: m=1 hq=0.000
 2410 post m=7 hq=0.139 fail | Dr=-0.041/+1.942 |Dr|max=1.942 Df=-0.124 | g r=0.264 f=0.587 p=0.639(0.005) max=3.550 | Ld=+0.3282 base=-0.205 r1=0.13 path=0.386 cap=0.0163 | Lg=+0.9669 | 31s | curv=+1.26 wide=+1.43 gfmed=0.532
 2420 post m=8 hq=0.461 fail | Dr=+0.116/+1.741 |Dr|max=1.741 Df=+0.055 | g r=0.145 f=0.303 p=0.579(0.004) max=3.390 | Ld=-0.0054 base=-0.0852 r1=0.0386 path=0.0408 cap=0.000391 | Lg=+0.8248 | 31s | curv=+1.28 wide=+1.46 gfmed=0.149
 2430 post m=8 hq=0.846 fail | Dr=+0.151/+1.758 |Dr|max=1.758 Df=+0.126 | g r=0.100 f=0.141 p=0.526(0.001) max=3.186 | Ld=+0.0171 base=-0.0155 r1=0.0201 path=0.012 cap=0.000494 | Lg=+0.7950 | 31s | curv=+0.873 wide=+1.13 gfmed=0.083
 2440 post m=8 hq=0.896 fail | Dr=+0.146/+1.900 |Dr|max=1.900 Df=+0.124 | g r=0.079 f=0.092 p=0.505(0.001) max=3.098 | Ld=+0.0020 base=-0.0167 r1=0.0133 path=0.00538 cap=5e-07 | Lg=+0.8223 | 31s | curv=+0.527 wide=+0.777 gfmed=0.053
 2450 post m=8 hq=0.921 PASS | Dr=+0.126/+2.071 |Dr|max=2.071 Df=+0.109 | g r=0.064 f=0.074 p=0.508(0.001) max=3.148 | Ld=-0.0230 base=-0.0391 r1=0.0109 path=0.00515 cap=4.58e-05 | Lg=+0.8676 | 31s | curv=+0.367 wide=+0.629 gfmed=0.045
 2460 post m=8 hq=0.940 PASS | Dr=+0.057/+2.300 |Dr|max=2.300 Df=+0.042 | g r=0.093 f=0.106 p=0.556(0.005) max=3.338 | Ld=-0.0380 base=-0.0632 r1=0.0221 path=0.00273 cap=0.000311 | Lg=+0.9033 | 31s | curv=+0.319 wide=+0.547 gfmed=0.060
 2470 post m=8 hq=0.953 PASS | Dr=+0.023/+2.015 |Dr|max=2.015 Df=+0.001 | g r=0.054 f=0.071 p=0.517(0.002) max=3.137 | Ld=+0.0103 base=-0.000419 r1=0.00606 path=0.00458 cap=7.64e-05 | Lg=+0.8643 | 31s | curv=+0.369 wide=+0.497 gfmed=0.039
 2480 post m=8 hq=0.921 PASS | Dr=+0.019/+2.354 |Dr|max=2.354 Df=-0.001 | g r=0.084 f=0.093 p=0.575(0.003) max=3.227 | Ld=-0.0103 base=-0.0297 r1=0.0142 path=0.00502 cap=0.000124 | Lg=+0.9448 | 31s | curv=+0.122 wide=+0.305 gfmed=0.067
 2490 post m=8 hq=0.959 PASS | Dr=+0.185/+2.120 |Dr|max=2.120 Df=+0.161 | g r=0.081 f=0.080 p=0.535(0.002) max=2.859 | Ld=+0.0059 base=-0.00567 r1=0.00794 path=0.00361 cap=4.93e-05 | Lg=+0.8581 | 32s | curv=+0.0947 wide=+0.309 gfmed=0.061
 2500 post m=8 hq=0.974 PASS | Dr=+0.052/+2.530 |Dr|max=2.530 Df=+0.045 | g r=0.089 f=0.103 p=0.576(0.007) max=2.849 | Ld=+0.0323 base=0.0176 r1=0.00936 path=0.00287 cap=0.00256 | Lg=+0.9457 | 32s | curv=+0.237 wide=+0.364 gfmed=0.070
 2510 post m=8 hq=0.963 PASS | Dr=+0.042/+2.851 |Dr|max=2.851 Df=+0.030 | g r=0.067 f=0.074 p=0.587(0.001) max=3.233 | Ld=-0.0628 base=-0.072 r1=0.00695 path=0.00223 | Lg=+1.0153 | 32s | curv=+0.251 wide=+0.403 gfmed=0.044
 2520 post m=8 hq=0.964 PASS | Dr=+0.119/+2.948 |Dr|max=2.948 Df=+0.107 | g r=0.066 f=0.073 p=0.644(0.001) max=3.085 | Ld=-0.0262 base=-0.0383 r1=0.00772 path=0.00442 cap=3.72e-05 | Lg=+1.0451 | 32s | curv=+0.22 wide=+0.368 gfmed=0.048
 2530 post m=8 hq=0.942 PASS | Dr=+0.524/+2.427 |Dr|max=2.427 Df=+0.507 | g r=0.076 f=0.099 p=0.543(0.003) max=3.085 | Ld=+0.0204 base=-0.00589 r1=0.0119 path=0.0138 cap=0.000627 | Lg=+0.9166 | 32s | curv=+0.171 wide=+0.298 gfmed=0.051
 2540 post m=8 hq=0.967 PASS | Dr=+0.556/+2.967 |Dr|max=2.967 Df=+0.558 | g r=0.074 f=0.075 p=0.603(0.003) max=3.270 | Ld=-0.0099 base=-0.0162 r1=0.00507 path=0.00114 cap=8.33e-05 | Lg=+1.1158 | 32s | curv=+0.101 wide=+0.243 gfmed=0.069
 2550 post m=8 hq=0.973 PASS | Dr=+0.297/+3.236 |Dr|max=3.236 Df=+0.303 | g r=0.083 f=0.085 p=0.602(0.003) max=3.072 | Ld=-0.0113 base=-0.0316 r1=0.0177 path=0.00247 cap=0.000157 | Lg=+1.1070 | 32s | curv=-0.0191 wide=+0.119 gfmed=0.072
 2560 post m=8 hq=0.968 PASS | Dr=+0.185/+2.850 |Dr|max=2.850 Df=+0.176 | g r=0.057 f=0.057 p=0.604(0.001) max=2.794 | Ld=-0.0549 base=-0.0595 r1=0.00377 path=0.000825 | Lg=+1.0220 | 33s | curv=+0.117 wide=+0.213 gfmed=0.045
 2570 post m=8 hq=0.984 PASS | Dr=+0.095/+2.990 |Dr|max=2.990 Df=+0.073 | g r=0.059 f=0.063 p=0.624(0.001) max=3.382 | Ld=+0.0610 base=0.0565 r1=0.00337 path=0.00103 cap=0.000109 | Lg=+0.9988 | 33s | curv=-0.000953 wide=+0.127 gfmed=0.047
 2580 post m=8 hq=0.974 PASS | Dr=+0.067/+1.521 |Dr|max=1.521 Df=+0.036 | g r=0.055 f=0.056 p=0.511(0.001) max=2.557 | Ld=+0.0155 base=-0.000712 r1=0.015 path=0.0012 | Lg=+0.8523 | 33s | curv=+0.119 wide=+0.209 gfmed=0.039
 2590 post m=8 hq=0.979 PASS | Dr=+0.299/+2.339 |Dr|max=2.339 Df=+0.271 | g r=0.038 f=0.039 p=0.457(0.001) max=2.645 | Ld=-0.0043 base=-0.0109 r1=0.0023 path=0.00433 | Lg=+0.8376 | 33s | curv=+0.192 wide=+0.291 gfmed=0.024
 2600 post m=8 hq=0.979 PASS | Dr=+0.103/+2.196 |Dr|max=2.196 Df=+0.064 | g r=0.047 f=0.049 p=0.504(0.001) max=2.697 | Ld=-0.0154 base=-0.0211 r1=0.00437 path=0.00134 | Lg=+0.8925 | 33s | curv=+0.124 wide=+0.24 gfmed=0.033
 2610 post m=8 hq=0.977 PASS | Dr=+0.210/+3.069 |Dr|max=3.069 Df=+0.181 | g r=0.051 f=0.055 p=0.582(0.001) max=3.165 | Ld=+0.0032 base=-0.0071 r1=0.00529 path=0.00488 cap=8.37e-05 | Lg=+0.9913 | 33s | curv=+0.186 wide=+0.305 gfmed=0.031
 2620 post m=8 hq=0.976 PASS | Dr=+0.044/+3.274 |Dr|max=3.274 Df=+0.043 | g r=0.064 f=0.071 p=0.573(0.002) max=2.955 | Ld=-0.0064 base=-0.012 r1=0.00439 path=0.00115 | Lg=+1.0426 | 33s | curv=+0.0535 wide=+0.163 gfmed=0.039
 2630 post m=8 hq=0.831 fail | Dr=-0.151/+2.796 |Dr|max=2.796 Df=-0.162 | g r=0.094 f=0.122 p=0.575(0.001) max=2.823 | Ld=-0.0278 base=-0.0569 r1=0.0222 path=0.00698 | Lg=+1.0239 | 33s | curv=+0.358 wide=+0.504 gfmed=0.069
 2640 post m=6 hq=0.328 fail | Dr=+0.669/+2.881 |Dr|max=2.881 Df=+0.474 | g r=0.133 f=0.917 p=0.862(0.002) max=3.302 | Ld=-0.1947 base=-0.266 r1=0.0306 path=0.0403 cap=2.62e-05 | Lg=+1.0878 | 34s | curv=+1.06 wide=+1.33 gfmed=0.811
 2650 post m=6 hq=0.236 fail | Dr=+0.091/+2.186 |Dr|max=2.186 Df=-0.167 | g r=0.148 f=1.031 p=0.946(0.006) max=3.464 | Ld=-0.1764 base=-0.24 r1=0.0585 path=0.00481 | Lg=+1.0099 | 34s | curv=+1.46 wide=+1.9 gfmed=0.896
 2660 post m=3 hq=0.020 fail | Dr=+0.133/+1.648 |Dr|max=1.648 Df=-0.529 | g r=0.234 f=1.351 p=1.226(0.005) max=3.756 | Ld=-0.3479 base=-0.505 r1=0.078 path=0.0699 cap=0.00958 | Lg=+1.2811 | 34s | curv=+2.04 wide=+2.63 gfmed=1.279
 2670 post m=4 hq=0.092 fail | Dr=+0.174/+1.119 |Dr|max=1.119 Df=-0.611 | g r=0.249 f=1.241 p=1.184(0.003) max=3.645 | Ld=-0.1975 base=-0.615 r1=0.129 path=0.0053 cap=0.284 | Lg=+1.2707 | 34s | curv=+2.09 wide=+2.59 gfmed=1.196
 2680 post m=3 hq=0.004 fail | Dr=-0.250/+0.641 |Dr|max=1.030 Df=-1.467 | g r=0.247 f=1.594 p=1.535(0.006) max=4.033 | Ld=-1.0145 base=-1.2 r1=0.11 path=0.0439 cap=0.0277 | Lg=+1.6806 | 34s | curv=+2.17 wide=+2.95 gfmed=1.540
 2690 post m=6 hq=0.105 fail | Dr=-0.649/+1.423 |Dr|max=2.687 Df=-1.067 | g r=0.341 f=1.616 p=1.523(0.010) max=4.282 | Ld=+0.2567 base=-0.952 r1=0.106 path=1.09 cap=0.00721 | Lg=+2.0686 | 34s | curv=+2.05 wide=+2.73 gfmed=1.395
 2700 post m=7 hq=0.152 fail | Dr=-0.272/+0.329 |Dr|max=1.063 Df=-1.031 | g r=0.263 f=1.699 p=1.592(0.009) max=5.085 | Ld=-0.9782 base=-1.17 r1=0.122 path=0.0315 cap=0.0362 | Lg=+1.5748 | 34s | curv=+2.21 wide=+2.99 gfmed=1.640
 2710 post m=5 hq=0.033 fail | Dr=+0.068/+0.644 |Dr|max=1.038 Df=-0.809 | g r=0.260 f=1.849 p=1.574(0.021) max=4.050 | Ld=-0.7365 base=-0.857 r1=0.106 path=0.000612 cap=0.0143 | Lg=+1.3829 | 34s | curv=+2.01 wide=+2.81 gfmed=1.917
 2720 post m=3 hq=0.010 fail | Dr=+0.175/+0.972 |Dr|max=1.183 Df=-0.786 | g r=0.254 f=1.794 p=1.532(0.014) max=3.795 | Ld=-0.5964 base=-0.768 r1=0.11 path=0.0376 cap=0.0244 | Lg=+1.3146 | 35s | curv=+1.96 wide=+2.83 gfmed=1.919
 2730 post m=3 hq=0.045 fail | Dr=-0.269/+0.350 |Dr|max=1.191 Df=-1.176 | g r=0.234 f=1.642 p=1.370(0.017) max=3.482 | Ld=-0.3867 base=-0.581 r1=0.12 path=0.0355 cap=0.0392 | Lg=+1.2139 | 35s | curv=+2.22 wide=+2.84 gfmed=1.724
 2740 post m=7 hq=0.138 fail | Dr=-0.419/+0.138 |Dr|max=1.515 Df=-1.108 | g r=0.228 f=1.439 p=1.431(0.013) max=3.720 | Ld=-0.6428 base=-0.871 r1=0.118 path=0.0174 cap=0.0934 | Lg=+1.3680 | 35s | curv=+1.87 wide=+2.68 gfmed=1.339
 2750 post m=7 hq=0.142 fail | Dr=-0.202/+0.411 |Dr|max=1.147 Df=-0.780 | g r=0.213 f=1.829 p=1.416(0.012) max=4.543 | Ld=-0.5814 base=-0.701 r1=0.0876 path=0.00322 cap=0.0292 | Lg=+1.2613 | 35s | curv=+1.65 wide=+2.39 gfmed=1.968
 2760 post m=8 hq=0.196 fail | Dr=+0.093/+0.969 |Dr|max=1.044 Df=-0.584 | g r=0.244 f=1.586 p=1.504(0.006) max=4.152 | Ld=-0.6257 base=-0.759 r1=0.115 path=0.000277 cap=0.0182 | Lg=+1.3350 | 35s | curv=+2.21 wide=+2.96 gfmed=1.546
 2770 post m=5 hq=0.087 fail | Dr=+0.262/+1.662 |Dr|max=1.662 Df=-0.689 | g r=0.233 f=1.891 p=1.481(0.016) max=4.655 | Ld=-0.8662 base=-1.02 r1=0.126 path=4.02e-05 cap=0.0251 | Lg=+1.5709 | 35s | curv=+1.86 wide=+2.72 gfmed=1.820
 2780 post m=5 hq=0.107 fail | Dr=+0.117/+0.877 |Dr|max=1.288 Df=-0.896 | g r=0.370 f=1.968 p=1.535(0.018) max=3.955 | Ld=-0.7256 base=-0.907 r1=0.114 path=0.00935 cap=0.0583 | Lg=+1.4005 | 35s | curv=+2.74 wide=+3.49 gfmed=1.935
 2790 post m=7 hq=0.195 fail | Dr=+0.464/+1.957 |Dr|max=1.957 Df=-0.242 | g r=0.239 f=1.792 p=1.554(0.006) max=4.851 | Ld=-0.8984 base=-1.01 r1=0.093 path=0.000111 cap=0.0147 | Lg=+1.5848 | 36s | curv=+2.01 wide=+2.82 gfmed=1.841
 2800 post m=5 hq=0.418 fail | Dr=+0.305/+1.332 |Dr|max=1.332 Df=-0.139 | g r=0.204 f=1.234 p=1.263(0.014) max=3.806 | Ld=-0.1839 base=-0.283 r1=0.0958 path=0.0017 cap=0.00187 | Lg=+0.9423 | 36s | curv=+1.22 wide=+2.07 gfmed=1.213
 2810 post m=2 hq=0.133 fail | Dr=+0.227/+1.459 |Dr|max=1.459 Df=-0.754 | g r=0.235 f=1.728 p=1.355(0.012) max=3.434 | Ld=-0.3971 base=-0.541 r1=0.116 path=0.00705 cap=0.0212 | Lg=+1.1815 | 36s | curv=+1.24 wide=+2.1 gfmed=1.831
 2820 post m=2 hq=0.018 fail | Dr=+0.575/+2.113 |Dr|max=2.113 Df=-0.455 | g r=0.217 f=1.907 p=1.453(0.017) max=3.625 | Ld=-0.4756 base=-0.596 r1=0.0899 path=0.018 cap=0.0126 | Lg=+1.2498 | 36s | curv=+1.9 wide=+2.79 gfmed=2.105
 2830 post m=6 hq=0.328 fail | Dr=+0.543/+1.737 |Dr|max=1.737 Df=-0.003 | g r=0.224 f=1.591 p=1.390(0.013) max=3.765 | Ld=-0.3504 base=-0.467 r1=0.0953 path=0.00463 cap=0.0168 | Lg=+1.1316 | 36s | curv=+1.23 wide=+2.11 gfmed=1.781
 2840 post m=3 hq=0.110 fail | Dr=+0.448/+1.875 |Dr|max=1.875 Df=-0.540 | g r=0.220 f=1.804 p=1.415(0.006) max=3.647 | Ld=-0.5069 base=-0.643 r1=0.092 path=0.0253 cap=0.0186 | Lg=+1.2508 | 36s | curv=+1.94 wide=+2.81 gfmed=2.104
 2850 post m=7 hq=0.440 fail | Dr=+0.436/+1.838 |Dr|max=1.838 Df=-0.030 | g r=0.202 f=1.311 p=1.313(0.005) max=3.531 | Ld=-0.3842 base=-0.466 r1=0.0645 path=0.00349 cap=0.0141 | Lg=+1.1589 | 36s | curv=+1.47 wide=+2.32 gfmed=1.224
 2860 post m=8 hq=0.752 fail | Dr=+0.509/+2.021 |Dr|max=2.021 Df=+0.334 | g r=0.152 f=0.537 p=1.121(0.007) max=3.310 | Ld=-0.1165 base=-0.176 r1=0.0537 path=0.00554 cap=0.000164 | Lg=+0.9653 | 36s | curv=+1.16 wide=+1.84 gfmed=0.160
 2870 post m=8 hq=0.772 fail | Dr=+0.352/+2.342 |Dr|max=2.342 Df=+0.167 | g r=0.162 f=0.534 p=1.091(0.005) max=3.396 | Ld=-0.1332 base=-0.185 r1=0.0465 path=0.00294 cap=0.00265 | Lg=+1.0557 | 37s | curv=+0.462 wide=+1.18 gfmed=0.175
 2880 post m=8 hq=0.843 fail | Dr=+0.345/+2.909 |Dr|max=2.909 Df=+0.179 | g r=0.183 f=0.372 p=1.054(0.006) max=3.436 | Ld=-0.1435 base=-0.213 r1=0.0486 path=0.0156 cap=0.00524 | Lg=+1.1526 | 37s | curv=+0.207 wide=+0.887 gfmed=0.167
 2890 post m=8 hq=0.883 fail | Dr=+0.266/+2.276 |Dr|max=2.276 Df=+0.111 | g r=0.127 f=0.293 p=0.966(0.009) max=3.481 | Ld=-0.1032 base=-0.163 r1=0.039 path=0.0162 cap=0.00419 | Lg=+1.0035 | 37s | curv=+0.399 wide=+1.03 gfmed=0.125
 2900 post m=8 hq=0.858 fail | Dr=+0.040/+2.209 |Dr|max=2.209 Df=-0.084 | g r=0.176 f=0.348 p=1.023(0.008) max=3.543 | Ld=-0.0339 base=-0.134 r1=0.0435 path=0.0523 cap=0.00386 | Lg=+1.0804 | 37s | curv=+0.873 wide=+1.4 gfmed=0.184
 2910 post m=8 hq=0.908 PASS | Dr=+0.155/+1.914 |Dr|max=1.914 Df=+0.021 | g r=0.126 f=0.233 p=0.952(0.002) max=3.321 | Ld=-0.0964 base=-0.172 r1=0.0289 path=0.0395 cap=0.00768 | Lg=+1.0123 | 37s | curv=+0.275 wide=+0.776 gfmed=0.105
 2920 post m=8 hq=0.863 fail | Dr=-0.003/+2.363 |Dr|max=2.363 Df=-0.127 | g r=0.157 f=0.284 p=0.924(0.001) max=3.300 | Ld=-0.0651 base=-0.128 r1=0.0319 path=0.0303 cap=0.000811 | Lg=+1.0880 | 37s | curv=+0.736 wide=+1.13 gfmed=0.157
 2930 post m=8 hq=0.929 PASS | Dr=+0.242/+2.520 |Dr|max=2.520 Df=+0.064 | g r=0.124 f=0.193 p=0.882(0.001) max=3.263 | Ld=-0.0471 base=-0.0863 r1=0.0317 path=0.00678 cap=0.000726 | Lg=+1.0520 | 37s | curv=+0.447 wide=+0.787 gfmed=0.104
 2940 post m=8 hq=0.935 PASS | Dr=+0.019/+3.029 |Dr|max=3.029 Df=-0.162 | g r=0.121 f=0.181 p=0.945(0.004) max=3.352 | Ld=-0.1592 base=-0.209 r1=0.0235 path=0.0261 cap=0.000323 | Lg=+1.1983 | 37s | curv=+0.633 wide=+1.01 gfmed=0.100
 2950 post m=8 hq=0.879 fail | Dr=-0.295/+2.618 |Dr|max=2.850 Df=-0.417 | g r=0.158 f=0.228 p=1.017(0.011) max=3.469 | Ld=-0.1292 base=-0.169 r1=0.0269 path=0.00789 cap=0.00544 | Lg=+1.3408 | 38s | curv=+0.605 wide=+0.891 gfmed=0.137
 2960 post m=8 hq=0.944 PASS | Dr=+0.033/+2.711 |Dr|max=2.711 Df=-0.126 | g r=0.124 f=0.172 p=0.989(0.005) max=3.435 | Ld=-0.0896 base=-0.162 r1=0.0203 path=0.0486 cap=0.00316 | Lg=+1.2077 | 38s | curv=+0.246 wide=+0.57 gfmed=0.117
 2970 post m=8 hq=0.928 PASS | Dr=-0.234/+2.766 |Dr|max=2.766 Df=-0.403 | g r=0.140 f=0.179 p=1.001(0.007) max=3.383 | Ld=-0.1175 base=-0.155 r1=0.0184 path=0.014 cap=0.00482 | Lg=+1.3466 | 38s | curv=+0.429 wide=+0.758 gfmed=0.108
 2980 post m=8 hq=0.930 PASS | Dr=+0.180/+3.465 |Dr|max=3.465 Df=-0.035 | g r=0.103 f=0.144 p=1.022(0.002) max=3.517 | Ld=-0.1167 base=-0.149 r1=0.0192 path=0.0129 cap=5.2e-06 | Lg=+1.2683 | 38s | curv=+0.393 wide=+0.601 gfmed=0.080
 2990 post m=8 hq=0.947 PASS | Dr=-0.105/+2.620 |Dr|max=2.620 Df=-0.281 | g r=0.106 f=0.147 p=0.958(0.001) max=3.268 | Ld=-0.1536 base=-0.17 r1=0.0115 path=0.00516 | Lg=+1.2326 | 38s | curv=+0.331 wide=+0.594 gfmed=0.090
 3000 post m=8 hq=0.951 PASS | Dr=-0.252/+2.509 |Dr|max=2.548 Df=-0.426 | g r=0.130 f=0.160 p=1.013(0.001) max=3.209 | Ld=-0.0840 base=-0.125 r1=0.0315 path=0.00272 cap=0.00648 | Lg=+1.2235 | 38s | curv=+0.154 wide=+0.442 gfmed=0.112
 3010 post m=8 hq=0.929 PASS | Dr=-0.145/+3.052 |Dr|max=3.052 Df=-0.337 | g r=0.109 f=0.137 p=1.074(0.004) max=3.611 | Ld=-0.1611 base=-0.192 r1=0.013 path=0.014 cap=0.00429 | Lg=+1.2653 | 38s | curv=+0.522 wide=+0.748 gfmed=0.078
 3020 post m=8 hq=0.941 PASS | Dr=+0.128/+2.630 |Dr|max=2.630 Df=-0.049 | g r=0.143 f=0.159 p=0.973(0.005) max=3.260 | Ld=-0.0952 base=-0.149 r1=0.0287 path=0.0242 cap=0.00104 | Lg=+1.1944 | 38s | curv=+0.716 wide=+0.948 gfmed=0.100
 3030 post m=8 hq=0.926 PASS | Dr=-0.249/+3.004 |Dr|max=3.004 Df=-0.383 | g r=0.126 f=0.159 p=0.990(0.005) max=3.485 | Ld=-0.0382 base=-0.0981 r1=0.0316 path=0.00574 cap=0.0225 | Lg=+1.2115 | 39s | curv=+0.368 wide=+0.596 gfmed=0.094
 3040 post m=8 hq=0.594 fail | Dr=-0.006/+2.182 |Dr|max=3.073 Df=-0.280 | g r=0.126 f=0.434 p=1.016(0.001) max=3.206 | Ld=-0.1228 base=-0.16 r1=0.0197 path=0.0165 cap=0.00107 | Lg=+1.1775 | 39s | curv=+0.592 wide=+0.834 gfmed=0.157
 3050 post m=8 hq=0.917 PASS | Dr=-0.113/+2.243 |Dr|max=2.610 Df=-0.267 | g r=0.067 f=0.150 p=0.864(0.001) max=3.077 | Ld=-0.0723 base=-0.0891 r1=0.0153 path=0.00111 cap=0.000409 | Lg=+1.1005 | 39s | curv=+0.467 wide=+0.733 gfmed=0.046
 3060 post m=8 hq=0.924 PASS | Dr=-0.135/+2.944 |Dr|max=2.944 Df=-0.295 | g r=0.083 f=0.150 p=0.920(0.001) max=3.320 | Ld=-0.1201 base=-0.137 r1=0.011 path=0.00469 cap=0.0015 | Lg=+1.1721 | 39s | curv=+0.437 wide=+0.728 gfmed=0.049
 3070 post m=8 hq=0.923 PASS | Dr=-0.216/+2.732 |Dr|max=2.732 Df=-0.376 | g r=0.104 f=0.153 p=1.005(0.004) max=3.305 | Ld=-0.2136 base=-0.24 r1=0.0145 path=0.00844 cap=0.00322 | Lg=+1.2804 | 39s | curv=+0.356 wide=+0.593 gfmed=0.076
 3080 post m=8 hq=0.939 PASS | Dr=-0.249/+2.373 |Dr|max=2.373 Df=-0.373 | g r=0.089 f=0.125 p=0.947(0.007) max=3.150 | Ld=-0.0633 base=-0.107 r1=0.016 path=0.0272 cap=0.000572 | Lg=+1.1699 | 39s | curv=+0.421 wide=+0.67 gfmed=0.076
 3090 post m=8 hq=0.942 PASS | Dr=-0.309/+2.832 |Dr|max=2.832 Df=-0.469 | g r=0.101 f=0.133 p=1.002(0.002) max=3.628 | Ld=-0.1398 base=-0.168 r1=0.0203 path=0.00661 cap=0.0017 | Lg=+1.2814 | 39s | curv=+0.0967 wide=+0.406 gfmed=0.085
 3100 post m=8 hq=0.935 PASS | Dr=-0.404/+2.588 |Dr|max=2.588 Df=-0.551 | g r=0.122 f=0.154 p=1.018(0.005) max=3.355 | Ld=-0.1015 base=-0.148 r1=0.0224 path=0.0186 cap=0.00534 | Lg=+1.2245 | 39s | curv=-0.0578 wide=+0.245 gfmed=0.088
 3110 post m=8 hq=0.937 PASS | Dr=-0.194/+3.078 |Dr|max=3.078 Df=-0.353 | g r=0.100 f=0.127 p=1.000(0.005) max=3.424 | Ld=-0.1655 base=-0.189 r1=0.0176 path=0.00547 cap=0.000846 | Lg=+1.2473 | 40s | curv=+0.291 wide=+0.575 gfmed=0.060
 3120 post m=8 hq=0.950 PASS | Dr=+0.056/+2.996 |Dr|max=2.996 Df=-0.113 | g r=0.095 f=0.124 p=0.994(0.005) max=3.192 | Ld=-0.1405 base=-0.17 r1=0.0168 path=0.00886 cap=0.00439 | Lg=+1.2545 | 40s | curv=+0.275 wide=+0.503 gfmed=0.075
 3130 post m=8 hq=0.942 PASS | Dr=-0.186/+1.954 |Dr|max=2.336 Df=-0.329 | g r=0.081 f=0.108 p=0.991(0.004) max=3.468 | Ld=-0.1601 base=-0.182 r1=0.00702 path=0.0128 cap=0.00238 | Lg=+1.1792 | 40s | curv=+0.382 wide=+0.607 gfmed=0.049
 3140 post m=8 hq=0.955 PASS | Dr=-0.306/+2.421 |Dr|max=2.421 Df=-0.436 | g r=0.079 f=0.103 p=0.962(0.003) max=3.211 | Ld=-0.0960 base=-0.138 r1=0.0191 path=0.0232 cap=0.000145 | Lg=+1.1767 | 40s | curv=+0.201 wide=+0.482 gfmed=0.064
 3150 post m=8 hq=0.947 PASS | Dr=-0.322/+2.025 |Dr|max=2.025 Df=-0.445 | g r=0.143 f=0.160 p=0.934(0.001) max=3.033 | Ld=-0.0330 base=-0.0782 r1=0.0241 path=0.0153 cap=0.00576 | Lg=+1.1061 | 40s | curv=+0.186 wide=+0.363 gfmed=0.104
 3160 post m=8 hq=0.932 PASS | Dr=-0.318/+2.749 |Dr|max=3.101 Df=-0.471 | g r=0.118 f=0.135 p=1.049(0.003) max=3.466 | Ld=-0.1252 base=-0.146 r1=0.012 path=0.00871 cap=4.78e-05 | Lg=+1.2869 | 40s | curv=+0.256 wide=+0.501 gfmed=0.086
 3170 post m=8 hq=0.935 PASS | Dr=-0.354/+2.183 |Dr|max=2.183 Df=-0.473 | g r=0.108 f=0.125 p=0.950(0.001) max=3.416 | Ld=-0.0477 base=-0.105 r1=0.0263 path=0.0313 | Lg=+1.1192 | 40s | curv=+0.347 wide=+0.481 gfmed=0.082
 3180 post m=8 hq=0.952 PASS | Dr=-0.313/+3.055 |Dr|max=3.055 Df=-0.427 | g r=0.089 f=0.120 p=0.971(0.002) max=3.270 | Ld=-0.1581 base=-0.204 r1=0.013 path=0.0243 cap=0.00911 | Lg=+1.2290 | 41s | curv=+0.114 wide=+0.329 gfmed=0.065
 3190 post m=8 hq=0.513 fail | Dr=+0.360/+3.111 |Dr|max=3.111 Df=+0.166 | g r=0.187 f=0.674 p=1.073(0.007) max=3.650 | Ld=-0.1481 base=-0.241 r1=0.027 path=0.0656 cap=0.000467 | Lg=+1.2068 | 41s | curv=+0.986 wide=+1.25 gfmed=0.286
 3200 post m=8 hq=0.950 PASS | Dr=-0.083/+2.375 |Dr|max=2.375 Df=-0.193 | g r=0.120 f=0.153 p=0.862(0.004) max=3.168 | Ld=+0.0465 base=0.0174 r1=0.0178 path=0.005 cap=0.00632 | Lg=+1.0573 | 41s | curv=+0.223 wide=+0.496 gfmed=0.096
 3210 post m=8 hq=0.954 PASS | Dr=-0.371/+2.347 |Dr|max=2.347 Df=-0.494 | g r=0.087 f=0.120 p=0.929(0.002) max=3.496 | Ld=+0.0456 base=0.029 r1=0.0131 path=0.00235 cap=0.00114 | Lg=+1.0824 | 41s | curv=+0.366 wide=+0.531 gfmed=0.073
 3220 post m=8 hq=0.954 PASS | Dr=-0.070/+2.537 |Dr|max=2.537 Df=-0.203 | g r=0.071 f=0.104 p=0.874(0.002) max=2.983 | Ld=+0.0097 base=-0.00966 r1=0.00914 path=0.0102 cap=1.34e-05 | Lg=+1.1310 | 41s | curv=+0.32 wide=+0.559 gfmed=0.071
 3230 post m=8 hq=0.956 PASS | Dr=-0.207/+2.739 |Dr|max=2.739 Df=-0.323 | g r=0.084 f=0.106 p=0.902(0.006) max=3.444 | Ld=-0.1023 base=-0.128 r1=0.0135 path=0.0107 cap=0.00139 | Lg=+1.2120 | 41s | curv=+0.135 wide=+0.337 gfmed=0.066
 3240 post m=8 hq=0.957 PASS | Dr=-0.332/+2.342 |Dr|max=2.342 Df=-0.441 | g r=0.078 f=0.106 p=0.853(0.002) max=3.038 | Ld=-0.0563 base=-0.0919 r1=0.0111 path=0.0229 cap=0.00164 | Lg=+1.1091 | 41s | curv=+0.241 wide=+0.436 gfmed=0.054
 3250 post m=8 hq=0.948 PASS | Dr=-0.364/+2.415 |Dr|max=2.415 Df=-0.468 | g r=0.080 f=0.116 p=0.851(0.001) max=3.259 | Ld=-0.0466 base=-0.0665 r1=0.0096 path=0.0101 cap=0.000156 | Lg=+1.1075 | 41s | curv=+0.201 wide=+0.424 gfmed=0.066
 3260 post m=8 hq=0.961 PASS | Dr=-0.272/+2.089 |Dr|max=2.089 Df=-0.370 | g r=0.102 f=0.120 p=0.798(0.008) max=3.208 | Ld=-0.0421 base=-0.0633 r1=0.00898 path=0.0027 cap=0.00946 | Lg=+1.0955 | 42s | curv=+0.231 wide=+0.42 gfmed=0.088
 3270 post m=8 hq=0.953 PASS | Dr=-0.402/+2.350 |Dr|max=2.350 Df=-0.478 | g r=0.137 f=0.144 p=0.829(0.004) max=3.669 | Ld=-0.0171 base=-0.0496 r1=0.0263 path=0.00593 cap=0.000285 | Lg=+1.0850 | 42s | curv=+0.0856 wide=+0.258 gfmed=0.116
 3280 post m=8 hq=0.958 PASS | Dr=-0.274/+2.361 |Dr|max=2.361 Df=-0.371 | g r=0.124 f=0.131 p=0.830(0.005) max=3.305 | Ld=-0.0352 base=-0.0759 r1=0.036 path=0.00462 cap=0.000179 | Lg=+1.0944 | 42s | curv=+0.401 wide=+0.555 gfmed=0.080
 3290 post m=8 hq=0.958 PASS | Dr=-0.294/+2.544 |Dr|max=2.544 Df=-0.412 | g r=0.101 f=0.116 p=0.863(0.005) max=3.590 | Ld=-0.0092 base=-0.0191 r1=0.00714 path=0.0027 | Lg=+1.1655 | 42s | curv=+0.0952 wide=+0.267 gfmed=0.082
 3300 post m=8 hq=0.959 PASS | Dr=-0.256/+2.409 |Dr|max=2.409 Df=-0.348 | g r=0.076 f=0.092 p=0.829(0.002) max=3.076 | Ld=-0.0657 base=-0.091 r1=0.0155 path=0.0098 cap=3.23e-05 | Lg=+1.1613 | 42s | curv=+0.229 wide=+0.439 gfmed=0.055
 3310 post m=8 hq=0.943 PASS | Dr=-0.264/+2.670 |Dr|max=2.670 Df=-0.366 | g r=0.105 f=0.143 p=0.918(0.003) max=3.211 | Ld=-0.0566 base=-0.0795 r1=0.0119 path=0.0107 cap=0.000291 | Lg=+1.1628 | 42s | curv=+0.254 wide=+0.48 gfmed=0.097
 3320 post m=6 hq=0.365 fail | Dr=+0.029/+2.085 |Dr|max=2.085 Df=-0.255 | g r=0.163 f=0.840 p=0.947(0.006) max=4.163 | Ld=-0.1423 base=-0.174 r1=0.0156 path=0.0152 cap=0.000938 | Lg=+1.0925 | 42s | curv=+0.491 wide=+0.689 gfmed=0.415
 3330 post m=8 hq=0.920 PASS | Dr=-0.113/+2.736 |Dr|max=2.736 Df=-0.163 | g r=0.065 f=0.131 p=0.785(0.002) max=3.258 | Ld=-0.0334 base=-0.0566 r1=0.0124 path=0.0106 cap=0.000127 | Lg=+0.9840 | 42s | curv=+0.55 wide=+0.787 gfmed=0.048
 3340 post m=8 hq=0.931 PASS | Dr=+0.098/+1.486 |Dr|max=1.882 Df=+0.041 | g r=0.059 f=0.084 p=0.712(0.002) max=3.143 | Ld=-0.0046 base=-0.0277 r1=0.00846 path=0.0146 | Lg=+0.8632 | 43s | curv=+0.219 wide=+0.444 gfmed=0.044
 3350 post m=8 hq=0.944 PASS | Dr=+0.137/+1.974 |Dr|max=1.974 Df=+0.091 | g r=0.079 f=0.109 p=0.673(0.001) max=2.806 | Ld=+0.0259 base=-0.0126 r1=0.0284 path=0.0101 | Lg=+0.8621 | 43s | curv=+0.232 wide=+0.392 gfmed=0.060
 3360 post m=8 hq=0.960 PASS | Dr=+0.036/+2.000 |Dr|max=2.000 Df=-0.015 | g r=0.072 f=0.090 p=0.707(0.003) max=3.089 | Ld=-0.0090 base=-0.0223 r1=0.00982 path=0.00349 cap=9.24e-06 | Lg=+0.9252 | 43s | curv=+0.24 wide=+0.434 gfmed=0.063
 3370 post m=8 hq=0.949 PASS | Dr=+0.219/+1.691 |Dr|max=1.691 Df=+0.162 | g r=0.076 f=0.095 p=0.671(0.000) max=2.904 | Ld=+0.0567 base=0.0279 r1=0.0238 path=0.00498 | Lg=+0.8855 | 43s | curv=+0.264 wide=+0.432 gfmed=0.049
 3380 post m=8 hq=0.969 PASS | Dr=+0.157/+1.881 |Dr|max=1.881 Df=+0.096 | g r=0.052 f=0.062 p=0.677(0.002) max=2.903 | Ld=+0.0306 base=0.0183 r1=0.00514 path=0.00696 cap=0.000214 | Lg=+0.9515 | 43s | curv=+0.0744 wide=+0.244 gfmed=0.034
 3390 post m=8 hq=0.964 PASS | Dr=+0.353/+2.400 |Dr|max=2.400 Df=+0.250 | g r=0.130 f=0.136 p=0.830(0.001) max=3.114 | Ld=-0.0523 base=-0.077 r1=0.0218 path=0.00279 cap=7.92e-05 | Lg=+1.1506 | 43s | curv=+0.222 wide=+0.357 gfmed=0.093
 3400 post m=8 hq=0.971 PASS | Dr=+0.525/+2.030 |Dr|max=2.030 Df=+0.431 | g r=0.066 f=0.078 p=0.712(0.004) max=2.979 | Ld=-0.0064 base=-0.0171 r1=0.00388 path=0.00675 cap=4.41e-05 | Lg=+1.0076 | 43s | curv=+0.227 wide=+0.403 gfmed=0.054
 3410 post m=8 hq=0.967 PASS | Dr=+0.550/+2.525 |Dr|max=2.525 Df=+0.461 | g r=0.080 f=0.081 p=0.781(0.001) max=3.028 | Ld=-0.0245 base=-0.045 r1=0.0116 path=0.00883 cap=5.07e-05 | Lg=+1.1014 | 44s | curv=+0.299 wide=+0.451 gfmed=0.057
 3420 post m=8 hq=0.944 PASS | Dr=+0.378/+2.436 |Dr|max=2.436 Df=+0.283 | g r=0.093 f=0.111 p=0.838(0.004) max=3.147 | Ld=-0.0461 base=-0.0619 r1=0.0114 path=0.00441 cap=4.14e-06 | Lg=+1.1171 | 44s | curv=-0.0315 wide=+0.129 gfmed=0.076
 3430 post m=8 hq=0.968 PASS | Dr=+0.420/+2.936 |Dr|max=2.936 Df=+0.290 | g r=0.074 f=0.074 p=0.901(0.001) max=3.230 | Ld=-0.0753 base=-0.0833 r1=0.00652 path=0.00144 cap=3.03e-05 | Lg=+1.2102 | 44s | curv=+0.336 wide=+0.438 gfmed=0.061
 3440 post m=8 hq=0.971 PASS | Dr=+0.494/+3.446 |Dr|max=3.446 Df=+0.355 | g r=0.054 f=0.058 p=0.919(0.003) max=3.222 | Ld=-0.0374 base=-0.0511 r1=0.00652 path=0.00679 cap=0.000413 | Lg=+1.2846 | 44s | curv=+0.283 wide=+0.415 gfmed=0.043
 3450 post m=8 hq=0.954 PASS | Dr=+0.445/+3.403 |Dr|max=3.403 Df=+0.299 | g r=0.088 f=0.072 p=0.976(0.001) max=3.231 | Ld=-0.0362 base=-0.0543 r1=0.0118 path=0.00617 cap=0.000195 | Lg=+1.3212 | 44s | curv=+0.297 wide=+0.394 gfmed=0.054
 3460 post m=8 hq=0.968 PASS | Dr=+0.436/+2.285 |Dr|max=2.285 Df=+0.334 | g r=0.048 f=0.053 p=0.807(0.002) max=3.036 | Ld=-0.0373 base=-0.0505 r1=0.00904 path=0.00419 | Lg=+1.1204 | 44s | curv=+0.2 wide=+0.357 gfmed=0.034
 3470 post m=8 hq=0.969 PASS | Dr=+0.507/+3.084 |Dr|max=3.084 Df=+0.385 | g r=0.073 f=0.082 p=0.835(0.001) max=2.765 | Ld=+0.0342 base=0.0171 r1=0.00517 path=0.0112 cap=0.000749 | Lg=+1.1910 | 44s | curv=+0.221 wide=+0.371 gfmed=0.064
 3480 post m=8 hq=0.955 PASS | Dr=+0.298/+3.116 |Dr|max=3.116 Df=+0.173 | g r=0.068 f=0.080 p=0.915(0.000) max=3.008 | Ld=-0.0270 base=-0.0504 r1=0.00998 path=0.0134 | Lg=+1.2757 | 44s | curv=+0.225 wide=+0.409 gfmed=0.065
 3490 post m=8 hq=0.801 fail | Dr=+0.447/+3.017 |Dr|max=3.017 Df=+0.293 | g r=0.142 f=0.293 p=0.960(0.002) max=3.510 | Ld=+0.1585 base=0.0303 r1=0.014 path=0.113 cap=0.000782 | Lg=+1.1632 | 45s | curv=+0.61 wide=+0.748 gfmed=0.147
 3500 post m=8 hq=0.894 fail | Dr=+0.598/+2.126 |Dr|max=2.126 Df=+0.516 | g r=0.072 f=0.153 p=0.790(0.002) max=3.237 | Ld=-0.0532 base=-0.0746 r1=0.014 path=0.00665 cap=0.000815 | Lg=+0.9508 | 45s | curv=+0.58 wide=+0.82 gfmed=0.057
 3510 post m=8 hq=0.944 PASS | Dr=+0.440/+2.277 |Dr|max=2.277 Df=+0.360 | g r=0.068 f=0.112 p=0.823(0.001) max=3.198 | Ld=+0.0042 base=-0.0137 r1=0.0136 path=0.00116 cap=0.00315 | Lg=+1.0522 | 45s | curv=+0.178 wide=+0.439 gfmed=0.063
 3520 post m=8 hq=0.955 PASS | Dr=+0.458/+2.462 |Dr|max=2.462 Df=+0.379 | g r=0.060 f=0.093 p=0.824(0.002) max=3.175 | Ld=-0.0746 base=-0.0835 r1=0.00761 path=0.00118 cap=0.000144 | Lg=+1.0789 | 45s | curv=+0.358 wide=+0.567 gfmed=0.050
 3530 post m=8 hq=0.966 PASS | Dr=+0.639/+2.951 |Dr|max=2.951 Df=+0.549 | g r=0.054 f=0.074 p=0.837(0.001) max=2.942 | Ld=-0.0092 base=-0.0178 r1=0.00739 path=0.00119 | Lg=+1.1452 | 45s | curv=+0.157 wide=+0.372 gfmed=0.042
 3540 post m=8 hq=0.943 PASS | Dr=+0.483/+2.597 |Dr|max=2.597 Df=+0.426 | g r=0.090 f=0.100 p=0.759(0.002) max=3.256 | Ld=+0.0510 base=0.0343 r1=0.00811 path=0.00299 cap=0.00559 | Lg=+0.9260 | 45s | curv=+0.298 wide=+0.433 gfmed=0.073
 3550 post m=8 hq=0.965 PASS | Dr=+0.505/+2.560 |Dr|max=2.560 Df=+0.434 | g r=0.087 f=0.095 p=0.733(0.007) max=2.800 | Ld=+0.0045 base=-0.0131 r1=0.00907 path=0.00855 | Lg=+1.0347 | 45s | curv=+0.141 wide=+0.322 gfmed=0.054
 3560 post m=8 hq=0.967 PASS | Dr=+0.320/+2.984 |Dr|max=2.984 Df=+0.269 | g r=0.078 f=0.085 p=0.737(0.003) max=2.866 | Ld=+0.0182 base=0.00518 r1=0.0116 path=0.000706 cap=0.000716 | Lg=+1.0329 | 45s | curv=+0.233 wide=+0.387 gfmed=0.067
 3570 post m=8 hq=0.956 PASS | Dr=+0.415/+2.673 |Dr|max=2.673 Df=+0.328 | g r=0.082 f=0.090 p=0.886(0.001) max=3.301 | Ld=-0.0777 base=-0.0984 r1=0.0186 path=0.00134 cap=0.000753 | Lg=+1.2143 | 46s | curv=+0.238 wide=+0.347 gfmed=0.067
 3580 post m=8 hq=0.924 PASS | Dr=+0.594/+3.207 |Dr|max=3.207 Df=+0.500 | g r=0.091 f=0.104 p=0.858(0.003) max=3.590 | Ld=-0.0056 base=-0.0347 r1=0.0231 path=0.00598 | Lg=+1.2744 | 46s | curv=+0.12 wide=+0.3 gfmed=0.064
 3590 post m=8 hq=0.976 PASS | Dr=+0.656/+3.060 |Dr|max=3.060 Df=+0.588 | g r=0.064 f=0.067 p=0.788(0.002) max=2.945 | Ld=+0.0121 base=-0.000286 r1=0.0111 path=0.00125 | Lg=+0.9905 | 46s | curv=+0.0414 wide=+0.213 gfmed=0.042
 3600 post m=8 hq=0.966 PASS | Dr=+0.600/+3.145 |Dr|max=3.145 Df=+0.508 | g r=0.059 f=0.065 p=0.822(0.002) max=2.858 | Ld=-0.0287 base=-0.045 r1=0.0132 path=0.00307 | Lg=+1.1007 | 46s | curv=+0.221 wide=+0.336 gfmed=0.043
 3610 post m=8 hq=0.973 PASS | Dr=+0.692/+2.742 |Dr|max=2.742 Df=+0.629 | g r=0.057 f=0.061 p=0.760(0.001) max=3.069 | Ld=-0.0213 base=-0.0306 r1=0.00348 path=0.00581 cap=3.12e-05 | Lg=+0.9410 | 46s | curv=+0.101 wide=+0.278 gfmed=0.049
 3620 post m=8 hq=0.948 PASS | Dr=+0.630/+3.547 |Dr|max=3.547 Df=+0.592 | g r=0.081 f=0.084 p=0.804(0.001) max=3.399 | Ld=-0.0354 base=-0.0435 r1=0.00659 path=0.00157 cap=4.46e-06 | Lg=+1.0217 | 46s | curv=+0.235 wide=+0.345 gfmed=0.056
 3630 post m=8 hq=0.948 PASS | Dr=+0.265/+2.557 |Dr|max=2.557 Df=+0.180 | g r=0.051 f=0.064 p=0.806(0.001) max=3.167 | Ld=-0.0314 base=-0.0362 r1=0.00384 path=0.000968 | Lg=+1.0857 | 46s | curv=+0.063 wide=+0.207 gfmed=0.035
 3640 post m=8 hq=0.973 PASS | Dr=+0.617/+3.039 |Dr|max=3.039 Df=+0.578 | g r=0.072 f=0.074 p=0.735(0.007) max=2.853 | Ld=-0.0321 base=-0.0486 r1=0.0131 path=0.00339 | Lg=+0.9569 | 47s | curv=+0.0751 wide=+0.25 gfmed=0.062
 3650 post m=8 hq=0.956 PASS | Dr=+0.735/+4.256 |Dr|max=4.256 Df=+0.738 | g r=0.080 f=0.082 p=0.812(0.002) max=3.234 | Ld=-0.0234 base=-0.0437 r1=0.0123 path=0.00761 cap=0.000452 | Lg=+1.0949 | 47s | curv=+0.0651 wide=+0.206 gfmed=0.068
 3660 post m=8 hq=0.955 PASS | Dr=+0.705/+3.114 |Dr|max=3.114 Df=+0.693 | g r=0.070 f=0.085 p=0.778(0.002) max=2.909 | Ld=-0.0045 base=-0.0223 r1=0.0105 path=0.00605 cap=0.0012 | Lg=+0.9383 | 47s | curv=+0.237 wide=+0.38 gfmed=0.052
 3670 post m=8 hq=0.808 fail | Dr=+0.786/+2.939 |Dr|max=2.939 Df=+0.757 | g r=0.093 f=0.312 p=0.800(0.002) max=3.576 | Ld=-0.1616 base=-0.189 r1=0.022 path=0.00468 cap=0.00108 | Lg=+1.0085 | 47s | curv=+0.608 wide=+0.837 gfmed=0.087
 3680 post m=7 hq=0.460 fail | Dr=+1.260/+3.321 |Dr|max=3.321 Df=+1.099 | g r=0.185 f=0.506 p=0.960(0.004) max=3.517 | Ld=+0.0719 base=-0.226 r1=0.0259 path=0.271 cap=0.000519 | Lg=+1.0146 | 47s | curv=+0.8 wide=+1.12 gfmed=0.320
 3690 post m=8 hq=0.591 fail | Dr=+0.974/+2.854 |Dr|max=2.854 Df=+0.893 | g r=0.103 f=0.574 p=0.945(0.005) max=3.241 | Ld=-0.0812 base=-0.112 r1=0.0275 path=0.00161 cap=0.00142 | Lg=+0.9139 | 47s | curv=+0.818 wide=+1.17 gfmed=0.163
 3700 post m=7 hq=0.439 fail | Dr=+0.773/+2.203 |Dr|max=2.203 Df=+0.548 | g r=0.176 f=0.539 p=0.961(0.001) max=3.373 | Ld=-0.1485 base=-0.191 r1=0.0412 path=0.0014 cap=0.000264 | Lg=+0.9509 | 47s | curv=+0.908 wide=+1.31 gfmed=0.250
 3710 post m=8 hq=0.905 PASS | Dr=+0.743/+1.823 |Dr|max=1.823 Df=+0.704 | g r=0.146 f=0.285 p=0.889(0.003) max=3.321 | Ld=-0.0465 base=-0.0822 r1=0.0308 path=0.00109 cap=0.00377 | Lg=+0.9678 | 48s | curv=+0.663 wide=+1.03 gfmed=0.140
 3720 post m=8 hq=0.954 PASS | Dr=+0.806/+2.775 |Dr|max=2.775 Df=+0.796 | g r=0.064 f=0.091 p=0.771(0.000) max=2.826 | Ld=+0.0068 base=-0.011 r1=0.0165 path=0.00133 | Lg=+1.0412 | 48s | curv=+0.386 wide=+0.712 gfmed=0.031
 3730 post m=8 hq=0.957 PASS | Dr=+0.653/+3.282 |Dr|max=3.282 Df=+0.671 | g r=0.111 f=0.132 p=0.818(0.004) max=2.930 | Ld=+0.0558 base=0.038 r1=0.0118 path=0.00501 cap=0.000863 | Lg=+1.1339 | 48s | curv=+0.236 wide=+0.527 gfmed=0.089
 3740 post m=8 hq=0.953 PASS | Dr=+0.692/+4.340 |Dr|max=4.340 Df=+0.713 | g r=0.114 f=0.121 p=0.889(0.005) max=3.150 | Ld=-0.0294 base=-0.0564 r1=0.0226 path=0.000953 cap=0.00352 | Lg=+1.2876 | 48s | curv=+0.0686 wide=+0.336 gfmed=0.075
 3750 post m=8 hq=0.973 PASS | Dr=+0.503/+2.907 |Dr|max=2.907 Df=+0.499 | g r=0.109 f=0.116 p=0.760(0.003) max=3.013 | Ld=+0.0286 base=0.00293 r1=0.0188 path=0.00686 cap=1.74e-06 | Lg=+1.1416 | 48s | curv=-0.0146 wide=+0.284 gfmed=0.099
 3760 post m=8 hq=0.957 PASS | Dr=+0.558/+3.463 |Dr|max=3.463 Df=+0.577 | g r=0.068 f=0.078 p=0.824(0.004) max=3.250 | Ld=-0.0193 base=-0.0446 r1=0.0167 path=0.00852 cap=0.000122 | Lg=+1.2697 | 48s | curv=+0.222 wide=+0.455 gfmed=0.056
 3770 post m=8 hq=0.972 PASS | Dr=+0.578/+3.928 |Dr|max=3.928 Df=+0.584 | g r=0.090 f=0.099 p=0.877(0.001) max=3.321 | Ld=-0.0861 base=-0.108 r1=0.0108 path=0.00719 cap=0.00369 | Lg=+1.3848 | 48s | curv=-0.0204 wide=+0.245 gfmed=0.075
 3780 post m=8 hq=0.971 PASS | Dr=+0.353/+2.675 |Dr|max=2.675 Df=+0.346 | g r=0.069 f=0.083 p=0.780(0.001) max=3.092 | Ld=-0.0134 base=-0.0264 r1=0.0101 path=0.00294 cap=2.17e-06 | Lg=+1.1187 | 48s | curv=-0.00917 wide=+0.252 gfmed=0.060
 3790 post m=8 hq=0.969 PASS | Dr=+0.560/+2.990 |Dr|max=2.990 Df=+0.567 | g r=0.089 f=0.098 p=0.711(0.002) max=2.500 | Ld=+0.1207 base=0.0429 r1=0.0132 path=0.0405 cap=0.024 | Lg=+1.0882 | 49s | curv=+0.212 wide=+0.403 gfmed=0.073
 3800 post m=8 hq=0.935 PASS | Dr=+0.578/+3.830 |Dr|max=3.830 Df=+0.585 | g r=0.105 f=0.131 p=0.798(0.002) max=2.836 | Ld=+0.0021 base=-0.0474 r1=0.0104 path=0.0363 cap=0.00273 | Lg=+1.3286 | 49s | curv=+0.312 wide=+0.501 gfmed=0.082
 3810 post m=8 hq=0.925 PASS | Dr=+0.364/+2.268 |Dr|max=2.268 Df=+0.387 | g r=0.098 f=0.146 p=0.780(0.005) max=2.907 | Ld=+0.0550 base=0.029 r1=0.0232 path=0.0027 cap=8.16e-05 | Lg=+1.0468 | 49s | curv=+0.369 wide=+0.579 gfmed=0.073
 3820 post m=8 hq=0.901 PASS | Dr=+0.262/+1.553 |Dr|max=1.962 Df=+0.285 | g r=0.084 f=0.151 p=0.781(0.007) max=3.246 | Ld=+0.0206 base=0.000836 r1=0.0141 path=0.00536 cap=0.000242 | Lg=+0.9843 | 49s | curv=+0.331 wide=+0.554 gfmed=0.063
 3830 post m=8 hq=0.935 PASS | Dr=+0.168/+2.389 |Dr|max=2.962 Df=+0.217 | g r=0.084 f=0.114 p=0.830(0.002) max=3.101 | Ld=-0.0783 base=-0.0993 r1=0.0195 path=0.00156 | Lg=+1.2729 | 49s | curv=+0.345 wide=+0.567 gfmed=0.075
 3840 post m=8 hq=0.953 PASS | Dr=+0.263/+2.167 |Dr|max=2.358 Df=+0.300 | g r=0.093 f=0.112 p=0.809(0.004) max=2.656 | Ld=+0.0751 base=0.064 r1=0.00861 path=0.00251 | Lg=+1.1096 | 49s | curv=+0.209 wide=+0.439 gfmed=0.078
 3850 post m=6 hq=0.430 fail | Dr=+0.347/+1.619 |Dr|max=1.619 Df=+0.199 | g r=0.098 f=0.636 p=0.813(0.003) max=2.932 | Ld=-0.0513 base=-0.0728 r1=0.0122 path=0.00928 | Lg=+0.9808 | 49s | curv=+0.567 wide=+0.783 gfmed=0.181
 3860 post m=6 hq=0.268 fail | Dr=+0.882/+2.820 |Dr|max=2.820 Df=+0.491 | g r=0.158 f=0.908 p=1.035(0.011) max=3.657 | Ld=-0.3231 base=-0.465 r1=0.0298 path=0.104 cap=0.00794 | Lg=+1.4327 | 49s | curv=+0.838 wide=+1.23 gfmed=0.622
 3870 post m=5 hq=0.319 fail | Dr=+0.287/+1.544 |Dr|max=1.544 Df=-0.149 | g r=0.175 f=0.872 p=1.078(0.013) max=3.672 | Ld=-0.2343 base=-0.296 r1=0.0595 path=0.00133 cap=0.000463 | Lg=+1.0104 | 50s | curv=+1.16 wide=+1.69 gfmed=0.624
 3880 post m=8 hq=0.875 fail | Dr=+0.771/+1.731 |Dr|max=1.731 Df=+0.733 | g r=0.107 f=0.238 p=0.972(0.004) max=3.312 | Ld=+0.0159 base=-0.0125 r1=0.0271 path=0.00125 cap=2.06e-05 | Lg=+0.8356 | 50s | curv=+0.619 wide=+1.1 gfmed=0.075
 3890 post m=8 hq=0.930 PASS | Dr=+0.773/+1.456 |Dr|max=1.456 Df=+0.742 | g r=0.102 f=0.158 p=0.855(0.004) max=2.955 | Ld=+0.0230 base=0.00464 r1=0.0174 path=0.00102 | Lg=+0.7911 | 50s | curv=+0.412 wide=+0.801 gfmed=0.096
 3900 post m=8 hq=0.960 PASS | Dr=+0.659/+2.053 |Dr|max=2.053 Df=+0.611 | g r=0.114 f=0.133 p=0.741(0.003) max=2.839 | Ld=+0.0257 base=0.00688 r1=0.0165 path=0.00217 cap=0.000151 | Lg=+0.8639 | 50s | curv=-0.114 wide=+0.263 gfmed=0.098
 3910 post m=8 hq=0.968 PASS | Dr=+0.814/+2.432 |Dr|max=2.432 Df=+0.795 | g r=0.066 f=0.073 p=0.702(0.001) max=2.852 | Ld=-0.0233 base=-0.034 r1=0.0074 path=0.00331 | Lg=+1.0005 | 50s | curv=+0.144 wide=+0.435 gfmed=0.049
 3920 post m=8 hq=0.969 PASS | Dr=+0.741/+2.203 |Dr|max=2.203 Df=+0.699 | g r=0.057 f=0.064 p=0.653(0.001) max=3.035 | Ld=-0.0045 base=-0.014 r1=0.00885 path=0.000633 | Lg=+0.8243 | 50s | curv=+0.145 wide=+0.357 gfmed=0.049
 3930 post m=8 hq=0.969 PASS | Dr=+0.551/+2.127 |Dr|max=2.127 Df=+0.502 | g r=0.177 f=0.165 p=0.687(0.005) max=2.414 | Ld=+0.0625 base=0.0242 r1=0.0347 path=0.00349 cap=6.76e-05 | Lg=+1.0587 | 50s | curv=-0.311 wide=-0.0451 gfmed=0.148
 3940 post m=8 hq=0.978 PASS | Dr=+0.853/+3.091 |Dr|max=3.091 Df=+0.785 | g r=0.067 f=0.067 p=0.700(0.003) max=2.902 | Ld=-0.0196 base=-0.0253 r1=0.00475 path=0.00092 | Lg=+1.0788 | 50s | curv=-0.0588 wide=+0.134 gfmed=0.060
 3950 post m=8 hq=0.967 PASS | Dr=+0.809/+3.544 |Dr|max=3.544 Df=+0.730 | g r=0.099 f=0.102 p=0.785(0.002) max=3.091 | Ld=-0.0718 base=-0.0807 r1=0.00617 path=0.00109 cap=0.0016 | Lg=+1.3592 | 51s | curv=-0.176 wide=-0.0134 gfmed=0.086
 3960 post m=8 hq=0.975 PASS | Dr=+0.710/+3.206 |Dr|max=3.206 Df=+0.638 | g r=0.059 f=0.061 p=0.785(0.003) max=3.222 | Ld=-0.0604 base=-0.0652 r1=0.00369 path=0.00113 | Lg=+1.3756 | 51s | curv=+0.107 wide=+0.245 gfmed=0.053
 3970 post m=8 hq=0.974 PASS | Dr=+0.978/+3.713 |Dr|max=3.713 Df=+0.970 | g r=0.041 f=0.046 p=0.701(0.000) max=3.363 | Ld=-0.0335 base=-0.0496 r1=0.00528 path=0.0107 cap=1.94e-05 | Lg=+1.1009 | 51s | curv=+0.11 wide=+0.256 gfmed=0.033
 3980 post m=7 hq=0.792 fail | Dr=+0.547/+3.642 |Dr|max=3.642 Df=+0.465 | g r=0.202 f=0.190 p=0.892(0.006) max=3.143 | Ld=-0.0499 base=-0.0858 r1=0.0328 path=0.00291 cap=0.000244 | Lg=+1.3921 | 51s | curv=+0.604 wide=+0.631 gfmed=0.174
 3990 post m=8 hq=0.965 PASS | Dr=+0.158/+3.307 |Dr|max=3.639 Df=+0.064 | g r=0.076 f=0.070 p=0.889(0.004) max=3.527 | Ld=-0.0614 base=-0.0821 r1=0.0167 path=0.00404 cap=3.02e-05 | Lg=+1.5266 | 51s | curv=+0.269 wide=+0.38 gfmed=0.062
 4000 post m=8 hq=0.979 PASS | Dr=+0.466/+3.348 |Dr|max=3.348 Df=+0.383 | g r=0.062 f=0.059 p=0.780(0.005) max=2.616 | Ld=-0.0014 base=-0.011 r1=0.00513 path=0.00443 | Lg=+1.2577 | 51s | curv=+0.166 wide=+0.303 gfmed=0.051
 4010 post m=8 hq=0.938 PASS | Dr=+0.888/+3.957 |Dr|max=3.957 Df=+0.799 | g r=0.066 f=0.071 p=0.842(0.001) max=3.187 | Ld=-0.0220 base=-0.0559 r1=0.00413 path=0.0298 | Lg=+1.3046 | 51s | curv=+0.174 wide=+0.37 gfmed=0.045
 4020 post m=8 hq=0.976 PASS | Dr=+0.908/+2.697 |Dr|max=2.697 Df=+0.858 | g r=0.050 f=0.054 p=0.648(0.001) max=2.701 | Ld=-0.0151 base=-0.022 r1=0.00598 path=0.00089 | Lg=+1.0791 | 51s | curv=+0.155 wide=+0.313 gfmed=0.043
 4030 post m=8 hq=0.974 PASS | Dr=+1.100/+3.581 |Dr|max=3.581 Df=+1.033 | g r=0.053 f=0.056 p=0.761(0.001) max=2.797 | Ld=-0.0021 base=-0.00996 r1=0.00636 path=0.00153 | Lg=+1.2451 | 52s | curv=+0.228 wide=+0.358 gfmed=0.043
 4040 post m=8 hq=0.970 PASS | Dr=+1.067/+3.752 |Dr|max=3.752 Df=+0.999 | g r=0.060 f=0.063 p=0.831(0.004) max=3.098 | Ld=-0.0162 base=-0.028 r1=0.00518 path=0.00661 cap=2.16e-05 | Lg=+1.4134 | 52s | curv=+0.0575 wide=+0.216 gfmed=0.055
 4050 post m=8 hq=0.973 PASS | Dr=+0.863/+3.929 |Dr|max=3.929 Df=+0.769 | g r=0.056 f=0.059 p=0.832(0.001) max=2.804 | Ld=-0.0579 base=-0.0652 r1=0.00535 path=0.00192 | Lg=+1.3592 | 52s | curv=+0.196 wide=+0.375 gfmed=0.042
 4060 post m=8 hq=0.963 PASS | Dr=+0.849/+4.329 |Dr|max=4.329 Df=+0.746 | g r=0.065 f=0.068 p=0.911(0.000) max=2.932 | Ld=-0.0487 base=-0.0565 r1=0.0071 path=0.000688 | Lg=+1.5236 | 52s | curv=+0.12 wide=+0.28 gfmed=0.047
 4070 post m=8 hq=0.981 PASS | Dr=+1.110/+3.707 |Dr|max=3.707 Df=+1.038 | g r=0.060 f=0.061 p=0.736(0.000) max=2.689 | Ld=-0.0454 base=-0.0509 r1=0.00461 path=0.000845 | Lg=+1.1916 | 52s | curv=+0.0708 wide=+0.221 gfmed=0.049
 4080 post m=8 hq=0.981 PASS | Dr=+0.885/+4.049 |Dr|max=4.049 Df=+0.793 | g r=0.081 f=0.087 p=0.854(0.003) max=3.008 | Ld=-0.0165 base=-0.0309 r1=0.0115 path=0.00295 | Lg=+1.3589 | 52s | curv=+0.0297 wide=+0.151 gfmed=0.069
 4090 post m=8 hq=0.982 PASS | Dr=+0.886/+3.442 |Dr|max=3.442 Df=+0.810 | g r=0.040 f=0.041 p=0.726(0.001) max=2.744 | Ld=-0.0878 base=-0.0931 r1=0.00298 path=0.00233 | Lg=+1.2064 | 52s | curv=+0.195 wide=+0.309 gfmed=0.031
 4100 post m=8 hq=0.983 PASS | Dr=+1.035/+3.842 |Dr|max=3.842 Df=+0.964 | g r=0.100 f=0.105 p=0.763(0.004) max=2.821 | Ld=+0.0129 base=-0.0209 r1=0.0249 path=0.00834 cap=0.000549 | Lg=+1.1928 | 52s | curv=+0.0781 wide=+0.188 gfmed=0.088
 4110 post m=8 hq=0.976 PASS | Dr=+1.117/+3.351 |Dr|max=3.351 Df=+1.075 | g r=0.116 f=0.114 p=0.795(0.001) max=2.822 | Ld=-0.0438 base=-0.0821 r1=0.0141 path=0.0148 cap=0.0094 | Lg=+1.2642 | 53s | curv=+0.143 wide=+0.267 gfmed=0.093
 4120 post m=8 hq=0.967 PASS | Dr=+0.651/+3.807 |Dr|max=3.807 Df=+0.572 | g r=0.086 f=0.087 p=0.844(0.004) max=3.021 | Ld=+0.0001 base=-0.0222 r1=0.0123 path=0.00998 cap=1.37e-05 | Lg=+1.3473 | 53s | curv=+0.186 wide=+0.359 gfmed=0.067
 4130 post m=8 hq=0.933 PASS | Dr=+1.084/+3.358 |Dr|max=3.358 Df=+1.046 | g r=0.115 f=0.118 p=0.870(0.002) max=3.539 | Ld=-0.1051 base=-0.115 r1=0.00633 path=0.00309 cap=2.85e-05 | Lg=+1.3335 | 53s | curv=+0.433 wide=+0.549 gfmed=0.095
 4140 post m=8 hq=0.982 PASS | Dr=+0.664/+2.017 |Dr|max=2.017 Df=+0.642 | g r=0.042 f=0.044 p=0.541(0.001) max=1.922 | Ld=+0.0390 base=0.033 r1=0.00478 path=0.00125 | Lg=+0.9449 | 53s | curv=+0.0474 wide=+0.154 gfmed=0.034
 4150 post m=8 hq=0.968 PASS | Dr=+0.663/+2.275 |Dr|max=2.275 Df=+0.626 | g r=0.049 f=0.050 p=0.645(0.001) max=2.334 | Ld=-0.0079 base=-0.016 r1=0.00745 path=0.000725 | Lg=+0.9819 | 53s | curv=+0.183 wide=+0.288 gfmed=0.041
 4160 post m=8 hq=0.976 PASS | Dr=+0.751/+3.109 |Dr|max=3.109 Df=+0.699 | g r=0.080 f=0.079 p=0.743(0.002) max=2.852 | Ld=-0.0180 base=-0.0252 r1=0.00415 path=0.00307 | Lg=+1.1838 | 53s | curv=-0.15 wide=-0.0145 gfmed=0.069
 4170 post m=8 hq=0.981 PASS | Dr=+0.717/+1.881 |Dr|max=1.881 Df=+0.696 | g r=0.040 f=0.041 p=0.567(0.000) max=2.274 | Ld=-0.0080 base=-0.0104 r1=0.00181 path=0.000645 | Lg=+0.8975 | 53s | curv=+0.113 wide=+0.205 gfmed=0.031
 4180 post m=8 hq=0.981 PASS | Dr=+0.548/+2.071 |Dr|max=2.071 Df=+0.550 | g r=0.049 f=0.050 p=0.539(0.003) max=2.045 | Ld=+0.0250 base=0.0103 r1=0.0139 path=0.000725 | Lg=+0.8787 | 53s | curv=+0.0523 wide=+0.137 gfmed=0.044
 4190 post m=8 hq=0.982 PASS | Dr=+0.930/+2.878 |Dr|max=2.878 Df=+0.885 | g r=0.081 f=0.074 p=0.734(0.002) max=2.941 | Ld=-0.0376 base=-0.0491 r1=0.00835 path=0.00315 | Lg=+1.1692 | 54s | curv=+0.168 wide=+0.262 gfmed=0.053
 4200 post m=8 hq=0.878 fail | Dr=+0.581/+2.911 |Dr|max=2.911 Df=+0.515 | g r=0.080 f=0.132 p=0.809(0.002) max=2.902 | Ld=+0.0822 base=0.0415 r1=0.0181 path=0.0225 | Lg=+1.1093 | 54s | curv=+0.271 wide=+0.381 gfmed=0.081
 4210 post m=6 hq=0.352 fail | Dr=+0.162/+1.494 |Dr|max=1.494 Df=-0.159 | g r=0.166 f=1.125 p=1.017(0.005) max=3.572 | Ld=-0.2747 base=-0.314 r1=0.0375 path=0.00197 | Lg=+1.1689 | 54s | curv=+0.914 wide=+1.29 gfmed=0.956
 4220 post m=6 hq=0.339 fail | Dr=-0.014/+1.008 |Dr|max=1.008 Df=-0.533 | g r=0.186 f=0.779 p=1.059(0.007) max=3.423 | Ld=-0.2342 base=-0.347 r1=0.074 path=0.0167 cap=0.0224 | Lg=+1.1474 | 54s | curv=+1.18 wide=+1.69 gfmed=0.521
 4230 post m=6 hq=0.243 fail | Dr=-1.493/-1.015 |Dr|max=2.032 Df=-2.051 | g r=0.288 f=1.304 p=1.160(0.014) max=4.163 | Ld=-0.1530 base=-0.568 r1=0.171 path=0.0472 cap=0.197 | Lg=+1.0651 | 54s | curv=+2.04 wide=+2.67 gfmed=1.101
 4240 post m=5 hq=0.080 fail | Dr=-0.765/-0.253 |Dr|max=1.246 Df=-1.572 | g r=0.180 f=1.966 p=1.478(0.013) max=3.523 | Ld=-0.4248 base=-0.578 r1=0.0914 path=0.00118 cap=0.0608 | Lg=+1.0422 | 54s | curv=+1.92 wide=+2.62 gfmed=2.113
 4250 post m=3 hq=0.008 fail | Dr=-0.704/+0.616 |Dr|max=1.883 Df=-2.162 | g r=0.205 f=1.682 p=1.667(0.011) max=3.867 | Ld=-1.0200 base=-1.14 r1=0.119 path=4.3e-05 cap=0.00413 | Lg=+1.8297 | 54s | curv=+1.71 wide=+2.57 gfmed=1.662
 4260 post m=3 hq=0.044 fail | Dr=-0.500/+0.438 |Dr|max=1.441 Df=-1.589 | g r=0.235 f=2.021 p=1.515(0.008) max=3.631 | Ld=-0.4592 base=-0.577 r1=0.0908 path=0.000956 cap=0.0256 | Lg=+1.1186 | 54s | curv=+2.23 wide=+2.98 gfmed=2.135
 4270 post m=6 hq=0.186 fail | Dr=-0.209/+0.162 |Dr|max=0.633 Df=-0.868 | g r=0.235 f=1.563 p=1.464(0.010) max=3.388 | Ld=-0.6121 base=-0.745 r1=0.115 path=0.00146 cap=0.0174 | Lg=+1.2009 | 55s | curv=+1.48 wide=+2.32 gfmed=1.669
 4280 post m=7 hq=0.136 fail | Dr=-0.026/+0.499 |Dr|max=0.528 Df=-0.557 | g r=0.204 f=1.842 p=1.510(0.004) max=4.210 | Ld=-0.3164 base=-0.43 r1=0.111 path=0.000755 cap=0.00209 | Lg=+0.9780 | 55s | curv=+1.93 wide=+2.68 gfmed=1.925
 4290 post m=8 hq=0.053 fail | Dr=+0.278/+0.980 |Dr|max=0.980 Df=-0.327 | g r=0.181 f=2.028 p=1.544(0.003) max=3.796 | Ld=-0.3130 base=-0.389 r1=0.0744 path=0.000346 cap=0.00106 | Lg=+0.9757 | 55s | curv=+1.5 wide=+2.32 gfmed=2.044
 4300 post m=8 hq=0.060 fail | Dr=+0.235/+1.043 |Dr|max=1.043 Df=-0.254 | g r=0.185 f=1.836 p=1.538(0.005) max=3.778 | Ld=-0.4927 base=-0.563 r1=0.0671 path=0.00276 cap=0.000287 | Lg=+1.1359 | 55s | curv=+1.75 wide=+2.57 gfmed=1.828
 4310 post m=6 hq=0.069 fail | Dr=+0.384/+1.066 |Dr|max=1.066 Df=-0.027 | g r=0.203 f=1.705 p=1.455(0.002) max=3.685 | Ld=-0.2056 base=-0.321 r1=0.102 path=0.0116 cap=0.0016 | Lg=+0.9152 | 55s | curv=+0.993 wide=+1.88 gfmed=1.661
 4320 post m=8 hq=0.435 fail | Dr=+0.305/+1.219 |Dr|max=1.219 Df=+0.135 | g r=0.202 f=1.239 p=1.358(0.006) max=3.752 | Ld=-0.3025 base=-0.399 r1=0.0927 path=0.000179 cap=0.00326 | Lg=+1.0183 | 55s | curv=+0.846 wide=+1.71 gfmed=1.102
 4330 post m=7 hq=0.222 fail | Dr=+0.329/+0.730 |Dr|max=0.730 Df=+0.005 | g r=0.185 f=1.806 p=1.425(0.003) max=3.805 | Ld=-0.2957 base=-0.371 r1=0.0734 path=0.000912 cap=0.000969 | Lg=+0.9740 | 55s | curv=+1.04 wide=+1.9 gfmed=2.043
 4340 post m=7 hq=0.493 fail | Dr=+0.646/+1.123 |Dr|max=1.123 Df=+0.449 | g r=0.203 f=1.099 p=1.192(0.016) max=2.794 | Ld=-0.0107 base=-0.14 r1=0.0895 path=0.00151 cap=0.0386 | Lg=+0.7990 | 56s | curv=+1.7 wide=+2.27 gfmed=0.844
 4350 post m=6 hq=0.396 fail | Dr=+0.893/+1.716 |Dr|max=1.716 Df=+0.569 | g r=0.157 f=1.401 p=1.332(0.002) max=3.372 | Ld=-0.1103 base=-0.171 r1=0.0546 path=0.000744 cap=0.00542 | Lg=+0.8486 | 56s | curv=+0.842 wide=+1.62 gfmed=1.574
 4360 post m=8 hq=0.657 fail | Dr=+1.081/+1.576 |Dr|max=1.576 Df=+0.998 | g r=0.131 f=0.662 p=1.177(0.009) max=3.616 | Ld=-0.0459 base=-0.0781 r1=0.0315 path=0.000649 cap=4.89e-05 | Lg=+0.7707 | 56s | curv=+0.455 wide=+1.17 gfmed=0.175
 4370 post m=8 hq=0.659 fail | Dr=+0.980/+1.323 |Dr|max=1.323 Df=+0.903 | g r=0.124 f=0.650 p=1.125(0.005) max=3.551 | Ld=-0.0899 base=-0.127 r1=0.036 path=0.000505 cap=0.000494 | Lg=+0.8090 | 56s | curv=+0.712 wide=+1.34 gfmed=0.192
 4380 post m=8 hq=0.891 fail | Dr=+0.854/+2.098 |Dr|max=2.098 Df=+0.878 | g r=0.178 f=0.327 p=1.078(0.005) max=3.349 | Ld=-0.0598 base=-0.104 r1=0.0421 path=0.000545 cap=0.00174 | Lg=+0.8649 | 56s | curv=+0.49 wide=+1.13 gfmed=0.172
 4390 post m=8 hq=0.962 PASS | Dr=+1.280/+1.985 |Dr|max=1.985 Df=+1.288 | g r=0.155 f=0.186 p=0.943(0.005) max=2.936 | Ld=+0.0041 base=-0.0244 r1=0.0279 path=0.000591 | Lg=+0.7803 | 56s | curv=-0.128 wide=+0.39 gfmed=0.153
 4400 post m=8 hq=0.967 PASS | Dr=+1.355/+2.778 |Dr|max=2.778 Df=+1.334 | g r=0.097 f=0.111 p=0.831(0.001) max=3.069 | Ld=-0.0039 base=-0.0207 r1=0.0162 path=0.000613 | Lg=+0.8922 | 56s | curv=+0.0793 wide=+0.491 gfmed=0.086
 4410 post m=8 hq=0.968 PASS | Dr=+1.272/+3.315 |Dr|max=3.315 Df=+1.231 | g r=0.119 f=0.121 p=0.882(0.007) max=3.206 | Ld=-0.0421 base=-0.057 r1=0.0136 path=0.00124 | Lg=+1.0960 | 56s | curv=+0.535 wide=+0.772 gfmed=0.110
 4420 post m=8 hq=0.973 PASS | Dr=+1.066/+2.723 |Dr|max=2.723 Df=+1.061 | g r=0.065 f=0.066 p=0.765(0.001) max=2.698 | Ld=-0.0490 base=-0.0579 r1=0.00747 path=0.00144 | Lg=+1.0091 | 57s | curv=+0.103 wide=+0.364 gfmed=0.057
 4430 post m=8 hq=0.978 PASS | Dr=+1.056/+2.520 |Dr|max=2.520 Df=+1.040 | g r=0.089 f=0.093 p=0.779(0.002) max=3.059 | Ld=+0.0122 base=-0.00918 r1=0.0114 path=0.0101 | Lg=+1.0145 | 57s | curv=+0.353 wide=+0.527 gfmed=0.086
 4440 post m=8 hq=0.972 PASS | Dr=+0.884/+2.359 |Dr|max=2.359 Df=+0.861 | g r=0.056 f=0.062 p=0.696(0.002) max=2.504 | Ld=-0.0148 base=-0.0251 r1=0.00835 path=0.00194 | Lg=+1.0008 | 57s | curv=+0.29 wide=+0.49 gfmed=0.046
 4450 post m=8 hq=0.974 PASS | Dr=+0.965/+2.802 |Dr|max=2.802 Df=+0.935 | g r=0.071 f=0.072 p=0.798(0.003) max=3.000 | Ld=-0.0363 base=-0.0459 r1=0.00624 path=0.00336 | Lg=+1.1063 | 57s | curv=+0.19 wide=+0.398 gfmed=0.062
 4460 post m=8 hq=0.971 PASS | Dr=+0.662/+2.298 |Dr|max=2.298 Df=+0.639 | g r=0.076 f=0.077 p=0.686(0.002) max=2.681 | Ld=+0.0791 base=0.0677 r1=0.0098 path=0.00159 cap=1.78e-06 | Lg=+0.9365 | 57s | curv=+0.123 wide=+0.339 gfmed=0.062
 4470 post m=8 hq=0.977 PASS | Dr=+0.498/+2.171 |Dr|max=2.171 Df=+0.466 | g r=0.069 f=0.072 p=0.632(0.002) max=2.468 | Ld=-0.0218 base=-0.037 r1=0.0099 path=0.00532 | Lg=+0.9817 | 57s | curv=+0.204 wide=+0.388 gfmed=0.063
 4480 post m=8 hq=0.971 PASS | Dr=+0.700/+2.234 |Dr|max=2.234 Df=+0.696 | g r=0.106 f=0.110 p=0.681(0.004) max=2.861 | Ld=+0.0070 base=0.00113 r1=0.00485 path=0.00102 | Lg=+0.9759 | 57s | curv=+0.149 wide=+0.303 gfmed=0.105
 4490 post m=8 hq=0.976 PASS | Dr=+0.464/+1.696 |Dr|max=1.696 Df=+0.468 | g r=0.098 f=0.099 p=0.609(0.001) max=2.458 | Ld=+0.0448 base=0.0289 r1=0.0126 path=0.00331 | Lg=+0.9050 | 57s | curv=+0.123 wide=+0.263 gfmed=0.094
 4500 post m=8 hq=0.978 PASS | Dr=+0.898/+3.743 |Dr|max=3.743 Df=+0.942 | g r=0.069 f=0.068 p=0.730(0.002) max=3.243 | Ld=-0.0205 base=-0.0256 r1=0.00421 path=0.00093 | Lg=+1.0962 | 58s | curv=+0.201 wide=+0.306 gfmed=0.049
 4510 post m=8 hq=0.975 PASS | Dr=+0.516/+2.949 |Dr|max=2.949 Df=+0.557 | g r=0.101 f=0.099 p=0.714(0.004) max=2.766 | Ld=+0.0457 base=0.0254 r1=0.0133 path=0.0043 cap=0.00273 | Lg=+1.0498 | 58s | curv=+0.158 wide=+0.282 gfmed=0.076
 4520 post m=8 hq=0.980 PASS | Dr=+0.455/+1.713 |Dr|max=1.713 Df=+0.492 | g r=0.079 f=0.078 p=0.662(0.000) max=2.468 | Ld=+0.0656 base=0.0554 r1=0.00768 path=0.00252 | Lg=+0.8501 | 58s | curv=+0.0346 wide=+0.149 gfmed=0.064
 4530 post m=8 hq=0.974 PASS | Dr=+0.480/+1.934 |Dr|max=1.934 Df=+0.496 | g r=0.124 f=0.125 p=0.630(0.003) max=2.479 | Ld=+0.0418 base=0.0277 r1=0.0118 path=0.00151 cap=0.000711 | Lg=+0.8997 | 58s | curv=+0.0769 wide=+0.194 gfmed=0.122
 4540 post m=8 hq=0.981 PASS | Dr=+0.294/+1.805 |Dr|max=1.862 Df=+0.294 | g r=0.042 f=0.042 p=0.664(0.000) max=2.854 | Ld=-0.0504 base=-0.061 r1=0.00333 path=0.00725 | Lg=+0.9709 | 58s | curv=+0.067 wide=+0.21 gfmed=0.037
 4550 post m=8 hq=0.969 PASS | Dr=+0.809/+2.597 |Dr|max=2.597 Df=+0.816 | g r=0.054 f=0.053 p=0.702(0.001) max=2.655 | Ld=+0.0006 base=-0.0104 r1=0.00572 path=0.00532 | Lg=+0.9952 | 58s | curv=+0.0639 wide=+0.222 gfmed=0.041
 4560 post m=8 hq=0.978 PASS | Dr=+0.821/+2.801 |Dr|max=2.801 Df=+0.824 | g r=0.070 f=0.071 p=0.785(0.003) max=2.944 | Ld=+0.0248 base=0.0161 r1=0.00756 path=0.00117 | Lg=+1.0286 | 58s | curv=-0.0375 wide=+0.117 gfmed=0.064
 4570 post m=8 hq=0.981 PASS | Dr=+0.638/+2.129 |Dr|max=2.129 Df=+0.660 | g r=0.045 f=0.046 p=0.717(0.001) max=2.603 | Ld=+0.0221 base=0.0182 r1=0.00338 path=0.000534 | Lg=+0.9570 | 58s | curv=+0.168 wide=+0.287 gfmed=0.042
 4580 post m=8 hq=0.986 PASS | Dr=+0.394/+2.092 |Dr|max=2.092 Df=+0.422 | g r=0.062 f=0.063 p=0.700(0.003) max=2.810 | Ld=+0.0289 base=0.0208 r1=0.00743 path=0.000716 | Lg=+0.9511 | 59s | curv=+0.0241 wide=+0.171 gfmed=0.050
 4590 post m=8 hq=0.978 PASS | Dr=+0.688/+2.209 |Dr|max=2.209 Df=+0.717 | g r=0.051 f=0.051 p=0.729(0.000) max=3.521 | Ld=-0.0566 base=-0.0597 r1=0.00226 path=0.000833 | Lg=+0.9778 | 59s | curv=-0.0546 wide=+0.0476 gfmed=0.044
 4600 post m=8 hq=0.985 PASS | Dr=+0.458/+1.958 |Dr|max=1.958 Df=+0.455 | g r=0.043 f=0.042 p=0.590(0.001) max=2.602 | Ld=+0.0316 base=0.0261 r1=0.00239 path=0.00307 | Lg=+0.9196 | 59s | curv=+0.0917 wide=+0.187 gfmed=0.038
# COMPLETE 4600 updates in 59s; prehold 109/120; arrival=50
