# arm=c3_capnopath formulation=wgan + r1(1) + path-secant(10,t=0.5) + cap-ends(10,c=3) [Dβ2=0.9, A2=0] {lr c×0.5 g×1} device=cuda:0 steps=4600
# step phase modes hq pass | Dr mean/max |Dr|max Df | grad-norm real fake path(min) max | loss_d terms | loss_g | sec
# init=batch_feature_zero hook=None differs_from_old=G,D,prior public_path_match=G,D,prior ema_D_equals_D=None sha G=615e9d129c1c D=e15f6122daf7 prior=2531df2c5ad8
   10 acq  m=0 hq=0.000 fail | Dr=+0.200/+0.856 |Dr|max=0.856 Df=+0.522 | g r=0.351 f=0.693 p=0.590(0.007) max=2.061 | Ld=+1.5001 base=0.18 r1=0.271 path=1.05 | Lg=+0.6227 | 1s | curv=+0.695 wide=+0.665 gfmed=0.628
   20 acq  m=2 hq=0.011 fail | Dr=+0.414/+0.908 |Dr|max=0.908 Df=+0.352 | g r=0.617 f=1.062 p=0.944(0.010) max=4.094 | Ld=+4.2403 base=-0.0841 r1=0.768 path=3.48 cap=0.0737 | Lg=+0.7815 | 1s | curv=+1.85 wide=+2.3 gfmed=0.702
   30 acq  m=2 hq=0.049 fail | Dr=+0.319/+0.846 |Dr|max=0.846 Df=+0.227 | g r=0.482 f=1.294 p=1.080(0.009) max=4.504 | Ld=+2.6775 base=-0.15 r1=0.275 path=2.31 cap=0.242 | Lg=+0.8018 | 1s | curv=+2.45 wide=+2.58 gfmed=0.954
   40 acq  m=1 hq=0.004 fail | Dr=+0.153/+0.557 |Dr|max=0.557 Df=-0.053 | g r=0.634 f=1.063 p=1.043(0.022) max=3.287 | Ld=+2.9720 base=-0.232 r1=0.706 path=1.77 cap=0.733 | Lg=+0.8221 | 1s | curv=+2.74 wide=+2.66 gfmed=0.971
   50 acq  m=1 hq=0.036 fail | Dr=+0.462/+0.962 |Dr|max=0.962 Df=+0.092 | g r=0.508 f=1.220 p=1.156(0.018) max=4.234 | Ld=+1.4136 base=-0.294 r1=0.463 path=1.24 cap=0.00432 | Lg=+0.8960 | 1s | curv=+1.05 wide=+1.56 gfmed=1.052
   60 acq  m=2 hq=0.052 fail | Dr=+0.702/+1.114 |Dr|max=1.114 Df=+0.513 | g r=0.430 f=1.154 p=1.132(0.020) max=3.932 | Ld=+2.2153 base=-0.502 r1=0.494 path=2.21 cap=0.00866 | Lg=+1.0011 | 1s | curv=+1.68 wide=+2.48 gfmed=1.013
   70 acq  m=2 hq=0.086 fail | Dr=+0.940/+1.809 |Dr|max=1.809 Df=+0.153 | g r=0.554 f=1.137 p=1.395(0.037) max=4.246 | Ld=+0.1929 base=-0.965 r1=0.623 path=0.513 cap=0.0226 | Lg=+1.2954 | 2s | curv=+0.453 wide=+1.53 gfmed=0.944
   80 acq  m=4 hq=0.008 fail | Dr=+0.404/+1.699 |Dr|max=1.699 Df=+0.342 | g r=0.756 f=1.445 p=1.518(0.011) max=5.021 | Ld=+12.6036 base=-0.641 r1=0.84 path=12 cap=0.41 | Lg=+1.1671 | 2s | curv=+1.14 wide=+2.2 gfmed=1.373
   90 acq  m=3 hq=0.071 fail | Dr=-0.159/+0.202 |Dr|max=0.994 Df=-0.699 | g r=0.469 f=1.341 p=1.306(0.028) max=4.406 | Ld=+0.2896 base=-0.4 r1=0.314 path=0.373 cap=0.00336 | Lg=+0.9598 | 2s | curv=+2.98 wide=+3.79 gfmed=1.210
  100 acq  m=3 hq=0.020 fail | Dr=+0.267/+0.686 |Dr|max=0.686 Df=-0.482 | g r=0.441 f=1.411 p=1.386(0.015) max=4.501 | Ld=+0.4834 base=-0.803 r1=0.328 path=0.953 cap=0.00447 | Lg=+1.2330 | 2s | curv=+2.19 wide=+3.12 gfmed=1.302
  110 acq  m=2 hq=0.012 fail | Dr=+0.046/+0.674 |Dr|max=0.778 Df=-0.945 | g r=0.556 f=1.485 p=1.379(0.009) max=4.431 | Ld=+0.2706 base=-1.11 r1=0.504 path=0.699 cap=0.178 | Lg=+1.4035 | 2s | curv=+3.32 wide=+4.14 gfmed=1.397
  120 acq  m=1 hq=0.004 fail | Dr=+0.284/+0.745 |Dr|max=0.745 Df=-0.569 | g r=0.833 f=1.385 p=1.453(0.036) max=4.687 | Ld=+0.9748 base=-0.844 r1=1.23 path=0.578 cap=0.0117 | Lg=+1.2185 | 2s | curv=+0.185 wide=+1.64 gfmed=1.215
  130 acq  m=4 hq=0.043 fail | Dr=+0.534/+1.370 |Dr|max=1.370 Df=-0.531 | g r=0.538 f=1.466 p=1.393(0.007) max=4.518 | Ld=-0.5509 base=-1.07 r1=0.446 path=0.0694 cap=0.00236 | Lg=+1.5198 | 2s | curv=+2.79 wide=+3.8 gfmed=1.373
  140 acq  m=2 hq=0.001 fail | Dr=+0.270/+1.353 |Dr|max=1.353 Df=-1.136 | g r=0.462 f=1.369 p=1.513(0.024) max=4.541 | Ld=-0.7924 base=-1.24 r1=0.287 path=0.143 cap=0.0139 | Lg=+1.6886 | 2s | curv=+2.11 wide=+3.35 gfmed=1.275
  150 acq  m=1 hq=0.016 fail | Dr=-0.319/-0.063 |Dr|max=0.936 Df=-1.348 | g r=0.573 f=1.271 p=1.551(0.011) max=4.646 | Ld=+0.3369 base=-0.712 r1=0.347 path=0.692 cap=0.0105 | Lg=+1.4510 | 3s | curv=+3.46 wide=+4.64 gfmed=1.069
  160 acq  m=2 hq=0.090 fail | Dr=+0.087/+0.577 |Dr|max=0.577 Df=-0.477 | g r=0.817 f=1.147 p=1.421(0.007) max=4.566 | Ld=+0.1073 base=-0.789 r1=0.616 path=0.0524 cap=0.228 | Lg=+1.2584 | 3s | curv=+3.25 wide=+4.48 gfmed=1.051
  170 acq  m=0 hq=0.000 fail | Dr=+0.577/+1.905 |Dr|max=1.905 Df=-1.162 | g r=0.606 f=1.121 p=1.555(0.032) max=5.256 | Ld=-0.7932 base=-1.53 r1=0.62 path=0.105 cap=0.00985 | Lg=+1.9896 | 3s | curv=+2.97 wide=+4.12 gfmed=0.950
  180 acq  m=1 hq=0.029 fail | Dr=+0.269/+1.826 |Dr|max=1.826 Df=-1.212 | g r=0.606 f=1.528 p=1.596(0.030) max=5.128 | Ld=+0.0504 base=-1.54 r1=0.568 path=0.998 cap=0.0216 | Lg=+1.9616 | 3s | curv=+1.32 wide=+2.59 gfmed=1.513
  190 acq  m=2 hq=0.055 fail | Dr=+0.438/+2.982 |Dr|max=2.982 Df=-1.491 | g r=0.514 f=1.120 p=1.481(0.019) max=5.623 | Ld=-1.1087 base=-1.92 r1=0.576 path=0.194 cap=0.0461 | Lg=+2.2532 | 3s | curv=+1.59 wide=+2.75 gfmed=0.964
  200 acq  m=1 hq=0.137 fail | Dr=+1.074/+5.458 |Dr|max=5.458 Df=-1.774 | g r=0.614 f=1.308 p=1.824(0.010) max=8.768 | Ld=-2.1168 base=-2.63 r1=0.392 path=0.116 cap=0.00935 | Lg=+3.0532 | 3s | curv=+0.0642 wide=+1.22 gfmed=1.156
  210 acq  m=0 hq=0.000 fail | Dr=+1.305/+4.343 |Dr|max=4.343 Df=-1.380 | g r=1.228 f=2.043 p=2.319(0.049) max=7.656 | Ld=+0.7991 base=-3.15 r1=2.9 path=0.0617 cap=0.992 | Lg=+3.2699 | 3s | curv=-3.33 wide=-1.99 gfmed=2.068
  220 acq  m=4 hq=0.009 fail | Dr=+0.722/+3.756 |Dr|max=3.756 Df=+0.223 | g r=0.604 f=1.806 p=1.721(0.016) max=5.997 | Ld=-0.7171 base=-1.94 r1=0.492 path=0.0264 cap=0.703 | Lg=+2.2341 | 3s | curv=+1.73 wide=+3.19 gfmed=1.737
  230 acq  m=1 hq=0.040 fail | Dr=-0.583/+0.061 |Dr|max=1.600 Df=-1.394 | g r=0.457 f=1.563 p=1.456(0.032) max=4.164 | Ld=-0.4016 base=-0.843 r1=0.36 path=0.0701 cap=0.0112 | Lg=+1.2733 | 4s | curv=+2.82 wide=+3.98 gfmed=1.508
  240 acq  m=1 hq=0.008 fail | Dr=-0.391/+0.462 |Dr|max=1.425 Df=-1.820 | g r=0.349 f=1.601 p=1.496(0.016) max=4.741 | Ld=-1.1186 base=-1.4 r1=0.249 path=0.0236 cap=0.00716 | Lg=+1.7564 | 4s | curv=+2.82 wide=+3.88 gfmed=1.456
  250 acq  m=1 hq=0.003 fail | Dr=-0.322/+0.124 |Dr|max=0.897 Df=-1.314 | g r=0.423 f=1.475 p=1.416(0.009) max=4.858 | Ld=-0.2961 base=-0.583 r1=0.281 path=0.00272 cap=0.0035 | Lg=+1.0924 | 4s | curv=+1.38 wide=+2.49 gfmed=1.444
  260 acq  m=1 hq=0.066 fail | Dr=-0.137/+0.242 |Dr|max=0.552 Df=-1.128 | g r=0.580 f=1.480 p=1.545(0.044) max=5.227 | Ld=-0.7040 base=-1.14 r1=0.429 path=5.67e-05 cap=0.00791 | Lg=+1.5274 | 4s | curv=+2.16 wide=+3.18 gfmed=1.324
  270 acq  m=1 hq=0.012 fail | Dr=+0.132/+0.889 |Dr|max=1.237 Df=-1.150 | g r=0.777 f=1.178 p=1.598(0.017) max=6.468 | Ld=+0.6430 base=-1.31 r1=1.87 path=0.0594 cap=0.0288 | Lg=+1.6936 | 4s | curv=+1.82 wide=+2.71 gfmed=0.986
  280 acq  m=1 hq=0.087 fail | Dr=+0.268/+2.284 |Dr|max=2.284 Df=-1.246 | g r=0.389 f=1.359 p=1.495(0.025) max=6.038 | Ld=-1.2577 base=-1.62 r1=0.343 path=0.000731 cap=0.0185 | Lg=+1.9402 | 4s | curv=+0.575 wide=+1.85 gfmed=1.283
  290 acq  m=1 hq=0.004 fail | Dr=+0.587/+3.831 |Dr|max=3.831 Df=-1.906 | g r=0.484 f=1.274 p=1.794(0.015) max=7.675 | Ld=-1.7884 base=-2.05 r1=0.235 path=0.0121 cap=0.0123 | Lg=+2.6804 | 4s | curv=+1.78 wide=+2.89 gfmed=1.243
  300 acq  m=5 hq=0.036 fail | Dr=+0.405/+2.257 |Dr|max=2.257 Df=-0.507 | g r=0.364 f=1.362 p=1.361(0.006) max=5.067 | Ld=+0.0023 base=-1.06 r1=0.227 path=0.781 cap=0.0526 | Lg=+1.5191 | 4s | curv=+1.87 wide=+2.62 gfmed=1.226
  310 acq  m=3 hq=0.087 fail | Dr=-0.374/+0.224 |Dr|max=1.228 Df=-1.325 | g r=0.407 f=1.296 p=1.248(0.009) max=4.445 | Ld=-0.3253 base=-0.839 r1=0.272 path=0.23 cap=0.0111 | Lg=+1.2650 | 4s | curv=+1.74 wide=+2.7 gfmed=1.127
  320 acq  m=5 hq=0.040 fail | Dr=-0.236/+0.303 |Dr|max=0.985 Df=-1.252 | g r=0.405 f=1.596 p=1.410(0.016) max=4.528 | Ld=-0.7239 base=-1.02 r1=0.27 path=0.00657 cap=0.0205 | Lg=+1.3919 | 5s | curv=+1.59 wide=+2.82 gfmed=1.516
  330 acq  m=2 hq=0.016 fail | Dr=+0.197/+0.619 |Dr|max=0.747 Df=-1.053 | g r=0.410 f=1.372 p=1.462(0.022) max=4.386 | Ld=-0.9732 base=-1.21 r1=0.173 path=0.000241 cap=0.0647 | Lg=+1.6083 | 5s | curv=+2.74 wide=+3.72 gfmed=1.226
  340 acq  m=7 hq=0.027 fail | Dr=+0.252/+0.747 |Dr|max=0.747 Df=-0.897 | g r=0.429 f=1.604 p=1.543(0.016) max=4.319 | Ld=-0.9629 base=-1.26 r1=0.216 path=0.000169 cap=0.0826 | Lg=+1.5477 | 5s | curv=+2.5 wide=+3.44 gfmed=1.570
  350 acq  m=6 hq=0.080 fail | Dr=-0.131/+0.971 |Dr|max=1.302 Df=-1.131 | g r=0.469 f=1.751 p=1.492(0.024) max=4.626 | Ld=-0.5597 base=-1.18 r1=0.385 path=0.172 cap=0.0627 | Lg=+1.7960 | 5s | curv=+0.318 wide=+1.5 gfmed=1.728
  360 acq  m=8 hq=0.056 fail | Dr=+0.423/+1.109 |Dr|max=1.109 Df=-0.729 | g r=0.332 f=1.667 p=1.499(0.007) max=4.486 | Ld=-0.9639 base=-1.18 r1=0.177 path=2.67e-05 cap=0.0351 | Lg=+1.5699 | 5s | curv=+1.99 wide=+3.08 gfmed=1.646
  370 acq  m=6 hq=0.024 fail | Dr=+0.231/+1.031 |Dr|max=1.031 Df=-0.834 | g r=0.458 f=1.623 p=1.408(0.006) max=4.356 | Ld=-0.7018 base=-0.957 r1=0.18 path=0.000718 cap=0.0751 | Lg=+1.3501 | 5s | curv=+3.43 wide=+4.07 gfmed=1.594
  380 acq  m=5 hq=0.030 fail | Dr=+0.196/+0.854 |Dr|max=0.854 Df=-0.907 | g r=0.321 f=1.519 p=1.463(0.022) max=4.103 | Ld=-0.7834 base=-1.06 r1=0.209 path=0.000109 cap=0.0695 | Lg=+1.4237 | 5s | curv=+2 wide=+2.81 gfmed=1.440
  390 acq  m=5 hq=0.045 fail | Dr=+0.281/+1.005 |Dr|max=1.005 Df=-0.636 | g r=0.334 f=1.517 p=1.336(0.014) max=4.164 | Ld=-0.4742 base=-0.764 r1=0.261 path=0.000516 cap=0.0283 | Lg=+1.3016 | 5s | curv=+2.93 wide=+3.5 gfmed=1.497
  400 acq  m=8 hq=0.162 fail | Dr=+0.124/+0.840 |Dr|max=1.134 Df=-0.660 | g r=0.337 f=1.857 p=1.538(0.015) max=4.286 | Ld=-0.7610 base=-0.988 r1=0.194 path=0.000699 cap=0.0326 | Lg=+1.6260 | 5s | curv=+2.97 wide=+3.81 gfmed=1.967
  410 acq  m=8 hq=0.117 fail | Dr=+0.022/+0.863 |Dr|max=0.863 Df=-0.656 | g r=0.310 f=1.422 p=1.357(0.017) max=3.926 | Ld=-0.4144 base=-0.652 r1=0.222 path=0.000449 cap=0.015 | Lg=+1.2023 | 6s | curv=+1.58 wide=+2.25 gfmed=1.406
  420 acq  m=4 hq=0.016 fail | Dr=+0.134/+0.660 |Dr|max=0.660 Df=-1.167 | g r=0.571 f=1.751 p=1.572(0.018) max=4.662 | Ld=-0.4884 base=-0.835 r1=0.252 path=0.0171 cap=0.0771 | Lg=+1.6612 | 6s | curv=+3.96 wide=+4.58 gfmed=1.740
  430 acq  m=8 hq=0.174 fail | Dr=+0.483/+1.150 |Dr|max=1.150 Df=-0.312 | g r=0.322 f=1.675 p=1.526(0.002) max=4.212 | Ld=-0.8985 base=-1.08 r1=0.127 path=0.000134 cap=0.0502 | Lg=+1.4818 | 6s | curv=+2.48 wide=+3.22 gfmed=1.664
  440 acq  m=8 hq=0.188 fail | Dr=+0.051/+0.678 |Dr|max=0.719 Df=-0.700 | g r=0.265 f=1.436 p=1.382(0.003) max=3.921 | Ld=-0.5124 base=-0.696 r1=0.162 path=0.000266 cap=0.0212 | Lg=+1.2443 | 6s | curv=+2.02 wide=+2.77 gfmed=1.441
  450 acq  m=8 hq=0.109 fail | Dr=+0.205/+1.071 |Dr|max=1.071 Df=-0.578 | g r=0.395 f=1.610 p=1.497(0.009) max=4.099 | Ld=-0.5605 base=-0.733 r1=0.166 path=0.00197 cap=0.00485 | Lg=+1.3969 | 6s | curv=+3.21 wide=+3.77 gfmed=1.571
  460 acq  m=7 hq=0.067 fail | Dr=+0.180/+1.031 |Dr|max=1.031 Df=-0.750 | g r=0.365 f=1.718 p=1.481(0.006) max=3.932 | Ld=-0.6214 base=-0.786 r1=0.134 path=0.00286 cap=0.0274 | Lg=+1.3221 | 6s | curv=+2.54 wide=+3.12 gfmed=1.807
  470 acq  m=4 hq=0.006 fail | Dr=+0.405/+0.949 |Dr|max=0.949 Df=-0.569 | g r=0.255 f=1.810 p=1.420(0.012) max=4.049 | Ld=-0.6229 base=-0.802 r1=0.131 path=0.000385 cap=0.0475 | Lg=+1.3216 | 6s | curv=+2.08 wide=+2.98 gfmed=1.951
  480 acq  m=8 hq=0.108 fail | Dr=+0.422/+0.986 |Dr|max=0.986 Df=-0.263 | g r=0.284 f=1.562 p=1.421(0.008) max=3.778 | Ld=-0.3970 base=-0.524 r1=0.11 path=0.00101 cap=0.0157 | Lg=+1.1490 | 6s | curv=+1.93 wide=+2.61 gfmed=1.566
  490 acq  m=8 hq=0.232 fail | Dr=+0.174/+0.827 |Dr|max=0.827 Df=-0.237 | g r=0.318 f=1.263 p=1.253(0.024) max=3.643 | Ld=-0.4836 base=-0.77 r1=0.217 path=0.00204 cap=0.0681 | Lg=+1.2744 | 6s | curv=+1.66 wide=+2.32 gfmed=1.219
  500 acq  m=6 hq=0.036 fail | Dr=+0.313/+1.305 |Dr|max=1.305 Df=-0.502 | g r=0.246 f=1.645 p=1.322(0.002) max=3.926 | Ld=-0.5418 base=-0.676 r1=0.103 path=0.000189 cap=0.0313 | Lg=+1.2838 | 7s | curv=+2.24 wide=+2.87 gfmed=1.648
  510 acq  m=6 hq=0.154 fail | Dr=+0.306/+1.524 |Dr|max=1.524 Df=-0.233 | g r=0.392 f=1.760 p=1.380(0.009) max=3.710 | Ld=-0.1609 base=-0.401 r1=0.213 path=0.00458 cap=0.0224 | Lg=+1.1067 | 7s | curv=+1.8 wide=+2.69 gfmed=1.963
  520 acq  m=3 hq=0.051 fail | Dr=+0.544/+1.241 |Dr|max=1.241 Df=-0.283 | g r=0.269 f=1.722 p=1.340(0.008) max=3.806 | Ld=-0.2673 base=-0.423 r1=0.154 path=0.00119 cap=0.000468 | Lg=+1.1206 | 7s | curv=+1.29 wide=+2.26 gfmed=1.886
  530 acq  m=7 hq=0.221 fail | Dr=+0.763/+1.700 |Dr|max=1.700 Df=+0.318 | g r=0.198 f=1.682 p=1.327(0.009) max=3.905 | Ld=-0.5809 base=-0.682 r1=0.0995 path=0.000354 cap=0.000906 | Lg=+1.3448 | 7s | curv=+1.55 wide=+2.47 gfmed=1.803
  540 acq  m=5 hq=0.048 fail | Dr=+0.665/+1.665 |Dr|max=1.665 Df=+0.054 | g r=0.238 f=1.917 p=1.416(0.007) max=3.873 | Ld=-0.4481 base=-0.586 r1=0.125 path=0.000534 cap=0.0123 | Lg=+1.2985 | 7s | curv=+1.63 wide=+2.58 gfmed=2.109
  550 acq  m=6 hq=0.227 fail | Dr=+0.388/+1.482 |Dr|max=1.482 Df=-0.120 | g r=0.212 f=1.667 p=1.379(0.006) max=3.809 | Ld=-0.3349 base=-0.424 r1=0.0876 path=0.00104 cap=0.000691 | Lg=+1.1216 | 7s | curv=+2.02 wide=+2.83 gfmed=1.790
  560 acq  m=4 hq=0.050 fail | Dr=+0.644/+1.861 |Dr|max=1.861 Df=-0.052 | g r=0.298 f=1.866 p=1.422(0.014) max=3.936 | Ld=-0.3032 base=-0.426 r1=0.109 path=0.000941 cap=0.0128 | Lg=+1.1865 | 7s | curv=+2.31 wide=+3.03 gfmed=1.914
  570 acq  m=7 hq=0.312 fail | Dr=+0.694/+1.927 |Dr|max=1.927 Df=+0.351 | g r=0.181 f=1.434 p=1.358(0.003) max=3.940 | Ld=-0.3788 base=-0.456 r1=0.0741 path=0.00105 cap=0.00165 | Lg=+1.2019 | 7s | curv=+1.81 wide=+2.53 gfmed=1.404
  580 acq  m=8 hq=0.244 fail | Dr=+0.470/+1.860 |Dr|max=1.860 Df=+0.112 | g r=0.243 f=1.312 p=1.293(0.002) max=3.786 | Ld=-0.5524 base=-0.734 r1=0.0968 path=7.47e-05 cap=0.0851 | Lg=+1.3639 | 8s | curv=+1.53 wide=+2.17 gfmed=1.213
  590 acq  m=7 hq=0.478 fail | Dr=+0.700/+2.588 |Dr|max=2.588 Df=+0.392 | g r=0.187 f=0.854 p=1.213(0.005) max=3.634 | Ld=-0.2314 base=-0.303 r1=0.0665 path=0.0048 cap=0.000164 | Lg=+1.2321 | 8s | curv=+1.49 wide=+1.99 gfmed=0.691
  600 acq  m=7 hq=0.448 fail | Dr=+0.529/+2.692 |Dr|max=2.692 Df=+0.211 | g r=0.250 f=1.187 p=1.361(0.012) max=3.993 | Ld=-0.1169 base=-0.286 r1=0.142 path=0.00482 cap=0.023 | Lg=+1.3143 | 8s | curv=+2.24 wide=+2.83 gfmed=1.009
  610 acq  m=8 hq=0.548 fail | Dr=+0.529/+2.896 |Dr|max=2.896 Df=+0.291 | g r=0.327 f=0.995 p=1.455(0.003) max=4.884 | Ld=-0.0889 base=-0.277 r1=0.146 path=0.0208 cap=0.0214 | Lg=+1.3563 | 8s | curv=+1.98 wide=+2.66 gfmed=0.630
  620 acq  m=7 hq=0.430 fail | Dr=+0.659/+3.355 |Dr|max=3.355 Df=+0.317 | g r=0.205 f=1.120 p=1.429(0.009) max=4.181 | Ld=-0.2314 base=-0.35 r1=0.111 path=0.00402 cap=0.00392 | Lg=+1.5224 | 8s | curv=+1.24 wide=+1.95 gfmed=0.837
  630 acq  m=8 hq=0.599 fail | Dr=+0.875/+4.041 |Dr|max=4.041 Df=+0.657 | g r=0.241 f=0.854 p=1.508(0.015) max=4.491 | Ld=-0.3024 base=-0.45 r1=0.117 path=0.0227 cap=0.00785 | Lg=+1.7207 | 8s | curv=+0.74 wide=+1.6 gfmed=0.381
  640 acq  m=8 hq=0.264 fail | Dr=+0.910/+4.317 |Dr|max=4.317 Df=+0.648 | g r=0.289 f=1.178 p=1.513(0.015) max=5.445 | Ld=-0.1992 base=-0.394 r1=0.137 path=0.0467 cap=0.0107 | Lg=+1.7088 | 8s | curv=+0.225 wide=+1 gfmed=1.080
  650 acq  m=8 hq=0.599 fail | Dr=+0.642/+3.841 |Dr|max=3.841 Df=+0.426 | g r=0.244 f=0.832 p=1.464(0.001) max=4.825 | Ld=-0.0765 base=-0.245 r1=0.155 path=0.00833 cap=0.00517 | Lg=+1.6177 | 8s | curv=+1.25 wide=+1.9 gfmed=0.346
  660 acq  m=8 hq=0.813 fail | Dr=+0.816/+4.160 |Dr|max=4.160 Df=+0.638 | g r=0.221 f=0.444 p=1.481(0.004) max=4.686 | Ld=-0.1457 base=-0.248 r1=0.0803 path=0.0212 cap=0.00116 | Lg=+1.6644 | 9s | curv=+1.34 wide=+2.01 gfmed=0.240
  670 acq  m=8 hq=0.848 fail | Dr=+1.018/+4.685 |Dr|max=4.685 Df=+0.844 | g r=0.197 f=0.362 p=1.458(0.006) max=5.206 | Ld=-0.1252 base=-0.199 r1=0.0661 path=0.00764 cap=0.000269 | Lg=+1.7358 | 9s | curv=+0.662 wide=+1.35 gfmed=0.209
  680 acq  m=8 hq=0.656 fail | Dr=+0.975/+5.034 |Dr|max=5.034 Df=+0.794 | g r=0.273 f=0.624 p=1.482(0.004) max=5.068 | Ld=-0.1012 base=-0.288 r1=0.157 path=0.0269 cap=0.00301 | Lg=+1.9238 | 9s | curv=+0.323 wide=+1.03 gfmed=0.316
  690 acq  m=8 hq=0.850 fail | Dr=+0.984/+5.298 |Dr|max=5.298 Df=+0.798 | g r=0.224 f=0.385 p=1.652(0.005) max=5.430 | Ld=-0.1880 base=-0.27 r1=0.0663 path=0.00593 cap=0.0101 | Lg=+1.9620 | 9s | curv=+1.03 wide=+1.62 gfmed=0.228
  700 acq  m=8 hq=0.870 fail | Dr=+1.213/+5.210 |Dr|max=5.210 Df=+1.023 | g r=0.232 f=0.363 p=1.619(0.008) max=5.860 | Ld=-0.0611 base=-0.144 r1=0.0575 path=0.0194 cap=0.00619 | Lg=+2.0002 | 9s | curv=+0.627 wide=+1.3 gfmed=0.246
  710 acq  m=8 hq=0.880 fail | Dr=+1.057/+5.306 |Dr|max=5.306 Df=+0.878 | g r=0.163 f=0.267 p=1.532(0.001) max=5.160 | Ld=-0.1484 base=-0.267 r1=0.0558 path=0.054 cap=0.00902 | Lg=+1.8609 | 9s | curv=+0.976 wide=+1.49 gfmed=0.160
  720 acq  m=8 hq=0.885 fail | Dr=+1.101/+5.636 |Dr|max=5.636 Df=+0.896 | g r=0.220 f=0.304 p=1.682(0.009) max=5.894 | Ld=-0.1603 base=-0.249 r1=0.0624 path=0.0216 cap=0.00517 | Lg=+2.0933 | 9s | curv=+0.944 wide=+1.54 gfmed=0.204
  730 acq  m=8 hq=0.832 fail | Dr=+1.277/+6.654 |Dr|max=6.654 Df=+1.049 | g r=0.225 f=0.336 p=1.912(0.011) max=6.589 | Ld=-0.4468 base=-0.52 r1=0.0487 path=0.00551 cap=0.0193 | Lg=+2.5194 | 10s | curv=+0.763 wide=+1.37 gfmed=0.224
  740 acq  m=8 hq=0.821 fail | Dr=+0.942/+6.307 |Dr|max=6.307 Df=+0.722 | g r=0.294 f=0.480 p=1.875(0.003) max=6.535 | Ld=-0.2516 base=-0.417 r1=0.117 path=0.0311 cap=0.018 | Lg=+2.4182 | 10s | curv=+0.571 wide=+1.32 gfmed=0.336
  750 acq  m=8 hq=0.880 fail | Dr=+0.913/+6.314 |Dr|max=6.314 Df=+0.678 | g r=0.281 f=0.371 p=1.806(0.022) max=6.333 | Ld=-0.2308 base=-0.342 r1=0.0941 path=0.0132 cap=0.00353 | Lg=+2.4333 | 10s | curv=+0.788 wide=+1.43 gfmed=0.264
  760 acq  m=8 hq=0.861 fail | Dr=+1.151/+6.970 |Dr|max=6.970 Df=+0.905 | g r=0.332 f=0.458 p=1.960(0.010) max=7.065 | Ld=-0.3272 base=-0.447 r1=0.0896 path=0.0126 cap=0.018 | Lg=+2.7062 | 10s | curv=+1.38 wide=+1.84 gfmed=0.357
  770 acq  m=8 hq=0.585 fail | Dr=+1.201/+5.526 |Dr|max=5.526 Df=+0.905 | g r=0.268 f=0.666 p=1.680(0.013) max=6.297 | Ld=-0.1340 base=-0.562 r1=0.0651 path=0.217 cap=0.146 | Lg=+2.4374 | 10s | curv=+0.818 wide=+1.32 gfmed=0.350
  780 acq  m=8 hq=0.519 fail | Dr=+1.114/+5.959 |Dr|max=5.959 Df=+0.767 | g r=0.280 f=0.824 p=1.807(0.001) max=7.471 | Ld=-0.1809 base=-0.305 r1=0.102 path=0.0155 cap=0.00665 | Lg=+2.2584 | 10s | curv=+0.626 wide=+1.29 gfmed=0.464
  790 acq  m=8 hq=0.707 fail | Dr=+1.378/+6.055 |Dr|max=6.055 Df=+1.167 | g r=0.225 f=0.543 p=1.795(0.002) max=7.798 | Ld=-0.1061 base=-0.258 r1=0.0695 path=0.0734 cap=0.00856 | Lg=+2.1093 | 10s | curv=+1.18 wide=+1.74 gfmed=0.302
  800 acq  m=7 hq=0.544 fail | Dr=+0.745/+3.644 |Dr|max=3.644 Df=+0.443 | g r=0.162 f=0.862 p=1.429(0.003) max=7.520 | Ld=-0.4613 base=-0.55 r1=0.0591 path=0.0256 cap=0.00352 | Lg=+1.7635 | 10s | curv=+0.919 wide=+1.52 gfmed=0.336
  810 acq  m=8 hq=0.887 fail | Dr=+0.882/+4.665 |Dr|max=4.665 Df=+0.699 | g r=0.152 f=0.264 p=1.471(0.003) max=7.336 | Ld=-0.1861 base=-0.271 r1=0.0454 path=0.00154 cap=0.0384 | Lg=+1.7668 | 11s | curv=+0.736 wide=+1.31 gfmed=0.136
  820 acq  m=8 hq=0.864 fail | Dr=+0.893/+5.808 |Dr|max=5.808 Df=+0.679 | g r=0.259 f=0.329 p=1.668(0.003) max=7.714 | Ld=-0.1579 base=-0.275 r1=0.0978 path=0.014 cap=0.00533 | Lg=+2.2504 | 11s | curv=+0.173 wide=+0.851 gfmed=0.211
  830 acq  m=8 hq=0.905 PASS | Dr=+1.094/+6.126 |Dr|max=6.126 Df=+0.872 | g r=0.276 f=0.352 p=1.703(0.016) max=7.279 | Ld=-0.0958 base=-0.239 r1=0.0692 path=0.0235 cap=0.0508 | Lg=+2.2322 | 11s | curv=+0.701 wide=+1.18 gfmed=0.243
  840 acq  m=8 hq=0.786 fail | Dr=+1.196/+6.341 |Dr|max=6.341 Df=+0.983 | g r=0.288 f=0.432 p=1.729(0.006) max=6.506 | Ld=-0.0736 base=-0.226 r1=0.109 path=0.0178 cap=0.0254 | Lg=+2.3536 | 11s | curv=+0.891 wide=+1.35 gfmed=0.307
  850 acq  m=8 hq=0.894 fail | Dr=+1.777/+7.557 |Dr|max=7.557 Df=+1.536 | g r=0.273 f=0.353 p=2.086(0.002) max=8.247 | Ld=-0.3159 base=-0.424 r1=0.0849 path=0.0176 cap=0.00546 | Lg=+2.7537 | 11s | curv=+0.64 wide=+1.19 gfmed=0.268
  860 acq  m=8 hq=0.871 fail | Dr=+1.235/+6.029 |Dr|max=6.029 Df=+1.013 | g r=0.271 f=0.343 p=1.793(0.005) max=5.815 | Ld=-0.1054 base=-0.237 r1=0.0955 path=0.0218 cap=0.0143 | Lg=+2.0432 | 11s | curv=+0.409 wide=+1.03 gfmed=0.279
  870 acq  m=8 hq=0.876 fail | Dr=+1.747/+6.495 |Dr|max=6.495 Df=+1.522 | g r=0.282 f=0.402 p=1.926(0.006) max=8.407 | Ld=-0.1935 base=-0.282 r1=0.0683 path=0.012 cap=0.00877 | Lg=+2.3149 | 11s | curv=+1.32 wide=+1.74 gfmed=0.295
  880 acq  m=8 hq=0.859 fail | Dr=+1.770/+5.916 |Dr|max=5.916 Df=+1.562 | g r=0.247 f=0.387 p=1.834(0.002) max=8.321 | Ld=-0.0044 base=-0.102 r1=0.0797 path=0.01 cap=0.0082 | Lg=+2.0341 | 11s | curv=+0.362 wide=+0.882 gfmed=0.305
  890 acq  m=8 hq=0.465 fail | Dr=+1.292/+4.441 |Dr|max=4.441 Df=+0.952 | g r=0.164 f=0.815 p=1.809(0.006) max=8.565 | Ld=-0.1776 base=-0.274 r1=0.0833 path=0.00881 cap=0.00448 | Lg=+1.8870 | 12s | curv=+0.892 wide=+1.45 gfmed=0.553
  900 acq  m=8 hq=0.391 fail | Dr=+0.747/+3.686 |Dr|max=3.948 Df=+0.426 | g r=0.212 f=0.980 p=1.735(0.005) max=7.805 | Ld=-0.2555 base=-0.384 r1=0.101 path=0.00854 cap=0.0188 | Lg=+1.9176 | 12s | curv=+1.57 wide=+2.04 gfmed=0.786
  910 acq  m=5 hq=0.128 fail | Dr=+0.844/+3.251 |Dr|max=3.262 Df=+0.230 | g r=0.203 f=1.715 p=1.760(0.002) max=7.934 | Ld=-0.2108 base=-0.302 r1=0.0565 path=0.0249 cap=0.00984 | Lg=+1.6567 | 12s | curv=+1.63 wide=+2.25 gfmed=2.115
  920 acq  m=6 hq=0.321 fail | Dr=+0.949/+3.146 |Dr|max=3.146 Df=+0.513 | g r=0.245 f=1.380 p=1.812(0.012) max=6.826 | Ld=-0.4158 base=-0.536 r1=0.0791 path=0.00609 cap=0.0345 | Lg=+1.7194 | 12s | curv=+2.06 wide=+2.66 gfmed=1.156
  930 acq  m=7 hq=0.374 fail | Dr=+0.631/+2.452 |Dr|max=2.545 Df=+0.149 | g r=0.157 f=1.182 p=1.672(0.007) max=6.295 | Ld=-0.1642 base=-0.238 r1=0.0555 path=0.00206 cap=0.0164 | Lg=+1.3503 | 12s | curv=+1.29 wide=+1.94 gfmed=1.079
  940 acq  m=8 hq=0.518 fail | Dr=+0.809/+2.708 |Dr|max=2.708 Df=+0.554 | g r=0.144 f=0.786 p=1.454(0.002) max=6.238 | Ld=-0.1760 base=-0.235 r1=0.0539 path=0.00198 cap=0.00269 | Lg=+1.2461 | 12s | curv=+0.561 wide=+1.17 gfmed=0.337
  950 acq  m=6 hq=0.293 fail | Dr=+0.956/+2.210 |Dr|max=2.210 Df=+0.660 | g r=0.233 f=1.392 p=1.554(0.018) max=5.067 | Ld=-0.2262 base=-0.326 r1=0.076 path=0.0115 cap=0.0122 | Lg=+1.1673 | 12s | curv=+0.913 wide=+1.61 gfmed=1.106
  960 acq  m=8 hq=0.820 fail | Dr=+0.553/+3.316 |Dr|max=3.316 Df=+0.447 | g r=0.120 f=0.329 p=1.332(0.000) max=5.297 | Ld=-0.1388 base=-0.173 r1=0.0269 path=0.00578 cap=0.00161 | Lg=+1.1440 | 12s | curv=+0.426 wide=+1.01 gfmed=0.125
  970 acq  m=8 hq=0.864 fail | Dr=+0.646/+2.168 |Dr|max=2.168 Df=+0.595 | g r=0.108 f=0.286 p=1.284(0.002) max=5.257 | Ld=-0.0138 base=-0.0438 r1=0.0275 path=0.000696 cap=0.00177 | Lg=+1.0116 | 13s | curv=+0.423 wide=+0.98 gfmed=0.112
  980 acq  m=8 hq=0.483 fail | Dr=+1.128/+2.231 |Dr|max=2.231 Df=+0.787 | g r=0.238 f=1.194 p=1.504(0.007) max=4.607 | Ld=-0.1308 base=-0.283 r1=0.108 path=0.0405 cap=0.00409 | Lg=+0.9910 | 13s | curv=+0.853 wide=+1.41 gfmed=0.823
  990 acq  m=4 hq=0.251 fail | Dr=+0.640/+1.580 |Dr|max=1.580 Df=+0.205 | g r=0.140 f=1.027 p=1.328(0.000) max=4.999 | Ld=-0.1632 base=-0.207 r1=0.0389 path=0.000825 cap=0.00389 | Lg=+1.0085 | 13s | curv=+1.02 wide=+1.5 gfmed=1.105
 1000 acq  m=7 hq=0.396 fail | Dr=+1.109/+1.976 |Dr|max=1.976 Df=+0.839 | g r=0.176 f=1.346 p=1.632(0.002) max=5.116 | Ld=-0.1402 base=-0.22 r1=0.0735 path=0.00166 cap=0.00499 | Lg=+1.0074 | 13s | curv=+0.953 wide=+1.56 gfmed=1.051
 1010 acq  m=4 hq=0.185 fail | Dr=+0.840/+1.915 |Dr|max=1.915 Df=+0.515 | g r=0.154 f=1.455 p=1.562(0.007) max=5.602 | Ld=-0.0445 base=-0.121 r1=0.0662 path=0.00829 cap=0.00189 | Lg=+0.9950 | 13s | curv=+1.54 wide=+2.02 gfmed=1.583
 1020 acq  m=8 hq=0.267 fail | Dr=+0.394/+1.251 |Dr|max=1.295 Df=-0.024 | g r=0.190 f=1.859 p=1.652(0.014) max=4.881 | Ld=-0.3702 base=-0.432 r1=0.0606 path=0.000587 cap=0.000438 | Lg=+1.1089 | 13s | curv=+1.48 wide=+2.13 gfmed=2.194
 1030 acq  m=8 hq=0.616 fail | Dr=+0.349/+1.344 |Dr|max=1.344 Df=+0.172 | g r=0.161 f=0.785 p=1.375(0.005) max=4.856 | Ld=-0.1187 base=-0.226 r1=0.0407 path=0.000958 cap=0.0658 | Lg=+0.9707 | 13s | curv=+1.01 wide=+1.48 gfmed=0.300
 1040 acq  m=8 hq=0.615 fail | Dr=+0.882/+2.157 |Dr|max=2.157 Df=+0.722 | g r=0.134 f=0.572 p=1.352(0.005) max=4.899 | Ld=-0.0434 base=-0.117 r1=0.0696 path=0.00143 cap=0.00282 | Lg=+0.9044 | 14s | curv=+0.666 wide=+1.19 gfmed=0.242
 1050 acq  m=8 hq=0.470 fail | Dr=+0.507/+1.650 |Dr|max=1.650 Df=+0.277 | g r=0.157 f=0.997 p=1.461(0.004) max=4.540 | Ld=-0.0318 base=-0.134 r1=0.0813 path=0.0174 cap=0.0039 | Lg=+0.9053 | 14s | curv=+1.13 wide=+1.81 gfmed=0.640
 1060 acq  m=8 hq=0.405 fail | Dr=+0.445/+1.209 |Dr|max=1.209 Df=+0.247 | g r=0.202 f=0.926 p=1.337(0.005) max=4.255 | Ld=-0.1333 base=-0.312 r1=0.104 path=0.00121 cap=0.0731 | Lg=+0.9464 | 14s | curv=+1.11 wide=+1.67 gfmed=0.698
 1070 acq  m=7 hq=0.505 fail | Dr=+0.520/+2.535 |Dr|max=2.535 Df=+0.275 | g r=0.166 f=0.572 p=1.313(0.003) max=4.442 | Ld=-0.2707 base=-0.351 r1=0.0376 path=0.00318 cap=0.0399 | Lg=+1.2849 | 14s | curv=+0.858 wide=+1.49 gfmed=0.283
 1080 acq  m=3 hq=0.250 fail | Dr=+0.666/+2.344 |Dr|max=2.344 Df=+0.320 | g r=0.186 f=1.251 p=1.316(0.014) max=4.147 | Ld=+0.0602 base=-0.184 r1=0.07 path=0.161 cap=0.0131 | Lg=+1.0392 | 14s | curv=+1.01 wide=+1.52 gfmed=1.469
 1090 acq  m=8 hq=0.445 fail | Dr=+0.620/+3.056 |Dr|max=3.056 Df=+0.319 | g r=0.165 f=0.985 p=1.419(0.012) max=4.744 | Ld=-0.3936 base=-0.453 r1=0.0556 path=0.00227 cap=0.00115 | Lg=+1.5435 | 14s | curv=+0.805 wide=+1.55 gfmed=0.668
 1100 acq  m=7 hq=0.442 fail | Dr=+0.827/+3.231 |Dr|max=3.231 Df=+0.379 | g r=0.192 f=1.028 p=1.475(0.007) max=4.280 | Ld=-0.1106 base=-0.175 r1=0.0575 path=0.00106 cap=0.00578 | Lg=+1.2112 | 14s | curv=+1.36 wide=+1.95 gfmed=0.668
 1110 acq  m=5 hq=0.413 fail | Dr=+0.859/+2.930 |Dr|max=2.930 Df=+0.333 | g r=0.233 f=0.793 p=1.512(0.018) max=4.946 | Ld=-0.1653 base=-0.242 r1=0.0702 path=0.00402 cap=0.0025 | Lg=+1.3185 | 14s | curv=+1.64 wide=+2.17 gfmed=0.556
 1120 acq  m=8 hq=0.590 fail | Dr=+1.140/+3.002 |Dr|max=3.002 Df=+0.832 | g r=0.234 f=0.940 p=1.505(0.011) max=4.617 | Ld=-0.3420 base=-0.487 r1=0.0985 path=0.00164 cap=0.0446 | Lg=+1.4348 | 15s | curv=+1.84 wide=+2.39 gfmed=0.491
 1130 acq  m=7 hq=0.443 fail | Dr=+1.104/+2.957 |Dr|max=2.957 Df=+0.723 | g r=0.209 f=1.076 p=1.525(0.005) max=4.842 | Ld=-0.2936 base=-0.396 r1=0.0784 path=0.00132 cap=0.0223 | Lg=+1.4116 | 15s | curv=+1.31 wide=+1.85 gfmed=0.672
 1140 acq  m=7 hq=0.532 fail | Dr=+1.022/+3.283 |Dr|max=3.283 Df=+0.630 | g r=0.165 f=0.784 p=1.486(0.004) max=5.418 | Ld=-0.2150 base=-0.262 r1=0.0444 path=0.000844 cap=0.00173 | Lg=+1.3047 | 15s | curv=+0.946 wide=+1.58 gfmed=0.332
 1150 acq  m=7 hq=0.436 fail | Dr=+0.727/+2.650 |Dr|max=2.650 Df=+0.243 | g r=0.175 f=1.132 p=1.527(0.009) max=4.797 | Ld=-0.2847 base=-0.409 r1=0.0762 path=0.0174 cap=0.0308 | Lg=+1.2535 | 15s | curv=+1.34 wide=+2.05 gfmed=0.720
 1160 acq  m=5 hq=0.377 fail | Dr=+0.600/+2.189 |Dr|max=2.189 Df=+0.189 | g r=0.176 f=1.007 p=1.450(0.005) max=4.151 | Ld=-0.1249 base=-0.202 r1=0.0619 path=0.0145 cap=0.000979 | Lg=+1.1758 | 15s | curv=+1.25 wide=+1.88 gfmed=0.869
 1170 acq  m=5 hq=0.382 fail | Dr=+1.066/+2.890 |Dr|max=2.890 Df=+0.625 | g r=0.161 f=0.929 p=1.461(0.006) max=4.320 | Ld=-0.2297 base=-0.274 r1=0.0399 path=0.00372 cap=0.000387 | Lg=+1.2361 | 15s | curv=+1.05 wide=+1.7 gfmed=0.563
 1180 acq  m=8 hq=0.860 fail | Dr=+0.654/+3.237 |Dr|max=3.237 Df=+0.521 | g r=0.248 f=0.425 p=1.357(0.017) max=5.141 | Ld=-0.0718 base=-0.156 r1=0.076 path=0.00384 cap=0.00472 | Lg=+1.3122 | 15s | curv=+1.44 wide=+1.94 gfmed=0.284
 1190 acq  m=8 hq=0.874 fail | Dr=+0.967/+4.154 |Dr|max=4.154 Df=+0.836 | g r=0.187 f=0.298 p=1.329(0.007) max=4.644 | Ld=-0.0631 base=-0.161 r1=0.084 path=0.00829 cap=0.00558 | Lg=+1.4740 | 15s | curv=-0.294 wide=+0.347 gfmed=0.195
 1200 acq  m=8 hq=0.879 fail | Dr=+0.812/+4.773 |Dr|max=4.773 Df=+0.674 | g r=0.177 f=0.254 p=1.548(0.005) max=6.478 | Ld=-0.1280 base=-0.181 r1=0.0435 path=0.00827 cap=0.00103 | Lg=+1.9479 | 16s | curv=+0.138 wide=+0.589 gfmed=0.193
 1210 hold m=7 hq=0.377 fail | Dr=+1.151/+5.843 |Dr|max=5.843 Df=+0.681 | g r=0.191 f=1.061 p=1.780(0.010) max=6.227 | Ld=-0.4390 base=-0.517 r1=0.0722 path=0.00537 cap=0.000611 | Lg=+2.0559 | 16s | curv=+1.08 wide=+1.69 gfmed=0.531
 1220 hold m=8 hq=0.604 fail | Dr=+1.200/+4.019 |Dr|max=4.019 Df=+0.984 | g r=0.204 f=0.814 p=1.562(0.009) max=6.302 | Ld=-0.1813 base=-0.336 r1=0.0709 path=0.00285 cap=0.0806 | Lg=+1.6038 | 16s | curv=+1.1 wide=+1.61 gfmed=0.383
 1230 hold m=8 hq=0.718 fail | Dr=+1.518/+4.405 |Dr|max=4.405 Df=+1.409 | g r=0.207 f=0.571 p=1.555(0.006) max=5.285 | Ld=+0.1293 base=-0.0626 r1=0.0714 path=0.00481 cap=0.116 | Lg=+1.4030 | 16s | curv=+1.22 wide=+1.71 gfmed=0.274
 1240 hold m=8 hq=0.900 fail | Dr=+1.481/+5.975 |Dr|max=5.975 Df=+1.380 | g r=0.136 f=0.240 p=1.606(0.005) max=6.011 | Ld=-0.1367 base=-0.187 r1=0.0411 path=0.00377 cap=0.00573 | Lg=+1.8241 | 16s | curv=+0.848 wide=+1.39 gfmed=0.126
 1250 hold m=8 hq=0.895 fail | Dr=+1.227/+7.137 |Dr|max=7.137 Df=+1.107 | g r=0.280 f=0.371 p=1.786(0.010) max=7.055 | Ld=-0.2009 base=-0.26 r1=0.0514 path=0.00681 cap=0.000523 | Lg=+2.2953 | 16s | curv=-0.279 wide=+0.388 gfmed=0.283
 1260 hold m=8 hq=0.913 PASS | Dr=+1.028/+6.523 |Dr|max=6.523 Df=+0.918 | g r=0.187 f=0.242 p=1.734(0.003) max=6.957 | Ld=-0.2772 base=-0.361 r1=0.0734 path=0.0104 cap=8.68e-06 | Lg=+2.3298 | 16s | curv=-0.0407 wide=+0.604 gfmed=0.141
 1270 hold m=8 hq=0.935 PASS | Dr=+0.733/+6.699 |Dr|max=6.699 Df=+0.639 | g r=0.154 f=0.203 p=1.683(0.002) max=7.471 | Ld=-0.0761 base=-0.174 r1=0.0785 path=0.00958 cap=0.00938 | Lg=+2.4658 | 16s | curv=+0.525 wide=+0.97 gfmed=0.142
 1280 hold m=8 hq=0.925 PASS | Dr=+0.830/+7.370 |Dr|max=7.370 Df=+0.724 | g r=0.246 f=0.288 p=1.877(0.004) max=7.986 | Ld=+0.0919 base=-0.124 r1=0.0822 path=0.0248 cap=0.109 | Lg=+2.6432 | 17s | curv=+0.646 wide=+1.08 gfmed=0.224
 1290 hold m=8 hq=0.881 fail | Dr=+0.989/+7.754 |Dr|max=7.754 Df=+0.867 | g r=0.177 f=0.230 p=1.950(0.005) max=8.242 | Ld=-0.2344 base=-0.303 r1=0.0215 path=0.0113 cap=0.0354 | Lg=+2.8441 | 17s | curv=+0.366 wide=+0.818 gfmed=0.173
 1300 hold m=8 hq=0.911 PASS | Dr=+1.055/+7.339 |Dr|max=7.339 Df=+0.960 | g r=0.249 f=0.341 p=1.842(0.004) max=7.351 | Ld=-0.0265 base=-0.151 r1=0.0851 path=0.0277 cap=0.0117 | Lg=+2.6654 | 17s | curv=+0.641 wide=+1.04 gfmed=0.260
 1310 hold m=8 hq=0.905 PASS | Dr=+0.946/+7.044 |Dr|max=7.044 Df=+0.794 | g r=0.178 f=0.199 p=1.818(0.016) max=7.452 | Ld=-0.3037 base=-0.344 r1=0.0276 path=0.00704 cap=0.00519 | Lg=+2.5525 | 17s | curv=+0.173 wide=+0.608 gfmed=0.127
 1320 hold m=8 hq=0.942 PASS | Dr=+0.581/+5.505 |Dr|max=5.505 Df=+0.454 | g r=0.125 f=0.147 p=1.615(0.001) max=6.697 | Ld=-0.1489 base=-0.194 r1=0.0399 path=0.00501 | Lg=+2.2084 | 17s | curv=-0.0102 wide=+0.474 gfmed=0.090
 1330 hold m=8 hq=0.872 fail | Dr=+0.897/+7.830 |Dr|max=7.830 Df=+0.791 | g r=0.314 f=0.444 p=2.045(0.011) max=8.633 | Ld=-0.3619 base=-0.458 r1=0.0379 path=0.0339 cap=0.0241 | Lg=+3.0347 | 17s | curv=-1.02 wide=-0.529 gfmed=0.315
 1340 hold m=8 hq=0.949 PASS | Dr=+0.748/+6.280 |Dr|max=6.280 Df=+0.632 | g r=0.128 f=0.150 p=1.577(0.002) max=6.855 | Ld=-0.1136 base=-0.19 r1=0.0652 path=0.00979 cap=0.00189 | Lg=+2.3036 | 17s | curv=+0.273 wide=+0.618 gfmed=0.107
 1350 hold m=8 hq=0.935 PASS | Dr=+0.672/+5.356 |Dr|max=5.356 Df=+0.571 | g r=0.185 f=0.221 p=1.510(0.007) max=6.059 | Ld=-0.0256 base=-0.11 r1=0.0475 path=0.0168 cap=0.02 | Lg=+2.1661 | 18s | curv=+0.0174 wide=+0.428 gfmed=0.178
 1360 hold m=8 hq=0.934 PASS | Dr=+1.083/+6.823 |Dr|max=6.823 Df=+0.970 | g r=0.155 f=0.197 p=1.654(0.002) max=7.047 | Ld=-0.1501 base=-0.241 r1=0.0684 path=0.00893 cap=0.0141 | Lg=+2.3256 | 18s | curv=+0.469 wide=+0.872 gfmed=0.150
 1370 hold m=8 hq=0.918 PASS | Dr=+0.402/+6.453 |Dr|max=6.453 Df=+0.279 | g r=0.142 f=0.186 p=1.733(0.004) max=7.535 | Ld=-0.2222 base=-0.29 r1=0.0222 path=0.031 cap=0.0147 | Lg=+2.6536 | 18s | curv=+0.432 wide=+0.757 gfmed=0.104
 1380 hold m=8 hq=0.897 fail | Dr=+0.019/+7.019 |Dr|max=7.416 Df=-0.112 | g r=0.244 f=0.291 p=2.025(0.011) max=9.035 | Ld=-0.1670 base=-0.28 r1=0.0486 path=0.043 cap=0.0213 | Lg=+3.0761 | 18s | curv=-0.112 wide=+0.294 gfmed=0.211
 1390 hold m=8 hq=0.928 PASS | Dr=+0.352/+6.490 |Dr|max=6.490 Df=+0.241 | g r=0.206 f=0.258 p=1.866(0.008) max=8.377 | Ld=-0.0624 base=-0.132 r1=0.0581 path=0.00557 cap=0.00557 | Lg=+2.7326 | 18s | curv=+0.682 wide=+1 gfmed=0.187
 1400 hold m=8 hq=0.907 PASS | Dr=+0.380/+7.206 |Dr|max=7.206 Df=+0.275 | g r=0.245 f=0.303 p=2.013(0.006) max=8.922 | Ld=-0.0432 base=-0.135 r1=0.0529 path=0.0268 cap=0.0124 | Lg=+2.8225 | 18s | curv=+0.937 wide=+1.28 gfmed=0.220
 1410 hold m=8 hq=0.902 PASS | Dr=+1.324/+3.952 |Dr|max=3.952 Df=+1.338 | g r=0.097 f=0.201 p=1.286(0.003) max=5.132 | Ld=+0.0046 base=-0.0284 r1=0.0309 path=0.00103 cap=0.00108 | Lg=+1.2690 | 18s | curv=+0.381 wide=+0.699 gfmed=0.092
 1420 hold m=8 hq=0.917 PASS | Dr=+1.008/+3.858 |Dr|max=3.858 Df=+0.971 | g r=0.102 f=0.169 p=1.218(0.002) max=5.145 | Ld=-0.0593 base=-0.124 r1=0.06 path=0.0016 cap=0.00308 | Lg=+1.1821 | 18s | curv=+0.31 wide=+0.685 gfmed=0.095
 1430 hold m=8 hq=0.904 PASS | Dr=+0.746/+2.284 |Dr|max=2.284 Df=+0.690 | g r=0.116 f=0.158 p=1.222(0.001) max=5.203 | Ld=-0.0123 base=-0.0476 r1=0.0208 path=0.0145 | Lg=+1.0093 | 19s | curv=+0.421 wide=+0.834 gfmed=0.085
 1440 hold m=8 hq=0.927 PASS | Dr=+1.323/+3.081 |Dr|max=3.081 Df=+1.268 | g r=0.120 f=0.176 p=1.186(0.006) max=4.560 | Ld=+0.0137 base=-0.0511 r1=0.0498 path=0.0141 cap=0.000987 | Lg=+1.0163 | 19s | curv=+0.207 wide=+0.578 gfmed=0.113
 1450 hold m=8 hq=0.938 PASS | Dr=+1.155/+4.512 |Dr|max=4.512 Df=+0.997 | g r=0.185 f=0.246 p=1.346(0.006) max=6.051 | Ld=-0.1219 base=-0.159 r1=0.0345 path=0.00186 cap=0.000311 | Lg=+1.2708 | 19s | curv=-0.16 wide=+0.196 gfmed=0.182
 1460 hold m=8 hq=0.913 PASS | Dr=+1.231/+5.228 |Dr|max=5.228 Df=+1.141 | g r=0.130 f=0.187 p=1.468(0.006) max=7.117 | Ld=-0.2329 base=-0.264 r1=0.0168 path=0.00346 cap=0.0111 | Lg=+1.6402 | 19s | curv=+0.32 wide=+0.728 gfmed=0.130
 1470 hold m=8 hq=0.872 fail | Dr=+0.700/+5.297 |Dr|max=5.297 Df=+0.624 | g r=0.099 f=0.170 p=1.342(0.003) max=6.561 | Ld=-0.0929 base=-0.114 r1=0.0184 path=0.00267 cap=2.2e-07 | Lg=+1.6316 | 19s | curv=+0.367 wide=+0.7 gfmed=0.106
 1480 hold m=8 hq=0.927 PASS | Dr=+0.862/+6.676 |Dr|max=6.676 Df=+0.798 | g r=0.193 f=0.262 p=1.571(0.014) max=6.699 | Ld=+0.0581 base=-0.12 r1=0.0349 path=0.0999 cap=0.0432 | Lg=+1.9672 | 19s | curv=-0.0481 wide=+0.369 gfmed=0.187
 1490 hold m=8 hq=0.947 PASS | Dr=+0.645/+6.482 |Dr|max=6.482 Df=+0.564 | g r=0.195 f=0.199 p=1.626(0.004) max=7.552 | Ld=+0.0227 base=-0.0574 r1=0.0613 path=0.0104 cap=0.00831 | Lg=+2.2092 | 19s | curv=+0.462 wide=+0.828 gfmed=0.147
 1500 hold m=8 hq=0.940 PASS | Dr=+1.271/+6.224 |Dr|max=6.224 Df=+1.198 | g r=0.163 f=0.186 p=1.523(0.005) max=6.619 | Ld=-0.0251 base=-0.131 r1=0.0472 path=0.04 cap=0.0189 | Lg=+1.8917 | 19s | curv=+0.37 wide=+0.676 gfmed=0.144
 1510 hold m=8 hq=0.948 PASS | Dr=+0.572/+7.348 |Dr|max=7.348 Df=+0.508 | g r=0.265 f=0.286 p=1.870(0.008) max=8.594 | Ld=-0.0758 base=-0.155 r1=0.0542 path=0.0101 cap=0.015 | Lg=+2.5025 | 20s | curv=+0.0102 wide=+0.494 gfmed=0.257
 1520 hold m=8 hq=0.916 PASS | Dr=+1.148/+6.797 |Dr|max=6.797 Df=+1.113 | g r=0.161 f=0.220 p=1.622(0.003) max=7.108 | Ld=-0.1066 base=-0.198 r1=0.0554 path=0.0242 cap=0.0118 | Lg=+2.0988 | 20s | curv=+0.433 wide=+0.802 gfmed=0.122
 1530 hold m=8 hq=0.619 fail | Dr=+0.499/+3.199 |Dr|max=3.199 Df=+0.490 | g r=0.151 f=0.672 p=1.144(0.002) max=4.689 | Ld=-0.1261 base=-0.191 r1=0.0501 path=0.0131 cap=0.00138 | Lg=+1.2601 | 20s | curv=+1.03 wide=+1.42 gfmed=0.278
 1540 hold m=7 hq=0.560 fail | Dr=+0.748/+1.366 |Dr|max=1.366 Df=+0.686 | g r=0.185 f=0.623 p=1.154(0.005) max=4.636 | Ld=-0.2019 base=-0.258 r1=0.0549 path=0.00124 cap=6.5e-05 | Lg=+1.0004 | 20s | curv=+1.02 wide=+1.55 gfmed=0.260
 1550 hold m=8 hq=0.686 fail | Dr=+0.112/+1.418 |Dr|max=1.418 Df=-0.008 | g r=0.177 f=0.549 p=1.102(0.007) max=4.111 | Ld=-0.0983 base=-0.398 r1=0.0553 path=0.0827 cap=0.162 | Lg=+0.9539 | 20s | curv=+1.3 wide=+1.7 gfmed=0.219
 1560 hold m=8 hq=0.560 fail | Dr=+1.017/+3.584 |Dr|max=3.584 Df=+0.739 | g r=0.277 f=1.158 p=1.570(0.001) max=6.266 | Ld=+0.2647 base=-0.231 r1=0.0833 path=0.00277 cap=0.41 | Lg=+1.1482 | 20s | curv=+1.72 wide=+2.18 gfmed=0.456
 1570 hold m=8 hq=0.548 fail | Dr=+1.277/+3.760 |Dr|max=3.760 Df=+1.014 | g r=0.131 f=0.587 p=1.185(0.004) max=4.970 | Ld=-0.2000 base=-0.25 r1=0.0492 path=0.000964 | Lg=+1.0928 | 20s | curv=+0.843 wide=+1.29 gfmed=0.148
 1580 hold m=7 hq=0.548 fail | Dr=+1.843/+4.225 |Dr|max=4.225 Df=+1.538 | g r=0.168 f=0.849 p=1.400(0.006) max=6.273 | Ld=-0.4077 base=-0.47 r1=0.054 path=0.00514 cap=0.00362 | Lg=+1.5169 | 21s | curv=+0.791 wide=+1.29 gfmed=0.402
 1590 hold m=8 hq=0.393 fail | Dr=+1.803/+4.354 |Dr|max=4.354 Df=+1.514 | g r=0.209 f=0.951 p=1.384(0.005) max=6.120 | Ld=-0.0492 base=-0.166 r1=0.084 path=0.0236 cap=0.0093 | Lg=+1.3330 | 21s | curv=+1.43 wide=+1.8 gfmed=0.481
 1600 hold m=8 hq=0.616 fail | Dr=+1.833/+4.897 |Dr|max=4.897 Df=+1.576 | g r=0.225 f=0.771 p=1.351(0.003) max=5.513 | Ld=-0.0872 base=-0.209 r1=0.0649 path=0.00146 cap=0.0557 | Lg=+1.3260 | 21s | curv=+0.342 wide=+0.822 gfmed=0.327
 1610 hold m=8 hq=0.764 fail | Dr=+1.672/+4.449 |Dr|max=4.449 Df=+1.466 | g r=0.184 f=0.612 p=1.498(0.006) max=5.611 | Ld=-0.3088 base=-0.362 r1=0.044 path=0.00155 cap=0.0077 | Lg=+1.3963 | 21s | curv=+1.02 wide=+1.48 gfmed=0.191
 1620 hold m=8 hq=0.699 fail | Dr=+1.641/+5.039 |Dr|max=5.039 Df=+1.462 | g r=0.145 f=0.523 p=1.316(0.005) max=5.453 | Ld=-0.0506 base=-0.0931 r1=0.0403 path=0.000833 cap=0.00136 | Lg=+1.2571 | 21s | curv=+0.33 wide=+0.72 gfmed=0.152
 1630 hold m=8 hq=0.521 fail | Dr=+1.902/+5.120 |Dr|max=5.120 Df=+1.618 | g r=0.222 f=0.919 p=1.363(0.003) max=5.096 | Ld=-0.2167 base=-0.296 r1=0.0775 path=0.000404 cap=0.00129 | Lg=+1.4066 | 21s | curv=+0.119 wide=+0.529 gfmed=0.363
 1640 hold m=8 hq=0.591 fail | Dr=+1.579/+4.596 |Dr|max=4.596 Df=+1.381 | g r=0.150 f=0.845 p=1.311(0.003) max=4.876 | Ld=-0.1834 base=-0.336 r1=0.0964 path=0.000983 cap=0.0554 | Lg=+1.3190 | 21s | curv=+1.17 wide=+1.58 gfmed=0.215
 1650 hold m=8 hq=0.815 fail | Dr=+1.054/+3.561 |Dr|max=3.561 Df=+0.935 | g r=0.119 f=0.292 p=1.160(0.003) max=4.284 | Ld=-0.0263 base=-0.0691 r1=0.0343 path=0.00584 cap=0.00274 | Lg=+1.0340 | 21s | curv=+0.776 wide=+1.15 gfmed=0.120
 1660 hold m=8 hq=0.850 fail | Dr=+1.418/+5.119 |Dr|max=5.119 Df=+1.266 | g r=0.148 f=0.254 p=1.311(0.001) max=5.872 | Ld=-0.0683 base=-0.101 r1=0.0265 path=0.00641 cap=1.33e-06 | Lg=+1.3127 | 22s | curv=+0.863 wide=+1.26 gfmed=0.144
 1670 hold m=8 hq=0.888 fail | Dr=+1.417/+6.049 |Dr|max=6.049 Df=+1.246 | g r=0.217 f=0.270 p=1.416(0.013) max=6.389 | Ld=-0.1086 base=-0.168 r1=0.0447 path=0.00996 cap=0.00426 | Lg=+1.6769 | 22s | curv=-0.267 wide=+0.231 gfmed=0.221
 1680 hold m=8 hq=0.492 fail | Dr=+1.241/+5.447 |Dr|max=5.447 Df=+0.882 | g r=0.155 f=0.677 p=1.517(0.009) max=6.659 | Ld=-0.2357 base=-0.293 r1=0.0333 path=0.00991 cap=0.0141 | Lg=+1.5925 | 22s | curv=+0.586 wide=+0.989 gfmed=0.416
 1690 hold m=8 hq=0.555 fail | Dr=+0.393/+1.702 |Dr|max=1.702 Df=+0.227 | g r=0.133 f=0.654 p=1.295(0.002) max=4.809 | Ld=-0.0913 base=-0.129 r1=0.033 path=0.00419 cap=6.79e-05 | Lg=+0.9243 | 22s | curv=+1.08 wide=+1.49 gfmed=0.311
 1700 hold m=6 hq=0.343 fail | Dr=+0.438/+1.771 |Dr|max=1.771 Df=+0.086 | g r=0.134 f=1.128 p=1.344(0.002) max=4.761 | Ld=-0.1557 base=-0.193 r1=0.0326 path=0.00127 cap=0.00388 | Lg=+0.9858 | 22s | curv=+1.17 wide=+1.62 gfmed=1.145
 1710 hold m=7 hq=0.417 fail | Dr=+0.351/+1.674 |Dr|max=1.674 Df=+0.044 | g r=0.164 f=1.181 p=1.343(0.001) max=4.193 | Ld=-0.1773 base=-0.249 r1=0.0387 path=0.000943 cap=0.0326 | Lg=+0.9142 | 22s | curv=+1.34 wide=+1.73 gfmed=1.013
 1720 hold m=6 hq=0.421 fail | Dr=+0.510/+2.379 |Dr|max=2.379 Df=+0.049 | g r=0.177 f=1.083 p=1.358(0.005) max=4.094 | Ld=-0.1949 base=-0.249 r1=0.0393 path=0.00193 cap=0.0128 | Lg=+1.0537 | 22s | curv=+1.35 wide=+1.85 gfmed=0.718
 1730 hold m=8 hq=0.869 fail | Dr=+0.654/+3.008 |Dr|max=3.008 Df=+0.569 | g r=0.118 f=0.298 p=1.222(0.005) max=4.110 | Ld=-0.0015 base=-0.0304 r1=0.0253 path=0.00161 cap=0.00195 | Lg=+1.0015 | 22s | curv=+0.684 wide=+1.21 gfmed=0.096
 1740 hold m=8 hq=0.887 fail | Dr=+0.702/+3.471 |Dr|max=3.471 Df=+0.636 | g r=0.177 f=0.279 p=1.277(0.000) max=4.691 | Ld=-0.0191 base=-0.0742 r1=0.0535 path=0.00151 cap=7.49e-05 | Lg=+1.3904 | 23s | curv=+0.972 wide=+1.37 gfmed=0.170
 1750 hold m=8 hq=0.909 PASS | Dr=+0.607/+2.826 |Dr|max=2.826 Df=+0.508 | g r=0.099 f=0.178 p=1.058(0.002) max=3.957 | Ld=+0.0361 base=0.0133 r1=0.0206 path=0.00126 cap=0.000956 | Lg=+1.0314 | 23s | curv=+0.405 wide=+0.836 gfmed=0.096
 1760 hold m=8 hq=0.930 PASS | Dr=+0.714/+4.019 |Dr|max=4.019 Df=+0.587 | g r=0.152 f=0.191 p=1.198(0.007) max=4.645 | Ld=-0.0884 base=-0.126 r1=0.0317 path=0.00554 | Lg=+1.4018 | 23s | curv=+0.16 wide=+0.578 gfmed=0.133
 1770 hold m=8 hq=0.917 PASS | Dr=+0.869/+3.488 |Dr|max=3.488 Df=+0.773 | g r=0.112 f=0.153 p=1.201(0.002) max=5.221 | Ld=-0.0075 base=-0.0442 r1=0.0216 path=0.00995 cap=0.00515 | Lg=+1.3483 | 23s | curv=-0.0816 wide=+0.346 gfmed=0.113
 1780 hold m=8 hq=0.916 PASS | Dr=+0.852/+3.857 |Dr|max=3.857 Df=+0.784 | g r=0.142 f=0.177 p=1.233(0.003) max=5.164 | Ld=-0.0385 base=-0.115 r1=0.0671 path=0.00853 cap=0.000328 | Lg=+1.4717 | 23s | curv=-0.139 wide=+0.289 gfmed=0.132
 1790 hold m=8 hq=0.833 fail | Dr=+0.714/+2.833 |Dr|max=2.833 Df=+0.651 | g r=0.230 f=0.334 p=1.243(0.018) max=4.384 | Ld=+0.0945 base=-0.00817 r1=0.09 path=0.0112 cap=0.00156 | Lg=+1.1565 | 23s | curv=+0.472 wide=+0.956 gfmed=0.255
 1800 hold m=8 hq=0.957 PASS | Dr=+1.163/+2.796 |Dr|max=2.796 Df=+1.082 | g r=0.088 f=0.109 p=1.084(0.005) max=4.513 | Ld=-0.0057 base=-0.0275 r1=0.0179 path=0.00388 cap=6.92e-05 | Lg=+0.9806 | 23s | curv=+0.408 wide=+0.752 gfmed=0.066
 1810 hold m=8 hq=0.962 PASS | Dr=+0.563/+2.056 |Dr|max=2.056 Df=+0.486 | g r=0.097 f=0.123 p=1.012(0.004) max=4.410 | Ld=+0.0595 base=0.0359 r1=0.0162 path=0.00741 cap=6.74e-09 | Lg=+0.9256 | 23s | curv=+0.57 wide=+0.883 gfmed=0.086
 1820 hold m=8 hq=0.949 PASS | Dr=+0.532/+3.653 |Dr|max=3.653 Df=+0.501 | g r=0.149 f=0.155 p=1.211(0.007) max=6.027 | Ld=+0.0587 base=-0.00595 r1=0.0601 path=0.00309 cap=0.00146 | Lg=+1.4182 | 24s | curv=+0.655 wide=+0.851 gfmed=0.112
 1830 hold m=8 hq=0.942 PASS | Dr=+0.777/+3.286 |Dr|max=3.286 Df=+0.673 | g r=0.198 f=0.215 p=1.224(0.013) max=6.736 | Ld=-0.0770 base=-0.112 r1=0.028 path=0.00645 cap=0.000388 | Lg=+1.4626 | 24s | curv=-0.0777 wide=+0.322 gfmed=0.180
 1840 hold m=8 hq=0.950 PASS | Dr=+0.557/+4.199 |Dr|max=4.199 Df=+0.465 | g r=0.293 f=0.317 p=1.375(0.009) max=6.108 | Ld=+0.2470 base=0.0569 r1=0.148 path=0.0332 cap=0.00865 | Lg=+1.5745 | 24s | curv=+0.479 wide=+0.802 gfmed=0.305
 1850 hold m=8 hq=0.943 PASS | Dr=+0.622/+2.723 |Dr|max=2.723 Df=+0.576 | g r=0.097 f=0.131 p=1.152(0.004) max=5.920 | Ld=+0.0309 base=0.0126 r1=0.0152 path=0.00301 cap=2.44e-05 | Lg=+1.1778 | 24s | curv=+0.0828 wide=+0.416 gfmed=0.094
 1860 hold m=8 hq=0.955 PASS | Dr=+1.154/+4.596 |Dr|max=4.596 Df=+1.109 | g r=0.140 f=0.164 p=1.253(0.003) max=5.865 | Ld=-0.0681 base=-0.103 r1=0.034 path=0.001 cap=1.13e-05 | Lg=+1.4589 | 24s | curv=-0.122 wide=+0.256 gfmed=0.114
 1870 hold m=8 hq=0.969 PASS | Dr=+0.706/+2.234 |Dr|max=2.234 Df=+0.647 | g r=0.074 f=0.089 p=0.975(0.002) max=4.843 | Ld=+0.0812 base=0.0654 r1=0.0105 path=0.000846 cap=0.00446 | Lg=+0.9684 | 24s | curv=+0.183 wide=+0.467 gfmed=0.062
 1880 hold m=8 hq=0.951 PASS | Dr=+0.763/+4.614 |Dr|max=4.614 Df=+0.710 | g r=0.148 f=0.170 p=1.279(0.006) max=6.484 | Ld=-0.0803 base=-0.15 r1=0.0411 path=0.00144 cap=0.0275 | Lg=+1.7645 | 24s | curv=+0.116 wide=+0.378 gfmed=0.142
 1890 hold m=8 hq=0.955 PASS | Dr=+0.941/+4.193 |Dr|max=4.193 Df=+0.868 | g r=0.064 f=0.077 p=1.091(0.001) max=5.465 | Ld=-0.0766 base=-0.0891 r1=0.00799 path=0.00454 | Lg=+1.5019 | 24s | curv=+0.288 wide=+0.579 gfmed=0.051
 1900 hold m=8 hq=0.970 PASS | Dr=+0.497/+2.963 |Dr|max=2.963 Df=+0.401 | g r=0.070 f=0.078 p=1.027(0.001) max=4.501 | Ld=-0.0027 base=-0.0192 r1=0.0117 path=0.00146 cap=0.00337 | Lg=+1.1840 | 25s | curv=-0.00152 wide=+0.232 gfmed=0.065
 1910 hold m=8 hq=0.975 PASS | Dr=+1.009/+4.144 |Dr|max=4.144 Df=+0.892 | g r=0.129 f=0.141 p=1.255(0.002) max=5.368 | Ld=+0.0125 base=-0.0201 r1=0.0254 path=0.00716 | Lg=+1.4657 | 25s | curv=+0.0972 wide=+0.316 gfmed=0.127
 1920 hold m=8 hq=0.965 PASS | Dr=+0.588/+3.001 |Dr|max=3.242 Df=+0.464 | g r=0.084 f=0.093 p=1.115(0.006) max=5.627 | Ld=-0.0484 base=-0.0569 r1=0.00742 path=0.00103 | Lg=+1.2925 | 25s | curv=+0.293 wide=+0.443 gfmed=0.082
 1930 hold m=8 hq=0.972 PASS | Dr=+0.185/+2.636 |Dr|max=2.934 Df=+0.100 | g r=0.067 f=0.071 p=1.081(0.003) max=4.942 | Ld=-0.0395 base=-0.0571 r1=0.00965 path=0.00803 | Lg=+1.2271 | 25s | curv=+0.155 wide=+0.421 gfmed=0.048
 1940 hold m=8 hq=0.968 PASS | Dr=+0.538/+3.058 |Dr|max=3.058 Df=+0.471 | g r=0.075 f=0.082 p=1.180(0.003) max=6.064 | Ld=-0.0756 base=-0.089 r1=0.0104 path=0.00303 | Lg=+1.3529 | 25s | curv=+0.0981 wide=+0.353 gfmed=0.058
 1950 hold m=8 hq=0.971 PASS | Dr=+0.497/+3.375 |Dr|max=3.375 Df=+0.432 | g r=0.059 f=0.068 p=1.153(0.001) max=6.028 | Ld=-0.0530 base=-0.0677 r1=0.0142 path=0.000557 | Lg=+1.2327 | 25s | curv=+0.127 wide=+0.309 gfmed=0.046
 1960 hold m=8 hq=0.975 PASS | Dr=-0.073/+1.899 |Dr|max=3.525 Df=-0.186 | g r=0.098 f=0.099 p=1.122(0.002) max=5.825 | Ld=+0.0178 base=0.007 r1=0.00953 path=0.00131 | Lg=+1.1556 | 25s | curv=+0.489 wide=+0.628 gfmed=0.080
 1970 hold m=8 hq=0.973 PASS | Dr=+0.346/+2.177 |Dr|max=3.096 Df=+0.221 | g r=0.078 f=0.081 p=1.154(0.002) max=6.103 | Ld=-0.0231 base=-0.0347 r1=0.0111 path=0.000565 | Lg=+1.2173 | 25s | curv=+0.0785 wide=+0.231 gfmed=0.072
 1980 hold m=8 hq=0.953 PASS | Dr=-0.147/+3.427 |Dr|max=4.220 Df=-0.253 | g r=0.123 f=0.128 p=1.331(0.003) max=7.739 | Ld=+0.0113 base=-0.0844 r1=0.0573 path=0.0375 cap=0.000898 | Lg=+1.6806 | 26s | curv=+0.1 wide=+0.355 gfmed=0.097
 1990 hold m=8 hq=0.971 PASS | Dr=+0.015/+4.322 |Dr|max=4.322 Df=-0.072 | g r=0.077 f=0.084 p=1.311(0.003) max=6.173 | Ld=-0.0497 base=-0.0762 r1=0.0161 path=0.0104 | Lg=+1.6412 | 26s | curv=-0.0332 wide=+0.22 gfmed=0.058
 2000 hold m=8 hq=0.976 PASS | Dr=+0.130/+2.765 |Dr|max=3.185 Df=+0.005 | g r=0.082 f=0.083 p=1.223(0.007) max=7.673 | Ld=-0.0961 base=-0.148 r1=0.0426 path=0.00981 | Lg=+1.2829 | 26s | curv=+0.356 wide=+0.492 gfmed=0.058
 2010 hold m=8 hq=0.941 PASS | Dr=+0.343/+2.520 |Dr|max=3.151 Df=+0.235 | g r=0.098 f=0.095 p=1.228(0.002) max=7.644 | Ld=+0.0327 base=0.0142 r1=0.0108 path=0.00316 cap=0.00453 | Lg=+1.2606 | 26s | curv=+0.2 wide=+0.343 gfmed=0.070
 2020 hold m=8 hq=0.972 PASS | Dr=-0.321/+1.409 |Dr|max=2.877 Df=-0.394 | g r=0.057 f=0.068 p=1.073(0.001) max=6.858 | Ld=-0.0162 base=-0.0303 r1=0.00912 path=0.00103 cap=0.00399 | Lg=+1.0911 | 26s | curv=+0.104 wide=+0.261 gfmed=0.054
 2030 hold m=8 hq=0.961 PASS | Dr=+0.140/+3.426 |Dr|max=3.426 Df=+0.093 | g r=0.089 f=0.106 p=1.086(0.000) max=6.688 | Ld=-0.0402 base=-0.048 r1=0.00505 path=0.00272 | Lg=+1.2058 | 26s | curv=-0.0683 wide=+0.072 gfmed=0.061
 2040 hold m=8 hq=0.930 PASS | Dr=+0.297/+3.869 |Dr|max=3.869 Df=+0.269 | g r=0.082 f=0.097 p=1.106(0.005) max=6.227 | Ld=-0.0135 base=-0.041 r1=0.0107 path=0.0145 cap=0.00232 | Lg=+1.4879 | 26s | curv=+0.222 wide=+0.361 gfmed=0.075
 2050 hold m=8 hq=0.968 PASS | Dr=+0.002/+4.195 |Dr|max=4.195 Df=-0.056 | g r=0.076 f=0.079 p=1.040(0.001) max=5.500 | Ld=-0.0369 base=-0.0662 r1=0.0224 path=0.00684 | Lg=+1.4462 | 27s | curv=+0.0977 wide=+0.304 gfmed=0.066
 2060 hold m=8 hq=0.967 PASS | Dr=+0.243/+4.395 |Dr|max=4.395 Df=+0.176 | g r=0.082 f=0.085 p=1.164(0.002) max=5.862 | Ld=-0.0904 base=-0.152 r1=0.0145 path=0.0446 cap=0.00238 | Lg=+1.5923 | 27s | curv=+0.262 wide=+0.495 gfmed=0.064
 2070 hold m=8 hq=0.956 PASS | Dr=+0.502/+7.224 |Dr|max=7.224 Df=+0.389 | g r=0.167 f=0.176 p=1.703(0.004) max=9.222 | Ld=-0.2364 base=-0.257 r1=0.0121 path=0.00888 | Lg=+2.3600 | 27s | curv=+0.27 wide=+0.43 gfmed=0.107
 2080 hold m=8 hq=0.951 PASS | Dr=+0.135/+5.368 |Dr|max=5.368 Df=+0.030 | g r=0.083 f=0.095 p=1.317(0.001) max=8.255 | Ld=-0.0034 base=-0.016 r1=0.0086 path=0.00184 cap=0.00224 | Lg=+1.7966 | 27s | curv=-0.109 wide=+0.123 gfmed=0.072
 2090 hold m=8 hq=0.950 PASS | Dr=-0.390/+3.456 |Dr|max=4.118 Df=-0.503 | g r=0.114 f=0.123 p=1.205(0.003) max=6.577 | Ld=+0.0404 base=-0.0497 r1=0.088 path=0.00213 | Lg=+1.5595 | 27s | curv=+0.244 wide=+0.426 gfmed=0.074
 2100 hold m=8 hq=0.936 PASS | Dr=-0.085/+5.541 |Dr|max=5.541 Df=-0.188 | g r=0.104 f=0.101 p=1.405(0.003) max=6.515 | Ld=-0.0896 base=-0.125 r1=0.0172 path=0.00825 cap=0.00963 | Lg=+2.0857 | 27s | curv=+0.201 wide=+0.352 gfmed=0.075
 2110 hold m=8 hq=0.939 PASS | Dr=+0.480/+4.692 |Dr|max=4.692 Df=+0.353 | g r=0.219 f=0.218 p=1.346(0.009) max=7.033 | Ld=+0.0211 base=-0.0252 r1=0.0411 path=0.00526 | Lg=+1.7449 | 27s | curv=+0.117 wide=+0.296 gfmed=0.141
 2120 hold m=8 hq=0.938 PASS | Dr=+0.430/+6.071 |Dr|max=6.071 Df=+0.328 | g r=0.149 f=0.159 p=1.444(0.005) max=7.656 | Ld=-0.0452 base=-0.0784 r1=0.0274 path=0.00584 | Lg=+1.9245 | 27s | curv=+0.462 wide=+0.671 gfmed=0.124
 2130 hold m=8 hq=0.928 PASS | Dr=+1.186/+5.620 |Dr|max=5.620 Df=+1.061 | g r=0.133 f=0.144 p=1.414(0.002) max=7.765 | Ld=-0.0984 base=-0.207 r1=0.0477 path=0.0351 cap=0.0253 | Lg=+2.0350 | 28s | curv=+0.447 wide=+0.652 gfmed=0.124
 2140 hold m=8 hq=0.961 PASS | Dr=+0.306/+2.808 |Dr|max=2.808 Df=+0.262 | g r=0.066 f=0.074 p=1.097(0.004) max=5.521 | Ld=-0.0342 base=-0.058 r1=0.00595 path=0.00317 cap=0.0147 | Lg=+1.0733 | 28s | curv=+0.0766 wide=+0.267 gfmed=0.054
 2150 hold m=8 hq=0.953 PASS | Dr=+0.338/+5.007 |Dr|max=5.007 Df=+0.216 | g r=0.102 f=0.092 p=1.334(0.003) max=6.761 | Ld=-0.1723 base=-0.185 r1=0.00783 path=0.00159 cap=0.00286 | Lg=+1.8169 | 28s | curv=+0.198 wide=+0.355 gfmed=0.077
 2160 hold m=8 hq=0.959 PASS | Dr=-0.244/+3.874 |Dr|max=3.926 Df=-0.327 | g r=0.112 f=0.115 p=1.148(0.005) max=5.652 | Ld=+0.0119 base=-0.0368 r1=0.0403 path=0.00329 cap=0.00508 | Lg=+1.4520 | 28s | curv=-0.158 wide=+0.092 gfmed=0.095
 2170 hold m=8 hq=0.970 PASS | Dr=-0.147/+2.634 |Dr|max=2.634 Df=-0.202 | g r=0.080 f=0.084 p=1.025(0.001) max=5.442 | Ld=+0.0583 base=0.0444 r1=0.0109 path=0.00298 | Lg=+1.0270 | 28s | curv=+0.103 wide=+0.243 gfmed=0.070
 2180 hold m=8 hq=0.968 PASS | Dr=+0.028/+4.045 |Dr|max=4.045 Df=-0.012 | g r=0.093 f=0.110 p=1.073(0.000) max=6.037 | Ld=+0.1238 base=0.0985 r1=0.021 path=0.00193 cap=0.00231 | Lg=+1.3128 | 28s | curv=-0.0316 wide=+0.139 gfmed=0.061
 2190 hold m=8 hq=0.980 PASS | Dr=-0.006/+5.127 |Dr|max=5.127 Df=-0.031 | g r=0.223 f=0.231 p=1.372(0.005) max=7.360 | Ld=-0.0365 base=-0.0625 r1=0.021 path=0.00493 | Lg=+1.8660 | 28s | curv=+0.272 wide=+0.393 gfmed=0.191
 2200 hold m=8 hq=0.957 PASS | Dr=+0.877/+2.714 |Dr|max=2.714 Df=+0.763 | g r=0.056 f=0.059 p=1.028(0.002) max=4.860 | Ld=-0.0116 base=-0.019 r1=0.00445 path=0.00254 cap=0.000439 | Lg=+1.2347 | 28s | curv=+0.16 wide=+0.24 gfmed=0.047
 2210 hold m=8 hq=0.972 PASS | Dr=+0.278/+2.699 |Dr|max=3.147 Df=+0.143 | g r=0.103 f=0.103 p=1.091(0.003) max=5.278 | Ld=-0.0417 base=-0.0596 r1=0.017 path=0.000934 | Lg=+1.4987 | 29s | curv=+0.213 wide=+0.346 gfmed=0.072
 2220 hold m=8 hq=0.972 PASS | Dr=-0.164/+3.246 |Dr|max=3.734 Df=-0.246 | g r=0.073 f=0.082 p=1.047(0.000) max=6.126 | Ld=-0.1337 base=-0.142 r1=0.00585 path=0.0025 | Lg=+1.3833 | 29s | curv=+0.176 wide=+0.291 gfmed=0.066
 2230 hold m=8 hq=0.974 PASS | Dr=-0.411/+3.707 |Dr|max=4.069 Df=-0.478 | g r=0.083 f=0.095 p=1.105(0.001) max=6.403 | Ld=-0.0879 base=-0.0982 r1=0.00907 path=0.00127 | Lg=+1.4889 | 29s | curv=+0.048 wide=+0.174 gfmed=0.079
 2240 hold m=8 hq=0.882 fail | Dr=-0.226/+5.103 |Dr|max=5.103 Df=-0.190 | g r=0.288 f=0.288 p=1.426(0.005) max=8.544 | Ld=-0.0040 base=-0.0784 r1=0.0422 path=0.0322 | Lg=+1.9221 | 29s | curv=+0.131 wide=+0.0978 gfmed=0.242
 2250 hold m=8 hq=0.961 PASS | Dr=+0.186/+4.509 |Dr|max=4.509 Df=+0.111 | g r=0.084 f=0.086 p=1.114(0.001) max=7.003 | Ld=-0.0649 base=-0.0771 r1=0.00911 path=0.00242 cap=0.000591 | Lg=+1.5229 | 29s | curv=-0.173 wide=-0.0396 gfmed=0.072
 2260 hold m=8 hq=0.955 PASS | Dr=+0.441/+5.212 |Dr|max=5.212 Df=+0.391 | g r=0.154 f=0.155 p=1.172(0.003) max=7.290 | Ld=+0.0284 base=-0.016 r1=0.033 path=0.0113 | Lg=+1.7222 | 29s | curv=+0.139 wide=+0.226 gfmed=0.143
 2270 hold m=8 hq=0.937 PASS | Dr=-0.333/+5.798 |Dr|max=5.798 Df=-0.358 | g r=0.147 f=0.146 p=1.416(0.002) max=8.699 | Ld=-0.2462 base=-0.268 r1=0.00864 path=0.0132 | Lg=+2.2025 | 29s | curv=+0.571 wide=+0.626 gfmed=0.119
 2280 hold m=8 hq=0.808 fail | Dr=-0.471/+5.279 |Dr|max=6.316 Df=-0.527 | g r=0.172 f=0.271 p=1.547(0.004) max=9.032 | Ld=+0.1819 base=-0.0394 r1=0.0215 path=0.153 cap=0.0468 | Lg=+2.1542 | 29s | curv=-0.0921 wide=+0.269 gfmed=0.144
 2290 hold m=8 hq=0.925 PASS | Dr=-0.800/+1.972 |Dr|max=2.550 Df=-0.824 | g r=0.088 f=0.126 p=1.024(0.004) max=6.418 | Ld=-0.0196 base=-0.047 r1=0.00628 path=0.0121 cap=0.00893 | Lg=+1.0168 | 30s | curv=+0.305 wide=+0.461 gfmed=0.079
 2300 hold m=8 hq=0.930 PASS | Dr=+0.531/+6.753 |Dr|max=6.753 Df=+0.474 | g r=0.079 f=0.111 p=1.493(0.004) max=9.021 | Ld=-0.0931 base=-0.109 r1=0.00578 path=0.00935 cap=0.000817 | Lg=+2.0146 | 30s | curv=+0.221 wide=+0.39 gfmed=0.062
 2310 hold m=8 hq=0.931 PASS | Dr=+0.451/+5.830 |Dr|max=5.830 Df=+0.409 | g r=0.126 f=0.160 p=1.354(0.002) max=7.543 | Ld=+0.0526 base=0.00146 r1=0.0427 path=0.00841 | Lg=+1.7086 | 30s | curv=-0.0365 wide=+0.197 gfmed=0.122
 2320 hold m=8 hq=0.931 PASS | Dr=+0.119/+5.005 |Dr|max=5.005 Df=+0.059 | g r=0.064 f=0.089 p=1.254(0.002) max=6.962 | Ld=-0.0916 base=-0.1 r1=0.00657 path=0.000855 cap=0.0015 | Lg=+1.5449 | 30s | curv=+0.145 wide=+0.329 gfmed=0.049
 2330 hold m=8 hq=0.934 PASS | Dr=-0.555/+3.620 |Dr|max=3.620 Df=-0.598 | g r=0.081 f=0.126 p=1.180(0.001) max=7.050 | Ld=-0.0741 base=-0.0822 r1=0.00641 path=0.0017 | Lg=+1.3050 | 30s | curv=+0.192 wide=+0.365 gfmed=0.071
 2340 hold m=8 hq=0.713 fail | Dr=+0.002/+3.207 |Dr|max=3.207 Df=-0.049 | g r=0.127 f=0.373 p=1.184(0.004) max=5.891 | Ld=-0.1899 base=-0.233 r1=0.0342 path=0.00872 | Lg=+1.2805 | 30s | curv=+0.908 wide=+1.13 gfmed=0.157
 2350 hold m=5 hq=0.510 fail | Dr=-1.274/+2.409 |Dr|max=3.791 Df=-1.541 | g r=0.182 f=0.834 p=1.294(0.006) max=6.373 | Ld=+0.0216 base=-0.205 r1=0.0363 path=0.19 cap=3.71e-05 | Lg=+1.5954 | 30s | curv=+0.589 wide=+1.03 gfmed=0.458
 2360 hold m=8 hq=0.918 PASS | Dr=-0.506/+2.728 |Dr|max=2.728 Df=-0.536 | g r=0.088 f=0.165 p=1.032(0.001) max=5.074 | Ld=-0.0255 base=-0.047 r1=0.013 path=0.00293 cap=0.00558 | Lg=+1.1652 | 30s | curv=+0.545 wide=+0.717 gfmed=0.087
 2370 hold m=8 hq=0.948 PASS | Dr=-0.346/+4.176 |Dr|max=4.176 Df=-0.375 | g r=0.094 f=0.130 p=1.187(0.010) max=5.844 | Ld=-0.1252 base=-0.151 r1=0.014 path=0.0108 cap=0.00104 | Lg=+1.4641 | 31s | curv=+0.317 wide=+0.503 gfmed=0.077
 2380 hold m=8 hq=0.964 PASS | Dr=-0.186/+4.490 |Dr|max=4.490 Df=-0.203 | g r=0.105 f=0.114 p=1.239(0.005) max=6.489 | Ld=+0.0556 base=0.0158 r1=0.0315 path=0.00785 cap=0.000387 | Lg=+1.5782 | 31s | curv=+0.405 wide=+0.642 gfmed=0.093
 2390 hold m=8 hq=0.956 PASS | Dr=+0.323/+6.068 |Dr|max=6.068 Df=+0.313 | g r=0.211 f=0.214 p=1.441(0.010) max=7.400 | Ld=-0.0116 base=-0.0711 r1=0.0455 path=0.0137 cap=0.000316 | Lg=+1.9804 | 31s | curv=+0.175 wide=+0.422 gfmed=0.188
 2400 hold m=8 hq=0.971 PASS | Dr=+0.488/+4.340 |Dr|max=4.340 Df=+0.467 | g r=0.102 f=0.109 p=1.130(0.003) max=5.899 | Ld=+0.0678 base=0.0303 r1=0.0322 path=0.00541 | Lg=+1.4001 | 31s | curv=+0.0333 wide=+0.281 gfmed=0.093
# shift (1,0) after 2400; frozen copy on new target: m=0 hq=0.000
 2410 post m=5 hq=0.237 fail | Dr=-0.637/+0.749 |Dr|max=2.129 Df=-0.697 | g r=0.341 f=0.701 p=1.008(0.018) max=4.661 | Ld=+0.0790 base=-0.225 r1=0.196 path=0.108 cap=0.000309 | Lg=+1.1302 | 31s | curv=+1.71 wide=+1.84 gfmed=0.574
 2420 post m=6 hq=0.291 fail | Dr=-0.340/+0.769 |Dr|max=1.264 Df=-0.414 | g r=0.145 f=0.585 p=0.890(0.003) max=3.620 | Ld=-0.0113 base=-0.0694 r1=0.0415 path=0.0166 | Lg=+0.8345 | 31s | curv=+1.04 wide=+1.28 gfmed=0.438
 2430 post m=6 hq=0.444 fail | Dr=-0.133/+0.760 |Dr|max=0.760 Df=-0.200 | g r=0.110 f=0.433 p=0.850(0.004) max=3.495 | Ld=-0.0018 base=-0.0358 r1=0.0257 path=0.00837 | Lg=+0.7648 | 31s | curv=+0.895 wide=+1.15 gfmed=0.258
 2440 post m=8 hq=0.930 PASS | Dr=-0.058/+0.855 |Dr|max=0.855 Df=-0.049 | g r=0.082 f=0.098 p=0.766(0.001) max=3.576 | Ld=+0.0126 base=-0.00471 r1=0.0131 path=0.00416 | Lg=+0.7365 | 31s | curv=+0.527 wide=+0.782 gfmed=0.056
 2450 post m=8 hq=0.912 PASS | Dr=+0.180/+1.466 |Dr|max=1.466 Df=+0.172 | g r=0.080 f=0.111 p=0.760(0.002) max=3.860 | Ld=+0.0418 base=-0.00392 r1=0.0103 path=0.0354 | Lg=+0.7880 | 32s | curv=+0.388 wide=+0.613 gfmed=0.074
 2460 post m=8 hq=0.879 fail | Dr=+0.141/+1.322 |Dr|max=1.322 Df=+0.137 | g r=0.109 f=0.132 p=0.768(0.003) max=4.142 | Ld=+0.0327 base=-0.00627 r1=0.031 path=0.00794 | Lg=+0.8100 | 32s | curv=+0.396 wide=+0.605 gfmed=0.080
 2470 post m=8 hq=0.911 PASS | Dr=+0.268/+1.522 |Dr|max=1.522 Df=+0.252 | g r=0.137 f=0.150 p=0.823(0.002) max=4.106 | Ld=-0.0454 base=-0.0658 r1=0.0112 path=0.00923 | Lg=+0.9119 | 32s | curv=-0.121 wide=+0.0935 gfmed=0.105
 2480 post m=5 hq=0.094 fail | Dr=+0.066/+2.524 |Dr|max=2.524 Df=-0.051 | g r=0.200 f=0.706 p=1.065(0.005) max=5.710 | Ld=+1.6170 base=-0.156 r1=0.0928 path=1.68 cap=0.00488 | Lg=+1.2448 | 32s | curv=+1 wide=+1.35 gfmed=0.463
 2490 post m=8 hq=0.845 fail | Dr=-0.712/+1.051 |Dr|max=2.132 Df=-0.700 | g r=0.112 f=0.217 p=0.822(0.002) max=4.594 | Ld=+0.0386 base=0.00786 r1=0.0276 path=0.00316 | Lg=+0.8803 | 32s | curv=+0.724 wide=+1.06 gfmed=0.110
 2500 post m=8 hq=0.916 PASS | Dr=-0.696/+0.922 |Dr|max=2.406 Df=-0.657 | g r=0.095 f=0.114 p=0.763(0.001) max=5.042 | Ld=+0.0514 base=0.0331 r1=0.0154 path=0.00281 cap=7.2e-05 | Lg=+0.9692 | 32s | curv=+0.644 wide=+0.919 gfmed=0.077
 2510 post m=8 hq=0.919 PASS | Dr=-0.166/+1.979 |Dr|max=1.979 Df=-0.129 | g r=0.164 f=0.169 p=0.684(0.001) max=4.565 | Ld=+0.0076 base=-0.0254 r1=0.0299 path=0.00301 | Lg=+0.9717 | 32s | curv=+0.212 wide=+0.454 gfmed=0.116
 2520 post m=8 hq=0.964 PASS | Dr=-0.188/+1.388 |Dr|max=1.455 Df=-0.151 | g r=0.069 f=0.082 p=0.630(0.003) max=4.518 | Ld=+0.0514 base=0.0412 r1=0.00748 path=0.00266 | Lg=+0.8927 | 33s | curv=+0.139 wide=+0.355 gfmed=0.066
 2530 post m=8 hq=0.963 PASS | Dr=-0.392/+1.419 |Dr|max=2.301 Df=-0.327 | g r=0.137 f=0.140 p=0.751(0.004) max=5.234 | Ld=-0.0283 base=-0.0443 r1=0.014 path=0.00189 | Lg=+1.0853 | 33s | curv=-0.204 wide=+0.0326 gfmed=0.128
 2540 post m=8 hq=0.940 PASS | Dr=-0.537/+1.212 |Dr|max=2.472 Df=-0.467 | g r=0.099 f=0.098 p=0.738(0.004) max=5.591 | Ld=-0.0062 base=-0.0158 r1=0.00532 path=0.00424 | Lg=+1.1729 | 33s | curv=+0.28 wide=+0.46 gfmed=0.088
 2550 post m=8 hq=0.969 PASS | Dr=-0.078/+2.376 |Dr|max=2.376 Df=-0.050 | g r=0.044 f=0.046 p=0.597(0.001) max=4.924 | Ld=-0.0069 base=-0.017 r1=0.00592 path=0.00417 | Lg=+0.9597 | 33s | curv=+0.103 wide=+0.258 gfmed=0.036
 2560 post m=8 hq=0.969 PASS | Dr=-0.433/+2.714 |Dr|max=2.936 Df=-0.381 | g r=0.055 f=0.056 p=0.792(0.003) max=5.915 | Ld=-0.0790 base=-0.0874 r1=0.00734 path=0.00111 | Lg=+1.3254 | 33s | curv=+0.0592 wide=+0.232 gfmed=0.046
 2570 post m=8 hq=0.969 PASS | Dr=-0.099/+2.351 |Dr|max=2.351 Df=-0.068 | g r=0.076 f=0.073 p=0.634(0.003) max=4.881 | Ld=+0.0081 base=-0.00818 r1=0.0138 path=0.00246 | Lg=+1.0555 | 33s | curv=+0.212 wide=+0.347 gfmed=0.066
 2580 post m=8 hq=0.979 PASS | Dr=-0.104/+2.565 |Dr|max=2.565 Df=-0.105 | g r=0.047 f=0.048 p=0.629(0.001) max=4.568 | Ld=-0.0427 base=-0.0514 r1=0.00765 path=0.00112 | Lg=+0.9250 | 33s | curv=+0.096 wide=+0.219 gfmed=0.036
 2590 post m=8 hq=0.958 PASS | Dr=-0.756/+1.111 |Dr|max=2.554 Df=-0.719 | g r=0.090 f=0.097 p=0.734(0.002) max=5.411 | Ld=+0.0168 base=-0.0013 r1=0.00757 path=0.0104 cap=0.000148 | Lg=+1.0339 | 33s | curv=-0.0792 wide=+0.0704 gfmed=0.098
 2600 post m=8 hq=0.977 PASS | Dr=-0.425/+1.499 |Dr|max=1.935 Df=-0.396 | g r=0.056 f=0.055 p=0.637(0.001) max=5.427 | Ld=+0.0176 base=0.00119 r1=0.00521 path=0.0113 | Lg=+0.9459 | 34s | curv=+0.0268 wide=+0.163 gfmed=0.045
 2610 post m=8 hq=0.975 PASS | Dr=-0.338/+0.889 |Dr|max=2.035 Df=-0.300 | g r=0.037 f=0.040 p=0.616(0.001) max=4.963 | Ld=+0.0069 base=-0.00647 r1=0.00371 path=0.0097 | Lg=+0.9911 | 34s | curv=+0.123 wide=+0.252 gfmed=0.031
 2620 post m=8 hq=0.941 PASS | Dr=-0.267/+3.073 |Dr|max=3.073 Df=-0.265 | g r=0.113 f=0.122 p=0.700(0.005) max=5.166 | Ld=+0.0105 base=-0.0289 r1=0.0143 path=0.025 cap=9.36e-05 | Lg=+1.0974 | 34s | curv=+0.314 wide=+0.468 gfmed=0.088
 2630 post m=8 hq=0.974 PASS | Dr=-0.234/+3.335 |Dr|max=3.335 Df=-0.216 | g r=0.064 f=0.070 p=0.736(0.003) max=5.555 | Ld=-0.0224 base=-0.0354 r1=0.00502 path=0.00805 | Lg=+1.1890 | 34s | curv=-0.0831 wide=+0.14 gfmed=0.049
 2640 post m=8 hq=0.970 PASS | Dr=-0.236/+2.632 |Dr|max=2.632 Df=-0.200 | g r=0.088 f=0.095 p=0.764(0.001) max=5.784 | Ld=-0.0838 base=-0.102 r1=0.00666 path=0.011 | Lg=+1.3199 | 34s | curv=-0.0293 wide=+0.13 gfmed=0.050
 2650 post m=8 hq=0.982 PASS | Dr=-0.005/+3.229 |Dr|max=3.229 Df=-0.003 | g r=0.044 f=0.048 p=0.678(0.000) max=4.758 | Ld=-0.0711 base=-0.0791 r1=0.00268 path=0.00532 | Lg=+1.1450 | 34s | curv=+0.0466 wide=+0.148 gfmed=0.035
 2660 post m=8 hq=0.984 PASS | Dr=+0.071/+2.174 |Dr|max=2.174 Df=+0.106 | g r=0.044 f=0.045 p=0.686(0.001) max=5.635 | Ld=-0.0081 base=-0.0272 r1=0.00636 path=0.0128 cap=7.61e-07 | Lg=+1.0639 | 34s | curv=+0.0702 wide=+0.197 gfmed=0.037
 2670 post m=8 hq=0.988 PASS | Dr=+0.016/+1.960 |Dr|max=1.960 Df=+0.026 | g r=0.055 f=0.053 p=0.576(0.002) max=4.729 | Ld=+0.0183 base=0.00861 r1=0.00262 path=0.00706 | Lg=+0.8732 | 34s | curv=+0.105 wide=+0.211 gfmed=0.048
 2680 post m=8 hq=0.988 PASS | Dr=-0.342/+2.154 |Dr|max=2.154 Df=-0.305 | g r=0.045 f=0.045 p=0.655(0.001) max=5.703 | Ld=-0.0587 base=-0.063 r1=0.00307 path=0.00119 | Lg=+1.1476 | 35s | curv=+0.112 wide=+0.2 gfmed=0.039
 2690 post m=8 hq=0.988 PASS | Dr=+0.036/+2.082 |Dr|max=2.082 Df=+0.060 | g r=0.039 f=0.038 p=0.546(0.001) max=4.606 | Ld=-0.0027 base=-0.00696 r1=0.00166 path=0.00262 | Lg=+0.9072 | 35s | curv=+0.119 wide=+0.217 gfmed=0.032
 2700 post m=8 hq=0.981 PASS | Dr=+0.053/+3.017 |Dr|max=3.017 Df=+0.069 | g r=0.057 f=0.058 p=0.659(0.002) max=5.290 | Ld=-0.0314 base=-0.0399 r1=0.00706 path=0.00106 cap=0.000348 | Lg=+1.1572 | 35s | curv=+0.0273 wide=+0.132 gfmed=0.048
 2710 post m=8 hq=0.985 PASS | Dr=-0.175/+2.597 |Dr|max=2.597 Df=-0.152 | g r=0.055 f=0.059 p=0.670(0.002) max=5.418 | Ld=-0.0020 base=-0.0105 r1=0.00679 path=0.0017 | Lg=+1.1313 | 35s | curv=-0.0337 wide=+0.0992 gfmed=0.034
 2720 post m=8 hq=0.983 PASS | Dr=-0.187/+2.372 |Dr|max=2.372 Df=-0.172 | g r=0.042 f=0.040 p=0.600(0.001) max=5.415 | Ld=+0.0082 base=0.00302 r1=0.0031 path=0.00207 | Lg=+1.0374 | 35s | curv=-0.0444 wide=+0.0663 gfmed=0.034
 2730 post m=8 hq=0.985 PASS | Dr=-0.568/+1.797 |Dr|max=1.797 Df=-0.557 | g r=0.052 f=0.047 p=0.582(0.001) max=4.614 | Ld=+0.0070 base=0.0018 r1=0.00239 path=0.00279 | Lg=+0.8815 | 35s | curv=+0.168 wide=+0.242 gfmed=0.038
 2740 post m=8 hq=0.954 PASS | Dr=+0.246/+3.126 |Dr|max=3.126 Df=+0.273 | g r=0.064 f=0.092 p=0.684(0.001) max=5.262 | Ld=+0.0617 base=0.0479 r1=0.00987 path=0.00394 | Lg=+1.0728 | 35s | curv=+0.107 wide=+0.208 gfmed=0.060
 2750 post m=8 hq=0.981 PASS | Dr=-0.527/+1.231 |Dr|max=1.991 Df=-0.508 | g r=0.050 f=0.053 p=0.567(0.003) max=4.248 | Ld=-0.0220 base=-0.0302 r1=0.00509 path=0.00309 | Lg=+0.9426 | 36s | curv=+0.0578 wide=+0.234 gfmed=0.041
 2760 post m=8 hq=0.988 PASS | Dr=+0.312/+1.608 |Dr|max=1.608 Df=+0.281 | g r=0.044 f=0.041 p=0.537(0.001) max=4.476 | Ld=-0.0050 base=-0.0117 r1=0.00316 path=0.00358 | Lg=+0.8580 | 36s | curv=+0.0187 wide=+0.17 gfmed=0.028
 2770 post m=8 hq=0.987 PASS | Dr=+0.312/+2.389 |Dr|max=2.600 Df=+0.249 | g r=0.046 f=0.048 p=0.711(0.001) max=5.483 | Ld=-0.0324 base=-0.0379 r1=0.00274 path=0.00282 | Lg=+1.1023 | 36s | curv=+0.0813 wide=+0.19 gfmed=0.039
 2780 post m=8 hq=0.988 PASS | Dr=-0.712/+1.134 |Dr|max=1.927 Df=-0.689 | g r=0.035 f=0.034 p=0.566(0.001) max=4.933 | Ld=+0.0035 base=-0.000372 r1=0.0022 path=0.00164 | Lg=+0.9350 | 36s | curv=+0.0444 wide=+0.182 gfmed=0.030
 2790 post m=8 hq=0.988 PASS | Dr=-0.336/+1.692 |Dr|max=1.692 Df=-0.328 | g r=0.031 f=0.031 p=0.530(0.001) max=4.522 | Ld=+0.0073 base=0.000569 r1=0.00187 path=0.00483 | Lg=+0.8753 | 36s | curv=-0.0232 wide=+0.0644 gfmed=0.025
 2800 post m=8 hq=0.983 PASS | Dr=-0.115/+2.014 |Dr|max=2.014 Df=-0.160 | g r=0.089 f=0.085 p=0.672(0.003) max=5.093 | Ld=-0.0202 base=-0.0322 r1=0.00851 path=0.00347 | Lg=+1.0471 | 36s | curv=+0.291 wide=+0.342 gfmed=0.069
 2810 post m=8 hq=0.988 PASS | Dr=-0.442/+1.509 |Dr|max=1.509 Df=-0.442 | g r=0.029 f=0.031 p=0.471(0.001) max=4.306 | Ld=-0.0074 base=-0.0105 r1=0.00109 path=0.00199 | Lg=+0.8619 | 36s | curv=+0.0465 wide=+0.125 gfmed=0.025
 2820 post m=8 hq=0.991 PASS | Dr=-0.058/+1.329 |Dr|max=1.329 Df=-0.065 | g r=0.031 f=0.029 p=0.463(0.002) max=4.213 | Ld=+0.0142 base=0.00841 r1=0.00199 path=0.00384 | Lg=+0.7966 | 36s | curv=+0.0552 wide=+0.15 gfmed=0.022
 2830 post m=8 hq=0.985 PASS | Dr=+0.254/+2.165 |Dr|max=2.165 Df=+0.211 | g r=0.063 f=0.059 p=0.662(0.000) max=5.330 | Ld=-0.0240 base=-0.0379 r1=0.00454 path=0.00937 | Lg=+1.1267 | 37s | curv=+0.174 wide=+0.269 gfmed=0.042
 2840 post m=8 hq=0.988 PASS | Dr=-0.206/+2.074 |Dr|max=2.074 Df=-0.202 | g r=0.035 f=0.034 p=0.573(0.002) max=4.428 | Ld=+0.0062 base=0.0037 r1=0.00183 path=0.000708 | Lg=+0.9097 | 37s | curv=+0.0671 wide=+0.167 gfmed=0.026
 2850 post m=8 hq=0.976 PASS | Dr=-0.322/+1.887 |Dr|max=1.887 Df=-0.291 | g r=0.046 f=0.054 p=0.573(0.000) max=4.757 | Ld=+0.0620 base=0.028 r1=0.00561 path=0.0222 cap=0.00614 | Lg=+0.9367 | 37s | curv=+0.134 wide=+0.218 gfmed=0.041
 2860 post m=8 hq=0.981 PASS | Dr=-0.439/+3.740 |Dr|max=3.740 Df=-0.386 | g r=0.062 f=0.069 p=0.801(0.001) max=7.232 | Ld=-0.0827 base=-0.0883 r1=0.00453 path=0.00109 | Lg=+1.2906 | 37s | curv=+0.106 wide=+0.167 gfmed=0.046
 2870 post m=8 hq=0.977 PASS | Dr=-0.570/+4.026 |Dr|max=4.026 Df=-0.536 | g r=0.097 f=0.097 p=0.891(0.001) max=6.430 | Ld=-0.0171 base=-0.0471 r1=0.0224 path=0.00757 | Lg=+1.4135 | 37s | curv=-0.0645 wide=+0.027 gfmed=0.081
 2880 post m=8 hq=0.979 PASS | Dr=-0.687/+1.623 |Dr|max=2.878 Df=-0.632 | g r=0.040 f=0.043 p=0.723(0.002) max=5.342 | Ld=+0.0171 base=0.0119 r1=0.00238 path=0.00276 | Lg=+1.1400 | 37s | curv=+0.0436 wide=+0.125 gfmed=0.037
 2890 post m=8 hq=0.981 PASS | Dr=-0.312/+2.881 |Dr|max=2.881 Df=-0.321 | g r=0.070 f=0.077 p=0.705(0.003) max=4.247 | Ld=-0.0209 base=-0.0297 r1=0.00647 path=0.00236 cap=1.61e-06 | Lg=+1.0821 | 37s | curv=-0.0162 wide=+0.0833 gfmed=0.055
 2900 post m=8 hq=0.981 PASS | Dr=-0.191/+3.320 |Dr|max=3.320 Df=-0.188 | g r=0.046 f=0.046 p=0.723(0.002) max=4.739 | Ld=-0.0114 base=-0.0164 r1=0.0021 path=0.00286 | Lg=+1.2067 | 37s | curv=+0.106 wide=+0.181 gfmed=0.036
 2910 post m=8 hq=0.984 PASS | Dr=-0.013/+2.459 |Dr|max=2.459 Df=+0.006 | g r=0.042 f=0.042 p=0.636(0.004) max=4.848 | Ld=-0.0185 base=-0.0255 r1=0.00292 path=0.00411 | Lg=+1.0827 | 38s | curv=+0.0588 wide=+0.148 gfmed=0.037
 2920 post m=8 hq=0.952 PASS | Dr=-0.360/+3.174 |Dr|max=3.174 Df=-0.300 | g r=0.116 f=0.137 p=0.954(0.000) max=6.834 | Ld=-0.1261 base=-0.149 r1=0.0145 path=0.00883 | Lg=+1.5708 | 38s | curv=+0.27 wide=+0.316 gfmed=0.083
 2930 post m=8 hq=0.977 PASS | Dr=-0.350/+2.565 |Dr|max=2.565 Df=-0.352 | g r=0.034 f=0.034 p=0.621(0.000) max=4.110 | Ld=-0.0304 base=-0.0344 r1=0.00169 path=0.00221 cap=0.000163 | Lg=+1.0580 | 38s | curv=+0.0534 wide=+0.115 gfmed=0.029
 2940 post m=8 hq=0.978 PASS | Dr=-0.587/+2.093 |Dr|max=2.377 Df=-0.561 | g r=0.042 f=0.043 p=0.675(0.000) max=5.028 | Ld=-0.0766 base=-0.0805 r1=0.00187 path=0.00198 | Lg=+1.1482 | 38s | curv=+0.054 wide=+0.152 gfmed=0.034
 2950 post m=8 hq=0.964 PASS | Dr=-0.598/+3.944 |Dr|max=3.944 Df=-0.555 | g r=0.106 f=0.114 p=0.990(0.001) max=6.572 | Ld=-0.0348 base=-0.0487 r1=0.00689 path=0.00701 | Lg=+1.6861 | 38s | curv=+0.123 wide=+0.19 gfmed=0.089
 2960 post m=8 hq=0.970 PASS | Dr=-0.431/+3.623 |Dr|max=3.623 Df=-0.407 | g r=0.057 f=0.061 p=0.898(0.004) max=6.119 | Ld=-0.0739 base=-0.0955 r1=0.00261 path=0.019 | Lg=+1.5600 | 38s | curv=+0.121 wide=+0.18 gfmed=0.049
 2970 post m=8 hq=0.944 PASS | Dr=-0.796/+2.750 |Dr|max=3.603 Df=-0.746 | g r=0.075 f=0.085 p=0.920(0.004) max=6.137 | Ld=+0.0036 base=-0.00809 r1=0.00498 path=0.00667 | Lg=+1.4319 | 38s | curv=-0.0241 wide=+0.0951 gfmed=0.075
 2980 post m=8 hq=0.976 PASS | Dr=-0.467/+1.485 |Dr|max=1.634 Df=-0.480 | g r=0.042 f=0.043 p=0.605(0.001) max=3.696 | Ld=+0.0241 base=0.0152 r1=0.00322 path=0.0057 | Lg=+0.8904 | 38s | curv=+0.0944 wide=+0.226 gfmed=0.029
 2990 post m=8 hq=0.977 PASS | Dr=-0.554/+2.779 |Dr|max=2.779 Df=-0.556 | g r=0.091 f=0.096 p=0.788(0.002) max=4.324 | Ld=-0.0406 base=-0.0492 r1=0.00772 path=0.000936 | Lg=+1.1491 | 39s | curv=-0.0414 wide=+0.125 gfmed=0.082
 3000 post m=8 hq=0.981 PASS | Dr=-0.625/+2.334 |Dr|max=2.702 Df=-0.596 | g r=0.052 f=0.050 p=0.755(0.001) max=4.606 | Ld=-0.0288 base=-0.0331 r1=0.00353 path=0.000849 | Lg=+1.1450 | 39s | curv=+0.106 wide=+0.23 gfmed=0.037
 3010 post m=8 hq=0.979 PASS | Dr=+0.029/+3.223 |Dr|max=3.223 Df=-0.006 | g r=0.065 f=0.066 p=0.807(0.001) max=4.559 | Ld=-0.0446 base=-0.0508 r1=0.00419 path=0.00199 | Lg=+1.3152 | 39s | curv=+0.111 wide=+0.188 gfmed=0.054
 3020 post m=8 hq=0.980 PASS | Dr=+0.171/+2.581 |Dr|max=2.581 Df=+0.111 | g r=0.065 f=0.069 p=0.773(0.002) max=5.845 | Ld=+0.0261 base=0.0181 r1=0.00659 path=0.00137 | Lg=+1.2824 | 39s | curv=-0.0706 wide=+0.0278 gfmed=0.062
 3030 post m=8 hq=0.980 PASS | Dr=+0.166/+2.938 |Dr|max=2.938 Df=+0.125 | g r=0.046 f=0.042 p=0.738(0.001) max=4.387 | Ld=-0.0473 base=-0.0508 r1=0.00149 path=0.00206 | Lg=+1.2343 | 39s | curv=+0.14 wide=+0.206 gfmed=0.034
 3040 post m=8 hq=0.984 PASS | Dr=+0.184/+2.156 |Dr|max=2.323 Df=+0.152 | g r=0.035 f=0.036 p=0.642(0.001) max=3.466 | Ld=-0.0195 base=-0.0251 r1=0.00362 path=0.00192 | Lg=+1.0626 | 39s | curv=+0.116 wide=+0.18 gfmed=0.025
 3050 post m=8 hq=0.958 PASS | Dr=+0.101/+3.272 |Dr|max=3.515 Df=+0.045 | g r=0.082 f=0.079 p=0.905(0.002) max=4.777 | Ld=-0.0819 base=-0.0974 r1=0.0035 path=0.012 | Lg=+1.4035 | 39s | curv=+0.252 wide=+0.306 gfmed=0.063
 3060 post m=8 hq=0.988 PASS | Dr=-0.094/+2.649 |Dr|max=2.933 Df=-0.133 | g r=0.043 f=0.045 p=0.736(0.002) max=3.793 | Ld=-0.0230 base=-0.027 r1=0.00274 path=0.00127 | Lg=+1.1910 | 39s | curv=+0.147 wide=+0.236 gfmed=0.036
 3070 post m=8 hq=0.984 PASS | Dr=+0.003/+3.130 |Dr|max=3.130 Df=+0.007 | g r=0.050 f=0.049 p=0.769(0.002) max=4.795 | Ld=+0.0187 base=0.0122 r1=0.00464 path=0.0019 | Lg=+1.1803 | 40s | curv=+0.193 wide=+0.258 gfmed=0.040
 3080 post m=8 hq=0.986 PASS | Dr=-0.042/+2.313 |Dr|max=2.931 Df=-0.089 | g r=0.062 f=0.062 p=0.741(0.002) max=4.173 | Ld=-0.0094 base=-0.025 r1=0.0141 path=0.00143 | Lg=+1.1914 | 40s | curv=-0.0608 wide=+0.0494 gfmed=0.051
 3090 post m=8 hq=0.986 PASS | Dr=-0.480/+2.569 |Dr|max=2.569 Df=-0.480 | g r=0.058 f=0.062 p=0.722(0.001) max=4.384 | Ld=+0.0265 base=0.0186 r1=0.00491 path=0.003 | Lg=+1.0960 | 40s | curv=+0.00858 wide=+0.126 gfmed=0.041
 3100 post m=8 hq=0.980 PASS | Dr=-0.661/+2.721 |Dr|max=2.822 Df=-0.633 | g r=0.043 f=0.042 p=0.804(0.002) max=5.644 | Ld=+0.0037 base=0.000426 r1=0.00186 path=0.0014 | Lg=+1.2717 | 40s | curv=+0.144 wide=+0.222 gfmed=0.037
 3110 post m=5 hq=0.408 fail | Dr=-0.047/+1.730 |Dr|max=1.730 Df=-0.181 | g r=0.111 f=0.343 p=0.701(0.004) max=3.817 | Ld=+0.0617 base=-0.0409 r1=0.0257 path=0.0769 | Lg=+0.9470 | 40s | curv=+0.61 wide=+0.808 gfmed=0.231
 3120 post m=5 hq=0.220 fail | Dr=-0.843/+0.274 |Dr|max=1.914 Df=-1.466 | g r=0.201 f=0.835 p=1.033(0.005) max=4.615 | Ld=-0.3396 base=-0.514 r1=0.0683 path=0.102 cap=0.00394 | Lg=+1.1874 | 40s | curv=+1.57 wide=+1.94 gfmed=0.589
 3130 post m=5 hq=0.234 fail | Dr=-1.084/-0.183 |Dr|max=2.341 Df=-1.440 | g r=0.176 f=0.986 p=1.107(0.006) max=3.988 | Ld=-0.3901 base=-0.486 r1=0.0816 path=0.0101 cap=0.00412 | Lg=+1.0850 | 40s | curv=+1.67 wide=+2.26 gfmed=0.871
 3140 post m=5 hq=0.087 fail | Dr=-1.542/-0.732 |Dr|max=2.292 Df=-2.028 | g r=0.223 f=1.383 p=1.118(0.021) max=3.525 | Ld=+0.0839 base=-0.475 r1=0.158 path=0.0523 cap=0.348 | Lg=+0.9810 | 40s | curv=+1.69 wide=+2.22 gfmed=1.440
 3150 post m=4 hq=0.087 fail | Dr=-1.496/-0.513 |Dr|max=2.454 Df=-1.904 | g r=0.217 f=1.489 p=1.303(0.004) max=4.814 | Ld=-0.4191 base=-0.559 r1=0.122 path=0.00995 cap=0.00816 | Lg=+1.1370 | 41s | curv=+1.74 wide=+2.39 gfmed=1.387
 3160 post m=4 hq=0.059 fail | Dr=-1.182/-0.517 |Dr|max=1.930 Df=-1.832 | g r=0.207 f=1.558 p=1.231(0.012) max=3.618 | Ld=-0.4321 base=-0.683 r1=0.108 path=0.000443 cap=0.142 | Lg=+1.1093 | 41s | curv=+2.11 wide=+2.66 gfmed=1.708
 3170 post m=4 hq=0.048 fail | Dr=-2.014/-1.481 |Dr|max=2.694 Df=-2.865 | g r=0.226 f=1.408 p=1.294(0.010) max=3.644 | Ld=-0.5810 base=-0.73 r1=0.113 path=0.000155 cap=0.0358 | Lg=+1.1693 | 41s | curv=+2.25 wide=+2.89 gfmed=1.356
 3180 post m=5 hq=0.059 fail | Dr=-0.916/+0.202 |Dr|max=1.908 Df=-1.557 | g r=0.196 f=1.742 p=1.412(0.006) max=3.891 | Ld=-0.1960 base=-0.371 r1=0.132 path=0.0341 cap=0.00851 | Lg=+1.0527 | 41s | curv=+1.87 wide=+2.6 gfmed=1.758
 3190 post m=7 hq=0.074 fail | Dr=-1.369/-0.882 |Dr|max=2.031 Df=-1.945 | g r=0.182 f=1.674 p=1.385(0.010) max=3.601 | Ld=-0.3079 base=-0.403 r1=0.0925 path=0.000384 cap=0.00247 | Lg=+0.9803 | 41s | curv=+1.99 wide=+2.65 gfmed=1.721
 3200 post m=6 hq=0.035 fail | Dr=-1.108/-0.432 |Dr|max=1.914 Df=-1.813 | g r=0.213 f=1.800 p=1.487(0.007) max=3.859 | Ld=-0.4894 base=-0.608 r1=0.0827 path=0.0237 cap=0.012 | Lg=+1.2413 | 41s | curv=+2.02 wide=+2.63 gfmed=1.844
 3210 post m=8 hq=0.298 fail | Dr=-0.932/-0.161 |Dr|max=2.065 Df=-1.210 | g r=0.253 f=1.151 p=1.375(0.004) max=3.895 | Ld=-0.3934 base=-0.561 r1=0.155 path=0.00928 cap=0.00298 | Lg=+1.1609 | 41s | curv=+1.42 wide=+2.17 gfmed=1.123
 3220 post m=8 hq=0.221 fail | Dr=-1.583/-0.776 |Dr|max=2.558 Df=-2.002 | g r=0.248 f=1.594 p=1.410(0.004) max=4.155 | Ld=-0.2913 base=-0.428 r1=0.124 path=0.00285 cap=0.00946 | Lg=+1.0508 | 42s | curv=+1.52 wide=+2.33 gfmed=1.687
 3230 post m=8 hq=0.233 fail | Dr=-1.433/-0.205 |Dr|max=2.557 Df=-1.865 | g r=0.215 f=1.422 p=1.312(0.009) max=3.785 | Ld=-0.3946 base=-0.479 r1=0.0711 path=0.000409 cap=0.0126 | Lg=+1.1487 | 42s | curv=+1.91 wide=+2.61 gfmed=1.474
 3240 post m=7 hq=0.204 fail | Dr=-1.429/-0.107 |Dr|max=2.661 Df=-1.758 | g r=0.216 f=1.238 p=1.268(0.009) max=3.932 | Ld=-0.1997 base=-0.307 r1=0.0909 path=0.00102 cap=0.0155 | Lg=+1.0125 | 42s | curv=+1.77 wide=+2.46 gfmed=1.217
 3250 post m=6 hq=0.162 fail | Dr=-1.543/-0.206 |Dr|max=2.797 Df=-1.907 | g r=0.251 f=1.309 p=1.232(0.009) max=4.230 | Ld=-0.1653 base=-0.319 r1=0.0863 path=0.00556 cap=0.0614 | Lg=+1.0033 | 42s | curv=+1.69 wide=+2.42 gfmed=1.352
 3260 post m=8 hq=0.455 fail | Dr=-1.249/+1.007 |Dr|max=2.704 Df=-1.469 | g r=0.166 f=1.070 p=1.361(0.005) max=4.704 | Ld=-0.2534 base=-0.372 r1=0.0798 path=0.0322 cap=0.00701 | Lg=+1.2471 | 42s | curv=+1.43 wide=+2.07 gfmed=0.772
 3270 post m=6 hq=0.282 fail | Dr=-0.750/+1.626 |Dr|max=2.377 Df=-0.974 | g r=0.267 f=1.104 p=1.381(0.006) max=4.752 | Ld=-0.3592 base=-0.532 r1=0.123 path=0.00455 cap=0.0456 | Lg=+1.4713 | 42s | curv=+1.05 wide=+1.73 gfmed=1.041
 3280 post m=6 hq=0.258 fail | Dr=-0.710/+1.720 |Dr|max=1.833 Df=-1.032 | g r=0.183 f=1.203 p=1.259(0.007) max=4.379 | Ld=-0.1331 base=-0.202 r1=0.0643 path=0.00176 cap=0.00323 | Lg=+1.0655 | 42s | curv=+1.69 wide=+2.27 gfmed=1.239
 3290 post m=8 hq=0.580 fail | Dr=-0.831/+2.114 |Dr|max=2.304 Df=-0.985 | g r=0.304 f=0.860 p=1.343(0.020) max=4.451 | Ld=-0.0846 base=-0.341 r1=0.19 path=0.00053 cap=0.0654 | Lg=+1.3043 | 42s | curv=+0.606 wide=+1.42 gfmed=0.512
 3300 post m=6 hq=0.333 fail | Dr=-0.190/+3.134 |Dr|max=3.134 Df=-0.570 | g r=0.263 f=1.191 p=1.452(0.014) max=5.477 | Ld=-0.1228 base=-0.261 r1=0.109 path=0.00338 cap=0.0262 | Lg=+1.3101 | 43s | curv=+2.03 wide=+2.51 gfmed=1.034
 3310 post m=8 hq=0.640 fail | Dr=-0.331/+3.940 |Dr|max=3.940 Df=-0.499 | g r=0.336 f=0.824 p=1.444(0.008) max=5.214 | Ld=-0.4167 base=-0.639 r1=0.138 path=0.00194 cap=0.0825 | Lg=+1.7264 | 43s | curv=+1.09 wide=+1.77 gfmed=0.528
 3320 post m=8 hq=0.639 fail | Dr=-0.405/+3.812 |Dr|max=3.812 Df=-0.550 | g r=0.251 f=0.742 p=1.433(0.012) max=5.249 | Ld=-0.1782 base=-0.275 r1=0.0881 path=0.00474 cap=0.00373 | Lg=+1.5757 | 43s | curv=+0.616 wide=+1.34 gfmed=0.383
 3330 post m=8 hq=0.877 fail | Dr=+0.080/+5.772 |Dr|max=5.772 Df=-0.026 | g r=0.145 f=0.294 p=1.481(0.003) max=6.400 | Ld=-0.0810 base=-0.137 r1=0.0447 path=0.00497 cap=0.00597 | Lg=+1.8638 | 43s | curv=+0.622 wide=+1.16 gfmed=0.139
 3340 post m=8 hq=0.878 fail | Dr=+0.233/+5.483 |Dr|max=5.483 Df=+0.128 | g r=0.186 f=0.300 p=1.369(0.002) max=6.356 | Ld=-0.0656 base=-0.113 r1=0.0404 path=0.00382 cap=0.00277 | Lg=+1.5316 | 43s | curv=-0.176 wide=+0.432 gfmed=0.175
 3350 post m=8 hq=0.897 fail | Dr=+0.005/+5.888 |Dr|max=5.888 Df=-0.070 | g r=0.111 f=0.221 p=1.363(0.002) max=6.387 | Ld=-0.0439 base=-0.0973 r1=0.0335 path=0.0123 cap=0.00759 | Lg=+1.8312 | 43s | curv=+0.375 wide=+0.83 gfmed=0.103
 3360 post m=8 hq=0.941 PASS | Dr=-0.287/+5.707 |Dr|max=5.707 Df=-0.379 | g r=0.198 f=0.231 p=1.345(0.005) max=5.970 | Ld=+0.0364 base=-0.108 r1=0.0754 path=0.039 cap=0.0304 | Lg=+1.8060 | 43s | curv=+0.665 wide=+1.02 gfmed=0.195
 3370 post m=8 hq=0.922 PASS | Dr=-0.331/+6.955 |Dr|max=6.955 Df=-0.444 | g r=0.146 f=0.157 p=1.554(0.003) max=6.318 | Ld=-0.2223 base=-0.25 r1=0.0178 path=0.00949 | Lg=+2.2416 | 44s | curv=+0.538 wide=+0.938 gfmed=0.129
 3380 post m=8 hq=0.890 fail | Dr=-0.443/+7.069 |Dr|max=7.069 Df=-0.570 | g r=0.160 f=0.192 p=1.647(0.003) max=6.813 | Ld=-0.1371 base=-0.241 r1=0.0307 path=0.052 cap=0.021 | Lg=+2.4715 | 44s | curv=+0.423 wide=+0.836 gfmed=0.143
 3390 post m=8 hq=0.898 fail | Dr=-0.569/+8.031 |Dr|max=8.031 Df=-0.729 | g r=0.148 f=0.178 p=1.872(0.005) max=7.639 | Ld=-0.2330 base=-0.282 r1=0.019 path=0.019 cap=0.0113 | Lg=+2.5406 | 44s | curv=+0.374 wide=+0.796 gfmed=0.127
 3400 post m=8 hq=0.939 PASS | Dr=-0.509/+6.491 |Dr|max=6.491 Df=-0.611 | g r=0.138 f=0.150 p=1.530(0.006) max=6.658 | Ld=-0.1181 base=-0.155 r1=0.0308 path=0.00587 cap=0.000558 | Lg=+2.2456 | 44s | curv=+0.399 wide=+0.788 gfmed=0.107
 3410 post m=8 hq=0.941 PASS | Dr=-0.971/+6.665 |Dr|max=6.665 Df=-1.094 | g r=0.179 f=0.187 p=1.661(0.002) max=6.020 | Ld=+0.0474 base=-0.0799 r1=0.0513 path=0.0507 cap=0.0252 | Lg=+2.2585 | 44s | curv=+0.509 wide=+0.824 gfmed=0.146
 3420 post m=8 hq=0.936 PASS | Dr=-0.657/+7.391 |Dr|max=7.391 Df=-0.771 | g r=0.158 f=0.184 p=1.707(0.004) max=5.654 | Ld=-0.1495 base=-0.214 r1=0.0281 path=0.0196 cap=0.0167 | Lg=+2.6217 | 44s | curv=+0.114 wide=+0.535 gfmed=0.150
 3430 post m=8 hq=0.947 PASS | Dr=-0.878/+6.319 |Dr|max=6.319 Df=-0.994 | g r=0.143 f=0.155 p=1.563(0.002) max=4.729 | Ld=-0.0900 base=-0.158 r1=0.0378 path=0.0231 cap=0.00745 | Lg=+2.1892 | 44s | curv=+0.276 wide=+0.67 gfmed=0.141
 3440 post m=8 hq=0.855 fail | Dr=+0.085/+7.390 |Dr|max=7.390 Df=-0.037 | g r=0.193 f=0.225 p=1.617(0.002) max=5.132 | Ld=-0.1535 base=-0.228 r1=0.0435 path=0.0232 cap=0.00743 | Lg=+2.3544 | 44s | curv=+0.436 wide=+0.796 gfmed=0.182
 3450 post m=8 hq=0.919 PASS | Dr=-0.255/+7.455 |Dr|max=7.455 Df=-0.383 | g r=0.187 f=0.198 p=1.653(0.011) max=5.015 | Ld=-0.1185 base=-0.158 r1=0.0299 path=0.0086 cap=0.000543 | Lg=+2.3411 | 45s | curv=-0.507 wide=-0.063 gfmed=0.166
 3460 post m=8 hq=0.932 PASS | Dr=-0.583/+6.618 |Dr|max=6.618 Df=-0.668 | g r=0.115 f=0.152 p=1.591(0.003) max=5.083 | Ld=-0.1644 base=-0.227 r1=0.0251 path=0.0283 cap=0.0088 | Lg=+2.2922 | 45s | curv=+0.55 wide=+0.859 gfmed=0.117
 3470 post m=8 hq=0.916 PASS | Dr=-0.168/+7.985 |Dr|max=7.985 Df=-0.291 | g r=0.135 f=0.158 p=1.768(0.006) max=5.642 | Ld=-0.1379 base=-0.221 r1=0.0224 path=0.0213 cap=0.0396 | Lg=+2.6673 | 45s | curv=+0.654 wide=+0.92 gfmed=0.107
 3480 post m=8 hq=0.891 fail | Dr=-0.672/+9.084 |Dr|max=9.084 Df=-0.824 | g r=0.242 f=0.289 p=2.128(0.007) max=6.953 | Ld=-0.2078 base=-0.413 r1=0.131 path=0.0423 cap=0.0324 | Lg=+3.1625 | 45s | curv=-0.255 wide=+0.258 gfmed=0.253
 3490 post m=8 hq=0.920 PASS | Dr=-0.567/+8.315 |Dr|max=8.315 Df=-0.713 | g r=0.213 f=0.237 p=1.946(0.009) max=6.321 | Ld=-0.0963 base=-0.251 r1=0.0887 path=0.0594 cap=0.00638 | Lg=+2.8579 | 45s | curv=+0.634 wide=+1.03 gfmed=0.183
 3500 post m=8 hq=0.924 PASS | Dr=-0.755/+7.866 |Dr|max=7.866 Df=-0.877 | g r=0.239 f=0.258 p=1.922(0.021) max=6.629 | Ld=-0.2081 base=-0.3 r1=0.0427 path=0.0335 cap=0.0157 | Lg=+2.7472 | 45s | curv=+1.12 wide=+1.4 gfmed=0.240
 3510 post m=8 hq=0.922 PASS | Dr=-0.313/+7.707 |Dr|max=7.707 Df=-0.415 | g r=0.195 f=0.205 p=1.794(0.004) max=6.208 | Ld=+0.0381 base=-0.107 r1=0.0787 path=0.0511 cap=0.0151 | Lg=+2.5881 | 45s | curv=+0.923 wide=+1.2 gfmed=0.162
 3520 post m=8 hq=0.954 PASS | Dr=-0.190/+8.639 |Dr|max=8.639 Df=-0.317 | g r=0.123 f=0.142 p=1.817(0.002) max=6.359 | Ld=-0.1266 base=-0.227 r1=0.0368 path=0.0271 cap=0.0364 | Lg=+2.7498 | 45s | curv=+0.162 wide=+0.531 gfmed=0.115
 3530 post m=8 hq=0.872 fail | Dr=-0.549/+8.279 |Dr|max=8.279 Df=-0.717 | g r=0.118 f=0.165 p=1.861(0.008) max=6.722 | Ld=-0.2308 base=-0.291 r1=0.019 path=0.015 cap=0.0265 | Lg=+2.8559 | 46s | curv=+0.342 wide=+0.641 gfmed=0.120
 3540 post m=8 hq=0.911 PASS | Dr=-0.551/+7.996 |Dr|max=7.996 Df=-0.669 | g r=0.141 f=0.183 p=1.870(0.001) max=6.223 | Ld=+0.0048 base=-0.0885 r1=0.0376 path=0.0211 cap=0.0346 | Lg=+2.5522 | 46s | curv=+0.707 wide=+0.995 gfmed=0.123
 3550 post m=8 hq=0.907 PASS | Dr=+0.109/+7.581 |Dr|max=7.581 Df=-0.044 | g r=0.166 f=0.211 p=1.676(0.004) max=6.406 | Ld=-0.0929 base=-0.163 r1=0.0337 path=0.0181 cap=0.0181 | Lg=+2.3337 | 46s | curv=+0.0469 wide=+0.405 gfmed=0.169
 3560 post m=8 hq=0.936 PASS | Dr=+0.234/+8.863 |Dr|max=8.863 Df=+0.082 | g r=0.231 f=0.240 p=1.858(0.009) max=6.771 | Ld=+0.1160 base=0.025 r1=0.0742 path=0.00959 cap=0.00714 | Lg=+2.5171 | 46s | curv=-0.0905 wide=+0.315 gfmed=0.199
 3570 post m=8 hq=0.929 PASS | Dr=-0.347/+8.569 |Dr|max=8.569 Df=-0.488 | g r=0.130 f=0.156 p=1.899(0.004) max=6.455 | Ld=-0.2096 base=-0.305 r1=0.0441 path=0.0189 cap=0.0321 | Lg=+2.9271 | 46s | curv=+0.0949 wide=+0.418 gfmed=0.113
 3580 post m=8 hq=0.906 PASS | Dr=+0.345/+9.594 |Dr|max=9.594 Df=+0.140 | g r=0.288 f=0.303 p=2.076(0.015) max=9.110 | Ld=-0.2444 base=-0.388 r1=0.0589 path=0.0423 cap=0.0426 | Lg=+2.9163 | 46s | curv=+0.341 wide=+0.606 gfmed=0.227
 3590 post m=8 hq=0.941 PASS | Dr=-0.254/+8.431 |Dr|max=8.431 Df=-0.378 | g r=0.099 f=0.108 p=1.839(0.006) max=6.334 | Ld=-0.1613 base=-0.195 r1=0.0216 path=0.00542 cap=0.00707 | Lg=+2.6852 | 46s | curv=+0.35 wide=+0.676 gfmed=0.071
 3600 post m=8 hq=0.937 PASS | Dr=+0.339/+9.975 |Dr|max=9.975 Df=+0.147 | g r=0.148 f=0.170 p=1.975(0.007) max=8.851 | Ld=-0.2638 base=-0.347 r1=0.0384 path=0.0243 cap=0.0207 | Lg=+3.0073 | 46s | curv=+0.583 wide=+0.794 gfmed=0.134
 3610 post m=8 hq=0.953 PASS | Dr=-0.083/+8.674 |Dr|max=8.674 Df=-0.192 | g r=0.131 f=0.149 p=1.829(0.005) max=6.802 | Ld=-0.1261 base=-0.16 r1=0.0258 path=0.00237 cap=0.00603 | Lg=+2.5116 | 47s | curv=+0.474 wide=+0.809 gfmed=0.119
 3620 post m=8 hq=0.943 PASS | Dr=-0.715/+6.229 |Dr|max=6.229 Df=-0.809 | g r=0.148 f=0.150 p=1.504(0.004) max=5.334 | Ld=+0.1470 base=-0.0511 r1=0.011 path=0.025 cap=0.162 | Lg=+2.1443 | 47s | curv=+0.0356 wide=+0.344 gfmed=0.106
 3630 post m=8 hq=0.938 PASS | Dr=+0.357/+9.781 |Dr|max=9.781 Df=+0.173 | g r=0.155 f=0.166 p=1.904(0.008) max=8.676 | Ld=-0.1790 base=-0.268 r1=0.0727 path=0.0166 cap=7.83e-05 | Lg=+2.9174 | 47s | curv=+0.581 wide=+0.834 gfmed=0.118
 3640 post m=8 hq=0.951 PASS | Dr=-0.186/+9.486 |Dr|max=9.486 Df=-0.297 | g r=0.185 f=0.204 p=1.989(0.004) max=7.124 | Ld=-0.0954 base=-0.207 r1=0.0257 path=0.0252 cap=0.0603 | Lg=+3.0025 | 47s | curv=+0.581 wide=+0.902 gfmed=0.163
 3650 post m=8 hq=0.912 PASS | Dr=-1.188/+7.868 |Dr|max=7.868 Df=-1.309 | g r=0.232 f=0.235 p=1.814(0.008) max=7.346 | Ld=-0.0023 base=-0.106 r1=0.0988 path=0.00232 cap=0.00276 | Lg=+2.5327 | 47s | curv=+0.816 wide=+0.964 gfmed=0.208
 3660 post m=8 hq=0.924 PASS | Dr=-0.268/+9.483 |Dr|max=9.483 Df=-0.415 | g r=0.176 f=0.175 p=1.950(0.011) max=8.241 | Ld=-0.2111 base=-0.267 r1=0.0408 path=0.0093 cap=0.00561 | Lg=+2.9383 | 47s | curv=+0.253 wide=+0.563 gfmed=0.131
 3670 post m=8 hq=0.911 PASS | Dr=-0.045/+9.756 |Dr|max=9.756 Df=-0.195 | g r=0.175 f=0.208 p=2.038(0.004) max=7.456 | Ld=-0.1295 base=-0.22 r1=0.0503 path=0.00988 cap=0.0307 | Lg=+2.9204 | 47s | curv=+0.353 wide=+0.641 gfmed=0.144
 3680 post m=8 hq=0.945 PASS | Dr=-0.822/+8.258 |Dr|max=8.258 Df=-0.940 | g r=0.125 f=0.162 p=1.860(0.000) max=7.692 | Ld=-0.0962 base=-0.187 r1=0.0448 path=0.0222 cap=0.024 | Lg=+2.6276 | 48s | curv=+0.0886 wide=+0.48 gfmed=0.133
 3690 post m=8 hq=0.940 PASS | Dr=+0.101/+8.293 |Dr|max=8.293 Df=-0.063 | g r=0.124 f=0.135 p=1.771(0.002) max=9.305 | Ld=-0.2028 base=-0.284 r1=0.0226 path=0.0198 cap=0.0388 | Lg=+2.4692 | 48s | curv=+0.109 wide=+0.44 gfmed=0.093
 3700 post m=8 hq=0.945 PASS | Dr=-0.316/+9.155 |Dr|max=9.155 Df=-0.486 | g r=0.166 f=0.177 p=1.918(0.003) max=9.089 | Ld=-0.2202 base=-0.294 r1=0.0231 path=0.0255 cap=0.0254 | Lg=+2.7695 | 48s | curv=+0.415 wide=+0.74 gfmed=0.155
 3710 post m=8 hq=0.875 fail | Dr=-0.520/+10.346 |Dr|max=10.346 Df=-0.719 | g r=0.210 f=0.237 p=2.157(0.005) max=9.131 | Ld=-0.4051 base=-0.512 r1=0.0342 path=0.0277 cap=0.0451 | Lg=+3.3015 | 48s | curv=+0.59 wide=+0.881 gfmed=0.179
 3720 post m=8 hq=0.894 fail | Dr=+1.071/+10.674 |Dr|max=10.674 Df=+0.870 | g r=0.185 f=0.208 p=2.038(0.002) max=8.248 | Ld=-0.2053 base=-0.361 r1=0.0324 path=0.032 cap=0.0912 | Lg=+3.0718 | 48s | curv=+0.484 wide=+0.866 gfmed=0.152
 3730 post m=8 hq=0.916 PASS | Dr=+0.247/+10.443 |Dr|max=10.443 Df=+0.056 | g r=0.152 f=0.192 p=2.119(0.004) max=8.752 | Ld=-0.1657 base=-0.209 r1=0.0336 path=0.00606 cap=0.0032 | Lg=+2.9981 | 48s | curv=+0.5 wide=+0.903 gfmed=0.131
 3740 post m=8 hq=0.808 fail | Dr=+0.889/+8.639 |Dr|max=8.639 Df=+0.762 | g r=0.127 f=0.241 p=1.693(0.003) max=7.179 | Ld=+0.0576 base=-0.0865 r1=0.0512 path=0.0569 cap=0.036 | Lg=+2.3020 | 48s | curv=+0.503 wide=+0.85 gfmed=0.138
 3750 post m=5 hq=0.410 fail | Dr=+0.132/+8.045 |Dr|max=8.045 Df=-0.046 | g r=0.192 f=0.426 p=1.775(0.007) max=6.245 | Ld=+0.6308 base=-0.0911 r1=0.0539 path=0.597 cap=0.0715 | Lg=+2.4529 | 48s | curv=+0.963 wide=+1.25 gfmed=0.346
 3760 post m=8 hq=0.904 PASS | Dr=+0.726/+9.052 |Dr|max=9.052 Df=+0.587 | g r=0.116 f=0.178 p=1.813(0.001) max=7.421 | Ld=-0.3409 base=-0.376 r1=0.028 path=0.00237 cap=0.00442 | Lg=+2.4846 | 49s | curv=+0.484 wide=+0.941 gfmed=0.104
 3770 post m=8 hq=0.869 fail | Dr=+0.776/+10.005 |Dr|max=10.005 Df=+0.646 | g r=0.211 f=0.246 p=2.046(0.014) max=8.213 | Ld=-0.3824 base=-0.427 r1=0.0425 path=0.00135 cap=0.000945 | Lg=+2.8236 | 49s | curv=+0.999 wide=+1.35 gfmed=0.182
 3780 post m=8 hq=0.934 PASS | Dr=+0.155/+7.612 |Dr|max=7.612 Df=+0.040 | g r=0.189 f=0.198 p=1.661(0.009) max=6.534 | Ld=+0.0200 base=-0.0511 r1=0.054 path=0.0134 cap=0.00361 | Lg=+2.0985 | 49s | curv=+0.187 wide=+0.537 gfmed=0.174
 3790 post m=8 hq=0.925 PASS | Dr=+0.219/+7.389 |Dr|max=7.389 Df=+0.134 | g r=0.162 f=0.203 p=1.723(0.004) max=6.667 | Ld=+0.1810 base=0.113 r1=0.04 path=0.0155 cap=0.0125 | Lg=+2.1134 | 49s | curv=-0.377 wide=+0.013 gfmed=0.153
 3800 post m=8 hq=0.836 fail | Dr=+0.053/+9.164 |Dr|max=9.164 Df=-0.079 | g r=0.232 f=0.365 p=2.066(0.008) max=7.842 | Ld=-0.0615 base=-0.237 r1=0.0888 path=0.0389 cap=0.0476 | Lg=+2.9514 | 49s | curv=+0.778 wide=+1.18 gfmed=0.199
 3810 post m=8 hq=0.929 PASS | Dr=-0.130/+8.842 |Dr|max=8.842 Df=-0.303 | g r=0.160 f=0.177 p=1.936(0.006) max=8.548 | Ld=-0.1139 base=-0.176 r1=0.0284 path=0.0202 cap=0.0134 | Lg=+2.8203 | 49s | curv=+0.14 wide=+0.44 gfmed=0.151
 3820 post m=8 hq=0.951 PASS | Dr=+0.419/+8.677 |Dr|max=8.677 Df=+0.251 | g r=0.150 f=0.173 p=1.820(0.003) max=8.330 | Ld=+0.0783 base=-0.0155 r1=0.0414 path=0.039 cap=0.0133 | Lg=+2.7073 | 49s | curv=+0.251 wide=+0.544 gfmed=0.129
 3830 post m=8 hq=0.925 PASS | Dr=-0.623/+7.068 |Dr|max=7.068 Df=-0.688 | g r=0.144 f=0.162 p=1.683(0.011) max=6.244 | Ld=-0.0552 base=-0.104 r1=0.0204 path=0.0111 cap=0.0169 | Lg=+2.3312 | 50s | curv=+0.139 wide=+0.406 gfmed=0.133
 3840 post m=8 hq=0.956 PASS | Dr=-0.195/+6.614 |Dr|max=6.614 Df=-0.298 | g r=0.136 f=0.148 p=1.548(0.006) max=6.564 | Ld=-0.0687 base=-0.11 r1=0.0305 path=0.00164 cap=0.00876 | Lg=+2.0586 | 50s | curv=+0.0942 wide=+0.369 gfmed=0.103
 3850 post m=8 hq=0.930 PASS | Dr=-0.354/+8.478 |Dr|max=8.478 Df=-0.458 | g r=0.227 f=0.250 p=1.913(0.006) max=8.277 | Ld=-0.1305 base=-0.275 r1=0.0689 path=0.0471 cap=0.0289 | Lg=+2.6310 | 50s | curv=+0.714 wide=+0.903 gfmed=0.195
 3860 post m=8 hq=0.941 PASS | Dr=-0.528/+8.119 |Dr|max=8.119 Df=-0.647 | g r=0.132 f=0.150 p=1.764(0.001) max=7.888 | Ld=-0.1692 base=-0.216 r1=0.0319 path=0.0153 | Lg=+2.5035 | 50s | curv=+0.448 wide=+0.799 gfmed=0.097
 3870 post m=8 hq=0.806 fail | Dr=+0.055/+7.569 |Dr|max=7.569 Df=-0.100 | g r=0.257 f=0.292 p=1.889(0.008) max=9.099 | Ld=+0.1626 base=-0.108 r1=0.063 path=0.0773 cap=0.131 | Lg=+2.5678 | 50s | curv=-0.269 wide=+0.107 gfmed=0.185
 3880 post m=8 hq=0.955 PASS | Dr=-0.255/+7.099 |Dr|max=7.099 Df=-0.397 | g r=0.184 f=0.197 p=1.711(0.007) max=7.884 | Ld=+0.0721 base=-0.152 r1=0.0494 path=0.0968 cap=0.078 | Lg=+2.3511 | 50s | curv=+0.257 wide=+0.64 gfmed=0.148
 3890 post m=8 hq=0.952 PASS | Dr=+0.103/+6.922 |Dr|max=6.922 Df=-0.010 | g r=0.085 f=0.122 p=1.487(0.003) max=6.996 | Ld=-0.0198 base=-0.0574 r1=0.015 path=0.0104 cap=0.0123 | Lg=+2.0687 | 50s | curv=+0.114 wide=+0.47 gfmed=0.076
 3900 post m=8 hq=0.951 PASS | Dr=+0.190/+7.270 |Dr|max=7.270 Df=+0.063 | g r=0.135 f=0.160 p=1.599(0.003) max=7.533 | Ld=+0.1401 base=0.101 r1=0.0282 path=0.00721 cap=0.00409 | Lg=+2.1747 | 50s | curv=+0.263 wide=+0.561 gfmed=0.111
 3910 post m=8 hq=0.905 PASS | Dr=+0.881/+6.443 |Dr|max=6.443 Df=+0.806 | g r=0.168 f=0.230 p=1.346(0.002) max=6.245 | Ld=+0.0943 base=-0.136 r1=0.0522 path=0.167 cap=0.0119 | Lg=+1.6937 | 51s | curv=+0.289 wide=+0.654 gfmed=0.146
 3920 post m=8 hq=0.954 PASS | Dr=+0.700/+6.129 |Dr|max=6.129 Df=+0.661 | g r=0.082 f=0.114 p=1.316(0.002) max=4.839 | Ld=-0.0013 base=-0.0349 r1=0.013 path=0.00644 cap=0.0141 | Lg=+1.6516 | 51s | curv=+0.121 wide=+0.428 gfmed=0.068
 3930 post m=8 hq=0.902 PASS | Dr=+0.633/+7.257 |Dr|max=7.257 Df=+0.602 | g r=0.140 f=0.197 p=1.608(0.006) max=5.624 | Ld=+0.1593 base=0.0145 r1=0.0458 path=0.038 cap=0.0611 | Lg=+2.3708 | 51s | curv=+0.0929 wide=+0.481 gfmed=0.129
 3940 post m=8 hq=0.912 PASS | Dr=+0.484/+6.202 |Dr|max=6.202 Df=+0.461 | g r=0.114 f=0.160 p=1.390(0.003) max=5.176 | Ld=+0.0078 base=-0.0186 r1=0.0217 path=0.00316 cap=0.00155 | Lg=+1.9742 | 51s | curv=+0.243 wide=+0.517 gfmed=0.087
 3950 post m=8 hq=0.822 fail | Dr=+0.182/+7.268 |Dr|max=7.268 Df=+0.153 | g r=0.149 f=0.262 p=1.819(0.006) max=6.944 | Ld=-0.1821 base=-0.245 r1=0.0387 path=0.0156 cap=0.00878 | Lg=+2.7870 | 51s | curv=+0.566 wide=+0.931 gfmed=0.128
 3960 post m=8 hq=0.907 PASS | Dr=+0.503/+6.707 |Dr|max=6.707 Df=+0.479 | g r=0.177 f=0.241 p=1.650(0.008) max=6.425 | Ld=-0.1406 base=-0.207 r1=0.0299 path=0.024 cap=0.012 | Lg=+2.4028 | 51s | curv=+0.311 wide=+0.681 gfmed=0.124
 3970 post m=8 hq=0.931 PASS | Dr=+0.589/+5.701 |Dr|max=5.701 Df=+0.601 | g r=0.114 f=0.183 p=1.415(0.003) max=5.853 | Ld=+0.0103 base=-0.047 r1=0.0228 path=0.00774 cap=0.0268 | Lg=+1.8416 | 51s | curv=+0.625 wide=+0.896 gfmed=0.086
 3980 post m=7 hq=0.499 fail | Dr=+0.676/+3.032 |Dr|max=3.032 Df=+0.563 | g r=0.147 f=0.396 p=1.064(0.003) max=3.499 | Ld=-0.0187 base=-0.135 r1=0.0323 path=0.0834 cap=0.000561 | Lg=+1.1167 | 52s | curv=+0.756 wide=+1 gfmed=0.187
 3990 post m=8 hq=0.905 PASS | Dr=+0.467/+4.548 |Dr|max=4.548 Df=+0.437 | g r=0.101 f=0.178 p=1.167(0.003) max=3.981 | Ld=+0.0093 base=-0.01 r1=0.0169 path=0.00136 cap=0.00107 | Lg=+1.4456 | 52s | curv=+0.474 wide=+0.801 gfmed=0.082
 4000 post m=8 hq=0.917 PASS | Dr=+0.710/+5.308 |Dr|max=5.308 Df=+0.672 | g r=0.099 f=0.172 p=1.273(0.001) max=4.365 | Ld=-0.1320 base=-0.149 r1=0.0109 path=0.00405 cap=0.00233 | Lg=+1.6809 | 52s | curv=+0.303 wide=+0.643 gfmed=0.081
 4010 post m=8 hq=0.940 PASS | Dr=+0.970/+5.516 |Dr|max=5.516 Df=+0.949 | g r=0.073 f=0.133 p=1.218(0.003) max=4.305 | Ld=-0.0924 base=-0.116 r1=0.0216 path=0.00178 cap=0.000331 | Lg=+1.5780 | 52s | curv=+0.378 wide=+0.682 gfmed=0.065
 4020 post m=8 hq=0.957 PASS | Dr=+0.618/+3.750 |Dr|max=3.750 Df=+0.585 | g r=0.061 f=0.102 p=1.033(0.001) max=3.814 | Ld=+0.0518 base=0.0345 r1=0.0129 path=0.00423 cap=0.000182 | Lg=+1.2930 | 52s | curv=+0.217 wide=+0.459 gfmed=0.047
 4030 post m=8 hq=0.939 PASS | Dr=+0.402/+4.735 |Dr|max=4.735 Df=+0.362 | g r=0.160 f=0.201 p=1.335(0.004) max=4.581 | Ld=-0.0413 base=-0.0738 r1=0.0225 path=0.00901 cap=0.001 | Lg=+1.7606 | 52s | curv=+0.535 wide=+0.83 gfmed=0.137
 4040 post m=8 hq=0.958 PASS | Dr=+0.499/+5.259 |Dr|max=5.259 Df=+0.480 | g r=0.073 f=0.113 p=1.207(0.001) max=4.510 | Ld=-0.0978 base=-0.106 r1=0.00691 path=0.000602 cap=0.000751 | Lg=+1.7180 | 52s | curv=+0.281 wide=+0.55 gfmed=0.061
 4050 post m=8 hq=0.937 PASS | Dr=+0.714/+3.700 |Dr|max=3.700 Df=+0.677 | g r=0.063 f=0.101 p=1.003(0.001) max=4.171 | Ld=+0.0515 base=0.0292 r1=0.011 path=0.0101 cap=0.0012 | Lg=+1.2500 | 52s | curv=+0.113 wide=+0.355 gfmed=0.060
 4060 post m=8 hq=0.886 fail | Dr=+0.869/+4.840 |Dr|max=4.840 Df=+0.822 | g r=0.102 f=0.157 p=1.138(0.005) max=4.295 | Ld=-0.0632 base=-0.0755 r1=0.00964 path=0.000658 cap=0.00203 | Lg=+1.5652 | 53s | curv=+0.293 wide=+0.525 gfmed=0.094
 4070 post m=8 hq=0.954 PASS | Dr=+1.052/+4.562 |Dr|max=4.562 Df=+1.023 | g r=0.106 f=0.132 p=1.069(0.002) max=3.816 | Ld=-0.0750 base=-0.0944 r1=0.0132 path=0.00613 | Lg=+1.3977 | 53s | curv=+0.365 wide=+0.584 gfmed=0.076
 4080 post m=8 hq=0.900 fail | Dr=+1.376/+5.652 |Dr|max=5.652 Df=+1.335 | g r=0.208 f=0.242 p=1.320(0.012) max=4.438 | Ld=+0.0136 base=-0.0724 r1=0.0671 path=0.0147 cap=0.00414 | Lg=+1.6229 | 53s | curv=+0.757 wide=+0.92 gfmed=0.179
 4090 post m=8 hq=0.896 fail | Dr=+1.460/+4.094 |Dr|max=4.094 Df=+1.404 | g r=0.097 f=0.157 p=1.060(0.005) max=4.481 | Ld=-0.0018 base=-0.0186 r1=0.0144 path=0.00247 | Lg=+1.1203 | 53s | curv=+0.227 wide=+0.448 gfmed=0.101
 4100 post m=8 hq=0.941 PASS | Dr=+0.558/+5.230 |Dr|max=5.230 Df=+0.541 | g r=0.137 f=0.159 p=1.311(0.006) max=5.601 | Ld=-0.0566 base=-0.107 r1=0.0185 path=0.0296 cap=0.00262 | Lg=+1.7116 | 53s | curv=+0.338 wide=+0.615 gfmed=0.121
 4110 post m=8 hq=0.895 fail | Dr=+0.676/+5.984 |Dr|max=5.984 Df=+0.639 | g r=0.106 f=0.167 p=1.502(0.002) max=5.424 | Ld=-0.1654 base=-0.196 r1=0.018 path=0.0107 cap=0.00215 | Lg=+2.1558 | 53s | curv=+0.69 wide=+0.986 gfmed=0.092
 4120 post m=8 hq=0.946 PASS | Dr=+0.619/+5.124 |Dr|max=5.124 Df=+0.591 | g r=0.124 f=0.154 p=1.318(0.007) max=4.839 | Ld=-0.0672 base=-0.092 r1=0.0224 path=0.00229 | Lg=+1.8006 | 53s | curv=+0.124 wide=+0.408 gfmed=0.112
 4130 post m=8 hq=0.949 PASS | Dr=+0.942/+5.777 |Dr|max=5.777 Df=+0.941 | g r=0.084 f=0.110 p=1.347(0.003) max=4.687 | Ld=-0.1239 base=-0.133 r1=0.0071 path=0.00132 cap=0.000525 | Lg=+1.7865 | 53s | curv=+0.508 wide=+0.759 gfmed=0.074
 4140 post m=8 hq=0.955 PASS | Dr=+1.469/+4.036 |Dr|max=4.036 Df=+1.454 | g r=0.078 f=0.100 p=0.972(0.002) max=3.885 | Ld=+0.0831 base=0.0663 r1=0.00936 path=0.00696 cap=0.000534 | Lg=+1.0650 | 54s | curv=+0.133 wide=+0.301 gfmed=0.066
 4150 post m=8 hq=0.960 PASS | Dr=+1.510/+4.838 |Dr|max=4.838 Df=+1.489 | g r=0.125 f=0.130 p=1.157(0.003) max=4.310 | Ld=-0.0170 base=-0.0513 r1=0.0273 path=0.00702 | Lg=+1.3243 | 54s | curv=-0.1 wide=+0.112 gfmed=0.067
 4160 post m=8 hq=0.968 PASS | Dr=+0.981/+4.539 |Dr|max=4.539 Df=+0.947 | g r=0.103 f=0.112 p=1.096(0.000) max=5.103 | Ld=-0.0165 base=-0.0338 r1=0.0132 path=0.00262 cap=0.0015 | Lg=+1.3586 | 54s | curv=+0.163 wide=+0.319 gfmed=0.088
 4170 post m=8 hq=0.967 PASS | Dr=+0.435/+3.388 |Dr|max=3.388 Df=+0.399 | g r=0.063 f=0.075 p=0.970(0.000) max=4.538 | Ld=-0.0023 base=-0.0242 r1=0.0145 path=0.00741 cap=1.66e-06 | Lg=+1.2102 | 54s | curv=+0.0724 wide=+0.271 gfmed=0.056
 4180 post m=8 hq=0.968 PASS | Dr=+1.150/+3.633 |Dr|max=3.633 Df=+1.122 | g r=0.054 f=0.069 p=0.923(0.000) max=4.219 | Ld=+0.0158 base=0.00891 r1=0.00467 path=0.00179 cap=0.000393 | Lg=+1.0665 | 54s | curv=+0.0966 wide=+0.261 gfmed=0.045
 4190 post m=8 hq=0.974 PASS | Dr=+1.128/+4.971 |Dr|max=4.971 Df=+1.079 | g r=0.072 f=0.080 p=1.173(0.002) max=5.145 | Ld=-0.0211 base=-0.0325 r1=0.00707 path=0.00291 cap=0.00143 | Lg=+1.5250 | 54s | curv=-0.075 wide=+0.12 gfmed=0.059
 4200 post m=8 hq=0.644 fail | Dr=+0.221/+2.930 |Dr|max=2.930 Df=+0.096 | g r=0.113 f=0.481 p=1.112(0.003) max=5.027 | Ld=-0.0951 base=-0.162 r1=0.0334 path=0.033 cap=0.000751 | Lg=+1.3228 | 54s | curv=+0.704 wide=+0.91 gfmed=0.133
 4210 post m=8 hq=0.510 fail | Dr=-0.649/+1.555 |Dr|max=2.346 Df=-0.765 | g r=0.105 f=0.649 p=1.043(0.003) max=4.061 | Ld=-0.1112 base=-0.159 r1=0.031 path=0.0129 cap=0.00352 | Lg=+1.1432 | 54s | curv=+0.892 wide=+1.23 gfmed=0.363
 4220 post m=8 hq=0.729 fail | Dr=-0.418/+2.806 |Dr|max=2.806 Df=-0.479 | g r=0.115 f=0.493 p=1.110(0.004) max=3.863 | Ld=-0.0407 base=-0.0994 r1=0.0442 path=0.00998 cap=0.0045 | Lg=+1.2105 | 55s | curv=+0.884 wide=+1.27 gfmed=0.144
 4230 post m=8 hq=0.873 fail | Dr=-0.221/+2.338 |Dr|max=2.435 Df=-0.209 | g r=0.080 f=0.194 p=1.004(0.002) max=3.698 | Ld=-0.0148 base=-0.0351 r1=0.0185 path=0.00172 cap=5.92e-05 | Lg=+1.0565 | 55s | curv=+0.585 wide=+0.904 gfmed=0.062
 4240 post m=8 hq=0.914 PASS | Dr=-0.045/+3.205 |Dr|max=3.205 Df=-0.041 | g r=0.076 f=0.148 p=1.002(0.002) max=3.704 | Ld=-0.0525 base=-0.064 r1=0.0104 path=0.00113 | Lg=+1.2143 | 55s | curv=+0.371 wide=+0.661 gfmed=0.071
 4250 post m=8 hq=0.929 PASS | Dr=+0.258/+3.394 |Dr|max=3.394 Df=+0.268 | g r=0.080 f=0.132 p=0.955(0.004) max=3.517 | Ld=-0.0209 base=-0.0322 r1=0.0101 path=0.00115 | Lg=+1.1628 | 55s | curv=+0.233 wide=+0.476 gfmed=0.074
 4260 post m=8 hq=0.899 fail | Dr=+0.696/+5.296 |Dr|max=5.296 Df=+0.700 | g r=0.120 f=0.184 p=1.192(0.005) max=4.463 | Ld=+0.0239 base=-0.0233 r1=0.0363 path=0.0107 cap=0.000186 | Lg=+1.6121 | 55s | curv=+0.376 wide=+0.635 gfmed=0.108
 4270 post m=8 hq=0.939 PASS | Dr=+0.426/+5.859 |Dr|max=5.859 Df=+0.421 | g r=0.105 f=0.149 p=1.326(0.001) max=5.042 | Ld=-0.0660 base=-0.0955 r1=0.0212 path=0.00133 cap=0.00698 | Lg=+1.8634 | 55s | curv=+0.585 wide=+0.877 gfmed=0.073
 4280 post m=8 hq=0.947 PASS | Dr=+0.204/+3.926 |Dr|max=3.926 Df=+0.202 | g r=0.072 f=0.103 p=0.998(0.002) max=3.932 | Ld=-0.0778 base=-0.0908 r1=0.00795 path=0.00111 cap=0.00391 | Lg=+1.3839 | 55s | curv=+0.361 wide=+0.583 gfmed=0.061
 4290 post m=8 hq=0.928 PASS | Dr=-0.072/+2.044 |Dr|max=2.711 Df=-0.084 | g r=0.101 f=0.121 p=0.874(0.002) max=3.497 | Ld=+0.0004 base=-0.0267 r1=0.022 path=0.00509 | Lg=+1.1261 | 56s | curv=+0.0683 wide=+0.284 gfmed=0.079
 4300 post m=8 hq=0.941 PASS | Dr=+0.164/+4.685 |Dr|max=4.685 Df=+0.190 | g r=0.163 f=0.184 p=1.105(0.005) max=4.402 | Ld=-0.0643 base=-0.096 r1=0.0193 path=0.01 cap=0.00241 | Lg=+1.6563 | 56s | curv=-0.334 wide=-0.0417 gfmed=0.149
 4310 post m=8 hq=0.933 PASS | Dr=+0.259/+1.250 |Dr|max=1.250 Df=+0.261 | g r=0.079 f=0.097 p=0.756(0.002) max=3.696 | Ld=+0.0613 base=0.031 r1=0.0186 path=0.0117 | Lg=+0.8412 | 56s | curv=+0.37 wide=+0.467 gfmed=0.068
 4320 post m=8 hq=0.947 PASS | Dr=-0.263/+3.104 |Dr|max=3.282 Df=-0.249 | g r=0.052 f=0.083 p=0.960(0.000) max=3.892 | Ld=-0.0631 base=-0.0697 r1=0.00589 path=0.000722 | Lg=+1.3569 | 56s | curv=+0.191 wide=+0.364 gfmed=0.045
 4330 post m=8 hq=0.947 PASS | Dr=+0.128/+2.955 |Dr|max=3.290 Df=+0.146 | g r=0.078 f=0.100 p=0.991(0.007) max=4.277 | Ld=-0.0011 base=-0.0144 r1=0.0116 path=0.00178 | Lg=+1.5181 | 56s | curv=+0.0622 wide=+0.278 gfmed=0.078
 4340 post m=8 hq=0.901 PASS | Dr=+0.305/+3.148 |Dr|max=3.148 Df=+0.365 | g r=0.125 f=0.188 p=1.145(0.007) max=4.977 | Ld=-0.0188 base=-0.0652 r1=0.0218 path=0.0246 | Lg=+1.4463 | 56s | curv=+0.131 wide=+0.336 gfmed=0.118
 4350 post m=8 hq=0.925 PASS | Dr=+0.102/+3.065 |Dr|max=3.652 Df=+0.171 | g r=0.079 f=0.097 p=1.106(0.002) max=4.700 | Ld=-0.0866 base=-0.108 r1=0.0171 path=0.0041 | Lg=+1.5230 | 56s | curv=+0.24 wide=+0.398 gfmed=0.062
 4360 post m=8 hq=0.957 PASS | Dr=-0.034/+2.349 |Dr|max=2.729 Df=+0.011 | g r=0.051 f=0.063 p=0.919(0.002) max=3.757 | Ld=+0.0047 base=-0.0103 r1=0.00997 path=0.00125 cap=0.00369 | Lg=+1.2225 | 56s | curv=+0.174 wide=+0.357 gfmed=0.045
 4370 post m=8 hq=0.957 PASS | Dr=+1.312/+3.143 |Dr|max=3.143 Df=+1.342 | g r=0.053 f=0.066 p=0.799(0.001) max=3.306 | Ld=+0.0455 base=0.0351 r1=0.00687 path=0.00361 | Lg=+1.1207 | 57s | curv=+0.158 wide=+0.294 gfmed=0.054
 4380 post m=8 hq=0.965 PASS | Dr=+0.592/+2.760 |Dr|max=2.760 Df=+0.624 | g r=0.046 f=0.055 p=0.872(0.001) max=3.626 | Ld=-0.0382 base=-0.0443 r1=0.00465 path=0.00148 | Lg=+1.2479 | 57s | curv=+0.236 wide=+0.402 gfmed=0.041
 4390 post m=8 hq=0.963 PASS | Dr=+0.221/+2.543 |Dr|max=2.543 Df=+0.240 | g r=0.050 f=0.058 p=0.872(0.001) max=3.800 | Ld=+0.0185 base=0.0097 r1=0.00499 path=0.00381 | Lg=+1.1985 | 57s | curv=+0.228 wide=+0.382 gfmed=0.039
 4400 post m=8 hq=0.966 PASS | Dr=-0.463/+2.686 |Dr|max=3.659 Df=-0.436 | g r=0.080 f=0.090 p=1.045(0.003) max=4.644 | Ld=-0.0295 base=-0.0357 r1=0.00411 path=0.00208 | Lg=+1.5502 | 57s | curv=-0.0559 wide=+0.189 gfmed=0.072
 4410 post m=8 hq=0.967 PASS | Dr=+0.770/+3.428 |Dr|max=3.428 Df=+0.790 | g r=0.087 f=0.091 p=0.943(0.003) max=4.104 | Ld=+0.0339 base=0.00131 r1=0.0302 path=0.00238 | Lg=+1.3207 | 57s | curv=+0.23 wide=+0.376 gfmed=0.062
 4420 post m=8 hq=0.966 PASS | Dr=+0.172/+4.286 |Dr|max=4.286 Df=+0.216 | g r=0.054 f=0.061 p=1.185(0.001) max=5.128 | Ld=-0.0586 base=-0.0931 r1=0.00698 path=0.0275 | Lg=+1.8040 | 57s | curv=+0.107 wide=+0.315 gfmed=0.047
 4430 post m=8 hq=0.972 PASS | Dr=-0.026/+4.048 |Dr|max=4.048 Df=+0.009 | g r=0.111 f=0.110 p=1.174(0.003) max=5.126 | Ld=-0.0580 base=-0.0777 r1=0.0144 path=0.00529 | Lg=+1.7724 | 57s | curv=+0.0341 wide=+0.252 gfmed=0.094
 4440 post m=8 hq=0.975 PASS | Dr=+0.623/+4.901 |Dr|max=4.901 Df=+0.659 | g r=0.056 f=0.059 p=1.209(0.000) max=5.295 | Ld=-0.0688 base=-0.0773 r1=0.00508 path=0.00343 | Lg=+1.8393 | 57s | curv=+0.155 wide=+0.308 gfmed=0.046
 4450 post m=8 hq=0.956 PASS | Dr=+0.259/+4.242 |Dr|max=4.242 Df=+0.262 | g r=0.075 f=0.082 p=1.062(0.002) max=5.048 | Ld=+0.0556 base=0.0352 r1=0.00842 path=0.00661 cap=0.00541 | Lg=+1.4864 | 57s | curv=+0.218 wide=+0.436 gfmed=0.056
 4460 post m=8 hq=0.972 PASS | Dr=+0.133/+3.393 |Dr|max=3.393 Df=+0.170 | g r=0.051 f=0.057 p=0.974(0.001) max=4.677 | Ld=+0.0016 base=-0.0106 r1=0.00331 path=0.00892 | Lg=+1.3804 | 57s | curv=+0.0917 wide=+0.275 gfmed=0.040
 4470 post m=8 hq=0.977 PASS | Dr=-0.137/+2.982 |Dr|max=3.019 Df=-0.113 | g r=0.045 f=0.047 p=0.957(0.001) max=4.990 | Ld=+0.0167 base=0.00967 r1=0.00609 path=0.000913 | Lg=+1.3531 | 58s | curv=+0.224 wide=+0.397 gfmed=0.033
 4480 post m=8 hq=0.978 PASS | Dr=+1.011/+3.334 |Dr|max=3.334 Df=+1.039 | g r=0.074 f=0.076 p=0.918(0.001) max=4.406 | Ld=+0.1378 base=0.125 r1=0.0106 path=0.00119 cap=0.00126 | Lg=+1.0985 | 58s | curv=+0.108 wide=+0.261 gfmed=0.065
 4490 post m=8 hq=0.942 PASS | Dr=+0.644/+3.812 |Dr|max=3.812 Df=+0.714 | g r=0.069 f=0.083 p=1.168(0.003) max=5.120 | Ld=-0.1273 base=-0.138 r1=0.0073 path=0.00144 cap=0.00177 | Lg=+1.6128 | 58s | curv=+0.0451 wide=+0.214 gfmed=0.057
 4500 post m=8 hq=0.722 fail | Dr=+0.733/+3.083 |Dr|max=3.083 Df=+0.797 | g r=0.157 f=0.266 p=1.068(0.001) max=4.232 | Ld=+0.0972 base=0.0111 r1=0.0417 path=0.0445 | Lg=+1.2743 | 58s | curv=+0.318 wide=+0.51 gfmed=0.198
 4510 post m=2 hq=0.019 fail | Dr=-0.243/+0.960 |Dr|max=1.110 Df=-0.568 | g r=0.160 f=1.015 p=1.174(0.006) max=3.895 | Ld=+0.4507 base=0.0357 r1=0.0366 path=0.363 cap=0.015 | Lg=+0.9897 | 58s | curv=+1.11 wide=+1.49 gfmed=0.804
 4520 post m=5 hq=0.008 fail | Dr=-2.017/-0.351 |Dr|max=4.419 Df=-2.525 | g r=0.239 f=1.536 p=1.554(0.009) max=5.745 | Ld=-0.3064 base=-0.618 r1=0.14 path=0.062 cap=0.11 | Lg=+1.5683 | 58s | curv=+2.38 wide=+2.98 gfmed=1.536
 4530 post m=4 hq=0.095 fail | Dr=-3.539/-2.626 |Dr|max=4.360 Df=-4.665 | g r=0.348 f=1.427 p=1.481(0.006) max=4.293 | Ld=-0.8207 base=-1.29 r1=0.234 path=0.00903 cap=0.225 | Lg=+1.5747 | 58s | curv=+2.99 wide=+3.59 gfmed=1.348
 4540 post m=5 hq=0.088 fail | Dr=-3.651/-2.654 |Dr|max=4.771 Df=-4.716 | g r=0.226 f=1.633 p=1.444(0.008) max=4.540 | Ld=-0.8523 base=-1.04 r1=0.139 path=0.0408 cap=0.0117 | Lg=+1.5047 | 58s | curv=+1.38 wide=+2.19 gfmed=1.572
 4550 post m=0 hq=0.000 fail | Dr=-5.694/-4.687 |Dr|max=6.483 Df=-6.990 | g r=0.293 f=1.460 p=1.406(0.010) max=4.653 | Ld=-1.0165 base=-1.41 r1=0.166 path=0.000549 cap=0.226 | Lg=+2.0004 | 59s | curv=+2.12 wide=+2.97 gfmed=1.311
 4560 post m=5 hq=0.082 fail | Dr=-5.151/-4.215 |Dr|max=6.258 Df=-6.491 | g r=0.301 f=1.478 p=1.509(0.011) max=4.612 | Ld=-0.9741 base=-1.16 r1=0.132 path=0.000278 cap=0.0525 | Lg=+1.5701 | 59s | curv=+3.01 wide=+3.72 gfmed=1.364
 4570 post m=6 hq=0.106 fail | Dr=-4.368/-3.165 |Dr|max=5.699 Df=-5.570 | g r=0.214 f=1.689 p=1.535(0.010) max=4.355 | Ld=-0.9620 base=-1.12 r1=0.113 path=0.00101 cap=0.0404 | Lg=+1.5227 | 59s | curv=+2.35 wide=+3.07 gfmed=1.717
 4580 post m=6 hq=0.106 fail | Dr=-4.806/-3.653 |Dr|max=6.440 Df=-5.709 | g r=0.250 f=1.538 p=1.464(0.012) max=4.258 | Ld=-0.8994 base=-1.05 r1=0.113 path=0.0163 cap=0.0244 | Lg=+1.5630 | 59s | curv=+2.07 wide=+2.76 gfmed=1.409
 4590 post m=8 hq=0.177 fail | Dr=-4.400/-2.672 |Dr|max=6.394 Df=-5.152 | g r=0.284 f=1.404 p=1.363(0.016) max=4.435 | Ld=-0.7903 base=-1.03 r1=0.151 path=0.000605 cap=0.0861 | Lg=+1.5482 | 59s | curv=+1.77 wide=+2.45 gfmed=1.395
 4600 post m=6 hq=0.135 fail | Dr=-3.876/-2.280 |Dr|max=5.107 Df=-4.726 | g r=0.275 f=1.399 p=1.380(0.005) max=4.800 | Ld=-0.5573 base=-0.909 r1=0.252 path=0.00844 cap=0.0912 | Lg=+1.3707 | 59s | curv=+1.02 wide=+1.7 gfmed=1.375
# COMPLETE 4600 updates in 59s; prehold 84/120; arrival=40
