# arm=c3_rate formulation=wgan + r1(1) + path-secant(10,t=0.5) + cap-all(10,c=3) + rate(10) [Dβ2=0.9, A2=0] {lr c×0.5 g×1} device=cuda:0 steps=4600
# step phase modes hq pass | Dr mean/max |Dr|max Df | grad-norm real fake path(min) max | loss_d terms | loss_g | sec
# init=batch_feature_zero hook=None differs_from_old=G,D,prior public_path_match=G,D,prior ema_D_equals_D=None sha G=615e9d129c1c D=e15f6122daf7 prior=2531df2c5ad8
   10 acq  m=0 hq=0.000 fail | Dr=+0.164/+0.733 |Dr|max=0.733 Df=+0.629 | g r=0.328 f=0.679 p=0.582(0.012) max=1.856 | Ld=+2.2178 base=0.202 r1=0.26 path=1.72 rate=0.035 | Lg=+0.6225 | 1s | curv=+0.71 wide=+0.744 gfmed=0.629
   20 acq  m=0 hq=0.000 fail | Dr=+0.226/+0.624 |Dr|max=0.624 Df=-0.373 | g r=0.521 f=1.010 p=1.103(0.014) max=4.133 | Ld=+0.4317 base=-0.464 r1=0.437 path=0.22 cap=0.0234 rate=0.215 | Lg=+1.0311 | 1s | curv=+1.53 wide=+1.9 gfmed=0.752
   30 acq  m=2 hq=0.012 fail | Dr=+0.272/+0.546 |Dr|max=0.546 Df=+0.275 | g r=0.380 f=1.109 p=0.990(0.016) max=3.842 | Ld=+3.1417 base=0.0795 r1=0.297 path=1.7 cap=0.0043 rate=1.06 | Lg=+0.7006 | 1s | curv=+0.991 wide=+1.51 gfmed=1.096
   40 acq  m=2 hq=0.030 fail | Dr=+0.329/+0.550 |Dr|max=0.550 Df=-0.085 | g r=0.534 f=1.201 p=1.205(0.024) max=3.979 | Ld=+1.1355 base=-0.405 r1=0.492 path=0.81 cap=0.014 rate=0.225 | Lg=+0.9398 | 1s | curv=+2.1 wide=+2.55 gfmed=1.132
   50 acq  m=1 hq=0.000 fail | Dr=+0.373/+0.557 |Dr|max=0.557 Df=+0.028 | g r=0.464 f=1.378 p=1.275(0.012) max=3.917 | Ld=+1.0618 base=-0.349 r1=0.327 path=0.483 cap=0.0139 rate=0.588 | Lg=+0.9222 | 1s | curv=+2.08 wide=+2.78 gfmed=1.374
   60 acq  m=1 hq=0.000 fail | Dr=+0.391/+0.753 |Dr|max=0.753 Df=+0.006 | g r=0.497 f=1.398 p=1.291(0.012) max=4.221 | Ld=+1.4768 base=-0.413 r1=0.276 path=0.928 cap=0.0554 rate=0.631 | Lg=+0.9185 | 1s | curv=+2.28 wide=+2.81 gfmed=1.376
   70 acq  m=2 hq=0.011 fail | Dr=+0.464/+0.572 |Dr|max=0.572 Df=+0.040 | g r=0.323 f=1.269 p=1.129(0.017) max=3.977 | Ld=+2.6997 base=-0.363 r1=0.188 path=1.78 cap=0.00474 rate=1.09 | Lg=+0.9370 | 1s | curv=+1.94 wide=+2.52 gfmed=1.170
   80 acq  m=2 hq=0.002 fail | Dr=+0.411/+0.622 |Dr|max=0.622 Df=-0.097 | g r=0.455 f=1.446 p=1.408(0.016) max=4.293 | Ld=+3.0779 base=-0.514 r1=0.346 path=2.53 cap=0.0744 rate=0.639 | Lg=+0.9978 | 2s | curv=+2.74 wide=+3.44 gfmed=1.371
   90 acq  m=2 hq=0.006 fail | Dr=+0.446/+0.686 |Dr|max=0.686 Df=-0.038 | g r=0.439 f=1.358 p=1.302(0.043) max=4.059 | Ld=+1.0358 base=-0.468 r1=0.263 path=0.509 cap=0.0446 rate=0.687 | Lg=+0.9781 | 2s | curv=+2.72 wide=+3.41 gfmed=1.346
  100 acq  m=3 hq=0.006 fail | Dr=+0.504/+0.650 |Dr|max=0.650 Df=-0.239 | g r=0.340 f=1.371 p=1.403(0.002) max=3.928 | Ld=-0.2681 base=-0.655 r1=0.248 path=0.0302 cap=0.0235 rate=0.0855 | Lg=+1.0724 | 2s | curv=+2.12 wide=+2.86 gfmed=1.353
  110 acq  m=4 hq=0.004 fail | Dr=+0.613/+0.771 |Dr|max=0.771 Df=+0.051 | g r=0.391 f=1.567 p=1.516(0.005) max=4.437 | Ld=+3.4210 base=-0.552 r1=0.315 path=2.29 cap=0.0172 rate=1.35 | Lg=+1.0364 | 2s | curv=+2.27 wide=+3.27 gfmed=1.508
  120 acq  m=4 hq=0.020 fail | Dr=+0.707/+0.934 |Dr|max=0.934 Df=+0.222 | g r=0.413 f=1.429 p=1.481(0.012) max=4.677 | Ld=+5.4644 base=-0.551 r1=0.733 path=3.08 cap=0.0418 rate=2.16 | Lg=+0.9980 | 2s | curv=+0.792 wide=+1.98 gfmed=1.353
  130 acq  m=1 hq=0.001 fail | Dr=+0.856/+1.230 |Dr|max=1.230 Df=+0.264 | g r=0.372 f=1.653 p=1.502(0.017) max=4.334 | Ld=+3.1595 base=-0.578 r1=0.317 path=2.15 cap=0.0177 rate=1.25 | Lg=+1.0414 | 2s | curv=+0.0283 wide=+1.34 gfmed=1.554
  140 acq  m=1 hq=0.023 fail | Dr=+0.778/+1.240 |Dr|max=1.240 Df=+0.376 | g r=0.355 f=1.476 p=1.472(0.014) max=4.754 | Ld=+1.9352 base=-0.629 r1=0.229 path=1.65 cap=0.0614 rate=0.619 | Lg=+1.0593 | 2s | curv=+1.19 wide=+2.25 gfmed=1.383
  150 acq  m=2 hq=0.060 fail | Dr=+0.532/+0.864 |Dr|max=0.864 Df=+0.175 | g r=0.369 f=1.107 p=1.083(0.012) max=3.897 | Ld=+3.5444 base=-0.396 r1=0.173 path=1.02 cap=0.0657 rate=2.68 | Lg=+0.9441 | 2s | curv=+0.495 wide=+1.46 gfmed=0.802
  160 acq  m=2 hq=0.094 fail | Dr=+0.578/+0.915 |Dr|max=0.915 Df=+0.130 | g r=0.352 f=1.116 p=1.107(0.008) max=3.797 | Ld=+0.7758 base=-0.525 r1=0.172 path=0.497 cap=0.0724 rate=0.56 | Lg=+1.0080 | 3s | curv=+1.13 wide=+2.01 gfmed=0.848
  170 acq  m=2 hq=0.035 fail | Dr=+0.588/+0.872 |Dr|max=0.872 Df=+0.040 | g r=0.314 f=1.021 p=1.106(0.002) max=3.844 | Ld=+0.8221 base=-0.458 r1=0.19 path=0.733 cap=0.0254 rate=0.331 | Lg=+0.9957 | 3s | curv=+1.67 wide=+2.49 gfmed=0.737
  180 acq  m=2 hq=0.139 fail | Dr=+0.540/+0.831 |Dr|max=0.831 Df=-0.009 | g r=0.257 f=1.004 p=1.055(0.008) max=3.652 | Ld=+0.9493 base=-0.635 r1=0.113 path=0.859 cap=0.0177 rate=0.594 | Lg=+1.0814 | 3s | curv=+0.929 wide=+1.8 gfmed=0.640
  190 acq  m=2 hq=0.154 fail | Dr=+0.577/+0.945 |Dr|max=0.945 Df=-0.114 | g r=0.253 f=0.957 p=1.017(0.003) max=3.564 | Ld=-0.0460 base=-0.709 r1=0.106 path=0.156 cap=0.0069 rate=0.394 | Lg=+1.1402 | 3s | curv=+0.765 wide=+1.49 gfmed=0.664
  200 acq  m=2 hq=0.157 fail | Dr=+0.582/+1.005 |Dr|max=1.005 Df=-0.206 | g r=0.279 f=1.023 p=1.072(0.005) max=3.682 | Ld=-0.0970 base=-0.847 r1=0.0906 path=0.156 cap=0.00646 rate=0.498 | Lg=+1.2300 | 3s | curv=+0.689 wide=+1.46 gfmed=0.756
  210 acq  m=2 hq=0.175 fail | Dr=+0.558/+1.060 |Dr|max=1.060 Df=-0.248 | g r=0.286 f=0.946 p=1.071(0.017) max=3.694 | Ld=+1.2552 base=-0.866 r1=0.087 path=0.567 cap=0.0256 rate=1.44 | Lg=+1.2914 | 3s | curv=+1.82 wide=+2.4 gfmed=0.637
  220 acq  m=2 hq=0.032 fail | Dr=+0.685/+1.205 |Dr|max=1.205 Df=-0.367 | g r=0.242 f=1.392 p=1.197(0.006) max=3.730 | Ld=-0.3266 base=-0.987 r1=0.138 path=0.137 cap=0.0179 rate=0.367 | Lg=+1.3479 | 3s | curv=+1.07 wide=+1.83 gfmed=1.278
  230 acq  m=1 hq=0.054 fail | Dr=+0.817/+1.481 |Dr|max=1.481 Df=-0.545 | g r=0.251 f=0.955 p=1.251(0.005) max=4.268 | Ld=-0.1036 base=-1.1 r1=0.135 path=0.0857 cap=0.0114 rate=0.761 | Lg=+1.5353 | 3s | curv=+0.668 wide=+1.47 gfmed=0.718
  240 acq  m=2 hq=0.081 fail | Dr=+0.692/+1.919 |Dr|max=1.919 Df=-0.316 | g r=0.501 f=1.405 p=1.477(0.008) max=4.770 | Ld=+2.4556 base=-1.13 r1=0.406 path=3.11 cap=0.048 rate=0.0171 | Lg=+1.5103 | 4s | curv=+1.71 wide=+2.53 gfmed=1.337
  250 acq  m=0 hq=0.000 fail | Dr=+0.603/+1.629 |Dr|max=1.629 Df=+1.968 | g r=0.611 f=1.133 p=1.301(0.015) max=4.334 | Ld=+45.2417 base=0.685 r1=0.375 path=44.1 cap=0.0343 rate=0.0789 | Lg=+0.8045 | 4s | curv=+2.61 wide=+3.42 gfmed=0.964
  260 acq  m=1 hq=0.002 fail | Dr=+0.356/+0.946 |Dr|max=0.946 Df=-0.271 | g r=0.688 f=1.606 p=1.525(0.008) max=5.237 | Ld=+1.6308 base=-0.727 r1=0.797 path=1.36 cap=0.198 rate=0.00249 | Lg=+1.1331 | 4s | curv=+4.42 wide=+4.72 gfmed=1.473
  270 acq  m=1 hq=0.004 fail | Dr=+0.394/+0.898 |Dr|max=0.898 Df=+0.039 | g r=0.505 f=1.232 p=1.339(0.009) max=4.561 | Ld=+2.8163 base=-0.404 r1=0.469 path=2.69 cap=0.0443 rate=0.0124 | Lg=+0.9406 | 4s | curv=+2.32 wide=+3 gfmed=1.036
  280 acq  m=2 hq=0.064 fail | Dr=+0.206/+0.771 |Dr|max=0.771 Df=+0.069 | g r=0.509 f=1.284 p=1.234(0.016) max=4.299 | Ld=+7.0401 base=-0.258 r1=0.42 path=4.1 cap=0.314 rate=2.46 | Lg=+0.8578 | 4s | curv=+2.94 wide=+3.69 gfmed=1.043
  290 acq  m=1 hq=0.065 fail | Dr=+0.204/+0.774 |Dr|max=0.774 Df=+0.021 | g r=0.424 f=1.338 p=1.237(0.017) max=3.921 | Ld=+0.8287 base=-0.413 r1=0.302 path=0.691 cap=0.0325 rate=0.216 | Lg=+0.9466 | 4s | curv=+1.84 wide=+3.01 gfmed=1.085
  300 acq  m=1 hq=0.006 fail | Dr=+0.267/+0.631 |Dr|max=0.631 Df=-0.015 | g r=0.391 f=1.084 p=1.080(0.005) max=3.727 | Ld=+1.8438 base=-0.251 r1=0.182 path=0.359 cap=0.011 rate=1.54 | Lg=+0.8923 | 4s | curv=+0.917 wide=+1.97 gfmed=0.927
  310 acq  m=2 hq=0.053 fail | Dr=+0.343/+0.696 |Dr|max=0.696 Df=-0.179 | g r=0.372 f=1.022 p=1.142(0.012) max=4.595 | Ld=+6.2884 base=-0.203 r1=0.14 path=3.7 cap=0.0314 rate=2.62 | Lg=+1.0143 | 5s | curv=+1.81 wide=+2.59 gfmed=0.771
  320 acq  m=2 hq=0.023 fail | Dr=+0.418/+0.618 |Dr|max=0.618 Df=-0.337 | g r=0.309 f=0.806 p=0.954(0.013) max=3.826 | Ld=+0.9768 base=-0.537 r1=0.162 path=0.386 cap=0.0709 rate=0.895 | Lg=+1.0981 | 5s | curv=+1.28 wide=+1.89 gfmed=0.687
  330 acq  m=1 hq=0.004 fail | Dr=+0.408/+0.674 |Dr|max=0.674 Df=-0.359 | g r=0.285 f=0.989 p=1.066(0.005) max=3.988 | Ld=+2.3643 base=-0.844 r1=0.139 path=0.44 cap=0.059 rate=2.57 | Lg=+1.1667 | 5s | curv=+1.25 wide=+1.96 gfmed=0.858
  340 acq  m=1 hq=0.009 fail | Dr=+0.484/+0.823 |Dr|max=0.823 Df=-0.371 | g r=0.397 f=0.748 p=1.006(0.012) max=3.780 | Ld=+12.0809 base=-0.709 r1=0.106 path=1.61 cap=0.0111 rate=11.1 | Lg=+1.5192 | 5s | curv=+1.73 wide=+2.43 gfmed=0.606
  350 acq  m=2 hq=0.024 fail | Dr=+0.669/+1.107 |Dr|max=1.107 Df=-0.407 | g r=0.276 f=0.784 p=1.083(0.012) max=3.888 | Ld=-0.2356 base=-0.851 r1=0.177 path=0.153 cap=0.014 rate=0.272 | Lg=+1.2923 | 5s | curv=+1.56 wide=+2.28 gfmed=0.545
  360 acq  m=2 hq=0.024 fail | Dr=+0.717/+1.271 |Dr|max=1.271 Df=-0.326 | g r=0.213 f=0.833 p=1.013(0.006) max=3.721 | Ld=+0.0300 base=-1.05 r1=0.12 path=0.0518 cap=0.0073 rate=0.896 | Lg=+1.2952 | 5s | curv=+0.934 wide=+1.63 gfmed=0.700
  370 acq  m=2 hq=0.092 fail | Dr=+0.864/+1.437 |Dr|max=1.437 Df=-0.375 | g r=0.255 f=1.039 p=1.134(0.022) max=5.000 | Ld=+1.5102 base=-1.04 r1=0.279 path=0.179 cap=0.0158 rate=2.08 | Lg=+1.4916 | 5s | curv=+0.673 wide=+1.47 gfmed=0.667
  380 acq  m=2 hq=0.171 fail | Dr=+0.841/+1.404 |Dr|max=1.404 Df=+0.402 | g r=0.197 f=1.218 p=1.094(0.003) max=3.966 | Ld=+2.0011 base=-0.923 r1=0.146 path=0.0888 cap=0.0146 rate=2.67 | Lg=+1.1348 | 5s | curv=+0.729 wide=+1.31 gfmed=1.101
  390 acq  m=0 hq=0.000 fail | Dr=+0.776/+1.708 |Dr|max=1.708 Df=-0.147 | g r=0.204 f=1.286 p=1.153(0.006) max=3.944 | Ld=-0.5919 base=-0.729 r1=0.104 path=0.00344 cap=0.00589 rate=0.024 | Lg=+1.1440 | 6s | curv=+1.29 wide=+2.08 gfmed=1.153
  400 acq  m=1 hq=0.000 fail | Dr=+0.951/+1.891 |Dr|max=1.891 Df=+0.026 | g r=0.211 f=0.830 p=1.041(0.008) max=4.356 | Ld=+3.2101 base=-1.41 r1=0.175 path=0.0117 cap=0.0208 rate=4.41 | Lg=+1.3205 | 6s | curv=+0.106 wide=+1.02 gfmed=0.675
  410 acq  m=3 hq=0.040 fail | Dr=+0.879/+1.851 |Dr|max=1.851 Df=-0.135 | g r=0.182 f=1.116 p=1.110(0.014) max=3.664 | Ld=-0.7707 base=-1.09 r1=0.108 path=0.00264 cap=0.0112 rate=0.2 | Lg=+1.3522 | 6s | curv=+0.948 wide=+1.82 gfmed=1.024
  420 acq  m=3 hq=0.049 fail | Dr=+0.847/+1.970 |Dr|max=1.970 Df=-0.274 | g r=0.228 f=1.115 p=1.189(0.008) max=4.011 | Ld=-0.6463 base=-1.08 r1=0.0948 path=0.0105 cap=0.0253 rate=0.302 | Lg=+1.4472 | 6s | curv=+1.41 wide=+2.23 gfmed=1.021
  430 acq  m=2 hq=0.115 fail | Dr=+0.665/+1.309 |Dr|max=1.309 Df=+0.003 | g r=0.419 f=1.196 p=1.317(0.016) max=5.379 | Ld=+11.3064 base=-0.935 r1=0.153 path=9.34 cap=0.105 rate=2.65 | Lg=+1.2191 | 6s | curv=+2.79 wide=+4.12 gfmed=1.048
  440 acq  m=2 hq=0.111 fail | Dr=+0.752/+1.193 |Dr|max=1.193 Df=-0.037 | g r=0.310 f=0.875 p=1.163(0.018) max=5.041 | Ld=-0.3719 base=-0.764 r1=0.255 path=0.0308 cap=0.0361 rate=0.0699 | Lg=+1.1741 | 6s | curv=+2.64 wide=+3.75 gfmed=0.629
  450 acq  m=2 hq=0.100 fail | Dr=+0.835/+1.300 |Dr|max=1.300 Df=-0.298 | g r=0.255 f=1.325 p=1.203(0.002) max=4.394 | Ld=-0.0796 base=-1.1 r1=0.157 path=0.161 cap=0.04 rate=0.66 | Lg=+1.1939 | 6s | curv=+1.64 wide=+2.73 gfmed=1.275
  460 acq  m=0 hq=0.000 fail | Dr=+0.845/+1.473 |Dr|max=1.473 Df=-0.147 | g r=0.215 f=0.855 p=1.054(0.002) max=4.205 | Ld=-0.7053 base=-0.976 r1=0.125 path=0.0184 cap=0.00637 rate=0.12 | Lg=+1.3479 | 6s | curv=+1.52 wide=+2.56 gfmed=0.705
  470 acq  m=3 hq=0.016 fail | Dr=+0.915/+1.651 |Dr|max=1.651 Df=-0.291 | g r=0.202 f=0.764 p=1.201(0.007) max=3.877 | Ld=-0.2438 base=-0.912 r1=0.109 path=0.0334 cap=0.00983 rate=0.516 | Lg=+1.3058 | 6s | curv=+1.15 wide=+2.05 gfmed=0.566
  480 acq  m=1 hq=0.075 fail | Dr=+0.957/+1.802 |Dr|max=1.802 Df=-0.145 | g r=0.215 f=0.855 p=1.114(0.010) max=4.082 | Ld=-0.3000 base=-1.25 r1=0.154 path=0.0779 cap=0.0283 rate=0.689 | Lg=+1.4684 | 7s | curv=+0.544 wide=+1.47 gfmed=0.581
  490 acq  m=2 hq=0.066 fail | Dr=+1.009/+2.014 |Dr|max=2.014 Df=-0.285 | g r=0.193 f=0.984 p=1.183(0.010) max=4.396 | Ld=-0.6653 base=-1.25 r1=0.073 path=0.105 cap=0.0104 rate=0.393 | Lg=+1.5961 | 7s | curv=+1.18 wide=+2.06 gfmed=0.666
  500 acq  m=1 hq=0.026 fail | Dr=+1.083/+2.166 |Dr|max=2.166 Df=-0.191 | g r=0.183 f=0.817 p=1.124(0.004) max=3.963 | Ld=-0.4866 base=-1.38 r1=0.143 path=0.024 cap=0.0149 rate=0.712 | Lg=+1.6106 | 7s | curv=+0.381 wide=+1.09 gfmed=0.710
  510 acq  m=2 hq=0.214 fail | Dr=+1.032/+2.247 |Dr|max=2.247 Df=-0.277 | g r=0.193 f=1.206 p=1.201(0.014) max=3.971 | Ld=-1.0043 base=-1.33 r1=0.0604 path=0.022 cap=0.0154 rate=0.232 | Lg=+1.7376 | 7s | curv=+1.19 wide=+1.93 gfmed=0.942
  520 acq  m=2 hq=0.034 fail | Dr=+1.058/+2.335 |Dr|max=2.335 Df=-0.363 | g r=0.212 f=0.681 p=1.138(0.004) max=4.206 | Ld=+0.2300 base=-1.31 r1=0.0871 path=0.106 cap=0.00802 rate=1.34 | Lg=+1.7483 | 7s | curv=+1.55 wide=+2.18 gfmed=0.433
  530 acq  m=2 hq=0.128 fail | Dr=+0.856/+1.941 |Dr|max=1.941 Df=-0.348 | g r=0.429 f=1.291 p=1.263(0.017) max=5.211 | Ld=+8.9844 base=-0.991 r1=0.504 path=0.0547 cap=0.132 rate=9.28 | Lg=+1.4946 | 7s | curv=+2.1 wide=+2.88 gfmed=1.045
  540 acq  m=2 hq=0.045 fail | Dr=+0.777/+1.556 |Dr|max=1.556 Df=-0.435 | g r=0.286 f=0.655 p=1.083(0.013) max=4.524 | Ld=-0.6522 base=-1.14 r1=0.143 path=0.00338 cap=0.0106 rate=0.327 | Lg=+1.5132 | 7s | curv=+2.37 wide=+3.22 gfmed=0.370
  550 acq  m=2 hq=0.020 fail | Dr=+0.788/+1.522 |Dr|max=1.522 Df=-0.389 | g r=0.278 f=0.975 p=1.153(0.015) max=4.233 | Ld=-0.6418 base=-1.26 r1=0.086 path=0.0651 cap=0.00642 rate=0.462 | Lg=+1.6265 | 7s | curv=+2.2 wide=+3.1 gfmed=0.468
  560 acq  m=3 hq=0.225 fail | Dr=+0.835/+1.662 |Dr|max=1.662 Df=-0.349 | g r=0.221 f=1.308 p=1.245(0.006) max=3.992 | Ld=-0.5333 base=-1.15 r1=0.0523 path=0.0166 cap=0.00962 rate=0.541 | Lg=+1.5784 | 8s | curv=+1.93 wide=+2.89 gfmed=1.026
  570 acq  m=3 hq=0.180 fail | Dr=+0.980/+1.968 |Dr|max=1.968 Df=-0.327 | g r=0.223 f=1.007 p=1.196(0.008) max=4.533 | Ld=+0.8910 base=-1.16 r1=0.145 path=0.00951 cap=0.0155 rate=1.88 | Lg=+1.7287 | 8s | curv=+1.1 wide=+1.9 gfmed=0.593
  580 acq  m=2 hq=0.187 fail | Dr=+0.931/+1.850 |Dr|max=1.850 Df=-0.383 | g r=0.263 f=1.289 p=1.291(0.011) max=4.171 | Ld=+0.5387 base=-1.11 r1=0.132 path=0.0263 cap=0.0237 rate=1.47 | Lg=+1.5496 | 8s | curv=+1.88 wide=+2.41 gfmed=1.055
  590 acq  m=2 hq=0.187 fail | Dr=+0.821/+1.846 |Dr|max=1.846 Df=-0.318 | g r=0.314 f=1.058 p=1.213(0.019) max=4.835 | Ld=+1.7209 base=-1.29 r1=0.231 path=0.0287 cap=0.0355 rate=2.72 | Lg=+1.5275 | 8s | curv=+1.34 wide=+2.18 gfmed=0.788
  600 acq  m=1 hq=0.048 fail | Dr=+0.823/+2.029 |Dr|max=2.029 Df=-0.603 | g r=0.222 f=0.920 p=1.226(0.002) max=3.701 | Ld=-1.0183 base=-1.33 r1=0.103 path=0.00578 cap=0.00946 rate=0.19 | Lg=+1.6647 | 8s | curv=+1.45 wide=+2.35 gfmed=0.575
  610 acq  m=1 hq=0.060 fail | Dr=+0.824/+2.051 |Dr|max=2.051 Df=-0.640 | g r=0.214 f=0.863 p=1.250(0.008) max=3.714 | Ld=-0.7402 base=-1.55 r1=0.088 path=0.0633 cap=0.00404 rate=0.653 | Lg=+1.7694 | 8s | curv=+1.51 wide=+2.36 gfmed=0.516
  620 acq  m=1 hq=0.014 fail | Dr=+0.922/+2.372 |Dr|max=2.372 Df=-0.726 | g r=0.228 f=0.863 p=1.264(0.012) max=3.912 | Ld=-0.4510 base=-1.43 r1=0.0767 path=0.0053 cap=0.00914 rate=0.889 | Lg=+1.8426 | 8s | curv=+1.52 wide=+2.22 gfmed=0.562
  630 acq  m=2 hq=0.053 fail | Dr=+1.060/+2.828 |Dr|max=2.828 Df=-0.680 | g r=0.223 f=0.858 p=1.301(0.006) max=3.849 | Ld=+1.0591 base=-1.5 r1=0.0746 path=0.137 cap=0.00519 rate=2.35 | Lg=+1.8982 | 8s | curv=+0.587 wide=+1.32 gfmed=0.339
  640 acq  m=1 hq=0.054 fail | Dr=+1.142/+2.841 |Dr|max=2.841 Df=-0.629 | g r=0.164 f=0.689 p=1.241(0.003) max=3.832 | Ld=-1.1801 base=-1.81 r1=0.113 path=0.0137 cap=0.0039 rate=0.499 | Lg=+2.0281 | 8s | curv=+0.803 wide=+1.58 gfmed=0.310
  650 acq  m=1 hq=0.103 fail | Dr=+1.160/+2.931 |Dr|max=2.931 Df=-0.515 | g r=0.193 f=1.043 p=1.311(0.015) max=3.991 | Ld=-1.1653 base=-1.76 r1=0.0746 path=0.08 cap=0.0175 rate=0.421 | Lg=+1.9355 | 9s | curv=+1.19 wide=+2.05 gfmed=0.914
  660 acq  m=2 hq=0.111 fail | Dr=+1.076/+2.729 |Dr|max=2.729 Df=-0.673 | g r=0.199 f=0.914 p=1.355(0.003) max=4.665 | Ld=-0.6401 base=-1.81 r1=0.0866 path=0.184 cap=0.011 rate=0.889 | Lg=+1.9992 | 9s | curv=+1.39 wide=+2.2 gfmed=0.507
  670 acq  m=3 hq=0.167 fail | Dr=+1.148/+3.035 |Dr|max=3.035 Df=-0.511 | g r=0.246 f=1.339 p=1.388(0.002) max=3.995 | Ld=+0.0503 base=-1.62 r1=0.047 path=0.0622 cap=0.00425 rate=1.55 | Lg=+2.1136 | 9s | curv=+1.47 wide=+2.15 gfmed=1.223
  680 acq  m=2 hq=0.186 fail | Dr=+1.126/+2.836 |Dr|max=2.836 Df=-0.554 | g r=0.187 f=0.857 p=1.278(0.011) max=4.242 | Ld=-0.3392 base=-1.53 r1=0.0747 path=0.00164 cap=0.0204 rate=1.09 | Lg=+1.6894 | 9s | curv=+1.24 wide=+1.92 gfmed=0.378
  690 acq  m=1 hq=0.006 fail | Dr=+0.829/+1.953 |Dr|max=1.953 Df=-0.135 | g r=0.494 f=1.253 p=1.283(0.036) max=4.907 | Ld=+45.1598 base=-0.631 r1=0.245 path=37.8 cap=0.165 rate=7.57 | Lg=+1.4940 | 9s | curv=+3.38 wide=+4.16 gfmed=1.278
  700 acq  m=3 hq=0.170 fail | Dr=+0.888/+1.686 |Dr|max=1.686 Df=-0.281 | g r=0.309 f=1.534 p=1.382(0.023) max=5.007 | Ld=-0.8052 base=-1.23 r1=0.213 path=0.0356 cap=0.161 rate=0.0121 | Lg=+1.5335 | 9s | curv=+2.31 wide=+3.24 gfmed=1.500
  710 acq  m=3 hq=0.092 fail | Dr=+0.973/+1.732 |Dr|max=1.732 Df=+0.298 | g r=0.253 f=1.562 p=1.415(0.016) max=5.141 | Ld=-0.3593 base=-0.882 r1=0.162 path=0.0191 cap=0.0958 rate=0.246 | Lg=+1.2831 | 9s | curv=+1.5 wide=+2.26 gfmed=1.555
  720 acq  m=1 hq=0.143 fail | Dr=+0.830/+1.807 |Dr|max=1.807 Df=+0.637 | g r=0.392 f=1.664 p=1.520(0.017) max=4.957 | Ld=+2.6672 base=-0.662 r1=0.379 path=2.16 cap=0.0133 rate=0.774 | Lg=+1.4821 | 9s | curv=+1.84 wide=+2.82 gfmed=1.673
  730 acq  m=1 hq=0.003 fail | Dr=+0.814/+1.937 |Dr|max=1.937 Df=+0.056 | g r=0.279 f=1.092 p=1.168(0.023) max=4.125 | Ld=-0.9549 base=-1.27 r1=0.174 path=0.00712 cap=0.0161 rate=0.119 | Lg=+1.6890 | 10s | curv=+1.56 wide=+2.36 gfmed=1.065
  740 acq  m=0 hq=0.000 fail | Dr=+0.762/+1.901 |Dr|max=1.901 Df=-0.738 | g r=0.437 f=0.971 p=1.392(0.010) max=4.617 | Ld=+0.9041 base=-1.44 r1=0.404 cap=0.176 rate=1.76 | Lg=+2.1177 | 10s | curv=+2.82 wide=+3.7 gfmed=0.964
  750 acq  m=1 hq=0.031 fail | Dr=+0.795/+1.907 |Dr|max=1.907 Df=-0.494 | g r=0.312 f=0.908 p=1.257(0.008) max=5.912 | Ld=-0.1178 base=-1.2 r1=0.197 path=0.000171 cap=0.119 rate=0.768 | Lg=+1.5832 | 10s | curv=+2.09 wide=+2.85 gfmed=0.773
  760 acq  m=0 hq=0.000 fail | Dr=+0.878/+2.008 |Dr|max=2.008 Df=-0.690 | g r=0.298 f=1.085 p=1.207(0.018) max=4.303 | Ld=+0.8580 base=-1.37 r1=0.121 path=0.0067 cap=0.0179 rate=2.08 | Lg=+1.8695 | 10s | curv=+0.863 wide=+1.52 gfmed=1.118
  770 acq  m=0 hq=0.000 fail | Dr=+0.759/+2.244 |Dr|max=2.244 Df=-0.790 | g r=0.286 f=0.586 p=1.104(0.003) max=4.154 | Ld=+1.4533 base=-1.31 r1=0.106 path=0.119 cap=0.00528 rate=2.53 | Lg=+1.8173 | 10s | curv=+1.27 wide=+1.77 gfmed=0.479
  780 acq  m=1 hq=0.001 fail | Dr=+0.936/+2.659 |Dr|max=2.659 Df=-0.398 | g r=0.265 f=1.292 p=1.181(0.015) max=4.055 | Ld=-0.2396 base=-1.27 r1=0.0852 path=0.0607 cap=0.00783 rate=0.875 | Lg=+1.7153 | 10s | curv=+1.02 wide=+1.6 gfmed=1.173
  790 acq  m=1 hq=0.006 fail | Dr=+1.027/+2.851 |Dr|max=2.851 Df=-0.682 | g r=0.220 f=0.575 p=1.134(0.003) max=4.719 | Ld=-0.4354 base=-1.01 r1=0.0828 path=0.0444 cap=0.0128 rate=0.436 | Lg=+1.5371 | 10s | curv=+1.67 wide=+2.11 gfmed=0.399
  800 acq  m=2 hq=0.132 fail | Dr=+1.035/+2.907 |Dr|max=2.907 Df=-0.414 | g r=0.201 f=0.853 p=1.130(0.012) max=3.940 | Ld=+1.1204 base=-1.75 r1=0.113 path=0.0129 cap=0.0121 rate=2.73 | Lg=+1.8203 | 10s | curv=+0.65 wide=+1.28 gfmed=0.535
  810 acq  m=2 hq=0.294 fail | Dr=+0.996/+2.954 |Dr|max=2.954 Df=-0.231 | g r=0.262 f=1.538 p=1.196(0.010) max=4.379 | Ld=+0.4607 base=-1.34 r1=0.0835 path=0.244 cap=0.0252 rate=1.44 | Lg=+1.6074 | 11s | curv=+1.81 wide=+2.37 gfmed=1.623
  820 acq  m=1 hq=0.000 fail | Dr=+0.967/+2.724 |Dr|max=2.724 Df=-0.635 | g r=0.273 f=0.671 p=1.155(0.006) max=4.140 | Ld=+1.5257 base=-1.69 r1=0.164 path=0.229 cap=0.17 rate=2.65 | Lg=+1.6162 | 11s | curv=+1.03 wide=+1.46 gfmed=0.530
  830 acq  m=2 hq=0.006 fail | Dr=+1.003/+2.908 |Dr|max=2.908 Df=-0.927 | g r=0.204 f=1.138 p=1.278(0.007) max=4.035 | Ld=+0.4648 base=-1.68 r1=0.0841 path=0.00286 cap=0.024 rate=2.03 | Lg=+2.0869 | 11s | curv=+1.69 wide=+2.11 gfmed=1.116
  840 acq  m=0 hq=0.000 fail | Dr=+1.008/+2.589 |Dr|max=2.589 Df=+2.572 | g r=0.666 f=2.972 p=2.905(0.045) max=6.938 | Ld=+461.7262 base=4.89 r1=0.598 path=428 cap=4.88 rate=23.8 | Lg=+1.4559 | 11s | curv=+2.07 wide=+2.77 gfmed=2.990
  850 acq  m=1 hq=0.009 fail | Dr=+0.869/+1.833 |Dr|max=1.833 Df=+0.019 | g r=0.684 f=2.597 p=2.135(0.011) max=5.558 | Ld=+2.3794 base=-0.24 r1=0.687 path=0.92 cap=1.01 rate=0.00498 | Lg=+0.8923 | 11s | curv=+3.13 wide=+3.69 gfmed=2.738
  860 acq  m=0 hq=0.000 fail | Dr=+0.862/+1.720 |Dr|max=1.720 Df=+0.357 | g r=0.576 f=1.965 p=1.698(0.034) max=5.010 | Ld=+0.3646 base=-0.68 r1=0.489 path=0.108 cap=0.447 rate=0.000465 | Lg=+1.1611 | 11s | curv=+3.08 wide=+3.71 gfmed=1.973
  870 acq  m=2 hq=0.047 fail | Dr=+0.855/+1.577 |Dr|max=1.577 Df=+0.399 | g r=0.474 f=1.929 p=1.696(0.017) max=4.933 | Ld=+0.0078 base=-0.571 r1=0.364 path=0.0875 cap=0.124 rate=0.00329 | Lg=+1.0855 | 11s | curv=+2.65 wide=+3.32 gfmed=1.939
  880 acq  m=1 hq=0.003 fail | Dr=+0.871/+1.503 |Dr|max=1.503 Df=+0.223 | g r=0.368 f=1.808 p=1.655(0.024) max=4.257 | Ld=+0.1740 base=-0.186 r1=0.258 path=0.0308 cap=0.0698 rate=0.000659 | Lg=+0.8531 | 12s | curv=+2.12 wide=+2.84 gfmed=1.894
  890 acq  m=1 hq=0.017 fail | Dr=+0.896/+1.386 |Dr|max=1.386 Df=+0.260 | g r=0.313 f=1.994 p=1.550(0.000) max=4.070 | Ld=+0.0033 base=-0.286 r1=0.186 path=0.0195 cap=0.0815 rate=0.00182 | Lg=+0.8930 | 12s | curv=+1.71 wide=+2.58 gfmed=2.041
  900 acq  m=0 hq=0.000 fail | Dr=+0.973/+1.398 |Dr|max=1.398 Df=+0.494 | g r=0.251 f=2.079 p=1.438(0.010) max=4.096 | Ld=-0.2977 base=-0.53 r1=0.129 path=0.0681 cap=0.0326 rate=0.00251 | Lg=+1.0547 | 12s | curv=+1.69 wide=+2.45 gfmed=2.121
  910 acq  m=1 hq=0.001 fail | Dr=+1.053/+1.329 |Dr|max=1.329 Df=+0.573 | g r=0.224 f=1.570 p=1.330(0.011) max=4.517 | Ld=-0.1779 base=-0.315 r1=0.115 path=0.00341 cap=0.00309 rate=0.0149 | Lg=+0.8929 | 12s | curv=+1.24 wide=+1.92 gfmed=1.549
  920 acq  m=1 hq=0.232 fail | Dr=+1.065/+1.500 |Dr|max=1.500 Df=+0.468 | g r=0.388 f=0.961 p=1.318(0.025) max=4.423 | Ld=+8.6776 base=-0.249 r1=0.215 path=0.0021 cap=0.0102 rate=8.7 | Lg=+1.2465 | 12s | curv=+0.713 wide=+1.4 gfmed=0.943
  930 acq  m=0 hq=0.000 fail | Dr=+1.238/+1.739 |Dr|max=1.739 Df=+0.266 | g r=0.294 f=0.919 p=1.253(0.008) max=4.126 | Ld=-0.2800 base=-0.837 r1=0.148 path=4.27e-05 cap=0.00645 rate=0.403 | Lg=+1.3734 | 12s | curv=+0.744 wide=+1.48 gfmed=0.736
  940 acq  m=1 hq=0.009 fail | Dr=+1.255/+1.951 |Dr|max=1.951 Df=-0.067 | g r=0.341 f=0.921 p=1.226(0.014) max=4.695 | Ld=+3.7837 base=-0.916 r1=0.108 path=0.00145 cap=0.00932 rate=4.58 | Lg=+1.6680 | 12s | curv=+0.95 wide=+1.39 gfmed=0.863
  950 acq  m=1 hq=0.008 fail | Dr=+1.368/+2.084 |Dr|max=2.084 Df=-0.125 | g r=0.238 f=0.799 p=1.135(0.013) max=4.204 | Ld=-0.8918 base=-1.15 r1=0.0993 path=0.002 cap=0.0497 rate=0.102 | Lg=+1.5238 | 12s | curv=+0.722 wide=+1.35 gfmed=0.584
  960 acq  m=1 hq=0.146 fail | Dr=+1.416/+2.136 |Dr|max=2.136 Df=-0.144 | g r=0.200 f=1.173 p=1.191(0.015) max=3.872 | Ld=+0.3265 base=-1.13 r1=0.0663 path=0.000226 cap=0.024 rate=1.37 | Lg=+1.5648 | 13s | curv=+0.745 wide=+1.23 gfmed=0.824
  970 acq  m=1 hq=0.105 fail | Dr=+1.419/+2.129 |Dr|max=2.129 Df=-0.150 | g r=0.220 f=1.934 p=1.256(0.010) max=4.230 | Ld=-0.0578 base=-1.8 r1=0.0803 path=2.45e-05 cap=0.0283 rate=1.63 | Lg=+1.5436 | 13s | curv=+0.448 wide=+0.921 gfmed=2.551
  980 acq  m=1 hq=0.711 fail | Dr=+1.648/+2.566 |Dr|max=2.566 Df=+0.280 | g r=0.207 f=0.944 p=1.023(0.009) max=3.580 | Ld=-0.6878 base=-1.84 r1=0.0749 path=0.000554 cap=0.00372 rate=1.07 | Lg=+1.8521 | 13s | curv=+0.244 wide=+0.669 gfmed=0.604
  990 acq  m=1 hq=0.359 fail | Dr=+1.621/+2.543 |Dr|max=2.543 Df=-0.029 | g r=0.198 f=1.297 p=1.062(0.005) max=3.674 | Ld=-0.9399 base=-1.9 r1=0.0773 path=0.000805 cap=0.00836 rate=0.874 | Lg=+1.7392 | 13s | curv=+0.0137 wide=+0.468 gfmed=1.243
 1000 acq  m=1 hq=0.057 fail | Dr=+1.842/+2.849 |Dr|max=2.849 Df=-0.012 | g r=0.240 f=0.424 p=1.075(0.005) max=3.632 | Ld=+0.0973 base=-2.68 r1=0.112 path=0.000272 cap=0.00781 rate=2.66 | Lg=+2.0421 | 13s | curv=+0.424 wide=+0.821 gfmed=0.347
 1010 acq  m=1 hq=0.036 fail | Dr=+2.044/+3.281 |Dr|max=3.281 Df=-0.516 | g r=0.229 f=1.639 p=1.294(0.010) max=3.933 | Ld=-1.8353 base=-2.22 r1=0.0644 path=0.000172 cap=0.00998 rate=0.314 | Lg=+2.5848 | 13s | curv=+0.616 wide=+1.07 gfmed=1.799
 1020 acq  m=1 hq=0.152 fail | Dr=+2.037/+3.233 |Dr|max=3.233 Df=-0.421 | g r=0.196 f=1.921 p=1.305(0.016) max=3.608 | Ld=-1.1234 base=-2.44 r1=0.0618 path=0.00249 cap=0.00603 rate=1.25 | Lg=+2.5330 | 13s | curv=+0.388 wide=+0.819 gfmed=2.324
 1030 acq  m=1 hq=0.032 fail | Dr=+2.153/+3.584 |Dr|max=3.584 Df=-0.544 | g r=0.240 f=0.530 p=1.188(0.014) max=3.842 | Ld=-1.9743 base=-2.7 r1=0.0828 path=0.00208 cap=0.00216 rate=0.643 | Lg=+2.8386 | 14s | curv=+0.684 wide=+1.09 gfmed=0.448
 1040 acq  m=1 hq=0.345 fail | Dr=+2.152/+3.523 |Dr|max=3.523 Df=-0.682 | g r=0.208 f=0.921 p=1.341(0.013) max=5.147 | Ld=-1.2881 base=-2.72 r1=0.0656 path=0.289 cap=0.00838 rate=1.07 | Lg=+3.2142 | 14s | curv=+1.06 wide=+1.43 gfmed=0.458
 1050 acq  m=0 hq=0.000 fail | Dr=+1.625/+2.502 |Dr|max=2.502 Df=+4.061 | g r=0.607 f=1.953 p=1.760(0.017) max=5.139 | Ld=+992.0819 base=2.5 r1=0.584 path=632 cap=0.274 rate=356 | Lg=+0.2488 | 14s | curv=+1.85 wide=+2.47 gfmed=1.897
 1060 acq  m=1 hq=0.026 fail | Dr=+1.627/+2.280 |Dr|max=2.280 Df=+0.909 | g r=0.562 f=2.061 p=1.643(0.027) max=5.704 | Ld=+0.6722 base=-0.415 r1=0.483 path=0.366 cap=0.238 rate=0.000289 | Lg=+0.9626 | 14s | curv=+2.72 wide=+3.4 gfmed=2.053
 1070 acq  m=1 hq=0.079 fail | Dr=+1.622/+2.239 |Dr|max=2.239 Df=+0.979 | g r=0.476 f=1.204 p=1.291(0.004) max=4.548 | Ld=+0.0296 base=-0.512 r1=0.391 path=0.099 cap=0.0514 rate=0.000274 | Lg=+1.0292 | 14s | curv=+2.78 wide=+3.39 gfmed=1.133
 1080 acq  m=1 hq=0.039 fail | Dr=+1.621/+2.249 |Dr|max=2.249 Df=+0.936 | g r=0.399 f=1.316 p=1.267(0.010) max=4.217 | Ld=-0.1642 base=-0.494 r1=0.296 path=0.00749 cap=0.0246 rate=0.00216 | Lg=+1.0051 | 14s | curv=+2.19 wide=+2.94 gfmed=1.280
 1090 acq  m=1 hq=0.192 fail | Dr=+1.639/+2.283 |Dr|max=2.283 Df=+1.008 | g r=0.346 f=1.253 p=1.250(0.017) max=3.767 | Ld=-0.5525 base=-0.8 r1=0.225 path=0.0112 cap=0.00347 rate=0.00822 | Lg=+1.2042 | 14s | curv=+1.98 wide=+2.66 gfmed=1.202
 1100 acq  m=1 hq=0.490 fail | Dr=+1.669/+2.365 |Dr|max=2.365 Df=+1.136 | g r=0.304 f=0.852 p=1.200(0.007) max=4.110 | Ld=-0.2765 base=-0.477 r1=0.179 path=0.00338 cap=0.0164 rate=0.00158 | Lg=+0.9990 | 15s | curv=+1.81 wide=+2.52 gfmed=0.567
 1110 acq  m=1 hq=0.000 fail | Dr=+1.704/+2.475 |Dr|max=2.475 Df=+0.621 | g r=0.282 f=0.849 p=1.253(0.003) max=3.973 | Ld=-0.7914 base=-0.996 r1=0.131 path=0.0117 cap=0.0147 rate=0.0475 | Lg=+1.4053 | 15s | curv=+1.77 wide=+2.38 gfmed=0.687
 1120 acq  m=0 hq=0.000 fail | Dr=+1.637/+2.514 |Dr|max=2.514 Df=+0.315 | g r=0.311 f=0.848 p=1.201(0.006) max=3.995 | Ld=-0.0110 base=-1.18 r1=0.208 path=0.16 cap=0.0223 rate=0.782 | Lg=+1.6238 | 15s | curv=+1.92 wide=+2.47 gfmed=0.654
 1130 acq  m=1 hq=0.059 fail | Dr=+1.681/+2.603 |Dr|max=2.603 Df=+0.347 | g r=0.249 f=0.531 p=1.143(0.007) max=4.056 | Ld=-0.7385 base=-1.25 r1=0.108 path=0.0111 cap=0.00707 rate=0.386 | Lg=+1.6084 | 15s | curv=+1.59 wide=+2.22 gfmed=0.389
 1140 acq  m=1 hq=0.010 fail | Dr=+1.589/+2.563 |Dr|max=2.563 Df=+0.097 | g r=0.278 f=0.459 p=1.108(0.008) max=3.686 | Ld=+0.8358 base=-1.44 r1=0.108 path=0.0035 cap=0.00929 rate=2.16 | Lg=+1.7503 | 15s | curv=+1.58 wide=+2.11 gfmed=0.269
 1150 acq  m=2 hq=0.053 fail | Dr=+1.665/+2.834 |Dr|max=2.834 Df=+0.188 | g r=0.255 f=0.740 p=1.135(0.010) max=3.788 | Ld=-0.5956 base=-1.49 r1=0.0922 path=0.00605 cap=0.0145 rate=0.777 | Lg=+1.7706 | 15s | curv=+1.78 wide=+2.24 gfmed=0.420
 1160 acq  m=2 hq=0.104 fail | Dr=+1.624/+2.786 |Dr|max=2.786 Df=+0.099 | g r=0.197 f=0.895 p=1.084(0.006) max=3.895 | Ld=+0.3997 base=-1.41 r1=0.0839 path=0.000687 cap=0.0185 rate=1.71 | Lg=+1.6971 | 15s | curv=+0.895 wide=+1.54 gfmed=0.679
 1170 acq  m=2 hq=0.443 fail | Dr=+1.695/+3.109 |Dr|max=3.109 Df=+0.406 | g r=0.216 f=1.321 p=1.143(0.026) max=3.837 | Ld=+1.4339 base=-1.38 r1=0.105 path=0.0142 cap=0.00964 rate=2.69 | Lg=+1.8425 | 15s | curv=+1.34 wide=+1.76 gfmed=1.086
 1180 acq  m=2 hq=0.179 fail | Dr=+1.600/+2.983 |Dr|max=2.983 Df=-0.021 | g r=0.243 f=1.351 p=1.201(0.014) max=3.547 | Ld=+1.0638 base=-1.53 r1=0.125 path=0.00264 cap=0.0142 rate=2.45 | Lg=+1.6964 | 16s | curv=+0.825 wide=+1.43 gfmed=1.245
 1190 acq  m=2 hq=0.368 fail | Dr=+1.696/+3.277 |Dr|max=3.277 Df=+0.139 | g r=0.198 f=0.941 p=1.087(0.001) max=3.570 | Ld=-1.0174 base=-1.95 r1=0.0597 path=0.00175 cap=0.00191 rate=0.866 | Lg=+2.1707 | 16s | curv=+1.13 wide=+1.67 gfmed=0.434
 1200 acq  m=2 hq=0.109 fail | Dr=+1.676/+3.334 |Dr|max=3.334 Df=-0.089 | g r=0.189 f=0.636 p=1.048(0.002) max=3.674 | Ld=-0.1992 base=-1.93 r1=0.0807 path=0.00342 cap=0.0147 rate=1.63 | Lg=+2.1145 | 16s | curv=+0.946 wide=+1.43 gfmed=0.226
 1210 hold m=0 hq=0.000 fail | Dr=+1.732/+3.424 |Dr|max=3.424 Df=-0.261 | g r=0.192 f=0.620 p=1.079(0.008) max=3.599 | Ld=-1.0611 base=-2.26 r1=0.0727 path=0.00722 cap=0.00678 rate=1.12 | Lg=+2.3231 | 16s | curv=+0.952 wide=+1.38 gfmed=0.341
 1220 hold m=2 hq=0.039 fail | Dr=+1.657/+3.368 |Dr|max=3.368 Df=+1.047 | g r=0.282 f=1.151 p=1.138(0.013) max=4.063 | Ld=+9.8360 base=-1.18 r1=0.102 path=9.92 cap=0.0205 rate=0.965 | Lg=+1.6275 | 16s | curv=+1.08 wide=+1.46 gfmed=1.067
 1230 hold m=2 hq=0.040 fail | Dr=+1.257/+2.060 |Dr|max=2.060 Df=+1.510 | g r=0.552 f=1.658 p=1.341(0.005) max=4.930 | Ld=+3.9632 base=0.0202 r1=0.58 path=2.98 cap=0.142 rate=0.245 | Lg=+0.7613 | 16s | curv=+2.3 wide=+2.93 gfmed=1.639
 1240 hold m=1 hq=0.002 fail | Dr=+1.218/+1.840 |Dr|max=1.840 Df=+0.918 | g r=0.373 f=1.135 p=1.172(0.022) max=5.110 | Ld=+0.4647 base=-0.2 r1=0.318 path=0.278 cap=0.0623 rate=0.00623 | Lg=+0.8496 | 16s | curv=+1.36 wide=+2.05 gfmed=1.015
 1250 hold m=1 hq=0.001 fail | Dr=+1.238/+1.734 |Dr|max=1.734 Df=+0.867 | g r=0.322 f=1.280 p=1.178(0.014) max=5.285 | Ld=+0.6290 base=-0.496 r1=0.2 path=0.845 cap=0.0696 rate=0.0112 | Lg=+1.0474 | 17s | curv=+1.86 wide=+2.49 gfmed=1.022
 1260 hold m=0 hq=0.000 fail | Dr=+1.311/+1.911 |Dr|max=1.911 Df=+0.951 | g r=0.271 f=1.019 p=1.065(0.010) max=3.347 | Ld=-0.2718 base=-0.446 r1=0.165 path=0.0046 cap=0.000652 rate=0.00412 | Lg=+0.9790 | 17s | curv=+1.59 wide=+2.24 gfmed=0.957
 1270 hold m=2 hq=0.222 fail | Dr=+1.514/+1.999 |Dr|max=1.999 Df=+1.471 | g r=0.289 f=0.935 p=1.137(0.006) max=4.118 | Ld=+1.6999 base=-0.106 r1=0.195 path=0.0203 cap=0.00531 rate=1.59 | Lg=+0.7960 | 17s | curv=+1.86 wide=+2.68 gfmed=0.694
 1280 hold m=1 hq=0.067 fail | Dr=+1.293/+1.531 |Dr|max=1.531 Df=+0.992 | g r=0.261 f=1.264 p=1.055(0.015) max=3.289 | Ld=+0.6406 base=-0.44 r1=0.199 path=0.00262 cap=0.00126 rate=0.878 | Lg=+0.9191 | 17s | curv=+1.48 wide=+2.22 gfmed=1.185
 1290 hold m=2 hq=0.152 fail | Dr=+1.315/+1.653 |Dr|max=1.653 Df=+0.608 | g r=0.226 f=1.049 p=0.993(0.014) max=3.328 | Ld=-0.7695 base=-0.924 r1=0.105 path=0.00455 cap=0.000311 rate=0.0442 | Lg=+1.2811 | 17s | curv=+1.5 wide=+2.19 gfmed=0.815
 1300 hold m=1 hq=0.148 fail | Dr=+1.481/+2.002 |Dr|max=2.002 Df=+0.684 | g r=0.232 f=0.730 p=0.940(0.007) max=3.234 | Ld=-0.4239 base=-1.22 r1=0.152 path=0.0741 cap=0.000232 rate=0.574 | Lg=+1.5205 | 17s | curv=+1.36 wide=+2.11 gfmed=0.542
 1310 hold m=2 hq=0.203 fail | Dr=+1.405/+2.030 |Dr|max=2.030 Df=+0.545 | g r=0.176 f=0.672 p=0.891(0.004) max=3.163 | Ld=-0.6119 base=-0.873 r1=0.0667 path=0.0244 cap=0.000351 rate=0.169 | Lg=+1.2435 | 17s | curv=+0.93 wide=+1.55 gfmed=0.518
 1320 hold m=1 hq=0.173 fail | Dr=+1.654/+2.566 |Dr|max=2.566 Df=+0.396 | g r=0.211 f=0.920 p=1.032(0.005) max=3.808 | Ld=+2.1591 base=-0.853 r1=0.128 path=0.00343 cap=0.000177 rate=2.88 | Lg=+1.3267 | 17s | curv=+0.731 wide=+1.29 gfmed=0.744
 1330 hold m=1 hq=0.002 fail | Dr=+1.611/+2.501 |Dr|max=2.501 Df=+0.039 | g r=0.160 f=1.557 p=1.185(0.012) max=3.726 | Ld=-0.9653 base=-1.29 r1=0.0542 path=0.00057 cap=0.00905 rate=0.261 | Lg=+1.6208 | 18s | curv=+1.13 wide=+1.7 gfmed=1.488
 1340 hold m=1 hq=0.017 fail | Dr=+1.673/+2.692 |Dr|max=2.692 Df=+0.059 | g r=0.223 f=1.112 p=1.107(0.007) max=3.780 | Ld=+0.2266 base=-1.78 r1=0.131 path=0.00526 cap=0.00663 rate=1.87 | Lg=+1.8842 | 18s | curv=+1.34 wide=+1.85 gfmed=0.962
 1350 hold m=2 hq=0.084 fail | Dr=+1.744/+2.908 |Dr|max=2.908 Df=-0.346 | g r=0.180 f=1.942 p=1.382(0.017) max=4.409 | Ld=-0.9032 base=-1.7 r1=0.0661 cap=0.0047 rate=0.726 | Lg=+2.1588 | 18s | curv=+1.7 wide=+2.32 gfmed=2.025
 1360 hold m=1 hq=0.017 fail | Dr=+1.752/+3.003 |Dr|max=3.003 Df=-0.408 | g r=0.197 f=0.892 p=1.253(0.009) max=4.037 | Ld=-0.5448 base=-1.74 r1=0.0769 path=0.0055 cap=0.00593 rate=1.11 | Lg=+2.2710 | 18s | curv=+1.57 wide=+2.26 gfmed=0.719
 1370 hold m=1 hq=0.020 fail | Dr=+1.836/+3.085 |Dr|max=3.085 Df=-0.214 | g r=0.152 f=1.005 p=1.151(0.006) max=4.013 | Ld=-1.5859 base=-1.86 r1=0.0518 path=0.00164 cap=0.00467 rate=0.211 | Lg=+2.2303 | 18s | curv=+1.12 wide=+1.86 gfmed=0.719
 1380 hold m=2 hq=0.149 fail | Dr=+1.670/+2.881 |Dr|max=2.881 Df=+0.079 | g r=0.530 f=2.005 p=1.978(0.037) max=7.281 | Ld=+392.6519 base=0.958 r1=0.39 path=368 cap=0.434 rate=23.1 | Lg=+3.0133 | 18s | curv=+2.63 wide=+3.13 gfmed=1.684
 1390 hold m=1 hq=0.079 fail | Dr=+1.336/+2.022 |Dr|max=2.022 Df=+0.490 | g r=0.586 f=1.436 p=1.408(0.021) max=4.870 | Ld=+0.0548 base=-0.606 r1=0.545 path=0.064 cap=0.0517 rate=0.000333 | Lg=+1.0937 | 18s | curv=+3.09 wide=+3.52 gfmed=1.245
 1400 hold m=1 hq=0.165 fail | Dr=+1.306/+1.914 |Dr|max=1.914 Df=+0.758 | g r=0.394 f=1.122 p=1.153(0.009) max=4.205 | Ld=-0.2129 base=-0.619 r1=0.255 path=0.134 cap=0.0165 rate=0.00136 | Lg=+1.0851 | 19s | curv=+2.43 wide=+2.98 gfmed=1.212
 1410 hold m=1 hq=0.117 fail | Dr=+1.298/+1.882 |Dr|max=1.882 Df=+0.407 | g r=0.305 f=1.168 p=1.263(0.020) max=5.174 | Ld=-0.3910 base=-0.647 r1=0.162 path=0.0677 cap=0.0245 rate=0.00103 | Lg=+1.0936 | 19s | curv=+2.06 wide=+2.69 gfmed=1.056
 1420 hold m=2 hq=0.198 fail | Dr=+1.291/+1.844 |Dr|max=1.844 Df=+0.941 | g r=0.246 f=1.166 p=1.112(0.011) max=4.383 | Ld=-0.3827 base=-0.544 r1=0.113 path=0.0452 cap=0.00318 rate=0.000326 | Lg=+1.0445 | 19s | curv=+1.81 wide=+2.45 gfmed=1.240
 1430 hold m=2 hq=0.174 fail | Dr=+1.295/+1.824 |Dr|max=1.824 Df=+0.792 | g r=0.201 f=0.805 p=1.021(0.005) max=4.458 | Ld=-0.4652 base=-0.611 r1=0.0859 path=0.032 cap=0.018 rate=0.00997 | Lg=+1.0899 | 19s | curv=+1.72 wide=+2.31 gfmed=0.724
 1440 hold m=2 hq=0.249 fail | Dr=+1.415/+2.036 |Dr|max=2.036 Df=+0.895 | g r=0.244 f=1.000 p=1.089(0.009) max=4.346 | Ld=+3.5092 base=-0.697 r1=0.0691 path=0.019 cap=0.0375 rate=4.08 | Lg=+0.9910 | 19s | curv=+1.35 wide=+1.99 gfmed=0.845
 1450 hold m=2 hq=0.192 fail | Dr=+1.311/+1.837 |Dr|max=1.837 Df=+0.649 | g r=0.191 f=0.886 p=1.016(0.010) max=4.095 | Ld=+0.2546 base=-0.752 r1=0.0854 path=0.0186 cap=0.00945 rate=0.893 | Lg=+1.1430 | 19s | curv=+0.984 wide=+1.69 gfmed=0.728
 1460 hold m=0 hq=0.000 fail | Dr=+1.384/+2.115 |Dr|max=2.115 Df=+0.715 | g r=0.199 f=0.891 p=1.053(0.010) max=4.331 | Ld=+0.1588 base=-0.961 r1=0.0844 path=0.00693 cap=0.0105 rate=1.02 | Lg=+1.2443 | 19s | curv=+1.06 wide=+1.82 gfmed=0.821
 1470 hold m=3 hq=0.303 fail | Dr=+1.291/+1.804 |Dr|max=1.804 Df=+0.671 | g r=0.163 f=0.649 p=0.983(0.008) max=3.665 | Ld=-0.4087 base=-0.625 r1=0.0876 path=0.00141 cap=0.00332 rate=0.124 | Lg=+1.0955 | 19s | curv=+0.955 wide=+1.72 gfmed=0.494
 1480 hold m=3 hq=0.407 fail | Dr=+1.436/+2.087 |Dr|max=2.087 Df=+0.768 | g r=0.161 f=0.931 p=1.044(0.005) max=3.828 | Ld=+0.6797 base=-0.638 r1=0.0669 path=0.00337 cap=0.00267 rate=1.24 | Lg=+1.0993 | 20s | curv=+0.716 wide=+1.52 gfmed=0.555
 1490 hold m=3 hq=0.594 fail | Dr=+1.377/+2.192 |Dr|max=2.192 Df=+0.695 | g r=0.134 f=0.622 p=0.984(0.006) max=3.811 | Ld=-0.2479 base=-0.73 r1=0.0571 path=0.0011 cap=0.00231 rate=0.421 | Lg=+1.1764 | 20s | curv=+0.773 wide=+1.5 gfmed=0.225
 1500 hold m=3 hq=0.686 fail | Dr=+1.422/+2.332 |Dr|max=2.332 Df=+0.691 | g r=0.142 f=0.531 p=0.966(0.003) max=3.594 | Ld=+0.4519 base=-0.692 r1=0.047 path=0.00284 cap=0.000484 rate=1.09 | Lg=+1.1673 | 20s | curv=+0.786 wide=+1.46 gfmed=0.172
 1510 hold m=3 hq=0.479 fail | Dr=+1.423/+2.449 |Dr|max=2.449 Df=+0.482 | g r=0.129 f=0.706 p=0.986(0.005) max=3.601 | Ld=-0.0826 base=-0.852 r1=0.0605 path=0.00071 cap=0.00103 rate=0.707 | Lg=+1.2788 | 20s | curv=+0.488 wide=+1.15 gfmed=0.328
 1520 hold m=1 hq=0.432 fail | Dr=+1.423/+2.478 |Dr|max=2.478 Df=+0.370 | g r=0.116 f=0.329 p=0.905(0.009) max=3.675 | Ld=-0.3394 base=-1.06 r1=0.0376 path=0.00328 cap=0.00708 rate=0.67 | Lg=+1.4104 | 20s | curv=+0.466 wide=+1.15 gfmed=0.199
 1530 hold m=1 hq=0.035 fail | Dr=+1.338/+2.307 |Dr|max=2.307 Df=+0.324 | g r=0.246 f=0.847 p=1.026(0.009) max=3.918 | Ld=+5.4242 base=-0.99 r1=0.188 path=0.187 cap=0.000995 rate=6.04 | Lg=+1.5364 | 20s | curv=+0.655 wide=+1.38 gfmed=0.537
 1540 hold m=2 hq=0.101 fail | Dr=+1.162/+1.906 |Dr|max=1.906 Df=+0.346 | g r=0.220 f=1.136 p=1.046(0.013) max=4.506 | Ld=-0.0312 base=-0.812 r1=0.0727 path=0.535 cap=0.00353 rate=0.17 | Lg=+1.2262 | 20s | curv=+1.01 wide=+1.83 gfmed=1.007
 1550 hold m=2 hq=0.445 fail | Dr=+1.187/+1.964 |Dr|max=1.964 Df=+0.389 | g r=0.194 f=0.665 p=0.987(0.000) max=3.719 | Ld=-0.4070 base=-0.687 r1=0.065 path=0.0558 cap=0.00537 rate=0.154 | Lg=+1.1461 | 21s | curv=+1.51 wide=+2.34 gfmed=0.434
 1560 hold m=3 hq=0.535 fail | Dr=+1.086/+1.778 |Dr|max=1.778 Df=+0.397 | g r=0.172 f=0.723 p=0.965(0.006) max=3.851 | Ld=+1.3163 base=-0.72 r1=0.066 path=0.142 cap=0.000825 rate=1.83 | Lg=+1.1279 | 21s | curv=+0.985 wide=+1.63 gfmed=0.291
 1570 hold m=2 hq=0.658 fail | Dr=+1.175/+1.858 |Dr|max=1.858 Df=+0.443 | g r=0.188 f=0.620 p=0.992(0.002) max=4.078 | Ld=-0.3729 base=-0.757 r1=0.0458 path=0.0407 cap=0.00502 rate=0.292 | Lg=+1.1993 | 21s | curv=+1.51 wide=+2.04 gfmed=0.152
 1580 hold m=1 hq=0.195 fail | Dr=+1.137/+1.796 |Dr|max=1.796 Df=-0.029 | g r=0.239 f=0.810 p=1.045(0.018) max=4.706 | Ld=+0.9760 base=-0.834 r1=0.0547 path=0.0522 cap=0.00225 rate=1.7 | Lg=+1.4288 | 21s | curv=+1.16 wide=+1.76 gfmed=0.642
 1590 hold m=2 hq=0.491 fail | Dr=+1.232/+1.957 |Dr|max=1.957 Df=+0.402 | g r=0.136 f=0.433 p=0.908(0.003) max=3.853 | Ld=-0.0850 base=-0.841 r1=0.0493 path=0.0477 cap=0.000992 rate=0.658 | Lg=+1.2412 | 21s | curv=+0.815 wide=+1.4 gfmed=0.231
 1600 hold m=3 hq=0.543 fail | Dr=+1.122/+1.811 |Dr|max=1.811 Df=+0.261 | g r=0.229 f=0.550 p=0.912(0.007) max=3.817 | Ld=+0.7655 base=-0.869 r1=0.0469 path=0.0619 cap=0.000711 rate=1.53 | Lg=+1.2662 | 21s | curv=+1.65 wide=+2.21 gfmed=0.308
 1610 hold m=3 hq=0.516 fail | Dr=+1.192/+1.913 |Dr|max=1.913 Df=+0.155 | g r=0.206 f=0.486 p=0.940(0.002) max=3.955 | Ld=-0.0653 base=-0.983 r1=0.0478 path=0.0125 cap=0.00827 rate=0.849 | Lg=+1.3846 | 21s | curv=+1.21 wide=+1.95 gfmed=0.246
 1620 hold m=3 hq=0.532 fail | Dr=+1.126/+1.918 |Dr|max=1.918 Df=+0.084 | g r=0.199 f=0.465 p=0.923(0.004) max=4.545 | Ld=-0.3721 base=-1.01 r1=0.0454 path=0.00345 cap=0.0164 rate=0.577 | Lg=+1.3831 | 22s | curv=+1.5 wide=+2.08 gfmed=0.195
 1630 hold m=2 hq=0.508 fail | Dr=+1.107/+1.901 |Dr|max=1.901 Df=-0.012 | g r=0.228 f=0.435 p=0.933(0.000) max=4.552 | Ld=-0.1701 base=-1.14 r1=0.033 path=0.0199 cap=0.019 rate=0.9 | Lg=+1.4638 | 22s | curv=+1.26 wide=+1.96 gfmed=0.100
 1640 hold m=2 hq=0.508 fail | Dr=+1.150/+1.894 |Dr|max=1.894 Df=-0.049 | g r=0.177 f=0.457 p=0.918(0.004) max=3.743 | Ld=-0.7823 base=-1.22 r1=0.0539 path=0.00488 cap=0.00807 rate=0.367 | Lg=+1.5169 | 22s | curv=+1 wide=+1.68 gfmed=0.106
 1650 hold m=3 hq=0.063 fail | Dr=+1.158/+2.107 |Dr|max=2.107 Df=+0.121 | g r=0.189 f=1.096 p=1.046(0.005) max=4.204 | Ld=+0.1472 base=-1.21 r1=0.0487 path=0.0557 cap=0.00792 rate=1.25 | Lg=+1.5307 | 22s | curv=+1.07 wide=+1.67 gfmed=0.751
 1660 hold m=2 hq=0.078 fail | Dr=+1.168/+1.956 |Dr|max=1.956 Df=+0.330 | g r=0.210 f=1.073 p=1.051(0.008) max=3.934 | Ld=-0.2921 base=-1.09 r1=0.106 path=0.0288 cap=0.00873 rate=0.651 | Lg=+1.3768 | 22s | curv=+1.35 wide=+1.95 gfmed=0.757
 1670 hold m=3 hq=0.586 fail | Dr=+1.200/+2.207 |Dr|max=2.207 Df=+0.561 | g r=0.163 f=0.504 p=0.987(0.007) max=3.981 | Ld=+0.0776 base=-0.635 r1=0.116 path=0.00343 cap=0.00357 rate=0.589 | Lg=+1.1270 | 22s | curv=+0.628 wide=+1.36 gfmed=0.203
 1680 hold m=3 hq=0.729 fail | Dr=+1.230/+2.382 |Dr|max=2.382 Df=+0.514 | g r=0.131 f=0.316 p=0.963(0.003) max=4.038 | Ld=-0.2846 base=-0.628 r1=0.0475 path=0.00439 cap=0.00678 rate=0.285 | Lg=+1.1770 | 22s | curv=+0.686 wide=+1.4 gfmed=0.120
 1690 hold m=3 hq=0.537 fail | Dr=+1.228/+2.408 |Dr|max=2.408 Df=+0.434 | g r=0.120 f=0.294 p=0.923(0.007) max=3.847 | Ld=-0.0524 base=-0.717 r1=0.0304 path=0.00739 cap=0.00348 rate=0.624 | Lg=+1.2349 | 22s | curv=+0.707 wide=+1.26 gfmed=0.150
 1700 hold m=3 hq=0.651 fail | Dr=+1.205/+2.430 |Dr|max=2.430 Df=+0.311 | g r=0.126 f=0.242 p=0.896(0.003) max=4.130 | Ld=-0.5378 base=-0.877 r1=0.0354 path=0.00942 cap=0.00772 rate=0.287 | Lg=+1.2998 | 23s | curv=+0.613 wide=+1.22 gfmed=0.126
 1710 hold m=3 hq=0.576 fail | Dr=+1.160/+2.435 |Dr|max=2.435 Df=+0.188 | g r=0.130 f=0.220 p=0.871(0.002) max=3.599 | Ld=-0.3291 base=-0.958 r1=0.0249 path=0.0272 cap=0.00421 rate=0.572 | Lg=+1.3754 | 23s | curv=+0.689 wide=+1.19 gfmed=0.115
 1720 hold m=1 hq=0.061 fail | Dr=+1.225/+2.677 |Dr|max=2.677 Df=-0.280 | g r=0.190 f=1.297 p=1.141(0.006) max=4.457 | Ld=-0.5923 base=-1.16 r1=0.0638 path=0.00667 cap=0.00209 rate=0.491 | Lg=+1.7012 | 23s | curv=+1.32 wide=+2.06 gfmed=1.288
 1730 hold m=2 hq=0.210 fail | Dr=+1.160/+2.468 |Dr|max=2.468 Df=+0.276 | g r=0.190 f=0.695 p=1.071(0.018) max=4.126 | Ld=+0.4270 base=-0.792 r1=0.0706 path=0.0157 cap=0.0103 rate=1.12 | Lg=+1.3013 | 23s | curv=+1.18 wide=+1.8 gfmed=0.494
 1740 hold m=2 hq=0.042 fail | Dr=+1.108/+2.244 |Dr|max=2.244 Df=+0.585 | g r=0.201 f=1.377 p=1.135(0.003) max=4.066 | Ld=+0.2672 base=-0.507 r1=0.0589 path=0.351 cap=0.0141 rate=0.351 | Lg=+1.1485 | 23s | curv=+1.44 wide=+2.22 gfmed=1.304
 1750 hold m=2 hq=0.001 fail | Dr=+1.014/+1.445 |Dr|max=1.445 Df=+0.229 | g r=0.237 f=1.136 p=1.088(0.004) max=4.081 | Ld=+0.0484 base=-0.185 r1=0.15 path=0.00315 cap=0.0108 rate=0.069 | Lg=+0.8718 | 23s | curv=+1.8 wide=+2.57 gfmed=1.138
 1760 hold m=2 hq=0.341 fail | Dr=+1.063/+1.416 |Dr|max=1.416 Df=+0.663 | g r=0.187 f=1.248 p=1.128(0.008) max=3.655 | Ld=-0.4635 base=-0.563 r1=0.086 path=0.000719 cap=0.0106 rate=0.00213 | Lg=+1.0790 | 23s | curv=+1.77 wide=+2.51 gfmed=1.182
 1770 hold m=2 hq=0.105 fail | Dr=+1.020/+1.533 |Dr|max=1.533 Df=+0.073 | g r=0.274 f=1.333 p=1.126(0.011) max=4.390 | Ld=+1.5761 base=-0.472 r1=0.114 path=0.000537 cap=0.0044 rate=1.93 | Lg=+1.2544 | 24s | curv=+2.12 wide=+2.69 gfmed=0.951
 1780 hold m=1 hq=0.129 fail | Dr=+1.232/+1.864 |Dr|max=1.864 Df=+0.276 | g r=0.204 f=0.823 p=1.069(0.006) max=3.799 | Ld=-0.6493 base=-0.899 r1=0.101 path=0.00531 cap=0.00443 rate=0.14 | Lg=+1.3821 | 24s | curv=+1.44 wide=+2.04 gfmed=0.525
 1790 hold m=2 hq=0.093 fail | Dr=+1.311/+2.003 |Dr|max=2.003 Df=-0.049 | g r=0.170 f=1.292 p=1.132(0.006) max=3.452 | Ld=-1.1428 base=-1.46 r1=0.0733 path=0.000949 cap=0.00254 rate=0.237 | Lg=+1.7561 | 24s | curv=+1.42 wide=+1.94 gfmed=1.181
 1800 hold m=1 hq=0.225 fail | Dr=+1.334/+2.216 |Dr|max=2.216 Df=+0.207 | g r=0.221 f=1.293 p=1.050(0.012) max=3.524 | Ld=+0.7907 base=-0.638 r1=0.0894 path=0.00182 cap=0.00154 rate=1.34 | Lg=+1.2206 | 24s | curv=+0.438 wide=+0.974 gfmed=1.516
 1810 hold m=2 hq=0.101 fail | Dr=+1.341/+2.208 |Dr|max=2.208 Df=+0.083 | g r=0.171 f=1.277 p=1.046(0.005) max=3.544 | Ld=-0.3241 base=-1.44 r1=0.0889 path=0.0038 cap=0.00336 rate=1.02 | Lg=+1.4621 | 24s | curv=+0.704 wide=+1.17 gfmed=1.260
 1820 hold m=1 hq=0.050 fail | Dr=+1.467/+2.538 |Dr|max=2.538 Df=+0.252 | g r=0.172 f=0.804 p=1.038(0.008) max=4.211 | Ld=-0.6507 base=-1.37 r1=0.0834 path=0.0135 cap=0.00362 rate=0.624 | Lg=+1.6470 | 24s | curv=+0.954 wide=+1.47 gfmed=0.762
 1830 hold m=1 hq=0.070 fail | Dr=+1.474/+2.633 |Dr|max=2.633 Df=-0.190 | g r=0.223 f=1.079 p=1.183(0.003) max=4.550 | Ld=+0.4373 base=-1.78 r1=0.0703 path=0.000903 cap=0.00704 rate=2.14 | Lg=+2.1018 | 24s | curv=+1.05 wide=+1.65 gfmed=0.910
 1840 hold m=1 hq=0.003 fail | Dr=+1.522/+2.893 |Dr|max=2.893 Df=-0.309 | g r=0.207 f=0.584 p=1.194(0.006) max=4.007 | Ld=+4.2789 base=-1.58 r1=0.0807 path=0.181 cap=0.00622 rate=5.6 | Lg=+2.1313 | 24s | curv=+0.281 wide=+0.921 gfmed=0.291
 1850 hold m=1 hq=0.498 fail | Dr=+1.619/+2.858 |Dr|max=2.858 Df=+0.068 | g r=0.194 f=0.327 p=1.065(0.012) max=3.866 | Ld=-0.9957 base=-1.79 r1=0.0837 path=0.00298 cap=0.0104 rate=0.693 | Lg=+1.8805 | 25s | curv=+0.929 wide=+1.41 gfmed=0.214
 1860 hold m=1 hq=0.358 fail | Dr=+1.669/+2.981 |Dr|max=2.981 Df=-0.130 | g r=0.206 f=0.736 p=1.150(0.013) max=4.321 | Ld=-1.3946 base=-2.25 r1=0.0721 path=0.00239 cap=0.0129 rate=0.764 | Lg=+2.4231 | 25s | curv=+1.13 wide=+1.67 gfmed=0.685
 1870 hold m=2 hq=0.266 fail | Dr=+1.552/+3.146 |Dr|max=3.146 Df=+0.716 | g r=0.322 f=0.833 p=1.217(0.022) max=5.017 | Ld=+46.6593 base=-0.43 r1=0.326 path=29 cap=0.0727 rate=17.7 | Lg=+1.4215 | 25s | curv=+1.29 wide=+1.71 gfmed=0.671
 1880 hold m=2 hq=0.541 fail | Dr=+1.625/+3.512 |Dr|max=3.512 Df=+0.349 | g r=0.248 f=0.888 p=1.135(0.010) max=4.380 | Ld=-1.2011 base=-1.47 r1=0.113 path=0.0637 cap=0.0797 rate=0.009 | Lg=+1.7645 | 25s | curv=+1.63 wide=+2.12 gfmed=0.376
 1890 hold m=2 hq=0.645 fail | Dr=+1.687/+3.811 |Dr|max=3.811 Df=+0.492 | g r=0.192 f=0.430 p=1.028(0.008) max=3.949 | Ld=-1.1006 base=-1.19 r1=0.0712 path=0.00924 cap=0.00661 rate=0.00383 | Lg=+1.5883 | 25s | curv=+1.4 wide=+2.01 gfmed=0.135
 1900 hold m=2 hq=0.461 fail | Dr=+1.870/+4.340 |Dr|max=4.340 Df=+0.508 | g r=0.199 f=0.782 p=1.068(0.008) max=3.905 | Ld=+1.6170 base=-1.22 r1=0.0745 path=0.00709 cap=0.00485 rate=2.75 | Lg=+1.7388 | 25s | curv=+1.19 wide=+1.93 gfmed=0.498
 1910 hold m=2 hq=0.623 fail | Dr=+1.803/+4.178 |Dr|max=4.178 Df=+0.364 | g r=0.242 f=0.585 p=1.026(0.010) max=3.819 | Ld=+0.0484 base=-1.47 r1=0.179 path=0.0019 cap=0.0042 rate=1.33 | Lg=+1.7724 | 25s | curv=+0.899 wide=+1.58 gfmed=0.252
 1920 hold m=2 hq=0.606 fail | Dr=+1.646/+4.043 |Dr|max=4.043 Df=+0.212 | g r=0.367 f=0.631 p=1.027(0.003) max=3.931 | Ld=+2.3877 base=-1.69 r1=0.385 path=0.481 cap=0.0333 rate=3.18 | Lg=+1.7475 | 26s | curv=+0.955 wide=+1.39 gfmed=0.170
 1930 hold m=2 hq=0.647 fail | Dr=+1.740/+4.305 |Dr|max=4.305 Df=+0.101 | g r=0.222 f=0.492 p=0.986(0.005) max=4.224 | Ld=-0.6730 base=-1.83 r1=0.136 path=0.0237 cap=0.0104 rate=0.984 | Lg=+1.9592 | 26s | curv=+0.919 wide=+1.41 gfmed=0.125
 1940 hold m=2 hq=0.575 fail | Dr=+1.763/+4.279 |Dr|max=4.279 Df=+0.090 | g r=0.221 f=0.326 p=0.933(0.012) max=3.899 | Ld=+0.3497 base=-2.09 r1=0.103 path=0.00779 cap=0.0174 rate=2.31 | Lg=+2.0223 | 26s | curv=+0.528 wide=+1.17 gfmed=0.266
 1950 hold m=2 hq=0.805 fail | Dr=+1.823/+4.584 |Dr|max=4.584 Df=+0.069 | g r=0.176 f=0.321 p=0.906(0.004) max=4.224 | Ld=-1.0331 base=-1.99 r1=0.0803 path=0.00167 cap=0.0188 rate=0.858 | Lg=+2.0763 | 26s | curv=+0.425 wide=+1.04 gfmed=0.177
 1960 hold m=2 hq=0.754 fail | Dr=+1.746/+4.584 |Dr|max=4.584 Df=-0.147 | g r=0.188 f=0.278 p=0.914(0.003) max=4.129 | Ld=-0.2249 base=-1.99 r1=0.0725 path=0.0258 cap=0.0191 rate=1.65 | Lg=+2.1671 | 26s | curv=+0.46 wide=+1.24 gfmed=0.172
 1970 hold m=2 hq=0.911 fail | Dr=+1.836/+4.798 |Dr|max=4.798 Df=-0.182 | g r=0.176 f=0.153 p=0.911(0.003) max=4.229 | Ld=-1.2002 base=-2.11 r1=0.0687 path=0.0018 cap=0.0134 rate=0.822 | Lg=+2.2628 | 26s | curv=+0.43 wide=+1.2 gfmed=0.095
 1980 hold m=2 hq=0.909 fail | Dr=+1.826/+4.758 |Dr|max=4.758 Df=-0.244 | g r=0.192 f=0.122 p=0.893(0.004) max=4.338 | Ld=-0.7016 base=-2.44 r1=0.0646 path=0.00254 cap=0.0167 rate=1.66 | Lg=+2.4217 | 26s | curv=+0.0894 wide=+0.886 gfmed=0.083
 1990 hold m=2 hq=0.893 fail | Dr=+1.994/+4.973 |Dr|max=4.973 Df=-0.233 | g r=0.155 f=0.132 p=0.927(0.010) max=4.439 | Ld=-1.3718 base=-2.5 r1=0.078 path=0.00385 cap=0.0133 rate=1.04 | Lg=+2.5287 | 27s | curv=+0.263 wide=+0.888 gfmed=0.089
 2000 hold m=2 hq=0.910 fail | Dr=+1.872/+4.905 |Dr|max=4.905 Df=-0.468 | g r=0.191 f=0.173 p=0.938(0.006) max=4.706 | Ld=-0.2030 base=-2.59 r1=0.0828 path=0.00587 cap=0.0181 rate=2.28 | Lg=+2.5970 | 27s | curv=+0.0476 wide=+0.685 gfmed=0.141
 2010 hold m=2 hq=0.940 fail | Dr=+1.965/+5.247 |Dr|max=5.247 Df=-0.586 | g r=0.177 f=0.153 p=0.995(0.001) max=4.649 | Ld=-1.4682 base=-2.59 r1=0.0623 path=0.00449 cap=0.0145 rate=1.04 | Lg=+2.7866 | 27s | curv=+0.558 wide=+1.14 gfmed=0.085
 2020 hold m=1 hq=0.597 fail | Dr=+1.978/+5.204 |Dr|max=5.204 Df=-0.728 | g r=0.207 f=0.337 p=1.101(0.007) max=4.905 | Ld=-0.9319 base=-3.03 r1=0.0949 path=0.00803 cap=0.0442 rate=1.95 | Lg=+2.9581 | 27s | curv=+0.386 wide=+0.957 gfmed=0.124
 2030 hold m=0 hq=0.000 fail | Dr=+1.775/+4.220 |Dr|max=4.220 Df=+1.403 | g r=0.782 f=1.886 p=1.711(0.021) max=6.216 | Ld=+52.9894 base=-0.264 r1=0.916 path=50.4 cap=0.554 rate=1.36 | Lg=+1.7389 | 27s | curv=+2.14 wide=+2.86 gfmed=1.541
 2040 hold m=1 hq=0.008 fail | Dr=+1.674/+3.375 |Dr|max=3.375 Df=+1.281 | g r=1.170 f=2.226 p=1.955(0.009) max=6.285 | Ld=+3.6703 base=-0.5 r1=2.31 path=0.84 cap=1.02 rate=0.00276 | Lg=+1.0909 | 27s | curv=+3.05 wide=+3.86 gfmed=2.403
 2050 hold m=0 hq=0.000 fail | Dr=+1.630/+3.105 |Dr|max=3.105 Df=+0.866 | g r=0.825 f=1.559 p=1.627(0.020) max=5.482 | Ld=+1.3699 base=-0.8 r1=1.04 path=0.863 cap=0.269 rate=0.000619 | Lg=+1.2414 | 27s | curv=+2.77 wide=+3.62 gfmed=1.458
 2060 hold m=1 hq=0.020 fail | Dr=+1.623/+2.948 |Dr|max=2.948 Df=+1.122 | g r=0.576 f=1.788 p=1.552(0.039) max=6.203 | Ld=+1.0089 base=-0.646 r1=0.53 path=0.027 cap=1.1 rate=0.000385 | Lg=+1.1352 | 28s | curv=+2.7 wide=+3.44 gfmed=1.655
 2070 hold m=1 hq=0.076 fail | Dr=+1.565/+2.770 |Dr|max=2.770 Df=+1.218 | g r=0.452 f=1.693 p=1.509(0.030) max=4.700 | Ld=+0.6389 base=-0.177 r1=0.346 path=0.0468 cap=0.422 rate=0.00117 | Lg=+0.8755 | 28s | curv=+2.27 wide=+2.96 gfmed=1.708
 2080 hold m=2 hq=0.282 fail | Dr=+1.543/+2.604 |Dr|max=2.604 Df=+1.424 | g r=0.330 f=1.171 p=1.285(0.014) max=4.806 | Ld=+0.1349 base=-0.122 r1=0.205 path=0.0292 cap=0.0215 rate=0.00126 | Lg=+0.8251 | 28s | curv=+1.86 wide=+2.6 gfmed=1.116
 2090 hold m=2 hq=0.427 fail | Dr=+1.520/+2.485 |Dr|max=2.485 Df=+1.383 | g r=0.263 f=1.112 p=1.216(0.005) max=4.562 | Ld=+0.0763 base=-0.156 r1=0.139 path=0.0307 cap=0.025 rate=0.0373 | Lg=+0.8366 | 28s | curv=+1.49 wide=+2.31 gfmed=0.901
 2100 hold m=1 hq=0.197 fail | Dr=+1.350/+2.011 |Dr|max=2.011 Df=+1.144 | g r=0.350 f=1.304 p=1.232(0.009) max=4.175 | Ld=+4.0544 base=-0.142 r1=0.299 path=0.0108 cap=0.0382 rate=3.85 | Lg=+1.0246 | 28s | curv=+1.93 wide=+2.71 gfmed=1.031
 2110 hold m=0 hq=0.000 fail | Dr=+1.499/+2.234 |Dr|max=2.234 Df=+0.886 | g r=0.276 f=1.182 p=1.200(0.015) max=4.122 | Ld=+0.2049 base=-0.212 r1=0.157 path=0.0058 cap=0.0124 rate=0.242 | Lg=+0.9136 | 28s | curv=+1.76 wide=+2.56 gfmed=1.234
 2120 hold m=2 hq=0.245 fail | Dr=+1.503/+2.225 |Dr|max=2.225 Df=+1.099 | g r=0.257 f=0.786 p=1.101(0.011) max=4.026 | Ld=+0.1080 base=-0.289 r1=0.106 path=0.00296 cap=0.0181 rate=0.27 | Lg=+0.9518 | 28s | curv=+1.81 wide=+2.57 gfmed=0.640
 2130 hold m=3 hq=0.309 fail | Dr=+1.405/+2.154 |Dr|max=2.154 Df=+1.207 | g r=0.240 f=0.672 p=1.013(0.007) max=3.755 | Ld=+1.3380 base=-0.15 r1=0.136 path=0.0267 cap=0.00416 rate=1.32 | Lg=+0.8451 | 28s | curv=+1.02 wide=+1.85 gfmed=0.401
 2140 hold m=2 hq=0.373 fail | Dr=+1.379/+2.034 |Dr|max=2.034 Df=+1.233 | g r=0.202 f=0.670 p=0.959(0.009) max=3.698 | Ld=+0.7154 base=-0.146 r1=0.0739 path=0.00994 cap=0.00699 rate=0.771 | Lg=+0.8323 | 29s | curv=+0.792 wide=+1.63 gfmed=0.317
 2150 hold m=2 hq=0.209 fail | Dr=+1.316/+1.894 |Dr|max=1.894 Df=+1.066 | g r=0.215 f=0.630 p=0.899(0.006) max=3.690 | Ld=+2.5521 base=-0.161 r1=0.0874 path=0.00682 cap=0.00221 rate=2.62 | Lg=+0.8701 | 29s | curv=+0.892 wide=+1.68 gfmed=0.458
 2160 hold m=3 hq=0.670 fail | Dr=+1.370/+2.065 |Dr|max=2.065 Df=+1.171 | g r=0.173 f=0.263 p=0.825(0.009) max=4.079 | Ld=+0.3973 base=-0.2 r1=0.0619 path=0.0169 cap=0.000436 rate=0.518 | Lg=+0.8486 | 29s | curv=+0.759 wide=+1.43 gfmed=0.166
 2170 hold m=3 hq=0.669 fail | Dr=+1.359/+2.045 |Dr|max=2.045 Df=+1.090 | g r=0.181 f=0.391 p=0.826(0.011) max=4.356 | Ld=+1.1070 base=-0.233 r1=0.0628 path=0.037 cap=0.00384 rate=1.24 | Lg=+0.8816 | 29s | curv=+0.471 wide=+1.17 gfmed=0.335
 2180 hold m=2 hq=0.426 fail | Dr=+1.369/+2.085 |Dr|max=2.085 Df=+1.076 | g r=0.180 f=0.778 p=0.885(0.004) max=3.783 | Ld=+0.0772 base=-0.537 r1=0.0679 path=0.0141 cap=0.00154 rate=0.531 | Lg=+1.0878 | 29s | curv=+0.987 wide=+1.74 gfmed=0.334
 2190 hold m=3 hq=0.585 fail | Dr=+1.335/+2.194 |Dr|max=2.194 Df=+1.034 | g r=0.179 f=0.276 p=0.777(0.003) max=4.094 | Ld=+1.4566 base=-0.266 r1=0.0665 path=0.00622 cap=0.00284 rate=1.65 | Lg=+0.9010 | 29s | curv=+0.477 wide=+1.29 gfmed=0.155
 2200 hold m=3 hq=0.821 fail | Dr=+1.345/+2.118 |Dr|max=2.118 Df=+0.992 | g r=0.147 f=0.147 p=0.749(0.001) max=4.072 | Ld=+0.1287 base=-0.355 r1=0.0378 path=0.0113 cap=0.00642 rate=0.428 | Lg=+0.9179 | 30s | curv=+0.287 wide=+1.11 gfmed=0.098
 2210 hold m=3 hq=0.777 fail | Dr=+1.322/+2.150 |Dr|max=2.150 Df=+0.899 | g r=0.138 f=0.123 p=0.696(0.004) max=4.234 | Ld=+0.5297 base=-0.425 r1=0.0425 path=0.0203 cap=0.00375 rate=0.888 | Lg=+0.9712 | 30s | curv=+0.383 wide=+0.946 gfmed=0.073
 2220 hold m=3 hq=0.829 fail | Dr=+1.384/+2.294 |Dr|max=2.294 Df=+0.901 | g r=0.146 f=0.120 p=0.708(0.003) max=4.403 | Ld=+0.0410 base=-0.512 r1=0.0369 path=0.00841 cap=0.00393 rate=0.504 | Lg=+1.0356 | 30s | curv=+0.373 wide=+0.928 gfmed=0.072
 2230 hold m=3 hq=0.893 fail | Dr=+1.282/+2.063 |Dr|max=2.063 Df=+0.761 | g r=0.152 f=0.142 p=0.667(0.003) max=4.028 | Ld=+0.5855 base=-0.6 r1=0.037 path=0.0145 cap=0.0118 rate=1.12 | Lg=+1.0353 | 30s | curv=+0.423 wide=+0.974 gfmed=0.092
 2240 hold m=3 hq=0.895 fail | Dr=+1.355/+2.255 |Dr|max=2.255 Df=+0.738 | g r=0.147 f=0.121 p=0.691(0.001) max=4.379 | Ld=-0.2054 base=-0.62 r1=0.03 path=0.0161 cap=0.00254 rate=0.366 | Lg=+1.0978 | 30s | curv=+0.492 wide=+1.07 gfmed=0.067
 2250 hold m=3 hq=0.872 fail | Dr=+1.413/+2.616 |Dr|max=2.616 Df=+0.747 | g r=0.165 f=0.177 p=0.715(0.007) max=4.700 | Ld=+0.0464 base=-0.688 r1=0.0456 path=0.0284 cap=0.00531 rate=0.655 | Lg=+1.1481 | 30s | curv=+0.35 wide=+0.971 gfmed=0.138
 2260 hold m=3 hq=0.922 fail | Dr=+1.517/+2.526 |Dr|max=2.526 Df=+0.738 | g r=0.142 f=0.132 p=0.747(0.001) max=4.466 | Ld=+0.0498 base=-0.678 r1=0.0424 path=0.012 cap=0.00188 rate=0.671 | Lg=+1.2258 | 30s | curv=+0.423 wide=+1 gfmed=0.065
 2270 hold m=3 hq=0.609 fail | Dr=+1.528/+2.631 |Dr|max=2.631 Df=+0.818 | g r=0.152 f=0.725 p=0.837(0.003) max=4.411 | Ld=+0.2396 base=-0.746 r1=0.0436 path=0.173 cap=0.003 rate=0.766 | Lg=+1.2423 | 30s | curv=+0.39 wide=+0.867 gfmed=0.135
 2280 hold m=3 hq=0.491 fail | Dr=+1.546/+3.018 |Dr|max=3.018 Df=+0.805 | g r=0.189 f=0.637 p=0.856(0.005) max=4.380 | Ld=+0.1765 base=-0.782 r1=0.0643 path=0.0788 cap=0.00666 rate=0.809 | Lg=+1.2112 | 31s | curv=+0.713 wide=+1.14 gfmed=0.193
 2290 hold m=3 hq=0.805 fail | Dr=+1.476/+2.844 |Dr|max=2.844 Df=+0.736 | g r=0.144 f=0.299 p=0.829(0.002) max=4.330 | Ld=-0.4039 base=-0.718 r1=0.0327 path=0.024 cap=0.00184 rate=0.256 | Lg=+1.2090 | 31s | curv=+0.762 wide=+1.22 gfmed=0.124
 2300 hold m=3 hq=0.488 fail | Dr=+1.473/+2.932 |Dr|max=2.932 Df=+0.644 | g r=0.166 f=0.512 p=0.886(0.004) max=4.301 | Ld=+0.0644 base=-0.766 r1=0.0414 path=0.0805 cap=0.00246 rate=0.706 | Lg=+1.2464 | 31s | curv=+0.945 wide=+1.39 gfmed=0.448
 2310 hold m=3 hq=0.835 fail | Dr=+1.637/+2.839 |Dr|max=2.839 Df=+0.709 | g r=0.135 f=0.240 p=0.812(0.004) max=4.039 | Ld=+0.1954 base=-0.802 r1=0.033 path=0.0167 cap=0.00152 rate=0.946 | Lg=+1.3376 | 31s | curv=+0.569 wide=+0.987 gfmed=0.118
 2320 hold m=3 hq=0.902 fail | Dr=+1.566/+2.781 |Dr|max=2.781 Df=+0.603 | g r=0.119 f=0.147 p=0.812(0.002) max=3.904 | Ld=-0.4915 base=-0.9 r1=0.03 path=0.016 cap=0.00403 rate=0.358 | Lg=+1.3580 | 31s | curv=+0.378 wide=+0.943 gfmed=0.061
 2330 hold m=1 hq=0.071 fail | Dr=+1.574/+2.828 |Dr|max=2.828 Df=+0.763 | g r=0.157 f=0.518 p=0.846(0.006) max=4.037 | Ld=+0.3930 base=-0.901 r1=0.0412 path=0.0125 cap=0.00429 rate=1.24 | Lg=+1.2988 | 31s | curv=+0.404 wide=+0.792 gfmed=0.426
 2340 hold m=2 hq=0.448 fail | Dr=+1.642/+2.781 |Dr|max=2.781 Df=+0.649 | g r=0.113 f=0.123 p=0.836(0.004) max=3.924 | Ld=-0.3564 base=-0.888 r1=0.0244 path=0.00424 cap=0.00457 rate=0.498 | Lg=+1.3901 | 31s | curv=+0.44 wide=+0.836 gfmed=0.083
 2350 hold m=2 hq=0.456 fail | Dr=+1.601/+2.746 |Dr|max=2.746 Df=+0.406 | g r=0.133 f=0.119 p=0.869(0.002) max=4.025 | Ld=+0.0486 base=-0.966 r1=0.0264 path=0.00587 cap=0.00427 rate=0.978 | Lg=+1.5664 | 31s | curv=+0.277 wide=+0.624 gfmed=0.079
 2360 hold m=1 hq=0.000 fail | Dr=+1.624/+2.835 |Dr|max=2.835 Df=+0.339 | g r=0.222 f=0.864 p=1.018(0.005) max=3.980 | Ld=-0.6362 base=-1.23 r1=0.0329 path=0.00344 cap=0.0113 rate=0.541 | Lg=+2.0422 | 32s | curv=+1.14 wide=+1.5 gfmed=0.835
 2370 hold m=0 hq=0.000 fail | Dr=+1.603/+2.641 |Dr|max=2.641 Df=+0.564 | g r=0.338 f=1.092 p=1.206(0.001) max=4.448 | Ld=+7.1746 base=-0.491 r1=0.218 path=2.54 cap=0.0301 rate=4.88 | Lg=+1.3544 | 32s | curv=+1.07 wide=+1.33 gfmed=1.076
 2380 hold m=0 hq=0.000 fail | Dr=+1.841/+3.170 |Dr|max=3.170 Df=+0.651 | g r=0.212 f=0.663 p=1.147(0.014) max=4.231 | Ld=-0.6190 base=-1 r1=0.0904 path=4.19e-06 cap=0.00594 rate=0.285 | Lg=+1.5288 | 32s | curv=+1.32 wide=+1.67 gfmed=0.582
 2390 hold m=0 hq=0.000 fail | Dr=+1.917/+3.251 |Dr|max=3.251 Df=+0.456 | g r=0.181 f=0.818 p=1.176(0.014) max=4.301 | Ld=-0.6723 base=-1.26 r1=0.0629 cap=0.00676 rate=0.517 | Lg=+1.7215 | 32s | curv=+1.38 wide=+1.75 gfmed=0.745
 2400 hold m=1 hq=0.034 fail | Dr=+1.939/+3.172 |Dr|max=3.172 Df=+0.915 | g r=0.229 f=1.183 p=1.113(0.017) max=4.086 | Ld=+5.5771 base=-0.849 r1=0.113 path=0.0949 cap=0.0215 rate=6.2 | Lg=+0.9926 | 32s | curv=+0.402 wide=+0.921 gfmed=1.058
# shift (1,0) after 2400; frozen copy on new target: m=1 hq=0.004
 2410 post m=1 hq=0.000 fail | Dr=+1.642/+2.555 |Dr|max=2.555 Df=+0.687 | g r=0.404 f=0.930 p=1.195(0.014) max=4.332 | Ld=+1.5045 base=-0.804 r1=0.195 path=0.767 cap=0.0561 rate=1.29 | Lg=+1.2430 | 32s | curv=+1.16 wide=+1.35 gfmed=0.904
 2420 post m=1 hq=0.101 fail | Dr=+1.932/+2.945 |Dr|max=2.945 Df=+1.038 | g r=0.293 f=1.422 p=1.200(0.009) max=4.145 | Ld=+1.7677 base=-1.48 r1=0.114 path=0.189 cap=0.00604 rate=2.94 | Lg=+1.6567 | 32s | curv=+0.871 wide=+1.15 gfmed=1.001
 2430 post m=1 hq=0.029 fail | Dr=+1.671/+2.967 |Dr|max=2.967 Df=+0.364 | g r=0.277 f=0.815 p=1.050(0.009) max=3.774 | Ld=-1.1070 base=-1.52 r1=0.162 path=8.89e-06 cap=0.015 rate=0.236 | Lg=+1.7053 | 33s | curv=+0.745 wide=+1.14 gfmed=0.729
 2440 post m=0 hq=0.000 fail | Dr=+1.643/+2.978 |Dr|max=2.978 Df=+0.459 | g r=0.248 f=0.629 p=0.982(0.004) max=3.542 | Ld=-0.3162 base=-1.46 r1=0.121 path=0.0885 cap=0.0135 rate=0.925 | Lg=+1.5918 | 33s | curv=+0.0269 wide=+0.572 gfmed=0.474
 2450 post m=0 hq=0.000 fail | Dr=+1.625/+3.134 |Dr|max=3.134 Df=+0.271 | g r=0.309 f=0.616 p=0.974(0.011) max=3.678 | Ld=+12.5065 base=-1.23 r1=0.144 path=4.22 cap=0.00219 rate=9.37 | Lg=+1.7747 | 33s | curv=+1.16 wide=+1.68 gfmed=0.304
 2460 post m=1 hq=0.000 fail | Dr=+1.674/+2.250 |Dr|max=2.250 Df=+1.207 | g r=0.680 f=1.321 p=1.369(0.012) max=5.188 | Ld=+4.0914 base=-0.629 r1=0.816 path=3.08 cap=0.287 rate=0.532 | Lg=+1.1232 | 33s | curv=+3.31 wide=+3.8 gfmed=1.115
 2470 post m=1 hq=0.007 fail | Dr=+1.804/+2.365 |Dr|max=2.365 Df=+1.255 | g r=0.436 f=1.122 p=1.194(0.005) max=4.138 | Ld=+1.0212 base=-0.539 r1=0.301 path=1.23 cap=0.0271 rate=0.0062 | Lg=+1.0449 | 33s | curv=+2.24 wide=+2.79 gfmed=0.937
 2480 post m=1 hq=0.111 fail | Dr=+1.960/+2.737 |Dr|max=2.737 Df=+1.422 | g r=0.285 f=1.201 p=1.159(0.016) max=4.176 | Ld=+0.4168 base=-0.587 r1=0.139 path=0.499 cap=0.00738 rate=0.359 | Lg=+1.0803 | 33s | curv=+1.49 wide=+2.15 gfmed=1.166
 2490 post m=0 hq=0.000 fail | Dr=+1.941/+2.650 |Dr|max=2.650 Df=+1.167 | g r=0.250 f=1.021 p=1.116(0.010) max=3.677 | Ld=+0.1631 base=-0.761 r1=0.11 path=0.0447 cap=0.000304 rate=0.769 | Lg=+1.1950 | 33s | curv=+1.16 wide=+1.77 gfmed=0.765
 2500 post m=0 hq=0.000 fail | Dr=+2.046/+2.764 |Dr|max=2.764 Df=+1.103 | g r=0.239 f=0.860 p=1.078(0.014) max=3.625 | Ld=+1.0510 base=-0.78 r1=0.0794 path=0.163 cap=0.000768 rate=1.59 | Lg=+1.2250 | 34s | curv=+1.02 wide=+1.64 gfmed=0.498
 2510 post m=0 hq=0.000 fail | Dr=+2.046/+2.685 |Dr|max=2.685 Df=+0.981 | g r=0.226 f=0.832 p=1.061(0.015) max=3.640 | Ld=+0.6006 base=-0.894 r1=0.0713 path=0.0648 cap=0.0018 rate=1.36 | Lg=+1.2932 | 34s | curv=+0.701 wide=+1.17 gfmed=0.639
 2520 post m=1 hq=0.010 fail | Dr=+2.112/+2.761 |Dr|max=2.761 Df=+1.048 | g r=0.239 f=0.894 p=1.053(0.010) max=3.739 | Ld=+1.4362 base=-1.08 r1=0.148 path=0.0263 cap=0.0807 rate=2.27 | Lg=+1.3996 | 34s | curv=+1.19 wide=+1.57 gfmed=0.699
 2530 post m=0 hq=0.000 fail | Dr=+2.059/+2.875 |Dr|max=2.875 Df=+0.682 | g r=0.165 f=0.872 p=1.106(0.001) max=3.885 | Ld=+0.7603 base=-1.28 r1=0.0563 path=0.0356 cap=0.0194 rate=1.93 | Lg=+1.5871 | 34s | curv=+0.584 wide=+1.08 gfmed=0.629
 2540 post m=2 hq=0.075 fail | Dr=+2.062/+2.965 |Dr|max=2.965 Df=+0.736 | g r=0.214 f=1.238 p=1.133(0.003) max=3.672 | Ld=-0.0795 base=-0.993 r1=0.0566 path=0.159 cap=0.0327 rate=0.665 | Lg=+1.4319 | 34s | curv=+1.42 wide=+1.89 gfmed=1.136
 2550 post m=1 hq=0.014 fail | Dr=+1.780/+2.618 |Dr|max=2.618 Df=+0.428 | g r=0.246 f=0.854 p=1.004(0.015) max=4.107 | Ld=+0.4511 base=-1.2 r1=0.0698 path=0.0245 cap=0.0828 rate=1.48 | Lg=+1.5698 | 34s | curv=+1.01 wide=+1.5 gfmed=0.767
 2560 post m=2 hq=0.123 fail | Dr=+1.675/+2.360 |Dr|max=2.360 Df=+1.075 | g r=0.188 f=1.107 p=1.017(0.005) max=4.047 | Ld=+1.1918 base=-0.838 r1=0.0523 path=0.062 cap=0.00989 rate=1.91 | Lg=+1.3022 | 34s | curv=+0.962 wide=+1.44 gfmed=0.974
 2570 post m=2 hq=0.028 fail | Dr=+1.647/+2.325 |Dr|max=2.325 Df=+1.780 | g r=0.344 f=1.402 p=1.138(0.012) max=4.083 | Ld=+7.3742 base=0.0866 r1=0.141 path=4.53 cap=0.0242 rate=2.59 | Lg=+0.7962 | 34s | curv=+1.14 wide=+1.67 gfmed=1.381
 2580 post m=2 hq=0.001 fail | Dr=+1.583/+2.168 |Dr|max=2.168 Df=-0.108 | g r=0.691 f=1.598 p=1.513(0.014) max=6.593 | Ld=+19.3022 base=-1.24 r1=0.713 path=19.2 cap=0.155 rate=0.502 | Lg=+2.2806 | 35s | curv=+1.53 wide=+2.05 gfmed=1.452
 2590 post m=2 hq=0.102 fail | Dr=+1.561/+2.126 |Dr|max=2.126 Df=+1.187 | g r=0.450 f=1.023 p=1.031(0.003) max=4.694 | Ld=+0.4366 base=-0.408 r1=0.361 path=0.469 cap=0.0118 rate=0.00335 | Lg=+0.9502 | 35s | curv=+2.12 wide=+2.48 gfmed=0.727
 2600 post m=2 hq=0.124 fail | Dr=+1.587/+2.368 |Dr|max=2.368 Df=+1.065 | g r=0.342 f=0.949 p=0.979(0.013) max=4.460 | Ld=-0.2720 base=-0.502 r1=0.194 path=0.0242 cap=0.0112 rate=0.00112 | Lg=+1.0179 | 35s | curv=+1.66 wide=+2.13 gfmed=0.901
 2610 post m=1 hq=0.021 fail | Dr=+1.457/+2.127 |Dr|max=2.127 Df=+1.054 | g r=0.268 f=0.848 p=0.860(0.003) max=4.106 | Ld=+0.8070 base=-0.545 r1=0.132 path=0.111 cap=0.0105 rate=1.1 | Lg=+1.0553 | 35s | curv=+1.38 wide=+1.87 gfmed=0.839
 2620 post m=2 hq=0.233 fail | Dr=+1.534/+2.247 |Dr|max=2.247 Df=+1.021 | g r=0.192 f=0.910 p=0.867(0.003) max=3.928 | Ld=-0.2110 base=-0.613 r1=0.0723 path=0.0513 cap=0.00172 rate=0.276 | Lg=+1.1086 | 35s | curv=+1.06 wide=+1.61 gfmed=0.900
 2630 post m=2 hq=0.472 fail | Dr=+1.497/+2.076 |Dr|max=2.076 Df=+1.020 | g r=0.213 f=0.373 p=0.852(0.004) max=4.194 | Ld=+0.9782 base=-0.462 r1=0.0994 path=0.024 cap=0.00114 rate=1.32 | Lg=+1.0071 | 35s | curv=+1.51 wide=+2.01 gfmed=0.247
 2640 post m=2 hq=0.449 fail | Dr=+1.524/+1.985 |Dr|max=1.985 Df=+1.287 | g r=0.187 f=0.465 p=0.906(0.008) max=4.103 | Ld=+3.8288 base=-0.173 r1=0.062 path=0.311 cap=0.000253 rate=3.63 | Lg=+0.8510 | 35s | curv=+0.642 wide=+1.26 gfmed=0.326
 2650 post m=2 hq=0.484 fail | Dr=+1.515/+1.920 |Dr|max=1.920 Df=+1.120 | g r=0.195 f=0.656 p=0.867(0.001) max=3.678 | Ld=+0.5465 base=-0.194 r1=0.0811 path=0.0101 cap=0.012 rate=0.637 | Lg=+0.8290 | 36s | curv=+0.968 wide=+1.59 gfmed=0.286
 2660 post m=2 hq=0.592 fail | Dr=+1.407/+1.687 |Dr|max=1.687 Df=+0.892 | g r=0.283 f=0.402 p=0.885(0.003) max=4.307 | Ld=+1.1800 base=-0.367 r1=0.0453 path=0.579 cap=0.000887 rate=0.922 | Lg=+1.0360 | 36s | curv=+1.52 wide=+2.08 gfmed=0.143
 2670 post m=2 hq=0.373 fail | Dr=+1.565/+1.904 |Dr|max=1.904 Df=+1.068 | g r=0.179 f=0.505 p=0.810(0.015) max=3.869 | Ld=+0.7163 base=-0.371 r1=0.182 path=0.0927 cap=6.68e-07 rate=0.813 | Lg=+1.0084 | 36s | curv=+1.27 wide=+1.85 gfmed=0.377
 2680 post m=2 hq=0.244 fail | Dr=+1.699/+2.269 |Dr|max=2.269 Df=+1.080 | g r=0.174 f=0.677 p=0.948(0.003) max=4.101 | Ld=+0.2099 base=-0.568 r1=0.0422 path=0.0796 cap=0.0017 rate=0.654 | Lg=+1.1078 | 36s | curv=+1.24 wide=+1.8 gfmed=0.498
 2690 post m=2 hq=0.523 fail | Dr=+1.662/+2.223 |Dr|max=2.223 Df=+1.110 | g r=0.178 f=0.429 p=0.986(0.004) max=3.895 | Ld=+1.0028 base=-0.521 r1=0.0525 path=0.11 cap=0.00132 rate=1.36 | Lg=+1.0538 | 36s | curv=+0.998 wide=+1.57 gfmed=0.267
 2700 post m=1 hq=0.022 fail | Dr=+1.580/+2.220 |Dr|max=2.220 Df=+0.844 | g r=0.292 f=1.244 p=1.168(0.007) max=4.442 | Ld=+1.0891 base=-0.726 r1=0.199 path=0.0214 cap=0.0125 rate=1.58 | Lg=+1.1191 | 36s | curv=+2.1 wide=+2.67 gfmed=1.173
 2710 post m=0 hq=0.000 fail | Dr=+1.665/+2.423 |Dr|max=2.423 Df=+0.800 | g r=0.198 f=1.360 p=1.096(0.008) max=3.873 | Ld=+0.5180 base=-1.11 r1=0.11 path=0.0183 cap=0.0109 rate=1.49 | Lg=+1.3322 | 36s | curv=+1.25 wide=+1.99 gfmed=1.247
 2720 post m=1 hq=0.001 fail | Dr=+1.517/+2.266 |Dr|max=2.266 Df=+0.451 | g r=0.219 f=1.068 p=0.984(0.014) max=3.983 | Ld=-0.4797 base=-1.06 r1=0.0843 path=0.381 cap=0.0123 rate=0.101 | Lg=+1.3919 | 37s | curv=+1.02 wide=+1.71 gfmed=1.001
 2730 post m=0 hq=0.000 fail | Dr=+1.494/+1.977 |Dr|max=1.977 Df=+0.337 | g r=0.265 f=0.509 p=1.027(0.009) max=3.933 | Ld=-0.4392 base=-1.1 r1=0.144 path=0.421 cap=0.00216 rate=0.0977 | Lg=+1.4416 | 37s | curv=+1.29 wide=+1.86 gfmed=0.413
 2740 post m=1 hq=0.068 fail | Dr=+1.449/+1.706 |Dr|max=1.706 Df=+0.775 | g r=0.207 f=0.646 p=0.964(0.006) max=3.416 | Ld=+1.1579 base=-0.672 r1=0.123 path=0.518 cap=0.0071 rate=1.18 | Lg=+1.2621 | 37s | curv=+1.26 wide=+1.87 gfmed=0.521
 2750 post m=1 hq=0.023 fail | Dr=+1.494/+1.875 |Dr|max=1.875 Df=+1.000 | g r=0.201 f=1.947 p=1.033(0.006) max=3.920 | Ld=+1.9540 base=-0.236 r1=0.0676 path=0.00829 cap=0.00115 rate=2.11 | Lg=+0.9344 | 37s | curv=+1.19 wide=+1.76 gfmed=2.238
 2760 post m=2 hq=0.456 fail | Dr=+1.605/+2.048 |Dr|max=2.048 Df=+1.295 | g r=0.160 f=0.745 p=0.946(0.012) max=4.296 | Ld=+0.3906 base=-0.271 r1=0.0586 path=0.0412 cap=0.00533 rate=0.556 | Lg=+0.8870 | 37s | curv=+1.13 wide=+1.76 gfmed=0.547
 2770 post m=1 hq=0.000 fail | Dr=+1.555/+2.092 |Dr|max=2.092 Df=+0.594 | g r=0.306 f=0.902 p=1.131(0.008) max=3.930 | Ld=+5.5060 base=-0.495 r1=0.116 path=0.119 cap=0.0115 rate=5.75 | Lg=+1.4031 | 37s | curv=+2.25 wide=+2.69 gfmed=0.758
 2780 post m=2 hq=0.108 fail | Dr=+1.692/+2.347 |Dr|max=2.347 Df=+0.781 | g r=0.188 f=0.708 p=1.023(0.012) max=3.716 | Ld=-0.7891 base=-1 r1=0.074 path=0.0729 cap=0.00474 rate=0.0612 | Lg=+1.3158 | 37s | curv=+1.23 wide=+1.86 gfmed=0.565
 2790 post m=0 hq=0.000 fail | Dr=+1.655/+2.351 |Dr|max=2.351 Df=+0.469 | g r=0.178 f=1.023 p=1.083(0.006) max=3.821 | Ld=-0.8217 base=-1.54 r1=0.0884 path=0.00973 cap=0.00554 rate=0.611 | Lg=+1.6134 | 37s | curv=+0.94 wide=+1.73 gfmed=0.918
 2800 post m=0 hq=0.000 fail | Dr=+1.719/+2.620 |Dr|max=2.620 Df=+0.268 | g r=0.194 f=1.510 p=1.165(0.011) max=4.046 | Ld=-0.5651 base=-1.3 r1=0.0575 path=0.0102 cap=0.0052 rate=0.659 | Lg=+1.6174 | 38s | curv=+1.37 wide=+2.05 gfmed=1.421
 2810 post m=1 hq=0.072 fail | Dr=+1.686/+2.613 |Dr|max=2.613 Df=+0.261 | g r=0.177 f=0.618 p=1.082(0.017) max=3.974 | Ld=-0.1061 base=-1.55 r1=0.0572 path=0.000119 cap=0.0229 rate=1.36 | Lg=+1.7207 | 38s | curv=+0.869 wide=+1.49 gfmed=0.446
 2820 post m=1 hq=0.181 fail | Dr=+1.791/+2.822 |Dr|max=2.822 Df=+0.514 | g r=0.183 f=0.707 p=1.055(0.016) max=4.132 | Ld=+0.0406 base=-1.2 r1=0.0486 path=0.000619 cap=0.00238 rate=1.19 | Lg=+1.6650 | 38s | curv=+0.779 wide=+1.38 gfmed=0.594
 2830 post m=0 hq=0.000 fail | Dr=+1.769/+2.975 |Dr|max=2.975 Df=-0.129 | g r=0.300 f=0.873 p=1.087(0.008) max=3.658 | Ld=+1.4356 base=-1.8 r1=0.113 path=0.000856 cap=0.0191 rate=3.11 | Lg=+2.0918 | 38s | curv=+1.37 wide=+1.82 gfmed=0.869
 2840 post m=0 hq=0.000 fail | Dr=+1.885/+3.078 |Dr|max=3.078 Df=+0.261 | g r=0.222 f=0.524 p=1.103(0.012) max=4.857 | Ld=-0.5885 base=-1.77 r1=0.0896 path=0.613 cap=0.0237 rate=0.451 | Lg=+1.9695 | 38s | curv=+1.2 wide=+1.8 gfmed=0.408
 2850 post m=0 hq=0.000 fail | Dr=+1.907/+3.084 |Dr|max=3.084 Df=+0.430 | g r=0.195 f=1.277 p=1.233(0.006) max=4.605 | Ld=-0.7361 base=-1.59 r1=0.0729 path=0.00758 cap=0.0613 rate=0.714 | Lg=+1.7279 | 38s | curv=+0.908 wide=+1.56 gfmed=1.050
 2860 post m=1 hq=0.066 fail | Dr=+1.878/+2.955 |Dr|max=2.955 Df=+0.553 | g r=0.259 f=0.714 p=1.133(0.006) max=4.954 | Ld=+0.3217 base=-1.36 r1=0.123 path=0.407 cap=0.0409 rate=1.11 | Lg=+1.6951 | 38s | curv=+0.672 wide=+1.26 gfmed=0.247
 2870 post m=1 hq=0.042 fail | Dr=+1.883/+2.984 |Dr|max=2.984 Df=+0.422 | g r=0.195 f=0.664 p=1.069(0.005) max=4.093 | Ld=-0.4216 base=-1.42 r1=0.0847 path=0.0522 cap=0.0157 rate=0.842 | Lg=+1.6955 | 39s | curv=+0.717 wide=+1.3 gfmed=0.407
 2880 post m=1 hq=0.033 fail | Dr=+1.873/+3.031 |Dr|max=3.031 Df=+0.297 | g r=0.194 f=0.408 p=1.075(0.009) max=4.457 | Ld=-0.1695 base=-1.62 r1=0.0609 path=0.0196 cap=0.0141 rate=1.36 | Lg=+1.8825 | 39s | curv=+0.983 wide=+1.58 gfmed=0.246
 2890 post m=3 hq=0.147 fail | Dr=+1.888/+2.794 |Dr|max=2.794 Df=+0.758 | g r=0.186 f=1.510 p=1.177(0.007) max=4.955 | Ld=-0.2481 base=-1.19 r1=0.0679 path=0.0359 cap=0.0127 rate=0.821 | Lg=+1.5699 | 39s | curv=+0.909 wide=+1.49 gfmed=1.234
 2900 post m=2 hq=0.030 fail | Dr=+1.931/+2.963 |Dr|max=2.963 Df=+1.888 | g r=0.354 f=1.615 p=1.380(0.007) max=4.869 | Ld=+25.6917 base=-0.449 r1=0.343 path=4.22 cap=0.12 rate=21.5 | Lg=+1.0356 | 39s | curv=+1.52 wide=+2.21 gfmed=1.636
 2910 post m=1 hq=0.079 fail | Dr=+1.677/+2.480 |Dr|max=2.480 Df=+1.333 | g r=0.331 f=1.113 p=1.325(0.002) max=4.393 | Ld=+1.1519 base=-0.38 r1=0.275 path=0.0347 cap=0.0372 rate=1.18 | Lg=+0.9537 | 39s | curv=+1.7 wide=+2.57 gfmed=0.761
 2920 post m=2 hq=0.150 fail | Dr=+1.681/+2.447 |Dr|max=2.447 Df=+1.284 | g r=0.284 f=1.500 p=1.298(0.002) max=4.395 | Ld=+0.6583 base=-0.684 r1=0.186 path=0.0181 cap=0.0425 rate=1.1 | Lg=+1.2649 | 39s | curv=+2.23 wide=+3.05 gfmed=1.304
 2930 post m=2 hq=0.082 fail | Dr=+1.629/+2.296 |Dr|max=2.296 Df=+1.316 | g r=0.267 f=1.665 p=1.257(0.011) max=4.456 | Ld=-0.1161 base=-0.699 r1=0.118 path=0.0179 cap=0.0161 rate=0.431 | Lg=+1.2027 | 39s | curv=+2.29 wide=+3.07 gfmed=1.819
 2940 post m=0 hq=0.000 fail | Dr=+1.550/+2.304 |Dr|max=2.304 Df=+0.955 | g r=0.264 f=2.170 p=1.172(0.007) max=5.001 | Ld=+1.7413 base=-0.278 r1=0.0782 path=0.0578 cap=0.0211 rate=1.86 | Lg=+1.0807 | 39s | curv=+1.98 wide=+2.74 gfmed=2.438
 2950 post m=2 hq=0.606 fail | Dr=+1.599/+2.312 |Dr|max=2.312 Df=+1.338 | g r=0.255 f=0.838 p=1.027(0.019) max=4.249 | Ld=+0.3653 base=-0.169 r1=0.0801 path=0.00142 cap=0.00921 rate=0.444 | Lg=+0.8657 | 40s | curv=+2.24 wide=+2.87 gfmed=0.174
 2960 post m=3 hq=0.743 fail | Dr=+1.565/+2.208 |Dr|max=2.208 Df=+1.316 | g r=0.188 f=0.529 p=0.966(0.002) max=3.411 | Ld=+0.8960 base=-0.407 r1=0.0517 path=0.00883 cap=0.00467 rate=1.24 | Lg=+0.9193 | 40s | curv=+0.727 wide=+1.57 gfmed=0.151
 2970 post m=3 hq=0.571 fail | Dr=+1.575/+2.245 |Dr|max=2.245 Df=+1.092 | g r=0.267 f=0.456 p=0.960(0.013) max=3.616 | Ld=+0.3256 base=-0.427 r1=0.0379 path=0.00986 cap=0.0172 rate=0.687 | Lg=+1.0373 | 40s | curv=+1.32 wide=+2.08 gfmed=0.076
 2980 post m=3 hq=0.688 fail | Dr=+1.595/+2.077 |Dr|max=2.077 Df=+1.066 | g r=0.135 f=0.455 p=0.934(0.000) max=3.666 | Ld=+0.1954 base=-0.673 r1=0.0415 path=0.0252 cap=0.0118 rate=0.79 | Lg=+1.0509 | 40s | curv=+0.531 wide=+1.22 gfmed=0.104
 2990 post m=3 hq=0.797 fail | Dr=+1.667/+2.210 |Dr|max=2.210 Df=+1.063 | g r=0.138 f=0.389 p=0.963(0.000) max=4.401 | Ld=-0.0765 base=-0.739 r1=0.047 path=0.0148 cap=0.0114 rate=0.589 | Lg=+1.0815 | 40s | curv=+0.579 wide=+1.27 gfmed=0.069
 3000 post m=3 hq=0.530 fail | Dr=+1.595/+2.390 |Dr|max=2.390 Df=+0.733 | g r=0.171 f=0.414 p=0.902(0.007) max=3.414 | Ld=+0.1205 base=-0.856 r1=0.0546 path=0.0383 cap=0.00249 rate=0.881 | Lg=+1.2689 | 40s | curv=+0.963 wide=+1.54 gfmed=0.113
 3010 post m=3 hq=0.771 fail | Dr=+1.620/+2.428 |Dr|max=2.428 Df=+0.830 | g r=0.140 f=0.459 p=0.952(0.003) max=3.815 | Ld=-0.2259 base=-0.974 r1=0.0478 path=0.0285 cap=0.00618 rate=0.665 | Lg=+1.2394 | 40s | curv=+0.745 wide=+1.33 gfmed=0.083
 3020 post m=3 hq=0.660 fail | Dr=+1.560/+2.534 |Dr|max=2.534 Df=+0.599 | g r=0.178 f=0.303 p=0.930(0.007) max=3.852 | Ld=+0.5739 base=-1.02 r1=0.0446 path=0.0821 cap=0.00466 rate=1.46 | Lg=+1.3844 | 41s | curv=+0.331 wide=+0.855 gfmed=0.060
 3030 post m=3 hq=0.755 fail | Dr=+1.649/+2.700 |Dr|max=2.700 Df=+0.648 | g r=0.126 f=0.494 p=1.013(0.004) max=3.980 | Ld=-0.5797 base=-1.04 r1=0.0386 path=0.0325 cap=0.00687 rate=0.384 | Lg=+1.3917 | 41s | curv=+0.659 wide=+1.24 gfmed=0.091
 3040 post m=3 hq=0.807 fail | Dr=+1.583/+2.838 |Dr|max=2.838 Df=+0.627 | g r=0.203 f=0.336 p=0.989(0.000) max=3.657 | Ld=+0.3643 base=-1.06 r1=0.0481 path=0.148 cap=0.00546 rate=1.23 | Lg=+1.3752 | 41s | curv=+0.00735 wide=+0.48 gfmed=0.068
 3050 post m=3 hq=0.751 fail | Dr=+1.620/+2.910 |Dr|max=2.910 Df=+0.482 | g r=0.196 f=0.718 p=1.078(0.004) max=4.255 | Ld=-0.3850 base=-1.19 r1=0.0523 path=0.0661 cap=0.00533 rate=0.677 | Lg=+1.5325 | 41s | curv=+0.843 wide=+1.33 gfmed=0.416
 3060 post m=3 hq=0.668 fail | Dr=+1.601/+3.047 |Dr|max=3.047 Df=+0.402 | g r=0.182 f=0.509 p=1.068(0.010) max=3.768 | Ld=-0.2677 base=-1.32 r1=0.046 path=0.0869 cap=0.00942 rate=0.907 | Lg=+1.5339 | 41s | curv=+1.06 wide=+1.51 gfmed=0.067
 3070 post m=3 hq=0.743 fail | Dr=+1.623/+3.077 |Dr|max=3.077 Df=+0.387 | g r=0.180 f=0.609 p=1.113(0.001) max=3.959 | Ld=-0.5140 base=-1.46 r1=0.0525 path=0.0899 cap=0.0135 rate=0.787 | Lg=+1.6841 | 41s | curv=+0.611 wide=+1.09 gfmed=0.091
 3080 post m=3 hq=0.649 fail | Dr=+1.620/+3.298 |Dr|max=3.298 Df=+0.282 | g r=0.207 f=0.436 p=1.127(0.001) max=3.805 | Ld=-0.0580 base=-1.34 r1=0.0577 path=0.0667 cap=0.0501 rate=1.11 | Lg=+1.6859 | 41s | curv=+0.633 wide=+0.952 gfmed=0.182
 3090 post m=3 hq=0.140 fail | Dr=+1.590/+3.216 |Dr|max=3.216 Df=+0.266 | g r=0.303 f=0.913 p=1.269(0.003) max=4.426 | Ld=-0.3011 base=-1.57 r1=0.0722 path=0.0742 cap=0.02 rate=1.1 | Lg=+1.7770 | 41s | curv=+1.17 wide=+1.53 gfmed=0.701
 3100 post m=3 hq=0.262 fail | Dr=+1.667/+3.377 |Dr|max=3.377 Df=+0.906 | g r=0.218 f=1.543 p=1.227(0.011) max=4.263 | Ld=-0.7819 base=-0.916 r1=0.0849 path=0.00658 cap=0.0352 rate=0.00773 | Lg=+1.4013 | 42s | curv=+0.73 wide=+1.32 gfmed=1.564
 3110 post m=2 hq=0.160 fail | Dr=+1.647/+2.428 |Dr|max=2.428 Df=+1.593 | g r=0.338 f=0.935 p=1.127(0.006) max=4.190 | Ld=+2.6603 base=0.369 r1=0.27 path=0.8 cap=0.0258 rate=1.19 | Lg=+0.7671 | 42s | curv=+1.2 wide=+1.89 gfmed=0.850
 3120 post m=3 hq=0.494 fail | Dr=+1.622/+2.163 |Dr|max=2.163 Df=+1.739 | g r=0.244 f=0.699 p=1.003(0.008) max=4.294 | Ld=+0.9565 base=0.102 r1=0.0946 path=0.0508 cap=0.0117 rate=0.697 | Lg=+0.7583 | 42s | curv=+1.23 wide=+2.03 gfmed=0.396
 3130 post m=2 hq=0.455 fail | Dr=+1.579/+2.195 |Dr|max=2.195 Df=+1.450 | g r=0.260 f=0.699 p=0.982(0.014) max=4.133 | Ld=+3.1588 base=0.142 r1=0.0697 path=0.138 cap=0.00468 rate=2.8 | Lg=+0.8315 | 42s | curv=+0.758 wide=+1.46 gfmed=0.418
 3140 post m=2 hq=0.483 fail | Dr=+1.620/+2.322 |Dr|max=2.322 Df=+1.484 | g r=0.256 f=0.660 p=0.952(0.008) max=3.968 | Ld=+0.4516 base=-0.145 r1=0.0621 path=0.0409 cap=0.00319 rate=0.49 | Lg=+0.8823 | 42s | curv=+0.613 wide=+1.37 gfmed=0.269
 3150 post m=2 hq=0.115 fail | Dr=+1.570/+2.284 |Dr|max=2.284 Df=+1.318 | g r=0.213 f=0.684 p=0.873(0.010) max=3.704 | Ld=+1.0963 base=-0.263 r1=0.0708 path=0.0498 cap=0.00619 rate=1.23 | Lg=+0.9159 | 42s | curv=+0.231 wide=+0.885 gfmed=0.508
 3160 post m=2 hq=0.504 fail | Dr=+1.619/+2.313 |Dr|max=2.313 Df=+1.229 | g r=0.178 f=0.442 p=0.833(0.005) max=3.799 | Ld=-0.0977 base=-0.404 r1=0.0543 path=0.00679 cap=0.00165 rate=0.244 | Lg=+0.9837 | 42s | curv=+0.88 wide=+1.53 gfmed=0.271
 3170 post m=2 hq=0.363 fail | Dr=+1.539/+2.168 |Dr|max=2.168 Df=+1.090 | g r=0.224 f=0.784 p=0.859(0.005) max=3.705 | Ld=+2.5446 base=-0.262 r1=0.0679 path=0.00534 cap=0.00699 rate=2.73 | Lg=+0.9574 | 43s | curv=+1.2 wide=+1.73 gfmed=0.670
 3180 post m=3 hq=0.841 fail | Dr=+1.694/+2.417 |Dr|max=2.417 Df=+1.345 | g r=0.139 f=0.240 p=0.762(0.006) max=4.269 | Ld=-0.1807 base=-0.3 r1=0.0382 path=0.0044 cap=0.000137 rate=0.0762 | Lg=+0.9361 | 43s | curv=+0.779 wide=+1.39 gfmed=0.125
 3190 post m=3 hq=0.867 fail | Dr=+1.810/+2.697 |Dr|max=2.697 Df=+1.327 | g r=0.134 f=0.197 p=0.776(0.001) max=4.154 | Ld=-0.0058 base=-0.377 r1=0.0316 path=0.00255 cap=0.000628 rate=0.336 | Lg=+1.0053 | 43s | curv=+1.02 wide=+1.6 gfmed=0.113
 3200 post m=3 hq=0.808 fail | Dr=+1.777/+2.624 |Dr|max=2.624 Df=+1.260 | g r=0.120 f=0.210 p=0.749(0.003) max=4.106 | Ld=+0.2124 base=-0.555 r1=0.0458 path=0.00397 cap=0.000544 rate=0.717 | Lg=+1.0324 | 43s | curv=+0.616 wide=+1.17 gfmed=0.142
 3210 post m=3 hq=0.917 fail | Dr=+1.775/+2.796 |Dr|max=2.796 Df=+1.162 | g r=0.141 f=0.170 p=0.709(0.001) max=3.852 | Ld=+0.1507 base=-0.685 r1=0.0465 path=0.0206 cap=0.0124 rate=0.757 | Lg=+1.1276 | 43s | curv=+0.444 wide=+0.937 gfmed=0.131
 3220 post m=3 hq=0.908 fail | Dr=+1.803/+2.826 |Dr|max=2.826 Df=+1.074 | g r=0.131 f=0.159 p=0.722(0.004) max=4.036 | Ld=-0.3437 base=-0.762 r1=0.0425 path=0.0205 cap=0.00246 rate=0.353 | Lg=+1.1953 | 43s | curv=+0.281 wide=+0.799 gfmed=0.087
 3230 post m=3 hq=0.662 fail | Dr=+1.856/+2.938 |Dr|max=2.938 Df=+0.990 | g r=0.147 f=0.186 p=0.787(0.005) max=4.108 | Ld=+0.9173 base=-0.747 r1=0.0359 path=0.0176 cap=0.000536 rate=1.61 | Lg=+1.3233 | 43s | curv=+0.804 wide=+1.12 gfmed=0.155
 3240 post m=3 hq=0.917 fail | Dr=+1.825/+2.960 |Dr|max=2.960 Df=+0.859 | g r=0.122 f=0.138 p=0.795(0.003) max=5.189 | Ld=-0.4932 base=-0.862 r1=0.0225 path=0.00837 cap=0.0053 rate=0.333 | Lg=+1.4096 | 44s | curv=+0.489 wide=+0.872 gfmed=0.092
 3250 post m=3 hq=0.288 fail | Dr=+1.872/+3.111 |Dr|max=3.111 Df=+1.040 | g r=0.225 f=0.477 p=0.807(0.004) max=4.338 | Ld=+0.5218 base=-0.824 r1=0.151 path=0.0171 cap=0.00177 rate=1.18 | Lg=+1.3556 | 44s | curv=+0.359 wide=+0.885 gfmed=0.539
 3260 post m=3 hq=0.916 fail | Dr=+1.872/+3.076 |Dr|max=3.076 Df=+0.994 | g r=0.130 f=0.122 p=0.729(0.003) max=4.294 | Ld=-0.2117 base=-0.838 r1=0.0257 path=0.0114 cap=0.00128 rate=0.588 | Lg=+1.3064 | 44s | curv=+0.631 wide=+1.07 gfmed=0.074
 3270 post m=3 hq=0.943 fail | Dr=+1.936/+3.253 |Dr|max=3.253 Df=+0.885 | g r=0.134 f=0.122 p=0.751(0.002) max=4.552 | Ld=+0.1055 base=-0.879 r1=0.0256 path=0.00707 cap=0.00253 rate=0.95 | Lg=+1.4640 | 44s | curv=+0.776 wide=+1.16 gfmed=0.081
 3280 post m=3 hq=0.502 fail | Dr=+1.909/+3.186 |Dr|max=3.186 Df=+0.796 | g r=0.134 f=0.138 p=0.763(0.004) max=4.385 | Ld=-0.4507 base=-0.993 r1=0.0219 path=0.0169 cap=0.00189 rate=0.502 | Lg=+1.5479 | 44s | curv=+0.792 wide=+1.14 gfmed=0.108
 3290 post m=3 hq=0.894 fail | Dr=+1.966/+3.183 |Dr|max=3.183 Df=+0.809 | g r=0.140 f=0.161 p=0.811(0.001) max=4.098 | Ld=-0.0513 base=-1.04 r1=0.028 path=0.0248 cap=0.00346 rate=0.932 | Lg=+1.5819 | 44s | curv=+0.973 wide=+1.36 gfmed=0.104
 3300 post m=3 hq=0.246 fail | Dr=+1.869/+3.137 |Dr|max=3.137 Df=+0.781 | g r=0.167 f=0.425 p=0.815(0.003) max=3.751 | Ld=+0.0462 base=-1.19 r1=0.0718 path=0.211 cap=0.00458 rate=0.946 | Lg=+1.5263 | 44s | curv=+0.158 wide=+0.677 gfmed=0.301
 3310 post m=3 hq=0.731 fail | Dr=+1.765/+2.873 |Dr|max=2.873 Df=+0.669 | g r=0.195 f=0.188 p=0.789(0.004) max=4.108 | Ld=+1.7136 base=-1.22 r1=0.059 path=0.122 cap=0.00985 rate=2.75 | Lg=+1.4991 | 45s | curv=+0.444 wide=+0.829 gfmed=0.146
 3320 post m=3 hq=0.792 fail | Dr=+1.894/+3.117 |Dr|max=3.117 Df=+0.664 | g r=0.143 f=0.174 p=0.853(0.002) max=4.018 | Ld=-1.0241 base=-1.33 r1=0.0443 path=0.0202 cap=0.00462 rate=0.24 | Lg=+1.6506 | 45s | curv=+0.325 wide=+0.776 gfmed=0.081
 3330 post m=3 hq=0.905 fail | Dr=+1.822/+3.045 |Dr|max=3.045 Df=+0.602 | g r=0.159 f=0.146 p=0.824(0.002) max=4.036 | Ld=+0.0693 base=-1.39 r1=0.0591 path=0.0305 cap=0.0129 rate=1.36 | Lg=+1.6560 | 45s | curv=-0.02 wide=+0.477 gfmed=0.075
 3340 post m=3 hq=0.894 fail | Dr=+1.871/+3.155 |Dr|max=3.155 Df=+0.605 | g r=0.164 f=0.408 p=0.912(0.005) max=4.227 | Ld=-0.7089 base=-1.49 r1=0.0828 path=0.019 cap=0.0175 rate=0.662 | Lg=+1.7106 | 45s | curv=+0.135 wide=+0.552 gfmed=0.153
 3350 post m=2 hq=0.418 fail | Dr=+1.919/+3.563 |Dr|max=3.563 Df=+1.105 | g r=0.315 f=0.935 p=1.073(0.012) max=4.405 | Ld=-0.3691 base=-1.11 r1=0.221 path=0.486 cap=0.0128 rate=0.0251 | Lg=+1.5685 | 45s | curv=+1.03 wide=+1.52 gfmed=1.066
 3360 post m=3 hq=0.870 fail | Dr=+1.973/+3.633 |Dr|max=3.633 Df=+1.548 | g r=0.178 f=0.170 p=0.941(0.002) max=3.911 | Ld=+0.9489 base=-0.319 r1=0.0669 path=0.0133 cap=0.00153 rate=1.19 | Lg=+1.0974 | 45s | curv=+0.697 wide=+1.19 gfmed=0.107
 3370 post m=3 hq=0.803 fail | Dr=+1.948/+3.608 |Dr|max=3.608 Df=+1.449 | g r=0.216 f=0.698 p=1.009(0.007) max=3.620 | Ld=+1.4719 base=-0.499 r1=0.146 path=0.0999 cap=0.000266 rate=1.73 | Lg=+1.1298 | 45s | curv=+0.0994 wide=+0.53 gfmed=0.889
 3380 post m=3 hq=0.919 fail | Dr=+1.982/+3.689 |Dr|max=3.689 Df=+1.288 | g r=0.179 f=0.185 p=0.924(0.003) max=3.674 | Ld=-0.0868 base=-0.608 r1=0.0533 path=0.00917 cap=0.000285 rate=0.459 | Lg=+1.2617 | 46s | curv=+0.655 wide=+1.14 gfmed=0.105
 3390 post m=3 hq=0.932 fail | Dr=+1.994/+3.683 |Dr|max=3.683 Df=+1.249 | g r=0.202 f=0.407 p=0.945(0.008) max=3.936 | Ld=+1.2519 base=-0.834 r1=0.0725 path=0.0116 cap=0.00125 rate=2 | Lg=+1.2863 | 46s | curv=-0.00462 wide=+0.526 gfmed=0.485
 3400 post m=1 hq=0.233 fail | Dr=+1.942/+3.557 |Dr|max=3.557 Df=+1.148 | g r=0.204 f=1.028 p=0.990(0.003) max=4.560 | Ld=-0.1180 base=-0.744 r1=0.0659 path=0.0948 cap=0.00368 rate=0.462 | Lg=+1.3165 | 46s | curv=+0.811 wide=+1.37 gfmed=1.156
 3410 post m=2 hq=0.537 fail | Dr=+2.036/+3.580 |Dr|max=3.580 Df=+1.130 | g r=0.169 f=0.300 p=0.934(0.002) max=4.303 | Ld=+0.3569 base=-0.862 r1=0.0527 path=0.0139 cap=0.00785 rate=1.14 | Lg=+1.3754 | 46s | curv=+1.04 wide=+1.49 gfmed=0.092
 3420 post m=2 hq=0.511 fail | Dr=+2.145/+3.846 |Dr|max=3.846 Df=+1.496 | g r=0.237 f=0.422 p=1.122(0.009) max=4.227 | Ld=+1.8500 base=-0.72 r1=0.076 path=0.00114 cap=0.0341 rate=2.46 | Lg=+1.2159 | 46s | curv=+1.02 wide=+1.74 gfmed=0.169
 3430 post m=3 hq=0.576 fail | Dr=+1.985/+3.174 |Dr|max=3.174 Df=+1.551 | g r=0.214 f=0.972 p=1.068(0.004) max=4.866 | Ld=-0.1298 base=-0.525 r1=0.0874 path=0.0199 cap=0.0252 rate=0.263 | Lg=+1.0904 | 46s | curv=+0.404 wide=+1.06 gfmed=0.343
 3440 post m=2 hq=0.338 fail | Dr=+1.973/+2.908 |Dr|max=2.908 Df=+1.067 | g r=0.297 f=0.522 p=1.109(0.008) max=4.563 | Ld=+1.9515 base=-0.813 r1=0.126 path=0.0385 cap=0.0868 rate=2.51 | Lg=+1.3483 | 46s | curv=+1.42 wide=+2.11 gfmed=0.409
 3450 post m=3 hq=0.512 fail | Dr=+2.000/+2.829 |Dr|max=2.829 Df=+1.281 | g r=0.218 f=0.995 p=1.103(0.011) max=4.242 | Ld=-0.2851 base=-0.638 r1=0.09 path=0.000589 cap=0.00789 rate=0.254 | Lg=+1.2250 | 46s | curv=+0.834 wide=+1.48 gfmed=0.187
 3460 post m=3 hq=0.767 fail | Dr=+1.950/+2.756 |Dr|max=2.756 Df=+1.365 | g r=0.186 f=0.210 p=0.945(0.005) max=3.886 | Ld=+0.9312 base=-0.716 r1=0.0882 path=0.000586 cap=0.00802 rate=1.55 | Lg=+1.1719 | 47s | curv=+0.551 wide=+1.19 gfmed=0.101
 3470 post m=3 hq=0.864 fail | Dr=+2.029/+3.011 |Dr|max=3.011 Df=+1.391 | g r=0.165 f=0.320 p=0.950(0.004) max=3.855 | Ld=+0.0227 base=-0.747 r1=0.0588 path=0.0099 cap=0.00961 rate=0.691 | Lg=+1.2546 | 47s | curv=+0.57 wide=+1.15 gfmed=0.140
 3480 post m=3 hq=0.905 fail | Dr=+1.983/+3.055 |Dr|max=3.055 Df=+1.198 | g r=0.167 f=0.266 p=0.951(0.012) max=4.526 | Ld=+0.3512 base=-0.797 r1=0.0479 path=0.00242 cap=0.00548 rate=1.09 | Lg=+1.3326 | 47s | curv=+0.358 wide=+0.988 gfmed=0.095
 3490 post m=3 hq=0.922 fail | Dr=+2.038/+3.286 |Dr|max=3.286 Df=+1.110 | g r=0.126 f=0.146 p=0.957(0.003) max=3.684 | Ld=-0.0780 base=-0.928 r1=0.0405 path=0.00551 cap=0.00642 rate=0.798 | Lg=+1.3961 | 47s | curv=+0.263 wide=+0.763 gfmed=0.036
 3500 post m=3 hq=0.816 fail | Dr=+2.050/+3.350 |Dr|max=3.350 Df=+0.980 | g r=0.127 f=0.115 p=0.973(0.010) max=3.894 | Ld=-0.1110 base=-1.13 r1=0.0407 path=0.000511 cap=0.0112 rate=0.965 | Lg=+1.5021 | 47s | curv=+0.356 wide=+0.922 gfmed=0.079
 3510 post m=3 hq=0.815 fail | Dr=+2.082/+3.622 |Dr|max=3.622 Df=+0.858 | g r=0.130 f=0.127 p=1.027(0.005) max=3.831 | Ld=-0.2454 base=-1.31 r1=0.0477 path=0.00183 cap=0.0125 rate=1 | Lg=+1.6212 | 47s | curv=+0.3 wide=+0.846 gfmed=0.102
 3520 post m=3 hq=0.826 fail | Dr=+2.111/+3.565 |Dr|max=3.565 Df=+0.819 | g r=0.133 f=0.123 p=1.044(0.004) max=3.947 | Ld=-0.2108 base=-1.34 r1=0.051 path=0.0181 cap=0.0136 rate=1.05 | Lg=+1.7009 | 48s | curv=+0.264 wide=+0.828 gfmed=0.087
 3530 post m=3 hq=0.823 fail | Dr=+2.177/+3.701 |Dr|max=3.701 Df=+0.789 | g r=0.159 f=0.116 p=1.074(0.003) max=4.082 | Ld=-0.1167 base=-1.43 r1=0.0497 path=0.0224 cap=0.01 rate=1.24 | Lg=+1.7627 | 48s | curv=+0.504 wide=+0.966 gfmed=0.083
 3540 post m=2 hq=0.284 fail | Dr=+2.155/+3.765 |Dr|max=3.765 Df=+0.989 | g r=0.317 f=0.494 p=1.174(0.005) max=4.902 | Ld=+1.8915 base=-1.32 r1=0.171 path=1.96 cap=0.052 rate=1.02 | Lg=+1.6756 | 48s | curv=+1.37 wide=+1.78 gfmed=0.264
 3550 post m=2 hq=0.271 fail | Dr=+2.246/+3.753 |Dr|max=3.753 Df=+0.848 | g r=0.192 f=0.311 p=1.144(0.003) max=3.874 | Ld=-0.8646 base=-1.45 r1=0.0836 path=0.0202 cap=0.0266 rate=0.458 | Lg=+1.7000 | 48s | curv=+0.301 wide=+0.881 gfmed=0.157
 3560 post m=2 hq=0.326 fail | Dr=+2.215/+3.852 |Dr|max=3.852 Df=+0.760 | g r=0.174 f=0.239 p=1.124(0.008) max=3.712 | Ld=-0.1222 base=-1.54 r1=0.0622 path=0.0238 cap=0.0162 rate=1.31 | Lg=+1.8147 | 48s | curv=+0.64 wide=+1.18 gfmed=0.075
 3570 post m=2 hq=0.371 fail | Dr=+2.246/+3.792 |Dr|max=3.792 Df=+0.669 | g r=0.164 f=0.335 p=1.123(0.006) max=4.327 | Ld=-0.5453 base=-1.76 r1=0.0836 path=0.000978 cap=0.0246 rate=1.11 | Lg=+1.8511 | 48s | curv=+0.47 wide=+1.11 gfmed=0.116
 3580 post m=2 hq=0.252 fail | Dr=+2.465/+3.971 |Dr|max=3.971 Df=+0.704 | g r=0.178 f=0.512 p=1.194(0.008) max=4.015 | Ld=-0.2538 base=-1.83 r1=0.105 path=0.00419 cap=0.0186 rate=1.45 | Lg=+1.9826 | 48s | curv=+0.298 wide=+0.978 gfmed=0.206
 3590 post m=2 hq=0.357 fail | Dr=+2.429/+4.043 |Dr|max=4.043 Df=+0.497 | g r=0.148 f=0.287 p=1.236(0.005) max=4.080 | Ld=-1.4274 base=-1.98 r1=0.0504 path=0.00252 cap=0.0126 rate=0.492 | Lg=+2.1249 | 48s | curv=+0.357 wide=+0.845 gfmed=0.099
 3600 post m=2 hq=0.326 fail | Dr=+2.324/+4.062 |Dr|max=4.062 Df=+0.432 | g r=0.186 f=0.660 p=1.226(0.006) max=4.350 | Ld=-0.1428 base=-2.02 r1=0.0501 path=0.00684 cap=0.041 rate=1.78 | Lg=+2.1668 | 49s | curv=-0.176 wide=+0.45 gfmed=0.303
 3610 post m=3 hq=0.303 fail | Dr=+2.325/+4.091 |Dr|max=4.091 Df=+0.714 | g r=0.192 f=0.815 p=1.188(0.011) max=4.856 | Ld=+0.9384 base=-1.65 r1=0.0576 path=0.624 cap=0.0278 rate=1.88 | Lg=+1.8764 | 49s | curv=+0.399 wide=+0.995 gfmed=0.583
 3620 post m=2 hq=0.093 fail | Dr=+2.473/+4.368 |Dr|max=4.368 Df=+0.975 | g r=0.331 f=1.054 p=1.192(0.012) max=4.106 | Ld=+6.6365 base=-1.7 r1=0.184 path=0.828 cap=0.0633 rate=7.26 | Lg=+1.7977 | 49s | curv=+1.38 wide=+1.98 gfmed=0.779
 3630 post m=3 hq=0.313 fail | Dr=+2.254/+3.720 |Dr|max=3.720 Df=+2.091 | g r=0.326 f=1.237 p=1.207(0.009) max=3.914 | Ld=+6.2351 base=-0.4 r1=0.179 path=0.413 cap=0.0411 rate=6 | Lg=+1.0832 | 49s | curv=+1.67 wide=+2.2 gfmed=1.288
 3640 post m=2 hq=0.003 fail | Dr=+1.936/+2.879 |Dr|max=2.879 Df=+1.329 | g r=0.552 f=1.609 p=1.274(0.024) max=4.820 | Ld=+3.7820 base=-0.098 r1=0.565 path=3.26 cap=0.0404 rate=0.0152 | Lg=+0.8462 | 49s | curv=+2.67 wide=+3.34 gfmed=1.523
 3650 post m=2 hq=0.296 fail | Dr=+2.054/+3.176 |Dr|max=3.176 Df=+1.700 | g r=0.348 f=1.428 p=1.086(0.009) max=4.606 | Ld=-0.0777 base=-0.356 r1=0.247 path=0.0141 cap=0.013 rate=0.00332 | Lg=+0.9421 | 49s | curv=+2.5 wide=+3.1 gfmed=1.685
 3660 post m=3 hq=0.350 fail | Dr=+2.123/+3.294 |Dr|max=3.294 Df=+1.836 | g r=0.267 f=0.439 p=1.003(0.011) max=4.064 | Ld=-0.0785 base=-0.27 r1=0.153 path=0.0329 cap=0.00449 rate=0.00145 | Lg=+0.8803 | 49s | curv=+1.95 wide=+2.6 gfmed=0.336
 3670 post m=0 hq=0.000 fail | Dr=+2.389/+4.018 |Dr|max=4.018 Df=+1.909 | g r=0.505 f=1.659 p=1.269(0.012) max=5.072 | Ld=+14.8085 base=-1.47 r1=0.347 path=0.0117 cap=0.0993 rate=15.8 | Lg=+1.0955 | 50s | curv=+1.62 wide=+2.39 gfmed=1.597
 3680 post m=3 hq=0.159 fail | Dr=+2.298/+3.329 |Dr|max=3.329 Df=+1.879 | g r=0.270 f=1.358 p=1.274(0.011) max=5.753 | Ld=+0.8547 base=-0.683 r1=0.145 path=0.0891 cap=0.0469 rate=1.26 | Lg=+1.0265 | 50s | curv=+1.73 wide=+2.55 gfmed=1.331
 3690 post m=2 hq=0.103 fail | Dr=+2.276/+2.917 |Dr|max=2.917 Df=+1.826 | g r=0.266 f=1.165 p=1.250(0.016) max=4.099 | Ld=+0.0036 base=-0.856 r1=0.114 path=0.378 cap=0.0216 rate=0.346 | Lg=+1.1833 | 50s | curv=+1.69 wide=+2.45 gfmed=0.689
 3700 post m=1 hq=0.002 fail | Dr=+2.178/+3.006 |Dr|max=3.006 Df=+0.894 | g r=0.351 f=1.708 p=1.449(0.028) max=4.927 | Ld=-0.4242 base=-1.03 r1=0.278 path=0.0436 cap=0.0824 rate=0.207 | Lg=+1.3593 | 50s | curv=+1.96 wide=+2.61 gfmed=1.765
 3710 post m=3 hq=0.747 fail | Dr=+2.094/+2.899 |Dr|max=2.899 Df=+1.635 | g r=0.257 f=0.447 p=1.015(0.001) max=4.011 | Ld=+0.5170 base=-0.524 r1=0.141 path=0.0545 cap=0.0153 rate=0.831 | Lg=+1.0356 | 50s | curv=+1.42 wide=+2.1 gfmed=0.288
 3720 post m=3 hq=0.814 fail | Dr=+2.087/+3.072 |Dr|max=3.072 Df=+1.504 | g r=0.255 f=0.466 p=1.019(0.007) max=3.851 | Ld=+0.6163 base=-0.541 r1=0.0855 path=0.0161 cap=0.0126 rate=1.04 | Lg=+1.1046 | 50s | curv=+0.884 wide=+1.52 gfmed=0.392
 3730 post m=2 hq=0.397 fail | Dr=+2.011/+3.078 |Dr|max=3.078 Df=+1.236 | g r=0.275 f=0.378 p=0.957(0.006) max=3.906 | Ld=+1.1653 base=-0.783 r1=0.0896 path=0.0066 cap=0.0173 rate=1.83 | Lg=+1.3261 | 50s | curv=+0.946 wide=+1.63 gfmed=0.276
 3740 post m=2 hq=0.397 fail | Dr=+2.092/+3.209 |Dr|max=3.209 Df=+1.099 | g r=0.180 f=0.199 p=0.953(0.012) max=4.053 | Ld=-0.0358 base=-1.06 r1=0.0665 path=0.00297 cap=0.00846 rate=0.944 | Lg=+1.4137 | 51s | curv=+0.41 wide=+1.06 gfmed=0.116
 3750 post m=2 hq=0.430 fail | Dr=+2.106/+3.229 |Dr|max=3.229 Df=+1.021 | g r=0.158 f=0.216 p=0.971(0.002) max=3.823 | Ld=-0.0556 base=-1.14 r1=0.0754 path=0.00226 cap=0.0121 rate=0.998 | Lg=+1.4451 | 51s | curv=+0.509 wide=+1.16 gfmed=0.194
 3760 post m=2 hq=0.438 fail | Dr=+2.129/+3.314 |Dr|max=3.314 Df=+0.926 | g r=0.169 f=0.124 p=0.991(0.002) max=3.977 | Ld=-0.0903 base=-1.29 r1=0.0748 path=0.00255 cap=0.0271 rate=1.1 | Lg=+1.5428 | 51s | curv=+0.303 wide=+0.957 gfmed=0.086
 3770 post m=2 hq=0.444 fail | Dr=+2.163/+3.445 |Dr|max=3.445 Df=+0.877 | g r=0.163 f=0.236 p=1.005(0.005) max=4.064 | Ld=-0.3247 base=-1.35 r1=0.0761 path=0.000506 cap=0.0326 rate=0.919 | Lg=+1.6349 | 51s | curv=+0.663 wide=+1.2 gfmed=0.142
 3780 post m=2 hq=0.440 fail | Dr=+2.172/+3.362 |Dr|max=3.362 Df=+0.800 | g r=0.166 f=0.143 p=1.037(0.004) max=4.055 | Ld=-0.1628 base=-1.63 r1=0.0934 path=0.000938 cap=0.0303 rate=1.34 | Lg=+1.7068 | 51s | curv=+0.432 wide=+0.931 gfmed=0.112
 3790 post m=2 hq=0.443 fail | Dr=+2.317/+3.656 |Dr|max=3.656 Df=+0.846 | g r=0.189 f=0.255 p=1.059(0.002) max=4.209 | Ld=-0.7255 base=-1.69 r1=0.14 path=0.0011 cap=0.0271 rate=0.794 | Lg=+1.8032 | 51s | curv=+0.26 wide=+0.819 gfmed=0.186
 3800 post m=3 hq=0.921 fail | Dr=+2.359/+3.776 |Dr|max=3.776 Df=+1.292 | g r=0.163 f=0.160 p=1.051(0.011) max=4.192 | Ld=-0.5560 base=-1.18 r1=0.0711 path=0.00612 cap=0.0186 rate=0.528 | Lg=+1.4727 | 51s | curv=+0.0876 wide=+0.69 gfmed=0.136
 3810 post m=2 hq=0.341 fail | Dr=+2.187/+3.622 |Dr|max=3.622 Df=+0.998 | g r=0.151 f=0.274 p=0.978(0.008) max=4.012 | Ld=+0.4061 base=-1.33 r1=0.0709 path=0.00346 cap=0.023 rate=1.64 | Lg=+1.5263 | 52s | curv=+0.089 wide=+0.679 gfmed=0.271
 3820 post m=2 hq=0.418 fail | Dr=+2.249/+3.760 |Dr|max=3.760 Df=+0.916 | g r=0.200 f=0.279 p=1.068(0.007) max=4.186 | Ld=-0.4260 base=-1.5 r1=0.0906 path=0.0118 cap=0.0233 rate=0.944 | Lg=+1.6844 | 52s | curv=+0.239 wide=+0.879 gfmed=0.339
 3830 post m=3 hq=0.921 fail | Dr=+2.282/+3.857 |Dr|max=3.857 Df=+1.076 | g r=0.147 f=0.111 p=1.050(0.004) max=4.160 | Ld=+0.0264 base=-1.34 r1=0.0486 path=0.00755 cap=0.02 rate=1.29 | Lg=+1.5792 | 52s | curv=+0.267 wide=+0.814 gfmed=0.089
 3840 post m=3 hq=0.912 fail | Dr=+2.366/+4.011 |Dr|max=4.011 Df=+1.024 | g r=0.159 f=0.159 p=1.093(0.008) max=4.227 | Ld=-0.5967 base=-1.4 r1=0.0462 path=0.00472 cap=0.015 rate=0.736 | Lg=+1.6517 | 52s | curv=+0.395 wide=+0.91 gfmed=0.109
 3850 post m=3 hq=0.935 fail | Dr=+2.551/+4.643 |Dr|max=4.643 Df=+0.923 | g r=0.191 f=0.108 p=1.133(0.005) max=4.268 | Ld=-0.2335 base=-1.41 r1=0.0502 path=0.00561 cap=0.00827 rate=1.11 | Lg=+1.9400 | 52s | curv=+0.549 wide=+0.953 gfmed=0.076
 3860 post m=3 hq=0.940 fail | Dr=+2.588/+4.632 |Dr|max=4.632 Df=+0.919 | g r=0.180 f=0.112 p=1.170(0.003) max=4.105 | Ld=+0.2052 base=-1.44 r1=0.0578 path=0.0046 cap=0.00762 rate=1.58 | Lg=+1.9632 | 52s | curv=+0.643 wide=+1.07 gfmed=0.071
 3870 post m=3 hq=0.849 fail | Dr=+2.624/+4.812 |Dr|max=4.812 Df=+0.866 | g r=0.196 f=0.157 p=1.288(0.007) max=4.577 | Ld=-0.0213 base=-1.5 r1=0.0573 path=0.012 cap=0.025 rate=1.38 | Lg=+2.0556 | 52s | curv=+0.781 wide=+1.49 gfmed=0.082
 3880 post m=3 hq=0.950 fail | Dr=+2.600/+4.756 |Dr|max=4.756 Df=+0.777 | g r=0.169 f=0.083 p=1.201(0.002) max=4.053 | Ld=-0.4661 base=-1.59 r1=0.0622 path=0.0206 cap=0.0118 rate=1.03 | Lg=+2.1134 | 52s | curv=+0.639 wide=+1.25 gfmed=0.055
 3890 post m=3 hq=0.851 fail | Dr=+2.701/+4.965 |Dr|max=4.965 Df=+0.763 | g r=0.207 f=0.167 p=1.290(0.005) max=4.293 | Ld=+0.5445 base=-1.67 r1=0.0607 path=0.0153 cap=0.00717 rate=2.13 | Lg=+2.2474 | 53s | curv=+0.643 wide=+1.13 gfmed=0.075
 3900 post m=3 hq=0.951 fail | Dr=+2.655/+5.133 |Dr|max=5.133 Df=+0.635 | g r=0.180 f=0.140 p=1.248(0.004) max=4.468 | Ld=-1.1235 base=-1.84 r1=0.0478 path=0.0102 cap=0.0139 rate=0.648 | Lg=+2.3660 | 53s | curv=+0.9 wide=+1.33 gfmed=0.125
 3910 post m=3 hq=0.814 fail | Dr=+2.665/+5.088 |Dr|max=5.088 Df=+0.609 | g r=0.169 f=0.153 p=1.273(0.003) max=4.133 | Ld=-0.9996 base=-1.9 r1=0.0584 path=0.0163 cap=0.0149 rate=0.807 | Lg=+2.3388 | 53s | curv=+0.538 wide=+1.01 gfmed=0.111
 3920 post m=3 hq=0.864 fail | Dr=+2.655/+5.288 |Dr|max=5.288 Df=+0.489 | g r=0.169 f=0.130 p=1.307(0.004) max=4.238 | Ld=-0.8517 base=-1.87 r1=0.0485 path=0.0236 cap=0.0164 rate=0.931 | Lg=+2.4114 | 53s | curv=+0.728 wide=+1.26 gfmed=0.096
 3930 post m=3 hq=0.894 fail | Dr=+2.701/+5.303 |Dr|max=5.303 Df=+0.482 | g r=0.173 f=0.117 p=1.310(0.002) max=4.138 | Ld=-0.5249 base=-2.04 r1=0.0457 path=0.032 cap=0.0293 rate=1.41 | Lg=+2.5149 | 53s | curv=+0.804 wide=+1.15 gfmed=0.080
 3940 post m=2 hq=0.149 fail | Dr=+2.575/+4.987 |Dr|max=4.987 Df=+1.514 | g r=0.310 f=0.798 p=1.283(0.010) max=4.646 | Ld=+1.2841 base=-1.32 r1=0.126 path=0.00791 cap=0.0108 rate=2.46 | Lg=+1.7625 | 53s | curv=+0.308 wide=+0.825 gfmed=0.673
 3950 post m=2 hq=0.414 fail | Dr=+2.400/+4.724 |Dr|max=4.724 Df=+1.294 | g r=0.200 f=0.503 p=1.188(0.005) max=4.283 | Ld=+0.1446 base=-1.39 r1=0.126 path=0.00232 cap=0.024 rate=1.39 | Lg=+1.6973 | 53s | curv=+0.941 wide=+1.43 gfmed=0.342
 3960 post m=2 hq=0.362 fail | Dr=+2.381/+4.752 |Dr|max=4.752 Df=+1.124 | g r=0.189 f=0.488 p=1.208(0.009) max=4.418 | Ld=-0.4357 base=-1.35 r1=0.0762 path=0.00179 cap=0.0271 rate=0.813 | Lg=+1.7463 | 54s | curv=+1.1 wide=+1.5 gfmed=0.208
 3970 post m=3 hq=0.453 fail | Dr=+2.169/+4.090 |Dr|max=4.090 Df=+1.950 | g r=0.266 f=1.020 p=1.195(0.006) max=4.123 | Ld=+6.5207 base=-0.371 r1=0.0996 path=0.386 cap=0.075 rate=6.33 | Lg=+1.1792 | 54s | curv=+1.2 wide=+1.8 gfmed=0.707
 3980 post m=1 hq=0.066 fail | Dr=+2.064/+3.662 |Dr|max=3.662 Df=+1.829 | g r=0.738 f=1.851 p=1.797(0.010) max=6.724 | Ld=+138.5921 base=2.24 r1=1.19 path=104 cap=0.206 rate=31 | Lg=+1.0446 | 54s | curv=+2.43 wide=+2.9 gfmed=1.817
 3990 post m=2 hq=0.265 fail | Dr=+2.001/+3.085 |Dr|max=3.085 Df=+2.525 | g r=0.450 f=1.151 p=1.206(0.011) max=4.203 | Ld=+1.1536 base=0.716 r1=0.374 path=0.0343 cap=0.0271 rate=0.00289 | Lg=+0.4916 | 54s | curv=+2.29 wide=+2.63 gfmed=0.776
 4000 post m=2 hq=0.594 fail | Dr=+1.986/+2.914 |Dr|max=2.914 Df=+2.629 | g r=0.358 f=1.007 p=1.097(0.010) max=5.131 | Ld=+0.8710 base=0.628 r1=0.23 path=0.00083 cap=0.00908 rate=0.00382 | Lg=+0.5240 | 54s | curv=+1.86 wide=+2.31 gfmed=0.852
 4010 post m=3 hq=0.677 fail | Dr=+1.993/+2.862 |Dr|max=2.862 Df=+2.534 | g r=0.291 f=0.722 p=0.978(0.016) max=4.047 | Ld=+0.4951 base=0.304 r1=0.136 path=0.0113 cap=3.23e-05 rate=0.0435 | Lg=+0.6238 | 54s | curv=+1.84 wide=+2.25 gfmed=0.479
 4020 post m=3 hq=0.781 fail | Dr=+2.047/+2.729 |Dr|max=2.729 Df=+2.487 | g r=0.279 f=0.232 p=0.895(0.001) max=3.485 | Ld=+2.4628 base=0.244 r1=0.207 path=0.00843 cap=0.000701 rate=2 | Lg=+0.5615 | 54s | curv=+1.35 wide=+1.83 gfmed=0.171
 4030 post m=3 hq=0.813 fail | Dr=+2.065/+2.707 |Dr|max=2.707 Df=+2.308 | g r=0.226 f=0.154 p=0.832(0.005) max=3.706 | Ld=+0.4925 base=0.222 r1=0.101 path=0.00125 cap=0.00165 rate=0.167 | Lg=+0.6161 | 54s | curv=+1.41 wide=+1.88 gfmed=0.121
 4040 post m=3 hq=0.919 fail | Dr=+2.170/+2.852 |Dr|max=2.852 Df=+2.377 | g r=0.202 f=0.242 p=0.812(0.008) max=3.618 | Ld=+2.4453 base=0.0585 r1=0.0609 path=0.0026 cap=6.04e-05 rate=2.32 | Lg=+0.6352 | 55s | curv=+0.993 wide=+1.56 gfmed=0.193
 4050 post m=3 hq=0.349 fail | Dr=+2.216/+2.883 |Dr|max=2.883 Df=+2.053 | g r=0.188 f=1.024 p=0.876(0.012) max=4.324 | Ld=+1.3483 base=-0.0857 r1=0.122 path=0.0105 rate=1.3 | Lg=+0.8325 | 55s | curv=+0.742 wide=+1.42 gfmed=1.018
 4060 post m=2 hq=0.418 fail | Dr=+2.093/+2.683 |Dr|max=2.683 Df=+1.825 | g r=0.153 f=0.105 p=0.723(0.005) max=3.396 | Ld=+0.4292 base=-0.27 r1=0.0502 path=0.00345 cap=2.26e-05 rate=0.645 | Lg=+0.8769 | 55s | curv=+0.785 wide=+1.33 gfmed=0.051
 4070 post m=2 hq=0.468 fail | Dr=+2.079/+2.681 |Dr|max=2.681 Df=+1.701 | g r=0.143 f=0.077 p=0.716(0.003) max=3.356 | Ld=+0.1210 base=-0.438 r1=0.0393 path=0.00104 cap=0.00149 rate=0.517 | Lg=+0.9350 | 55s | curv=+0.573 wide=+1.08 gfmed=0.041
 4080 post m=2 hq=0.476 fail | Dr=+1.949/+2.699 |Dr|max=2.699 Df=+1.437 | g r=0.161 f=0.140 p=0.709(0.003) max=3.569 | Ld=+0.8077 base=-0.555 r1=0.0369 path=0.00512 cap=0.00141 rate=1.32 | Lg=+1.0380 | 55s | curv=+0.112 wide=+0.608 gfmed=0.136
 4090 post m=2 hq=0.477 fail | Dr=+2.068/+2.993 |Dr|max=2.993 Df=+1.440 | g r=0.117 f=0.070 p=0.721(0.001) max=3.570 | Ld=-0.2752 base=-0.599 r1=0.0278 path=0.00101 cap=0.00244 rate=0.292 | Lg=+1.1153 | 55s | curv=+0.436 wide=+0.811 gfmed=0.034
 4100 post m=2 hq=0.482 fail | Dr=+2.030/+2.970 |Dr|max=2.970 Df=+1.304 | g r=0.153 f=0.086 p=0.738(0.003) max=3.625 | Ld=+0.2742 base=-0.781 r1=0.0328 path=0.001 cap=0.0043 rate=1.02 | Lg=+1.1906 | 55s | curv=+0.365 wide=+0.77 gfmed=0.060
 4110 post m=2 hq=0.474 fail | Dr=+2.114/+3.241 |Dr|max=3.241 Df=+1.430 | g r=0.150 f=0.972 p=0.868(0.007) max=3.409 | Ld=-0.1625 base=-0.802 r1=0.0346 path=0.00766 cap=0.00178 rate=0.596 | Lg=+1.2768 | 55s | curv=+0.493 wide=+0.922 gfmed=0.199
 4120 post m=3 hq=0.912 fail | Dr=+2.311/+3.914 |Dr|max=3.914 Df=+1.565 | g r=0.177 f=0.665 p=0.911(0.007) max=4.961 | Ld=+1.2450 base=-0.435 r1=0.0681 path=0.0163 cap=0.00108 rate=1.59 | Lg=+1.2049 | 55s | curv=+0.865 wide=+1.27 gfmed=0.428
 4130 post m=3 hq=0.975 fail | Dr=+2.295/+3.832 |Dr|max=3.832 Df=+1.521 | g r=0.125 f=0.129 p=0.874(0.007) max=4.294 | Ld=-0.1400 base=-0.643 r1=0.0308 path=0.01 cap=0.00158 rate=0.461 | Lg=+1.2106 | 56s | curv=+0.578 wide=+1.02 gfmed=0.106
 4140 post m=3 hq=0.979 fail | Dr=+2.319/+4.058 |Dr|max=4.058 Df=+1.293 | g r=0.139 f=0.071 p=0.929(0.002) max=4.088 | Ld=+0.8032 base=-0.71 r1=0.0316 path=0.0624 cap=0.000889 rate=1.42 | Lg=+1.4413 | 56s | curv=+0.688 wide=+0.974 gfmed=0.060
 4150 post m=3 hq=0.979 fail | Dr=+2.369/+4.129 |Dr|max=4.129 Df=+1.261 | g r=0.130 f=0.068 p=0.932(0.002) max=4.253 | Ld=-0.4127 base=-0.895 r1=0.0278 path=0.0404 cap=0.000622 rate=0.414 | Lg=+1.4826 | 56s | curv=+0.672 wide=+0.989 gfmed=0.054
 4160 post m=3 hq=0.966 fail | Dr=+2.375/+4.188 |Dr|max=4.188 Df=+1.199 | g r=0.121 f=0.081 p=0.950(0.006) max=3.884 | Ld=-0.1059 base=-1.03 r1=0.0286 path=0.0167 cap=0.00147 rate=0.873 | Lg=+1.5271 | 56s | curv=+0.534 wide=+0.869 gfmed=0.065
 4170 post m=3 hq=0.972 fail | Dr=+2.446/+4.404 |Dr|max=4.404 Df=+1.080 | g r=0.138 f=0.070 p=1.041(0.003) max=4.152 | Ld=-0.1075 base=-1.13 r1=0.0364 path=0.03 cap=0.0006 rate=0.957 | Lg=+1.6983 | 56s | curv=+0.754 wide=+1.11 gfmed=0.047
 4180 post m=3 hq=0.667 fail | Dr=+2.427/+4.448 |Dr|max=4.448 Df=+0.979 | g r=0.140 f=0.224 p=1.056(0.004) max=3.899 | Ld=-0.1155 base=-1.26 r1=0.0342 path=0.0551 cap=0.00211 rate=1.05 | Lg=+1.7989 | 56s | curv=+0.514 wide=+0.82 gfmed=0.073
 4190 post m=2 hq=0.432 fail | Dr=+2.223/+4.295 |Dr|max=4.295 Df=+1.001 | g r=0.239 f=0.744 p=0.947(0.009) max=4.161 | Ld=-0.8364 base=-1.22 r1=0.0825 path=0.27 cap=0.00738 rate=0.0198 | Lg=+1.6593 | 56s | curv=+1.06 wide=+1.51 gfmed=0.510
 4200 post m=3 hq=0.374 fail | Dr=+2.104/+3.225 |Dr|max=3.225 Df=+2.166 | g r=0.367 f=0.911 p=0.946(0.012) max=3.965 | Ld=+17.5829 base=0.325 r1=0.219 path=11.4 cap=0.00531 rate=5.68 | Lg=+0.8227 | 56s | curv=+0.59 wide=+1.17 gfmed=0.643
 4210 post m=2 hq=0.355 fail | Dr=+2.075/+2.802 |Dr|max=2.802 Df=+1.781 | g r=0.540 f=1.014 p=1.296(0.007) max=4.777 | Ld=+6.1535 base=-0.107 r1=0.463 path=1.55 cap=0.0462 rate=4.2 | Lg=+0.9354 | 56s | curv=+3.21 wide=+3.6 gfmed=0.479
 4220 post m=1 hq=0.032 fail | Dr=+1.972/+2.808 |Dr|max=2.808 Df=+1.217 | g r=0.535 f=1.444 p=1.288(0.017) max=5.388 | Ld=+14.2816 base=-0.753 r1=0.476 path=0.315 cap=0.131 rate=14.1 | Lg=+1.3251 | 57s | curv=+3.13 wide=+3.56 gfmed=1.250
 4230 post m=3 hq=0.148 fail | Dr=+2.002/+2.774 |Dr|max=2.774 Df=+1.629 | g r=0.316 f=0.770 p=0.982(0.010) max=3.814 | Ld=-0.0771 base=-0.359 r1=0.194 path=0.071 cap=0.00899 rate=0.00799 | Lg=+0.9296 | 57s | curv=+1.88 wide=+2.46 gfmed=0.739
 4240 post m=3 hq=0.429 fail | Dr=+2.083/+2.966 |Dr|max=2.966 Df=+1.633 | g r=0.228 f=0.763 p=0.884(0.001) max=3.767 | Ld=-0.2027 base=-0.403 r1=0.104 path=0.0516 cap=0.016 rate=0.029 | Lg=+0.9732 | 57s | curv=+1.65 wide=+2.13 gfmed=0.669
 4250 post m=3 hq=0.654 fail | Dr=+2.196/+3.198 |Dr|max=3.198 Df=+1.745 | g r=0.191 f=0.675 p=0.915(0.005) max=3.876 | Ld=+0.3337 base=-0.385 r1=0.0645 path=0.0403 cap=0.000478 rate=0.613 | Lg=+0.9961 | 57s | curv=+1.6 wide=+1.96 gfmed=0.215
 4260 post m=2 hq=0.265 fail | Dr=+2.169/+3.285 |Dr|max=3.285 Df=+1.708 | g r=0.230 f=0.699 p=0.819(0.009) max=3.285 | Ld=+1.2654 base=-0.559 r1=0.179 path=0.612 cap=7.41e-06 rate=1.03 | Lg=+1.1129 | 57s | curv=+1.36 wide=+1.84 gfmed=0.573
 4270 post m=2 hq=0.127 fail | Dr=+2.235/+3.545 |Dr|max=3.545 Df=+1.394 | g r=0.194 f=0.272 p=0.779(0.005) max=4.052 | Ld=+0.5959 base=-0.673 r1=0.0659 path=0.00187 cap=0.000288 rate=1.2 | Lg=+1.2715 | 57s | curv=+1.09 wide=+1.59 gfmed=0.182
 4280 post m=2 hq=0.454 fail | Dr=+2.218/+3.482 |Dr|max=3.482 Df=+1.444 | g r=0.136 f=0.154 p=0.746(0.001) max=3.872 | Ld=-0.1517 base=-0.715 r1=0.0383 path=0.00377 cap=0.00026 rate=0.521 | Lg=+1.1907 | 57s | curv=+0.975 wide=+1.44 gfmed=0.091
 4290 post m=2 hq=0.442 fail | Dr=+2.291/+3.703 |Dr|max=3.703 Df=+1.344 | g r=0.137 f=0.121 p=0.766(0.008) max=4.116 | Ld=+0.3759 base=-0.847 r1=0.0326 path=0.00806 cap=0.00124 rate=1.18 | Lg=+1.3348 | 57s | curv=+0.927 wide=+1.37 gfmed=0.073
 4300 post m=2 hq=0.456 fail | Dr=+2.325/+3.698 |Dr|max=3.698 Df=+1.263 | g r=0.124 f=0.134 p=0.788(0.001) max=4.094 | Ld=-0.1260 base=-0.978 r1=0.0341 path=0.00574 cap=0.00261 rate=0.809 | Lg=+1.4020 | 57s | curv=+0.757 wide=+1.19 gfmed=0.095
 4310 post m=3 hq=0.432 fail | Dr=+2.327/+3.850 |Dr|max=3.850 Df=+1.521 | g r=0.158 f=0.614 p=0.831(0.002) max=3.868 | Ld=+1.5752 base=-0.805 r1=0.0569 path=0.0213 cap=0.000212 rate=2.3 | Lg=+1.2916 | 58s | curv=+0.585 wide=+1.12 gfmed=0.343
 4320 post m=2 hq=0.475 fail | Dr=+2.283/+3.922 |Dr|max=3.922 Df=+0.966 | g r=0.143 f=0.121 p=0.834(0.001) max=4.193 | Ld=-0.2928 base=-1.09 r1=0.0409 path=0.0151 cap=0.000901 rate=0.745 | Lg=+1.6456 | 58s | curv=+0.64 wide=+1.15 gfmed=0.113
 4330 post m=2 hq=0.440 fail | Dr=+2.400/+4.064 |Dr|max=4.064 Df=+0.975 | g r=0.137 f=0.130 p=0.893(0.006) max=4.246 | Ld=-0.4202 base=-1.27 r1=0.0355 path=0.0154 cap=0.0024 rate=0.794 | Lg=+1.7066 | 58s | curv=+0.735 wide=+1.18 gfmed=0.107
 4340 post m=3 hq=0.406 fail | Dr=+2.383/+3.956 |Dr|max=3.956 Df=+1.411 | g r=0.183 f=1.011 p=0.959(0.005) max=3.776 | Ld=+1.8015 base=-1.43 r1=0.108 path=0.0248 cap=0.00298 rate=3.1 | Lg=+1.2856 | 58s | curv=+0.818 wide=+1.19 gfmed=0.696
 4350 post m=3 hq=0.824 fail | Dr=+2.237/+3.899 |Dr|max=3.899 Df=+1.276 | g r=0.173 f=0.431 p=0.923(0.007) max=3.630 | Ld=-0.8039 base=-0.967 r1=0.0722 path=0.0313 cap=0.00314 rate=0.0566 | Lg=+1.3709 | 58s | curv=+0.848 wide=+1.25 gfmed=0.212
 4360 post m=3 hq=0.870 fail | Dr=+2.213/+3.765 |Dr|max=3.765 Df=+1.232 | g r=0.155 f=0.233 p=0.890(0.003) max=3.596 | Ld=+0.1841 base=-1.16 r1=0.0615 path=0.0186 cap=0.0109 rate=1.25 | Lg=+1.4107 | 58s | curv=+0.452 wide=+0.989 gfmed=0.142
 4370 post m=3 hq=0.942 fail | Dr=+2.232/+4.034 |Dr|max=4.034 Df=+1.098 | g r=0.165 f=0.156 p=0.914(0.005) max=3.705 | Ld=-0.4982 base=-1.24 r1=0.0521 path=0.0349 cap=0.0067 rate=0.647 | Lg=+1.5269 | 58s | curv=+0.635 wide=+1.09 gfmed=0.105
 4380 post m=3 hq=0.960 fail | Dr=+2.256/+4.147 |Dr|max=4.147 Df=+1.033 | g r=0.138 f=0.124 p=0.910(0.005) max=3.815 | Ld=-0.3267 base=-1.27 r1=0.0386 path=0.0539 cap=0.00471 rate=0.843 | Lg=+1.5612 | 58s | curv=+0.497 wide=+1.07 gfmed=0.103
 4390 post m=3 hq=0.915 fail | Dr=+2.278/+4.239 |Dr|max=4.239 Df=+0.974 | g r=0.134 f=0.100 p=0.916(0.002) max=4.120 | Ld=-0.1584 base=-1.43 r1=0.0451 path=0.0614 cap=0.00887 rate=1.16 | Lg=+1.6402 | 58s | curv=+0.303 wide=+0.808 gfmed=0.051
 4400 post m=3 hq=0.958 fail | Dr=+2.323/+4.331 |Dr|max=4.331 Df=+0.959 | g r=0.137 f=0.133 p=0.928(0.007) max=4.130 | Ld=-0.3922 base=-1.61 r1=0.0391 path=0.0722 cap=0.00893 rate=1.1 | Lg=+1.7209 | 59s | curv=+0.418 wide=+0.804 gfmed=0.105
 4410 post m=3 hq=0.798 fail | Dr=+2.242/+4.478 |Dr|max=4.478 Df=+0.782 | g r=0.153 f=0.183 p=0.928(0.008) max=4.233 | Ld=+0.4663 base=-1.69 r1=0.0516 path=0.077 cap=0.0163 rate=2.01 | Lg=+1.8585 | 59s | curv=+0.0769 wide=+0.562 gfmed=0.143
 4420 post m=3 hq=0.643 fail | Dr=+2.326/+4.574 |Dr|max=4.574 Df=+0.820 | g r=0.145 f=0.173 p=0.874(0.001) max=4.312 | Ld=-0.7127 base=-1.65 r1=0.0499 path=0.0266 cap=0.0185 rate=0.838 | Lg=+1.8446 | 59s | curv=+0.565 wide=+0.935 gfmed=0.067
 4430 post m=3 hq=0.912 fail | Dr=+2.343/+4.685 |Dr|max=4.685 Df=+0.840 | g r=0.147 f=0.193 p=0.904(0.004) max=4.396 | Ld=-0.5063 base=-1.67 r1=0.0512 path=0.00554 cap=0.0121 rate=1.1 | Lg=+1.8532 | 59s | curv=+0.527 wide=+0.918 gfmed=0.039
 4440 post m=3 hq=0.956 fail | Dr=+2.320/+4.702 |Dr|max=4.702 Df=+0.735 | g r=0.139 f=0.087 p=0.927(0.004) max=4.242 | Ld=-0.2229 base=-1.75 r1=0.046 path=0.0114 cap=0.021 rate=1.45 | Lg=+1.9158 | 59s | curv=+0.28 wide=+0.708 gfmed=0.052
 4450 post m=3 hq=0.953 fail | Dr=+2.350/+4.787 |Dr|max=4.787 Df=+0.631 | g r=0.171 f=0.163 p=1.007(0.003) max=4.331 | Ld=-0.5860 base=-1.84 r1=0.0425 path=0.0216 cap=0.0219 rate=1.17 | Lg=+2.0357 | 59s | curv=+0.453 wide=+0.881 gfmed=0.125
 4460 post m=3 hq=0.956 fail | Dr=+2.383/+4.989 |Dr|max=4.989 Df=+0.660 | g r=0.152 f=0.078 p=0.973(0.006) max=4.537 | Ld=-0.7502 base=-1.88 r1=0.0397 path=0.0219 cap=0.0376 rate=1.03 | Lg=+2.0373 | 59s | curv=+0.278 wide=+0.766 gfmed=0.053
 4470 post m=3 hq=0.773 fail | Dr=+2.454/+4.892 |Dr|max=4.892 Df=+0.672 | g r=0.135 f=0.125 p=1.029(0.002) max=4.268 | Ld=-0.6990 base=-2.01 r1=0.0448 path=0.0314 cap=0.0292 rate=1.21 | Lg=+2.1081 | 59s | curv=+0.487 wide=+0.926 gfmed=0.096
 4480 post m=3 hq=0.933 fail | Dr=+2.478/+5.047 |Dr|max=5.047 Df=+0.589 | g r=0.138 f=0.087 p=1.044(0.002) max=4.432 | Ld=-1.0939 base=-2.13 r1=0.043 path=0.0354 cap=0.0233 rate=0.933 | Lg=+2.2237 | 60s | curv=+0.474 wide=+0.876 gfmed=0.067
 4490 post m=3 hq=0.771 fail | Dr=+2.387/+5.044 |Dr|max=5.044 Df=+0.446 | g r=0.179 f=0.178 p=1.054(0.001) max=4.201 | Ld=-0.3360 base=-2.07 r1=0.0473 path=0.0462 cap=0.0345 rate=1.61 | Lg=+2.2599 | 60s | curv=+0.412 wide=+0.878 gfmed=0.127
 4500 post m=3 hq=0.895 fail | Dr=+2.510/+5.186 |Dr|max=5.186 Df=+0.483 | g r=0.127 f=0.092 p=1.075(0.001) max=4.382 | Ld=-1.4664 base=-2.07 r1=0.0468 path=0.0181 cap=0.015 rate=0.521 | Lg=+2.3240 | 60s | curv=+0.548 wide=+0.939 gfmed=0.054
 4510 post m=3 hq=0.691 fail | Dr=+2.469/+5.183 |Dr|max=5.183 Df=+0.469 | g r=0.143 f=0.237 p=1.123(0.001) max=4.575 | Ld=-0.0924 base=-2.26 r1=0.0567 path=0.197 cap=0.0369 rate=1.88 | Lg=+2.3408 | 60s | curv=+0.634 wide=+1.11 gfmed=0.095
 4520 post m=3 hq=0.033 fail | Dr=+2.270/+4.865 |Dr|max=4.865 Df=+3.321 | g r=0.658 f=1.923 p=1.667(0.018) max=5.783 | Ld=+83.7177 base=1.07 r1=0.286 path=60.6 cap=0.211 rate=21.6 | Lg=+1.0953 | 60s | curv=+3.27 wide=+3.77 gfmed=1.822
 4530 post m=1 hq=0.013 fail | Dr=+2.316/+4.873 |Dr|max=4.873 Df=+2.445 | g r=0.802 f=2.173 p=2.117(0.015) max=6.913 | Ld=+4.6061 base=0.153 r1=1.49 path=0.27 cap=2.58 rate=0.108 | Lg=+0.8704 | 60s | curv=+2.85 wide=+3.61 gfmed=2.242
 4540 post m=0 hq=0.000 fail | Dr=+2.258/+4.281 |Dr|max=4.281 Df=+1.735 | g r=0.498 f=1.711 p=1.846(0.018) max=4.836 | Ld=+1.5661 base=-0.133 r1=0.565 path=0.679 cap=0.444 rate=0.0106 | Lg=+1.0315 | 60s | curv=+2.22 wide=+2.79 gfmed=1.809
 4550 post m=0 hq=0.000 fail | Dr=+2.263/+4.047 |Dr|max=4.047 Df=+2.026 | g r=0.373 f=1.840 p=1.613(0.003) max=4.321 | Ld=+0.8821 base=0.306 r1=0.325 path=0.00047 cap=0.249 rate=0.00229 | Lg=+0.7065 | 60s | curv=+1.83 wide=+2.5 gfmed=1.539
 4560 post m=0 hq=0.000 fail | Dr=+2.303/+3.750 |Dr|max=3.750 Df=+1.380 | g r=0.299 f=1.467 p=1.620(0.005) max=4.350 | Ld=-0.3310 base=-0.587 r1=0.194 path=0.000204 cap=0.0592 rate=0.00275 | Lg=+1.1674 | 60s | curv=+1.57 wide=+2.11 gfmed=1.378
 4570 post m=1 hq=0.001 fail | Dr=+2.424/+3.776 |Dr|max=3.776 Df=+2.602 | g r=0.358 f=1.305 p=1.328(0.011) max=3.681 | Ld=+0.6409 base=-0.149 r1=0.14 cap=0.325 rate=0.325 | Lg=+0.7543 | 61s | curv=+1.96 wide=+2.54 gfmed=1.276
 4580 post m=0 hq=0.000 fail | Dr=+2.413/+3.592 |Dr|max=3.592 Df=+2.417 | g r=0.300 f=2.879 p=1.566(0.019) max=5.125 | Ld=+1.6718 base=0.169 r1=0.117 path=0.000303 cap=1.21 rate=0.177 | Lg=+0.7067 | 61s | curv=+1.43 wide=+2.08 gfmed=2.980
 4590 post m=1 hq=0.000 fail | Dr=+2.538/+3.609 |Dr|max=3.609 Df=+2.127 | g r=0.371 f=0.969 p=1.270(0.021) max=4.599 | Ld=+3.2965 base=-0.733 r1=0.224 path=0.00182 cap=0.0186 rate=3.79 | Lg=+1.0639 | 61s | curv=+1.75 wide=+2.31 gfmed=0.833
 4600 post m=1 hq=0.402 fail | Dr=+2.595/+3.598 |Dr|max=3.598 Df=+2.718 | g r=0.312 f=0.846 p=1.272(0.007) max=4.077 | Ld=+1.2566 base=0.0764 r1=0.138 path=0.083 cap=0.012 rate=0.947 | Lg=+0.7110 | 61s | curv=+1.47 wide=+1.9 gfmed=0.734
# COMPLETE 4600 updates in 61s; prehold 0/120; arrival=None
