# arm=c3_r1w formulation=wgan + r1(0.1) + path-secant(10,t=0.5) + cap-all(10,c=3) [Dβ2=0.9, A2=0] {lr c×0.5 g×1} device=cuda:0 steps=4600
# step phase modes hq pass | Dr mean/max |Dr|max Df | grad-norm real fake path(min) max | loss_d terms | loss_g | sec
   10 acq  m=1 hq=0.026 fail | Dr=+0.093/+0.305 |Dr|max=0.305 Df=-0.101 | g r=0.623 f=0.749 p=0.706(0.015) max=2.026 | Ld=+14.4644 base=0.0601 r1=0.0731 path=14.3 | Lg=+0.7983 | 1s | curv=+1.49 wide=+1.66 gfmed=0.695
   20 acq  m=0 hq=0.000 fail | Dr=+0.347/+0.925 |Dr|max=0.925 Df=+0.031 | g r=0.758 f=1.133 p=1.295(0.020) max=4.899 | Ld=+8.8307 base=-0.248 r1=0.11 path=8.9 cap=0.0672 | Lg=+0.8791 | 1s | curv=-1.15 wide=-0.0626 gfmed=1.057
   30 acq  m=2 hq=0.064 fail | Dr=+0.514/+1.154 |Dr|max=1.154 Df=+0.227 | g r=1.077 f=1.205 p=1.556(0.007) max=5.187 | Ld=+0.4460 base=-0.439 r1=0.169 path=0.544 cap=0.172 | Lg=+0.9798 | 1s | curv=+1.34 wide=+1.79 gfmed=1.055
   40 acq  m=2 hq=0.083 fail | Dr=+0.089/+0.624 |Dr|max=0.624 Df=-0.115 | g r=0.948 f=1.165 p=1.431(0.017) max=4.330 | Ld=+1.3006 base=-0.197 r1=0.125 path=1.26 cap=0.113 | Lg=+0.8300 | 1s | curv=+2.55 wide=+3.07 gfmed=0.858
   50 acq  m=1 hq=0.031 fail | Dr=-0.067/+0.500 |Dr|max=0.549 Df=-0.546 | g r=1.258 f=1.659 p=1.656(0.006) max=4.612 | Ld=+1.1175 base=-0.446 r1=0.14 path=1.4 cap=0.0272 | Lg=+1.0020 | 2s | curv=+2.21 wide=+2.72 gfmed=1.617
   60 acq  m=1 hq=0.057 fail | Dr=+0.521/+1.256 |Dr|max=1.256 Df=-0.490 | g r=1.407 f=1.584 p=1.646(0.020) max=5.319 | Ld=-0.1636 base=-0.895 r1=0.199 path=0.445 cap=0.0875 | Lg=+1.3823 | 2s | curv=+8.22 wide=+7.74 gfmed=1.521
   70 acq  m=3 hq=0.009 fail | Dr=-0.371/+0.694 |Dr|max=2.098 Df=-0.821 | g r=1.873 f=1.893 p=1.947(0.040) max=6.415 | Ld=+11.2034 base=-0.507 r1=0.199 path=11.4 cap=0.0977 | Lg=+1.3562 | 2s | curv=+7.78 wide=+7.37 gfmed=1.774
   80 acq  m=3 hq=0.011 fail | Dr=-0.030/+0.384 |Dr|max=0.738 Df=-0.760 | g r=0.972 f=1.655 p=1.640(0.012) max=4.230 | Ld=+0.3573 base=-0.68 r1=0.111 path=0.895 cap=0.0316 | Lg=+1.1722 | 2s | curv=+7.08 wide=+7.18 gfmed=1.593
   90 acq  m=1 hq=0.022 fail | Dr=-0.320/+0.443 |Dr|max=1.492 Df=-0.997 | g r=1.163 f=1.767 p=1.757(0.030) max=5.289 | Ld=+0.2383 base=-0.937 r1=0.149 path=0.938 cap=0.088 | Lg=+1.4294 | 2s | curv=+7.12 wide=+7.71 gfmed=1.716
  100 acq  m=3 hq=0.021 fail | Dr=+0.529/+0.915 |Dr|max=0.915 Df=-0.801 | g r=1.491 f=2.112 p=2.138(0.035) max=6.169 | Ld=-0.2035 base=-1.46 r1=0.149 path=1.07 cap=0.0359 | Lg=+1.8803 | 2s | curv=+11.5 wide=+11.3 gfmed=1.998
  110 acq  m=2 hq=0.004 fail | Dr=+0.338/+2.250 |Dr|max=2.250 Df=-1.009 | g r=1.673 f=1.968 p=1.985(0.057) max=5.948 | Ld=-1.4957 base=-2.25 r1=0.18 path=0.145 cap=0.432 | Lg=+2.2049 | 3s | curv=+3.41 wide=+4.25 gfmed=1.840
  120 acq  m=4 hq=0.009 fail | Dr=-0.200/+0.302 |Dr|max=1.103 Df=-1.356 | g r=1.014 f=1.520 p=1.586(0.015) max=4.197 | Ld=-0.7720 base=-1.16 r1=0.152 path=0.191 cap=0.0414 | Lg=+1.5126 | 3s | curv=+9.07 wide=+9.07 gfmed=1.460
  130 acq  m=8 hq=0.025 fail | Dr=-0.218/+0.264 |Dr|max=0.900 Df=-1.259 | g r=1.026 f=1.608 p=1.609(0.030) max=4.299 | Ld=-0.7417 base=-1.14 r1=0.154 path=0.16 cap=0.0862 | Lg=+1.4314 | 3s | curv=+10.2 wide=+9.76 gfmed=1.527
  140 acq  m=6 hq=0.030 fail | Dr=-0.084/+0.305 |Dr|max=0.783 Df=-1.210 | g r=1.054 f=1.628 p=1.617(0.011) max=4.127 | Ld=-0.7988 base=-1.16 r1=0.156 path=0.146 cap=0.0555 | Lg=+1.5138 | 3s | curv=+10.1 wide=+9.91 gfmed=1.580
  150 acq  m=0 hq=0.000 fail | Dr=-0.615/-0.024 |Dr|max=1.243 Df=-1.879 | g r=1.967 f=1.936 p=2.018(0.003) max=5.526 | Ld=-0.2543 base=-1.41 r1=0.243 path=0.192 cap=0.72 | Lg=+1.4090 | 3s | curv=+0.888 wide=+1.87 gfmed=1.839
  160 acq  m=0 hq=0.000 fail | Dr=+0.049/+0.668 |Dr|max=1.173 Df=-1.852 | g r=1.043 f=1.533 p=1.785(0.014) max=4.906 | Ld=-1.3685 base=-1.78 r1=0.153 path=0.226 cap=0.0288 | Lg=+2.4028 | 3s | curv=+9.1 wide=+9.49 gfmed=1.397
  170 acq  m=8 hq=0.047 fail | Dr=-0.065/+0.496 |Dr|max=0.736 Df=-1.278 | g r=0.959 f=1.727 p=1.623(0.012) max=3.943 | Ld=-0.9214 base=-1.13 r1=0.134 path=0.0364 cap=0.0337 | Lg=+1.4612 | 3s | curv=+10.3 wide=+10.2 gfmed=1.693
  180 acq  m=4 hq=0.027 fail | Dr=+0.016/+0.475 |Dr|max=0.731 Df=-1.147 | g r=1.212 f=1.749 p=1.667(0.018) max=4.665 | Ld=-0.6205 base=-1.14 r1=0.217 path=0.0348 cap=0.267 | Lg=+1.5733 | 3s | curv=+7.95 wide=+8.3 gfmed=1.729
  190 acq  m=5 hq=0.039 fail | Dr=+0.086/+0.513 |Dr|max=0.550 Df=-1.090 | g r=0.973 f=1.709 p=1.635(0.013) max=4.263 | Ld=-0.8512 base=-1.04 r1=0.133 path=0.0339 cap=0.0217 | Lg=+1.4846 | 4s | curv=+10.2 wide=+10.4 gfmed=1.708
  200 acq  m=4 hq=0.016 fail | Dr=+0.086/+0.608 |Dr|max=0.608 Df=-1.305 | g r=1.024 f=1.545 p=1.586(0.042) max=4.118 | Ld=-0.9788 base=-1.17 r1=0.136 path=0.0095 cap=0.045 | Lg=+1.4847 | 4s | curv=+10.7 wide=+10.8 gfmed=1.496
  210 acq  m=6 hq=0.097 fail | Dr=-0.167/+0.510 |Dr|max=0.945 Df=-1.205 | g r=1.131 f=1.732 p=1.758(0.013) max=5.571 | Ld=-0.7637 base=-1.2 r1=0.15 path=0.00342 cap=0.287 | Lg=+1.5074 | 4s | curv=+9.42 wide=+9.42 gfmed=1.630
  220 acq  m=8 hq=0.053 fail | Dr=+0.040/+0.664 |Dr|max=0.664 Df=-1.063 | g r=0.898 f=1.576 p=1.566(0.003) max=4.574 | Ld=-0.8721 base=-1.08 r1=0.136 path=0.0101 cap=0.0614 | Lg=+1.5228 | 4s | curv=+9.43 wide=+9.66 gfmed=1.554
  230 acq  m=7 hq=0.092 fail | Dr=+0.201/+0.827 |Dr|max=0.827 Df=-0.852 | g r=1.002 f=1.807 p=1.626(0.034) max=4.751 | Ld=-0.7969 base=-1.14 r1=0.179 path=0.000398 cap=0.163 | Lg=+1.5146 | 4s | curv=+8 wide=+8.39 gfmed=1.727
  240 acq  m=7 hq=0.051 fail | Dr=+0.432/+1.284 |Dr|max=1.284 Df=-0.923 | g r=1.047 f=1.869 p=1.736(0.046) max=4.108 | Ld=-1.2434 base=-1.42 r1=0.145 path=0.00538 cap=0.0287 | Lg=+1.8144 | 4s | curv=+9.83 wide=+10.1 gfmed=1.898
  250 acq  m=3 hq=0.006 fail | Dr=+0.325/+1.133 |Dr|max=1.133 Df=-1.174 | g r=0.917 f=1.598 p=1.624(0.025) max=4.509 | Ld=-1.1299 base=-1.43 r1=0.157 path=0.0216 cap=0.122 | Lg=+1.8525 | 4s | curv=+8.88 wide=+9.2 gfmed=1.514
  260 acq  m=4 hq=0.049 fail | Dr=+0.374/+1.064 |Dr|max=1.064 Df=-0.760 | g r=0.899 f=1.677 p=1.489(0.031) max=3.849 | Ld=-0.7650 base=-0.929 r1=0.105 path=0.0316 cap=0.0276 | Lg=+1.3778 | 4s | curv=+10.1 wide=+10.1 gfmed=1.682
  270 acq  m=5 hq=0.011 fail | Dr=+0.327/+1.036 |Dr|max=1.036 Df=-0.850 | g r=0.940 f=1.644 p=1.614(0.063) max=4.842 | Ld=-0.7507 base=-1.07 r1=0.133 path=0.0194 cap=0.165 | Lg=+1.5793 | 4s | curv=+8.72 wide=+8.94 gfmed=1.609
  280 acq  m=8 hq=0.100 fail | Dr=+0.533/+1.193 |Dr|max=1.193 Df=-0.781 | g r=1.085 f=2.049 p=1.765(0.020) max=4.544 | Ld=-0.8797 base=-1.04 r1=0.124 path=0.00206 cap=0.0362 | Lg=+1.6449 | 4s | curv=+12.3 wide=+11.9 gfmed=2.056
  290 acq  m=7 hq=0.129 fail | Dr=+0.438/+1.488 |Dr|max=1.488 Df=-0.596 | g r=0.957 f=1.848 p=1.661(0.025) max=3.990 | Ld=-1.1756 base=-1.38 r1=0.14 path=0.000118 cap=0.0669 | Lg=+1.6769 | 4s | curv=+10.4 wide=+10 gfmed=1.954
  300 acq  m=5 hq=0.067 fail | Dr=+0.557/+1.398 |Dr|max=1.398 Df=-0.690 | g r=0.982 f=1.852 p=1.616(0.034) max=4.027 | Ld=-0.9713 base=-1.19 r1=0.127 path=0.0346 cap=0.0607 | Lg=+1.6496 | 5s | curv=+10.5 wide=+10.2 gfmed=1.850
  310 acq  m=8 hq=0.165 fail | Dr=+0.698/+1.342 |Dr|max=1.342 Df=-0.266 | g r=0.905 f=2.069 p=1.660(0.033) max=4.158 | Ld=-0.6856 base=-0.873 r1=0.135 path=0.00495 cap=0.0483 | Lg=+1.2541 | 5s | curv=+9.76 wide=+9.77 gfmed=2.166
  320 acq  m=8 hq=0.119 fail | Dr=+0.652/+1.804 |Dr|max=1.804 Df=-0.402 | g r=1.028 f=1.988 p=1.751(0.026) max=4.003 | Ld=-1.1021 base=-1.26 r1=0.141 path=2.81e-05 cap=0.0213 | Lg=+1.8150 | 5s | curv=+11 wide=+10.7 gfmed=2.103
  330 acq  m=6 hq=0.059 fail | Dr=+0.650/+1.406 |Dr|max=1.406 Df=-0.584 | g r=0.986 f=2.042 p=1.737(0.030) max=4.021 | Ld=-0.9803 base=-1.14 r1=0.145 path=0.000915 cap=0.0179 | Lg=+1.6469 | 5s | curv=+10.8 wide=+10.8 gfmed=2.138
  340 acq  m=7 hq=0.034 fail | Dr=+0.431/+1.405 |Dr|max=1.405 Df=-0.701 | g r=0.969 f=1.899 p=1.657(0.022) max=4.121 | Ld=-1.0716 base=-1.29 r1=0.153 path=0.0302 cap=0.0364 | Lg=+1.8743 | 5s | curv=+9.62 wide=+9.69 gfmed=1.874
  350 acq  m=8 hq=0.124 fail | Dr=+0.889/+1.974 |Dr|max=1.974 Df=-0.177 | g r=1.082 f=2.195 p=1.852(0.038) max=4.432 | Ld=-0.7558 base=-0.903 r1=0.135 path=0.00759 cap=0.00481 | Lg=+1.4605 | 5s | curv=+12.2 wide=+11.8 gfmed=2.282
  360 acq  m=8 hq=0.196 fail | Dr=+0.370/+1.439 |Dr|max=1.439 Df=-0.442 | g r=0.980 f=2.173 p=1.703(0.026) max=3.960 | Ld=-0.6817 base=-0.866 r1=0.141 path=0.0223 cap=0.0219 | Lg=+1.5923 | 5s | curv=+9.46 wide=+9.31 gfmed=2.290
  370 acq  m=8 hq=0.106 fail | Dr=+0.676/+2.036 |Dr|max=2.036 Df=-0.160 | g r=0.909 f=1.949 p=1.594(0.027) max=3.772 | Ld=-0.7511 base=-0.936 r1=0.128 path=0.00141 cap=0.0548 | Lg=+1.4694 | 5s | curv=+9.46 wide=+9.21 gfmed=2.019
  380 acq  m=4 hq=0.096 fail | Dr=+0.868/+1.852 |Dr|max=1.852 Df=-0.240 | g r=0.995 f=1.778 p=1.589(0.017) max=3.588 | Ld=-0.7289 base=-0.837 r1=0.105 path=0.00095 cap=0.00254 | Lg=+1.4430 | 5s | curv=+10.3 wide=+10.1 gfmed=1.883
  390 acq  m=5 hq=0.040 fail | Dr=+0.871/+2.306 |Dr|max=2.306 Df=-0.324 | g r=0.967 f=1.928 p=1.646(0.017) max=3.885 | Ld=-0.6511 base=-0.802 r1=0.128 path=0.00327 cap=0.0201 | Lg=+1.3960 | 5s | curv=+9.99 wide=+9.88 gfmed=2.095
  400 acq  m=3 hq=0.046 fail | Dr=+0.838/+2.134 |Dr|max=2.134 Df=-0.211 | g r=0.912 f=1.753 p=1.571(0.014) max=3.616 | Ld=-0.5951 base=-0.708 r1=0.107 path=0.00129 cap=0.00525 | Lg=+1.3251 | 5s | curv=+9.63 wide=+9.51 gfmed=1.844
  410 acq  m=7 hq=0.280 fail | Dr=+0.575/+2.171 |Dr|max=2.171 Df=-0.021 | g r=0.952 f=1.523 p=1.552(0.024) max=3.701 | Ld=-0.5914 base=-0.865 r1=0.154 path=0.00108 cap=0.118 | Lg=+1.2793 | 6s | curv=+7.99 wide=+7.89 gfmed=1.559
  420 acq  m=8 hq=0.178 fail | Dr=+0.417/+1.558 |Dr|max=1.558 Df=-0.175 | g r=1.035 f=1.900 p=1.613(0.022) max=4.182 | Ld=-0.4441 base=-0.733 r1=0.156 path=0.0068 cap=0.126 | Lg=+1.1831 | 6s | curv=+8.53 wide=+8.29 gfmed=1.978
  430 acq  m=5 hq=0.104 fail | Dr=+0.936/+2.432 |Dr|max=2.432 Df=-0.108 | g r=1.008 f=1.881 p=1.758(0.022) max=3.802 | Ld=-0.6717 base=-0.788 r1=0.109 path=0.00293 cap=0.00383 | Lg=+1.4828 | 6s | curv=+10.9 wide=+10.9 gfmed=1.894
  440 acq  m=5 hq=0.191 fail | Dr=+0.835/+2.306 |Dr|max=2.306 Df=-0.162 | g r=0.977 f=1.854 p=1.668(0.006) max=3.727 | Ld=-0.6191 base=-0.747 r1=0.115 path=0.00257 cap=0.0104 | Lg=+1.4274 | 6s | curv=+10.4 wide=+10.3 gfmed=2.053
  450 acq  m=4 hq=0.079 fail | Dr=+0.483/+1.981 |Dr|max=1.981 Df=-0.275 | g r=0.906 f=1.462 p=1.551(0.040) max=4.531 | Ld=-0.5812 base=-0.776 r1=0.103 path=0.019 cap=0.0721 | Lg=+1.4437 | 6s | curv=+8.5 wide=+8.44 gfmed=1.310
  460 acq  m=8 hq=0.211 fail | Dr=+0.954/+3.055 |Dr|max=3.055 Df=+0.019 | g r=1.076 f=1.947 p=1.872(0.044) max=4.256 | Ld=-0.9515 base=-1.11 r1=0.121 path=3.93e-05 cap=0.0352 | Lg=+1.7072 | 6s | curv=+10.4 wide=+10.2 gfmed=1.913
  470 acq  m=6 hq=0.380 fail | Dr=+0.405/+2.384 |Dr|max=2.384 Df=-0.216 | g r=0.927 f=1.642 p=1.547(0.041) max=3.722 | Ld=-0.7862 base=-1.08 r1=0.122 path=0.000948 cap=0.167 | Lg=+1.4395 | 6s | curv=+8.17 wide=+7.93 gfmed=1.683
  480 acq  m=3 hq=0.074 fail | Dr=+0.713/+2.459 |Dr|max=2.459 Df=-0.291 | g r=0.907 f=1.856 p=1.585(0.028) max=3.809 | Ld=-0.4042 base=-0.517 r1=0.103 path=0.00601 cap=0.00373 | Lg=+1.3044 | 6s | curv=+9.88 wide=+9.72 gfmed=2.000
  490 acq  m=5 hq=0.145 fail | Dr=+0.958/+3.065 |Dr|max=3.065 Df=-0.027 | g r=0.970 f=2.011 p=1.742(0.035) max=3.937 | Ld=-0.6279 base=-0.747 r1=0.11 path=0.000593 cap=0.00911 | Lg=+1.5181 | 6s | curv=+10 wide=+9.84 gfmed=2.293
  500 acq  m=7 hq=0.055 fail | Dr=+0.964/+2.804 |Dr|max=2.804 Df=+0.036 | g r=0.891 f=2.048 p=1.707(0.009) max=3.609 | Ld=-0.8602 base=-0.989 r1=0.113 path=0.000855 cap=0.0156 | Lg=+1.6194 | 6s | curv=+9.42 wide=+9.44 gfmed=2.212
  510 acq  m=8 hq=0.283 fail | Dr=+0.998/+3.552 |Dr|max=3.552 Df=+0.290 | g r=0.885 f=1.938 p=1.707(0.020) max=3.902 | Ld=-0.5692 base=-0.675 r1=0.0939 path=0.00465 cap=0.00733 | Lg=+1.4299 | 6s | curv=+8.93 wide=+9.09 gfmed=2.113
  520 acq  m=6 hq=0.333 fail | Dr=+1.049/+3.332 |Dr|max=3.332 Df=+0.273 | g r=1.067 f=1.735 p=1.873(0.021) max=4.396 | Ld=-0.9312 base=-1.06 r1=0.118 path=0.00111 cap=0.0128 | Lg=+1.8762 | 6s | curv=+10.7 wide=+10.6 gfmed=1.702
  530 acq  m=4 hq=0.197 fail | Dr=+1.025/+3.001 |Dr|max=3.001 Df=+0.182 | g r=0.867 f=2.138 p=1.805(0.026) max=3.814 | Ld=-0.4203 base=-0.562 r1=0.121 path=0.00133 cap=0.0188 | Lg=+1.3233 | 7s | curv=+9.48 wide=+9.5 gfmed=2.266
  540 acq  m=6 hq=0.244 fail | Dr=+1.001/+3.434 |Dr|max=3.434 Df=+0.162 | g r=1.072 f=1.943 p=1.802(0.025) max=3.786 | Ld=-0.6878 base=-0.831 r1=0.118 path=0.00181 cap=0.023 | Lg=+1.6550 | 7s | curv=+10.7 wide=+10.7 gfmed=1.945
  550 acq  m=6 hq=0.058 fail | Dr=+0.920/+3.510 |Dr|max=3.510 Df=+0.184 | g r=0.840 f=2.096 p=1.683(0.023) max=4.085 | Ld=-0.3651 base=-0.484 r1=0.0865 path=0.00868 cap=0.0241 | Lg=+1.3952 | 7s | curv=+8.37 wide=+8.31 gfmed=2.153
  560 acq  m=8 hq=0.539 fail | Dr=+0.271/+2.406 |Dr|max=2.406 Df=-0.202 | g r=0.936 f=1.792 p=1.728(0.019) max=4.204 | Ld=-0.6786 base=-0.909 r1=0.118 path=0.0507 cap=0.0616 | Lg=+1.5151 | 7s | curv=+8.19 wide=+8.15 gfmed=1.811
  570 acq  m=8 hq=0.432 fail | Dr=+0.750/+3.423 |Dr|max=3.423 Df=+0.171 | g r=0.846 f=1.701 p=1.652(0.030) max=3.593 | Ld=-0.3748 base=-0.491 r1=0.098 path=0.0139 cap=0.00454 | Lg=+1.3464 | 7s | curv=+8.41 wide=+8.56 gfmed=1.728
  580 acq  m=8 hq=0.430 fail | Dr=+0.842/+3.630 |Dr|max=3.630 Df=+0.337 | g r=0.870 f=1.608 p=1.745(0.007) max=3.708 | Ld=-0.6479 base=-0.772 r1=0.0899 path=0.005 cap=0.0288 | Lg=+1.6496 | 7s | curv=+8.23 wide=+8.26 gfmed=1.748
  590 acq  m=7 hq=0.552 fail | Dr=+0.733/+3.501 |Dr|max=3.501 Df=+0.243 | g r=0.856 f=1.590 p=1.802(0.020) max=3.928 | Ld=-0.5680 base=-0.688 r1=0.0997 path=0.00485 cap=0.0149 | Lg=+1.6155 | 7s | curv=+8.81 wide=+8.92 gfmed=1.598
  600 acq  m=7 hq=0.464 fail | Dr=+0.860/+3.804 |Dr|max=3.804 Df=+0.207 | g r=0.742 f=1.429 p=1.745(0.022) max=4.033 | Ld=-0.3090 base=-0.411 r1=0.083 path=0.0129 cap=0.00646 | Lg=+1.5076 | 7s | curv=+7.77 wide=+7.99 gfmed=1.244
  610 acq  m=8 hq=0.546 fail | Dr=+0.631/+4.391 |Dr|max=4.391 Df=+0.149 | g r=0.699 f=1.365 p=1.665(0.023) max=3.886 | Ld=-0.4337 base=-0.55 r1=0.0803 path=0.0102 cap=0.0258 | Lg=+1.6769 | 8s | curv=+6.19 wide=+6.52 gfmed=1.465
  620 acq  m=8 hq=0.677 fail | Dr=+0.402/+3.719 |Dr|max=3.719 Df=-0.075 | g r=0.626 f=1.207 p=1.697(0.014) max=3.855 | Ld=-0.4105 base=-0.538 r1=0.0673 path=0.0522 cap=0.00794 | Lg=+1.6474 | 8s | curv=+5.41 wide=+5.97 gfmed=0.959
  630 acq  m=8 hq=0.701 fail | Dr=+0.045/+3.162 |Dr|max=3.278 Df=-0.333 | g r=0.648 f=0.809 p=1.531(0.025) max=3.922 | Ld=-0.2116 base=-0.321 r1=0.0526 path=0.0182 cap=0.0383 | Lg=+1.5750 | 8s | curv=+5.11 wide=+5.33 gfmed=0.549
  640 acq  m=8 hq=0.888 fail | Dr=+0.177/+4.749 |Dr|max=4.749 Df=-0.248 | g r=0.452 f=0.495 p=1.570(0.001) max=3.848 | Ld=-0.4911 base=-0.552 r1=0.0304 path=0.0101 cap=0.0199 | Lg=+1.7737 | 8s | curv=+3.13 wide=+3.69 gfmed=0.291
  650 acq  m=8 hq=0.900 PASS | Dr=+0.094/+4.460 |Dr|max=4.460 Df=-0.299 | g r=0.488 f=0.528 p=1.525(0.001) max=3.807 | Ld=-0.3081 base=-0.385 r1=0.0385 path=0.0309 cap=0.00769 | Lg=+1.6416 | 8s | curv=+2.72 wide=+3.25 gfmed=0.339
  660 acq  m=8 hq=0.891 fail | Dr=+0.098/+4.542 |Dr|max=4.542 Df=-0.315 | g r=0.480 f=0.525 p=1.559(0.007) max=3.730 | Ld=-0.3017 base=-0.369 r1=0.0317 path=0.0194 cap=0.016 | Lg=+1.8289 | 9s | curv=+3.36 wide=+3.82 gfmed=0.330
  670 acq  m=8 hq=0.919 PASS | Dr=+0.020/+4.306 |Dr|max=4.306 Df=-0.381 | g r=0.408 f=0.463 p=1.515(0.013) max=3.601 | Ld=-0.2816 base=-0.35 r1=0.0292 path=0.0295 cap=0.00984 | Lg=+1.6540 | 9s | curv=+2.92 wide=+3.37 gfmed=0.320
  680 acq  m=8 hq=0.702 fail | Dr=+0.132/+3.596 |Dr|max=3.596 Df=-0.281 | g r=0.470 f=0.650 p=1.529(0.004) max=3.675 | Ld=-0.2083 base=-0.37 r1=0.0394 path=0.107 cap=0.016 | Lg=+1.5806 | 9s | curv=+3.9 wide=+4.15 gfmed=0.449
  690 acq  m=8 hq=0.887 fail | Dr=+0.453/+4.602 |Dr|max=4.602 Df=+0.050 | g r=0.532 f=0.670 p=1.605(0.022) max=4.099 | Ld=-0.3010 base=-0.349 r1=0.0356 path=0.00841 cap=0.0044 | Lg=+1.7257 | 9s | curv=+4.43 wide=+4.77 gfmed=0.579
  700 acq  m=7 hq=0.488 fail | Dr=+0.356/+4.692 |Dr|max=4.692 Df=-0.239 | g r=0.569 f=1.182 p=1.732(0.014) max=4.235 | Ld=-0.2988 base=-0.397 r1=0.04 path=0.0476 cap=0.0102 | Lg=+1.7705 | 9s | curv=+4.34 wide=+4.97 gfmed=0.941
  710 acq  m=8 hq=0.817 fail | Dr=+0.560/+5.331 |Dr|max=5.331 Df=+0.124 | g r=0.475 f=0.708 p=1.594(0.006) max=3.791 | Ld=-0.3320 base=-0.429 r1=0.0426 path=0.0436 cap=0.0108 | Lg=+1.7621 | 10s | curv=+3.46 wide=+3.81 gfmed=0.472
  720 acq  m=8 hq=0.766 fail | Dr=+0.876/+5.462 |Dr|max=5.462 Df=+0.461 | g r=0.601 f=0.877 p=1.678(0.014) max=3.932 | Ld=-0.2855 base=-0.387 r1=0.0489 path=0.0283 cap=0.0239 | Lg=+1.7636 | 10s | curv=+4.94 wide=+5.34 gfmed=0.628
  730 acq  m=6 hq=0.434 fail | Dr=+0.531/+5.220 |Dr|max=5.220 Df=-0.223 | g r=0.662 f=1.211 p=1.813(0.011) max=3.999 | Ld=-0.4421 base=-0.526 r1=0.0503 path=0.011 cap=0.0221 | Lg=+1.8353 | 10s | curv=+5.13 wide=+5.52 gfmed=0.973
  740 acq  m=8 hq=0.886 fail | Dr=+0.969/+5.479 |Dr|max=5.479 Df=+0.584 | g r=0.428 f=0.648 p=1.633(0.017) max=4.106 | Ld=-0.3672 base=-0.44 r1=0.0365 path=0.0279 cap=0.00813 | Lg=+1.7560 | 10s | curv=+3.78 wide=+4.21 gfmed=0.410
  750 acq  m=7 hq=0.439 fail | Dr=+0.634/+4.950 |Dr|max=4.950 Df=+0.023 | g r=0.597 f=1.413 p=1.719(0.009) max=3.817 | Ld=-0.3169 base=-0.422 r1=0.0578 path=0.0248 cap=0.0229 | Lg=+1.7087 | 10s | curv=+5.52 wide=+5.78 gfmed=1.487
  760 acq  m=6 hq=0.233 fail | Dr=+0.914/+5.610 |Dr|max=5.610 Df=+0.198 | g r=0.755 f=1.502 p=1.930(0.007) max=4.282 | Ld=-0.4984 base=-0.613 r1=0.0754 path=0.0253 cap=0.0138 | Lg=+1.9820 | 11s | curv=+6.65 wide=+6.9 gfmed=1.339
  770 acq  m=7 hq=0.473 fail | Dr=+0.993/+4.929 |Dr|max=4.929 Df=+0.401 | g r=0.594 f=1.249 p=1.734(0.015) max=4.211 | Ld=-0.4537 base=-0.536 r1=0.0526 path=0.0151 cap=0.0143 | Lg=+1.7351 | 11s | curv=+5.57 wide=+5.81 gfmed=1.129
  780 acq  m=8 hq=0.842 fail | Dr=+1.295/+5.931 |Dr|max=5.931 Df=+0.916 | g r=0.646 f=0.834 p=1.742(0.007) max=4.111 | Ld=-0.3397 base=-0.445 r1=0.0753 path=0.0128 cap=0.0177 | Lg=+1.7034 | 11s | curv=+6.45 wide=+6.56 gfmed=0.636
  790 acq  m=8 hq=0.611 fail | Dr=+1.262/+5.716 |Dr|max=5.716 Df=+0.804 | g r=0.648 f=1.165 p=1.744(0.014) max=4.176 | Ld=-0.4336 base=-0.53 r1=0.0647 path=0.0264 cap=0.00573 | Lg=+1.7961 | 11s | curv=+5.74 wide=+6.05 gfmed=1.209
  800 acq  m=7 hq=0.217 fail | Dr=+0.926/+4.879 |Dr|max=4.879 Df=+0.298 | g r=0.755 f=1.441 p=1.871(0.021) max=3.947 | Ld=-0.4211 base=-0.571 r1=0.0802 path=0.0244 cap=0.0451 | Lg=+1.6685 | 11s | curv=+7.48 wide=+7.47 gfmed=1.432
  810 acq  m=7 hq=0.493 fail | Dr=+1.508/+5.997 |Dr|max=5.997 Df=+0.932 | g r=0.701 f=1.727 p=1.882(0.029) max=3.778 | Ld=-0.5170 base=-0.631 r1=0.0684 path=0.0333 cap=0.0121 | Lg=+1.8727 | 12s | curv=+7.13 wide=+7.24 gfmed=1.751
  820 acq  m=7 hq=0.350 fail | Dr=+1.390/+5.064 |Dr|max=5.064 Df=+0.784 | g r=0.843 f=1.923 p=1.957(0.015) max=3.978 | Ld=-0.7648 base=-0.891 r1=0.0861 path=0.0127 cap=0.027 | Lg=+1.8725 | 12s | curv=+7.91 wide=+7.94 gfmed=2.045
  830 acq  m=4 hq=0.154 fail | Dr=+1.188/+4.656 |Dr|max=4.656 Df=+0.236 | g r=0.895 f=1.519 p=1.900(0.031) max=4.152 | Ld=-0.4825 base=-0.66 r1=0.079 path=0.043 cap=0.0556 | Lg=+1.7701 | 12s | curv=+8.71 wide=+8.81 gfmed=1.473
  840 acq  m=4 hq=0.184 fail | Dr=+1.371/+4.378 |Dr|max=4.378 Df=+0.559 | g r=0.819 f=2.040 p=1.873(0.030) max=3.620 | Ld=-0.3774 base=-0.521 r1=0.0994 path=0.0228 cap=0.0214 | Lg=+1.5852 | 12s | curv=+8.57 wide=+8.61 gfmed=2.132
  850 acq  m=7 hq=0.463 fail | Dr=+1.502/+5.232 |Dr|max=5.232 Df=+0.952 | g r=0.773 f=1.765 p=1.842(0.003) max=3.548 | Ld=-0.4147 base=-0.535 r1=0.0841 path=0.0207 cap=0.016 | Lg=+1.6443 | 12s | curv=+7.39 wide=+7.38 gfmed=1.772
  860 acq  m=8 hq=0.506 fail | Dr=+1.335/+4.943 |Dr|max=4.943 Df=+0.830 | g r=0.761 f=1.661 p=1.766(0.017) max=4.095 | Ld=-0.2497 base=-0.36 r1=0.0814 path=0.0227 cap=0.00641 | Lg=+1.4929 | 13s | curv=+7.43 wide=+7.52 gfmed=1.720
  870 acq  m=8 hq=0.452 fail | Dr=+1.356/+5.110 |Dr|max=5.110 Df=+0.925 | g r=0.774 f=1.667 p=1.802(0.003) max=3.857 | Ld=-0.3254 base=-0.427 r1=0.0921 path=0.00674 cap=0.00293 | Lg=+1.5922 | 13s | curv=+7.9 wide=+7.79 gfmed=1.655
  880 acq  m=8 hq=0.211 fail | Dr=+0.940/+4.108 |Dr|max=4.108 Df=+0.409 | g r=0.694 f=1.892 p=1.846(0.023) max=3.841 | Ld=-0.2905 base=-0.371 r1=0.0631 path=0.0144 cap=0.00344 | Lg=+1.5485 | 13s | curv=+6.72 wide=+6.93 gfmed=2.073
  890 acq  m=7 hq=0.493 fail | Dr=+0.897/+3.984 |Dr|max=3.984 Df=+0.429 | g r=0.725 f=1.577 p=1.777(0.014) max=3.825 | Ld=-0.3220 base=-0.439 r1=0.0773 path=0.00432 cap=0.0356 | Lg=+1.6064 | 13s | curv=+6.99 wide=+7.06 gfmed=1.659
  900 acq  m=8 hq=0.685 fail | Dr=+0.871/+4.125 |Dr|max=4.125 Df=+0.512 | g r=0.617 f=1.263 p=1.641(0.008) max=3.662 | Ld=-0.2362 base=-0.317 r1=0.0588 path=0.0139 cap=0.00846 | Lg=+1.5153 | 13s | curv=+5.53 wide=+5.71 gfmed=0.972
  910 acq  m=8 hq=0.532 fail | Dr=+0.715/+4.243 |Dr|max=4.243 Df=+0.230 | g r=0.650 f=1.503 p=1.746(0.012) max=3.721 | Ld=-0.3825 base=-0.481 r1=0.0661 path=0.0213 cap=0.0112 | Lg=+1.6314 | 14s | curv=+6.3 wide=+6.55 gfmed=1.617
  920 acq  m=7 hq=0.561 fail | Dr=+0.698/+3.996 |Dr|max=3.996 Df=+0.243 | g r=0.579 f=1.338 p=1.629(0.016) max=3.800 | Ld=-0.2880 base=-0.36 r1=0.0509 path=0.0185 cap=0.00299 | Lg=+1.4800 | 14s | curv=+5.6 wide=+5.64 gfmed=1.191
  930 acq  m=8 hq=0.790 fail | Dr=+0.685/+4.660 |Dr|max=4.660 Df=+0.418 | g r=0.537 f=1.004 p=1.624(0.007) max=3.754 | Ld=-0.1435 base=-0.208 r1=0.0472 path=0.0103 cap=0.00699 | Lg=+1.4928 | 14s | curv=+4.76 wide=+5.08 gfmed=0.539
  940 acq  m=7 hq=0.541 fail | Dr=+0.613/+4.236 |Dr|max=4.236 Df=+0.182 | g r=0.604 f=1.555 p=1.702(0.023) max=4.109 | Ld=-0.2695 base=-0.351 r1=0.0543 path=0.0218 cap=0.00506 | Lg=+1.5294 | 14s | curv=+5.7 wide=+5.94 gfmed=1.478
  950 acq  m=8 hq=0.937 PASS | Dr=+0.584/+4.226 |Dr|max=4.226 Df=+0.396 | g r=0.385 f=0.448 p=1.428(0.009) max=3.593 | Ld=-0.1327 base=-0.222 r1=0.0268 path=0.0517 cap=0.0107 | Lg=+1.4303 | 15s | curv=+3.3 wide=+3.76 gfmed=0.314
  960 acq  m=8 hq=0.915 PASS | Dr=+0.629/+3.864 |Dr|max=3.864 Df=+0.433 | g r=0.346 f=0.381 p=1.466(0.002) max=3.617 | Ld=-0.2804 base=-0.326 r1=0.0215 path=0.0155 cap=0.0085 | Lg=+1.4525 | 15s | curv=+2.25 wide=+2.75 gfmed=0.252
  970 acq  m=8 hq=0.954 PASS | Dr=+0.667/+4.323 |Dr|max=4.323 Df=+0.463 | g r=0.248 f=0.265 p=1.437(0.001) max=3.467 | Ld=-0.2251 base=-0.259 r1=0.019 path=0.00769 cap=0.00683 | Lg=+1.4688 | 15s | curv=+1.65 wide=+2.21 gfmed=0.142
  980 acq  m=8 hq=0.958 PASS | Dr=+0.339/+4.096 |Dr|max=4.096 Df=+0.130 | g r=0.353 f=0.394 p=1.423(0.015) max=4.015 | Ld=-0.1840 base=-0.222 r1=0.0173 path=0.006 cap=0.0146 | Lg=+1.5288 | 15s | curv=+2.26 wide=+2.68 gfmed=0.313
  990 acq  m=8 hq=0.884 fail | Dr=+0.015/+3.155 |Dr|max=3.155 Df=-0.142 | g r=0.258 f=0.368 p=1.338(0.006) max=3.809 | Ld=-0.1004 base=-0.144 r1=0.0172 path=0.0111 cap=0.015 | Lg=+1.3496 | 16s | curv=+1.16 wide=+1.62 gfmed=0.225
 1000 acq  m=8 hq=0.953 PASS | Dr=+0.166/+3.660 |Dr|max=3.660 Df=-0.014 | g r=0.283 f=0.303 p=1.384(0.002) max=3.452 | Ld=-0.2231 base=-0.256 r1=0.0186 path=0.00822 cap=0.00623 | Lg=+1.4404 | 16s | curv=+2.23 wide=+2.65 gfmed=0.183
 1010 acq  m=8 hq=0.949 PASS | Dr=+0.171/+4.805 |Dr|max=4.805 Df=-0.003 | g r=0.282 f=0.299 p=1.442(0.009) max=3.771 | Ld=-0.1777 base=-0.205 r1=0.0161 path=0.0103 cap=0.000529 | Lg=+1.5941 | 16s | curv=+1.34 wide=+1.97 gfmed=0.152
 1020 acq  m=8 hq=0.955 PASS | Dr=+0.119/+3.905 |Dr|max=3.905 Df=-0.072 | g r=0.243 f=0.289 p=1.430(0.015) max=3.614 | Ld=-0.1955 base=-0.225 r1=0.0129 path=0.0119 cap=0.00511 | Lg=+1.5274 | 16s | curv=+1.13 wide=+1.77 gfmed=0.181
 1030 acq  m=8 hq=0.933 PASS | Dr=-0.094/+3.377 |Dr|max=3.377 Df=-0.288 | g r=0.350 f=0.409 p=1.372(0.010) max=3.507 | Ld=-0.0932 base=-0.144 r1=0.0355 path=0.00665 cap=0.0087 | Lg=+1.3724 | 16s | curv=+2.96 wide=+3.27 gfmed=0.269
 1040 acq  m=8 hq=0.948 PASS | Dr=+0.234/+4.784 |Dr|max=4.784 Df=+0.042 | g r=0.323 f=0.334 p=1.479(0.005) max=3.533 | Ld=-0.2421 base=-0.272 r1=0.0185 path=0.0095 cap=0.0018 | Lg=+1.6279 | 16s | curv=+1.7 wide=+2.2 gfmed=0.227
 1050 acq  m=8 hq=0.949 PASS | Dr=-0.006/+4.534 |Dr|max=4.534 Df=-0.202 | g r=0.358 f=0.351 p=1.463(0.012) max=3.512 | Ld=-0.2336 base=-0.28 r1=0.0123 path=0.0243 cap=0.00931 | Lg=+1.5713 | 16s | curv=+0.889 wide=+1.4 gfmed=0.272
 1060 acq  m=8 hq=0.957 PASS | Dr=-0.039/+5.147 |Dr|max=5.147 Df=-0.215 | g r=0.286 f=0.307 p=1.466(0.002) max=3.702 | Ld=-0.1564 base=-0.186 r1=0.0103 path=0.0124 cap=0.00742 | Lg=+1.6223 | 17s | curv=+0.854 wide=+1.38 gfmed=0.229
 1070 acq  m=8 hq=0.960 PASS | Dr=+0.212/+4.977 |Dr|max=4.977 Df=+0.040 | g r=0.298 f=0.327 p=1.485(0.008) max=3.507 | Ld=-0.1785 base=-0.224 r1=0.01 path=0.0319 cap=0.00392 | Lg=+1.6434 | 17s | curv=+1.21 wide=+1.67 gfmed=0.250
 1080 acq  m=8 hq=0.923 PASS | Dr=+0.074/+4.424 |Dr|max=4.424 Df=-0.108 | g r=0.293 f=0.286 p=1.524(0.004) max=4.522 | Ld=-0.2688 base=-0.299 r1=0.0153 path=0.0059 cap=0.00872 | Lg=+1.6581 | 17s | curv=+2.06 wide=+2.41 gfmed=0.180
 1090 acq  m=8 hq=0.962 PASS | Dr=+0.021/+3.470 |Dr|max=3.470 Df=-0.150 | g r=0.263 f=0.258 p=1.404(0.020) max=3.372 | Ld=-0.0150 base=-0.0817 r1=0.0143 path=0.0495 cap=0.00283 | Lg=+1.4540 | 17s | curv=+1.26 wide=+1.74 gfmed=0.182
 1100 acq  m=8 hq=0.957 PASS | Dr=+0.010/+3.980 |Dr|max=3.980 Df=-0.141 | g r=0.304 f=0.302 p=1.369(0.006) max=3.374 | Ld=-0.0845 base=-0.121 r1=0.0163 path=0.0193 cap=0.000606 | Lg=+1.5002 | 17s | curv=+1.2 wide=+1.55 gfmed=0.208
 1110 acq  m=8 hq=0.948 PASS | Dr=-0.011/+4.206 |Dr|max=4.206 Df=-0.171 | g r=0.263 f=0.274 p=1.495(0.003) max=4.534 | Ld=-0.1694 base=-0.189 r1=0.0113 path=0.00136 cap=0.00653 | Lg=+1.5987 | 17s | curv=+0.711 wide=+1.11 gfmed=0.224
 1120 acq  m=8 hq=0.883 fail | Dr=+0.199/+3.786 |Dr|max=3.786 Df=+0.032 | g r=0.377 f=0.383 p=1.412(0.013) max=3.667 | Ld=-0.0154 base=-0.0635 r1=0.0146 path=0.0245 cap=0.00896 | Lg=+1.4114 | 17s | curv=+1.62 wide=+2.06 gfmed=0.305
 1130 acq  m=8 hq=0.958 PASS | Dr=+0.208/+5.683 |Dr|max=5.683 Df=+0.015 | g r=0.273 f=0.276 p=1.584(0.003) max=4.145 | Ld=-0.2786 base=-0.301 r1=0.0129 path=0.00356 cap=0.00629 | Lg=+1.8292 | 17s | curv=+1.03 wide=+1.56 gfmed=0.216
 1140 acq  m=8 hq=0.967 PASS | Dr=+0.161/+4.294 |Dr|max=4.294 Df=-0.001 | g r=0.288 f=0.282 p=1.459(0.016) max=3.381 | Ld=+0.0162 base=-0.0501 r1=0.0201 path=0.0423 cap=0.0039 | Lg=+1.5791 | 17s | curv=+1.46 wide=+1.73 gfmed=0.230
 1150 acq  m=8 hq=0.968 PASS | Dr=+0.204/+5.210 |Dr|max=5.210 Df=+0.051 | g r=0.268 f=0.261 p=1.456(0.007) max=3.649 | Ld=-0.0331 base=-0.0773 r1=0.012 path=0.027 cap=0.00522 | Lg=+1.6341 | 17s | curv=+1.17 wide=+1.54 gfmed=0.219
 1160 acq  m=8 hq=0.974 PASS | Dr=+0.136/+3.952 |Dr|max=3.952 Df=-0.022 | g r=0.207 f=0.226 p=1.407(0.003) max=3.698 | Ld=-0.1505 base=-0.167 r1=0.0112 path=0.000638 cap=0.00491 | Lg=+1.5225 | 17s | curv=+1.07 wide=+1.47 gfmed=0.164
 1170 acq  m=8 hq=0.946 PASS | Dr=+0.134/+4.509 |Dr|max=4.509 Df=-0.036 | g r=0.368 f=0.347 p=1.561(0.023) max=3.657 | Ld=-0.1504 base=-0.18 r1=0.0104 path=0.0118 cap=0.00741 | Lg=+1.6144 | 18s | curv=+1.07 wide=+1.44 gfmed=0.298
 1180 acq  m=8 hq=0.953 PASS | Dr=+0.085/+4.378 |Dr|max=4.378 Df=-0.100 | g r=0.252 f=0.275 p=1.554(0.008) max=4.004 | Ld=-0.3318 base=-0.362 r1=0.0145 path=0.00364 cap=0.012 | Lg=+1.6672 | 18s | curv=+1.02 wide=+1.52 gfmed=0.210
 1190 acq  m=8 hq=0.975 PASS | Dr=+0.279/+4.511 |Dr|max=4.511 Df=+0.122 | g r=0.288 f=0.255 p=1.473(0.006) max=3.822 | Ld=-0.1554 base=-0.176 r1=0.0124 path=0.00826 cap=0.00041 | Lg=+1.5647 | 18s | curv=+1.29 wide=+1.82 gfmed=0.205
 1200 acq  m=8 hq=0.968 PASS | Dr=+0.241/+5.878 |Dr|max=5.878 Df=+0.077 | g r=0.211 f=0.231 p=1.556(0.008) max=4.113 | Ld=-0.2063 base=-0.234 r1=0.0106 path=0.0155 cap=0.00144 | Lg=+1.7562 | 18s | curv=+0.466 wide=+1.05 gfmed=0.168
 1210 hold m=8 hq=0.804 fail | Dr=+0.275/+3.578 |Dr|max=3.578 Df=+0.122 | g r=0.367 f=0.369 p=1.435(0.018) max=3.773 | Ld=-0.1361 base=-0.165 r1=0.0125 path=0.0143 cap=0.0021 | Lg=+1.5300 | 18s | curv=+1.58 wide=+1.81 gfmed=0.281
 1220 hold m=8 hq=0.967 PASS | Dr=+0.390/+5.150 |Dr|max=5.150 Df=+0.235 | g r=0.279 f=0.279 p=1.434(0.010) max=3.837 | Ld=-0.1612 base=-0.198 r1=0.0184 path=0.0107 cap=0.00788 | Lg=+1.6293 | 18s | curv=+1.06 wide=+1.44 gfmed=0.193
 1230 hold m=8 hq=0.969 PASS | Dr=+0.541/+5.383 |Dr|max=5.383 Df=+0.378 | g r=0.223 f=0.210 p=1.499(0.004) max=3.617 | Ld=-0.1660 base=-0.184 r1=0.0101 path=0.00578 cap=0.00238 | Lg=+1.6058 | 18s | curv=+1.26 wide=+1.63 gfmed=0.130
 1240 hold m=8 hq=0.971 PASS | Dr=+0.319/+4.117 |Dr|max=4.117 Df=+0.163 | g r=0.227 f=0.215 p=1.403(0.015) max=3.481 | Ld=-0.1878 base=-0.215 r1=0.0111 path=0.0123 cap=0.00391 | Lg=+1.4938 | 18s | curv=+1.46 wide=+1.89 gfmed=0.143
 1250 hold m=8 hq=0.969 PASS | Dr=+0.231/+4.179 |Dr|max=4.179 Df=+0.080 | g r=0.256 f=0.257 p=1.442(0.018) max=3.736 | Ld=-0.0739 base=-0.112 r1=0.0142 path=0.012 cap=0.0123 | Lg=+1.4614 | 18s | curv=+1.12 wide=+1.54 gfmed=0.215
 1260 hold m=8 hq=0.976 PASS | Dr=+0.264/+4.151 |Dr|max=4.151 Df=+0.111 | g r=0.215 f=0.218 p=1.392(0.004) max=3.587 | Ld=-0.1123 base=-0.15 r1=0.00903 path=0.0272 cap=0.00185 | Lg=+1.4519 | 18s | curv=+0.973 wide=+1.45 gfmed=0.159
 1270 hold m=8 hq=0.925 PASS | Dr=+0.399/+4.347 |Dr|max=4.347 Df=+0.245 | g r=0.288 f=0.311 p=1.481(0.005) max=3.466 | Ld=-0.2131 base=-0.249 r1=0.0123 path=0.0208 cap=0.00285 | Lg=+1.5474 | 18s | curv=+0.643 wide=+1.02 gfmed=0.217
 1280 hold m=8 hq=0.948 PASS | Dr=+0.255/+3.772 |Dr|max=3.772 Df=+0.131 | g r=0.273 f=0.286 p=1.393(0.012) max=4.264 | Ld=-0.1058 base=-0.137 r1=0.0114 path=0.0192 cap=0.000372 | Lg=+1.4442 | 19s | curv=+0.887 wide=+1.35 gfmed=0.254
 1290 hold m=8 hq=0.980 PASS | Dr=+0.087/+3.407 |Dr|max=3.407 Df=-0.026 | g r=0.181 f=0.188 p=1.261(0.002) max=3.337 | Ld=-0.0618 base=-0.0722 r1=0.00773 path=0.00199 cap=0.000601 | Lg=+1.2675 | 19s | curv=+0.69 wide=+1.19 gfmed=0.159
 1300 hold m=8 hq=0.851 fail | Dr=-0.067/+2.888 |Dr|max=2.888 Df=-0.205 | g r=0.218 f=0.260 p=1.299(0.003) max=3.524 | Ld=-0.0314 base=-0.0698 r1=0.0153 path=0.0126 cap=0.0105 | Lg=+1.3872 | 19s | curv=+1.35 wide=+1.73 gfmed=0.102
 1310 hold m=8 hq=0.977 PASS | Dr=+0.118/+3.148 |Dr|max=3.148 Df=-0.006 | g r=0.243 f=0.228 p=1.296(0.003) max=4.133 | Ld=-0.1002 base=-0.128 r1=0.0111 path=0.0116 cap=0.00483 | Lg=+1.3583 | 19s | curv=+1.08 wide=+1.55 gfmed=0.184
 1320 hold m=8 hq=0.979 PASS | Dr=+0.038/+4.264 |Dr|max=4.264 Df=-0.091 | g r=0.211 f=0.187 p=1.290(0.004) max=3.564 | Ld=-0.0206 base=-0.0576 r1=0.00533 path=0.0234 cap=0.00821 | Lg=+1.4049 | 19s | curv=+0.692 wide=+1.14 gfmed=0.153
 1330 hold m=8 hq=0.960 PASS | Dr=+0.114/+3.918 |Dr|max=3.918 Df=+0.005 | g r=0.216 f=0.209 p=1.307(0.006) max=3.448 | Ld=-0.1464 base=-0.193 r1=0.00664 path=0.0297 cap=0.0101 | Lg=+1.4243 | 19s | curv=+1.1 wide=+1.48 gfmed=0.165
 1340 hold m=8 hq=0.962 PASS | Dr=+0.041/+3.671 |Dr|max=3.671 Df=-0.069 | g r=0.258 f=0.250 p=1.290(0.006) max=3.353 | Ld=-0.1141 base=-0.175 r1=0.00981 path=0.0374 cap=0.0136 | Lg=+1.4288 | 19s | curv=+1.35 wide=+1.59 gfmed=0.178
 1350 hold m=8 hq=0.984 PASS | Dr=+0.030/+3.875 |Dr|max=3.875 Df=-0.079 | g r=0.165 f=0.157 p=1.264(0.006) max=4.237 | Ld=-0.0269 base=-0.0587 r1=0.00707 path=0.0226 cap=0.00221 | Lg=+1.4076 | 19s | curv=+0.706 wide=+1.16 gfmed=0.117
 1360 hold m=8 hq=0.904 PASS | Dr=-0.033/+3.185 |Dr|max=3.185 Df=-0.160 | g r=0.266 f=0.321 p=1.399(0.006) max=4.307 | Ld=-0.1654 base=-0.188 r1=0.00886 path=0.0127 cap=0.000889 | Lg=+1.5208 | 19s | curv=+0.97 wide=+1.36 gfmed=0.201
 1370 hold m=8 hq=0.980 PASS | Dr=+0.291/+4.052 |Dr|max=4.052 Df=+0.147 | g r=0.231 f=0.213 p=1.410(0.002) max=3.466 | Ld=-0.1874 base=-0.235 r1=0.00611 path=0.0398 cap=0.00142 | Lg=+1.5060 | 19s | curv=+0.983 wide=+1.4 gfmed=0.183
 1380 hold m=8 hq=0.982 PASS | Dr=+0.208/+3.195 |Dr|max=3.195 Df=+0.084 | g r=0.247 f=0.230 p=1.322(0.006) max=3.414 | Ld=-0.0408 base=-0.0575 r1=0.0126 path=0.00104 cap=0.00303 | Lg=+1.3465 | 19s | curv=+0.603 wide=+1.08 gfmed=0.195
 1390 hold m=8 hq=0.978 PASS | Dr=+0.300/+3.338 |Dr|max=3.338 Df=+0.188 | g r=0.254 f=0.285 p=1.288(0.007) max=3.541 | Ld=-0.0631 base=-0.124 r1=0.0148 path=0.034 cap=0.0124 | Lg=+1.3389 | 19s | curv=+0.825 wide=+1.2 gfmed=0.191
 1400 hold m=8 hq=0.949 PASS | Dr=+0.161/+3.925 |Dr|max=3.925 Df=+0.025 | g r=0.227 f=0.299 p=1.308(0.006) max=3.665 | Ld=-0.0833 base=-0.134 r1=0.00805 path=0.0391 cap=0.00365 | Lg=+1.3907 | 20s | curv=+0.78 wide=+1.23 gfmed=0.174
 1410 hold m=8 hq=0.962 PASS | Dr=+0.259/+4.035 |Dr|max=4.035 Df=+0.138 | g r=0.221 f=0.236 p=1.325(0.011) max=3.519 | Ld=-0.0227 base=-0.048 r1=0.00821 path=0.0164 cap=0.000745 | Lg=+1.3491 | 20s | curv=+0.713 wide=+1.06 gfmed=0.159
 1420 hold m=8 hq=0.974 PASS | Dr=+0.010/+3.424 |Dr|max=3.424 Df=-0.111 | g r=0.163 f=0.153 p=1.224(0.006) max=3.421 | Ld=-0.1099 base=-0.131 r1=0.00564 path=0.0153 cap=0.000199 | Lg=+1.3420 | 20s | curv=+0.607 wide=+0.985 gfmed=0.130
 1430 hold m=8 hq=0.970 PASS | Dr=+0.226/+4.238 |Dr|max=4.238 Df=+0.089 | g r=0.177 f=0.183 p=1.347(0.004) max=3.794 | Ld=-0.1193 base=-0.137 r1=0.0069 path=0.00921 cap=0.00116 | Lg=+1.4543 | 20s | curv=+0.592 wide=+1.04 gfmed=0.116
 1440 hold m=8 hq=0.980 PASS | Dr=+0.189/+3.927 |Dr|max=3.927 Df=+0.074 | g r=0.301 f=0.281 p=1.275(0.012) max=3.460 | Ld=+0.0658 base=0.0346 r1=0.0154 path=0.0133 cap=0.00259 | Lg=+1.3163 | 20s | curv=+1.12 wide=+1.46 gfmed=0.220
 1450 hold m=8 hq=0.975 PASS | Dr=+0.046/+3.484 |Dr|max=3.484 Df=-0.074 | g r=0.164 f=0.160 p=1.266(0.002) max=3.316 | Ld=-0.1322 base=-0.151 r1=0.00798 path=0.00895 cap=0.00155 | Lg=+1.4129 | 20s | curv=+0.772 wide=+1.15 gfmed=0.134
 1460 hold m=7 hq=0.592 fail | Dr=+0.362/+2.661 |Dr|max=2.661 Df=+0.213 | g r=0.558 f=0.734 p=1.327(0.009) max=3.337 | Ld=-0.0253 base=-0.255 r1=0.0566 path=0.0328 cap=0.14 | Lg=+1.2519 | 20s | curv=+4 wide=+3.89 gfmed=0.595
 1470 hold m=7 hq=0.459 fail | Dr=+0.805/+2.709 |Dr|max=2.709 Df=+0.528 | g r=0.600 f=1.424 p=1.564(0.015) max=4.062 | Ld=-0.3350 base=-0.409 r1=0.0585 path=0.00366 cap=0.0118 | Lg=+1.3646 | 20s | curv=+5.98 wide=+5.88 gfmed=1.199
 1480 hold m=7 hq=0.424 fail | Dr=+0.405/+2.145 |Dr|max=2.145 Df=+0.080 | g r=0.646 f=1.488 p=1.540(0.021) max=3.506 | Ld=-0.3088 base=-0.38 r1=0.0564 path=0.000938 cap=0.0142 | Lg=+1.2469 | 21s | curv=+6.41 wide=+6.34 gfmed=1.420
 1490 hold m=5 hq=0.430 fail | Dr=+0.529/+2.702 |Dr|max=2.702 Df=+0.104 | g r=0.710 f=1.449 p=1.590(0.046) max=4.410 | Ld=-0.4429 base=-0.577 r1=0.0793 path=0.0116 cap=0.0436 | Lg=+1.3267 | 21s | curv=+7.56 wide=+7.36 gfmed=1.276
 1500 hold m=3 hq=0.049 fail | Dr=+0.690/+2.213 |Dr|max=2.213 Df=-0.154 | g r=0.779 f=1.763 p=1.724(0.028) max=3.673 | Ld=-0.6402 base=-0.784 r1=0.0862 path=0.00103 cap=0.0564 | Lg=+1.3882 | 21s | curv=+8.2 wide=+8.07 gfmed=1.937
 1510 hold m=7 hq=0.202 fail | Dr=+0.988/+2.491 |Dr|max=2.491 Df=+0.273 | g r=0.826 f=1.739 p=1.704(0.029) max=3.495 | Ld=-0.5271 base=-0.679 r1=0.099 path=0.00148 cap=0.0511 | Lg=+1.2837 | 21s | curv=+8.44 wide=+8.25 gfmed=1.841
 1520 hold m=7 hq=0.288 fail | Dr=+1.380/+2.859 |Dr|max=2.859 Df=+0.838 | g r=0.758 f=1.820 p=1.761(0.017) max=3.857 | Ld=-0.5491 base=-0.672 r1=0.101 path=0.00137 cap=0.0209 | Lg=+1.4448 | 21s | curv=+7.57 wide=+7.44 gfmed=1.916
 1530 hold m=5 hq=0.321 fail | Dr=+1.446/+3.454 |Dr|max=3.454 Df=+0.662 | g r=0.869 f=1.652 p=1.819(0.016) max=3.752 | Ld=-0.8607 base=-1.02 r1=0.114 path=0.000892 cap=0.0493 | Lg=+1.6469 | 22s | curv=+8.92 wide=+8.76 gfmed=1.749
 1540 hold m=8 hq=0.286 fail | Dr=+1.480/+3.137 |Dr|max=3.137 Df=+0.978 | g r=0.828 f=2.100 p=1.845(0.039) max=3.852 | Ld=-0.7572 base=-0.854 r1=0.0946 path=0.000398 cap=0.00178 | Lg=+1.5953 | 22s | curv=+8.1 wide=+8.16 gfmed=2.125
 1550 hold m=7 hq=0.153 fail | Dr=+1.516/+3.097 |Dr|max=3.097 Df=+0.925 | g r=0.827 f=2.045 p=1.867(0.037) max=3.977 | Ld=-0.7422 base=-0.845 r1=0.0915 path=0.00575 cap=0.00545 | Lg=+1.5461 | 22s | curv=+7.96 wide=+7.96 gfmed=2.247
 1560 hold m=6 hq=0.044 fail | Dr=+1.626/+3.498 |Dr|max=3.498 Df=+0.862 | g r=0.967 f=1.979 p=1.862(0.007) max=3.719 | Ld=-0.3535 base=-0.496 r1=0.107 path=0.00288 cap=0.0327 | Lg=+1.2543 | 22s | curv=+8.02 wide=+7.83 gfmed=2.053
 1570 hold m=8 hq=0.295 fail | Dr=+1.382/+3.132 |Dr|max=3.132 Df=+0.937 | g r=0.923 f=2.283 p=1.964(0.039) max=3.951 | Ld=-0.9734 base=-1.16 r1=0.125 path=0.000308 cap=0.0566 | Lg=+1.6771 | 22s | curv=+9.31 wide=+9.18 gfmed=2.408
 1580 hold m=7 hq=0.178 fail | Dr=+1.376/+3.046 |Dr|max=3.046 Df=+0.552 | g r=0.872 f=2.219 p=1.838(0.025) max=3.789 | Ld=-0.4112 base=-0.505 r1=0.0923 path=0.000675 cap=0.000536 | Lg=+1.3312 | 23s | curv=+8.96 wide=+8.81 gfmed=2.384
 1590 hold m=6 hq=0.208 fail | Dr=+1.313/+3.664 |Dr|max=3.664 Df=+0.693 | g r=0.857 f=2.381 p=1.890(0.028) max=3.803 | Ld=-0.2924 base=-0.446 r1=0.116 path=0.0302 cap=0.00787 | Lg=+1.2773 | 23s | curv=+9.41 wide=+9.35 gfmed=2.532
 1600 hold m=4 hq=0.101 fail | Dr=+1.354/+3.642 |Dr|max=3.642 Df=+0.623 | g r=0.914 f=2.302 p=1.899(0.057) max=3.630 | Ld=-0.3215 base=-0.458 r1=0.123 path=0.00666 cap=0.00756 | Lg=+1.2950 | 23s | curv=+9.57 wide=+9.44 gfmed=2.275
 1610 hold m=6 hq=0.316 fail | Dr=+1.453/+3.906 |Dr|max=3.906 Df=+0.980 | g r=0.921 f=1.933 p=1.728(0.009) max=3.483 | Ld=-0.2908 base=-0.413 r1=0.114 path=0.00368 cap=0.00449 | Lg=+1.2596 | 23s | curv=+9.59 wide=+9.29 gfmed=2.196
 1620 hold m=5 hq=0.158 fail | Dr=+1.410/+3.860 |Dr|max=3.860 Df=+0.614 | g r=0.955 f=2.208 p=1.871(0.053) max=3.668 | Ld=-0.3765 base=-0.485 r1=0.105 path=0.00264 cap=0.000744 | Lg=+1.4140 | 23s | curv=+10.2 wide=+9.98 gfmed=2.259
 1630 hold m=5 hq=0.135 fail | Dr=+1.251/+3.887 |Dr|max=3.887 Df=+0.503 | g r=0.941 f=2.064 p=1.885(0.027) max=3.750 | Ld=-0.6620 base=-0.783 r1=0.101 path=0.00199 cap=0.0175 | Lg=+1.6354 | 24s | curv=+9.4 wide=+9.24 gfmed=2.298
 1640 hold m=8 hq=0.332 fail | Dr=+1.058/+2.997 |Dr|max=2.997 Df=+0.722 | g r=0.778 f=2.029 p=1.742(0.010) max=3.611 | Ld=-0.4546 base=-0.533 r1=0.0775 path=0.00122 cap=0.000201 | Lg=+1.3023 | 24s | curv=+8.01 wide=+8.03 gfmed=2.208
 1650 hold m=8 hq=0.329 fail | Dr=+1.445/+3.923 |Dr|max=3.923 Df=+1.088 | g r=0.853 f=1.808 p=1.682(0.043) max=3.450 | Ld=-0.3420 base=-0.436 r1=0.0902 path=0.0029 cap=0.000571 | Lg=+1.2701 | 24s | curv=+8.66 wide=+8.46 gfmed=1.885
 1660 hold m=8 hq=0.316 fail | Dr=+1.367/+3.703 |Dr|max=3.703 Df=+1.005 | g r=0.828 f=1.917 p=1.731(0.022) max=3.487 | Ld=-0.3574 base=-0.454 r1=0.0928 path=0.001 cap=0.00251 | Lg=+1.2926 | 24s | curv=+8.64 wide=+8.48 gfmed=2.097
 1670 hold m=8 hq=0.411 fail | Dr=+1.183/+3.432 |Dr|max=3.432 Df=+0.869 | g r=0.868 f=1.923 p=1.669(0.043) max=3.543 | Ld=-0.3229 base=-0.436 r1=0.091 path=0.00654 cap=0.0157 | Lg=+1.2197 | 24s | curv=+9 wide=+8.75 gfmed=2.026
 1680 hold m=8 hq=0.326 fail | Dr=+1.333/+4.219 |Dr|max=4.219 Df=+0.953 | g r=0.879 f=1.894 p=1.692(0.026) max=3.280 | Ld=-0.3019 base=-0.431 r1=0.107 path=0.013 cap=0.0086 | Lg=+1.3192 | 25s | curv=+8.72 wide=+8.48 gfmed=2.128
 1690 hold m=5 hq=0.433 fail | Dr=+1.054/+3.770 |Dr|max=3.770 Df=+0.673 | g r=0.924 f=1.688 p=1.864(0.025) max=3.886 | Ld=-0.5758 base=-0.671 r1=0.0917 path=0.000625 cap=0.00285 | Lg=+1.6519 | 25s | curv=+8.99 wide=+8.97 gfmed=1.660
 1700 hold m=7 hq=0.493 fail | Dr=+1.074/+3.796 |Dr|max=3.796 Df=+0.775 | g r=0.544 f=1.509 p=1.557(0.013) max=3.369 | Ld=-0.1768 base=-0.222 r1=0.0427 path=0.0014 cap=0.00133 | Lg=+1.1749 | 25s | curv=+5.3 wide=+5.64 gfmed=1.496
 1710 hold m=7 hq=0.688 fail | Dr=+1.052/+3.534 |Dr|max=3.534 Df=+0.851 | g r=0.594 f=1.460 p=1.552(0.009) max=3.471 | Ld=-0.1421 base=-0.226 r1=0.0606 path=0.00884 cap=0.0146 | Lg=+1.1631 | 25s | curv=+5.28 wide=+5.55 gfmed=1.383
 1720 hold m=6 hq=0.410 fail | Dr=+1.054/+3.783 |Dr|max=3.783 Df=+0.602 | g r=0.630 f=1.585 p=1.647(0.034) max=3.786 | Ld=-0.1746 base=-0.23 r1=0.0542 path=0.000568 cap=0.00085 | Lg=+1.2786 | 25s | curv=+5.74 wide=+6.01 gfmed=1.529
 1730 hold m=5 hq=0.359 fail | Dr=+0.970/+3.301 |Dr|max=3.301 Df=+0.546 | g r=0.628 f=1.631 p=1.582(0.010) max=3.477 | Ld=-0.2869 base=-0.342 r1=0.0501 path=0.00142 cap=0.0038 | Lg=+1.3720 | 25s | curv=+5.78 wide=+6.02 gfmed=1.703
 1740 hold m=8 hq=0.958 PASS | Dr=+0.893/+3.120 |Dr|max=3.120 Df=+0.820 | g r=0.393 f=0.383 p=1.383(0.012) max=3.186 | Ld=-0.0401 base=-0.0732 r1=0.0302 path=0.00278 cap=0.000107 | Lg=+1.0623 | 26s | curv=+3.64 wide=+4.1 gfmed=0.245
 1750 hold m=8 hq=0.968 PASS | Dr=+0.746/+4.159 |Dr|max=4.159 Df=+0.684 | g r=0.196 f=0.204 p=1.267(0.003) max=3.473 | Ld=-0.0999 base=-0.11 r1=0.00954 path=0.000388 cap=0.000123 | Lg=+1.1500 | 26s | curv=+1.25 wide=+2.03 gfmed=0.123
 1760 hold m=8 hq=0.963 PASS | Dr=+0.436/+4.695 |Dr|max=4.695 Df=+0.367 | g r=0.354 f=0.334 p=1.238(0.010) max=3.299 | Ld=-0.0926 base=-0.125 r1=0.0118 path=0.00409 cap=0.0169 | Lg=+1.3697 | 26s | curv=+0.667 wide=+1.4 gfmed=0.279
 1770 hold m=8 hq=0.972 PASS | Dr=+0.180/+3.137 |Dr|max=3.137 Df=+0.105 | g r=0.189 f=0.188 p=1.190(0.002) max=3.383 | Ld=-0.0796 base=-0.0962 r1=0.00788 path=0.0064 cap=0.00231 | Lg=+1.1794 | 26s | curv=+0.989 wide=+1.61 gfmed=0.130
 1780 hold m=8 hq=0.977 PASS | Dr=+0.057/+2.524 |Dr|max=2.524 Df=-0.025 | g r=0.208 f=0.217 p=1.155(0.008) max=3.465 | Ld=-0.1013 base=-0.117 r1=0.0123 path=0.00189 cap=0.00162 | Lg=+1.2308 | 26s | curv=+0.774 wide=+1.49 gfmed=0.156
 1790 hold m=8 hq=0.974 PASS | Dr=+0.137/+3.725 |Dr|max=3.725 Df=+0.057 | g r=0.235 f=0.230 p=1.229(0.003) max=3.669 | Ld=-0.0936 base=-0.11 r1=0.0102 path=0.00329 cap=0.00294 | Lg=+1.3961 | 27s | curv=+0.722 wide=+1.29 gfmed=0.174
 1800 hold m=8 hq=0.964 PASS | Dr=-0.119/+3.621 |Dr|max=4.303 Df=-0.235 | g r=0.266 f=0.280 p=1.306(0.014) max=3.613 | Ld=-0.1182 base=-0.145 r1=0.0127 path=0.0111 cap=0.00309 | Lg=+1.7144 | 27s | curv=+0.584 wide=+1.2 gfmed=0.220
 1810 hold m=8 hq=0.975 PASS | Dr=-0.128/+3.259 |Dr|max=3.831 Df=-0.213 | g r=0.242 f=0.263 p=1.145(0.003) max=3.856 | Ld=-0.0744 base=-0.105 r1=0.00864 path=0.0126 cap=0.0093 | Lg=+1.4862 | 27s | curv=+0.398 wide=+1.04 gfmed=0.213
 1820 hold m=8 hq=0.980 PASS | Dr=+0.051/+3.780 |Dr|max=3.780 Df=-0.015 | g r=0.172 f=0.196 p=1.004(0.004) max=3.495 | Ld=-0.0300 base=-0.0464 r1=0.00773 path=0.00666 cap=0.00208 | Lg=+1.2681 | 27s | curv=+0.302 wide=+0.879 gfmed=0.141
 1830 hold m=8 hq=0.947 PASS | Dr=-0.175/+4.554 |Dr|max=4.554 Df=-0.243 | g r=0.337 f=0.327 p=1.107(0.001) max=3.179 | Ld=-0.0778 base=-0.106 r1=0.0082 path=0.0077 cap=0.012 | Lg=+1.5115 | 27s | curv=+0.618 wide=+1.04 gfmed=0.242
 1840 hold m=8 hq=0.980 PASS | Dr=+0.011/+5.370 |Dr|max=5.370 Df=-0.073 | g r=0.192 f=0.183 p=1.159(0.004) max=3.483 | Ld=-0.1453 base=-0.169 r1=0.00613 path=0.0142 cap=0.00301 | Lg=+1.6658 | 28s | curv=+0.484 wide=+0.982 gfmed=0.135
 1850 hold m=8 hq=0.977 PASS | Dr=-0.493/+3.945 |Dr|max=4.574 Df=-0.625 | g r=0.205 f=0.216 p=1.184(0.003) max=3.878 | Ld=-0.1493 base=-0.172 r1=0.0105 path=0.00671 cap=0.00526 | Lg=+1.7035 | 28s | curv=+0.268 wide=+0.855 gfmed=0.165
 1860 hold m=8 hq=0.966 PASS | Dr=-0.504/+3.412 |Dr|max=3.855 Df=-0.610 | g r=0.208 f=0.217 p=1.114(0.006) max=3.295 | Ld=-0.0387 base=-0.0472 r1=0.0048 path=0.00349 cap=0.000265 | Lg=+1.4533 | 28s | curv=+0.121 wide=+0.698 gfmed=0.161
 1870 hold m=8 hq=0.954 PASS | Dr=-0.440/+3.161 |Dr|max=3.748 Df=-0.522 | g r=0.294 f=0.297 p=1.061(0.007) max=3.363 | Ld=+0.2029 base=0.125 r1=0.0192 path=0.028 cap=0.0304 | Lg=+1.3622 | 28s | curv=+1.42 wide=+1.74 gfmed=0.257
 1880 hold m=8 hq=0.979 PASS | Dr=-0.545/+2.058 |Dr|max=2.724 Df=-0.623 | g r=0.267 f=0.261 p=1.088(0.007) max=3.835 | Ld=+0.0102 base=-0.000189 r1=0.00637 path=0.00323 cap=0.000801 | Lg=+1.0899 | 29s | curv=-0.0143 wide=+0.489 gfmed=0.183
 1890 hold m=8 hq=0.980 PASS | Dr=-0.394/+3.222 |Dr|max=3.222 Df=-0.468 | g r=0.171 f=0.165 p=0.980(0.001) max=3.611 | Ld=-0.0141 base=-0.0411 r1=0.00405 path=0.0228 cap=0.000123 | Lg=+1.1062 | 29s | curv=+0.926 wide=+1.39 gfmed=0.118
 1900 hold m=8 hq=0.979 PASS | Dr=-0.427/+2.988 |Dr|max=3.624 Df=-0.536 | g r=0.181 f=0.201 p=1.056(0.010) max=3.491 | Ld=-0.0982 base=-0.106 r1=0.00597 path=0.00161 cap=0.000592 | Lg=+1.4523 | 29s | curv=+0.0926 wide=+0.668 gfmed=0.169
 1910 hold m=8 hq=0.981 PASS | Dr=-0.155/+3.967 |Dr|max=3.967 Df=-0.261 | g r=0.153 f=0.162 p=1.014(0.002) max=3.466 | Ld=-0.0758 base=-0.0924 r1=0.00912 path=0.00614 cap=0.00132 | Lg=+1.4256 | 29s | curv=+0.705 wide=+1.14 gfmed=0.102
 1920 hold m=8 hq=0.985 PASS | Dr=-0.486/+3.750 |Dr|max=4.387 Df=-0.576 | g r=0.292 f=0.288 p=1.147(0.012) max=3.394 | Ld=-0.0133 base=-0.0436 r1=0.0148 path=0.00126 cap=0.0142 | Lg=+1.4920 | 29s | curv=+0.96 wide=+1.21 gfmed=0.268
 1930 hold m=8 hq=0.979 PASS | Dr=-0.511/+2.902 |Dr|max=3.554 Df=-0.605 | g r=0.227 f=0.234 p=1.092(0.009) max=3.264 | Ld=-0.0410 base=-0.0505 r1=0.00636 path=0.00286 cap=0.000327 | Lg=+1.3652 | 30s | curv=+0.28 wide=+0.735 gfmed=0.206
 1940 hold m=8 hq=0.973 PASS | Dr=-0.405/+3.150 |Dr|max=3.726 Df=-0.507 | g r=0.223 f=0.237 p=1.119(0.010) max=3.437 | Ld=+0.0023 base=-0.033 r1=0.00859 path=0.0025 cap=0.0241 | Lg=+1.4733 | 30s | curv=+0.441 wide=+0.922 gfmed=0.188
 1950 hold m=8 hq=0.985 PASS | Dr=-0.316/+3.202 |Dr|max=3.892 Df=-0.417 | g r=0.195 f=0.196 p=1.154(0.007) max=3.537 | Ld=-0.0670 base=-0.0889 r1=0.00966 path=0.0111 cap=0.00111 | Lg=+1.4708 | 30s | curv=+1.07 wide=+1.51 gfmed=0.171
 1960 hold m=8 hq=0.962 PASS | Dr=-0.362/+4.700 |Dr|max=4.700 Df=-0.463 | g r=0.291 f=0.267 p=1.267(0.008) max=3.672 | Ld=-0.1161 base=-0.127 r1=0.00551 path=0.000725 cap=0.00427 | Lg=+1.7377 | 30s | curv=+0.716 wide=+1.13 gfmed=0.238
 1970 hold m=8 hq=0.980 PASS | Dr=-0.433/+3.681 |Dr|max=3.719 Df=-0.528 | g r=0.200 f=0.189 p=1.141(0.006) max=3.684 | Ld=-0.1149 base=-0.135 r1=0.00611 path=0.013 cap=0.00133 | Lg=+1.4886 | 30s | curv=+1.07 wide=+1.5 gfmed=0.151
 1980 hold m=8 hq=0.979 PASS | Dr=-0.608/+3.481 |Dr|max=4.555 Df=-0.691 | g r=0.207 f=0.208 p=1.151(0.004) max=3.292 | Ld=-0.0986 base=-0.114 r1=0.00716 path=0.00677 cap=0.00112 | Lg=+1.5572 | 30s | curv=+0.432 wide=+0.934 gfmed=0.174
 1990 hold m=8 hq=0.976 PASS | Dr=-0.332/+3.400 |Dr|max=3.724 Df=-0.383 | g r=0.214 f=0.212 p=1.031(0.003) max=3.593 | Ld=-0.0374 base=-0.0591 r1=0.00791 path=0.000602 cap=0.0132 | Lg=+1.3198 | 30s | curv=+0.544 wide=+0.944 gfmed=0.171
 2000 hold m=8 hq=0.975 PASS | Dr=-0.472/+3.152 |Dr|max=4.342 Df=-0.528 | g r=0.224 f=0.229 p=1.084(0.010) max=3.325 | Ld=+0.0559 base=0.0326 r1=0.00824 path=0.0093 cap=0.00573 | Lg=+1.4018 | 30s | curv=+0.783 wide=+1.16 gfmed=0.223
 2010 hold m=8 hq=0.966 PASS | Dr=-0.493/+4.873 |Dr|max=5.650 Df=-0.556 | g r=0.222 f=0.235 p=1.356(0.015) max=3.956 | Ld=-0.0560 base=-0.0935 r1=0.00668 path=0.0272 cap=0.00364 | Lg=+1.8724 | 30s | curv=+1.31 wide=+1.65 gfmed=0.196
 2020 hold m=8 hq=0.976 PASS | Dr=-0.696/+3.590 |Dr|max=4.829 Df=-0.788 | g r=0.214 f=0.204 p=1.237(0.013) max=4.002 | Ld=-0.1124 base=-0.13 r1=0.0084 path=0.00328 cap=0.00616 | Lg=+1.7099 | 30s | curv=-0.0415 wide=+0.444 gfmed=0.172
 2030 hold m=8 hq=0.972 PASS | Dr=-0.642/+3.409 |Dr|max=4.244 Df=-0.712 | g r=0.202 f=0.222 p=1.222(0.001) max=3.543 | Ld=-0.1470 base=-0.16 r1=0.00387 path=0.00567 cap=0.00302 | Lg=+1.5251 | 30s | curv=+0.312 wide=+0.704 gfmed=0.138
 2040 hold m=8 hq=0.965 PASS | Dr=-0.264/+2.686 |Dr|max=3.132 Df=-0.341 | g r=0.147 f=0.157 p=1.173(0.003) max=3.234 | Ld=-0.0622 base=-0.0744 r1=0.0045 path=0.00694 cap=0.000782 | Lg=+1.3820 | 31s | curv=+0.823 wide=+1.19 gfmed=0.107
 2050 hold m=8 hq=0.960 PASS | Dr=-0.519/+2.419 |Dr|max=2.915 Df=-0.579 | g r=0.231 f=0.241 p=1.190(0.006) max=3.544 | Ld=-0.0446 base=-0.0597 r1=0.00726 path=0.00507 cap=0.00278 | Lg=+1.3699 | 31s | curv=+1.03 wide=+1.43 gfmed=0.196
 2060 hold m=8 hq=0.984 PASS | Dr=-0.293/+2.238 |Dr|max=2.238 Df=-0.343 | g r=0.193 f=0.187 p=1.009(0.001) max=3.438 | Ld=-0.0268 base=-0.0381 r1=0.00467 path=0.00249 cap=0.00419 | Lg=+1.1994 | 31s | curv=+0.94 wide=+1.25 gfmed=0.169
 2070 hold m=8 hq=0.982 PASS | Dr=-0.634/+1.884 |Dr|max=2.842 Df=-0.654 | g r=0.141 f=0.142 p=0.998(0.005) max=3.849 | Ld=-0.0189 base=-0.03 r1=0.00647 path=0.000492 cap=0.0041 | Lg=+1.1544 | 31s | curv=+0.307 wide=+0.717 gfmed=0.116
 2080 hold m=8 hq=0.963 PASS | Dr=-0.454/+4.157 |Dr|max=4.236 Df=-0.489 | g r=0.227 f=0.227 p=1.122(0.004) max=3.776 | Ld=-0.1269 base=-0.139 r1=0.00767 path=0.00451 cap=6.15e-06 | Lg=+1.5810 | 31s | curv=+0.466 wide=+0.874 gfmed=0.207
 2090 hold m=8 hq=0.976 PASS | Dr=-0.681/+3.629 |Dr|max=4.812 Df=-0.765 | g r=0.219 f=0.221 p=1.183(0.006) max=3.531 | Ld=-0.0948 base=-0.107 r1=0.00918 path=0.00275 cap=0.000206 | Lg=+1.7365 | 31s | curv=+0.747 wide=+1.12 gfmed=0.210
 2100 hold m=8 hq=0.972 PASS | Dr=-0.298/+2.465 |Dr|max=2.822 Df=-0.361 | g r=0.173 f=0.168 p=1.038(0.005) max=4.029 | Ld=+0.0308 base=0.0144 r1=0.00801 path=0.00188 cap=0.00656 | Lg=+1.2639 | 31s | curv=+0.294 wide=+0.718 gfmed=0.135
 2110 hold m=8 hq=0.955 PASS | Dr=-0.641/+3.554 |Dr|max=4.772 Df=-0.733 | g r=0.212 f=0.212 p=1.229(0.004) max=3.565 | Ld=-0.1037 base=-0.113 r1=0.00567 path=0.00123 cap=0.00216 | Lg=+1.7548 | 31s | curv=+0.524 wide=+0.864 gfmed=0.185
 2120 hold m=8 hq=0.985 PASS | Dr=-0.488/+2.561 |Dr|max=4.198 Df=-0.585 | g r=0.165 f=0.164 p=1.135(0.008) max=3.581 | Ld=-0.1097 base=-0.114 r1=0.00289 path=0.000742 cap=0.000448 | Lg=+1.4415 | 31s | curv=+0.242 wide=+0.692 gfmed=0.128
 2130 hold m=8 hq=0.967 PASS | Dr=-0.219/+3.572 |Dr|max=3.783 Df=-0.319 | g r=0.204 f=0.201 p=1.084(0.003) max=3.215 | Ld=+0.0300 base=-0.00855 r1=0.00648 path=0.0283 cap=0.00377 | Lg=+1.3346 | 31s | curv=+0.543 wide=+0.729 gfmed=0.130
 2140 hold m=8 hq=0.974 PASS | Dr=-0.750/+2.397 |Dr|max=5.158 Df=-0.874 | g r=0.174 f=0.182 p=1.230(0.009) max=3.747 | Ld=-0.1521 base=-0.164 r1=0.00644 path=0.00329 cap=0.00182 | Lg=+1.6133 | 31s | curv=+0.442 wide=+0.795 gfmed=0.165
 2150 hold m=8 hq=0.983 PASS | Dr=-0.478/+4.203 |Dr|max=4.203 Df=-0.552 | g r=0.172 f=0.164 p=1.115(0.002) max=3.567 | Ld=-0.1180 base=-0.122 r1=0.00267 path=0.000413 cap=0.000645 | Lg=+1.4440 | 32s | curv=+0.738 wide=+0.998 gfmed=0.138
 2160 hold m=8 hq=0.979 PASS | Dr=-0.758/+3.081 |Dr|max=3.267 Df=-0.830 | g r=0.167 f=0.160 p=1.011(0.002) max=3.415 | Ld=-0.0883 base=-0.0947 r1=0.0056 path=0.000668 cap=9.75e-05 | Lg=+1.3384 | 32s | curv=+0.554 wide=+0.911 gfmed=0.134
 2170 hold m=8 hq=0.977 PASS | Dr=-0.759/+3.233 |Dr|max=4.016 Df=-0.854 | g r=0.202 f=0.199 p=1.112(0.011) max=3.628 | Ld=-0.1252 base=-0.141 r1=0.00574 path=0.00345 cap=0.00693 | Lg=+1.5276 | 32s | curv=+0.122 wide=+0.484 gfmed=0.148
 2180 hold m=8 hq=0.975 PASS | Dr=-0.624/+3.936 |Dr|max=3.936 Df=-0.681 | g r=0.257 f=0.250 p=1.038(0.009) max=3.182 | Ld=-0.0057 base=-0.0214 r1=0.0102 path=0.00193 cap=0.00365 | Lg=+1.5043 | 32s | curv=+1.04 wide=+1.23 gfmed=0.226
 2190 hold m=8 hq=0.969 PASS | Dr=-0.726/+3.719 |Dr|max=3.986 Df=-0.825 | g r=0.140 f=0.134 p=1.094(0.004) max=3.646 | Ld=-0.0904 base=-0.11 r1=0.00537 path=0.00902 cap=0.00557 | Lg=+1.5588 | 32s | curv=+0.667 wide=+1.03 gfmed=0.102
 2200 hold m=8 hq=0.976 PASS | Dr=-0.758/+2.957 |Dr|max=3.853 Df=-0.848 | g r=0.158 f=0.155 p=1.002(0.001) max=3.953 | Ld=-0.1076 base=-0.122 r1=0.00505 path=0.00422 cap=0.00556 | Lg=+1.3763 | 32s | curv=+0.635 wide=+0.956 gfmed=0.126
 2210 hold m=8 hq=0.907 PASS | Dr=-0.245/+3.026 |Dr|max=3.026 Df=-0.306 | g r=0.337 f=0.434 p=1.089(0.015) max=4.202 | Ld=-0.0029 base=-0.0605 r1=0.0179 path=0.0356 cap=0.00414 | Lg=+1.1719 | 32s | curv=+2.13 wide=+2.41 gfmed=0.317
 2220 hold m=8 hq=0.983 PASS | Dr=-0.322/+2.147 |Dr|max=2.291 Df=-0.387 | g r=0.155 f=0.161 p=0.961(0.002) max=3.198 | Ld=-0.0040 base=-0.01 r1=0.0054 path=0.000316 cap=0.0003 | Lg=+1.0859 | 32s | curv=+0.81 wide=+1.21 gfmed=0.120
 2230 hold m=8 hq=0.987 PASS | Dr=-0.334/+2.554 |Dr|max=2.562 Df=-0.409 | g r=0.131 f=0.137 p=0.965(0.004) max=3.162 | Ld=-0.0386 base=-0.0431 r1=0.00387 path=0.000587 cap=2.49e-05 | Lg=+1.1462 | 32s | curv=+0.272 wide=+0.714 gfmed=0.106
 2240 hold m=8 hq=0.979 PASS | Dr=-0.242/+2.313 |Dr|max=2.858 Df=-0.334 | g r=0.148 f=0.144 p=1.064(0.006) max=3.768 | Ld=-0.0760 base=-0.0905 r1=0.00303 path=0.00884 cap=0.00262 | Lg=+1.2726 | 32s | curv=+0.372 wide=+0.774 gfmed=0.115
 2250 hold m=8 hq=0.980 PASS | Dr=-0.274/+2.907 |Dr|max=2.907 Df=-0.351 | g r=0.133 f=0.128 p=1.000(0.001) max=3.385 | Ld=-0.0702 base=-0.0784 r1=0.00678 path=0.00073 cap=0.000612 | Lg=+1.2335 | 32s | curv=+0.366 wide=+0.782 gfmed=0.102
 2260 hold m=8 hq=0.979 PASS | Dr=-0.474/+1.974 |Dr|max=2.683 Df=-0.528 | g r=0.164 f=0.158 p=0.996(0.004) max=3.673 | Ld=-0.0599 base=-0.0682 r1=0.00352 path=0.00463 cap=0.000175 | Lg=+1.2016 | 33s | curv=+0.707 wide=+0.998 gfmed=0.120
 2270 hold m=8 hq=0.916 PASS | Dr=+0.002/+1.921 |Dr|max=2.313 Df=-0.044 | g r=0.231 f=0.333 p=0.934(0.004) max=3.420 | Ld=+0.0453 base=0.00341 r1=0.00721 path=0.033 cap=0.0017 | Lg=+1.1215 | 33s | curv=+0.69 wide=+0.984 gfmed=0.212
 2280 hold m=8 hq=0.964 PASS | Dr=+0.001/+1.527 |Dr|max=2.238 Df=-0.064 | g r=0.143 f=0.145 p=0.709(0.001) max=3.048 | Ld=+0.0536 base=0.0349 r1=0.00377 path=0.0107 cap=0.00421 | Lg=+0.9958 | 33s | curv=+0.687 wide=+0.958 gfmed=0.118
 2290 hold m=6 hq=0.448 fail | Dr=+0.231/+1.983 |Dr|max=2.210 Df=-0.049 | g r=0.561 f=1.127 p=1.165(0.010) max=3.731 | Ld=+0.1156 base=-0.0154 r1=0.0249 path=0.106 cap=0.000199 | Lg=+1.2705 | 33s | curv=+3.43 wide=+3.51 gfmed=0.861
 2300 hold m=8 hq=0.429 fail | Dr=+0.444/+1.645 |Dr|max=1.645 Df=+0.280 | g r=0.569 f=0.983 p=1.186(0.026) max=3.400 | Ld=-0.1182 base=-0.228 r1=0.0836 path=0.00648 cap=0.02 | Lg=+1.0165 | 33s | curv=+4.43 wide=+4.45 gfmed=0.812
 2310 hold m=8 hq=0.489 fail | Dr=+0.475/+1.453 |Dr|max=1.671 Df=+0.185 | g r=0.630 f=1.344 p=1.497(0.044) max=4.149 | Ld=-0.4431 base=-0.492 r1=0.0442 path=0.00294 cap=0.00154 | Lg=+1.3370 | 33s | curv=+6.58 wide=+6.62 gfmed=1.300
 2320 hold m=8 hq=0.403 fail | Dr=-0.247/+1.293 |Dr|max=1.293 Df=-0.595 | g r=0.703 f=1.514 p=1.303(0.005) max=3.442 | Ld=-0.2259 base=-0.372 r1=0.0894 path=0.00173 cap=0.0548 | Lg=+0.9703 | 33s | curv=+6.57 wide=+6.53 gfmed=1.468
 2330 hold m=8 hq=0.376 fail | Dr=-0.171/+1.665 |Dr|max=1.665 Df=-0.508 | g r=0.738 f=1.479 p=1.353(0.010) max=3.693 | Ld=-0.2987 base=-0.409 r1=0.0842 path=0.00455 cap=0.0216 | Lg=+1.0407 | 33s | curv=+7.61 wide=+7.48 gfmed=1.458
 2340 hold m=4 hq=0.088 fail | Dr=-0.298/+0.963 |Dr|max=1.073 Df=-0.868 | g r=0.780 f=1.478 p=1.358(0.025) max=3.520 | Ld=-0.2759 base=-0.374 r1=0.0722 path=0.000748 cap=0.0252 | Lg=+0.9962 | 33s | curv=+8.32 wide=+8.09 gfmed=1.470
 2350 hold m=5 hq=0.312 fail | Dr=-0.171/+0.916 |Dr|max=1.657 Df=-0.783 | g r=0.875 f=1.615 p=1.596(0.042) max=3.868 | Ld=-0.5185 base=-0.607 r1=0.0841 path=0.000686 cap=0.0041 | Lg=+1.2926 | 33s | curv=+8.91 wide=+8.99 gfmed=1.434
 2360 hold m=8 hq=0.597 fail | Dr=+0.437/+1.700 |Dr|max=1.700 Df=+0.290 | g r=0.716 f=1.285 p=1.224(0.011) max=3.335 | Ld=-0.5496 base=-0.78 r1=0.0836 path=0.000197 cap=0.147 | Lg=+1.1324 | 33s | curv=+7.4 wide=+7.2 gfmed=1.226
 2370 hold m=5 hq=0.311 fail | Dr=+0.642/+2.518 |Dr|max=2.518 Df=+0.369 | g r=0.605 f=1.264 p=1.280(0.010) max=3.452 | Ld=-0.1480 base=-0.199 r1=0.0481 path=0.00274 cap=0.000542 | Lg=+1.0265 | 34s | curv=+6.12 wide=+6.15 gfmed=1.330
 2380 hold m=8 hq=0.490 fail | Dr=+0.587/+3.204 |Dr|max=3.204 Df=+0.250 | g r=0.736 f=1.441 p=1.645(0.027) max=3.888 | Ld=-0.4459 base=-0.536 r1=0.0779 path=0.00169 cap=0.0101 | Lg=+1.5652 | 34s | curv=+7.42 wide=+7.46 gfmed=1.399
 2390 hold m=7 hq=0.442 fail | Dr=+0.650/+2.493 |Dr|max=2.493 Df=+0.292 | g r=0.720 f=1.605 p=1.484(0.018) max=3.580 | Ld=-0.2268 base=-0.354 r1=0.0907 path=0.0288 cap=0.00747 | Lg=+1.2999 | 34s | curv=+7.44 wide=+7.43 gfmed=1.621
 2400 hold m=3 hq=0.135 fail | Dr=+0.355/+1.493 |Dr|max=1.493 Df=-0.267 | g r=0.809 f=1.768 p=1.509(0.016) max=3.728 | Ld=-0.3693 base=-0.453 r1=0.0821 path=0.00031 cap=0.00149 | Lg=+1.1619 | 34s | curv=+8.84 wide=+8.74 gfmed=1.547
# shift (1,0) after 2400; frozen copy on new target: m=1 hq=0.002
 2410 post m=1 hq=0.000 fail | Dr=-0.904/+0.134 |Dr|max=2.477 Df=-0.947 | g r=0.956 f=1.389 p=1.411(0.031) max=3.478 | Ld=+1.9786 base=-0.19 r1=0.128 path=1.99 cap=0.0469 | Lg=+1.0008 | 35s | curv=+5.62 wide=+5.65 gfmed=1.330
 2420 post m=5 hq=0.117 fail | Dr=-0.978/-0.277 |Dr|max=2.020 Df=-1.432 | g r=0.865 f=1.628 p=1.593(0.018) max=3.660 | Ld=-0.2398 base=-0.484 r1=0.102 path=0.139 cap=0.00309 | Lg=+1.0626 | 35s | curv=+6.99 wide=+7.05 gfmed=1.702
 2430 post m=5 hq=0.257 fail | Dr=-0.918/-0.118 |Dr|max=2.246 Df=-1.515 | g r=0.871 f=1.523 p=1.580(0.044) max=3.911 | Ld=-0.5501 base=-0.668 r1=0.103 path=0.000842 cap=0.0139 | Lg=+1.1752 | 35s | curv=+8.37 wide=+8.11 gfmed=1.494
 2440 post m=8 hq=0.288 fail | Dr=-0.783/+0.448 |Dr|max=2.275 Df=-1.255 | g r=0.774 f=1.538 p=1.425(0.026) max=3.619 | Ld=-0.4569 base=-0.565 r1=0.086 path=0.0072 cap=0.015 | Lg=+1.1632 | 35s | curv=+7.97 wide=+7.68 gfmed=1.635
 2450 post m=6 hq=0.311 fail | Dr=-1.033/-0.703 |Dr|max=1.693 Df=-1.470 | g r=0.962 f=1.801 p=1.556(0.023) max=3.515 | Ld=-0.6370 base=-0.805 r1=0.116 path=0.00125 cap=0.0507 | Lg=+1.1926 | 35s | curv=+9.8 wide=+9.4 gfmed=1.846
 2460 post m=7 hq=0.258 fail | Dr=-1.481/-0.220 |Dr|max=3.103 Df=-2.010 | g r=0.816 f=1.572 p=1.587(0.006) max=3.594 | Ld=-0.2675 base=-0.356 r1=0.0843 path=0.00322 cap=0.000823 | Lg=+1.1116 | 36s | curv=+8.42 wide=+8.19 gfmed=1.682
 2470 post m=7 hq=0.313 fail | Dr=-1.011/-0.287 |Dr|max=1.880 Df=-1.372 | g r=0.807 f=1.506 p=1.266(0.014) max=3.144 | Ld=-0.2067 base=-0.338 r1=0.0811 path=0.00096 cap=0.0494 | Lg=+0.9417 | 36s | curv=+8.41 wide=+8.13 gfmed=1.669
 2480 post m=8 hq=0.402 fail | Dr=-1.031/-0.444 |Dr|max=1.818 Df=-1.284 | g r=0.804 f=1.595 p=1.340(0.016) max=3.426 | Ld=-0.1212 base=-0.214 r1=0.0807 path=0.00548 cap=0.00673 | Lg=+0.8903 | 36s | curv=+8.19 wide=+8.03 gfmed=1.662
 2490 post m=8 hq=0.600 fail | Dr=-0.692/-0.068 |Dr|max=1.374 Df=-0.921 | g r=0.881 f=1.493 p=1.355(0.016) max=3.405 | Ld=-0.3467 base=-0.462 r1=0.0964 path=0.0026 cap=0.0167 | Lg=+1.0507 | 36s | curv=+8.98 wide=+8.71 gfmed=1.478
 2500 post m=8 hq=0.803 fail | Dr=-0.511/+0.086 |Dr|max=1.246 Df=-0.627 | g r=0.697 f=0.996 p=1.097(0.014) max=2.744 | Ld=-0.0377 base=-0.108 r1=0.0683 path=0.00145 cap=2.35e-06 | Lg=+0.7972 | 36s | curv=+7.55 wide=+7.3 gfmed=0.826
 2510 post m=8 hq=0.549 fail | Dr=-0.651/+0.202 |Dr|max=1.741 Df=-0.831 | g r=0.819 f=1.486 p=1.337(0.023) max=3.410 | Ld=-0.1178 base=-0.222 r1=0.078 path=0.0128 cap=0.0129 | Lg=+0.9279 | 37s | curv=+7.82 wide=+7.67 gfmed=1.451
 2520 post m=8 hq=0.668 fail | Dr=+0.093/+0.942 |Dr|max=0.942 Df=-0.042 | g r=0.630 f=1.063 p=1.030(0.016) max=2.935 | Ld=-0.2400 base=-0.536 r1=0.125 path=0.00169 cap=0.169 | Lg=+0.9670 | 37s | curv=+5.21 wide=+5.24 gfmed=1.040
 2530 post m=8 hq=0.505 fail | Dr=-0.086/+0.985 |Dr|max=1.217 Df=-0.374 | g r=0.674 f=1.536 p=1.343(0.004) max=3.613 | Ld=-0.2911 base=-0.346 r1=0.0532 path=0.00147 cap=0.000144 | Lg=+1.0350 | 37s | curv=+6.79 wide=+6.84 gfmed=1.622
 2540 post m=8 hq=0.674 fail | Dr=+0.008/+1.283 |Dr|max=1.283 Df=-0.189 | g r=0.713 f=1.287 p=1.360(0.008) max=3.702 | Ld=-0.2762 base=-0.341 r1=0.0615 path=0.00172 cap=0.00126 | Lg=+1.1837 | 37s | curv=+7.04 wide=+6.97 gfmed=1.021
 2550 post m=8 hq=0.787 fail | Dr=+0.315/+1.179 |Dr|max=1.179 Df=+0.214 | g r=0.479 f=0.781 p=1.006(0.012) max=2.890 | Ld=-0.0392 base=-0.0878 r1=0.0392 path=0.00943 cap=5.87e-06 | Lg=+0.8310 | 37s | curv=+4.43 wide=+4.57 gfmed=0.544
 2560 post m=8 hq=0.763 fail | Dr=-0.097/+0.958 |Dr|max=1.397 Df=-0.208 | g r=0.501 f=0.937 p=1.115(0.015) max=3.431 | Ld=-0.1075 base=-0.158 r1=0.045 path=0.0039 cap=0.00113 | Lg=+0.9044 | 38s | curv=+4.65 wide=+4.77 gfmed=0.446
 2570 post m=8 hq=0.908 PASS | Dr=+0.387/+1.787 |Dr|max=1.787 Df=+0.333 | g r=0.440 f=0.582 p=0.973(0.011) max=3.447 | Ld=+0.0327 base=-0.0113 r1=0.0394 path=0.00225 cap=0.00236 | Lg=+0.8386 | 38s | curv=+3.49 wide=+3.62 gfmed=0.313
 2580 post m=8 hq=0.730 fail | Dr=+0.303/+1.250 |Dr|max=1.250 Df=+0.159 | g r=0.405 f=0.742 p=0.980(0.010) max=3.294 | Ld=-0.1364 base=-0.17 r1=0.0319 path=0.00175 cap=7.26e-05 | Lg=+0.9034 | 38s | curv=+3.41 wide=+3.56 gfmed=0.242
 2590 post m=8 hq=0.790 fail | Dr=+0.176/+1.456 |Dr|max=1.456 Df=+0.059 | g r=0.483 f=0.825 p=1.027(0.007) max=3.279 | Ld=-0.0531 base=-0.0958 r1=0.0403 path=0.00247 cap=2.71e-06 | Lg=+0.8847 | 38s | curv=+3.83 wide=+4 gfmed=0.381
 2600 post m=8 hq=0.649 fail | Dr=+0.450/+3.239 |Dr|max=3.239 Df=+0.208 | g r=0.465 f=0.878 p=1.217(0.006) max=3.566 | Ld=-0.1358 base=-0.175 r1=0.0329 path=0.00454 cap=0.00165 | Lg=+1.1956 | 38s | curv=+2.24 wide=+2.61 gfmed=0.390
 2610 post m=8 hq=0.762 fail | Dr=+0.467/+2.998 |Dr|max=2.998 Df=+0.373 | g r=0.455 f=0.769 p=1.105(0.018) max=3.288 | Ld=-0.1260 base=-0.162 r1=0.0292 path=0.0025 cap=0.00386 | Lg=+1.1130 | 39s | curv=+2.8 wide=+3.03 gfmed=0.408
 2620 post m=6 hq=0.618 fail | Dr=+0.307/+2.673 |Dr|max=2.673 Df=+0.020 | g r=0.463 f=0.686 p=1.208(0.007) max=3.589 | Ld=-0.1372 base=-0.173 r1=0.0325 path=0.00103 cap=0.00224 | Lg=+1.1888 | 39s | curv=+3.77 wide=+4.06 gfmed=0.345
 2630 post m=8 hq=0.760 fail | Dr=+0.633/+3.112 |Dr|max=3.112 Df=+0.537 | g r=0.466 f=0.842 p=1.152(0.007) max=3.620 | Ld=-0.0109 base=-0.0497 r1=0.0346 path=0.00188 cap=0.00227 | Lg=+1.1234 | 39s | curv=+3.29 wide=+3.58 gfmed=0.355
 2640 post m=7 hq=0.652 fail | Dr=+0.496/+2.609 |Dr|max=2.609 Df=+0.292 | g r=0.472 f=0.903 p=1.125(0.018) max=3.529 | Ld=-0.0726 base=-0.138 r1=0.0518 path=0.00276 cap=0.0106 | Lg=+1.1030 | 39s | curv=+4 wide=+4.16 gfmed=0.305
 2650 post m=8 hq=0.690 fail | Dr=+0.268/+1.617 |Dr|max=1.617 Df=+0.078 | g r=0.408 f=0.862 p=1.067(0.004) max=3.501 | Ld=-0.1059 base=-0.143 r1=0.0338 path=0.00108 cap=0.0026 | Lg=+0.9974 | 40s | curv=+3.58 wide=+3.81 gfmed=0.280
 2660 post m=8 hq=0.703 fail | Dr=+0.259/+1.446 |Dr|max=1.457 Df=+0.108 | g r=0.358 f=0.884 p=1.008(0.001) max=3.353 | Ld=-0.0943 base=-0.125 r1=0.0264 path=0.00444 cap=3.94e-05 | Lg=+0.9425 | 40s | curv=+3.04 wide=+3.32 gfmed=0.199
 2670 post m=8 hq=0.980 PASS | Dr=+0.213/+2.036 |Dr|max=2.036 Df=+0.182 | g r=0.313 f=0.318 p=0.896(0.003) max=3.330 | Ld=-0.0309 base=-0.0598 r1=0.0243 path=0.00406 cap=0.000601 | Lg=+0.9013 | 40s | curv=+2.41 wide=+2.71 gfmed=0.174
 2680 post m=8 hq=0.984 PASS | Dr=+0.519/+2.490 |Dr|max=2.490 Df=+0.534 | g r=0.217 f=0.219 p=0.908(0.002) max=3.199 | Ld=-0.0191 base=-0.0291 r1=0.00705 path=0.000281 cap=0.00268 | Lg=+1.0457 | 40s | curv=+0.613 wide=+1.04 gfmed=0.161
 2690 post m=8 hq=0.976 PASS | Dr=+0.375/+1.587 |Dr|max=1.874 Df=+0.357 | g r=0.177 f=0.170 p=0.832(0.006) max=3.320 | Ld=-0.0239 base=-0.0391 r1=0.00946 path=0.00524 cap=0.000465 | Lg=+0.9686 | 40s | curv=+0.553 wide=+1.02 gfmed=0.119
 2700 post m=8 hq=0.984 PASS | Dr=+0.324/+2.814 |Dr|max=2.814 Df=+0.318 | g r=0.204 f=0.199 p=0.971(0.004) max=3.636 | Ld=-0.0694 base=-0.0758 r1=0.00499 path=0.00131 cap=6.9e-05 | Lg=+1.1709 | 41s | curv=-0.231 wide=+0.335 gfmed=0.158
 2710 post m=8 hq=0.989 PASS | Dr=+0.332/+2.604 |Dr|max=2.604 Df=+0.301 | g r=0.163 f=0.148 p=0.933(0.004) max=3.300 | Ld=-0.0137 base=-0.022 r1=0.00456 path=0.00196 cap=0.00171 | Lg=+1.0724 | 41s | curv=+0.427 wide=+0.829 gfmed=0.103
 2720 post m=8 hq=0.969 PASS | Dr=+0.025/+1.867 |Dr|max=2.087 Df=+0.009 | g r=0.213 f=0.212 p=0.902(0.010) max=3.005 | Ld=-0.0733 base=-0.087 r1=0.00473 path=0.00285 cap=0.00612 | Lg=+1.0341 | 41s | curv=+0.668 wide=+1.07 gfmed=0.169
 2730 post m=8 hq=0.990 PASS | Dr=-0.171/+1.846 |Dr|max=1.846 Df=-0.196 | g r=0.174 f=0.164 p=0.811(0.012) max=3.144 | Ld=+0.0438 base=0.0337 r1=0.006 path=0.00407 | Lg=+0.9189 | 41s | curv=+0.199 wide=+0.62 gfmed=0.148
 2740 post m=8 hq=0.978 PASS | Dr=+0.057/+2.402 |Dr|max=2.501 Df=+0.056 | g r=0.190 f=0.179 p=0.961(0.003) max=3.410 | Ld=-0.1159 base=-0.125 r1=0.0058 path=0.00351 cap=1.16e-05 | Lg=+1.1732 | 41s | curv=+0.444 wide=+0.821 gfmed=0.137
 2750 post m=8 hq=0.979 PASS | Dr=-0.117/+2.321 |Dr|max=2.321 Df=-0.124 | g r=0.197 f=0.195 p=0.908(0.008) max=3.480 | Ld=+0.0190 base=0.0067 r1=0.00472 path=0.0068 cap=0.000757 | Lg=+1.0784 | 42s | curv=-0.0365 wide=+0.375 gfmed=0.163
 2760 post m=8 hq=0.981 PASS | Dr=-0.611/+2.724 |Dr|max=2.724 Df=-0.647 | g r=0.209 f=0.207 p=0.871(0.005) max=3.316 | Ld=-0.0060 base=-0.02 r1=0.0086 path=0.00487 cap=0.000556 | Lg=+0.9952 | 42s | curv=+0.267 wide=+0.628 gfmed=0.172
 2770 post m=8 hq=0.981 PASS | Dr=-1.099/+2.474 |Dr|max=2.780 Df=-1.134 | g r=0.205 f=0.205 p=0.893(0.007) max=3.517 | Ld=-0.0793 base=-0.0892 r1=0.00384 path=0.00441 cap=0.00161 | Lg=+1.1840 | 42s | curv=+0.677 wide=+1.01 gfmed=0.190
 2780 post m=8 hq=0.964 PASS | Dr=-0.741/+1.892 |Dr|max=2.049 Df=-0.773 | g r=0.176 f=0.176 p=0.816(0.011) max=3.767 | Ld=-0.0158 base=-0.0288 r1=0.00561 path=0.000738 cap=0.00657 | Lg=+0.9967 | 42s | curv=+0.704 wide=+1 gfmed=0.138
 2790 post m=8 hq=0.985 PASS | Dr=-0.775/+2.347 |Dr|max=2.347 Df=-0.817 | g r=0.175 f=0.166 p=0.828(0.005) max=3.414 | Ld=-0.0576 base=-0.0661 r1=0.00406 path=0.00431 cap=0.000122 | Lg=+1.0619 | 42s | curv=+0.344 wide=+0.692 gfmed=0.142
 2800 post m=8 hq=0.983 PASS | Dr=-1.388/+2.826 |Dr|max=4.125 Df=-1.382 | g r=0.216 f=0.220 p=0.970(0.004) max=3.614 | Ld=+0.0829 base=0.072 r1=0.00657 path=0.00324 cap=0.0011 | Lg=+1.4201 | 43s | curv=+0.0108 wide=+0.368 gfmed=0.198
 2810 post m=8 hq=0.982 PASS | Dr=-1.120/+3.282 |Dr|max=3.475 Df=-1.134 | g r=0.200 f=0.209 p=0.945(0.006) max=3.622 | Ld=-0.0720 base=-0.0816 r1=0.00475 path=0.00402 cap=0.000769 | Lg=+1.2966 | 43s | curv=-0.203 wide=+0.172 gfmed=0.176
 2820 post m=8 hq=0.984 PASS | Dr=-0.845/+2.604 |Dr|max=2.604 Df=-0.882 | g r=0.150 f=0.142 p=0.871(0.005) max=3.201 | Ld=-0.0384 base=-0.0519 r1=0.0059 path=0.00528 cap=0.00236 | Lg=+1.0615 | 43s | curv=+0.408 wide=+0.716 gfmed=0.114
 2830 post m=8 hq=0.981 PASS | Dr=-0.982/+3.597 |Dr|max=3.597 Df=-1.021 | g r=0.249 f=0.225 p=1.053(0.009) max=4.316 | Ld=-0.0913 base=-0.0991 r1=0.00655 path=0.000967 cap=0.000261 | Lg=+1.3635 | 43s | curv=+0.0273 wide=+0.341 gfmed=0.217
 2840 post m=8 hq=0.972 PASS | Dr=-0.927/+2.957 |Dr|max=2.957 Df=-0.971 | g r=0.179 f=0.183 p=0.867(0.010) max=3.149 | Ld=+0.0438 base=-0.000652 r1=0.00523 path=0.0282 cap=0.011 | Lg=+1.1933 | 43s | curv=+0.313 wide=+0.656 gfmed=0.146
 2850 post m=8 hq=0.984 PASS | Dr=-0.516/+1.578 |Dr|max=2.370 Df=-0.544 | g r=0.159 f=0.156 p=0.830(0.005) max=3.679 | Ld=+0.0231 base=0.0143 r1=0.00329 path=0.00504 cap=0.000453 | Lg=+0.9863 | 43s | curv=+0.143 wide=+0.501 gfmed=0.130
 2860 post m=8 hq=0.981 PASS | Dr=-0.385/+1.424 |Dr|max=2.446 Df=-0.373 | g r=0.222 f=0.227 p=0.844(0.005) max=3.574 | Ld=+0.0253 base=0.0136 r1=0.00373 path=0.00791 cap=4.12e-05 | Lg=+0.9411 | 43s | curv=+0.325 wide=+0.59 gfmed=0.195
 2870 post m=8 hq=0.977 PASS | Dr=-1.034/+2.729 |Dr|max=3.581 Df=-1.042 | g r=0.166 f=0.171 p=0.903(0.008) max=3.397 | Ld=-0.0304 base=-0.036 r1=0.00465 path=0.000946 | Lg=+1.2079 | 43s | curv=+0.242 wide=+0.609 gfmed=0.152
 2880 post m=8 hq=0.984 PASS | Dr=-0.878/+2.362 |Dr|max=3.346 Df=-0.892 | g r=0.273 f=0.273 p=0.935(0.005) max=3.029 | Ld=+0.0230 base=0.00877 r1=0.00611 path=0.00704 cap=0.00106 | Lg=+1.1117 | 43s | curv=+0.42 wide=+0.704 gfmed=0.275
 2890 post m=8 hq=0.979 PASS | Dr=-0.843/+1.724 |Dr|max=2.990 Df=-0.863 | g r=0.189 f=0.162 p=0.844(0.011) max=3.015 | Ld=-0.0384 base=-0.0508 r1=0.0091 path=0.00327 cap=8.92e-06 | Lg=+1.1416 | 44s | curv=+1.17 wide=+1.45 gfmed=0.130
 2900 post m=8 hq=0.981 PASS | Dr=-0.666/+1.990 |Dr|max=2.396 Df=-0.675 | g r=0.166 f=0.154 p=0.878(0.010) max=2.987 | Ld=-0.0756 base=-0.0894 r1=0.00408 path=0.00857 cap=0.00109 | Lg=+1.0678 | 44s | curv=+0.664 wide=+1.05 gfmed=0.107
 2910 post m=8 hq=0.978 PASS | Dr=-0.757/+1.823 |Dr|max=2.075 Df=-0.742 | g r=0.153 f=0.160 p=0.761(0.007) max=3.602 | Ld=+0.0116 base=0.00443 r1=0.00326 path=0.00381 cap=0.000114 | Lg=+1.0226 | 44s | curv=+0.138 wide=+0.503 gfmed=0.126
 2920 post m=8 hq=0.973 PASS | Dr=-0.646/+2.022 |Dr|max=2.123 Df=-0.617 | g r=0.157 f=0.153 p=0.775(0.004) max=3.332 | Ld=-0.0522 base=-0.0583 r1=0.00274 path=0.00317 cap=0.00017 | Lg=+1.0827 | 44s | curv=+0.307 wide=+0.628 gfmed=0.130
 2930 post m=8 hq=0.977 PASS | Dr=-0.636/+3.106 |Dr|max=3.106 Df=-0.629 | g r=0.144 f=0.148 p=0.847(0.004) max=3.542 | Ld=-0.0592 base=-0.0679 r1=0.00492 path=0.00336 cap=0.000508 | Lg=+1.1520 | 44s | curv=+0.116 wide=+0.472 gfmed=0.113
 2940 post m=8 hq=0.962 PASS | Dr=-0.552/+2.144 |Dr|max=2.187 Df=-0.525 | g r=0.211 f=0.203 p=0.818(0.002) max=3.848 | Ld=-0.0457 base=-0.0601 r1=0.00466 path=0.00105 cap=0.00873 | Lg=+1.0592 | 44s | curv=+0.769 wide=+0.978 gfmed=0.104
 2950 post m=8 hq=0.987 PASS | Dr=-0.532/+1.668 |Dr|max=2.281 Df=-0.514 | g r=0.141 f=0.142 p=0.846(0.006) max=3.535 | Ld=+0.0331 base=0.029 r1=0.00285 path=0.000637 cap=0.000607 | Lg=+1.0478 | 44s | curv=+0.219 wide=+0.416 gfmed=0.125
 2960 post m=8 hq=0.973 PASS | Dr=-0.717/+2.402 |Dr|max=2.693 Df=-0.690 | g r=0.171 f=0.158 p=0.857(0.007) max=3.390 | Ld=-0.1347 base=-0.157 r1=0.00297 path=0.00743 cap=0.0119 | Lg=+1.2313 | 44s | curv=+0.185 wide=+0.435 gfmed=0.100
 2970 post m=8 hq=0.984 PASS | Dr=-0.811/+2.413 |Dr|max=2.724 Df=-0.800 | g r=0.172 f=0.169 p=0.794(0.013) max=3.124 | Ld=+0.0791 base=0.0723 r1=0.00325 path=0.00317 cap=0.000396 | Lg=+1.0955 | 44s | curv=+0.576 wide=+0.813 gfmed=0.146
 2980 post m=8 hq=0.979 PASS | Dr=-0.504/+1.801 |Dr|max=2.394 Df=-0.483 | g r=0.147 f=0.136 p=0.748(0.005) max=3.411 | Ld=-0.0543 base=-0.0574 r1=0.00233 path=0.000724 cap=2.21e-05 | Lg=+0.9766 | 44s | curv=+0.452 wide=+0.703 gfmed=0.095
 2990 post m=8 hq=0.977 PASS | Dr=-0.767/+2.443 |Dr|max=2.950 Df=-0.742 | g r=0.152 f=0.141 p=0.839(0.001) max=3.257 | Ld=+0.1356 base=0.0906 r1=0.0117 path=0.0238 cap=0.00951 | Lg=+1.1680 | 44s | curv=+0.497 wide=+0.621 gfmed=0.131
 3000 post m=8 hq=0.983 PASS | Dr=-0.606/+2.404 |Dr|max=2.404 Df=-0.591 | g r=0.129 f=0.127 p=0.758(0.002) max=3.284 | Ld=+0.0159 base=-0.00508 r1=0.00221 path=0.0184 cap=0.000342 | Lg=+1.0048 | 45s | curv=+0.33 wide=+0.55 gfmed=0.110
 3010 post m=8 hq=0.988 PASS | Dr=-0.789/+3.273 |Dr|max=3.773 Df=-0.787 | g r=0.147 f=0.141 p=0.966(0.003) max=3.103 | Ld=-0.0611 base=-0.08 r1=0.00468 path=0.0141 cap=8.37e-05 | Lg=+1.3652 | 45s | curv=+0.474 wide=+0.762 gfmed=0.113
 3020 post m=8 hq=0.987 PASS | Dr=-0.846/+3.163 |Dr|max=3.669 Df=-0.856 | g r=0.164 f=0.161 p=0.947(0.005) max=3.562 | Ld=+0.0303 base=0.00222 r1=0.00672 path=0.0208 cap=0.000593 | Lg=+1.3271 | 45s | curv=+0.486 wide=+0.74 gfmed=0.132
 3030 post m=8 hq=0.974 PASS | Dr=-0.628/+2.672 |Dr|max=2.672 Df=-0.618 | g r=0.171 f=0.173 p=0.798(0.005) max=3.802 | Ld=-0.0346 base=-0.0553 r1=0.00661 path=0.00858 cap=0.00549 | Lg=+1.0720 | 45s | curv=+0.428 wide=+0.656 gfmed=0.151
 3040 post m=8 hq=0.979 PASS | Dr=-0.598/+2.799 |Dr|max=2.799 Df=-0.607 | g r=0.144 f=0.155 p=0.806(0.004) max=3.608 | Ld=-0.0844 base=-0.0935 r1=0.0053 path=0.000855 cap=0.0029 | Lg=+1.0738 | 45s | curv=+0.0869 wide=+0.38 gfmed=0.111
 3050 post m=8 hq=0.989 PASS | Dr=-0.668/+3.327 |Dr|max=3.327 Df=-0.670 | g r=0.139 f=0.131 p=0.876(0.009) max=3.211 | Ld=-0.0635 base=-0.0691 r1=0.00344 path=0.00192 cap=0.00023 | Lg=+1.2219 | 45s | curv=+0.367 wide=+0.651 gfmed=0.104
 3060 post m=8 hq=0.987 PASS | Dr=-0.521/+2.744 |Dr|max=2.744 Df=-0.523 | g r=0.128 f=0.121 p=0.911(0.006) max=3.212 | Ld=-0.0366 base=-0.0521 r1=0.00202 path=0.0134 cap=9.19e-05 | Lg=+1.1423 | 45s | curv=+0.234 wide=+0.526 gfmed=0.096
 3070 post m=8 hq=0.984 PASS | Dr=-0.366/+2.360 |Dr|max=2.932 Df=-0.361 | g r=0.144 f=0.150 p=1.001(0.003) max=3.370 | Ld=-0.0141 base=-0.0186 r1=0.00326 path=0.00118 cap=5.96e-05 | Lg=+1.2522 | 45s | curv=+0.254 wide=+0.465 gfmed=0.126
 3080 post m=8 hq=0.986 PASS | Dr=-0.446/+2.862 |Dr|max=2.862 Df=-0.454 | g r=0.114 f=0.114 p=0.935(0.003) max=3.594 | Ld=-0.0726 base=-0.0787 r1=0.00344 path=0.00234 cap=0.000342 | Lg=+1.1720 | 45s | curv=+0.452 wide=+0.719 gfmed=0.098
 3090 post m=8 hq=0.989 PASS | Dr=-0.349/+2.533 |Dr|max=2.533 Df=-0.334 | g r=0.109 f=0.107 p=0.841(0.005) max=3.013 | Ld=+0.0120 base=-0.00461 r1=0.00334 path=0.0128 cap=0.000429 | Lg=+1.1267 | 45s | curv=+0.138 wide=+0.411 gfmed=0.086
 3100 post m=8 hq=0.990 PASS | Dr=-0.475/+2.990 |Dr|max=3.062 Df=-0.471 | g r=0.102 f=0.096 p=0.908(0.004) max=3.014 | Ld=-0.0462 base=-0.0493 r1=0.00255 path=0.000389 cap=8.99e-05 | Lg=+1.1853 | 45s | curv=+0.297 wide=+0.612 gfmed=0.083
 3110 post m=8 hq=0.987 PASS | Dr=-0.548/+3.266 |Dr|max=3.280 Df=-0.551 | g r=0.165 f=0.155 p=0.928(0.004) max=3.136 | Ld=+0.0471 base=0.0277 r1=0.00329 path=0.00863 cap=0.00752 | Lg=+1.2004 | 45s | curv=+0.768 wide=+0.948 gfmed=0.132
 3120 post m=8 hq=0.980 PASS | Dr=-0.476/+3.637 |Dr|max=3.637 Df=-0.469 | g r=0.146 f=0.140 p=0.962(0.002) max=3.514 | Ld=-0.0526 base=-0.0596 r1=0.00396 path=0.00132 cap=0.00166 | Lg=+1.2766 | 46s | curv=+0.393 wide=+0.621 gfmed=0.132
 3130 post m=8 hq=0.980 PASS | Dr=-0.715/+3.305 |Dr|max=3.305 Df=-0.730 | g r=0.184 f=0.175 p=0.967(0.004) max=3.147 | Ld=-0.0020 base=-0.0138 r1=0.0042 path=0.00397 cap=0.00355 | Lg=+1.2813 | 46s | curv=+0.667 wide=+0.923 gfmed=0.157
 3140 post m=8 hq=0.988 PASS | Dr=-0.628/+3.412 |Dr|max=3.412 Df=-0.630 | g r=0.113 f=0.109 p=0.901(0.004) max=3.143 | Ld=-0.0172 base=-0.0225 r1=0.00284 path=0.00245 | Lg=+1.2545 | 46s | curv=+0.404 wide=+0.647 gfmed=0.094
 3150 post m=8 hq=0.983 PASS | Dr=-0.630/+4.371 |Dr|max=4.371 Df=-0.652 | g r=0.122 f=0.114 p=0.976(0.002) max=3.299 | Ld=-0.0926 base=-0.099 r1=0.00451 path=0.00165 cap=0.000239 | Lg=+1.4147 | 46s | curv=+0.296 wide=+0.6 gfmed=0.096
 3160 post m=8 hq=0.990 PASS | Dr=-0.617/+4.399 |Dr|max=4.399 Df=-0.645 | g r=0.195 f=0.182 p=0.943(0.003) max=3.751 | Ld=-0.0823 base=-0.0899 r1=0.00637 path=0.00103 cap=0.00027 | Lg=+1.3804 | 46s | curv=+0.801 wide=+0.975 gfmed=0.152
 3170 post m=8 hq=0.980 PASS | Dr=-0.502/+3.588 |Dr|max=3.588 Df=-0.513 | g r=0.139 f=0.131 p=0.846(0.003) max=3.146 | Ld=-0.0218 base=-0.0261 r1=0.00309 path=0.00104 cap=0.000228 | Lg=+1.1765 | 46s | curv=+0.292 wide=+0.568 gfmed=0.095
 3180 post m=8 hq=0.968 PASS | Dr=-0.492/+4.202 |Dr|max=4.202 Df=-0.509 | g r=0.158 f=0.157 p=0.982(0.005) max=3.598 | Ld=-0.0576 base=-0.0685 r1=0.00609 path=0.00178 cap=0.00304 | Lg=+1.2896 | 46s | curv=+0.359 wide=+0.545 gfmed=0.122
 3190 post m=8 hq=0.967 PASS | Dr=-0.537/+4.114 |Dr|max=4.114 Df=-0.564 | g r=0.195 f=0.184 p=0.943(0.008) max=3.006 | Ld=+0.0931 base=0.071 r1=0.00828 path=0.0111 cap=0.00272 | Lg=+1.3719 | 46s | curv=+0.82 wide=+1 gfmed=0.167
 3200 post m=8 hq=0.989 PASS | Dr=-0.255/+4.627 |Dr|max=4.627 Df=-0.281 | g r=0.100 f=0.097 p=0.928(0.007) max=3.285 | Ld=-0.0567 base=-0.0626 r1=0.00218 path=0.00373 | Lg=+1.4248 | 46s | curv=+0.489 wide=+0.741 gfmed=0.068
 3210 post m=8 hq=0.985 PASS | Dr=-0.180/+3.804 |Dr|max=3.804 Df=-0.173 | g r=0.148 f=0.150 p=0.873(0.002) max=3.353 | Ld=-0.0541 base=-0.0589 r1=0.00238 path=0.00244 cap=6.01e-06 | Lg=+1.3161 | 46s | curv=+0.212 wide=+0.424 gfmed=0.110
 3220 post m=8 hq=0.986 PASS | Dr=-0.403/+3.397 |Dr|max=3.397 Df=-0.409 | g r=0.170 f=0.168 p=0.781(0.004) max=3.226 | Ld=-0.0364 base=-0.0474 r1=0.00309 path=0.00777 cap=0.000134 | Lg=+1.1317 | 46s | curv=+0.0996 wide=+0.405 gfmed=0.155
 3230 post m=8 hq=0.965 PASS | Dr=-0.471/+1.638 |Dr|max=2.230 Df=-0.465 | g r=0.174 f=0.188 p=0.800(0.006) max=3.582 | Ld=-0.0302 base=-0.0429 r1=0.00358 path=0.00833 cap=0.000739 | Lg=+0.9937 | 47s | curv=+0.306 wide=+0.507 gfmed=0.111
 3240 post m=8 hq=0.966 PASS | Dr=-0.325/+1.711 |Dr|max=2.414 Df=-0.327 | g r=0.190 f=0.182 p=0.821(0.010) max=3.322 | Ld=-0.0051 base=-0.0229 r1=0.00495 path=0.0129 cap=7.8e-05 | Lg=+1.0153 | 47s | curv=+0.914 wide=+1.13 gfmed=0.129
 3250 post m=8 hq=0.965 PASS | Dr=+0.082/+1.537 |Dr|max=1.537 Df=+0.097 | g r=0.162 f=0.198 p=0.721(0.004) max=3.518 | Ld=+0.0230 base=0.00802 r1=0.00529 path=0.0096 cap=0.00011 | Lg=+0.8931 | 47s | curv=+0.745 wide=+1 gfmed=0.124
 3260 post m=8 hq=0.990 PASS | Dr=+0.290/+1.964 |Dr|max=1.964 Df=+0.301 | g r=0.114 f=0.107 p=0.741(0.001) max=3.160 | Ld=+0.0210 base=0.0174 r1=0.00261 path=0.000877 cap=0.000104 | Lg=+0.9407 | 47s | curv=+0.492 wide=+0.756 gfmed=0.080
 3270 post m=8 hq=0.984 PASS | Dr=+0.010/+1.571 |Dr|max=1.611 Df=+0.015 | g r=0.149 f=0.151 p=0.694(0.004) max=2.939 | Ld=-0.0023 base=-0.00449 r1=0.0018 path=0.00037 | Lg=+0.9187 | 47s | curv=+0.428 wide=+0.735 gfmed=0.120
 3280 post m=8 hq=0.981 PASS | Dr=-0.453/+2.532 |Dr|max=2.532 Df=-0.466 | g r=0.119 f=0.124 p=0.747(0.004) max=3.115 | Ld=-0.0401 base=-0.0426 r1=0.00208 path=0.00048 cap=1.76e-05 | Lg=+1.0173 | 47s | curv=+0.283 wide=+0.634 gfmed=0.103
 3290 post m=8 hq=0.991 PASS | Dr=-0.441/+2.682 |Dr|max=2.682 Df=-0.450 | g r=0.107 f=0.098 p=0.707(0.001) max=3.251 | Ld=-0.0553 base=-0.0569 r1=0.00116 path=0.000438 | Lg=+1.0434 | 47s | curv=+0.295 wide=+0.609 gfmed=0.084
 3300 post m=8 hq=0.989 PASS | Dr=-0.652/+3.086 |Dr|max=3.086 Df=-0.665 | g r=0.097 f=0.096 p=0.783(0.009) max=3.078 | Ld=-0.0089 base=-0.0131 r1=0.00328 path=0.000527 cap=0.000371 | Lg=+1.1465 | 48s | curv=+0.18 wide=+0.503 gfmed=0.083
 3310 post m=8 hq=0.991 PASS | Dr=-0.587/+2.132 |Dr|max=2.422 Df=-0.612 | g r=0.109 f=0.116 p=0.758(0.000) max=3.177 | Ld=-0.0166 base=-0.0225 r1=0.00355 path=0.00186 cap=0.000483 | Lg=+1.0136 | 48s | curv=+0.039 wide=+0.346 gfmed=0.103
 3320 post m=8 hq=0.988 PASS | Dr=-0.367/+1.568 |Dr|max=2.187 Df=-0.374 | g r=0.093 f=0.090 p=0.696(0.003) max=3.066 | Ld=-0.0195 base=-0.0258 r1=0.00223 path=0.00411 | Lg=+0.9822 | 48s | curv=+0.149 wide=+0.357 gfmed=0.072
 3330 post m=8 hq=0.985 PASS | Dr=-0.506/+2.531 |Dr|max=2.531 Df=-0.526 | g r=0.123 f=0.112 p=0.840(0.003) max=3.424 | Ld=-0.0475 base=-0.056 r1=0.00186 path=0.00597 cap=0.000587 | Lg=+1.0737 | 49s | curv=+0.329 wide=+0.553 gfmed=0.092
 3340 post m=8 hq=0.990 PASS | Dr=-0.261/+2.618 |Dr|max=2.618 Df=-0.257 | g r=0.085 f=0.079 p=0.786(0.008) max=3.297 | Ld=-0.0596 base=-0.0624 r1=0.00192 path=0.000844 cap=3.1e-06 | Lg=+1.0559 | 49s | curv=+0.337 wide=+0.569 gfmed=0.066
 3350 post m=8 hq=0.986 PASS | Dr=-0.515/+1.746 |Dr|max=2.614 Df=-0.517 | g r=0.120 f=0.119 p=0.816(0.004) max=3.346 | Ld=-0.0665 base=-0.0697 r1=0.00255 path=0.000571 cap=0.000111 | Lg=+1.1015 | 49s | curv=-0.0539 wide=+0.26 gfmed=0.110
 3360 post m=8 hq=0.987 PASS | Dr=-0.371/+2.783 |Dr|max=2.783 Df=-0.382 | g r=0.100 f=0.096 p=0.747(0.001) max=3.260 | Ld=+0.0135 base=0.00764 r1=0.00215 path=0.00244 cap=0.00128 | Lg=+1.0017 | 49s | curv=+0.259 wide=+0.458 gfmed=0.078
 3370 post m=8 hq=0.991 PASS | Dr=-0.358/+2.637 |Dr|max=2.637 Df=-0.364 | g r=0.087 f=0.086 p=0.800(0.002) max=3.135 | Ld=-0.0592 base=-0.0623 r1=0.00182 path=0.000609 cap=0.000631 | Lg=+1.0316 | 50s | curv=+0.251 wide=+0.476 gfmed=0.062
 3380 post m=8 hq=0.981 PASS | Dr=-0.506/+2.742 |Dr|max=2.742 Df=-0.522 | g r=0.164 f=0.158 p=0.904(0.003) max=3.522 | Ld=-0.1107 base=-0.124 r1=0.00556 path=0.00448 cap=0.0034 | Lg=+1.1833 | 50s | curv=+0.517 wide=+0.7 gfmed=0.126
 3390 post m=8 hq=0.986 PASS | Dr=-0.099/+2.518 |Dr|max=2.518 Df=-0.100 | g r=0.113 f=0.109 p=0.790(0.003) max=2.944 | Ld=+0.0040 base=-0.00131 r1=0.00363 path=0.0017 | Lg=+1.0292 | 50s | curv=+0.231 wide=+0.434 gfmed=0.081
 3400 post m=8 hq=0.982 PASS | Dr=-0.290/+3.608 |Dr|max=3.608 Df=-0.292 | g r=0.192 f=0.190 p=1.011(0.006) max=3.131 | Ld=-0.0601 base=-0.0698 r1=0.00199 path=0.0069 cap=0.000808 | Lg=+1.2741 | 50s | curv=+0.289 wide=+0.585 gfmed=0.159
 3410 post m=8 hq=0.938 PASS | Dr=-0.113/+3.515 |Dr|max=3.515 Df=-0.144 | g r=0.224 f=0.209 p=1.032(0.005) max=3.447 | Ld=-0.0207 base=-0.0497 r1=0.00843 path=0.0173 cap=0.00325 | Lg=+1.4206 | 51s | curv=+0.841 wide=+1.07 gfmed=0.174
 3420 post m=8 hq=0.985 PASS | Dr=-0.136/+3.496 |Dr|max=3.496 Df=-0.154 | g r=0.211 f=0.201 p=0.979(0.004) max=3.308 | Ld=-0.0090 base=-0.0225 r1=0.00466 path=0.00783 cap=0.00107 | Lg=+1.3406 | 51s | curv=+0.503 wide=+0.797 gfmed=0.180
 3430 post m=8 hq=0.989 PASS | Dr=+0.062/+2.739 |Dr|max=2.739 Df=+0.049 | g r=0.107 f=0.106 p=0.755(0.001) max=3.328 | Ld=-0.0323 base=-0.0367 r1=0.00147 path=0.00291 | Lg=+1.0110 | 51s | curv=+0.108 wide=+0.402 gfmed=0.087
 3440 post m=8 hq=0.986 PASS | Dr=-0.038/+3.656 |Dr|max=3.656 Df=-0.023 | g r=0.191 f=0.192 p=0.851(0.007) max=3.632 | Ld=-0.0431 base=-0.052 r1=0.00604 path=0.00245 cap=0.000342 | Lg=+1.1703 | 51s | curv=+0.366 wide=+0.595 gfmed=0.152
 3450 post m=8 hq=0.972 PASS | Dr=-0.640/+4.121 |Dr|max=4.121 Df=-0.621 | g r=0.189 f=0.191 p=1.010(0.004) max=3.479 | Ld=-0.0088 base=-0.0194 r1=0.00281 path=0.0077 cap=6.39e-05 | Lg=+1.5113 | 52s | curv=+0.134 wide=+0.433 gfmed=0.163
 3460 post m=8 hq=0.967 PASS | Dr=-0.159/+2.820 |Dr|max=2.820 Df=-0.132 | g r=0.156 f=0.180 p=0.750(0.007) max=3.405 | Ld=+0.0859 base=0.0659 r1=0.00368 path=0.0133 cap=0.00301 | Lg=+1.1303 | 52s | curv=-0.0217 wide=+0.167 gfmed=0.119
 3470 post m=8 hq=0.939 PASS | Dr=-0.156/+0.892 |Dr|max=1.760 Df=-0.180 | g r=0.207 f=0.231 p=0.762(0.004) max=3.370 | Ld=-0.0547 base=-0.0612 r1=0.00411 path=0.0022 cap=0.000229 | Lg=+0.9048 | 52s | curv=+0.773 wide=+0.959 gfmed=0.189
 3480 post m=8 hq=0.984 PASS | Dr=-0.053/+1.628 |Dr|max=1.711 Df=-0.075 | g r=0.177 f=0.171 p=0.713(0.003) max=2.842 | Ld=+0.0716 base=0.0628 r1=0.0059 path=0.00255 cap=0.000353 | Lg=+1.0137 | 53s | curv=+0.724 wide=+0.982 gfmed=0.139
 3490 post m=8 hq=0.989 PASS | Dr=+0.059/+2.057 |Dr|max=2.101 Df=+0.025 | g r=0.113 f=0.114 p=0.639(0.002) max=2.564 | Ld=+0.0434 base=0.038 r1=0.00471 path=0.000762 | Lg=+1.0164 | 53s | curv=+0.208 wide=+0.451 gfmed=0.094
 3500 post m=8 hq=0.985 PASS | Dr=+0.186/+1.359 |Dr|max=1.839 Df=+0.177 | g r=0.133 f=0.134 p=0.692(0.003) max=3.518 | Ld=-0.0171 base=-0.0226 r1=0.00486 path=0.000595 | Lg=+0.9621 | 53s | curv=+0.163 wide=+0.421 gfmed=0.111
 3510 post m=8 hq=0.985 PASS | Dr=-0.167/+2.292 |Dr|max=2.292 Df=-0.178 | g r=0.127 f=0.119 p=0.664(0.001) max=3.424 | Ld=+0.0153 base=0.0117 r1=0.00241 path=0.00071 cap=0.000429 | Lg=+0.9086 | 53s | curv=+0.105 wide=+0.399 gfmed=0.106
 3520 post m=8 hq=0.967 PASS | Dr=-0.231/+1.732 |Dr|max=2.357 Df=-0.269 | g r=0.168 f=0.178 p=0.796(0.004) max=4.003 | Ld=+0.0333 base=0.0162 r1=0.00482 path=0.0119 cap=0.000263 | Lg=+1.0192 | 53s | curv=+1.13 wide=+1.34 gfmed=0.154
 3530 post m=4 hq=0.306 fail | Dr=-1.016/-0.224 |Dr|max=2.011 Df=-1.454 | g r=0.654 f=1.584 p=1.492(0.025) max=4.258 | Ld=-0.2182 base=-0.276 r1=0.0513 path=0.00647 cap=0.00052 | Lg=+1.0133 | 54s | curv=+6.07 wide=+6.2 gfmed=1.409
 3540 post m=5 hq=0.153 fail | Dr=-1.066/-0.392 |Dr|max=1.727 Df=-1.715 | g r=0.779 f=1.760 p=1.526(0.025) max=3.560 | Ld=-0.3536 base=-0.412 r1=0.0576 path=0.000534 cap=5.79e-05 | Lg=+1.0324 | 54s | curv=+7.8 wide=+7.69 gfmed=1.773
 3550 post m=6 hq=0.233 fail | Dr=-1.288/+0.050 |Dr|max=2.320 Df=-1.882 | g r=0.929 f=1.871 p=1.606(0.007) max=3.749 | Ld=-0.7297 base=-0.905 r1=0.109 path=0.0021 cap=0.0651 | Lg=+1.2663 | 54s | curv=+9.31 wide=+8.93 gfmed=1.927
 3560 post m=7 hq=0.098 fail | Dr=-1.407/-0.221 |Dr|max=2.769 Df=-2.066 | g r=0.928 f=2.168 p=1.796(0.039) max=3.926 | Ld=-0.4736 base=-0.577 r1=0.095 path=0.000423 cap=0.00816 | Lg=+1.2482 | 54s | curv=+9.85 wide=+9.6 gfmed=2.303
 3570 post m=6 hq=0.030 fail | Dr=-0.969/-0.213 |Dr|max=2.318 Df=-1.632 | g r=0.889 f=1.822 p=1.659(0.038) max=3.594 | Ld=-0.5107 base=-0.596 r1=0.084 path=0.00012 cap=0.000988 | Lg=+1.2415 | 55s | curv=+9.59 wide=+9.3 gfmed=1.943
 3580 post m=6 hq=0.155 fail | Dr=-1.033/-0.028 |Dr|max=2.234 Df=-1.557 | g r=0.913 f=1.930 p=1.594(0.046) max=3.636 | Ld=-0.4702 base=-0.6 r1=0.0954 path=0.000159 cap=0.0345 | Lg=+1.2245 | 55s | curv=+8.87 wide=+8.55 gfmed=1.992
 3590 post m=6 hq=0.139 fail | Dr=-1.267/+0.300 |Dr|max=2.648 Df=-1.989 | g r=0.976 f=2.081 p=1.841(0.023) max=4.481 | Ld=-0.6166 base=-0.726 r1=0.106 path=0.000218 cap=0.00374 | Lg=+1.4475 | 55s | curv=+10.7 wide=+10.4 gfmed=2.115
 3600 post m=7 hq=0.262 fail | Dr=-0.662/+0.994 |Dr|max=1.987 Df=-1.124 | g r=0.763 f=1.661 p=1.432(0.013) max=3.350 | Ld=-0.2144 base=-0.293 r1=0.0757 path=0.00177 cap=0.00121 | Lg=+1.0220 | 55s | curv=+7.87 wide=+7.7 gfmed=1.739
 3610 post m=7 hq=0.218 fail | Dr=-0.586/+1.091 |Dr|max=1.782 Df=-1.012 | g r=0.785 f=1.840 p=1.543(0.028) max=3.333 | Ld=-0.1681 base=-0.257 r1=0.0874 path=0.00163 cap=1.96e-05 | Lg=+0.9721 | 55s | curv=+8.26 wide=+8.13 gfmed=1.964
 3620 post m=8 hq=0.270 fail | Dr=-0.473/+1.341 |Dr|max=1.393 Df=-0.853 | g r=0.811 f=1.751 p=1.511(0.018) max=3.505 | Ld=-0.2302 base=-0.358 r1=0.108 path=0.0136 cap=0.00635 | Lg=+1.0727 | 56s | curv=+8.39 wide=+8.24 gfmed=1.879
 3630 post m=7 hq=0.443 fail | Dr=-0.390/+1.636 |Dr|max=1.636 Df=-0.709 | g r=0.826 f=1.821 p=1.600(0.033) max=3.441 | Ld=-0.2921 base=-0.382 r1=0.0869 path=0.00216 cap=0.00136 | Lg=+1.1189 | 56s | curv=+8.85 wide=+8.75 gfmed=1.943
 3640 post m=8 hq=0.499 fail | Dr=-0.241/+1.137 |Dr|max=1.137 Df=-0.532 | g r=0.823 f=1.525 p=1.455(0.049) max=3.593 | Ld=-0.4362 base=-0.552 r1=0.0931 path=0.000661 cap=0.0218 | Lg=+1.1253 | 56s | curv=+8.48 wide=+8.27 gfmed=1.522
 3650 post m=8 hq=0.704 fail | Dr=+0.290/+1.788 |Dr|max=1.788 Df=+0.175 | g r=0.665 f=1.117 p=1.210(0.014) max=3.236 | Ld=-0.0480 base=-0.119 r1=0.0686 path=0.00252 cap=0.000118 | Lg=+0.8252 | 56s | curv=+6.95 wide=+6.82 gfmed=1.055
 3660 post m=8 hq=0.650 fail | Dr=+0.145/+2.400 |Dr|max=2.400 Df=-0.029 | g r=0.665 f=1.175 p=1.297(0.012) max=3.194 | Ld=-0.2004 base=-0.321 r1=0.0869 path=0.00201 cap=0.0317 | Lg=+1.0530 | 56s | curv=+5.89 wide=+5.98 gfmed=0.921
 3670 post m=8 hq=0.617 fail | Dr=+0.341/+1.885 |Dr|max=1.885 Df=+0.171 | g r=0.651 f=1.261 p=1.244(0.026) max=3.135 | Ld=-0.0005 base=-0.0713 r1=0.0673 path=0.00117 cap=0.00238 | Lg=+0.8787 | 56s | curv=+6.54 wide=+6.45 gfmed=1.201
 3680 post m=7 hq=0.373 fail | Dr=-0.070/+1.555 |Dr|max=1.555 Df=-0.445 | g r=0.858 f=2.016 p=1.552(0.021) max=4.038 | Ld=-0.3435 base=-0.457 r1=0.104 path=0.000815 cap=0.00871 | Lg=+1.1509 | 56s | curv=+8.12 wide=+8.06 gfmed=1.979
 3690 post m=8 hq=0.474 fail | Dr=+0.464/+1.646 |Dr|max=1.646 Df=+0.237 | g r=0.720 f=1.621 p=1.262(0.006) max=3.315 | Ld=-0.2435 base=-0.307 r1=0.0579 path=0.00599 cap=1.11e-05 | Lg=+1.0056 | 56s | curv=+7.01 wide=+6.92 gfmed=1.724
 3700 post m=8 hq=0.334 fail | Dr=+0.480/+2.102 |Dr|max=2.102 Df=+0.138 | g r=0.722 f=1.734 p=1.395(0.024) max=3.473 | Ld=-0.1810 base=-0.258 r1=0.0737 path=0.00265 cap=0.000236 | Lg=+1.0254 | 56s | curv=+7.15 wide=+7.09 gfmed=1.806
 3710 post m=6 hq=0.540 fail | Dr=+0.439/+2.607 |Dr|max=2.607 Df=+0.162 | g r=0.613 f=1.070 p=1.239(0.014) max=3.274 | Ld=-0.1520 base=-0.212 r1=0.053 path=0.006 cap=0.0011 | Lg=+1.1183 | 56s | curv=+5.71 wide=+5.77 gfmed=0.940
 3720 post m=8 hq=0.909 PASS | Dr=+1.246/+3.338 |Dr|max=3.338 Df=+1.148 | g r=0.389 f=0.565 p=1.084(0.004) max=3.151 | Ld=-0.0595 base=-0.0864 r1=0.0252 path=0.00171 | Lg=+1.0377 | 56s | curv=+3.68 wide=+3.91 gfmed=0.373
 3730 post m=8 hq=0.940 PASS | Dr=+1.110/+2.492 |Dr|max=2.492 Df=+1.051 | g r=0.348 f=0.429 p=0.926(0.002) max=2.927 | Ld=+0.0024 base=-0.0204 r1=0.0223 path=0.0005 | Lg=+0.8306 | 56s | curv=+3.39 wide=+3.6 gfmed=0.275
 3740 post m=8 hq=0.966 PASS | Dr=+1.768/+3.576 |Dr|max=3.576 Df=+1.677 | g r=0.221 f=0.221 p=0.919(0.009) max=3.246 | Ld=-0.0280 base=-0.0407 r1=0.0088 path=0.00333 cap=0.000651 | Lg=+0.9993 | 57s | curv=+1.58 wide=+2 gfmed=0.150
 3750 post m=8 hq=0.976 PASS | Dr=+1.731/+4.218 |Dr|max=4.218 Df=+1.640 | g r=0.171 f=0.149 p=0.929(0.005) max=3.348 | Ld=-0.0294 base=-0.0526 r1=0.00556 path=0.0175 cap=9.64e-05 | Lg=+1.0871 | 57s | curv=+0.874 wide=+1.38 gfmed=0.113
 3760 post m=8 hq=0.982 PASS | Dr=+1.940/+4.720 |Dr|max=4.720 Df=+1.839 | g r=0.157 f=0.135 p=0.985(0.004) max=3.425 | Ld=-0.0590 base=-0.0644 r1=0.00418 path=0.000655 cap=0.000595 | Lg=+1.0983 | 57s | curv=+0.228 wide=+0.693 gfmed=0.106
 3770 post m=8 hq=0.849 fail | Dr=+2.250/+5.680 |Dr|max=5.680 Df=+2.133 | g r=0.389 f=0.323 p=1.125(0.010) max=4.241 | Ld=-0.1788 base=-0.197 r1=0.00533 path=0.00829 cap=0.00445 | Lg=+1.5539 | 57s | curv=+1.25 wide=+1.52 gfmed=0.280
 3780 post m=8 hq=0.980 PASS | Dr=+1.297/+5.915 |Dr|max=5.915 Df=+1.168 | g r=0.228 f=0.218 p=1.202(0.009) max=3.901 | Ld=-0.1654 base=-0.172 r1=0.00428 path=0.000291 cap=0.00187 | Lg=+1.7423 | 57s | curv=+0.109 wide=+0.583 gfmed=0.192
 3790 post m=8 hq=0.982 PASS | Dr=+0.582/+5.339 |Dr|max=5.339 Df=+0.471 | g r=0.313 f=0.295 p=1.184(0.019) max=3.464 | Ld=-0.0876 base=-0.109 r1=0.0109 path=0.00134 cap=0.00962 | Lg=+1.7229 | 57s | curv=-0.297 wide=+0.233 gfmed=0.252
 3800 post m=8 hq=0.966 PASS | Dr=+1.681/+4.602 |Dr|max=4.602 Df=+1.540 | g r=0.207 f=0.180 p=0.952(0.004) max=3.539 | Ld=-0.0490 base=-0.0727 r1=0.00764 path=0.0152 cap=0.00084 | Lg=+1.5722 | 57s | curv=+0.28 wide=+0.636 gfmed=0.152
 3810 post m=8 hq=0.967 PASS | Dr=+1.071/+5.055 |Dr|max=5.055 Df=+0.936 | g r=0.271 f=0.262 p=1.060(0.006) max=3.232 | Ld=-0.1429 base=-0.194 r1=0.00895 path=0.0284 cap=0.0139 | Lg=+1.6486 | 57s | curv=+0.742 wide=+1.05 gfmed=0.236
 3820 post m=8 hq=0.985 PASS | Dr=+0.944/+4.406 |Dr|max=4.406 Df=+0.854 | g r=0.139 f=0.135 p=1.021(0.007) max=3.197 | Ld=-0.0488 base=-0.055 r1=0.00403 path=0.00207 cap=4.82e-05 | Lg=+1.3788 | 57s | curv=-0.0452 wide=+0.353 gfmed=0.109
 3830 post m=8 hq=0.983 PASS | Dr=+0.560/+2.367 |Dr|max=2.367 Df=+0.533 | g r=0.128 f=0.124 p=0.871(0.016) max=3.458 | Ld=+0.0169 base=0.00903 r1=0.0038 path=0.00402 cap=0.000101 | Lg=+0.9752 | 57s | curv=-0.00264 wide=+0.42 gfmed=0.106
 3840 post m=8 hq=0.969 PASS | Dr=+0.505/+4.103 |Dr|max=4.103 Df=+0.449 | g r=0.184 f=0.202 p=1.115(0.008) max=3.613 | Ld=-0.1296 base=-0.146 r1=0.00469 path=0.0114 | Lg=+1.4314 | 57s | curv=+0.464 wide=+0.894 gfmed=0.144
 3850 post m=8 hq=0.981 PASS | Dr=+0.950/+2.812 |Dr|max=2.812 Df=+0.886 | g r=0.130 f=0.121 p=0.832(0.002) max=3.517 | Ld=-0.0389 base=-0.0474 r1=0.00349 path=0.00494 cap=3.17e-05 | Lg=+1.0358 | 57s | curv=+0.279 wide=+0.688 gfmed=0.100
 3860 post m=8 hq=0.977 PASS | Dr=+1.182/+3.365 |Dr|max=3.365 Df=+1.093 | g r=0.161 f=0.146 p=0.917(0.003) max=3.243 | Ld=-0.0460 base=-0.0507 r1=0.00396 path=0.000421 cap=0.000283 | Lg=+1.2460 | 58s | curv=+0.172 wide=+0.555 gfmed=0.129
 3870 post m=8 hq=0.980 PASS | Dr=+0.735/+4.549 |Dr|max=4.549 Df=+0.634 | g r=0.183 f=0.175 p=1.013(0.005) max=3.227 | Ld=-0.0994 base=-0.129 r1=0.00668 path=0.00851 cap=0.0145 | Lg=+1.4278 | 58s | curv=+0.551 wide=+0.82 gfmed=0.144
 3880 post m=8 hq=0.986 PASS | Dr=-0.105/+4.104 |Dr|max=4.419 Df=-0.219 | g r=0.181 f=0.170 p=1.101(0.003) max=3.168 | Ld=-0.0871 base=-0.0941 r1=0.00518 path=0.000783 cap=0.00101 | Lg=+1.6955 | 58s | curv=-0.0984 wide=+0.352 gfmed=0.141
 3890 post m=8 hq=0.986 PASS | Dr=-0.156/+2.940 |Dr|max=3.340 Df=-0.254 | g r=0.130 f=0.135 p=0.858(0.004) max=2.834 | Ld=+0.0491 base=0.0352 r1=0.00464 path=0.0092 | Lg=+1.2145 | 58s | curv=+0.381 wide=+0.713 gfmed=0.115
 3900 post m=8 hq=0.985 PASS | Dr=-0.376/+2.961 |Dr|max=3.808 Df=-0.479 | g r=0.152 f=0.144 p=0.906(0.000) max=2.997 | Ld=+0.0365 base=0.0146 r1=0.00392 path=0.0177 cap=0.000214 | Lg=+1.3606 | 58s | curv=+0.428 wide=+0.757 gfmed=0.131
 3910 post m=8 hq=0.982 PASS | Dr=+0.617/+3.224 |Dr|max=3.224 Df=+0.532 | g r=0.160 f=0.148 p=0.892(0.003) max=3.499 | Ld=-0.0937 base=-0.0985 r1=0.00289 path=0.000547 cap=0.00137 | Lg=+1.3041 | 58s | curv=+0.396 wide=+0.767 gfmed=0.121
 3920 post m=8 hq=0.986 PASS | Dr=+0.222/+2.704 |Dr|max=2.704 Df=+0.152 | g r=0.189 f=0.173 p=0.799(0.001) max=2.835 | Ld=+0.0174 base=-0.00524 r1=0.00343 path=0.0156 cap=0.00359 | Lg=+1.0721 | 58s | curv=+0.436 wide=+0.808 gfmed=0.154
 3930 post m=8 hq=0.963 PASS | Dr=+0.331/+2.991 |Dr|max=2.991 Df=+0.263 | g r=0.219 f=0.248 p=0.918(0.007) max=3.310 | Ld=-0.0368 base=-0.0526 r1=0.00632 path=0.0081 cap=0.00138 | Lg=+1.2276 | 58s | curv=+0.882 wide=+1.17 gfmed=0.184
 3940 post m=8 hq=0.975 PASS | Dr=+0.045/+1.131 |Dr|max=2.186 Df=+0.058 | g r=0.199 f=0.198 p=0.846(0.011) max=3.385 | Ld=-0.0092 base=-0.0161 r1=0.00604 path=0.000715 cap=0.00017 | Lg=+0.9205 | 58s | curv=+0.996 wide=+1.27 gfmed=0.183
 3950 post m=8 hq=0.979 PASS | Dr=+0.089/+1.587 |Dr|max=1.961 Df=+0.081 | g r=0.148 f=0.140 p=0.753(0.009) max=2.939 | Ld=+0.0112 base=0.0074 r1=0.00331 path=0.000502 | Lg=+0.9719 | 58s | curv=+0.488 wide=+0.844 gfmed=0.114
 3960 post m=8 hq=0.959 PASS | Dr=+0.234/+1.020 |Dr|max=2.100 Df=+0.228 | g r=0.226 f=0.233 p=0.873(0.008) max=3.285 | Ld=+0.0728 base=-0.0149 r1=0.0126 path=0.0752 cap=1.28e-05 | Lg=+0.8789 | 58s | curv=+0.744 wide=+1.07 gfmed=0.210
 3970 post m=8 hq=0.953 PASS | Dr=+0.089/+1.377 |Dr|max=1.623 Df=+0.102 | g r=0.252 f=0.268 p=0.934(0.002) max=3.298 | Ld=+0.0350 base=0.0222 r1=0.00912 path=0.00208 cap=0.00158 | Lg=+0.9809 | 59s | curv=+1.24 wide=+1.44 gfmed=0.211
 3980 post m=8 hq=0.983 PASS | Dr=+0.422/+1.337 |Dr|max=2.330 Df=+0.409 | g r=0.120 f=0.121 p=0.860(0.002) max=3.170 | Ld=-0.0443 base=-0.0471 r1=0.00191 path=0.000896 | Lg=+0.9129 | 59s | curv=+0.25 wide=+0.631 gfmed=0.104
 3990 post m=8 hq=0.979 PASS | Dr=+0.728/+2.981 |Dr|max=2.981 Df=+0.639 | g r=0.156 f=0.154 p=0.952(0.004) max=3.377 | Ld=-0.0784 base=-0.0854 r1=0.00229 path=0.00462 cap=7.2e-05 | Lg=+1.3571 | 59s | curv=+0.308 wide=+0.63 gfmed=0.127
 4000 post m=8 hq=0.980 PASS | Dr=+0.778/+3.048 |Dr|max=3.048 Df=+0.694 | g r=0.153 f=0.139 p=0.951(0.003) max=3.310 | Ld=-0.0676 base=-0.078 r1=0.00507 path=0.00535 | Lg=+1.3532 | 59s | curv=+0.38 wide=+0.812 gfmed=0.126
 4010 post m=8 hq=0.980 PASS | Dr=+1.254/+4.554 |Dr|max=4.554 Df=+1.166 | g r=0.199 f=0.181 p=1.121(0.003) max=3.552 | Ld=-0.1526 base=-0.176 r1=0.00561 path=0.0163 cap=0.00106 | Lg=+1.5762 | 59s | curv=+0.418 wide=+0.734 gfmed=0.122
 4020 post m=8 hq=0.988 PASS | Dr=+0.646/+4.145 |Dr|max=4.145 Df=+0.540 | g r=0.193 f=0.176 p=1.065(0.002) max=3.683 | Ld=-0.0844 base=-0.111 r1=0.00468 path=0.0208 cap=0.00135 | Lg=+1.5470 | 59s | curv=+0.984 wide=+1.27 gfmed=0.138
 4030 post m=8 hq=0.970 PASS | Dr=+0.473/+3.351 |Dr|max=3.351 Df=+0.439 | g r=0.236 f=0.218 p=1.014(0.012) max=3.121 | Ld=+0.0338 base=0.0143 r1=0.0105 path=0.0089 cap=0.00012 | Lg=+1.3866 | 59s | curv=+1.23 wide=+1.56 gfmed=0.168
 4040 post m=8 hq=0.984 PASS | Dr=+0.614/+3.560 |Dr|max=3.560 Df=+0.585 | g r=0.155 f=0.137 p=1.036(0.002) max=3.220 | Ld=-0.0071 base=-0.0218 r1=0.00393 path=0.0107 cap=1.26e-05 | Lg=+1.4702 | 59s | curv=+0.754 wide=+1.14 gfmed=0.106
 4050 post m=8 hq=0.986 PASS | Dr=+0.120/+2.691 |Dr|max=3.815 Df=+0.091 | g r=0.129 f=0.130 p=1.015(0.003) max=3.116 | Ld=-0.0120 base=-0.0169 r1=0.00385 path=0.00085 cap=0.000175 | Lg=+1.3916 | 59s | curv=+0.161 wide=+0.582 gfmed=0.102
 4060 post m=8 hq=0.983 PASS | Dr=-1.112/+1.742 |Dr|max=4.844 Df=-1.098 | g r=0.201 f=0.188 p=1.133(0.007) max=3.912 | Ld=-0.0821 base=-0.09 r1=0.00628 path=0.00165 | Lg=+1.4871 | 60s | curv=+0.262 wide=+0.475 gfmed=0.152
 4070 post m=8 hq=0.940 PASS | Dr=-0.976/+1.612 |Dr|max=4.249 Df=-0.995 | g r=0.234 f=0.270 p=0.976(0.002) max=3.156 | Ld=+0.1115 base=0.0521 r1=0.0158 path=0.0433 cap=0.000252 | Lg=+1.2196 | 60s | curv=+1.04 wide=+1.18 gfmed=0.168
 4080 post m=8 hq=0.987 PASS | Dr=-0.939/+1.720 |Dr|max=3.414 Df=-0.918 | g r=0.126 f=0.121 p=0.983(0.001) max=3.211 | Ld=-0.0397 base=-0.0455 r1=0.00233 path=0.00347 | Lg=+1.2863 | 60s | curv=+0.132 wide=+0.473 gfmed=0.092
 4090 post m=8 hq=0.973 PASS | Dr=-0.657/+1.432 |Dr|max=2.993 Df=-0.612 | g r=0.214 f=0.236 p=0.939(0.002) max=2.958 | Ld=-0.0294 base=-0.0494 r1=0.00818 path=0.00942 cap=0.00243 | Lg=+1.0942 | 60s | curv=+0.774 wide=+1.15 gfmed=0.202
 4100 post m=8 hq=0.988 PASS | Dr=+0.624/+2.049 |Dr|max=2.049 Df=+0.644 | g r=0.128 f=0.125 p=0.766(0.008) max=3.065 | Ld=-0.0204 base=-0.0255 r1=0.0038 path=0.00122 cap=3.74e-05 | Lg=+0.9059 | 61s | curv=+0.045 wide=+0.334 gfmed=0.100
 4110 post m=8 hq=0.979 PASS | Dr=+1.288/+4.881 |Dr|max=4.881 Df=+1.183 | g r=0.257 f=0.280 p=1.121(0.006) max=4.058 | Ld=-0.1153 base=-0.126 r1=0.00696 path=0.000582 cap=0.00332 | Lg=+1.6317 | 61s | curv=-0.0341 wide=+0.252 gfmed=0.251
 4120 post m=8 hq=0.984 PASS | Dr=+1.035/+3.461 |Dr|max=3.461 Df=+0.979 | g r=0.118 f=0.117 p=0.895(0.002) max=3.450 | Ld=-0.0071 base=-0.0282 r1=0.00277 path=0.0183 | Lg=+1.1901 | 61s | curv=+0.104 wide=+0.525 gfmed=0.098
 4130 post m=8 hq=0.989 PASS | Dr=+0.484/+2.221 |Dr|max=2.221 Df=+0.444 | g r=0.119 f=0.115 p=0.823(0.002) max=2.973 | Ld=+0.0533 base=0.0499 r1=0.00219 path=0.0011 cap=0.000133 | Lg=+0.9573 | 62s | curv=+0.172 wide=+0.543 gfmed=0.102
 4140 post m=8 hq=0.974 PASS | Dr=+1.027/+3.994 |Dr|max=3.994 Df=+0.960 | g r=0.165 f=0.188 p=1.020(0.005) max=3.301 | Ld=-0.1202 base=-0.126 r1=0.00364 path=0.00181 cap=9.52e-05 | Lg=+1.3583 | 62s | curv=+0.204 wide=+0.618 gfmed=0.111
 4150 post m=8 hq=0.990 PASS | Dr=+0.787/+3.024 |Dr|max=3.024 Df=+0.715 | g r=0.105 f=0.094 p=0.866(0.000) max=3.102 | Ld=-0.0447 base=-0.0495 r1=0.00165 path=0.00318 | Lg=+1.1799 | 62s | curv=+0.374 wide=+0.708 gfmed=0.075
 4160 post m=8 hq=0.979 PASS | Dr=+0.924/+3.881 |Dr|max=3.881 Df=+0.853 | g r=0.222 f=0.229 p=0.968(0.004) max=3.082 | Ld=-0.0060 base=-0.028 r1=0.00823 path=0.0102 cap=0.00361 | Lg=+1.3030 | 62s | curv=+0.072 wide=+0.419 gfmed=0.196
 4170 post m=8 hq=0.983 PASS | Dr=+0.656/+3.336 |Dr|max=3.336 Df=+0.593 | g r=0.165 f=0.174 p=0.897(0.008) max=3.134 | Ld=-0.0347 base=-0.0555 r1=0.00535 path=0.01 cap=0.00547 | Lg=+1.2455 | 63s | curv=+0.346 wide=+0.669 gfmed=0.145
 4180 post m=8 hq=0.991 PASS | Dr=+1.703/+5.420 |Dr|max=5.420 Df=+1.611 | g r=0.132 f=0.127 p=1.089(0.001) max=3.464 | Ld=-0.0910 base=-0.0952 r1=0.00325 path=0.000752 cap=0.000165 | Lg=+1.6200 | 63s | curv=+0.286 wide=+0.64 gfmed=0.097
 4190 post m=8 hq=0.983 PASS | Dr=+0.060/+4.054 |Dr|max=4.836 Df=-0.013 | g r=0.199 f=0.179 p=1.199(0.013) max=3.490 | Ld=-0.1695 base=-0.175 r1=0.0047 path=0.00121 | Lg=+1.7911 | 63s | curv=+0.717 wide=+1.02 gfmed=0.155
 4200 post m=8 hq=0.988 PASS | Dr=+0.237/+4.758 |Dr|max=4.949 Df=+0.133 | g r=0.133 f=0.134 p=1.229(0.002) max=3.294 | Ld=-0.0638 base=-0.0675 r1=0.002 path=0.00163 cap=6.09e-05 | Lg=+1.8641 | 64s | curv=+0.0291 wide=+0.346 gfmed=0.109
 4210 post m=8 hq=0.972 PASS | Dr=-0.402/+5.511 |Dr|max=6.038 Df=-0.520 | g r=0.251 f=0.261 p=1.403(0.005) max=3.646 | Ld=-0.0968 base=-0.108 r1=0.00422 path=0.00271 cap=0.00437 | Lg=+2.2261 | 64s | curv=-0.0367 wide=+0.269 gfmed=0.238
 4220 post m=8 hq=0.987 PASS | Dr=+0.634/+4.991 |Dr|max=4.991 Df=+0.511 | g r=0.157 f=0.149 p=1.129(0.005) max=3.465 | Ld=-0.1401 base=-0.15 r1=0.00351 path=0.00661 cap=7.97e-05 | Lg=+1.7742 | 64s | curv=+0.677 wide=+0.953 gfmed=0.127
 4230 post m=8 hq=0.988 PASS | Dr=+0.431/+4.030 |Dr|max=4.030 Df=+0.353 | g r=0.109 f=0.106 p=1.014(0.004) max=2.964 | Ld=+0.0535 base=0.0509 r1=0.00231 path=0.000301 cap=1.48e-06 | Lg=+1.3481 | 64s | curv=-0.0761 wide=+0.423 gfmed=0.091
 4240 post m=8 hq=0.988 PASS | Dr=-0.123/+3.592 |Dr|max=4.300 Df=-0.163 | g r=0.226 f=0.221 p=1.145(0.010) max=3.446 | Ld=+0.0105 base=0.003 r1=0.00625 path=0.000582 cap=0.0007 | Lg=+1.4569 | 65s | curv=+0.0261 wide=+0.497 gfmed=0.188
 4250 post m=8 hq=0.990 PASS | Dr=+0.363/+3.942 |Dr|max=3.942 Df=+0.285 | g r=0.116 f=0.111 p=1.010(0.004) max=3.015 | Ld=+0.0475 base=0.0418 r1=0.00463 path=0.00107 cap=6.73e-05 | Lg=+1.4617 | 65s | curv=+0.469 wide=+0.807 gfmed=0.093
 4260 post m=8 hq=0.983 PASS | Dr=+0.846/+4.503 |Dr|max=4.503 Df=+0.731 | g r=0.182 f=0.164 p=1.078(0.012) max=3.201 | Ld=-0.0544 base=-0.0606 r1=0.00573 path=0.000426 cap=1.51e-05 | Lg=+1.5885 | 65s | curv=+0.63 wide=+0.923 gfmed=0.132
 4270 post m=8 hq=0.983 PASS | Dr=+1.366/+3.968 |Dr|max=3.968 Df=+1.274 | g r=0.143 f=0.135 p=0.917(0.006) max=3.195 | Ld=+0.0712 base=0.065 r1=0.00374 path=0.00144 cap=0.000959 | Lg=+1.3382 | 66s | curv=+0.491 wide=+0.744 gfmed=0.119
 4280 post m=8 hq=0.983 PASS | Dr=+0.324/+2.476 |Dr|max=2.856 Df=+0.304 | g r=0.172 f=0.179 p=0.936(0.005) max=3.109 | Ld=-0.0080 base=-0.0143 r1=0.00589 path=0.000401 cap=6.31e-07 | Lg=+1.1962 | 66s | curv=+1.02 wide=+1.43 gfmed=0.140
 4290 post m=8 hq=0.978 PASS | Dr=+0.046/+0.787 |Dr|max=1.560 Df=+0.043 | g r=0.134 f=0.132 p=0.714(0.005) max=2.809 | Ld=+0.0935 base=0.087 r1=0.00219 path=0.0043 | Lg=+0.7849 | 66s | curv=+0.207 wide=+0.548 gfmed=0.098
 4300 post m=8 hq=0.975 PASS | Dr=-0.409/+1.017 |Dr|max=3.353 Df=-0.413 | g r=0.146 f=0.131 p=0.885(0.003) max=3.060 | Ld=-0.0207 base=-0.0277 r1=0.00643 path=0.000434 cap=0.000159 | Lg=+1.0048 | 67s | curv=+0.745 wide=+1.19 gfmed=0.113
 4310 post m=8 hq=0.985 PASS | Dr=-1.070/+1.949 |Dr|max=3.475 Df=-1.070 | g r=0.192 f=0.189 p=1.039(0.008) max=4.131 | Ld=-0.0835 base=-0.0913 r1=0.00557 path=0.00223 cap=3.62e-05 | Lg=+1.3202 | 67s | curv=+0.343 wide=+0.725 gfmed=0.162
 4320 post m=8 hq=0.988 PASS | Dr=-0.372/+1.198 |Dr|max=2.029 Df=-0.370 | g r=0.121 f=0.105 p=0.746(0.003) max=3.093 | Ld=-0.0472 base=-0.0493 r1=0.0014 path=0.000671 | Lg=+0.9202 | 67s | curv=+0.177 wide=+0.457 gfmed=0.093
 4330 post m=6 hq=0.607 fail | Dr=-0.881/+1.365 |Dr|max=2.631 Df=-0.894 | g r=0.273 f=0.535 p=0.960(0.005) max=3.310 | Ld=+0.0038 base=-0.00972 r1=0.0109 path=0.00165 cap=0.000965 | Lg=+1.1406 | 67s | curv=+1.92 wide=+2.02 gfmed=0.203
 4340 post m=7 hq=0.565 fail | Dr=-0.823/+0.730 |Dr|max=3.773 Df=-1.016 | g r=0.430 f=1.252 p=1.196(0.012) max=4.070 | Ld=-0.2426 base=-0.266 r1=0.0206 path=0.00127 cap=0.00136 | Lg=+1.1491 | 68s | curv=+3.62 wide=+3.79 gfmed=0.659
 4350 post m=8 hq=0.985 PASS | Dr=-0.076/+0.860 |Dr|max=2.418 Df=-0.081 | g r=0.180 f=0.149 p=0.658(0.002) max=2.595 | Ld=-0.0397 base=-0.0466 r1=0.00551 path=0.00142 | Lg=+0.8880 | 68s | curv=+1.34 wide=+1.53 gfmed=0.110
 4360 post m=8 hq=0.990 PASS | Dr=+0.386/+1.513 |Dr|max=1.868 Df=+0.368 | g r=0.111 f=0.097 p=0.667(0.002) max=2.622 | Ld=-0.0205 base=-0.0235 r1=0.00246 path=0.000548 | Lg=+0.9360 | 68s | curv=+0.464 wide=+0.765 gfmed=0.076
 4370 post m=8 hq=0.983 PASS | Dr=+0.731/+2.920 |Dr|max=2.920 Df=+0.656 | g r=0.120 f=0.117 p=0.849(0.007) max=3.168 | Ld=-0.0612 base=-0.0673 r1=0.00485 path=0.00117 cap=1.07e-05 | Lg=+1.2728 | 68s | curv=+0.0228 wide=+0.342 gfmed=0.097
 4380 post m=8 hq=0.975 PASS | Dr=+0.585/+3.997 |Dr|max=3.997 Df=+0.487 | g r=0.145 f=0.144 p=1.010(0.006) max=3.364 | Ld=-0.0847 base=-0.0889 r1=0.00264 path=0.00141 cap=0.000104 | Lg=+1.5453 | 68s | curv=+0.0598 wide=+0.397 gfmed=0.117
 4390 post m=8 hq=0.988 PASS | Dr=+0.269/+4.241 |Dr|max=4.241 Df=+0.183 | g r=0.161 f=0.158 p=1.039(0.002) max=3.441 | Ld=-0.1256 base=-0.13 r1=0.00193 path=0.00263 | Lg=+1.5020 | 68s | curv=+0.597 wide=+0.862 gfmed=0.127
 4400 post m=8 hq=0.988 PASS | Dr=+0.246/+3.318 |Dr|max=3.318 Df=+0.162 | g r=0.224 f=0.221 p=0.942(0.005) max=2.933 | Ld=-0.0993 base=-0.119 r1=0.00279 path=0.000668 cap=0.0158 | Lg=+1.3896 | 68s | curv=+1.21 wide=+1.28 gfmed=0.173
 4410 post m=8 hq=0.985 PASS | Dr=-0.296/+3.111 |Dr|max=4.199 Df=-0.330 | g r=0.171 f=0.184 p=1.042(0.004) max=3.647 | Ld=+0.0159 base=0.00364 r1=0.00244 path=0.00983 cap=1.1e-05 | Lg=+1.4660 | 68s | curv=-0.278 wide=+0.0708 gfmed=0.168
 4420 post m=8 hq=0.985 PASS | Dr=+0.441/+5.066 |Dr|max=5.066 Df=+0.336 | g r=0.130 f=0.127 p=1.142(0.010) max=3.402 | Ld=-0.1103 base=-0.119 r1=0.00321 path=0.00513 cap=8.89e-05 | Lg=+1.7952 | 68s | curv=+0.333 wide=+0.65 gfmed=0.108
 4430 post m=8 hq=0.816 fail | Dr=+1.033/+5.642 |Dr|max=5.642 Df=+0.898 | g r=0.201 f=0.149 p=1.205(0.003) max=3.769 | Ld=-0.1717 base=-0.18 r1=0.00673 path=0.00139 cap=6.07e-05 | Lg=+2.0438 | 68s | curv=+0.662 wide=+0.996 gfmed=0.133
 4440 post m=8 hq=0.981 PASS | Dr=+1.133/+5.614 |Dr|max=5.614 Df=+0.994 | g r=0.187 f=0.200 p=1.182(0.001) max=3.420 | Ld=-0.1027 base=-0.108 r1=0.00394 path=0.00136 cap=2.84e-05 | Lg=+1.9822 | 68s | curv=+0.219 wide=+0.596 gfmed=0.140
 4450 post m=8 hq=0.981 PASS | Dr=+0.550/+3.490 |Dr|max=3.490 Df=+0.503 | g r=0.147 f=0.149 p=0.995(0.004) max=2.978 | Ld=-0.0495 base=-0.0543 r1=0.00436 path=0.000431 | Lg=+1.6101 | 68s | curv=+1.03 wide=+1.37 gfmed=0.110
 4460 post m=8 hq=0.987 PASS | Dr=-0.180/+1.101 |Dr|max=2.446 Df=-0.160 | g r=0.116 f=0.116 p=0.746(0.002) max=3.108 | Ld=+0.0707 base=0.0648 r1=0.00499 path=0.000908 | Lg=+0.9621 | 69s | curv=+0.328 wide=+0.642 gfmed=0.089
 4470 post m=8 hq=0.966 PASS | Dr=-0.085/+0.545 |Dr|max=2.286 Df=-0.074 | g r=0.101 f=0.129 p=0.753(0.006) max=2.938 | Ld=+0.0061 base=0.001 r1=0.00266 path=0.00241 | Lg=+0.8722 | 69s | curv=+0.438 wide=+0.812 gfmed=0.073
 4480 post m=7 hq=0.654 fail | Dr=-0.577/+0.679 |Dr|max=2.957 Df=-0.755 | g r=0.332 f=0.396 p=0.919(0.005) max=3.007 | Ld=-0.1934 base=-0.218 r1=0.0162 path=0.00871 | Lg=+1.0955 | 69s | curv=+2.07 wide=+2.26 gfmed=0.312
 4490 post m=8 hq=0.921 PASS | Dr=-0.764/+0.587 |Dr|max=3.197 Df=-0.766 | g r=0.299 f=0.382 p=0.969(0.012) max=3.385 | Ld=+0.0095 base=-0.0165 r1=0.0206 path=0.00501 cap=0.000347 | Lg=+0.9476 | 69s | curv=+2.96 wide=+3.2 gfmed=0.229
 4500 post m=8 hq=0.976 PASS | Dr=-0.649/+0.660 |Dr|max=2.783 Df=-0.634 | g r=0.189 f=0.185 p=0.880(0.005) max=3.306 | Ld=+0.0289 base=0.0202 r1=0.00769 path=0.000739 cap=0.000347 | Lg=+0.9133 | 69s | curv=+1.73 wide=+2.11 gfmed=0.131
 4510 post m=8 hq=0.987 PASS | Dr=-0.556/+0.855 |Dr|max=2.599 Df=-0.536 | g r=0.116 f=0.099 p=0.846(0.003) max=3.356 | Ld=-0.0144 base=-0.0186 r1=0.00365 path=0.000561 cap=3.1e-05 | Lg=+0.9511 | 69s | curv=+0.647 wide=+1.16 gfmed=0.066
 4520 post m=8 hq=0.990 PASS | Dr=-0.587/+1.438 |Dr|max=2.497 Df=-0.559 | g r=0.122 f=0.117 p=0.879(0.006) max=3.101 | Ld=+0.0379 base=0.0327 r1=0.00291 path=0.00188 cap=0.000347 | Lg=+1.0887 | 69s | curv=+0.18 wide=+0.692 gfmed=0.100
 4530 post m=8 hq=0.970 PASS | Dr=-0.972/+1.806 |Dr|max=2.833 Df=-0.934 | g r=0.375 f=0.365 p=0.988(0.017) max=3.238 | Ld=+0.0564 base=0.017 r1=0.0127 path=0.00153 cap=0.0252 | Lg=+1.2766 | 69s | curv=+0.801 wide=+1.1 gfmed=0.360
 4540 post m=8 hq=0.978 PASS | Dr=-0.768/+1.421 |Dr|max=2.442 Df=-0.732 | g r=0.125 f=0.109 p=0.833(0.001) max=2.803 | Ld=+0.0025 base=-0.0158 r1=0.00316 path=0.0152 | Lg=+1.1244 | 69s | curv=+0.711 wide=+0.998 gfmed=0.100
 4550 post m=8 hq=0.984 PASS | Dr=-0.809/+1.641 |Dr|max=3.216 Df=-0.794 | g r=0.169 f=0.158 p=0.822(0.001) max=3.385 | Ld=-0.0384 base=-0.0433 r1=0.0035 path=0.00144 cap=4.21e-05 | Lg=+1.0448 | 69s | curv=+0.626 wide=+0.947 gfmed=0.148
 4560 post m=8 hq=0.984 PASS | Dr=-0.458/+1.399 |Dr|max=2.052 Df=-0.437 | g r=0.128 f=0.120 p=0.773(0.006) max=3.113 | Ld=-0.0042 base=-0.00785 r1=0.00262 path=0.00103 | Lg=+0.9429 | 69s | curv=+0.464 wide=+0.794 gfmed=0.110
 4570 post m=6 hq=0.390 fail | Dr=-0.806/-0.030 |Dr|max=2.016 Df=-0.999 | g r=0.484 f=0.701 p=0.993(0.002) max=3.767 | Ld=+3.4116 base=0.121 r1=0.0304 path=3.24 cap=0.0199 | Lg=+0.9617 | 70s | curv=+3.08 wide=+3.28 gfmed=0.497
 4580 post m=3 hq=0.087 fail | Dr=-1.538/+0.306 |Dr|max=3.970 Df=-2.288 | g r=0.762 f=1.155 p=1.329(0.005) max=3.868 | Ld=-0.6280 base=-0.723 r1=0.0497 path=0.000202 cap=0.0451 | Lg=+1.4374 | 70s | curv=+5.98 wide=+5.89 gfmed=1.127
 4590 post m=5 hq=0.015 fail | Dr=-1.751/-0.352 |Dr|max=3.724 Df=-2.986 | g r=0.770 f=1.524 p=1.543(0.000) max=3.895 | Ld=-0.7299 base=-0.883 r1=0.0967 path=0.014 cap=0.0426 | Lg=+1.3642 | 70s | curv=+7.2 wide=+7.17 gfmed=1.483
 4600 post m=7 hq=0.098 fail | Dr=-1.906/-0.173 |Dr|max=4.025 Df=-2.736 | g r=0.814 f=2.179 p=1.686(0.054) max=3.959 | Ld=-0.4919 base=-0.605 r1=0.0875 path=0.00443 cap=0.0211 | Lg=+1.2470 | 70s | curv=+8.38 wide=+8.23 gfmed=2.210
# COMPLETE 4600 updates in 70s; prehold 78/120; arrival=170
