# arm=rp_center_min formulation=rplogistic + cap-all(10,c=3) + pair-center(1) [Dβ2=0.9, A2=0] {lr c×0.5 g×1} device=cuda:1 steps=4600
# step phase modes hq pass | Dr mean/max |Dr|max Df | grad-norm real fake path(min) max | loss_d terms | loss_g | sec
   10 acq  m=6 hq=0.014 fail | Dr=+0.038/+0.474 |Dr|max=0.478 Df=-0.381 | g r=1.541 f=1.200 p=1.252(0.037) max=3.786 | Ld=+0.5905 base=0.575 pcenter=0.0153 | Lg=+0.9655 | 1s | curv=+11.1 wide=+9.8 gfmed=1.156
   20 acq  m=5 hq=0.014 fail | Dr=+0.381/+0.651 |Dr|max=0.651 Df=-0.262 | g r=1.580 f=1.718 p=1.728(0.034) max=4.047 | Ld=+0.4477 base=0.445 cap=0.00109 pcenter=0.00182 | Lg=+1.1371 | 1s | curv=+13.6 wide=+12.4 gfmed=1.733
   30 acq  m=4 hq=0.003 fail | Dr=+0.418/+0.784 |Dr|max=0.784 Df=-0.227 | g r=1.391 f=1.610 p=1.630(0.038) max=3.771 | Ld=+0.4338 base=0.413 cap=0.0116 pcenter=0.00933 | Lg=+1.1333 | 1s | curv=+13.1 wide=+11.8 gfmed=1.622
   40 acq  m=0 hq=0.000 fail | Dr=+0.519/+1.251 |Dr|max=1.251 Df=-0.569 | g r=1.375 f=0.628 p=1.323(0.006) max=4.291 | Ld=+0.3175 base=0.292 cap=0.0176 pcenter=0.00818 | Lg=+1.4223 | 1s | curv=+11.2 wide=+9.77 gfmed=0.560
   50 acq  m=0 hq=0.000 fail | Dr=+0.518/+1.617 |Dr|max=1.617 Df=-0.599 | g r=1.129 f=0.990 p=1.380(0.029) max=5.437 | Ld=+0.3327 base=0.294 cap=0.0164 pcenter=0.0225 | Lg=+1.8609 | 1s | curv=+9.47 wide=+8.24 gfmed=0.917
   60 acq  m=0 hq=0.000 fail | Dr=+0.427/+1.224 |Dr|max=1.224 Df=-0.033 | g r=1.224 f=1.214 p=1.425(0.061) max=3.639 | Ld=+0.5764 base=0.419 cap=0.0168 pcenter=0.14 | Lg=+1.0824 | 1s | curv=+11.2 wide=+10.4 gfmed=1.278
   70 acq  m=2 hq=0.000 fail | Dr=+0.725/+1.687 |Dr|max=1.687 Df=-0.657 | g r=1.440 f=0.858 p=1.523(0.031) max=3.484 | Ld=+0.2810 base=0.277 cap=0.00355 pcenter=0.000143 | Lg=+1.6498 | 1s | curv=+13.1 wide=+11.8 gfmed=0.550
   80 acq  m=2 hq=0.028 fail | Dr=+0.397/+1.175 |Dr|max=1.175 Df=-0.295 | g r=1.372 f=1.420 p=1.552(0.020) max=4.254 | Ld=+0.4231 base=0.418 cap=0.00312 pcenter=0.002 | Lg=+1.2938 | 1s | curv=+12.8 wide=+11.3 gfmed=1.400
   90 acq  m=3 hq=0.034 fail | Dr=+0.503/+1.234 |Dr|max=1.234 Df=-0.509 | g r=1.688 f=1.800 p=1.838(0.053) max=4.099 | Ld=+0.3432 base=0.34 cap=0.00219 pcenter=0.00106 | Lg=+1.4165 | 1s | curv=+16.4 wide=+14.7 gfmed=1.802
  100 acq  m=5 hq=0.007 fail | Dr=+0.425/+0.689 |Dr|max=0.689 Df=-0.449 | g r=1.556 f=1.659 p=1.786(0.028) max=4.010 | Ld=+0.3787 base=0.373 cap=0.00486 pcenter=0.000388 | Lg=+1.2541 | 1s | curv=+15.6 wide=+14.2 gfmed=1.679
  110 acq  m=1 hq=0.011 fail | Dr=+0.517/+1.030 |Dr|max=1.030 Df=-0.536 | g r=1.680 f=1.494 p=1.666(0.038) max=3.569 | Ld=+0.3180 base=0.308 cap=0.00898 pcenter=0.000704 | Lg=+1.3942 | 1s | curv=+16.9 wide=+14.9 gfmed=1.483
  120 acq  m=4 hq=0.016 fail | Dr=+0.389/+0.734 |Dr|max=0.734 Df=-0.486 | g r=1.740 f=1.568 p=1.657(0.044) max=3.574 | Ld=+0.3926 base=0.385 cap=0.00774 pcenter=0.00019 | Lg=+1.2575 | 1s | curv=+17.9 wide=+15.5 gfmed=1.564
  130 acq  m=7 hq=0.010 fail | Dr=+0.267/+0.635 |Dr|max=0.635 Df=-0.763 | g r=1.886 f=1.620 p=1.724(0.047) max=3.570 | Ld=+0.4194 base=0.356 cap=0.00997 pcenter=0.054 | Lg=+1.4084 | 2s | curv=+19.3 wide=+16.5 gfmed=1.623
  140 acq  m=8 hq=0.014 fail | Dr=+0.188/+0.588 |Dr|max=0.723 Df=-0.843 | g r=1.997 f=1.726 p=1.780(0.030) max=3.949 | Ld=+0.5089 base=0.387 cap=0.00336 pcenter=0.119 | Lg=+1.4959 | 2s | curv=+19.9 wide=+17.3 gfmed=1.730
  150 acq  m=7 hq=0.012 fail | Dr=+0.617/+0.962 |Dr|max=0.962 Df=-0.257 | g r=1.483 f=1.486 p=1.502(0.037) max=3.299 | Ld=+0.3704 base=0.326 cap=0.0218 pcenter=0.0222 | Lg=+1.2422 | 2s | curv=+15.3 wide=+13.3 gfmed=1.520
  160 acq  m=8 hq=0.015 fail | Dr=+0.682/+0.976 |Dr|max=0.976 Df=-0.292 | g r=1.594 f=1.597 p=1.637(0.026) max=3.614 | Ld=+0.3726 base=0.336 cap=0.0106 pcenter=0.0256 | Lg=+1.2960 | 2s | curv=+16.4 wide=+14.6 gfmed=1.610
  170 acq  m=8 hq=0.024 fail | Dr=+0.713/+1.015 |Dr|max=1.015 Df=-0.264 | g r=1.481 f=1.751 p=1.706(0.035) max=3.838 | Ld=+0.4078 base=0.332 cap=0.00494 pcenter=0.0711 | Lg=+1.3361 | 2s | curv=+15.7 wide=+14.4 gfmed=1.769
  180 acq  m=8 hq=0.028 fail | Dr=+0.434/+0.841 |Dr|max=0.841 Df=-0.308 | g r=1.372 f=1.230 p=1.238(0.028) max=3.484 | Ld=+0.3988 base=0.312 cap=0.0554 pcenter=0.0312 | Lg=+1.1532 | 2s | curv=+11.6 wide=+10.1 gfmed=1.211
  190 acq  m=8 hq=0.021 fail | Dr=+0.248/+0.660 |Dr|max=0.660 Df=-0.791 | g r=1.846 f=1.604 p=1.605(0.012) max=3.689 | Ld=+0.4438 base=0.331 cap=0.0118 pcenter=0.101 | Lg=+1.4471 | 2s | curv=+18.6 wide=+16.4 gfmed=1.635
  200 acq  m=7 hq=0.029 fail | Dr=+0.194/+0.670 |Dr|max=0.670 Df=-0.779 | g r=1.745 f=1.489 p=1.519(0.030) max=3.257 | Ld=+0.3880 base=0.317 cap=0.0154 pcenter=0.0558 | Lg=+1.4060 | 2s | curv=+17.7 wide=+15.4 gfmed=1.496
  210 acq  m=8 hq=0.062 fail | Dr=+0.277/+0.593 |Dr|max=0.593 Df=-0.663 | g r=2.026 f=1.560 p=1.501(0.031) max=3.652 | Ld=+0.3919 base=0.345 cap=0.000655 pcenter=0.0463 | Lg=+1.3413 | 2s | curv=+18.7 wide=+16.1 gfmed=1.555
  220 acq  m=8 hq=0.018 fail | Dr=+0.370/+0.939 |Dr|max=0.939 Df=-0.858 | g r=1.882 f=1.552 p=1.620(0.031) max=3.726 | Ld=+0.3406 base=0.301 cap=0.00788 pcenter=0.0315 | Lg=+1.5127 | 2s | curv=+19.3 wide=+17 gfmed=1.553
  230 acq  m=7 hq=0.069 fail | Dr=+0.362/+0.785 |Dr|max=0.785 Df=-0.622 | g r=1.915 f=1.446 p=1.431(0.026) max=3.609 | Ld=+0.3700 base=0.339 cap=0.00304 pcenter=0.0275 | Lg=+1.3851 | 2s | curv=+18.6 wide=+16.1 gfmed=1.415
  240 acq  m=8 hq=0.094 fail | Dr=+0.534/+1.035 |Dr|max=1.035 Df=-0.641 | g r=1.951 f=1.777 p=1.647(0.011) max=3.759 | Ld=+0.3220 base=0.307 cap=0.000663 pcenter=0.0141 | Lg=+1.5300 | 2s | curv=+20.1 wide=+17.6 gfmed=1.791
  250 acq  m=5 hq=0.042 fail | Dr=+0.754/+1.152 |Dr|max=1.152 Df=-0.461 | g r=1.449 f=1.506 p=1.525(0.065) max=3.455 | Ld=+0.3782 base=0.299 cap=0.000299 pcenter=0.0788 | Lg=+1.5646 | 2s | curv=+15.2 wide=+13.7 gfmed=1.476
  260 acq  m=4 hq=0.038 fail | Dr=+0.334/+0.784 |Dr|max=0.784 Df=-0.799 | g r=1.702 f=1.368 p=1.390(0.033) max=3.679 | Ld=+0.3636 base=0.305 cap=0.0207 pcenter=0.0378 | Lg=+1.4886 | 2s | curv=+16.9 wide=+14.5 gfmed=1.313
  270 acq  m=4 hq=0.033 fail | Dr=+0.635/+1.008 |Dr|max=1.008 Df=-0.640 | g r=1.895 f=1.587 p=1.662(0.039) max=3.605 | Ld=+0.2785 base=0.274 cap=0.00229 pcenter=0.00199 | Lg=+1.6947 | 2s | curv=+19.7 wide=+17.4 gfmed=1.536
  280 acq  m=6 hq=0.023 fail | Dr=+0.696/+1.161 |Dr|max=1.161 Df=-0.652 | g r=1.737 f=1.626 p=1.689(0.025) max=3.577 | Ld=+0.3028 base=0.291 cap=0.00557 pcenter=0.00605 | Lg=+1.5695 | 3s | curv=+17.9 wide=+15.9 gfmed=1.591
  290 acq  m=8 hq=0.053 fail | Dr=+0.507/+0.996 |Dr|max=0.996 Df=-0.796 | g r=2.063 f=1.625 p=1.659(0.088) max=3.691 | Ld=+0.3135 base=0.306 cap=0.00536 pcenter=0.00221 | Lg=+1.4721 | 3s | curv=+20.8 wide=+17.9 gfmed=1.606
  300 acq  m=2 hq=0.015 fail | Dr=+0.598/+1.068 |Dr|max=1.068 Df=-0.737 | g r=1.761 f=1.517 p=1.561(0.005) max=3.980 | Ld=+0.2928 base=0.267 cap=0.00316 pcenter=0.0226 | Lg=+1.7027 | 3s | curv=+18.2 wide=+16.1 gfmed=1.487
  310 acq  m=6 hq=0.089 fail | Dr=+0.711/+1.145 |Dr|max=1.145 Df=-0.529 | g r=1.839 f=1.795 p=1.683(0.007) max=3.691 | Ld=+0.2802 base=0.279 cap=0.000796 pcenter=0.000233 | Lg=+1.6041 | 3s | curv=+18.7 wide=+16.5 gfmed=1.839
  320 acq  m=4 hq=0.034 fail | Dr=+0.859/+1.312 |Dr|max=1.312 Df=-0.473 | g r=1.376 f=1.606 p=1.477(0.028) max=3.396 | Ld=+0.3684 base=0.272 cap=0.0201 pcenter=0.0758 | Lg=+1.4478 | 3s | curv=+14.4 wide=+13.1 gfmed=1.685
  330 acq  m=4 hq=0.047 fail | Dr=+0.724/+1.335 |Dr|max=1.335 Df=-0.615 | g r=1.672 f=1.647 p=1.533(0.008) max=3.828 | Ld=+0.3071 base=0.293 cap=0.00923 pcenter=0.00444 | Lg=+1.5168 | 3s | curv=+17.4 wide=+15.4 gfmed=1.699
  340 acq  m=4 hq=0.110 fail | Dr=+0.364/+1.094 |Dr|max=1.094 Df=-0.724 | g r=1.667 f=1.403 p=1.406(0.013) max=3.427 | Ld=+0.3655 base=0.291 cap=0.0138 pcenter=0.0603 | Lg=+1.4622 | 3s | curv=+16.3 wide=+14 gfmed=1.358
  350 acq  m=5 hq=0.112 fail | Dr=+0.488/+1.181 |Dr|max=1.181 Df=-0.789 | g r=1.941 f=1.638 p=1.532(0.031) max=3.878 | Ld=+0.3004 base=0.259 cap=0.00642 pcenter=0.0347 | Lg=+1.7091 | 3s | curv=+18.9 wide=+16.5 gfmed=1.614
  360 acq  m=4 hq=0.078 fail | Dr=+0.609/+1.077 |Dr|max=1.077 Df=-0.749 | g r=1.758 f=1.606 p=1.575(0.034) max=3.718 | Ld=+0.2783 base=0.248 cap=0.00924 pcenter=0.0214 | Lg=+1.6807 | 3s | curv=+18.1 wide=+16.1 gfmed=1.559
  370 acq  m=8 hq=0.023 fail | Dr=+0.446/+1.109 |Dr|max=1.109 Df=-0.810 | g r=1.983 f=1.585 p=1.565(0.029) max=3.707 | Ld=+0.3021 base=0.279 cap=0.0112 pcenter=0.0122 | Lg=+1.5856 | 3s | curv=+19 wide=+16.3 gfmed=1.575
  380 acq  m=6 hq=0.052 fail | Dr=+0.538/+1.110 |Dr|max=1.110 Df=-0.598 | g r=1.878 f=1.650 p=1.507(0.015) max=3.527 | Ld=+0.3200 base=0.313 cap=0.000995 pcenter=0.0064 | Lg=+1.5270 | 3s | curv=+18.3 wide=+15.9 gfmed=1.596
  390 acq  m=7 hq=0.073 fail | Dr=+0.925/+1.320 |Dr|max=1.320 Df=-0.232 | g r=1.480 f=1.648 p=1.619(0.022) max=3.760 | Ld=+0.3868 base=0.269 cap=0.0213 pcenter=0.0962 | Lg=+1.5127 | 3s | curv=+15.5 wide=+13.7 gfmed=1.668
  400 acq  m=6 hq=0.033 fail | Dr=+0.445/+0.881 |Dr|max=0.881 Df=-0.830 | g r=2.063 f=1.661 p=1.593(0.032) max=3.687 | Ld=+0.3142 base=0.295 cap=0.00664 pcenter=0.0129 | Lg=+1.5482 | 3s | curv=+21.3 wide=+18.1 gfmed=1.629
  410 acq  m=7 hq=0.090 fail | Dr=+0.618/+1.041 |Dr|max=1.041 Df=-0.691 | g r=2.044 f=1.724 p=1.648(0.016) max=3.794 | Ld=+0.2782 base=0.275 cap=0.00284 pcenter=0.000137 | Lg=+1.6342 | 3s | curv=+20.3 wide=+17.7 gfmed=1.725
  420 acq  m=2 hq=0.095 fail | Dr=+0.577/+1.187 |Dr|max=1.187 Df=-0.938 | g r=1.828 f=1.458 p=1.539(0.020) max=3.837 | Ld=+0.2930 base=0.285 cap=0.00221 pcenter=0.00528 | Lg=+1.6155 | 3s | curv=+18.3 wide=+16.1 gfmed=1.463
  430 acq  m=6 hq=0.087 fail | Dr=+0.466/+1.032 |Dr|max=1.032 Df=-0.660 | g r=1.882 f=1.771 p=1.517(0.004) max=3.638 | Ld=+0.2992 base=0.264 cap=0.00575 pcenter=0.0298 | Lg=+1.6298 | 4s | curv=+18 wide=+15.6 gfmed=1.893
  440 acq  m=4 hq=0.109 fail | Dr=+0.534/+0.911 |Dr|max=0.911 Df=-0.687 | g r=1.858 f=1.825 p=1.593(0.021) max=3.628 | Ld=+0.3291 base=0.318 cap=0.00134 pcenter=0.0101 | Lg=+1.5176 | 4s | curv=+18.9 wide=+16.9 gfmed=1.881
  450 acq  m=6 hq=0.185 fail | Dr=+0.835/+1.178 |Dr|max=1.178 Df=-0.155 | g r=1.402 f=1.733 p=1.509(0.044) max=3.417 | Ld=+0.3586 base=0.284 cap=0.0104 pcenter=0.0646 | Lg=+1.5727 | 4s | curv=+14.8 wide=+13.4 gfmed=1.843
  460 acq  m=3 hq=0.043 fail | Dr=+0.727/+1.079 |Dr|max=1.079 Df=-0.487 | g r=1.421 f=1.428 p=1.416(0.012) max=3.653 | Ld=+0.3785 base=0.297 cap=0.019 pcenter=0.0625 | Lg=+1.4608 | 4s | curv=+14.8 wide=+13.3 gfmed=1.326
  470 acq  m=7 hq=0.046 fail | Dr=+0.284/+0.739 |Dr|max=0.739 Df=-0.917 | g r=1.860 f=1.761 p=1.516(0.022) max=3.672 | Ld=+0.3635 base=0.273 cap=0.0048 pcenter=0.0862 | Lg=+1.5498 | 4s | curv=+16.9 wide=+14.6 gfmed=1.749
  480 acq  m=6 hq=0.108 fail | Dr=+0.766/+1.175 |Dr|max=1.175 Df=-0.198 | g r=1.371 f=1.602 p=1.518(0.029) max=3.946 | Ld=+0.3443 base=0.26 cap=0.041 pcenter=0.0433 | Lg=+1.3968 | 4s | curv=+14.2 wide=+12.5 gfmed=1.701
  490 acq  m=1 hq=0.003 fail | Dr=+0.574/+1.080 |Dr|max=1.080 Df=-0.777 | g r=1.851 f=1.478 p=1.466(0.005) max=3.477 | Ld=+0.3158 base=0.315 cap=0.000558 pcenter=0.000187 | Lg=+1.5134 | 4s | curv=+18.9 wide=+16.4 gfmed=1.336
  500 acq  m=8 hq=0.119 fail | Dr=+0.756/+1.195 |Dr|max=1.195 Df=-0.354 | g r=1.478 f=1.732 p=1.594(0.017) max=3.538 | Ld=+0.3569 base=0.309 cap=0.00396 pcenter=0.0444 | Lg=+1.4635 | 4s | curv=+15.7 wide=+14.1 gfmed=1.836
  510 acq  m=5 hq=0.052 fail | Dr=+0.561/+1.005 |Dr|max=1.005 Df=-0.737 | g r=1.787 f=1.634 p=1.519(0.034) max=3.427 | Ld=+0.3155 base=0.304 cap=0.00783 pcenter=0.00399 | Lg=+1.5186 | 4s | curv=+18.6 wide=+16.3 gfmed=1.579
  520 acq  m=8 hq=0.070 fail | Dr=+0.914/+1.364 |Dr|max=1.364 Df=-0.315 | g r=1.502 f=1.750 p=1.655(0.011) max=3.524 | Ld=+0.3058 base=0.27 cap=0.00562 pcenter=0.0302 | Lg=+1.5625 | 4s | curv=+15.7 wide=+14.3 gfmed=1.902
  530 acq  m=2 hq=0.094 fail | Dr=+0.430/+1.068 |Dr|max=1.068 Df=-0.940 | g r=1.905 f=1.391 p=1.378(0.004) max=3.693 | Ld=+0.3562 base=0.317 cap=0.0129 pcenter=0.0265 | Lg=+1.4840 | 4s | curv=+18.4 wide=+16 gfmed=1.387
  540 acq  m=5 hq=0.075 fail | Dr=+0.677/+1.207 |Dr|max=1.207 Df=-0.374 | g r=1.560 f=1.562 p=1.376(0.008) max=3.561 | Ld=+0.3412 base=0.307 cap=0.0221 pcenter=0.012 | Lg=+1.4123 | 4s | curv=+15.2 wide=+13.5 gfmed=1.628
  550 acq  m=6 hq=0.176 fail | Dr=+0.842/+1.324 |Dr|max=1.324 Df=-0.200 | g r=1.299 f=1.791 p=1.489(0.015) max=3.461 | Ld=+0.5087 base=0.352 cap=0.000467 pcenter=0.156 | Lg=+1.3627 | 4s | curv=+13.5 wide=+12.2 gfmed=1.859
  560 acq  m=7 hq=0.175 fail | Dr=+0.441/+1.051 |Dr|max=1.051 Df=-0.667 | g r=1.693 f=1.913 p=1.561(0.025) max=3.393 | Ld=+0.3616 base=0.308 cap=0.000972 pcenter=0.0531 | Lg=+1.5756 | 4s | curv=+16.8 wide=+14.9 gfmed=2.120
  570 acq  m=3 hq=0.171 fail | Dr=+0.715/+1.456 |Dr|max=1.456 Df=-0.625 | g r=1.824 f=1.959 p=1.624(0.017) max=3.789 | Ld=+0.2803 base=0.276 cap=0.00395 pcenter=0.0003 | Lg=+1.7146 | 4s | curv=+18.8 wide=+16.7 gfmed=2.155
  580 acq  m=6 hq=0.064 fail | Dr=+0.768/+1.453 |Dr|max=1.453 Df=-0.451 | g r=1.630 f=1.496 p=1.521(0.014) max=3.512 | Ld=+0.3477 base=0.313 cap=0.00045 pcenter=0.0345 | Lg=+1.5186 | 4s | curv=+16.3 wide=+14.5 gfmed=1.398
  590 acq  m=5 hq=0.156 fail | Dr=+0.760/+1.338 |Dr|max=1.338 Df=-0.442 | g r=1.698 f=1.762 p=1.507(0.014) max=3.554 | Ld=+0.2737 base=0.264 cap=0.00488 pcenter=0.00469 | Lg=+1.6775 | 5s | curv=+16.9 wide=+14.8 gfmed=1.962
  600 acq  m=6 hq=0.045 fail | Dr=+0.688/+1.354 |Dr|max=1.354 Df=-0.689 | g r=1.823 f=1.710 p=1.639(0.036) max=3.410 | Ld=+0.2951 base=0.291 cap=0.0028 pcenter=0.00105 | Lg=+1.5796 | 5s | curv=+18.7 wide=+16.5 gfmed=1.727
  610 acq  m=7 hq=0.157 fail | Dr=+0.732/+1.389 |Dr|max=1.389 Df=-0.456 | g r=1.732 f=2.047 p=1.678(0.007) max=3.833 | Ld=+0.2862 base=0.268 cap=0.00962 pcenter=0.00844 | Lg=+1.6110 | 5s | curv=+17.5 wide=+15.4 gfmed=2.160
  620 acq  m=7 hq=0.178 fail | Dr=+0.692/+1.421 |Dr|max=1.421 Df=-0.571 | g r=1.421 f=1.575 p=1.496(0.005) max=3.277 | Ld=+0.3214 base=0.304 cap=0.00247 pcenter=0.0145 | Lg=+1.5697 | 5s | curv=+14.5 wide=+13.1 gfmed=1.478
  630 acq  m=8 hq=0.333 fail | Dr=+0.607/+1.407 |Dr|max=1.407 Df=-0.362 | g r=1.721 f=2.126 p=1.617(0.031) max=3.385 | Ld=+0.3899 base=0.384 cap=0.00357 pcenter=0.00265 | Lg=+1.3585 | 5s | curv=+17.3 wide=+15.4 gfmed=2.379
  640 acq  m=3 hq=0.064 fail | Dr=+0.745/+1.506 |Dr|max=1.506 Df=-0.518 | g r=1.433 f=1.656 p=1.503(0.022) max=3.611 | Ld=+0.4290 base=0.303 cap=0.0017 pcenter=0.125 | Lg=+1.4885 | 5s | curv=+15 wide=+13.4 gfmed=1.692
  650 acq  m=4 hq=0.091 fail | Dr=+0.883/+1.635 |Dr|max=1.635 Df=-0.564 | g r=1.612 f=1.968 p=1.680(0.028) max=3.297 | Ld=+0.2532 base=0.242 cap=0.00351 pcenter=0.0073 | Lg=+1.7496 | 5s | curv=+17 wide=+15.2 gfmed=2.161
  660 acq  m=8 hq=0.166 fail | Dr=+0.893/+1.681 |Dr|max=1.681 Df=-0.294 | g r=1.570 f=1.960 p=1.668(0.030) max=3.610 | Ld=+0.3146 base=0.262 cap=0.00344 pcenter=0.0493 | Lg=+1.6793 | 5s | curv=+16.3 wide=+14.6 gfmed=2.184
  670 acq  m=7 hq=0.227 fail | Dr=+0.779/+1.567 |Dr|max=1.567 Df=-0.452 | g r=1.667 f=2.002 p=1.662(0.026) max=3.429 | Ld=+0.2811 base=0.263 cap=0.00425 pcenter=0.0143 | Lg=+1.6921 | 5s | curv=+17.6 wide=+15.5 gfmed=2.121
  680 acq  m=6 hq=0.152 fail | Dr=+0.610/+1.354 |Dr|max=1.354 Df=-0.558 | g r=1.825 f=2.052 p=1.587(0.025) max=3.555 | Ld=+0.2763 base=0.262 cap=0.00542 pcenter=0.00933 | Lg=+1.7614 | 5s | curv=+17.3 wide=+15 gfmed=2.211
  690 acq  m=5 hq=0.126 fail | Dr=+0.738/+1.554 |Dr|max=1.554 Df=-0.604 | g r=1.780 f=1.685 p=1.575(0.019) max=3.468 | Ld=+0.2772 base=0.276 cap=0.000836 pcenter=0.000816 | Lg=+1.7094 | 5s | curv=+18.1 wide=+16.1 gfmed=1.669
  700 acq  m=6 hq=0.086 fail | Dr=+0.673/+1.557 |Dr|max=1.557 Df=-0.739 | g r=1.917 f=1.648 p=1.569(0.027) max=3.517 | Ld=+0.2551 base=0.246 cap=0.00297 pcenter=0.00634 | Lg=+1.7937 | 5s | curv=+18.3 wide=+16 gfmed=1.642
  710 acq  m=8 hq=0.199 fail | Dr=+0.591/+1.550 |Dr|max=1.550 Df=-0.505 | g r=1.888 f=2.127 p=1.616(0.038) max=3.382 | Ld=+0.2944 base=0.283 cap=0.00688 pcenter=0.0042 | Lg=+1.6355 | 5s | curv=+17.8 wide=+15.6 gfmed=2.311
  720 acq  m=4 hq=0.069 fail | Dr=+0.744/+1.619 |Dr|max=1.619 Df=-0.750 | g r=1.825 f=1.590 p=1.577(0.052) max=3.456 | Ld=+0.2773 base=0.276 cap=0.00117 pcenter=0.000458 | Lg=+1.7298 | 5s | curv=+17.9 wide=+15.7 gfmed=1.523
  730 acq  m=8 hq=0.122 fail | Dr=+0.622/+1.605 |Dr|max=1.605 Df=-0.486 | g r=1.739 f=2.075 p=1.573(0.011) max=3.187 | Ld=+0.3235 base=0.323 cap=0.000143 pcenter=0.000532 | Lg=+1.5575 | 5s | curv=+16.7 wide=+14.7 gfmed=2.249
  740 acq  m=3 hq=0.016 fail | Dr=+0.822/+1.580 |Dr|max=1.580 Df=-0.681 | g r=1.585 f=1.358 p=1.544(0.016) max=3.480 | Ld=+0.3163 base=0.262 cap=0.000204 pcenter=0.0545 | Lg=+1.6779 | 5s | curv=+16.1 wide=+14.4 gfmed=1.109
  750 acq  m=4 hq=0.068 fail | Dr=+0.622/+1.617 |Dr|max=1.617 Df=-0.933 | g r=1.866 f=1.422 p=1.489(0.013) max=3.460 | Ld=+0.2670 base=0.251 cap=0.00739 pcenter=0.00884 | Lg=+1.7602 | 6s | curv=+17.7 wide=+15.4 gfmed=1.187
  760 acq  m=7 hq=0.192 fail | Dr=+0.841/+1.725 |Dr|max=1.725 Df=-0.400 | g r=1.629 f=2.092 p=1.717(0.020) max=3.360 | Ld=+0.3018 base=0.264 cap=0.00951 pcenter=0.0286 | Lg=+1.7518 | 6s | curv=+16.6 wide=+14.9 gfmed=2.372
  770 acq  m=7 hq=0.059 fail | Dr=+0.797/+1.735 |Dr|max=1.735 Df=-0.663 | g r=1.753 f=1.726 p=1.624(0.011) max=3.427 | Ld=+0.2512 base=0.245 cap=0.00474 pcenter=0.00154 | Lg=+1.7505 | 6s | curv=+17.7 wide=+15.6 gfmed=1.780
  780 acq  m=7 hq=0.185 fail | Dr=+0.774/+1.690 |Dr|max=1.690 Df=-0.415 | g r=1.573 f=2.268 p=1.673(0.036) max=3.440 | Ld=+0.2898 base=0.27 cap=0.00102 pcenter=0.0189 | Lg=+1.6892 | 6s | curv=+16.4 wide=+14.7 gfmed=2.468
  790 acq  m=7 hq=0.227 fail | Dr=+0.964/+1.876 |Dr|max=1.876 Df=-0.256 | g r=1.538 f=1.924 p=1.623(0.019) max=3.383 | Ld=+0.4074 base=0.248 cap=0.0039 pcenter=0.156 | Lg=+1.6037 | 6s | curv=+15.2 wide=+13.6 gfmed=2.083
  800 acq  m=4 hq=0.083 fail | Dr=+0.484/+1.365 |Dr|max=1.365 Df=-0.733 | g r=1.726 f=1.535 p=1.422(0.033) max=3.319 | Ld=+0.3938 base=0.377 cap=0.000805 pcenter=0.0155 | Lg=+1.3771 | 6s | curv=+16.8 wide=+14.7 gfmed=1.700
  810 acq  m=8 hq=0.097 fail | Dr=+0.829/+1.787 |Dr|max=1.787 Df=-0.579 | g r=1.852 f=1.909 p=1.659(0.030) max=3.438 | Ld=+0.2603 base=0.253 cap=0.000724 pcenter=0.00618 | Lg=+1.7795 | 6s | curv=+18.8 wide=+16.4 gfmed=2.079
  820 acq  m=4 hq=0.042 fail | Dr=+0.666/+1.511 |Dr|max=1.511 Df=-0.741 | g r=1.677 f=1.719 p=1.543(0.023) max=3.253 | Ld=+0.3108 base=0.295 cap=0.0161 pcenter=3.69e-05 | Lg=+1.5533 | 6s | curv=+16.5 wide=+14.5 gfmed=1.790
  830 acq  m=7 hq=0.161 fail | Dr=+0.681/+1.651 |Dr|max=1.651 Df=-0.579 | g r=1.748 f=2.117 p=1.601(0.034) max=3.567 | Ld=+0.2759 base=0.27 cap=0.00564 pcenter=0.0005 | Lg=+1.6915 | 6s | curv=+17.2 wide=+15.5 gfmed=2.214
  840 acq  m=7 hq=0.309 fail | Dr=+0.644/+1.607 |Dr|max=1.607 Df=-0.426 | g r=1.863 f=1.917 p=1.602(0.022) max=3.361 | Ld=+0.3041 base=0.279 cap=0.00357 pcenter=0.0218 | Lg=+1.7076 | 6s | curv=+17.6 wide=+15.6 gfmed=2.039
  850 acq  m=3 hq=0.138 fail | Dr=+0.510/+1.548 |Dr|max=1.548 Df=-0.865 | g r=1.826 f=1.469 p=1.469(0.038) max=3.564 | Ld=+0.3512 base=0.294 cap=0.00517 pcenter=0.0517 | Lg=+1.6486 | 6s | curv=+17.7 wide=+15.6 gfmed=1.363
  860 acq  m=7 hq=0.165 fail | Dr=+0.699/+1.692 |Dr|max=1.692 Df=-0.498 | g r=1.805 f=2.098 p=1.586(0.023) max=3.349 | Ld=+0.3509 base=0.336 cap=0.00591 pcenter=0.00892 | Lg=+1.4447 | 6s | curv=+17.8 wide=+15.7 gfmed=2.299
  870 acq  m=5 hq=0.191 fail | Dr=+0.468/+1.565 |Dr|max=1.565 Df=-0.794 | g r=1.826 f=1.790 p=1.531(0.032) max=3.336 | Ld=+0.4059 base=0.379 cap=0.00137 pcenter=0.0253 | Lg=+1.4253 | 6s | curv=+17.2 wide=+15.2 gfmed=1.806
  880 acq  m=6 hq=0.151 fail | Dr=+0.399/+1.490 |Dr|max=1.490 Df=-0.724 | g r=1.875 f=2.169 p=1.581(0.053) max=3.609 | Ld=+0.4408 base=0.378 cap=0.00311 pcenter=0.0595 | Lg=+1.4313 | 6s | curv=+18.1 wide=+16 gfmed=2.264
  890 acq  m=6 hq=0.486 fail | Dr=+0.729/+2.056 |Dr|max=2.056 Df=-0.151 | g r=1.848 f=2.213 p=1.688(0.048) max=3.610 | Ld=+0.2997 base=0.295 cap=0.00168 pcenter=0.00298 | Lg=+1.6958 | 6s | curv=+18 wide=+15.9 gfmed=2.386
  900 acq  m=4 hq=0.239 fail | Dr=+0.734/+1.831 |Dr|max=1.831 Df=-0.491 | g r=1.714 f=2.058 p=1.601(0.045) max=3.678 | Ld=+0.3603 base=0.331 cap=0.00121 pcenter=0.0284 | Lg=+1.5982 | 6s | curv=+17 wide=+15.2 gfmed=2.271
  910 acq  m=5 hq=0.219 fail | Dr=+0.414/+1.571 |Dr|max=1.571 Df=-0.680 | g r=1.903 f=1.894 p=1.544(0.022) max=3.268 | Ld=+0.4307 base=0.423 cap=0.000635 pcenter=0.00712 | Lg=+1.3082 | 7s | curv=+18.2 wide=+15.9 gfmed=2.115
  920 acq  m=8 hq=0.289 fail | Dr=+0.635/+1.652 |Dr|max=1.652 Df=-0.278 | g r=1.542 f=2.136 p=1.540(0.007) max=3.277 | Ld=+0.4063 base=0.348 cap=0.000769 pcenter=0.0579 | Lg=+1.4253 | 7s | curv=+15 wide=+13.5 gfmed=2.217
  930 acq  m=1 hq=0.001 fail | Dr=+0.361/+1.433 |Dr|max=1.433 Df=-1.118 | g r=1.817 f=1.294 p=1.381(0.012) max=3.411 | Ld=+0.4386 base=0.429 cap=0.000583 pcenter=0.0095 | Lg=+1.3630 | 7s | curv=+17.3 wide=+15.4 gfmed=1.178
  940 acq  m=6 hq=0.394 fail | Dr=+0.805/+1.853 |Dr|max=1.853 Df=-0.198 | g r=1.659 f=2.020 p=1.625(0.013) max=3.346 | Ld=+0.2795 base=0.259 cap=0.00364 pcenter=0.0173 | Lg=+1.7469 | 7s | curv=+16.4 wide=+14.7 gfmed=2.243
  950 acq  m=8 hq=0.062 fail | Dr=+0.593/+1.546 |Dr|max=1.546 Df=-0.683 | g r=1.843 f=2.077 p=1.520(0.014) max=3.301 | Ld=+0.3404 base=0.336 cap=0.00351 pcenter=0.000636 | Lg=+1.5171 | 7s | curv=+17.5 wide=+15.4 gfmed=2.424
  960 acq  m=8 hq=0.415 fail | Dr=+0.347/+1.470 |Dr|max=1.470 Df=-0.541 | g r=1.831 f=1.882 p=1.511(0.028) max=3.317 | Ld=+0.4448 base=0.401 cap=0.00294 pcenter=0.0407 | Lg=+1.3588 | 7s | curv=+16.4 wide=+14.3 gfmed=1.948
  970 acq  m=8 hq=0.408 fail | Dr=+0.665/+1.702 |Dr|max=1.702 Df=-0.151 | g r=1.518 f=2.017 p=1.459(0.015) max=3.337 | Ld=+0.3351 base=0.29 cap=0.0115 pcenter=0.0332 | Lg=+1.5795 | 7s | curv=+15 wide=+13.4 gfmed=2.092
  980 acq  m=8 hq=0.622 fail | Dr=+0.140/+1.309 |Dr|max=1.309 Df=-0.573 | g r=1.749 f=2.086 p=1.404(0.012) max=3.264 | Ld=+0.5675 base=0.516 cap=0.000333 pcenter=0.0513 | Lg=+1.0882 | 7s | curv=+16.1 wide=+14.1 gfmed=2.149
  990 acq  m=8 hq=0.092 fail | Dr=+0.455/+1.445 |Dr|max=1.445 Df=-0.546 | g r=1.600 f=2.231 p=1.384(0.037) max=3.042 | Ld=+0.4104 base=0.374 cap=0.0241 pcenter=0.0122 | Lg=+1.3612 | 7s | curv=+15.4 wide=+13.6 gfmed=2.285
 1000 acq  m=6 hq=0.048 fail | Dr=+0.463/+1.538 |Dr|max=1.538 Df=-0.705 | g r=1.755 f=2.192 p=1.453(0.022) max=3.359 | Ld=+0.4155 base=0.392 cap=0.0205 pcenter=0.00278 | Lg=+1.3230 | 7s | curv=+16.8 wide=+14.9 gfmed=2.337
 1010 acq  m=7 hq=0.189 fail | Dr=+0.434/+1.505 |Dr|max=1.505 Df=-0.595 | g r=1.813 f=2.360 p=1.510(0.035) max=3.248 | Ld=+0.4560 base=0.455 cap=0.000934 pcenter=6.92e-05 | Lg=+1.2340 | 7s | curv=+16.9 wide=+15 gfmed=2.492
 1020 acq  m=7 hq=0.252 fail | Dr=+0.485/+1.659 |Dr|max=1.659 Df=-0.515 | g r=1.882 f=2.525 p=1.618(0.015) max=3.618 | Ld=+0.4216 base=0.421 cap=0.000882 pcenter=0.000207 | Lg=+1.4491 | 7s | curv=+17.5 wide=+15.4 gfmed=2.594
 1030 acq  m=8 hq=0.254 fail | Dr=+0.511/+1.627 |Dr|max=1.627 Df=-0.353 | g r=1.764 f=2.359 p=1.545(0.007) max=3.380 | Ld=+0.3981 base=0.393 cap=0.000222 pcenter=0.00485 | Lg=+1.4107 | 7s | curv=+16.8 wide=+14.9 gfmed=2.387
 1040 acq  m=6 hq=0.493 fail | Dr=+0.463/+1.621 |Dr|max=1.621 Df=-0.291 | g r=1.852 f=2.114 p=1.528(0.038) max=3.333 | Ld=+0.4477 base=0.44 cap=0.00773 pcenter=0.000182 | Lg=+1.3189 | 7s | curv=+17 wide=+15.1 gfmed=2.264
 1050 acq  m=5 hq=0.126 fail | Dr=+0.575/+1.649 |Dr|max=1.649 Df=-0.498 | g r=1.754 f=1.873 p=1.454(0.013) max=3.424 | Ld=+0.4112 base=0.386 cap=0.0057 pcenter=0.0195 | Lg=+1.4579 | 7s | curv=+17 wide=+15.1 gfmed=1.748
 1060 acq  m=2 hq=0.006 fail | Dr=+0.529/+1.598 |Dr|max=1.598 Df=-0.779 | g r=1.792 f=1.650 p=1.449(0.010) max=3.290 | Ld=+0.4004 base=0.389 cap=0.000856 pcenter=0.0107 | Lg=+1.4020 | 7s | curv=+17.2 wide=+15.3 gfmed=1.698
 1070 acq  m=5 hq=0.108 fail | Dr=+0.410/+1.440 |Dr|max=1.440 Df=-0.815 | g r=1.953 f=2.069 p=1.629(0.029) max=3.512 | Ld=+0.4557 base=0.429 cap=0.000908 pcenter=0.0255 | Lg=+1.3815 | 8s | curv=+17.8 wide=+15.4 gfmed=2.236
 1080 acq  m=8 hq=0.269 fail | Dr=+0.542/+1.713 |Dr|max=1.713 Df=-0.449 | g r=1.980 f=2.105 p=1.633(0.013) max=3.482 | Ld=+0.3727 base=0.37 cap=0.00213 pcenter=0.000995 | Lg=+1.4748 | 8s | curv=+18 wide=+15.8 gfmed=2.127
 1090 acq  m=8 hq=0.541 fail | Dr=+0.573/+1.593 |Dr|max=1.593 Df=-0.257 | g r=1.818 f=2.177 p=1.511(0.032) max=3.438 | Ld=+0.3849 base=0.369 cap=0.00766 pcenter=0.00789 | Lg=+1.4284 | 8s | curv=+17.2 wide=+15.3 gfmed=2.299
 1100 acq  m=7 hq=0.492 fail | Dr=+0.265/+1.290 |Dr|max=1.290 Df=-0.524 | g r=1.873 f=2.216 p=1.480(0.028) max=3.332 | Ld=+0.5404 base=0.494 cap=1.68e-05 pcenter=0.0464 | Lg=+1.1825 | 8s | curv=+16.8 wide=+14.8 gfmed=2.275
 1110 acq  m=8 hq=0.289 fail | Dr=+0.463/+1.591 |Dr|max=1.591 Df=-0.591 | g r=2.065 f=2.396 p=1.679(0.015) max=3.411 | Ld=+0.3863 base=0.37 cap=0.001 pcenter=0.0154 | Lg=+1.4734 | 8s | curv=+19.2 wide=+16.8 gfmed=2.436
 1120 acq  m=7 hq=0.337 fail | Dr=+0.508/+1.693 |Dr|max=1.693 Df=-0.430 | g r=1.913 f=2.304 p=1.560(0.018) max=3.224 | Ld=+0.3963 base=0.39 cap=0.00378 pcenter=0.00221 | Lg=+1.3889 | 8s | curv=+17.4 wide=+15.4 gfmed=2.381
 1130 acq  m=7 hq=0.351 fail | Dr=+0.435/+1.543 |Dr|max=1.543 Df=-0.477 | g r=1.792 f=2.199 p=1.436(0.020) max=3.244 | Ld=+0.4656 base=0.46 cap=0.003 pcenter=0.00262 | Lg=+1.2548 | 8s | curv=+16.5 wide=+14.6 gfmed=2.184
 1140 acq  m=8 hq=0.531 fail | Dr=+0.619/+1.718 |Dr|max=1.718 Df=-0.148 | g r=1.809 f=2.289 p=1.602(0.063) max=3.264 | Ld=+0.3530 base=0.332 cap=0.00726 pcenter=0.0142 | Lg=+1.5495 | 8s | curv=+17.1 wide=+15.1 gfmed=2.485
 1150 acq  m=7 hq=0.387 fail | Dr=+0.400/+1.551 |Dr|max=1.551 Df=-0.510 | g r=1.997 f=2.299 p=1.526(0.010) max=3.353 | Ld=+0.4542 base=0.447 cap=0.000736 pcenter=0.0062 | Lg=+1.2892 | 8s | curv=+17.8 wide=+15.5 gfmed=2.481
 1160 acq  m=8 hq=0.448 fail | Dr=+0.580/+1.761 |Dr|max=1.761 Df=-0.312 | g r=1.915 f=2.455 p=1.617(0.007) max=3.408 | Ld=+0.4003 base=0.392 cap=0.000125 pcenter=0.00864 | Lg=+1.4600 | 8s | curv=+18.4 wide=+15.9 gfmed=2.316
 1170 acq  m=8 hq=0.571 fail | Dr=+0.550/+1.730 |Dr|max=1.730 Df=-0.305 | g r=1.810 f=2.308 p=1.536(0.033) max=3.249 | Ld=+0.4192 base=0.4 cap=0.0033 pcenter=0.0161 | Lg=+1.3628 | 8s | curv=+17.1 wide=+14.8 gfmed=2.336
 1180 acq  m=8 hq=0.464 fail | Dr=+0.338/+1.462 |Dr|max=1.462 Df=-0.544 | g r=1.871 f=2.179 p=1.458(0.023) max=3.203 | Ld=+0.4877 base=0.487 cap=0.000517 pcenter=0.000458 | Lg=+1.2162 | 8s | curv=+17.3 wide=+14.7 gfmed=2.235
 1190 acq  m=8 hq=0.501 fail | Dr=+0.441/+1.586 |Dr|max=1.586 Df=-0.405 | g r=1.872 f=2.290 p=1.481(0.012) max=3.211 | Ld=+0.4408 base=0.433 cap=0.00226 pcenter=0.00546 | Lg=+1.3292 | 8s | curv=+17.2 wide=+15 gfmed=2.357
 1200 acq  m=6 hq=0.357 fail | Dr=+0.386/+1.563 |Dr|max=1.563 Df=-0.454 | g r=1.799 f=2.106 p=1.400(0.019) max=3.161 | Ld=+0.4648 base=0.45 cap=0.00483 pcenter=0.0103 | Lg=+1.2571 | 8s | curv=+16.3 wide=+14.2 gfmed=2.187
 1210 hold m=7 hq=0.194 fail | Dr=+0.458/+1.727 |Dr|max=1.727 Df=-0.490 | g r=1.928 f=2.267 p=1.559(0.022) max=3.354 | Ld=+0.4489 base=0.449 cap=0.000225 pcenter=4.14e-05 | Lg=+1.3026 | 8s | curv=+17.5 wide=+15.1 gfmed=2.311
 1220 hold m=8 hq=0.547 fail | Dr=+0.220/+1.280 |Dr|max=1.280 Df=-0.488 | g r=1.691 f=2.117 p=1.352(0.019) max=3.111 | Ld=+0.5830 base=0.543 cap=5.9e-05 pcenter=0.04 | Lg=+1.0819 | 9s | curv=+14.7 wide=+13.1 gfmed=2.332
 1230 hold m=8 hq=0.348 fail | Dr=+0.292/+1.475 |Dr|max=1.475 Df=-0.556 | g r=1.792 f=2.265 p=1.378(0.030) max=2.991 | Ld=+0.4919 base=0.473 cap=0.00665 pcenter=0.0119 | Lg=+1.1925 | 9s | curv=+16.8 wide=+14.4 gfmed=2.332
 1240 hold m=5 hq=0.258 fail | Dr=+0.416/+1.586 |Dr|max=1.586 Df=-0.500 | g r=1.823 f=1.959 p=1.370(0.041) max=3.145 | Ld=+0.4741 base=0.473 cap=0.000717 pcenter=0.000757 | Lg=+1.2385 | 9s | curv=+16.7 wide=+14.4 gfmed=2.068
 1250 hold m=8 hq=0.165 fail | Dr=+0.354/+1.537 |Dr|max=1.537 Df=-0.635 | g r=2.110 f=2.359 p=1.557(0.027) max=3.438 | Ld=+0.4830 base=0.478 cap=0.000967 pcenter=0.00405 | Lg=+1.2367 | 9s | curv=+19.2 wide=+16.4 gfmed=2.525
 1260 hold m=7 hq=0.514 fail | Dr=+0.535/+1.726 |Dr|max=1.726 Df=-0.244 | g r=1.832 f=2.117 p=1.493(0.043) max=3.292 | Ld=+0.4330 base=0.422 cap=1.07e-05 pcenter=0.0114 | Lg=+1.3443 | 9s | curv=+16.6 wide=+14.8 gfmed=2.086
 1270 hold m=7 hq=0.430 fail | Dr=+0.455/+1.593 |Dr|max=1.593 Df=-0.405 | g r=1.957 f=2.384 p=1.496(0.005) max=3.141 | Ld=+0.4224 base=0.416 cap=0.00584 pcenter=0.000518 | Lg=+1.3573 | 9s | curv=+17.9 wide=+15.5 gfmed=2.545
 1280 hold m=7 hq=0.541 fail | Dr=+0.523/+1.704 |Dr|max=1.704 Df=-0.313 | g r=1.912 f=2.338 p=1.517(0.020) max=3.204 | Ld=+0.4817 base=0.462 cap=0.00231 pcenter=0.0172 | Lg=+1.2313 | 9s | curv=+17.6 wide=+15.3 gfmed=2.575
 1290 hold m=7 hq=0.262 fail | Dr=+0.260/+1.356 |Dr|max=1.356 Df=-0.655 | g r=1.865 f=2.174 p=1.423(0.016) max=3.311 | Ld=+0.5801 base=0.493 cap=0.000687 pcenter=0.0867 | Lg=+1.1682 | 9s | curv=+17.2 wide=+14.9 gfmed=2.423
 1300 hold m=8 hq=0.543 fail | Dr=+0.509/+1.823 |Dr|max=1.823 Df=-0.282 | g r=1.924 f=2.350 p=1.526(0.024) max=3.389 | Ld=+0.4373 base=0.431 cap=0.00172 pcenter=0.00425 | Lg=+1.3420 | 9s | curv=+17.4 wide=+15.3 gfmed=2.558
 1310 hold m=7 hq=0.328 fail | Dr=+0.330/+1.539 |Dr|max=1.539 Df=-0.604 | g r=1.959 f=2.145 p=1.492(0.017) max=3.224 | Ld=+0.5054 base=0.497 cap=0.00408 pcenter=0.00409 | Lg=+1.2174 | 9s | curv=+17.8 wide=+15.3 gfmed=2.200
 1320 hold m=8 hq=0.181 fail | Dr=+0.437/+1.651 |Dr|max=1.651 Df=-0.515 | g r=1.935 f=2.276 p=1.478(0.028) max=3.144 | Ld=+0.4823 base=0.469 cap=0.00111 pcenter=0.0122 | Lg=+1.2621 | 9s | curv=+17.9 wide=+15.6 gfmed=2.375
 1330 hold m=6 hq=0.484 fail | Dr=+0.412/+1.600 |Dr|max=1.600 Df=-0.387 | g r=1.864 f=1.957 p=1.350(0.015) max=3.372 | Ld=+0.4723 base=0.465 cap=0.00638 pcenter=0.000541 | Lg=+1.2354 | 9s | curv=+17.3 wide=+14.7 gfmed=1.946
 1340 hold m=8 hq=0.638 fail | Dr=+0.279/+1.505 |Dr|max=1.505 Df=-0.398 | g r=1.741 f=1.803 p=1.224(0.015) max=3.080 | Ld=+0.5473 base=0.535 cap=7.71e-08 pcenter=0.0123 | Lg=+1.1150 | 9s | curv=+15.7 wide=+13.5 gfmed=1.979
 1350 hold m=8 hq=0.643 fail | Dr=+0.368/+1.664 |Dr|max=1.664 Df=-0.363 | g r=1.926 f=2.045 p=1.363(0.014) max=3.428 | Ld=+0.5058 base=0.501 cap=0.00274 pcenter=0.0021 | Lg=+1.1876 | 9s | curv=+16.9 wide=+14.6 gfmed=2.428
 1360 hold m=8 hq=0.684 fail | Dr=+0.333/+1.690 |Dr|max=1.690 Df=-0.382 | g r=1.688 f=1.509 p=1.216(0.019) max=3.114 | Ld=+0.5121 base=0.511 cap=0.000211 pcenter=0.000664 | Lg=+1.1974 | 10s | curv=+15 wide=+13.2 gfmed=1.484
 1370 hold m=7 hq=0.685 fail | Dr=+0.225/+1.495 |Dr|max=1.495 Df=-0.465 | g r=1.812 f=1.887 p=1.270(0.008) max=3.125 | Ld=+0.5935 base=0.561 cap=0.00223 pcenter=0.0306 | Lg=+1.0895 | 10s | curv=+16.2 wide=+14.1 gfmed=1.957
 1380 hold m=7 hq=0.573 fail | Dr=+0.421/+1.659 |Dr|max=1.659 Df=-0.374 | g r=1.997 f=2.280 p=1.512(0.030) max=3.314 | Ld=+0.4621 base=0.461 cap=0.000276 pcenter=0.000641 | Lg=+1.3077 | 10s | curv=+18.1 wide=+15.6 gfmed=2.330
 1390 hold m=6 hq=0.309 fail | Dr=+0.411/+1.655 |Dr|max=1.655 Df=-0.546 | g r=2.032 f=2.421 p=1.500(0.013) max=3.241 | Ld=+0.4423 base=0.44 cap=0.00168 pcenter=0.000526 | Lg=+1.2872 | 10s | curv=+18.5 wide=+16 gfmed=2.648
 1400 hold m=8 hq=0.944 PASS | Dr=+0.395/+1.687 |Dr|max=1.687 Df=-0.137 | g r=1.819 f=1.954 p=1.359(0.020) max=3.239 | Ld=+0.4551 base=0.445 cap=0.00939 pcenter=0.000713 | Lg=+1.2826 | 10s | curv=+16.5 wide=+14.2 gfmed=2.121
 1410 hold m=8 hq=0.754 fail | Dr=+0.510/+1.738 |Dr|max=1.738 Df=-0.227 | g r=2.075 f=2.375 p=1.584(0.019) max=3.308 | Ld=+0.4282 base=0.42 cap=0.00249 pcenter=0.00567 | Lg=+1.3505 | 10s | curv=+19.3 wide=+16.3 gfmed=2.563
 1420 hold m=8 hq=0.854 fail | Dr=+0.478/+1.742 |Dr|max=1.742 Df=-0.129 | g r=1.841 f=2.027 p=1.387(0.028) max=3.150 | Ld=+0.4250 base=0.413 cap=0.00861 pcenter=0.00379 | Lg=+1.3195 | 10s | curv=+17 wide=+14.4 gfmed=2.217
 1430 hold m=8 hq=0.620 fail | Dr=+0.450/+1.690 |Dr|max=1.690 Df=-0.325 | g r=1.861 f=2.338 p=1.458(0.032) max=3.132 | Ld=+0.4940 base=0.482 cap=0.00133 pcenter=0.0105 | Lg=+1.2299 | 10s | curv=+17.2 wide=+14.8 gfmed=2.374
 1440 hold m=8 hq=0.546 fail | Dr=+0.233/+1.471 |Dr|max=1.471 Df=-0.491 | g r=1.868 f=2.062 p=1.406(0.015) max=3.236 | Ld=+0.5521 base=0.528 cap=1.97e-05 pcenter=0.0243 | Lg=+1.1122 | 10s | curv=+16.8 wide=+14.1 gfmed=2.092
 1450 hold m=8 hq=0.771 fail | Dr=+0.620/+1.939 |Dr|max=1.939 Df=-0.077 | g r=1.888 f=2.251 p=1.525(0.020) max=3.395 | Ld=+0.4235 base=0.397 cap=0.00219 pcenter=0.024 | Lg=+1.3540 | 10s | curv=+17.6 wide=+15 gfmed=2.437
 1460 hold m=8 hq=0.872 fail | Dr=+0.561/+1.822 |Dr|max=1.822 Df=-0.041 | g r=1.892 f=1.885 p=1.420(0.025) max=3.288 | Ld=+0.4325 base=0.389 cap=0.00474 pcenter=0.0384 | Lg=+1.3740 | 10s | curv=+17 wide=+14.9 gfmed=2.002
 1470 hold m=8 hq=0.524 fail | Dr=+0.493/+1.790 |Dr|max=1.790 Df=-0.339 | g r=2.022 f=2.348 p=1.582(0.009) max=3.366 | Ld=+0.4351 base=0.431 cap=2.89e-06 pcenter=0.00456 | Lg=+1.3621 | 10s | curv=+18.4 wide=+15.8 gfmed=2.427
 1480 hold m=8 hq=0.595 fail | Dr=+0.343/+1.419 |Dr|max=1.419 Df=-0.447 | g r=1.959 f=2.390 p=1.493(0.016) max=3.175 | Ld=+0.4618 base=0.457 cap=0.000232 pcenter=0.00465 | Lg=+1.2631 | 10s | curv=+17.4 wide=+15 gfmed=2.481
 1490 hold m=8 hq=0.835 fail | Dr=+0.429/+1.672 |Dr|max=1.672 Df=-0.228 | g r=1.924 f=2.050 p=1.443(0.003) max=3.483 | Ld=+0.4581 base=0.453 cap=3.64e-05 pcenter=0.00497 | Lg=+1.2861 | 10s | curv=+17.7 wide=+15.1 gfmed=2.050
 1500 hold m=8 hq=0.750 fail | Dr=+0.403/+1.741 |Dr|max=1.741 Df=-0.339 | g r=1.996 f=2.324 p=1.499(0.036) max=3.705 | Ld=+0.5061 base=0.503 cap=0.000887 pcenter=0.00273 | Lg=+1.1795 | 11s | curv=+17.7 wide=+15.2 gfmed=2.502
 1510 hold m=8 hq=0.615 fail | Dr=+0.460/+1.762 |Dr|max=1.762 Df=-0.299 | g r=1.765 f=2.004 p=1.379(0.026) max=3.140 | Ld=+0.4718 base=0.453 cap=0.00219 pcenter=0.0169 | Lg=+1.2950 | 11s | curv=+15.7 wide=+13.8 gfmed=1.876
 1520 hold m=8 hq=0.658 fail | Dr=+0.538/+1.873 |Dr|max=1.873 Df=-0.237 | g r=1.912 f=2.238 p=1.506(0.025) max=3.236 | Ld=+0.4284 base=0.408 cap=0.0084 pcenter=0.0118 | Lg=+1.3177 | 11s | curv=+17.3 wide=+14.9 gfmed=2.458
 1530 hold m=6 hq=0.562 fail | Dr=+0.390/+1.653 |Dr|max=1.653 Df=-0.425 | g r=2.019 f=2.411 p=1.464(0.008) max=3.165 | Ld=+0.4688 base=0.462 cap=0.00388 pcenter=0.00264 | Lg=+1.2644 | 11s | curv=+18.1 wide=+15.6 gfmed=2.392
 1540 hold m=7 hq=0.694 fail | Dr=+0.540/+1.818 |Dr|max=1.818 Df=-0.182 | g r=1.949 f=2.267 p=1.474(0.006) max=3.256 | Ld=+0.4624 base=0.419 cap=0.00383 pcenter=0.0399 | Lg=+1.3194 | 11s | curv=+17.4 wide=+15 gfmed=2.495
 1550 hold m=8 hq=0.488 fail | Dr=+0.528/+1.854 |Dr|max=1.854 Df=-0.341 | g r=1.975 f=2.306 p=1.527(0.007) max=3.273 | Ld=+0.4515 base=0.427 cap=0.00135 pcenter=0.0236 | Lg=+1.3419 | 11s | curv=+18 wide=+15.4 gfmed=2.359
 1560 hold m=5 hq=0.151 fail | Dr=+0.355/+1.616 |Dr|max=1.616 Df=-0.643 | g r=2.029 f=2.111 p=1.422(0.017) max=3.220 | Ld=+0.4748 base=0.456 cap=0.000813 pcenter=0.018 | Lg=+1.2799 | 11s | curv=+17.6 wide=+15.3 gfmed=2.271
 1570 hold m=6 hq=0.263 fail | Dr=+0.370/+1.697 |Dr|max=1.697 Df=-0.595 | g r=2.017 f=2.233 p=1.422(0.025) max=3.236 | Ld=+0.4864 base=0.483 cap=0.00347 pcenter=1.12e-05 | Lg=+1.2178 | 11s | curv=+18.3 wide=+15.5 gfmed=2.368
 1580 hold m=7 hq=0.339 fail | Dr=+0.448/+1.733 |Dr|max=1.733 Df=-0.516 | g r=2.088 f=2.318 p=1.490(0.034) max=3.216 | Ld=+0.4497 base=0.448 cap=0.000566 pcenter=0.000663 | Lg=+1.3084 | 11s | curv=+18.5 wide=+16 gfmed=2.531
 1590 hold m=7 hq=0.381 fail | Dr=+0.333/+1.533 |Dr|max=1.533 Df=-0.493 | g r=2.014 f=2.324 p=1.449(0.032) max=3.254 | Ld=+0.4963 base=0.482 cap=0.00394 pcenter=0.0102 | Lg=+1.2147 | 11s | curv=+17.5 wide=+15.1 gfmed=2.445
 1600 hold m=6 hq=0.289 fail | Dr=+0.378/+1.752 |Dr|max=1.752 Df=-0.506 | g r=2.084 f=2.251 p=1.492(0.015) max=3.334 | Ld=+0.4823 base=0.48 cap=0.000626 pcenter=0.00167 | Lg=+1.2575 | 11s | curv=+17.7 wide=+15.5 gfmed=2.360
 1610 hold m=8 hq=0.489 fail | Dr=+0.470/+1.826 |Dr|max=1.826 Df=-0.401 | g r=1.970 f=2.391 p=1.470(0.020) max=3.190 | Ld=+0.5184 base=0.498 cap=1.04e-07 pcenter=0.0202 | Lg=+1.2226 | 11s | curv=+17 wide=+14.8 gfmed=2.466
 1620 hold m=8 hq=0.533 fail | Dr=+0.338/+1.615 |Dr|max=1.615 Df=-0.387 | g r=1.848 f=1.847 p=1.268(0.014) max=3.126 | Ld=+0.5124 base=0.498 cap=0.0084 pcenter=0.00626 | Lg=+1.1751 | 11s | curv=+16 wide=+13.9 gfmed=1.994
 1630 hold m=7 hq=0.659 fail | Dr=+0.362/+1.654 |Dr|max=1.654 Df=-0.404 | g r=2.005 f=2.188 p=1.407(0.007) max=3.645 | Ld=+0.5322 base=0.532 cap=0.000559 pcenter=3.6e-05 | Lg=+1.1739 | 11s | curv=+17.7 wide=+15.4 gfmed=2.395
 1640 hold m=8 hq=0.823 fail | Dr=+0.476/+1.799 |Dr|max=1.799 Df=-0.286 | g r=2.047 f=2.426 p=1.484(0.009) max=3.546 | Ld=+0.4652 base=0.442 pcenter=0.0231 | Lg=+1.2788 | 11s | curv=+18 wide=+15.4 gfmed=2.510
 1650 hold m=8 hq=0.701 fail | Dr=+0.438/+1.810 |Dr|max=1.810 Df=-0.367 | g r=2.110 f=2.336 p=1.502(0.019) max=3.645 | Ld=+0.4638 base=0.462 cap=0.000521 pcenter=0.00162 | Lg=+1.2855 | 12s | curv=+18.6 wide=+15.7 gfmed=2.507
 1660 hold m=8 hq=0.830 fail | Dr=+0.431/+1.749 |Dr|max=1.749 Df=-0.340 | g r=2.132 f=2.565 p=1.524(0.040) max=3.610 | Ld=+0.4597 base=0.456 cap=0.000565 pcenter=0.00297 | Lg=+1.3009 | 12s | curv=+18.6 wide=+15.7 gfmed=2.723
 1670 hold m=8 hq=0.859 fail | Dr=+0.428/+1.717 |Dr|max=1.717 Df=-0.325 | g r=2.130 f=2.553 p=1.560(0.007) max=3.658 | Ld=+0.4463 base=0.443 cap=0.000909 pcenter=0.00207 | Lg=+1.3394 | 12s | curv=+18.5 wide=+15.6 gfmed=2.621
 1680 hold m=8 hq=0.450 fail | Dr=+0.298/+1.555 |Dr|max=1.555 Df=-0.513 | g r=2.088 f=2.368 p=1.478(0.028) max=3.295 | Ld=+0.4869 base=0.484 cap=0.000265 pcenter=0.00226 | Lg=+1.2817 | 12s | curv=+18.1 wide=+15.1 gfmed=2.380
 1690 hold m=8 hq=0.858 fail | Dr=+0.362/+1.693 |Dr|max=1.693 Df=-0.340 | g r=1.929 f=2.368 p=1.380(0.014) max=3.116 | Ld=+0.4883 base=0.485 cap=0.00361 pcenter=1.73e-05 | Lg=+1.2089 | 12s | curv=+17.2 wide=+14.6 gfmed=2.423
 1700 hold m=8 hq=0.757 fail | Dr=+0.382/+1.621 |Dr|max=1.621 Df=-0.271 | g r=1.856 f=2.162 p=1.347(0.026) max=3.269 | Ld=+0.4945 base=0.49 cap=0.00435 pcenter=0.000333 | Lg=+1.1435 | 12s | curv=+16.6 wide=+14 gfmed=2.378
 1710 hold m=8 hq=0.693 fail | Dr=+0.331/+1.707 |Dr|max=1.707 Df=-0.442 | g r=1.931 f=2.200 p=1.351(0.014) max=3.008 | Ld=+0.5190 base=0.516 cap=0.000719 pcenter=0.00224 | Lg=+1.1735 | 12s | curv=+16.4 wide=+14.2 gfmed=2.265
 1720 hold m=8 hq=0.518 fail | Dr=+0.232/+1.474 |Dr|max=1.474 Df=-0.484 | g r=1.993 f=2.105 p=1.424(0.009) max=3.163 | Ld=+0.5465 base=0.518 cap=0.000458 pcenter=0.028 | Lg=+1.1613 | 12s | curv=+17.5 wide=+14.7 gfmed=2.111
 1730 hold m=8 hq=0.793 fail | Dr=+0.538/+1.892 |Dr|max=1.892 Df=-0.122 | g r=2.063 f=2.157 p=1.483(0.022) max=3.764 | Ld=+0.4275 base=0.417 cap=0.00398 pcenter=0.00646 | Lg=+1.3687 | 12s | curv=+18.5 wide=+15.6 gfmed=2.350
 1740 hold m=8 hq=0.903 PASS | Dr=+0.396/+1.615 |Dr|max=1.615 Df=-0.271 | g r=2.091 f=2.616 p=1.495(0.020) max=3.421 | Ld=+0.4718 base=0.471 cap=4.09e-05 pcenter=0.000336 | Lg=+1.2482 | 12s | curv=+18.1 wide=+15.4 gfmed=2.719
 1750 hold m=8 hq=0.908 PASS | Dr=+0.369/+1.717 |Dr|max=1.717 Df=-0.169 | g r=1.875 f=1.975 p=1.295(0.009) max=3.201 | Ld=+0.4649 base=0.452 cap=0.0114 pcenter=0.00127 | Lg=+1.2346 | 12s | curv=+16 wide=+13.7 gfmed=2.112
 1760 hold m=8 hq=0.738 fail | Dr=+0.335/+1.652 |Dr|max=1.652 Df=-0.345 | g r=1.928 f=2.007 p=1.322(0.007) max=2.979 | Ld=+0.5049 base=0.498 cap=0.000589 pcenter=0.00625 | Lg=+1.1838 | 12s | curv=+16.6 wide=+13.8 gfmed=2.115
 1770 hold m=8 hq=0.940 PASS | Dr=+0.427/+1.854 |Dr|max=1.854 Df=-0.135 | g r=1.826 f=1.925 p=1.299(0.028) max=3.211 | Ld=+0.4567 base=0.44 cap=0.0118 pcenter=0.00487 | Lg=+1.2861 | 12s | curv=+16 wide=+13.4 gfmed=1.872
 1780 hold m=8 hq=0.593 fail | Dr=+0.292/+1.640 |Dr|max=1.640 Df=-0.502 | g r=2.093 f=2.170 p=1.357(0.025) max=3.216 | Ld=+0.5200 base=0.508 cap=0.000346 pcenter=0.0121 | Lg=+1.2153 | 12s | curv=+18.3 wide=+15.1 gfmed=2.252
 1790 hold m=8 hq=0.919 PASS | Dr=+0.542/+1.915 |Dr|max=1.915 Df=-0.057 | g r=2.051 f=2.128 p=1.474(0.014) max=3.352 | Ld=+0.4232 base=0.397 cap=0.00602 pcenter=0.02 | Lg=+1.4172 | 12s | curv=+18.5 wide=+15.6 gfmed=2.348
 1800 hold m=8 hq=0.771 fail | Dr=+0.454/+1.821 |Dr|max=1.821 Df=-0.276 | g r=2.106 f=2.579 p=1.589(0.009) max=3.632 | Ld=+0.4424 base=0.433 cap=7.3e-06 pcenter=0.00903 | Lg=+1.3594 | 13s | curv=+18.8 wide=+15.7 gfmed=2.727
 1810 hold m=8 hq=0.679 fail | Dr=+0.409/+1.815 |Dr|max=1.815 Df=-0.298 | g r=2.121 f=2.312 p=1.457(0.042) max=3.183 | Ld=+0.4890 base=0.485 cap=0.00158 pcenter=0.00279 | Lg=+1.2428 | 13s | curv=+18.4 wide=+15.6 gfmed=2.416
 1820 hold m=8 hq=0.638 fail | Dr=+0.424/+1.873 |Dr|max=1.873 Df=-0.353 | g r=2.077 f=2.330 p=1.465(0.035) max=3.170 | Ld=+0.4858 base=0.485 cap=0.000315 pcenter=0.000641 | Lg=+1.2570 | 13s | curv=+17.7 wide=+15.3 gfmed=2.367
 1830 hold m=8 hq=0.649 fail | Dr=+0.246/+1.544 |Dr|max=1.544 Df=-0.471 | g r=2.036 f=2.352 p=1.386(0.012) max=3.006 | Ld=+0.5357 base=0.507 cap=0.00231 pcenter=0.0266 | Lg=+1.1526 | 13s | curv=+17.6 wide=+14.8 gfmed=2.486
 1840 hold m=8 hq=0.715 fail | Dr=+0.359/+1.603 |Dr|max=1.603 Df=-0.323 | g r=1.842 f=2.008 p=1.343(0.029) max=2.899 | Ld=+0.5136 base=0.505 cap=0.00821 pcenter=1.65e-05 | Lg=+1.1239 | 13s | curv=+15.4 wide=+13 gfmed=2.227
 1850 hold m=8 hq=0.830 fail | Dr=+0.437/+1.796 |Dr|max=1.796 Df=-0.257 | g r=2.014 f=2.294 p=1.438(0.010) max=3.169 | Ld=+0.4800 base=0.474 cap=6.5e-05 pcenter=0.00569 | Lg=+1.2863 | 13s | curv=+16.9 wide=+14.5 gfmed=2.426
 1860 hold m=8 hq=0.769 fail | Dr=+0.476/+1.900 |Dr|max=1.900 Df=-0.244 | g r=1.947 f=2.382 p=1.512(0.013) max=3.270 | Ld=+0.4631 base=0.454 cap=0.0026 pcenter=0.00624 | Lg=+1.3193 | 13s | curv=+17.8 wide=+15.2 gfmed=2.530
 1870 hold m=8 hq=0.806 fail | Dr=+0.430/+1.857 |Dr|max=1.857 Df=-0.271 | g r=2.166 f=2.483 p=1.504(0.017) max=3.346 | Ld=+0.4853 base=0.484 cap=0.000156 pcenter=0.00139 | Lg=+1.2921 | 13s | curv=+19.3 wide=+16.1 gfmed=2.699
 1880 hold m=8 hq=0.769 fail | Dr=+0.522/+1.936 |Dr|max=1.936 Df=-0.214 | g r=2.165 f=2.449 p=1.552(0.028) max=3.360 | Ld=+0.4480 base=0.44 cap=0.0013 pcenter=0.0067 | Lg=+1.3281 | 13s | curv=+19.2 wide=+16.4 gfmed=2.563
 1890 hold m=8 hq=0.479 fail | Dr=+0.348/+1.669 |Dr|max=1.669 Df=-0.478 | g r=1.887 f=2.146 p=1.312(0.011) max=3.038 | Ld=+0.5240 base=0.524 pcenter=0.000117 | Lg=+1.1680 | 13s | curv=+16.4 wide=+13.8 gfmed=2.212
 1900 hold m=8 hq=0.718 fail | Dr=+0.482/+1.789 |Dr|max=1.789 Df=-0.213 | g r=2.023 f=2.339 p=1.426(0.017) max=3.199 | Ld=+0.4782 base=0.466 cap=0.00896 pcenter=0.0032 | Lg=+1.2389 | 13s | curv=+17.9 wide=+15 gfmed=2.414
 1910 hold m=8 hq=0.591 fail | Dr=+0.409/+1.818 |Dr|max=1.818 Df=-0.382 | g r=2.075 f=2.458 p=1.476(0.007) max=3.199 | Ld=+0.4866 base=0.486 cap=6.09e-06 pcenter=0.000517 | Lg=+1.2357 | 13s | curv=+18.2 wide=+15.4 gfmed=2.505
 1920 hold m=8 hq=0.585 fail | Dr=+0.377/+1.740 |Dr|max=1.740 Df=-0.414 | g r=2.098 f=2.412 p=1.463(0.020) max=3.202 | Ld=+0.4937 base=0.494 cap=2.75e-05 pcenter=5.03e-07 | Lg=+1.2640 | 13s | curv=+18.3 wide=+15.3 gfmed=2.600
 1930 hold m=8 hq=0.537 fail | Dr=+0.260/+1.477 |Dr|max=1.477 Df=-0.495 | g r=2.034 f=2.298 p=1.393(0.012) max=3.139 | Ld=+0.5651 base=0.541 cap=0.000276 pcenter=0.0241 | Lg=+1.1080 | 13s | curv=+17.9 wide=+15.1 gfmed=2.471
 1940 hold m=8 hq=0.689 fail | Dr=+0.472/+1.862 |Dr|max=1.862 Df=-0.261 | g r=2.187 f=2.413 p=1.536(0.011) max=3.250 | Ld=+0.4626 base=0.449 cap=0.000978 pcenter=0.0128 | Lg=+1.3112 | 14s | curv=+19.6 wide=+16.4 gfmed=2.606
 1950 hold m=8 hq=0.749 fail | Dr=+0.404/+1.809 |Dr|max=1.809 Df=-0.285 | g r=1.996 f=2.188 p=1.364(0.019) max=3.324 | Ld=+0.5029 base=0.494 cap=0.00684 pcenter=0.00175 | Lg=+1.2094 | 14s | curv=+17.4 wide=+14.6 gfmed=2.247
 1960 hold m=8 hq=0.698 fail | Dr=+0.387/+1.864 |Dr|max=1.864 Df=-0.370 | g r=2.149 f=2.486 p=1.496(0.019) max=3.503 | Ld=+0.4967 base=0.496 cap=0.000189 pcenter=7.59e-05 | Lg=+1.2564 | 14s | curv=+18.8 wide=+16 gfmed=2.627
 1970 hold m=8 hq=0.649 fail | Dr=+0.417/+1.829 |Dr|max=1.829 Df=-0.364 | g r=2.236 f=2.482 p=1.583(0.008) max=3.379 | Ld=+0.4822 base=0.478 cap=0.000116 pcenter=0.00385 | Lg=+1.2954 | 14s | curv=+19.6 wide=+16.5 gfmed=2.637
 1980 hold m=8 hq=0.711 fail | Dr=+0.418/+1.688 |Dr|max=1.688 Df=-0.334 | g r=2.000 f=2.300 p=1.452(0.009) max=3.096 | Ld=+0.4886 base=0.471 pcenter=0.0173 | Lg=+1.2347 | 14s | curv=+17.9 wide=+15 gfmed=2.392
 1990 hold m=8 hq=0.826 fail | Dr=+0.452/+1.916 |Dr|max=1.916 Df=-0.259 | g r=2.175 f=2.397 p=1.514(0.030) max=3.640 | Ld=+0.4664 base=0.465 cap=0.000559 pcenter=0.00113 | Lg=+1.2753 | 14s | curv=+18.9 wide=+16 gfmed=2.570
 2000 hold m=8 hq=0.818 fail | Dr=+0.441/+1.769 |Dr|max=1.769 Df=-0.285 | g r=2.224 f=2.524 p=1.585(0.004) max=3.538 | Ld=+0.4338 base=0.429 cap=0.000645 pcenter=0.00408 | Lg=+1.3618 | 14s | curv=+19.4 wide=+16.4 gfmed=2.692
 2010 hold m=8 hq=0.494 fail | Dr=+0.422/+1.804 |Dr|max=1.804 Df=-0.455 | g r=2.338 f=2.641 p=1.698(0.035) max=3.431 | Ld=+0.4270 base=0.427 cap=0.0003 pcenter=1.87e-07 | Lg=+1.3874 | 14s | curv=+19.9 wide=+17.2 gfmed=2.748
 2020 hold m=8 hq=0.804 fail | Dr=+0.382/+1.715 |Dr|max=1.715 Df=-0.323 | g r=2.127 f=2.443 p=1.492(0.009) max=3.254 | Ld=+0.4943 base=0.493 cap=7.19e-05 pcenter=0.000982 | Lg=+1.1978 | 14s | curv=+18.1 wide=+15.3 gfmed=2.582
 2030 hold m=8 hq=0.884 fail | Dr=+0.332/+1.702 |Dr|max=1.702 Df=-0.312 | g r=1.950 f=2.175 p=1.342(0.028) max=3.133 | Ld=+0.4981 base=0.496 cap=0.00147 pcenter=0.000185 | Lg=+1.2164 | 14s | curv=+16.5 wide=+14 gfmed=2.295
 2040 hold m=8 hq=0.878 fail | Dr=+0.370/+1.763 |Dr|max=1.763 Df=-0.326 | g r=1.937 f=2.335 p=1.395(0.009) max=3.470 | Ld=+0.5219 base=0.52 cap=0.000612 pcenter=0.0018 | Lg=+1.1989 | 14s | curv=+16.2 wide=+13.6 gfmed=2.413
 2050 hold m=8 hq=0.764 fail | Dr=+0.403/+1.683 |Dr|max=1.683 Df=-0.313 | g r=2.084 f=2.124 p=1.431(0.012) max=3.552 | Ld=+0.4807 base=0.478 cap=0.000685 pcenter=0.00217 | Lg=+1.2377 | 14s | curv=+17.9 wide=+15.1 gfmed=2.446
 2060 hold m=8 hq=0.875 fail | Dr=+0.408/+1.697 |Dr|max=1.697 Df=-0.274 | g r=2.083 f=2.239 p=1.446(0.015) max=3.342 | Ld=+0.4456 base=0.442 cap=0.00182 pcenter=0.00226 | Lg=+1.3341 | 14s | curv=+17.6 wide=+15.1 gfmed=2.502
 2070 hold m=8 hq=0.843 fail | Dr=+0.374/+1.630 |Dr|max=1.630 Df=-0.321 | g r=2.054 f=2.361 p=1.442(0.013) max=3.235 | Ld=+0.4731 base=0.471 cap=0.00102 pcenter=0.000754 | Lg=+1.2759 | 14s | curv=+17.1 wide=+14.6 gfmed=2.457
 2080 hold m=8 hq=0.856 fail | Dr=+0.465/+1.933 |Dr|max=1.933 Df=-0.230 | g r=2.140 f=2.446 p=1.514(0.025) max=3.332 | Ld=+0.4581 base=0.452 cap=0.000317 pcenter=0.00575 | Lg=+1.2963 | 14s | curv=+18 wide=+15.3 gfmed=2.621
 2090 hold m=8 hq=0.764 fail | Dr=+0.328/+1.601 |Dr|max=1.601 Df=-0.371 | g r=1.965 f=2.282 p=1.408(0.020) max=3.190 | Ld=+0.4911 base=0.49 pcenter=0.00161 | Lg=+1.2074 | 14s | curv=+16.1 wide=+13.7 gfmed=2.401
 2100 hold m=8 hq=0.426 fail | Dr=+0.349/+1.605 |Dr|max=1.605 Df=-0.538 | g r=2.194 f=2.440 p=1.625(0.049) max=3.337 | Ld=+0.4801 base=0.479 cap=0.000453 pcenter=0.0011 | Lg=+1.2577 | 15s | curv=+18.2 wide=+15.4 gfmed=2.551
 2110 hold m=8 hq=0.667 fail | Dr=+0.427/+1.839 |Dr|max=1.839 Df=-0.384 | g r=2.236 f=2.533 p=1.616(0.018) max=3.193 | Ld=+0.4747 base=0.473 cap=0.000388 pcenter=0.00093 | Lg=+1.2529 | 15s | curv=+18.8 wide=+15.7 gfmed=2.673
 2120 hold m=8 hq=0.726 fail | Dr=+0.429/+1.813 |Dr|max=1.813 Df=-0.284 | g r=2.045 f=2.231 p=1.457(0.007) max=3.124 | Ld=+0.4728 base=0.471 cap=0.00131 pcenter=0.000336 | Lg=+1.2312 | 15s | curv=+16.5 wide=+13.8 gfmed=2.214
 2130 hold m=8 hq=0.761 fail | Dr=+0.397/+1.723 |Dr|max=1.723 Df=-0.309 | g r=2.107 f=2.209 p=1.500(0.041) max=3.288 | Ld=+0.4429 base=0.432 cap=0.0107 pcenter=0.000247 | Lg=+1.3344 | 15s | curv=+17.4 wide=+14.5 gfmed=2.334
 2140 hold m=8 hq=0.781 fail | Dr=+0.453/+1.892 |Dr|max=1.892 Df=-0.299 | g r=2.089 f=2.419 p=1.532(0.014) max=3.191 | Ld=+0.4725 base=0.466 cap=3.17e-06 pcenter=0.00668 | Lg=+1.2717 | 15s | curv=+17.3 wide=+14.6 gfmed=2.472
 2150 hold m=8 hq=0.868 fail | Dr=+0.432/+1.655 |Dr|max=1.655 Df=-0.185 | g r=2.007 f=2.240 p=1.398(0.036) max=3.094 | Ld=+0.4662 base=0.455 cap=0.0023 pcenter=0.00849 | Lg=+1.2446 | 15s | curv=+16.5 wide=+14.1 gfmed=2.449
 2160 hold m=8 hq=0.884 fail | Dr=+0.448/+1.801 |Dr|max=1.801 Df=-0.187 | g r=1.926 f=2.094 p=1.402(0.013) max=3.743 | Ld=+0.4800 base=0.466 cap=0.00244 pcenter=0.0114 | Lg=+1.2494 | 15s | curv=+15.6 wide=+13.6 gfmed=2.297
 2170 hold m=8 hq=0.616 fail | Dr=+0.318/+1.563 |Dr|max=1.563 Df=-0.484 | g r=2.171 f=2.522 p=1.573(0.005) max=3.450 | Ld=+0.4994 base=0.497 cap=0.000582 pcenter=0.00148 | Lg=+1.2202 | 15s | curv=+17.7 wide=+15.1 gfmed=2.606
 2180 hold m=8 hq=0.829 fail | Dr=+0.479/+1.880 |Dr|max=1.880 Df=-0.191 | g r=2.151 f=2.407 p=1.529(0.041) max=3.217 | Ld=+0.4673 base=0.463 cap=0.00218 pcenter=0.00224 | Lg=+1.2922 | 15s | curv=+17.2 wide=+14.7 gfmed=2.539
 2190 hold m=8 hq=0.638 fail | Dr=+0.366/+1.635 |Dr|max=1.635 Df=-0.425 | g r=2.214 f=2.597 p=1.580(0.008) max=3.263 | Ld=+0.4740 base=0.474 cap=0.000133 pcenter=0.000105 | Lg=+1.2805 | 15s | curv=+18 wide=+15.2 gfmed=2.701
 2200 hold m=8 hq=0.720 fail | Dr=+0.338/+1.590 |Dr|max=1.590 Df=-0.398 | g r=2.152 f=2.424 p=1.519(0.033) max=3.123 | Ld=+0.4903 base=0.489 cap=0.000369 pcenter=0.00135 | Lg=+1.2338 | 15s | curv=+17.9 wide=+14.8 gfmed=2.599
 2210 hold m=8 hq=0.906 PASS | Dr=+0.348/+1.568 |Dr|max=1.568 Df=-0.227 | g r=1.941 f=2.259 p=1.375(0.011) max=3.530 | Ld=+0.4751 base=0.468 cap=0.00699 pcenter=0.000236 | Lg=+1.2036 | 15s | curv=+15.5 wide=+13 gfmed=2.406
 2220 hold m=8 hq=0.639 fail | Dr=+0.396/+1.823 |Dr|max=1.823 Df=-0.392 | g r=2.200 f=2.491 p=1.525(0.020) max=3.471 | Ld=+0.4915 base=0.491 cap=0.000237 pcenter=3.61e-05 | Lg=+1.2275 | 15s | curv=+18.1 wide=+15.1 gfmed=2.564
 2230 hold m=8 hq=0.808 fail | Dr=+0.496/+1.881 |Dr|max=1.881 Df=-0.196 | g r=2.165 f=2.314 p=1.543(0.035) max=3.298 | Ld=+0.4629 base=0.448 cap=7.63e-05 pcenter=0.0149 | Lg=+1.3097 | 15s | curv=+17.9 wide=+15.2 gfmed=2.495
 2240 hold m=8 hq=0.716 fail | Dr=+0.444/+1.889 |Dr|max=1.889 Df=-0.362 | g r=2.296 f=2.583 p=1.613(0.010) max=3.283 | Ld=+0.4815 base=0.477 cap=2.71e-05 pcenter=0.00449 | Lg=+1.2629 | 16s | curv=+18.8 wide=+15.7 gfmed=2.711
 2250 hold m=8 hq=0.741 fail | Dr=+0.323/+1.592 |Dr|max=1.592 Df=-0.391 | g r=2.132 f=2.513 p=1.505(0.033) max=3.314 | Ld=+0.4969 base=0.491 cap=0.000725 pcenter=0.0051 | Lg=+1.1858 | 16s | curv=+17.6 wide=+14.6 gfmed=2.637
 2260 hold m=8 hq=0.784 fail | Dr=+0.426/+1.762 |Dr|max=1.762 Df=-0.309 | g r=2.189 f=2.546 p=1.567(0.019) max=3.132 | Ld=+0.4605 base=0.46 cap=0.000767 pcenter=0.000183 | Lg=+1.2662 | 16s | curv=+18.1 wide=+15 gfmed=2.641
 2270 hold m=8 hq=0.773 fail | Dr=+0.412/+1.791 |Dr|max=1.791 Df=-0.297 | g r=2.170 f=2.504 p=1.531(0.015) max=3.211 | Ld=+0.4856 base=0.482 cap=3.62e-05 pcenter=0.00371 | Lg=+1.2384 | 16s | curv=+17.5 wide=+14.8 gfmed=2.652
 2280 hold m=8 hq=0.879 fail | Dr=+0.394/+1.646 |Dr|max=1.646 Df=-0.205 | g r=2.081 f=2.201 p=1.436(0.035) max=3.062 | Ld=+0.4906 base=0.484 cap=0.0012 pcenter=0.00573 | Lg=+1.2239 | 16s | curv=+17 wide=+14.3 gfmed=2.233
 2290 hold m=8 hq=0.796 fail | Dr=+0.365/+1.582 |Dr|max=1.582 Df=-0.330 | g r=2.098 f=2.463 p=1.488(0.044) max=3.262 | Ld=+0.5025 base=0.502 cap=1.61e-05 pcenter=0.0002 | Lg=+1.2064 | 16s | curv=+16.4 wide=+14.2 gfmed=2.588
 2300 hold m=8 hq=0.855 fail | Dr=+0.364/+1.673 |Dr|max=1.673 Df=-0.266 | g r=2.003 f=2.265 p=1.387(0.016) max=3.008 | Ld=+0.5097 base=0.507 pcenter=0.00245 | Lg=+1.1820 | 16s | curv=+16 wide=+13.3 gfmed=2.368
 2310 hold m=8 hq=0.823 fail | Dr=+0.272/+1.370 |Dr|max=1.370 Df=-0.392 | g r=2.005 f=2.414 p=1.434(0.011) max=2.956 | Ld=+0.5078 base=0.505 cap=0.000183 pcenter=0.00232 | Lg=+1.1722 | 16s | curv=+15.9 wide=+13.6 gfmed=2.506
 2320 hold m=8 hq=0.669 fail | Dr=+0.377/+1.682 |Dr|max=1.682 Df=-0.384 | g r=2.215 f=2.375 p=1.534(0.033) max=3.225 | Ld=+0.4860 base=0.486 cap=0.000285 pcenter=1.11e-05 | Lg=+1.2154 | 16s | curv=+17.8 wide=+14.8 gfmed=2.509
 2330 hold m=8 hq=0.857 fail | Dr=+0.429/+1.800 |Dr|max=1.800 Df=-0.225 | g r=2.131 f=2.477 p=1.456(0.032) max=3.231 | Ld=+0.4792 base=0.475 cap=0.00347 pcenter=0.000267 | Lg=+1.2171 | 16s | curv=+16.9 wide=+14.3 gfmed=2.687
 2340 hold m=8 hq=0.911 PASS | Dr=+0.438/+1.816 |Dr|max=1.816 Df=-0.193 | g r=2.129 f=2.320 p=1.455(0.009) max=3.153 | Ld=+0.4843 base=0.472 cap=0.00201 pcenter=0.00985 | Lg=+1.2175 | 16s | curv=+17 wide=+14.3 gfmed=2.450
 2350 hold m=8 hq=0.822 fail | Dr=+0.359/+1.754 |Dr|max=1.754 Df=-0.322 | g r=2.201 f=2.420 p=1.500(0.024) max=3.322 | Ld=+0.4791 base=0.476 cap=0.00269 pcenter=1.38e-05 | Lg=+1.2351 | 16s | curv=+17.3 wide=+14.4 gfmed=2.467
 2360 hold m=8 hq=0.851 fail | Dr=+0.453/+1.781 |Dr|max=1.781 Df=-0.243 | g r=2.204 f=2.557 p=1.580(0.020) max=3.239 | Ld=+0.4697 base=0.468 cap=0.001 pcenter=0.000714 | Lg=+1.2680 | 16s | curv=+17.8 wide=+14.9 gfmed=2.731
 2370 hold m=8 hq=0.913 PASS | Dr=+0.456/+1.708 |Dr|max=1.708 Df=-0.122 | g r=2.075 f=2.291 p=1.413(0.013) max=3.145 | Ld=+0.4785 base=0.467 cap=0.00258 pcenter=0.00865 | Lg=+1.2354 | 16s | curv=+17 wide=+14.2 gfmed=2.585
 2380 hold m=8 hq=0.879 fail | Dr=+0.290/+1.617 |Dr|max=1.617 Df=-0.340 | g r=2.065 f=2.411 p=1.412(0.009) max=3.152 | Ld=+0.5292 base=0.528 cap=1.49e-05 pcenter=0.000952 | Lg=+1.1316 | 17s | curv=+17 wide=+14 gfmed=2.463
 2390 hold m=8 hq=0.672 fail | Dr=+0.359/+1.713 |Dr|max=1.713 Df=-0.415 | g r=2.142 f=2.414 p=1.470(0.014) max=3.376 | Ld=+0.5130 base=0.512 cap=8.05e-05 pcenter=0.00101 | Lg=+1.1835 | 17s | curv=+17.3 wide=+14.4 gfmed=2.611
 2400 hold m=8 hq=0.773 fail | Dr=+0.309/+1.617 |Dr|max=1.617 Df=-0.404 | g r=2.088 f=2.326 p=1.420(0.034) max=3.077 | Ld=+0.5275 base=0.519 cap=6.01e-06 pcenter=0.00826 | Lg=+1.1488 | 17s | curv=+17 wide=+14.2 gfmed=2.399
# shift (1,0) after 2400; frozen copy on new target: m=1 hq=0.001
 2410 post m=6 hq=0.114 fail | Dr=+0.658/+2.056 |Dr|max=2.056 Df=-0.242 | g r=1.311 f=1.427 p=1.391(0.012) max=3.276 | Ld=+0.4449 base=0.387 cap=0.0112 pcenter=0.0467 | Lg=+1.3579 | 17s | curv=+9.24 wide=+8.45 gfmed=1.329
 2420 post m=5 hq=0.171 fail | Dr=+0.664/+2.098 |Dr|max=2.098 Df=-0.386 | g r=1.363 f=1.595 p=1.450(0.016) max=3.337 | Ld=+0.3945 base=0.363 cap=0.00229 pcenter=0.0297 | Lg=+1.4664 | 17s | curv=+10.8 wide=+10.1 gfmed=1.590
 2430 post m=6 hq=0.216 fail | Dr=+0.533/+1.889 |Dr|max=1.889 Df=-0.421 | g r=1.505 f=1.378 p=1.373(0.007) max=3.544 | Ld=+0.4214 base=0.416 cap=0.000651 pcenter=0.00486 | Lg=+1.3466 | 17s | curv=+13.1 wide=+11.2 gfmed=1.307
 2440 post m=7 hq=0.203 fail | Dr=+0.362/+1.177 |Dr|max=1.177 Df=-0.484 | g r=1.452 f=2.158 p=1.570(0.011) max=3.637 | Ld=+0.4424 base=0.422 cap=0.00262 pcenter=0.018 | Lg=+1.3449 | 17s | curv=+13.8 wide=+12.5 gfmed=2.350
 2450 post m=7 hq=0.464 fail | Dr=+0.372/+1.469 |Dr|max=1.469 Df=-0.381 | g r=1.578 f=1.956 p=1.501(0.049) max=3.657 | Ld=+0.4743 base=0.471 cap=0.00252 pcenter=0.000351 | Lg=+1.2124 | 17s | curv=+15.2 wide=+13.2 gfmed=1.913
 2460 post m=6 hq=0.790 fail | Dr=+0.335/+1.617 |Dr|max=1.617 Df=-0.341 | g r=1.639 f=1.939 p=1.483(0.028) max=3.463 | Ld=+0.4541 base=0.441 cap=0.00164 pcenter=0.0115 | Lg=+1.3139 | 17s | curv=+15.2 wide=+13.1 gfmed=2.074
 2470 post m=5 hq=0.552 fail | Dr=+0.334/+1.599 |Dr|max=1.599 Df=-0.447 | g r=1.426 f=1.517 p=1.316(0.036) max=3.860 | Ld=+0.5108 base=0.488 cap=0.0103 pcenter=0.0128 | Lg=+1.2099 | 17s | curv=+13.4 wide=+11.7 gfmed=1.362
 2480 post m=5 hq=0.480 fail | Dr=+0.212/+1.532 |Dr|max=1.532 Df=-0.604 | g r=1.564 f=1.536 p=1.346(0.019) max=3.701 | Ld=+0.5665 base=0.514 cap=0.00158 pcenter=0.0511 | Lg=+1.1885 | 17s | curv=+14.6 wide=+12.7 gfmed=1.302
 2490 post m=5 hq=0.476 fail | Dr=+0.256/+1.642 |Dr|max=1.642 Df=-0.621 | g r=1.574 f=1.546 p=1.384(0.012) max=3.562 | Ld=+0.5103 base=0.485 cap=0.000399 pcenter=0.0247 | Lg=+1.2439 | 17s | curv=+14.1 wide=+12.4 gfmed=1.154
 2500 post m=7 hq=0.826 fail | Dr=+0.158/+1.464 |Dr|max=1.464 Df=-0.517 | g r=1.369 f=1.304 p=1.240(0.016) max=3.699 | Ld=+0.5617 base=0.521 cap=0.00314 pcenter=0.0377 | Lg=+1.1761 | 17s | curv=+11.2 wide=+10.3 gfmed=0.892
 2510 post m=8 hq=0.578 fail | Dr=+0.297/+1.702 |Dr|max=1.702 Df=-0.494 | g r=1.283 f=1.160 p=1.178(0.007) max=3.524 | Ld=+0.5087 base=0.5 cap=0.00101 pcenter=0.00816 | Lg=+1.2355 | 17s | curv=+11.5 wide=+10.2 gfmed=1.073
 2520 post m=8 hq=0.676 fail | Dr=+0.325/+1.674 |Dr|max=1.674 Df=-0.485 | g r=1.390 f=1.347 p=1.302(0.019) max=3.577 | Ld=+0.4588 base=0.45 cap=0.00344 pcenter=0.00512 | Lg=+1.3294 | 17s | curv=+12.6 wide=+11.4 gfmed=1.049
 2530 post m=8 hq=0.836 fail | Dr=+0.632/+2.349 |Dr|max=2.349 Df=-0.154 | g r=1.272 f=1.370 p=1.234(0.009) max=3.797 | Ld=+0.4663 base=0.447 cap=0.00203 pcenter=0.0172 | Lg=+1.3754 | 18s | curv=+10.3 wide=+9.51 gfmed=1.033
 2540 post m=7 hq=0.803 fail | Dr=+0.573/+2.218 |Dr|max=2.218 Df=-0.205 | g r=1.283 f=1.304 p=1.226(0.039) max=3.846 | Ld=+0.4656 base=0.445 cap=0.00343 pcenter=0.0176 | Lg=+1.3466 | 18s | curv=+10.8 wide=+10 gfmed=1.151
 2550 post m=7 hq=0.832 fail | Dr=+0.214/+1.621 |Dr|max=1.621 Df=-0.509 | g r=1.348 f=1.233 p=1.134(0.014) max=3.599 | Ld=+0.5592 base=0.523 cap=0.0101 pcenter=0.0263 | Lg=+1.1949 | 18s | curv=+12.6 wide=+11.1 gfmed=1.020
 2560 post m=8 hq=0.686 fail | Dr=+0.580/+2.209 |Dr|max=2.209 Df=-0.280 | g r=1.348 f=1.489 p=1.241(0.018) max=3.763 | Ld=+0.5037 base=0.466 cap=0.00164 pcenter=0.0364 | Lg=+1.3086 | 18s | curv=+12.1 wide=+11.3 gfmed=1.274
 2570 post m=8 hq=0.786 fail | Dr=+0.574/+2.417 |Dr|max=2.417 Df=-0.247 | g r=1.277 f=1.275 p=1.161(0.009) max=3.520 | Ld=+0.5138 base=0.485 cap=0.00314 pcenter=0.0261 | Lg=+1.2870 | 18s | curv=+10.4 wide=+9.66 gfmed=0.911
 2580 post m=8 hq=0.861 fail | Dr=+0.370/+2.011 |Dr|max=2.011 Df=-0.382 | g r=1.347 f=1.212 p=1.149(0.016) max=3.455 | Ld=+0.5090 base=0.5 cap=0.00873 pcenter=0.000483 | Lg=+1.2383 | 18s | curv=+11.8 wide=+10.6 gfmed=0.940
 2590 post m=7 hq=0.641 fail | Dr=+0.383/+2.100 |Dr|max=2.100 Df=-0.454 | g r=1.422 f=1.200 p=1.178(0.010) max=3.750 | Ld=+0.4898 base=0.488 cap=5.97e-05 pcenter=0.00147 | Lg=+1.2786 | 18s | curv=+12.8 wide=+11.5 gfmed=0.796
 2600 post m=6 hq=0.371 fail | Dr=+0.268/+1.934 |Dr|max=1.934 Df=-0.650 | g r=1.481 f=1.351 p=1.247(0.006) max=3.412 | Ld=+0.5221 base=0.49 cap=0.000153 pcenter=0.0316 | Lg=+1.2748 | 18s | curv=+13.6 wide=+12.2 gfmed=1.124
 2610 post m=8 hq=0.722 fail | Dr=+0.474/+2.356 |Dr|max=2.356 Df=-0.373 | g r=1.316 f=1.325 p=1.131(0.017) max=3.569 | Ld=+0.4965 base=0.489 cap=0.000751 pcenter=0.00658 | Lg=+1.3275 | 18s | curv=+11.3 wide=+10.1 gfmed=0.982
 2620 post m=8 hq=0.786 fail | Dr=+0.331/+1.830 |Dr|max=1.830 Df=-0.284 | g r=1.500 f=1.252 p=1.179(0.034) max=3.145 | Ld=+0.5383 base=0.525 cap=0.000265 pcenter=0.0129 | Lg=+1.1492 | 18s | curv=+14.3 wide=+12.4 gfmed=1.165
 2630 post m=6 hq=0.550 fail | Dr=+0.403/+2.030 |Dr|max=2.030 Df=-0.449 | g r=1.576 f=1.909 p=1.350(0.023) max=3.579 | Ld=+0.4626 base=0.459 cap=0.00176 pcenter=0.00172 | Lg=+1.2729 | 18s | curv=+15.2 wide=+13.6 gfmed=1.760
 2640 post m=5 hq=0.462 fail | Dr=+0.348/+1.920 |Dr|max=1.920 Df=-0.491 | g r=1.704 f=1.646 p=1.342(0.024) max=3.288 | Ld=+0.4936 base=0.483 cap=0.00435 pcenter=0.00673 | Lg=+1.2134 | 18s | curv=+15.8 wide=+14.2 gfmed=1.843
 2650 post m=7 hq=0.582 fail | Dr=+0.377/+2.099 |Dr|max=2.099 Df=-0.402 | g r=1.561 f=1.797 p=1.298(0.034) max=3.365 | Ld=+0.5202 base=0.516 cap=0.00345 pcenter=0.000662 | Lg=+1.1792 | 18s | curv=+14.5 wide=+13.1 gfmed=1.817
 2660 post m=7 hq=0.382 fail | Dr=+0.343/+1.962 |Dr|max=1.962 Df=-0.575 | g r=1.759 f=1.976 p=1.446(0.056) max=3.589 | Ld=+0.5050 base=0.489 cap=0.000859 pcenter=0.0156 | Lg=+1.2531 | 18s | curv=+16.1 wide=+14.3 gfmed=2.092
 2670 post m=7 hq=0.559 fail | Dr=+0.450/+2.254 |Dr|max=2.254 Df=-0.412 | g r=1.706 f=2.077 p=1.372(0.006) max=3.175 | Ld=+0.4860 base=0.484 cap=3.2e-05 pcenter=0.00148 | Lg=+1.2672 | 18s | curv=+15.9 wide=+13.8 gfmed=2.297
 2680 post m=7 hq=0.670 fail | Dr=+0.579/+2.508 |Dr|max=2.508 Df=-0.314 | g r=1.784 f=2.210 p=1.517(0.037) max=3.322 | Ld=+0.4520 base=0.442 cap=0.000232 pcenter=0.00996 | Lg=+1.3699 | 19s | curv=+17.2 wide=+15.1 gfmed=2.400
 2690 post m=8 hq=0.571 fail | Dr=+0.365/+2.139 |Dr|max=2.139 Df=-0.458 | g r=1.668 f=1.823 p=1.357(0.007) max=3.590 | Ld=+0.4682 base=0.46 cap=0.00464 pcenter=0.00321 | Lg=+1.3041 | 19s | curv=+15.4 wide=+13.7 gfmed=1.895
 2700 post m=7 hq=0.504 fail | Dr=+0.436/+2.380 |Dr|max=2.380 Df=-0.545 | g r=1.912 f=2.241 p=1.568(0.081) max=3.499 | Ld=+0.4334 base=0.429 cap=0.000495 pcenter=0.00419 | Lg=+1.4181 | 19s | curv=+17.3 wide=+15.2 gfmed=2.528
 2710 post m=7 hq=0.590 fail | Dr=+0.332/+2.231 |Dr|max=2.231 Df=-0.530 | g r=1.764 f=2.018 p=1.485(0.072) max=3.353 | Ld=+0.4679 base=0.456 cap=0.000786 pcenter=0.0111 | Lg=+1.2959 | 19s | curv=+16.3 wide=+14.3 gfmed=2.256
 2720 post m=8 hq=0.658 fail | Dr=+0.560/+2.752 |Dr|max=2.752 Df=-0.311 | g r=1.495 f=1.482 p=1.263(0.024) max=3.528 | Ld=+0.4512 base=0.437 cap=0.0102 pcenter=0.00441 | Lg=+1.4169 | 19s | curv=+13.2 wide=+11.6 gfmed=1.634
 2730 post m=8 hq=0.629 fail | Dr=+0.496/+2.564 |Dr|max=2.564 Df=-0.414 | g r=1.659 f=1.664 p=1.382(0.017) max=3.306 | Ld=+0.4596 base=0.458 cap=0.00181 pcenter=0.000204 | Lg=+1.3707 | 19s | curv=+15.1 wide=+13.3 gfmed=2.060
 2740 post m=8 hq=0.617 fail | Dr=+0.401/+2.252 |Dr|max=2.252 Df=-0.473 | g r=1.717 f=1.694 p=1.420(0.012) max=3.443 | Ld=+0.4657 base=0.464 cap=0.00129 pcenter=5.47e-06 | Lg=+1.3564 | 19s | curv=+15.6 wide=+13.7 gfmed=2.156
 2750 post m=8 hq=0.566 fail | Dr=+0.463/+2.441 |Dr|max=2.441 Df=-0.472 | g r=1.661 f=1.679 p=1.422(0.035) max=3.451 | Ld=+0.4558 base=0.453 cap=0.00223 pcenter=0.000281 | Lg=+1.3447 | 19s | curv=+14.4 wide=+12.9 gfmed=1.979
 2760 post m=8 hq=0.575 fail | Dr=+0.478/+2.508 |Dr|max=2.508 Df=-0.464 | g r=1.678 f=1.733 p=1.444(0.002) max=3.433 | Ld=+0.4625 base=0.462 cap=0.000456 pcenter=7.25e-05 | Lg=+1.3654 | 19s | curv=+14.1 wide=+12.7 gfmed=2.192
 2770 post m=8 hq=0.525 fail | Dr=+0.383/+2.295 |Dr|max=2.295 Df=-0.528 | g r=1.621 f=1.626 p=1.424(0.010) max=3.518 | Ld=+0.4761 base=0.47 cap=0.000724 pcenter=0.00584 | Lg=+1.3209 | 19s | curv=+14.3 wide=+12.6 gfmed=2.037
 2780 post m=8 hq=0.299 fail | Dr=+0.304/+2.147 |Dr|max=2.147 Df=-0.706 | g r=1.767 f=2.036 p=1.492(0.041) max=3.494 | Ld=+0.4848 base=0.462 cap=0.000855 pcenter=0.0216 | Lg=+1.3233 | 19s | curv=+15.1 wide=+13.1 gfmed=2.213
 2790 post m=8 hq=0.749 fail | Dr=+0.487/+2.614 |Dr|max=2.614 Df=-0.382 | g r=1.583 f=1.830 p=1.399(0.015) max=3.589 | Ld=+0.4534 base=0.452 cap=0.000828 pcenter=6.45e-05 | Lg=+1.4052 | 19s | curv=+13.5 wide=+11.9 gfmed=2.188
 2800 post m=8 hq=0.554 fail | Dr=+0.442/+2.516 |Dr|max=2.516 Df=-0.484 | g r=1.537 f=1.545 p=1.353(0.034) max=3.273 | Ld=+0.5039 base=0.502 cap=0.000112 pcenter=0.00133 | Lg=+1.2978 | 19s | curv=+13.9 wide=+12.1 gfmed=1.870
 2810 post m=8 hq=0.560 fail | Dr=+0.477/+2.611 |Dr|max=2.611 Df=-0.515 | g r=1.751 f=1.888 p=1.563(0.021) max=3.419 | Ld=+0.4355 base=0.433 cap=0.00134 pcenter=0.00113 | Lg=+1.4290 | 19s | curv=+15.3 wide=+13.3 gfmed=2.401
 2820 post m=8 hq=0.572 fail | Dr=+0.391/+2.380 |Dr|max=2.380 Df=-0.514 | g r=1.623 f=1.649 p=1.486(0.008) max=3.438 | Ld=+0.4781 base=0.469 cap=0.00292 pcenter=0.00641 | Lg=+1.3248 | 20s | curv=+13.9 wide=+12.1 gfmed=2.029
 2830 post m=8 hq=0.648 fail | Dr=+0.438/+2.526 |Dr|max=2.526 Df=-0.413 | g r=1.532 f=1.747 p=1.360(0.034) max=3.279 | Ld=+0.4938 base=0.49 cap=0.00101 pcenter=0.00277 | Lg=+1.2876 | 20s | curv=+13.5 wide=+11.8 gfmed=2.218
 2840 post m=8 hq=0.805 fail | Dr=+0.457/+2.409 |Dr|max=2.409 Df=-0.355 | g r=1.493 f=1.633 p=1.340(0.008) max=3.661 | Ld=+0.4771 base=0.47 cap=0.00669 pcenter=7.58e-05 | Lg=+1.3398 | 20s | curv=+12.6 wide=+11.5 gfmed=1.965
 2850 post m=8 hq=0.792 fail | Dr=+0.483/+2.623 |Dr|max=2.623 Df=-0.304 | g r=1.313 f=1.521 p=1.207(0.014) max=3.270 | Ld=+0.5261 base=0.516 cap=5.7e-05 pcenter=0.00969 | Lg=+1.2252 | 20s | curv=+12 wide=+10.7 gfmed=1.703
 2860 post m=8 hq=0.640 fail | Dr=+0.488/+2.730 |Dr|max=2.730 Df=-0.445 | g r=1.386 f=1.689 p=1.338(0.010) max=3.348 | Ld=+0.5624 base=0.543 cap=0.00127 pcenter=0.0179 | Lg=+1.2507 | 20s | curv=+12.5 wide=+11.2 gfmed=2.056
 2870 post m=8 hq=0.775 fail | Dr=+0.407/+2.549 |Dr|max=2.549 Df=-0.419 | g r=1.487 f=1.727 p=1.353(0.013) max=3.133 | Ld=+0.4939 base=0.492 cap=0.000979 pcenter=0.000611 | Lg=+1.2973 | 20s | curv=+13.2 wide=+11.8 gfmed=2.142
 2880 post m=8 hq=0.822 fail | Dr=+0.532/+2.667 |Dr|max=2.667 Df=-0.279 | g r=1.553 f=2.019 p=1.525(0.014) max=3.797 | Ld=+0.4468 base=0.438 cap=0.00682 pcenter=0.00214 | Lg=+1.4240 | 20s | curv=+13.8 wide=+12.1 gfmed=2.544
 2890 post m=8 hq=0.651 fail | Dr=+0.262/+2.190 |Dr|max=2.190 Df=-0.510 | g r=1.438 f=1.630 p=1.305(0.007) max=3.040 | Ld=+0.5719 base=0.543 cap=6.23e-08 pcenter=0.029 | Lg=+1.1490 | 20s | curv=+12.4 wide=+10.9 gfmed=1.911
 2900 post m=8 hq=0.870 fail | Dr=+0.535/+2.651 |Dr|max=2.651 Df=-0.167 | g r=1.345 f=1.290 p=1.171(0.028) max=3.312 | Ld=+0.5331 base=0.463 cap=0.0162 pcenter=0.0542 | Lg=+1.2925 | 20s | curv=+12 wide=+10.6 gfmed=1.227
 2910 post m=8 hq=0.648 fail | Dr=+0.377/+2.521 |Dr|max=2.521 Df=-0.563 | g r=1.654 f=1.969 p=1.445(0.001) max=3.368 | Ld=+0.4747 base=0.474 cap=0.000413 pcenter=0.000643 | Lg=+1.3508 | 20s | curv=+15.1 wide=+13.1 gfmed=2.508
 2920 post m=8 hq=0.587 fail | Dr=+0.316/+2.257 |Dr|max=2.257 Df=-0.526 | g r=1.555 f=1.460 p=1.418(0.013) max=3.323 | Ld=+0.5003 base=0.486 cap=0.00167 pcenter=0.0124 | Lg=+1.2633 | 20s | curv=+13.6 wide=+12 gfmed=1.576
 2930 post m=7 hq=0.740 fail | Dr=+0.340/+2.479 |Dr|max=2.479 Df=-0.487 | g r=1.537 f=1.676 p=1.288(0.006) max=3.800 | Ld=+0.5120 base=0.503 cap=0.000267 pcenter=0.00849 | Lg=+1.2668 | 20s | curv=+13.8 wide=+11.8 gfmed=2.033
 2940 post m=8 hq=0.844 fail | Dr=+0.503/+2.821 |Dr|max=2.821 Df=-0.326 | g r=1.573 f=1.857 p=1.362(0.027) max=3.583 | Ld=+0.4937 base=0.491 cap=4.49e-05 pcenter=0.00211 | Lg=+1.3516 | 20s | curv=+13.9 wide=+12.1 gfmed=2.353
 2950 post m=8 hq=0.704 fail | Dr=+0.482/+2.536 |Dr|max=2.536 Df=-0.387 | g r=1.449 f=1.855 p=1.330(0.004) max=3.185 | Ld=+0.5129 base=0.504 cap=0.000195 pcenter=0.0091 | Lg=+1.2543 | 20s | curv=+13.3 wide=+11.7 gfmed=2.292
 2960 post m=8 hq=0.713 fail | Dr=+0.446/+2.765 |Dr|max=2.765 Df=-0.391 | g r=1.549 f=1.581 p=1.272(0.018) max=3.353 | Ld=+0.4909 base=0.491 cap=2.67e-05 pcenter=8.51e-05 | Lg=+1.3354 | 21s | curv=+13 wide=+11.5 gfmed=1.831
 2970 post m=8 hq=0.830 fail | Dr=+0.389/+2.575 |Dr|max=2.575 Df=-0.396 | g r=1.541 f=1.755 p=1.282(0.009) max=3.321 | Ld=+0.4899 base=0.49 cap=3.56e-05 pcenter=4.84e-05 | Lg=+1.2994 | 21s | curv=+13.4 wide=+11.8 gfmed=2.059
 2980 post m=8 hq=0.608 fail | Dr=+0.333/+2.237 |Dr|max=2.237 Df=-0.552 | g r=1.634 f=1.909 p=1.474(0.008) max=3.509 | Ld=+0.4858 base=0.484 cap=3.83e-05 pcenter=0.0022 | Lg=+1.3055 | 21s | curv=+13.8 wide=+12.1 gfmed=2.156
 2990 post m=8 hq=0.883 fail | Dr=+0.548/+2.857 |Dr|max=2.857 Df=-0.293 | g r=1.505 f=1.962 p=1.347(0.004) max=3.248 | Ld=+0.4948 base=0.475 cap=0.000304 pcenter=0.0196 | Lg=+1.3459 | 21s | curv=+13.8 wide=+12 gfmed=2.481
 3000 post m=8 hq=0.623 fail | Dr=+0.387/+2.556 |Dr|max=2.556 Df=-0.526 | g r=1.814 f=2.007 p=1.466(0.020) max=3.463 | Ld=+0.4894 base=0.483 cap=0.000951 pcenter=0.00578 | Lg=+1.3056 | 21s | curv=+15.5 wide=+13.4 gfmed=2.523
 3010 post m=8 hq=0.910 PASS | Dr=+0.602/+2.845 |Dr|max=2.845 Df=-0.144 | g r=1.486 f=1.518 p=1.284(0.012) max=3.350 | Ld=+0.4862 base=0.451 cap=0.00109 pcenter=0.0337 | Lg=+1.3807 | 21s | curv=+13.1 wide=+11.3 gfmed=1.605
 3020 post m=8 hq=0.853 fail | Dr=+0.433/+2.648 |Dr|max=2.648 Df=-0.345 | g r=1.479 f=1.514 p=1.169(0.003) max=3.177 | Ld=+0.5168 base=0.511 cap=3.02e-05 pcenter=0.00595 | Lg=+1.2853 | 21s | curv=+12.5 wide=+11 gfmed=1.709
 3030 post m=8 hq=0.885 fail | Dr=+0.212/+2.225 |Dr|max=2.225 Df=-0.512 | g r=1.634 f=1.994 p=1.358(0.038) max=3.337 | Ld=+0.5436 base=0.534 cap=0.00145 pcenter=0.00837 | Lg=+1.1855 | 21s | curv=+14.1 wide=+12.3 gfmed=2.525
 3040 post m=8 hq=0.824 fail | Dr=+0.269/+2.313 |Dr|max=2.313 Df=-0.403 | g r=1.500 f=1.393 p=1.160(0.013) max=3.551 | Ld=+0.5625 base=0.537 pcenter=0.0255 | Lg=+1.1835 | 21s | curv=+12.9 wide=+11.2 gfmed=1.496
 3050 post m=8 hq=0.724 fail | Dr=+0.317/+2.390 |Dr|max=2.390 Df=-0.493 | g r=1.755 f=1.998 p=1.393(0.004) max=3.589 | Ld=+0.4862 base=0.477 cap=0.00108 pcenter=0.00842 | Lg=+1.2847 | 21s | curv=+15.2 wide=+13.3 gfmed=2.479
 3060 post m=8 hq=0.914 PASS | Dr=+0.489/+2.496 |Dr|max=2.496 Df=-0.125 | g r=1.390 f=1.067 p=1.083(0.017) max=3.831 | Ld=+0.5121 base=0.469 cap=0.0212 pcenter=0.0222 | Lg=+1.2480 | 21s | curv=+12.2 wide=+10.9 gfmed=1.004
 3070 post m=6 hq=0.661 fail | Dr=+0.429/+2.668 |Dr|max=2.668 Df=-0.465 | g r=1.702 f=1.760 p=1.328(0.019) max=3.403 | Ld=+0.5053 base=0.505 cap=8.66e-05 pcenter=0.000218 | Lg=+1.2621 | 21s | curv=+15.2 wide=+13 gfmed=1.911
 3080 post m=8 hq=0.873 fail | Dr=+0.448/+2.530 |Dr|max=2.530 Df=-0.287 | g r=1.594 f=1.726 p=1.239(0.006) max=3.165 | Ld=+0.4933 base=0.489 cap=0.00123 pcenter=0.00309 | Lg=+1.2694 | 21s | curv=+14.3 wide=+12.1 gfmed=2.036
 3090 post m=8 hq=0.746 fail | Dr=+0.373/+2.515 |Dr|max=2.515 Df=-0.458 | g r=1.788 f=2.073 p=1.395(0.016) max=3.571 | Ld=+0.4829 base=0.478 cap=0.00288 pcenter=0.00196 | Lg=+1.3025 | 21s | curv=+15.5 wide=+13.3 gfmed=2.504
 3100 post m=8 hq=0.814 fail | Dr=+0.519/+2.781 |Dr|max=2.781 Df=-0.326 | g r=1.686 f=2.072 p=1.367(0.017) max=3.374 | Ld=+0.5023 base=0.488 cap=0.00118 pcenter=0.0133 | Lg=+1.3298 | 21s | curv=+14.9 wide=+12.8 gfmed=2.414
 3110 post m=8 hq=0.888 fail | Dr=+0.415/+2.489 |Dr|max=2.489 Df=-0.316 | g r=1.500 f=1.751 p=1.121(0.019) max=3.143 | Ld=+0.5329 base=0.521 cap=0.00591 pcenter=0.00633 | Lg=+1.2007 | 22s | curv=+12.5 wide=+10.5 gfmed=1.921
 3120 post m=8 hq=0.680 fail | Dr=+0.574/+3.008 |Dr|max=3.008 Df=-0.336 | g r=1.951 f=2.218 p=1.514(0.024) max=3.477 | Ld=+0.4616 base=0.457 cap=0.000742 pcenter=0.00408 | Lg=+1.4385 | 22s | curv=+16.7 wide=+14 gfmed=2.170
 3130 post m=8 hq=0.754 fail | Dr=+0.368/+2.562 |Dr|max=2.562 Df=-0.420 | g r=1.735 f=1.781 p=1.295(0.019) max=3.377 | Ld=+0.5232 base=0.52 cap=1.69e-05 pcenter=0.00309 | Lg=+1.2381 | 22s | curv=+15.5 wide=+13.4 gfmed=1.722
 3140 post m=8 hq=0.808 fail | Dr=+0.436/+2.709 |Dr|max=2.709 Df=-0.430 | g r=1.858 f=2.146 p=1.359(0.028) max=3.309 | Ld=+0.4941 base=0.494 cap=5.96e-05 pcenter=0.000309 | Lg=+1.3110 | 22s | curv=+16.2 wide=+13.7 gfmed=2.210
 3150 post m=8 hq=0.915 PASS | Dr=+0.512/+2.748 |Dr|max=2.748 Df=-0.199 | g r=1.637 f=1.916 p=1.260(0.043) max=3.092 | Ld=+0.5209 base=0.512 cap=0.00315 pcenter=0.0055 | Lg=+1.2658 | 22s | curv=+13.6 wide=+11.4 gfmed=2.089
 3160 post m=8 hq=0.705 fail | Dr=+0.322/+2.534 |Dr|max=2.534 Df=-0.513 | g r=1.789 f=2.073 p=1.403(0.013) max=3.124 | Ld=+0.5060 base=0.499 cap=0.00113 pcenter=0.00572 | Lg=+1.2883 | 22s | curv=+14.9 wide=+12.9 gfmed=2.175
 3170 post m=8 hq=0.717 fail | Dr=+0.305/+2.460 |Dr|max=2.460 Df=-0.548 | g r=1.992 f=2.411 p=1.507(0.052) max=3.328 | Ld=+0.4934 base=0.49 cap=2.07e-06 pcenter=0.00362 | Lg=+1.3254 | 22s | curv=+16.7 wide=+14.3 gfmed=2.487
 3180 post m=8 hq=0.863 fail | Dr=+0.588/+2.813 |Dr|max=2.813 Df=-0.162 | g r=1.645 f=1.880 p=1.282(0.023) max=3.260 | Ld=+0.4642 base=0.451 cap=0.0043 pcenter=0.00856 | Lg=+1.3725 | 22s | curv=+13.8 wide=+12.3 gfmed=2.089
 3190 post m=8 hq=0.801 fail | Dr=+0.319/+2.472 |Dr|max=2.472 Df=-0.517 | g r=1.830 f=2.177 p=1.451(0.004) max=3.372 | Ld=+0.4955 base=0.486 cap=0.00111 pcenter=0.00825 | Lg=+1.2823 | 22s | curv=+15.2 wide=+12.7 gfmed=2.440
 3200 post m=8 hq=0.730 fail | Dr=+0.168/+2.275 |Dr|max=2.275 Df=-0.658 | g r=1.854 f=1.998 p=1.390(0.018) max=3.569 | Ld=+0.5262 base=0.505 cap=0.000608 pcenter=0.0203 | Lg=+1.2507 | 22s | curv=+15 wide=+12.7 gfmed=2.357
 3210 post m=8 hq=0.859 fail | Dr=+0.395/+2.649 |Dr|max=2.649 Df=-0.331 | g r=1.556 f=1.657 p=1.196(0.022) max=3.078 | Ld=+0.5034 base=0.498 cap=0.00586 pcenter=6.49e-05 | Lg=+1.2829 | 22s | curv=+12.8 wide=+10.8 gfmed=1.966
 3220 post m=8 hq=0.884 fail | Dr=+0.459/+2.702 |Dr|max=2.702 Df=-0.290 | g r=1.595 f=1.624 p=1.199(0.015) max=3.177 | Ld=+0.5223 base=0.517 cap=4.29e-06 pcenter=0.00563 | Lg=+1.2826 | 22s | curv=+13.2 wide=+11.2 gfmed=1.889
 3230 post m=8 hq=0.903 PASS | Dr=+0.467/+2.792 |Dr|max=2.792 Df=-0.286 | g r=1.666 f=1.827 p=1.305(0.008) max=3.252 | Ld=+0.4984 base=0.493 pcenter=0.00583 | Lg=+1.3049 | 22s | curv=+13.9 wide=+11.6 gfmed=2.351
 3240 post m=8 hq=0.944 PASS | Dr=+0.210/+2.163 |Dr|max=2.163 Df=-0.300 | g r=1.196 f=0.955 p=0.961(0.002) max=3.257 | Ld=+0.5773 base=0.555 cap=0.000121 pcenter=0.0223 | Lg=+1.0911 | 22s | curv=+9.81 wide=+8.35 gfmed=0.965
 3250 post m=8 hq=0.892 fail | Dr=+0.285/+2.587 |Dr|max=2.587 Df=-0.432 | g r=1.382 f=1.310 p=1.082(0.004) max=3.330 | Ld=+0.5248 base=0.519 cap=0.00231 pcenter=0.00381 | Lg=+1.2310 | 22s | curv=+10.6 wide=+9.22 gfmed=1.278
 3260 post m=8 hq=0.820 fail | Dr=+0.320/+2.557 |Dr|max=2.557 Df=-0.436 | g r=1.545 f=1.520 p=1.223(0.007) max=3.366 | Ld=+0.5106 base=0.505 cap=0.000784 pcenter=0.00434 | Lg=+1.2557 | 23s | curv=+12.4 wide=+10.5 gfmed=1.418
 3270 post m=8 hq=0.922 PASS | Dr=+0.362/+2.482 |Dr|max=2.482 Df=-0.323 | g r=1.285 f=1.169 p=0.968(0.008) max=3.225 | Ld=+0.5338 base=0.534 cap=3.21e-06 pcenter=0.000167 | Lg=+1.2238 | 23s | curv=+10.1 wide=+8.68 gfmed=1.119
 3280 post m=8 hq=0.882 fail | Dr=+0.434/+2.795 |Dr|max=2.795 Df=-0.346 | g r=1.467 f=1.564 p=1.180(0.007) max=3.317 | Ld=+0.5144 base=0.51 cap=4.45e-09 pcenter=0.00454 | Lg=+1.3047 | 23s | curv=+11.7 wide=+10.3 gfmed=1.502
 3290 post m=8 hq=0.860 fail | Dr=+0.355/+2.744 |Dr|max=2.744 Df=-0.421 | g r=1.457 f=1.333 p=1.145(0.013) max=3.430 | Ld=+0.5140 base=0.513 cap=0.000437 pcenter=0.000622 | Lg=+1.2973 | 23s | curv=+11.2 wide=+9.83 gfmed=1.182
 3300 post m=8 hq=0.806 fail | Dr=+0.406/+2.662 |Dr|max=2.662 Df=-0.367 | g r=1.461 f=1.374 p=1.154(0.008) max=3.590 | Ld=+0.5313 base=0.53 cap=4.03e-06 pcenter=0.00085 | Lg=+1.2527 | 23s | curv=+12.1 wide=+10.5 gfmed=1.565
 3310 post m=8 hq=0.923 PASS | Dr=+0.332/+2.491 |Dr|max=2.491 Df=-0.360 | g r=1.355 f=1.344 p=1.045(0.011) max=3.440 | Ld=+0.5399 base=0.54 cap=5.73e-05 pcenter=9.79e-05 | Lg=+1.2174 | 23s | curv=+10.6 wide=+8.96 gfmed=1.483
 3320 post m=8 hq=0.878 fail | Dr=+0.213/+1.946 |Dr|max=1.946 Df=-0.414 | g r=1.502 f=1.820 p=1.243(0.023) max=3.268 | Ld=+0.5738 base=0.543 cap=0.000279 pcenter=0.031 | Lg=+1.1276 | 23s | curv=+11.9 wide=+10.4 gfmed=2.191
 3330 post m=8 hq=0.866 fail | Dr=+0.390/+2.612 |Dr|max=2.612 Df=-0.340 | g r=1.573 f=1.626 p=1.109(0.006) max=3.270 | Ld=+0.5192 base=0.519 cap=0.00032 pcenter=4.81e-05 | Lg=+1.2359 | 23s | curv=+12.6 wide=+10.5 gfmed=1.892
 3340 post m=8 hq=0.884 fail | Dr=+0.292/+2.126 |Dr|max=2.126 Df=-0.353 | g r=1.649 f=1.750 p=1.214(0.024) max=3.361 | Ld=+0.5003 base=0.491 cap=0.00298 pcenter=0.00599 | Lg=+1.2162 | 23s | curv=+13.4 wide=+11.1 gfmed=2.205
 3350 post m=8 hq=0.860 fail | Dr=+0.388/+2.623 |Dr|max=2.623 Df=-0.365 | g r=1.531 f=1.523 p=1.160(0.010) max=3.350 | Ld=+0.4969 base=0.497 cap=3.67e-06 pcenter=6.38e-05 | Lg=+1.2965 | 23s | curv=+12.7 wide=+10.8 gfmed=1.744
 3360 post m=8 hq=0.747 fail | Dr=+0.392/+2.626 |Dr|max=2.626 Df=-0.465 | g r=1.569 f=1.689 p=1.315(0.012) max=3.702 | Ld=+0.5020 base=0.502 cap=8.22e-05 pcenter=5.71e-07 | Lg=+1.2971 | 23s | curv=+12.4 wide=+10.5 gfmed=2.036
 3370 post m=8 hq=0.865 fail | Dr=+0.302/+2.358 |Dr|max=2.358 Df=-0.427 | g r=1.510 f=1.583 p=1.171(0.012) max=3.070 | Ld=+0.5179 base=0.514 cap=0.000297 pcenter=0.00395 | Lg=+1.2118 | 23s | curv=+11.6 wide=+10.2 gfmed=2.056
 3380 post m=8 hq=0.683 fail | Dr=+0.267/+2.276 |Dr|max=2.276 Df=-0.517 | g r=1.608 f=1.659 p=1.276(0.006) max=3.322 | Ld=+0.5328 base=0.517 cap=0.0001 pcenter=0.0156 | Lg=+1.1977 | 23s | curv=+12.7 wide=+10.8 gfmed=2.063
 3390 post m=8 hq=0.923 PASS | Dr=+0.260/+2.152 |Dr|max=2.152 Df=-0.350 | g r=1.426 f=1.500 p=1.084(0.012) max=3.352 | Ld=+0.5592 base=0.551 cap=9.01e-05 pcenter=0.00768 | Lg=+1.1309 | 23s | curv=+9.6 wide=+8.35 gfmed=1.668
 3400 post m=8 hq=0.851 fail | Dr=+0.367/+2.544 |Dr|max=2.544 Df=-0.326 | g r=1.324 f=1.336 p=1.093(0.003) max=3.422 | Ld=+0.5426 base=0.542 pcenter=0.00101 | Lg=+1.1746 | 24s | curv=+9.35 wide=+7.85 gfmed=1.354
 3410 post m=8 hq=0.824 fail | Dr=+0.320/+2.492 |Dr|max=2.492 Df=-0.430 | g r=1.541 f=1.464 p=1.232(0.020) max=3.401 | Ld=+0.5185 base=0.517 cap=0.000143 pcenter=0.00133 | Lg=+1.2750 | 24s | curv=+11.4 wide=+10.1 gfmed=1.493
 3420 post m=8 hq=0.923 PASS | Dr=+0.355/+2.364 |Dr|max=2.364 Df=-0.312 | g r=1.320 f=1.299 p=1.022(0.013) max=3.329 | Ld=+0.5322 base=0.532 pcenter=9.23e-05 | Lg=+1.1928 | 24s | curv=+9.44 wide=+8.21 gfmed=1.423
 3430 post m=8 hq=0.949 PASS | Dr=+0.527/+2.890 |Dr|max=2.890 Df=-0.169 | g r=1.365 f=1.348 p=1.070(0.023) max=3.346 | Ld=+0.5099 base=0.49 cap=0.00315 pcenter=0.0166 | Lg=+1.2856 | 24s | curv=+10.3 wide=+8.99 gfmed=1.662
 3440 post m=8 hq=0.895 fail | Dr=+0.473/+2.803 |Dr|max=2.803 Df=-0.327 | g r=1.582 f=1.729 p=1.262(0.014) max=3.199 | Ld=+0.5051 base=0.502 cap=0.000106 pcenter=0.00306 | Lg=+1.2900 | 24s | curv=+12.4 wide=+10.7 gfmed=2.407
 3450 post m=8 hq=0.916 PASS | Dr=+0.338/+2.494 |Dr|max=2.494 Df=-0.343 | g r=1.549 f=1.598 p=1.159(0.028) max=2.973 | Ld=+0.5350 base=0.532 cap=0.000153 pcenter=0.00267 | Lg=+1.1761 | 24s | curv=+10.7 wide=+9.32 gfmed=2.053
 3460 post m=8 hq=0.883 fail | Dr=+0.426/+2.585 |Dr|max=2.585 Df=-0.258 | g r=1.504 f=1.612 p=1.197(0.013) max=3.033 | Ld=+0.5012 base=0.495 cap=0.00373 pcenter=0.00196 | Lg=+1.2616 | 24s | curv=+10 wide=+8.86 gfmed=2.001
 3470 post m=8 hq=0.893 fail | Dr=+0.393/+2.610 |Dr|max=2.610 Df=-0.353 | g r=1.500 f=1.603 p=1.120(0.025) max=3.134 | Ld=+0.5226 base=0.522 cap=6.78e-05 pcenter=0.000675 | Lg=+1.2313 | 24s | curv=+11.5 wide=+9.74 gfmed=2.099
 3480 post m=8 hq=0.916 PASS | Dr=+0.432/+2.743 |Dr|max=2.743 Df=-0.290 | g r=1.546 f=1.495 p=1.123(0.009) max=3.272 | Ld=+0.5356 base=0.533 pcenter=0.00301 | Lg=+1.2483 | 24s | curv=+12.1 wide=+10.1 gfmed=1.949
 3490 post m=8 hq=0.874 fail | Dr=+0.350/+2.388 |Dr|max=2.388 Df=-0.318 | g r=1.467 f=1.351 p=1.117(0.003) max=3.264 | Ld=+0.5394 base=0.539 pcenter=0.000108 | Lg=+1.1760 | 24s | curv=+10.8 wide=+9.29 gfmed=1.667
 3500 post m=8 hq=0.895 fail | Dr=+0.193/+1.921 |Dr|max=1.921 Df=-0.335 | g r=1.279 f=1.373 p=1.076(0.015) max=2.909 | Ld=+0.5838 base=0.559 pcenter=0.0248 | Lg=+1.0776 | 24s | curv=+10.1 wide=+8.58 gfmed=1.781
 3510 post m=8 hq=0.888 fail | Dr=+0.526/+2.784 |Dr|max=2.784 Df=-0.231 | g r=1.438 f=1.682 p=1.234(0.013) max=3.188 | Ld=+0.5348 base=0.505 cap=0.000198 pcenter=0.0292 | Lg=+1.2897 | 24s | curv=+11.1 wide=+9.77 gfmed=2.340
 3520 post m=8 hq=0.891 fail | Dr=+0.278/+2.132 |Dr|max=2.132 Df=-0.358 | g r=1.461 f=1.551 p=1.148(0.008) max=3.098 | Ld=+0.5416 base=0.53 cap=0.00461 pcenter=0.00729 | Lg=+1.1319 | 24s | curv=+10.9 wide=+9.1 gfmed=2.045
 3530 post m=8 hq=0.839 fail | Dr=+0.351/+2.524 |Dr|max=2.524 Df=-0.386 | g r=1.582 f=1.463 p=1.144(0.015) max=3.323 | Ld=+0.5348 base=0.535 cap=1.35e-05 pcenter=8.51e-05 | Lg=+1.2168 | 24s | curv=+12.8 wide=+10.5 gfmed=1.822
 3540 post m=8 hq=0.804 fail | Dr=+0.398/+2.584 |Dr|max=2.584 Df=-0.414 | g r=1.676 f=1.719 p=1.293(0.002) max=3.315 | Ld=+0.5046 base=0.504 cap=2.21e-05 pcenter=9.46e-05 | Lg=+1.2675 | 24s | curv=+13.6 wide=+11.5 gfmed=2.344
 3550 post m=8 hq=0.655 fail | Dr=+0.315/+2.396 |Dr|max=2.396 Df=-0.486 | g r=1.726 f=1.839 p=1.276(0.021) max=3.250 | Ld=+0.5439 base=0.534 cap=3.46e-05 pcenter=0.00958 | Lg=+1.2027 | 25s | curv=+14.5 wide=+12.2 gfmed=2.285
 3560 post m=8 hq=0.919 PASS | Dr=+0.494/+2.768 |Dr|max=2.768 Df=-0.207 | g r=1.666 f=1.603 p=1.156(0.009) max=3.329 | Ld=+0.4807 base=0.473 cap=0.00451 pcenter=0.0029 | Lg=+1.3210 | 25s | curv=+14 wide=+11.7 gfmed=1.926
 3570 post m=8 hq=0.671 fail | Dr=+0.434/+2.632 |Dr|max=2.632 Df=-0.421 | g r=1.868 f=1.839 p=1.309(0.014) max=3.427 | Ld=+0.4961 base=0.496 cap=8.56e-06 pcenter=0.000438 | Lg=+1.2875 | 25s | curv=+15.4 wide=+13 gfmed=2.298
 3580 post m=8 hq=0.802 fail | Dr=+0.472/+2.620 |Dr|max=2.620 Df=-0.344 | g r=1.840 f=2.016 p=1.328(0.018) max=3.272 | Ld=+0.5109 base=0.503 cap=2.76e-05 pcenter=0.00832 | Lg=+1.2904 | 25s | curv=+15.6 wide=+12.8 gfmed=2.574
 3590 post m=8 hq=0.841 fail | Dr=+0.348/+2.373 |Dr|max=2.373 Df=-0.348 | g r=1.625 f=1.541 p=1.137(0.011) max=3.173 | Ld=+0.5393 base=0.539 cap=4.59e-06 pcenter=9.22e-05 | Lg=+1.1895 | 25s | curv=+13.7 wide=+11.3 gfmed=2.018
 3600 post m=8 hq=0.913 PASS | Dr=+0.345/+2.296 |Dr|max=2.296 Df=-0.327 | g r=1.518 f=1.442 p=1.100(0.018) max=2.906 | Ld=+0.5359 base=0.536 pcenter=8.73e-06 | Lg=+1.1777 | 25s | curv=+12.2 wide=+10.3 gfmed=1.750
 3610 post m=8 hq=0.880 fail | Dr=+0.351/+2.337 |Dr|max=2.337 Df=-0.350 | g r=1.603 f=1.703 p=1.241(0.019) max=3.186 | Ld=+0.5179 base=0.509 cap=0.00716 pcenter=0.00145 | Lg=+1.2300 | 25s | curv=+12.9 wide=+10.9 gfmed=2.103
 3620 post m=8 hq=0.899 fail | Dr=+0.459/+2.675 |Dr|max=2.675 Df=-0.291 | g r=1.710 f=1.824 p=1.280(0.005) max=3.261 | Ld=+0.5310 base=0.523 cap=4.25e-05 pcenter=0.00821 | Lg=+1.2969 | 25s | curv=+13.6 wide=+11.5 gfmed=2.342
 3630 post m=8 hq=0.898 fail | Dr=+0.383/+2.498 |Dr|max=2.498 Df=-0.369 | g r=1.730 f=1.835 p=1.295(0.013) max=3.194 | Ld=+0.5116 base=0.512 cap=2.1e-05 pcenter=1.32e-07 | Lg=+1.2604 | 25s | curv=+14.3 wide=+12 gfmed=2.463
 3640 post m=8 hq=0.747 fail | Dr=+0.439/+2.576 |Dr|max=2.576 Df=-0.412 | g r=1.682 f=1.782 p=1.339(0.015) max=3.313 | Ld=+0.5065 base=0.5 cap=0.000824 pcenter=0.00554 | Lg=+1.2745 | 25s | curv=+14 wide=+12.2 gfmed=2.293
 3650 post m=8 hq=0.864 fail | Dr=+0.422/+2.600 |Dr|max=2.600 Df=-0.283 | g r=1.694 f=1.623 p=1.227(0.006) max=3.364 | Ld=+0.5401 base=0.536 cap=0.000221 pcenter=0.00385 | Lg=+1.2367 | 25s | curv=+14.3 wide=+12 gfmed=1.971
 3660 post m=8 hq=0.805 fail | Dr=+0.260/+2.170 |Dr|max=2.170 Df=-0.422 | g r=1.742 f=1.797 p=1.258(0.011) max=3.652 | Ld=+0.5391 base=0.528 cap=0.000271 pcenter=0.0107 | Lg=+1.1939 | 25s | curv=+14.7 wide=+12.5 gfmed=2.212
 3670 post m=8 hq=0.620 fail | Dr=+0.314/+2.256 |Dr|max=2.256 Df=-0.512 | g r=1.837 f=1.844 p=1.313(0.008) max=3.376 | Ld=+0.5284 base=0.52 cap=0.00019 pcenter=0.00845 | Lg=+1.2141 | 25s | curv=+15.9 wide=+13.4 gfmed=2.258
 3680 post m=8 hq=0.779 fail | Dr=+0.463/+2.574 |Dr|max=2.574 Df=-0.321 | g r=1.776 f=1.972 p=1.314(0.017) max=3.179 | Ld=+0.4985 base=0.492 cap=2.66e-05 pcenter=0.00688 | Lg=+1.3049 | 25s | curv=+15.5 wide=+13.2 gfmed=2.470
 3690 post m=8 hq=0.902 PASS | Dr=+0.391/+2.443 |Dr|max=2.443 Df=-0.303 | g r=1.885 f=1.983 p=1.290(0.030) max=3.167 | Ld=+0.5176 base=0.517 cap=7.45e-06 pcenter=0.000615 | Lg=+1.2469 | 25s | curv=+16.7 wide=+13.7 gfmed=2.536
 3700 post m=8 hq=0.784 fail | Dr=+0.391/+2.535 |Dr|max=2.535 Df=-0.394 | g r=1.802 f=1.755 p=1.247(0.002) max=3.194 | Ld=+0.5159 base=0.515 cap=0.000447 pcenter=1.25e-05 | Lg=+1.2510 | 26s | curv=+15.7 wide=+13.1 gfmed=1.890
 3710 post m=8 hq=0.776 fail | Dr=+0.325/+2.234 |Dr|max=2.234 Df=-0.399 | g r=1.793 f=1.742 p=1.243(0.011) max=3.254 | Ld=+0.5126 base=0.511 cap=4.92e-05 pcenter=0.00153 | Lg=+1.2210 | 26s | curv=+15.6 wide=+12.9 gfmed=1.951
 3720 post m=8 hq=0.835 fail | Dr=+0.224/+1.939 |Dr|max=1.939 Df=-0.419 | g r=1.666 f=1.599 p=1.162(0.030) max=3.089 | Ld=+0.5590 base=0.547 cap=9.47e-05 pcenter=0.0119 | Lg=+1.1097 | 26s | curv=+14.3 wide=+12 gfmed=1.735
 3730 post m=8 hq=0.704 fail | Dr=+0.251/+2.140 |Dr|max=2.140 Df=-0.533 | g r=1.960 f=2.066 p=1.364(0.008) max=3.478 | Ld=+0.5167 base=0.513 cap=0.000165 pcenter=0.00397 | Lg=+1.2210 | 26s | curv=+16.8 wide=+13.9 gfmed=2.589
 3740 post m=8 hq=0.744 fail | Dr=+0.287/+2.320 |Dr|max=2.320 Df=-0.485 | g r=1.821 f=2.014 p=1.285(0.010) max=3.102 | Ld=+0.5234 base=0.514 cap=5.79e-05 pcenter=0.00881 | Lg=+1.2083 | 26s | curv=+15 wide=+12.5 gfmed=2.578
 3750 post m=8 hq=0.767 fail | Dr=+0.350/+2.389 |Dr|max=2.389 Df=-0.403 | g r=1.640 f=1.720 p=1.193(0.011) max=3.404 | Ld=+0.5270 base=0.527 cap=0.000137 pcenter=5.55e-05 | Lg=+1.2262 | 26s | curv=+13.9 wide=+11.9 gfmed=1.852
 3760 post m=8 hq=0.779 fail | Dr=+0.405/+2.503 |Dr|max=2.503 Df=-0.391 | g r=1.794 f=1.915 p=1.276(0.016) max=3.265 | Ld=+0.5087 base=0.507 cap=0.00171 pcenter=0.00043 | Lg=+1.2540 | 26s | curv=+15.2 wide=+12.6 gfmed=2.319
 3770 post m=8 hq=0.745 fail | Dr=+0.358/+2.225 |Dr|max=2.225 Df=-0.417 | g r=1.803 f=1.895 p=1.275(0.004) max=3.324 | Ld=+0.5126 base=0.512 cap=3.82e-06 pcenter=0.000567 | Lg=+1.1961 | 26s | curv=+15 wide=+12.7 gfmed=2.363
 3780 post m=8 hq=0.844 fail | Dr=+0.447/+2.530 |Dr|max=2.530 Df=-0.301 | g r=1.681 f=1.747 p=1.198(0.007) max=3.063 | Ld=+0.5012 base=0.493 cap=0.00172 pcenter=0.00677 | Lg=+1.2761 | 26s | curv=+14.3 wide=+11.8 gfmed=1.938
 3790 post m=8 hq=0.883 fail | Dr=+0.341/+2.283 |Dr|max=2.283 Df=-0.367 | g r=1.775 f=1.881 p=1.244(0.014) max=3.130 | Ld=+0.4881 base=0.484 cap=0.00323 pcenter=0.00116 | Lg=+1.2884 | 26s | curv=+14.9 wide=+12.6 gfmed=2.343
 3800 post m=8 hq=0.860 fail | Dr=+0.270/+2.146 |Dr|max=2.146 Df=-0.419 | g r=1.701 f=1.718 p=1.197(0.010) max=3.219 | Ld=+0.5405 base=0.534 cap=0.000323 pcenter=0.00617 | Lg=+1.1717 | 26s | curv=+14.3 wide=+12.2 gfmed=1.915
 3810 post m=7 hq=0.655 fail | Dr=+0.374/+2.398 |Dr|max=2.398 Df=-0.452 | g r=1.969 f=2.007 p=1.381(0.028) max=3.225 | Ld=+0.4942 base=0.492 cap=0.000143 pcenter=0.00203 | Lg=+1.2645 | 26s | curv=+17 wide=+14.3 gfmed=2.301
 3820 post m=8 hq=0.926 PASS | Dr=+0.409/+2.444 |Dr|max=2.444 Df=-0.230 | g r=1.693 f=1.693 p=1.202(0.009) max=3.135 | Ld=+0.5105 base=0.505 cap=0.00165 pcenter=0.00357 | Lg=+1.2579 | 26s | curv=+14.4 wide=+12 gfmed=2.100
 3830 post m=8 hq=0.954 PASS | Dr=+0.289/+2.194 |Dr|max=2.194 Df=-0.302 | g r=1.557 f=1.661 p=1.117(0.015) max=2.971 | Ld=+0.5657 base=0.559 pcenter=0.0067 | Lg=+1.1352 | 26s | curv=+13.2 wide=+11 gfmed=1.994
 3840 post m=8 hq=0.864 fail | Dr=+0.283/+2.226 |Dr|max=2.226 Df=-0.410 | g r=1.818 f=1.909 p=1.233(0.008) max=2.965 | Ld=+0.5424 base=0.538 cap=0.000432 pcenter=0.00397 | Lg=+1.1719 | 26s | curv=+15.1 wide=+12.6 gfmed=2.232
 3850 post m=8 hq=0.827 fail | Dr=+0.454/+2.437 |Dr|max=2.437 Df=-0.252 | g r=1.818 f=1.841 p=1.285(0.021) max=3.243 | Ld=+0.4841 base=0.482 cap=0.00137 pcenter=0.000412 | Lg=+1.2643 | 27s | curv=+15.6 wide=+13.2 gfmed=2.320
 3860 post m=8 hq=0.815 fail | Dr=+0.377/+2.440 |Dr|max=2.440 Df=-0.346 | g r=1.851 f=1.806 p=1.270(0.025) max=3.128 | Ld=+0.5096 base=0.507 cap=0.00216 pcenter=2.83e-06 | Lg=+1.2385 | 27s | curv=+15.9 wide=+13.3 gfmed=2.211
 3870 post m=8 hq=0.828 fail | Dr=+0.518/+2.755 |Dr|max=2.755 Df=-0.278 | g r=1.836 f=1.980 p=1.314(0.008) max=3.298 | Ld=+0.4988 base=0.489 cap=6.92e-05 pcenter=0.0102 | Lg=+1.3457 | 27s | curv=+15.3 wide=+13.2 gfmed=2.500
 3880 post m=8 hq=0.896 fail | Dr=+0.487/+2.602 |Dr|max=2.602 Df=-0.259 | g r=1.752 f=1.929 p=1.303(0.015) max=3.106 | Ld=+0.5105 base=0.492 cap=0.000449 pcenter=0.0178 | Lg=+1.3026 | 27s | curv=+14.8 wide=+12.6 gfmed=2.405
 3890 post m=8 hq=0.924 PASS | Dr=+0.449/+2.605 |Dr|max=2.605 Df=-0.221 | g r=1.725 f=1.713 p=1.209(0.008) max=3.228 | Ld=+0.4855 base=0.478 cap=0.00389 pcenter=0.0031 | Lg=+1.3095 | 27s | curv=+14.2 wide=+12 gfmed=2.199
 3900 post m=8 hq=0.881 fail | Dr=+0.284/+2.227 |Dr|max=2.227 Df=-0.392 | g r=1.820 f=1.943 p=1.274(0.008) max=3.155 | Ld=+0.5119 base=0.508 cap=6.52e-05 pcenter=0.00348 | Lg=+1.2533 | 27s | curv=+15.3 wide=+12.8 gfmed=2.514
 3910 post m=8 hq=0.793 fail | Dr=+0.370/+2.367 |Dr|max=2.367 Df=-0.369 | g r=1.855 f=1.941 p=1.319(0.013) max=3.108 | Ld=+0.5172 base=0.516 cap=0.000871 pcenter=7.53e-05 | Lg=+1.2288 | 27s | curv=+15.4 wide=+13.3 gfmed=2.402
 3920 post m=8 hq=0.888 fail | Dr=+0.434/+2.358 |Dr|max=2.358 Df=-0.229 | g r=1.756 f=1.751 p=1.250(0.011) max=3.318 | Ld=+0.4975 base=0.493 cap=0.00275 pcenter=0.00188 | Lg=+1.2534 | 27s | curv=+15 wide=+12.6 gfmed=2.112
 3930 post m=8 hq=0.875 fail | Dr=+0.327/+2.293 |Dr|max=2.293 Df=-0.401 | g r=1.929 f=2.058 p=1.334(0.030) max=3.182 | Ld=+0.5365 base=0.532 cap=0.000233 pcenter=0.00415 | Lg=+1.2059 | 27s | curv=+16.2 wide=+13.6 gfmed=2.596
 3940 post m=8 hq=0.821 fail | Dr=+0.460/+2.642 |Dr|max=2.642 Df=-0.312 | g r=1.841 f=1.974 p=1.361(0.026) max=3.246 | Ld=+0.5075 base=0.502 cap=0.000731 pcenter=0.00486 | Lg=+1.2870 | 27s | curv=+15.7 wide=+13.1 gfmed=2.551
 3950 post m=8 hq=0.872 fail | Dr=+0.272/+2.108 |Dr|max=2.108 Df=-0.431 | g r=1.869 f=1.999 p=1.307(0.012) max=2.974 | Ld=+0.5307 base=0.521 cap=0.000843 pcenter=0.00898 | Lg=+1.1859 | 27s | curv=+15.5 wide=+12.9 gfmed=2.551
 3960 post m=8 hq=0.820 fail | Dr=+0.456/+2.491 |Dr|max=2.491 Df=-0.287 | g r=1.804 f=1.881 p=1.287(0.014) max=3.246 | Ld=+0.4805 base=0.474 cap=0.00179 pcenter=0.00492 | Lg=+1.3092 | 27s | curv=+15.4 wide=+13 gfmed=2.430
 3970 post m=8 hq=0.785 fail | Dr=+0.323/+2.281 |Dr|max=2.281 Df=-0.426 | g r=1.958 f=1.988 p=1.339(0.015) max=3.339 | Ld=+0.5247 base=0.524 cap=4.23e-05 pcenter=0.000241 | Lg=+1.2327 | 27s | curv=+16.3 wide=+13.6 gfmed=2.389
 3980 post m=8 hq=0.846 fail | Dr=+0.466/+2.509 |Dr|max=2.509 Df=-0.256 | g r=1.773 f=1.898 p=1.295(0.012) max=3.256 | Ld=+0.5311 base=0.516 cap=1.92e-05 pcenter=0.0147 | Lg=+1.2417 | 27s | curv=+14.7 wide=+12.3 gfmed=2.400
 3990 post m=8 hq=0.702 fail | Dr=+0.263/+2.199 |Dr|max=2.199 Df=-0.499 | g r=1.978 f=1.956 p=1.364(0.043) max=3.210 | Ld=+0.5148 base=0.505 cap=0.000231 pcenter=0.0101 | Lg=+1.2314 | 27s | curv=+16.4 wide=+13.7 gfmed=2.457
 4000 post m=8 hq=0.911 PASS | Dr=+0.388/+2.375 |Dr|max=2.375 Df=-0.246 | g r=1.716 f=1.693 p=1.193(0.007) max=3.192 | Ld=+0.5025 base=0.494 cap=0.00834 pcenter=6.68e-05 | Lg=+1.2572 | 28s | curv=+14.2 wide=+11.8 gfmed=2.080
 4010 post m=8 hq=0.917 PASS | Dr=+0.339/+2.423 |Dr|max=2.423 Df=-0.362 | g r=1.864 f=2.003 p=1.270(0.010) max=3.252 | Ld=+0.5295 base=0.527 cap=2.94e-05 pcenter=0.00233 | Lg=+1.1920 | 28s | curv=+15 wide=+12.3 gfmed=2.479
 4020 post m=8 hq=0.744 fail | Dr=+0.372/+2.513 |Dr|max=2.513 Df=-0.438 | g r=1.957 f=1.901 p=1.303(0.025) max=3.275 | Ld=+0.5127 base=0.512 cap=0.000899 pcenter=1.88e-06 | Lg=+1.2454 | 28s | curv=+16.1 wide=+13.5 gfmed=2.495
 4030 post m=8 hq=0.869 fail | Dr=+0.301/+1.965 |Dr|max=1.965 Df=-0.318 | g r=1.726 f=1.752 p=1.155(0.011) max=3.152 | Ld=+0.5268 base=0.519 cap=0.00514 pcenter=0.00219 | Lg=+1.1351 | 28s | curv=+13.8 wide=+11.6 gfmed=2.032
 4040 post m=8 hq=0.903 PASS | Dr=+0.485/+2.702 |Dr|max=2.702 Df=-0.247 | g r=1.748 f=1.925 p=1.254(0.014) max=3.121 | Ld=+0.4896 base=0.482 cap=0.000594 pcenter=0.00693 | Lg=+1.3165 | 28s | curv=+14.2 wide=+11.9 gfmed=2.541
 4050 post m=8 hq=0.765 fail | Dr=+0.352/+2.383 |Dr|max=2.383 Df=-0.404 | g r=1.802 f=1.855 p=1.231(0.014) max=3.257 | Ld=+0.5299 base=0.528 cap=0.00046 pcenter=0.0014 | Lg=+1.1965 | 28s | curv=+14.4 wide=+11.9 gfmed=2.057
 4060 post m=8 hq=0.767 fail | Dr=+0.431/+2.594 |Dr|max=2.594 Df=-0.359 | g r=1.841 f=1.806 p=1.240(0.012) max=3.210 | Ld=+0.5075 base=0.505 cap=0.000948 pcenter=0.00104 | Lg=+1.2703 | 28s | curv=+14.6 wide=+12.3 gfmed=2.313
 4070 post m=7 hq=0.815 fail | Dr=+0.344/+2.201 |Dr|max=2.201 Df=-0.406 | g r=1.879 f=2.018 p=1.288(0.006) max=3.169 | Ld=+0.5111 base=0.508 cap=0.00134 pcenter=0.00172 | Lg=+1.2168 | 28s | curv=+15 wide=+12.7 gfmed=2.562
 4080 post m=8 hq=0.912 PASS | Dr=+0.416/+2.329 |Dr|max=2.329 Df=-0.214 | g r=1.556 f=1.482 p=1.070(0.004) max=3.050 | Ld=+0.5369 base=0.529 cap=0.00661 pcenter=0.0017 | Lg=+1.1433 | 28s | curv=+12.8 wide=+10.7 gfmed=1.860
 4090 post m=8 hq=0.790 fail | Dr=+0.241/+1.940 |Dr|max=1.940 Df=-0.426 | g r=1.766 f=1.839 p=1.227(0.011) max=3.018 | Ld=+0.5398 base=0.526 cap=0.00104 pcenter=0.0129 | Lg=+1.1343 | 28s | curv=+14.3 wide=+12.2 gfmed=2.348
 4100 post m=8 hq=0.827 fail | Dr=+0.383/+2.361 |Dr|max=2.361 Df=-0.334 | g r=1.808 f=1.826 p=1.217(0.012) max=3.231 | Ld=+0.5339 base=0.533 cap=3.66e-06 pcenter=0.000455 | Lg=+1.2084 | 28s | curv=+14.5 wide=+12.5 gfmed=2.228
 4110 post m=8 hq=0.838 fail | Dr=+0.280/+2.201 |Dr|max=2.201 Df=-0.458 | g r=1.875 f=1.953 p=1.266(0.019) max=3.123 | Ld=+0.5187 base=0.514 cap=0.000149 pcenter=0.00464 | Lg=+1.2235 | 28s | curv=+14.6 wide=+12.6 gfmed=2.444
 4120 post m=8 hq=0.762 fail | Dr=+0.405/+2.379 |Dr|max=2.379 Df=-0.361 | g r=1.921 f=2.035 p=1.329(0.010) max=3.225 | Ld=+0.5064 base=0.506 cap=0.000275 pcenter=0.000387 | Lg=+1.2282 | 28s | curv=+15.5 wide=+13.4 gfmed=2.602
 4130 post m=8 hq=0.766 fail | Dr=+0.376/+2.265 |Dr|max=2.265 Df=-0.351 | g r=1.737 f=1.863 p=1.251(0.007) max=3.240 | Ld=+0.5215 base=0.519 cap=1.46e-05 pcenter=0.00229 | Lg=+1.2418 | 28s | curv=+14.6 wide=+12.2 gfmed=2.216
 4140 post m=8 hq=0.825 fail | Dr=+0.440/+2.526 |Dr|max=2.526 Df=-0.334 | g r=1.912 f=1.900 p=1.335(0.005) max=3.332 | Ld=+0.4944 base=0.493 cap=0.000168 pcenter=0.00102 | Lg=+1.2762 | 28s | curv=+16.1 wide=+13.7 gfmed=2.124
 4150 post m=8 hq=0.826 fail | Dr=+0.298/+2.169 |Dr|max=2.169 Df=-0.399 | g r=1.721 f=1.647 p=1.171(0.006) max=3.073 | Ld=+0.5533 base=0.552 cap=6.79e-05 pcenter=0.000879 | Lg=+1.1558 | 28s | curv=+14.1 wide=+11.9 gfmed=2.055
 4160 post m=8 hq=0.814 fail | Dr=+0.300/+2.133 |Dr|max=2.133 Df=-0.418 | g r=1.776 f=1.788 p=1.252(0.007) max=3.076 | Ld=+0.5332 base=0.531 cap=0.0015 pcenter=0.00091 | Lg=+1.1673 | 29s | curv=+14.5 wide=+12.2 gfmed=2.171
 4170 post m=8 hq=0.813 fail | Dr=+0.261/+1.989 |Dr|max=1.989 Df=-0.444 | g r=1.775 f=1.829 p=1.253(0.002) max=3.001 | Ld=+0.5754 base=0.55 cap=3.04e-05 pcenter=0.0257 | Lg=+1.1220 | 29s | curv=+14.3 wide=+12.2 gfmed=2.276
 4180 post m=8 hq=0.870 fail | Dr=+0.372/+2.335 |Dr|max=2.335 Df=-0.311 | g r=1.752 f=1.665 p=1.196(0.016) max=3.120 | Ld=+0.5413 base=0.54 cap=1.09e-08 pcenter=0.00102 | Lg=+1.1674 | 29s | curv=+14.3 wide=+12.1 gfmed=1.919
 4190 post m=8 hq=0.827 fail | Dr=+0.319/+2.143 |Dr|max=2.143 Df=-0.398 | g r=1.819 f=1.818 p=1.247(0.027) max=3.114 | Ld=+0.5370 base=0.537 cap=8.93e-05 pcenter=0.000185 | Lg=+1.1752 | 29s | curv=+15.1 wide=+12.6 gfmed=2.221
 4200 post m=8 hq=0.922 PASS | Dr=+0.392/+2.328 |Dr|max=2.328 Df=-0.261 | g r=1.808 f=1.897 p=1.260(0.001) max=3.106 | Ld=+0.5302 base=0.527 cap=6.95e-06 pcenter=0.00314 | Lg=+1.2152 | 29s | curv=+14.8 wide=+12.5 gfmed=2.418
 4210 post m=7 hq=0.838 fail | Dr=+0.391/+2.238 |Dr|max=2.238 Df=-0.301 | g r=1.901 f=2.134 p=1.366(0.003) max=3.130 | Ld=+0.4957 base=0.491 cap=0.00189 pcenter=0.00257 | Lg=+1.2716 | 29s | curv=+15.8 wide=+13.5 gfmed=2.434
 4220 post m=7 hq=0.714 fail | Dr=+0.295/+1.871 |Dr|max=1.871 Df=-0.437 | g r=1.914 f=2.099 p=1.379(0.021) max=3.279 | Ld=+0.5101 base=0.504 cap=0.00243 pcenter=0.00325 | Lg=+1.1684 | 29s | curv=+16.2 wide=+13.7 gfmed=2.177
 4230 post m=8 hq=0.518 fail | Dr=+0.354/+2.255 |Dr|max=2.255 Df=-0.453 | g r=2.028 f=2.127 p=1.390(0.025) max=3.296 | Ld=+0.5092 base=0.507 cap=4.73e-05 pcenter=0.00231 | Lg=+1.2440 | 29s | curv=+16.8 wide=+14.2 gfmed=2.265
 4240 post m=8 hq=0.622 fail | Dr=+0.444/+2.455 |Dr|max=2.455 Df=-0.368 | g r=1.952 f=2.238 p=1.386(0.034) max=3.290 | Ld=+0.5066 base=0.504 cap=2.09e-05 pcenter=0.00232 | Lg=+1.2632 | 29s | curv=+16.6 wide=+13.7 gfmed=2.421
 4250 post m=8 hq=0.786 fail | Dr=+0.413/+2.225 |Dr|max=2.225 Df=-0.346 | g r=2.067 f=2.445 p=1.464(0.014) max=3.207 | Ld=+0.4908 base=0.486 cap=0.000877 pcenter=0.00383 | Lg=+1.2732 | 29s | curv=+17.6 wide=+14.8 gfmed=2.647
 4260 post m=8 hq=0.761 fail | Dr=+0.437/+2.298 |Dr|max=2.298 Df=-0.357 | g r=2.097 f=2.514 p=1.512(0.040) max=3.289 | Ld=+0.4766 base=0.472 cap=0.000741 pcenter=0.00382 | Lg=+1.3193 | 29s | curv=+17.9 wide=+15.1 gfmed=2.661
 4270 post m=8 hq=0.884 fail | Dr=+0.321/+2.257 |Dr|max=2.257 Df=-0.345 | g r=1.778 f=1.747 p=1.194(0.006) max=3.068 | Ld=+0.5286 base=0.524 cap=0.00384 pcenter=0.000821 | Lg=+1.1881 | 29s | curv=+14.6 wide=+12.4 gfmed=2.032
 4280 post m=8 hq=0.802 fail | Dr=+0.393/+2.323 |Dr|max=2.323 Df=-0.393 | g r=2.035 f=2.054 p=1.371(0.014) max=3.205 | Ld=+0.5263 base=0.526 cap=0.000209 pcenter=2.59e-05 | Lg=+1.1968 | 29s | curv=+16.8 wide=+14.1 gfmed=2.319
 4290 post m=8 hq=0.892 fail | Dr=+0.319/+2.065 |Dr|max=2.065 Df=-0.310 | g r=1.649 f=1.828 p=1.152(0.017) max=2.872 | Ld=+0.5503 base=0.55 pcenter=0.000599 | Lg=+1.1288 | 29s | curv=+13.6 wide=+11.3 gfmed=1.920
 4300 post m=8 hq=0.780 fail | Dr=+0.287/+2.100 |Dr|max=2.100 Df=-0.481 | g r=1.948 f=2.192 p=1.385(0.015) max=3.740 | Ld=+0.5135 base=0.508 cap=0.000875 pcenter=0.00439 | Lg=+1.1924 | 29s | curv=+16.1 wide=+13.6 gfmed=2.281
 4310 post m=8 hq=0.601 fail | Dr=+0.313/+2.268 |Dr|max=2.268 Df=-0.515 | g r=2.103 f=2.175 p=1.433(0.026) max=3.204 | Ld=+0.5094 base=0.505 cap=6.5e-05 pcenter=0.00408 | Lg=+1.2629 | 29s | curv=+16.8 wide=+14.2 gfmed=2.342
 4320 post m=8 hq=0.893 fail | Dr=+0.359/+2.291 |Dr|max=2.291 Df=-0.287 | g r=1.738 f=1.856 p=1.193(0.010) max=3.063 | Ld=+0.5317 base=0.532 pcenter=5.83e-05 | Lg=+1.1686 | 30s | curv=+14.2 wide=+11.9 gfmed=2.007
 4330 post m=8 hq=0.867 fail | Dr=+0.406/+2.362 |Dr|max=2.362 Df=-0.327 | g r=2.016 f=2.303 p=1.375(0.006) max=3.471 | Ld=+0.5216 base=0.52 cap=0.000352 pcenter=0.00152 | Lg=+1.2422 | 30s | curv=+16.9 wide=+14.1 gfmed=2.474
 4340 post m=8 hq=0.801 fail | Dr=+0.293/+1.932 |Dr|max=1.932 Df=-0.378 | g r=1.891 f=2.257 p=1.325(0.036) max=3.382 | Ld=+0.5435 base=0.539 cap=0.000932 pcenter=0.00365 | Lg=+1.1625 | 30s | curv=+15 wide=+12.8 gfmed=2.494
 4350 post m=6 hq=0.650 fail | Dr=+0.366/+2.347 |Dr|max=2.347 Df=-0.430 | g r=2.028 f=2.020 p=1.368(0.019) max=3.219 | Ld=+0.5139 base=0.514 cap=9.39e-05 pcenter=6.67e-05 | Lg=+1.2149 | 30s | curv=+16.9 wide=+14.2 gfmed=2.302
 4360 post m=8 hq=0.890 fail | Dr=+0.376/+2.243 |Dr|max=2.243 Df=-0.299 | g r=1.908 f=2.044 p=1.287(0.043) max=3.188 | Ld=+0.5255 base=0.524 cap=0.0013 pcenter=3.61e-05 | Lg=+1.1691 | 30s | curv=+15.4 wide=+13 gfmed=2.185
 4370 post m=8 hq=0.941 PASS | Dr=+0.326/+2.073 |Dr|max=2.073 Df=-0.262 | g r=1.788 f=2.012 p=1.235(0.004) max=2.856 | Ld=+0.5095 base=0.502 cap=0.0069 pcenter=0.000487 | Lg=+1.1679 | 30s | curv=+14.4 wide=+12.1 gfmed=2.260
 4380 post m=8 hq=0.907 PASS | Dr=+0.341/+2.294 |Dr|max=2.294 Df=-0.348 | g r=1.851 f=1.854 p=1.237(0.016) max=3.118 | Ld=+0.5469 base=0.547 cap=1.68e-05 pcenter=6.09e-06 | Lg=+1.1700 | 30s | curv=+14.8 wide=+12.5 gfmed=2.113
 4390 post m=7 hq=0.707 fail | Dr=+0.275/+2.085 |Dr|max=2.085 Df=-0.535 | g r=2.103 f=2.134 p=1.414(0.003) max=3.407 | Ld=+0.5229 base=0.511 cap=0.000527 pcenter=0.0116 | Lg=+1.1972 | 30s | curv=+16.7 wide=+14.2 gfmed=2.565
 4400 post m=8 hq=0.924 PASS | Dr=+0.359/+1.932 |Dr|max=1.932 Df=-0.217 | g r=1.758 f=1.725 p=1.183(0.014) max=3.183 | Ld=+0.5183 base=0.514 cap=0.00357 pcenter=0.000435 | Lg=+1.1419 | 30s | curv=+14.4 wide=+12 gfmed=2.088
 4410 post m=8 hq=0.831 fail | Dr=+0.390/+2.333 |Dr|max=2.333 Df=-0.353 | g r=1.913 f=1.896 p=1.290(0.017) max=3.440 | Ld=+0.5292 base=0.524 pcenter=0.00557 | Lg=+1.2222 | 30s | curv=+15.3 wide=+12.9 gfmed=2.337
 4420 post m=8 hq=0.896 fail | Dr=+0.303/+2.062 |Dr|max=2.062 Df=-0.378 | g r=1.899 f=1.973 p=1.269(0.023) max=3.176 | Ld=+0.5253 base=0.522 cap=0.000365 pcenter=0.00338 | Lg=+1.1867 | 30s | curv=+15.7 wide=+12.9 gfmed=2.497
 4430 post m=8 hq=0.917 PASS | Dr=+0.346/+2.257 |Dr|max=2.257 Df=-0.359 | g r=1.749 f=1.855 p=1.204(0.002) max=3.134 | Ld=+0.5249 base=0.525 pcenter=0.000263 | Lg=+1.2231 | 30s | curv=+14 wide=+11.7 gfmed=2.361
 4440 post m=8 hq=0.940 PASS | Dr=+0.302/+2.028 |Dr|max=2.028 Df=-0.320 | g r=1.666 f=1.812 p=1.141(0.016) max=2.959 | Ld=+0.5446 base=0.544 pcenter=0.00045 | Lg=+1.1314 | 30s | curv=+13 wide=+11 gfmed=2.007
 4450 post m=8 hq=0.815 fail | Dr=+0.335/+2.321 |Dr|max=2.321 Df=-0.421 | g r=1.978 f=2.020 p=1.333(0.010) max=3.311 | Ld=+0.5149 base=0.513 cap=4.01e-05 pcenter=0.00196 | Lg=+1.2381 | 30s | curv=+15.7 wide=+13.2 gfmed=2.576
 4460 post m=8 hq=0.892 fail | Dr=+0.273/+1.867 |Dr|max=1.867 Df=-0.329 | g r=1.700 f=1.728 p=1.114(0.005) max=3.164 | Ld=+0.5586 base=0.557 cap=0.000405 pcenter=0.000941 | Lg=+1.1071 | 30s | curv=+13.7 wide=+11.2 gfmed=2.042
 4470 post m=8 hq=0.931 PASS | Dr=+0.248/+1.852 |Dr|max=1.852 Df=-0.321 | g r=1.760 f=1.657 p=1.124(0.007) max=3.027 | Ld=+0.5805 base=0.559 cap=3.63e-05 pcenter=0.021 | Lg=+1.0876 | 30s | curv=+13.9 wide=+11.6 gfmed=1.841
 4480 post m=8 hq=0.859 fail | Dr=+0.351/+2.260 |Dr|max=2.260 Df=-0.380 | g r=1.893 f=1.879 p=1.249(0.008) max=3.171 | Ld=+0.5425 base=0.542 cap=0.000308 pcenter=0.000283 | Lg=+1.1802 | 31s | curv=+14.8 wide=+12.4 gfmed=2.216
 4490 post m=8 hq=0.887 fail | Dr=+0.221/+1.913 |Dr|max=1.913 Df=-0.450 | g r=1.946 f=1.976 p=1.292(0.034) max=3.127 | Ld=+0.5425 base=0.533 cap=0.00141 pcenter=0.00807 | Lg=+1.1773 | 31s | curv=+15.3 wide=+12.7 gfmed=2.536
 4500 post m=8 hq=0.899 fail | Dr=+0.421/+2.568 |Dr|max=2.568 Df=-0.317 | g r=1.830 f=1.943 p=1.263(0.004) max=3.279 | Ld=+0.5134 base=0.512 cap=0.00176 pcenter=4.33e-06 | Lg=+1.2351 | 31s | curv=+14.3 wide=+12 gfmed=2.386
 4510 post m=8 hq=0.921 PASS | Dr=+0.309/+1.994 |Dr|max=1.994 Df=-0.305 | g r=1.739 f=1.906 p=1.202(0.011) max=3.035 | Ld=+0.5189 base=0.517 cap=0.00172 pcenter=0.000514 | Lg=+1.1807 | 31s | curv=+13.6 wide=+11.5 gfmed=2.344
 4520 post m=8 hq=0.931 PASS | Dr=+0.314/+2.123 |Dr|max=2.123 Df=-0.316 | g r=1.711 f=1.648 p=1.112(0.007) max=3.122 | Ld=+0.5509 base=0.551 cap=3.68e-06 pcenter=3.69e-06 | Lg=+1.1431 | 31s | curv=+13.5 wide=+11.3 gfmed=1.985
 4530 post m=8 hq=0.943 PASS | Dr=+0.311/+2.084 |Dr|max=2.084 Df=-0.291 | g r=1.576 f=1.747 p=1.071(0.006) max=2.799 | Ld=+0.5583 base=0.558 pcenter=0.000113 | Lg=+1.1126 | 31s | curv=+11.9 wide=+10.1 gfmed=2.252
 4540 post m=8 hq=0.863 fail | Dr=+0.367/+2.267 |Dr|max=2.267 Df=-0.358 | g r=1.907 f=2.033 p=1.300(0.019) max=3.132 | Ld=+0.5259 base=0.526 cap=1.47e-06 pcenter=0.000186 | Lg=+1.2106 | 31s | curv=+14.4 wide=+12.4 gfmed=2.558
 4550 post m=8 hq=0.819 fail | Dr=+0.390/+2.444 |Dr|max=2.444 Df=-0.399 | g r=2.022 f=2.024 p=1.346(0.003) max=3.345 | Ld=+0.5121 base=0.512 cap=0.000106 pcenter=0.000149 | Lg=+1.2604 | 31s | curv=+15.7 wide=+13.3 gfmed=2.595
 4560 post m=8 hq=0.905 PASS | Dr=+0.252/+2.053 |Dr|max=2.053 Df=-0.396 | g r=1.705 f=1.742 p=1.138(0.008) max=2.766 | Ld=+0.5548 base=0.549 cap=0.00178 pcenter=0.00382 | Lg=+1.1560 | 31s | curv=+12.9 wide=+11 gfmed=2.164
 4570 post m=8 hq=0.935 PASS | Dr=+0.337/+2.166 |Dr|max=2.166 Df=-0.300 | g r=1.811 f=1.812 p=1.208(0.005) max=3.013 | Ld=+0.5385 base=0.537 cap=0.00107 pcenter=0.000586 | Lg=+1.1532 | 31s | curv=+13.9 wide=+11.8 gfmed=2.299
 4580 post m=8 hq=0.962 PASS | Dr=+0.229/+1.824 |Dr|max=1.824 Df=-0.378 | g r=1.855 f=2.019 p=1.221(0.023) max=2.949 | Ld=+0.5478 base=0.539 pcenter=0.00831 | Lg=+1.1268 | 31s | curv=+14.4 wide=+12.1 gfmed=2.575
 4590 post m=8 hq=0.848 fail | Dr=+0.342/+2.233 |Dr|max=2.233 Df=-0.368 | g r=1.839 f=1.912 p=1.226(0.002) max=3.174 | Ld=+0.5098 base=0.509 pcenter=0.000666 | Lg=+1.2080 | 31s | curv=+14.5 wide=+12.2 gfmed=2.359
 4600 post m=8 hq=0.945 PASS | Dr=+0.328/+2.196 |Dr|max=2.196 Df=-0.334 | g r=1.799 f=1.916 p=1.220(0.008) max=3.068 | Ld=+0.5358 base=0.534 cap=0.00143 pcenter=0.000381 | Lg=+1.1868 | 31s | curv=+13.9 wide=+11.7 gfmed=2.420
# COMPLETE 4600 updates in 31s; prehold 8/120; arrival=610
