# arm=sec_guard_anchor formulation=wgan + r1(1) + path-secant(10,t=0.5) + cap-all(10,c=1) [Dβ2=0.9] + K3P guard(ratio=5,min=200) + K3P EMA-anchor(0.5*prox,decay=0.999) device=cuda:0 steps=4600
# step phase modes hq pass | Dr mean/max |Dr|max Df | grad-norm real fake path(min) max | loss_d terms | loss_g | guard clips (cum) | sec
   10 acq  m=3 hq=0.015 fail | Dr=+0.173/+0.482 |Dr|max=0.482 Df=-0.007 | g r=0.432 f=0.748 p=0.667(0.016) max=2.405 | Ld=+3.7078 base=-0.154 r1=0.128 path=3.67 cap=0.0265 anchor=0.0339 | Lg=+0.8155 | clips=0 | 1s
   20 acq  m=1 hq=0.006 fail | Dr=-0.079/+0.184 |Dr|max=0.422 Df=-0.291 | g r=0.624 f=0.726 p=0.729(0.014) max=2.375 | Ld=+7.1024 base=-0.266 r1=0.302 path=6.61 cap=0.367 anchor=0.0887 | Lg=+0.8796 | clips=0 | 1s
   30 acq  m=3 hq=0.006 fail | Dr=+0.311/+0.613 |Dr|max=0.613 Df=+0.040 | g r=0.401 f=0.762 p=0.745(0.023) max=2.338 | Ld=+2.6593 base=-0.364 r1=0.207 path=2.63 cap=0.121 anchor=0.0623 | Lg=+0.9108 | clips=0 | 1s
   40 acq  m=3 hq=0.062 fail | Dr=+0.338/+0.578 |Dr|max=0.578 Df=+0.005 | g r=0.346 f=0.807 p=0.678(0.011) max=2.007 | Ld=+0.8734 base=-0.385 r1=0.153 path=0.962 cap=0.0898 anchor=0.0542 | Lg=+0.9447 | clips=0 | 1s
   50 acq  m=1 hq=0.014 fail | Dr=+0.353/+0.614 |Dr|max=0.614 Df=-0.089 | g r=0.424 f=0.790 p=0.766(0.014) max=2.382 | Ld=+2.2043 base=-0.364 r1=0.179 path=2.03 cap=0.3 anchor=0.0573 | Lg=+1.0160 | clips=0 | 1s
   60 acq  m=2 hq=0.033 fail | Dr=+0.107/+0.540 |Dr|max=0.540 Df=-0.352 | g r=0.286 f=0.703 p=0.690(0.007) max=1.865 | Ld=+0.7671 base=-0.438 r1=0.0881 path=1.01 cap=0.0761 anchor=0.0336 | Lg=+0.9801 | clips=0 | 1s
   70 acq  m=1 hq=0.153 fail | Dr=+0.007/+0.297 |Dr|max=0.507 Df=-0.389 | g r=0.286 f=0.649 p=0.583(0.003) max=1.890 | Ld=+0.0716 base=-0.494 r1=0.0844 path=0.347 cap=0.108 anchor=0.026 | Lg=+1.1074 | clips=0 | 1s
   80 acq  m=1 hq=0.021 fail | Dr=+0.547/+0.885 |Dr|max=0.885 Df=+0.031 | g r=0.243 f=0.612 p=0.606(0.005) max=1.988 | Ld=+0.0270 base=-0.58 r1=0.103 path=0.475 cap=0.00777 anchor=0.0209 | Lg=+1.1098 | clips=0 | 1s
   90 acq  m=4 hq=0.076 fail | Dr=+0.298/+0.798 |Dr|max=0.798 Df=-0.013 | g r=0.513 f=0.526 p=0.560(0.003) max=1.960 | Ld=+3.7008 base=-0.464 r1=0.903 path=2.36 cap=0.626 anchor=0.273 | Lg=+0.9033 | clips=0 | 1s
  100 acq  m=1 hq=0.017 fail | Dr=-0.008/+0.499 |Dr|max=1.120 Df=-0.775 | g r=0.639 f=1.107 p=0.918(0.017) max=2.887 | Ld=+11.4822 base=-0.531 r1=0.491 path=11 cap=0.4 anchor=0.149 | Lg=+1.3481 | clips=0 | 2s
  110 acq  m=1 hq=0.000 fail | Dr=+0.363/+0.955 |Dr|max=0.955 Df=-0.639 | g r=0.227 f=0.481 p=0.628(0.013) max=1.751 | Ld=-0.5908 base=-0.952 r1=0.185 path=0.0437 cap=0.0669 anchor=0.0649 | Lg=+1.4007 | clips=0 | 2s
  120 acq  m=1 hq=0.006 fail | Dr=+0.473/+1.658 |Dr|max=1.658 Df=-0.618 | g r=0.308 f=0.669 p=0.723(0.003) max=2.329 | Ld=-0.0855 base=-1.01 r1=0.0938 path=0.737 cap=0.0609 anchor=0.0305 | Lg=+1.4958 | clips=0 | 2s
  130 acq  m=3 hq=0.172 fail | Dr=-0.071/+0.848 |Dr|max=0.848 Df=-0.914 | g r=0.283 f=0.653 p=0.671(0.008) max=2.007 | Ld=-0.2894 base=-0.911 r1=0.101 path=0.388 cap=0.0981 anchor=0.0338 | Lg=+1.3491 | clips=0 | 2s
  140 acq  m=5 hq=0.060 fail | Dr=+0.208/+0.738 |Dr|max=0.738 Df=-0.443 | g r=0.275 f=0.711 p=0.647(0.012) max=2.062 | Ld=+0.0426 base=-0.46 r1=0.164 path=0.19 cap=0.0973 anchor=0.0507 | Lg=+1.1264 | clips=0 | 2s
  150 acq  m=7 hq=0.070 fail | Dr=-0.047/+0.307 |Dr|max=0.581 Df=-0.533 | g r=0.344 f=0.728 p=0.674(0.001) max=1.913 | Ld=-0.1769 base=-0.66 r1=0.113 path=0.253 cap=0.0784 anchor=0.0381 | Lg=+1.0434 | clips=0 | 2s
  160 acq  m=3 hq=0.010 fail | Dr=-0.147/+0.493 |Dr|max=0.813 Df=-0.663 | g r=0.294 f=0.677 p=0.654(0.005) max=1.962 | Ld=+0.0398 base=-0.579 r1=0.0819 path=0.478 cap=0.0308 anchor=0.0283 | Lg=+1.1776 | clips=0 | 2s
  170 acq  m=8 hq=0.091 fail | Dr=+0.028/+0.379 |Dr|max=0.493 Df=-0.474 | g r=0.207 f=0.712 p=0.660(0.002) max=1.836 | Ld=-0.3346 base=-0.513 r1=0.0753 path=0.0427 cap=0.0343 anchor=0.0259 | Lg=+1.0252 | clips=0 | 2s
  180 acq  m=8 hq=0.072 fail | Dr=+0.297/+0.482 |Dr|max=0.482 Df=-0.134 | g r=0.180 f=0.629 p=0.571(0.003) max=1.726 | Ld=-0.3088 base=-0.483 r1=0.0686 path=0.0582 cap=0.0163 anchor=0.0315 | Lg=+1.0017 | clips=0 | 2s
  190 acq  m=5 hq=0.020 fail | Dr=+0.187/+0.490 |Dr|max=0.490 Df=-0.303 | g r=0.210 f=0.639 p=0.594(0.010) max=1.797 | Ld=-0.1065 base=-0.457 r1=0.084 path=0.147 cap=0.085 anchor=0.0342 | Lg=+1.0034 | clips=0 | 2s
  200 acq  m=7 hq=0.124 fail | Dr=+0.217/+0.453 |Dr|max=0.453 Df=-0.154 | g r=0.190 f=0.638 p=0.545(0.004) max=1.626 | Ld=-0.2135 base=-0.379 r1=0.0598 path=0.0335 cap=0.0507 anchor=0.0213 | Lg=+0.9112 | clips=0 | 3s
  210 acq  m=3 hq=0.010 fail | Dr=+0.144/+0.352 |Dr|max=0.352 Df=-0.303 | g r=0.224 f=0.662 p=0.568(0.004) max=1.683 | Ld=-0.1900 base=-0.434 r1=0.0658 path=0.09 cap=0.0624 anchor=0.0257 | Lg=+0.9721 | clips=0 | 3s
  220 acq  m=7 hq=0.037 fail | Dr=+0.180/+0.520 |Dr|max=0.520 Df=-0.200 | g r=0.179 f=0.690 p=0.558(0.011) max=1.525 | Ld=-0.2119 base=-0.364 r1=0.0714 path=0.0252 cap=0.0217 anchor=0.0336 | Lg=+0.9198 | clips=0 | 3s
  230 acq  m=8 hq=0.105 fail | Dr=+0.239/+0.463 |Dr|max=0.463 Df=-0.143 | g r=0.147 f=0.638 p=0.571(0.007) max=1.974 | Ld=-0.2376 base=-0.328 r1=0.0476 path=0.00873 cap=0.0152 anchor=0.0193 | Lg=+0.9112 | clips=0 | 3s
  240 acq  m=7 hq=0.065 fail | Dr=+0.287/+0.530 |Dr|max=0.530 Df=-0.068 | g r=0.178 f=0.736 p=0.570(0.016) max=1.575 | Ld=-0.3126 base=-0.407 r1=0.047 path=0.00987 cap=0.0192 anchor=0.0188 | Lg=+0.9658 | clips=0 | 3s
  250 acq  m=8 hq=0.156 fail | Dr=+0.277/+0.408 |Dr|max=0.408 Df=-0.011 | g r=0.166 f=0.644 p=0.531(0.004) max=1.544 | Ld=-0.1095 base=-0.301 r1=0.092 path=0.0483 cap=0.0209 anchor=0.0302 | Lg=+0.9015 | clips=0 | 3s
  260 acq  m=8 hq=0.064 fail | Dr=+0.343/+0.581 |Dr|max=0.581 Df=-0.053 | g r=0.246 f=0.802 p=0.681(0.005) max=1.839 | Ld=-0.3052 base=-0.432 r1=0.046 path=0.0451 cap=0.0178 anchor=0.0175 | Lg=+1.1034 | clips=0 | 3s
  270 acq  m=8 hq=0.214 fail | Dr=+0.291/+0.744 |Dr|max=0.744 Df=+0.053 | g r=0.200 f=0.623 p=0.582(0.003) max=1.815 | Ld=-0.2590 base=-0.384 r1=0.0713 path=0.0103 cap=0.0158 anchor=0.0275 | Lg=+0.9907 | clips=0 | 3s
  280 acq  m=6 hq=0.107 fail | Dr=+0.344/+0.513 |Dr|max=0.513 Df=+0.048 | g r=0.181 f=0.580 p=0.494(0.004) max=1.543 | Ld=-0.0901 base=-0.309 r1=0.0707 path=0.0459 cap=0.0758 anchor=0.0267 | Lg=+0.8618 | clips=0 | 3s
  290 acq  m=6 hq=0.065 fail | Dr=+0.380/+0.715 |Dr|max=0.715 Df=+0.019 | g r=0.144 f=0.703 p=0.533(0.007) max=1.494 | Ld=-0.1607 base=-0.259 r1=0.0407 path=0.0189 cap=0.0186 anchor=0.0204 | Lg=+0.8599 | clips=0 | 4s
  300 acq  m=5 hq=0.019 fail | Dr=+0.385/+0.779 |Dr|max=0.779 Df=-0.027 | g r=0.160 f=0.721 p=0.565(0.009) max=1.476 | Ld=-0.1827 base=-0.28 r1=0.0387 path=0.0164 cap=0.0269 anchor=0.0149 | Lg=+0.8812 | clips=0 | 4s
  310 acq  m=8 hq=0.153 fail | Dr=+0.303/+0.459 |Dr|max=0.459 Df=+0.067 | g r=0.165 f=0.624 p=0.525(0.002) max=1.671 | Ld=-0.1714 base=-0.291 r1=0.0641 path=0.0204 cap=0.0103 anchor=0.0246 | Lg=+0.8870 | clips=4 | 4s
  320 acq  m=8 hq=0.179 fail | Dr=+0.437/+0.954 |Dr|max=0.954 Df=+0.179 | g r=0.163 f=0.643 p=0.551(0.013) max=1.459 | Ld=-0.2292 base=-0.324 r1=0.0415 path=0.0226 cap=0.0119 anchor=0.0189 | Lg=+0.9322 | clips=4 | 4s
  330 acq  m=5 hq=0.044 fail | Dr=+0.377/+0.845 |Dr|max=0.845 Df=+0.041 | g r=0.195 f=0.701 p=0.556(0.005) max=1.603 | Ld=-0.1687 base=-0.268 r1=0.0492 path=0.0187 cap=0.0121 anchor=0.0191 | Lg=+0.9117 | clips=4 | 4s
  340 acq  m=7 hq=0.015 fail | Dr=+0.414/+0.931 |Dr|max=0.931 Df=+0.127 | g r=0.192 f=0.664 p=0.521(0.002) max=1.356 | Ld=-0.1343 base=-0.256 r1=0.0392 path=0.013 cap=0.0494 anchor=0.0205 | Lg=+0.8551 | clips=4 | 4s
  350 acq  m=7 hq=0.200 fail | Dr=+0.331/+0.937 |Dr|max=0.937 Df=+0.072 | g r=0.155 f=0.568 p=0.509(0.011) max=1.337 | Ld=-0.0906 base=-0.209 r1=0.0337 path=0.0462 cap=0.02 anchor=0.0185 | Lg=+0.8516 | clips=4 | 4s
  360 acq  m=5 hq=0.046 fail | Dr=+0.404/+1.251 |Dr|max=1.251 Df=+0.052 | g r=0.182 f=0.605 p=0.586(0.008) max=1.650 | Ld=-0.2627 base=-0.339 r1=0.0368 path=0.00866 cap=0.0171 anchor=0.0142 | Lg=+1.0381 | clips=4 | 4s
  370 acq  m=6 hq=0.129 fail | Dr=+0.290/+0.783 |Dr|max=0.783 Df=+0.037 | g r=0.135 f=0.520 p=0.463(0.009) max=1.403 | Ld=-0.1014 base=-0.235 r1=0.0441 path=0.0271 cap=0.0439 anchor=0.0187 | Lg=+0.8337 | clips=4 | 4s
  380 acq  m=8 hq=0.241 fail | Dr=+0.308/+0.820 |Dr|max=0.820 Df=+0.130 | g r=0.151 f=0.581 p=0.513(0.014) max=1.553 | Ld=-0.1384 base=-0.31 r1=0.0587 path=0.0158 cap=0.0743 anchor=0.023 | Lg=+0.8414 | clips=4 | 5s
  390 acq  m=6 hq=0.056 fail | Dr=+0.314/+1.029 |Dr|max=1.029 Df=+0.018 | g r=0.205 f=0.613 p=0.523(0.007) max=1.434 | Ld=-0.1881 base=-0.337 r1=0.0457 path=0.0547 cap=0.0337 anchor=0.0151 | Lg=+0.9823 | clips=4 | 5s
  400 acq  m=8 hq=0.221 fail | Dr=+0.399/+1.221 |Dr|max=1.221 Df=+0.190 | g r=0.126 f=0.592 p=0.527(0.002) max=1.423 | Ld=-0.1152 base=-0.17 r1=0.0308 path=0.00348 cap=0.00323 anchor=0.0171 | Lg=+0.8587 | clips=5 | 5s
  410 acq  m=8 hq=0.038 fail | Dr=+0.436/+1.115 |Dr|max=1.115 Df=+0.124 | g r=0.151 f=0.700 p=0.555(0.013) max=1.380 | Ld=-0.1499 base=-0.217 r1=0.0373 path=0.00549 cap=0.00942 anchor=0.0148 | Lg=+0.8816 | clips=5 | 5s
  420 acq  m=5 hq=0.097 fail | Dr=+0.236/+0.973 |Dr|max=0.973 Df=-0.081 | g r=0.146 f=0.607 p=0.526(0.004) max=1.321 | Ld=-0.1003 base=-0.179 r1=0.0341 path=0.0216 cap=0.00549 anchor=0.0171 | Lg=+0.8729 | clips=5 | 5s
  430 acq  m=6 hq=0.150 fail | Dr=+0.354/+1.061 |Dr|max=1.061 Df=+0.132 | g r=0.197 f=0.626 p=0.539(0.017) max=1.483 | Ld=-0.2184 base=-0.337 r1=0.0425 path=0.00496 cap=0.0521 anchor=0.0189 | Lg=+0.9096 | clips=5 | 5s
  440 acq  m=4 hq=0.101 fail | Dr=+0.348/+1.168 |Dr|max=1.168 Df=+0.003 | g r=0.183 f=0.591 p=0.558(0.003) max=1.355 | Ld=-0.1235 base=-0.199 r1=0.0397 path=0.00583 cap=0.0144 anchor=0.0155 | Lg=+0.9189 | clips=5 | 5s
  450 acq  m=8 hq=0.286 fail | Dr=+0.262/+0.565 |Dr|max=0.565 Df=+0.116 | g r=0.164 f=0.467 p=0.445(0.008) max=1.427 | Ld=-0.0584 base=-0.271 r1=0.061 path=0.0474 cap=0.0836 anchor=0.0208 | Lg=+0.8217 | clips=5 | 5s
  460 acq  m=8 hq=0.087 fail | Dr=+0.396/+1.369 |Dr|max=1.369 Df=+0.115 | g r=0.149 f=0.754 p=0.603(0.007) max=1.615 | Ld=-0.2187 base=-0.263 r1=0.0261 path=0.00193 cap=0.00348 anchor=0.0128 | Lg=+0.9577 | clips=5 | 5s
  470 acq  m=8 hq=0.257 fail | Dr=+0.398/+1.399 |Dr|max=1.399 Df=+0.193 | g r=0.116 f=0.666 p=0.549(0.002) max=1.396 | Ld=-0.1417 base=-0.189 r1=0.0235 path=0.0105 cap=0.00193 anchor=0.0116 | Lg=+0.9024 | clips=5 | 6s
  480 acq  m=8 hq=0.194 fail | Dr=+0.403/+1.097 |Dr|max=1.097 Df=+0.197 | g r=0.129 f=0.583 p=0.538(0.009) max=1.423 | Ld=-0.1189 base=-0.202 r1=0.0458 path=0.00719 cap=0.0154 anchor=0.0146 | Lg=+0.8541 | clips=5 | 6s
  490 acq  m=8 hq=0.315 fail | Dr=+0.568/+1.418 |Dr|max=1.418 Df=+0.434 | g r=0.155 f=0.467 p=0.475(0.004) max=1.460 | Ld=-0.1782 base=-0.309 r1=0.046 path=0.013 cap=0.0568 anchor=0.0152 | Lg=+0.9087 | clips=6 | 6s
  500 acq  m=4 hq=0.092 fail | Dr=+0.325/+1.521 |Dr|max=1.521 Df=+0.067 | g r=0.144 f=0.546 p=0.571(0.003) max=1.673 | Ld=-0.1446 base=-0.216 r1=0.0392 path=0.00325 cap=0.0115 anchor=0.0173 | Lg=+0.9597 | clips=6 | 6s
  510 acq  m=7 hq=0.140 fail | Dr=+0.367/+1.688 |Dr|max=1.688 Df=+0.128 | g r=0.152 f=0.665 p=0.588(0.003) max=1.588 | Ld=-0.1837 base=-0.279 r1=0.0513 path=0.00401 cap=0.0233 anchor=0.0171 | Lg=+0.9852 | clips=6 | 6s
  520 acq  m=5 hq=0.078 fail | Dr=+0.433/+1.387 |Dr|max=1.387 Df=+0.164 | g r=0.123 f=0.520 p=0.538(0.006) max=1.317 | Ld=-0.1174 base=-0.181 r1=0.0217 path=0.0151 cap=0.0158 anchor=0.0106 | Lg=+0.9192 | clips=6 | 6s
  530 acq  m=7 hq=0.149 fail | Dr=+0.458/+1.692 |Dr|max=1.692 Df=+0.201 | g r=0.154 f=0.709 p=0.572(0.010) max=1.387 | Ld=-0.1584 base=-0.213 r1=0.0286 path=0.00576 cap=0.00751 anchor=0.0125 | Lg=+0.9460 | clips=7 | 6s
  540 acq  m=5 hq=0.245 fail | Dr=+0.243/+1.288 |Dr|max=1.288 Df=+0.069 | g r=0.117 f=0.527 p=0.486(0.003) max=1.338 | Ld=-0.0638 base=-0.104 r1=0.0185 path=0.00814 cap=0.004 anchor=0.00923 | Lg=+0.8638 | clips=7 | 6s
  550 acq  m=8 hq=0.505 fail | Dr=+0.559/+1.709 |Dr|max=1.709 Df=+0.425 | g r=0.103 f=0.348 p=0.443(0.001) max=1.298 | Ld=-0.0286 base=-0.0764 r1=0.0243 path=0.00702 cap=0.00624 anchor=0.0103 | Lg=+0.8447 | clips=7 | 6s
  560 acq  m=8 hq=0.507 fail | Dr=+0.524/+1.996 |Dr|max=1.996 Df=+0.399 | g r=0.127 f=0.326 p=0.495(0.001) max=1.293 | Ld=-0.0459 base=-0.108 r1=0.0351 path=0.00582 cap=0.0057 anchor=0.016 | Lg=+0.9432 | clips=7 | 7s
  570 acq  m=8 hq=0.848 fail | Dr=+0.334/+1.992 |Dr|max=1.992 Df=+0.219 | g r=0.091 f=0.154 p=0.489(0.001) max=1.462 | Ld=-0.1007 base=-0.132 r1=0.0108 path=0.0077 cap=0.00524 anchor=0.00773 | Lg=+0.9553 | clips=8 | 7s
  580 acq  m=8 hq=0.729 fail | Dr=+0.312/+1.659 |Dr|max=1.659 Df=+0.207 | g r=0.108 f=0.229 p=0.487(0.001) max=1.377 | Ld=-0.0599 base=-0.0988 r1=0.013 path=0.00594 cap=0.0107 anchor=0.00925 | Lg=+0.9210 | clips=8 | 7s
  590 acq  m=8 hq=0.838 fail | Dr=+0.366/+2.052 |Dr|max=2.052 Df=+0.258 | g r=0.126 f=0.166 p=0.475(0.004) max=1.352 | Ld=-0.0406 base=-0.095 r1=0.0227 path=0.0159 cap=0.00645 anchor=0.00937 | Lg=+0.9658 | clips=8 | 7s
  600 acq  m=8 hq=0.849 fail | Dr=+0.317/+2.212 |Dr|max=2.212 Df=+0.212 | g r=0.137 f=0.145 p=0.490(0.001) max=1.399 | Ld=-0.0644 base=-0.131 r1=0.0363 path=0.0122 cap=0.00316 anchor=0.0152 | Lg=+1.0124 | clips=8 | 7s
  610 acq  m=8 hq=0.849 fail | Dr=+0.299/+2.675 |Dr|max=2.675 Df=+0.166 | g r=0.117 f=0.154 p=0.614(0.001) max=1.758 | Ld=-0.1629 base=-0.204 r1=0.0132 path=0.0172 cap=0.00256 anchor=0.00801 | Lg=+1.2301 | clips=8 | 7s
  620 acq  m=8 hq=0.644 fail | Dr=+0.242/+1.380 |Dr|max=1.380 Df=+0.147 | g r=0.112 f=0.271 p=0.438(0.008) max=1.312 | Ld=+0.0787 base=-0.131 r1=0.0367 path=0.0858 cap=0.0681 anchor=0.0187 | Lg=+0.8634 | clips=9 | 7s
  630 acq  m=8 hq=0.668 fail | Dr=+0.317/+1.591 |Dr|max=1.591 Df=+0.232 | g r=0.140 f=0.296 p=0.502(0.003) max=1.507 | Ld=-0.0775 base=-0.16 r1=0.0223 path=0.0416 cap=0.00647 anchor=0.0123 | Lg=+0.9411 | clips=9 | 7s
  640 acq  m=8 hq=0.516 fail | Dr=+0.172/+1.811 |Dr|max=1.811 Df=+0.052 | g r=0.125 f=0.330 p=0.500(0.010) max=1.243 | Ld=-0.1088 base=-0.178 r1=0.0301 path=0.0132 cap=0.0129 anchor=0.0133 | Lg=+0.9801 | clips=9 | 7s
  650 acq  m=5 hq=0.277 fail | Dr=-0.030/+1.245 |Dr|max=1.245 Df=-0.215 | g r=0.179 f=0.425 p=0.494(0.008) max=1.178 | Ld=-0.1989 base=-0.332 r1=0.0447 path=0.0174 cap=0.0548 anchor=0.0166 | Lg=+0.9930 | clips=9 | 7s
  660 acq  m=6 hq=0.538 fail | Dr=+0.271/+1.620 |Dr|max=1.620 Df=+0.135 | g r=0.122 f=0.385 p=0.487(0.002) max=1.179 | Ld=-0.0433 base=-0.103 r1=0.0285 path=0.0121 cap=0.00411 anchor=0.0146 | Lg=+0.8722 | clips=9 | 8s
  670 acq  m=6 hq=0.275 fail | Dr=+0.260/+2.025 |Dr|max=2.025 Df=+0.107 | g r=0.135 f=0.456 p=0.560(0.001) max=1.290 | Ld=-0.0757 base=-0.127 r1=0.0265 path=0.0078 cap=0.00411 anchor=0.0131 | Lg=+1.0234 | clips=9 | 8s
  680 acq  m=7 hq=0.570 fail | Dr=+0.332/+1.827 |Dr|max=1.827 Df=+0.223 | g r=0.119 f=0.355 p=0.514(0.001) max=1.311 | Ld=-0.0634 base=-0.104 r1=0.0201 path=0.0069 cap=0.0037 anchor=0.0104 | Lg=+0.9281 | clips=12 | 8s
  690 acq  m=8 hq=0.742 fail | Dr=+0.699/+2.469 |Dr|max=2.469 Df=+0.603 | g r=0.211 f=0.351 p=0.622(0.006) max=2.091 | Ld=-0.0912 base=-0.205 r1=0.0236 path=0.0754 cap=0.00254 anchor=0.012 | Lg=+1.0961 | clips=13 | 8s
  700 acq  m=8 hq=0.769 fail | Dr=+0.344/+2.094 |Dr|max=2.094 Df=+0.249 | g r=0.105 f=0.154 p=0.506(0.003) max=1.420 | Ld=-0.0746 base=-0.109 r1=0.0152 path=0.00943 cap=0.00131 anchor=0.00792 | Lg=+1.0250 | clips=13 | 8s
  710 acq  m=8 hq=0.762 fail | Dr=+0.221/+2.182 |Dr|max=2.182 Df=+0.121 | g r=0.127 f=0.151 p=0.558(0.005) max=1.411 | Ld=-0.0978 base=-0.153 r1=0.0283 path=0.0146 cap=0.00184 anchor=0.0107 | Lg=+1.0581 | clips=13 | 8s
  720 acq  m=8 hq=0.900 PASS | Dr=+0.230/+1.738 |Dr|max=1.738 Df=+0.146 | g r=0.074 f=0.107 p=0.434(0.001) max=1.310 | Ld=-0.0694 base=-0.106 r1=0.0104 path=0.0174 cap=4.94e-05 anchor=0.00838 | Lg=+0.9258 | clips=13 | 8s
  730 acq  m=8 hq=0.914 PASS | Dr=+0.434/+2.462 |Dr|max=2.462 Df=+0.325 | g r=0.101 f=0.130 p=0.527(0.003) max=1.405 | Ld=-0.1062 base=-0.136 r1=0.00803 path=0.0155 cap=0.000534 anchor=0.00536 | Lg=+1.0860 | clips=13 | 8s
  740 acq  m=8 hq=0.702 fail | Dr=-0.009/+1.819 |Dr|max=1.819 Df=-0.105 | g r=0.145 f=0.221 p=0.513(0.004) max=1.339 | Ld=-0.0800 base=-0.171 r1=0.0345 path=0.0272 cap=0.0156 anchor=0.0135 | Lg=+1.0628 | clips=13 | 8s
  750 acq  m=8 hq=0.816 fail | Dr=+0.377/+1.587 |Dr|max=1.587 Df=+0.303 | g r=0.083 f=0.166 p=0.408(0.004) max=1.154 | Ld=+0.0073 base=-0.0311 r1=0.0183 path=0.0115 cap=0.000306 anchor=0.00827 | Lg=+0.8531 | clips=16 | 9s
  760 acq  m=6 hq=0.294 fail | Dr=+0.262/+2.060 |Dr|max=2.060 Df=+0.041 | g r=0.110 f=0.383 p=0.538(0.004) max=1.423 | Ld=-0.1253 base=-0.174 r1=0.0154 path=0.0227 cap=0.00188 anchor=0.00857 | Lg=+1.0989 | clips=16 | 9s
  770 acq  m=8 hq=0.572 fail | Dr=+0.377/+2.454 |Dr|max=2.454 Df=+0.236 | g r=0.097 f=0.336 p=0.561(0.003) max=1.506 | Ld=-0.1229 base=-0.152 r1=0.0141 path=0.0054 cap=0.0017 anchor=0.00815 | Lg=+1.1462 | clips=16 | 9s
  780 acq  m=8 hq=0.458 fail | Dr=+0.484/+2.402 |Dr|max=2.402 Df=+0.319 | g r=0.116 f=0.337 p=0.571(0.004) max=1.392 | Ld=-0.1268 base=-0.184 r1=0.0238 path=0.0141 cap=0.00639 anchor=0.0128 | Lg=+1.0901 | clips=16 | 9s
  790 acq  m=8 hq=0.358 fail | Dr=+0.390/+1.442 |Dr|max=1.442 Df=+0.244 | g r=0.154 f=0.501 p=0.483(0.002) max=1.512 | Ld=+0.0557 base=-0.189 r1=0.0301 path=0.0777 cap=0.126 anchor=0.0111 | Lg=+0.8523 | clips=18 | 9s
  800 acq  m=8 hq=0.904 PASS | Dr=+0.289/+1.435 |Dr|max=1.435 Df=+0.222 | g r=0.071 f=0.109 p=0.343(0.003) max=1.050 | Ld=-0.0393 base=-0.0673 r1=0.0102 path=0.0106 anchor=0.00726 | Lg=+0.8195 | clips=18 | 9s
  810 acq  m=8 hq=0.833 fail | Dr=+0.517/+2.107 |Dr|max=2.107 Df=+0.435 | g r=0.097 f=0.144 p=0.436(0.000) max=1.274 | Ld=-0.0276 base=-0.0815 r1=0.0326 path=0.00845 cap=0.00126 anchor=0.0116 | Lg=+0.9496 | clips=18 | 9s
  820 acq  m=8 hq=0.513 fail | Dr=+0.536/+2.013 |Dr|max=2.013 Df=+0.355 | g r=0.089 f=0.270 p=0.416(0.001) max=1.293 | Ld=-0.0368 base=-0.081 r1=0.0176 path=0.0119 cap=0.00564 anchor=0.00908 | Lg=+0.8948 | clips=18 | 9s
  830 acq  m=8 hq=0.336 fail | Dr=+0.704/+1.867 |Dr|max=1.867 Df=+0.615 | g r=0.124 f=0.311 p=0.389(0.001) max=1.278 | Ld=+0.0670 base=-0.061 r1=0.0517 path=0.0334 cap=0.025 anchor=0.0179 | Lg=+0.8447 | clips=21 | 9s
  840 acq  m=8 hq=0.631 fail | Dr=+0.494/+2.155 |Dr|max=2.155 Df=+0.370 | g r=0.100 f=0.279 p=0.465(0.003) max=1.324 | Ld=-0.0387 base=-0.0828 r1=0.0168 path=0.0118 cap=0.00814 anchor=0.00733 | Lg=+0.9334 | clips=21 | 10s
  850 acq  m=5 hq=0.027 fail | Dr=+0.738/+1.429 |Dr|max=1.429 Df=+0.454 | g r=0.266 f=0.538 p=0.543(0.003) max=2.104 | Ld=+0.2597 base=-0.307 r1=0.0465 path=0.475 cap=0.0323 anchor=0.0131 | Lg=+1.1746 | clips=29 | 10s
  860 acq  m=5 hq=0.138 fail | Dr=+0.626/+1.707 |Dr|max=1.707 Df=+0.387 | g r=0.197 f=0.695 p=0.647(0.001) max=1.827 | Ld=+0.0695 base=-0.325 r1=0.0713 path=0.266 cap=0.0391 anchor=0.0181 | Lg=+0.9833 | clips=34 | 10s
  870 acq  m=7 hq=0.185 fail | Dr=+0.521/+0.960 |Dr|max=0.960 Df=+0.332 | g r=0.171 f=0.853 p=0.601(0.010) max=1.804 | Ld=-0.1105 base=-0.378 r1=0.0568 path=0.154 cap=0.0356 anchor=0.0206 | Lg=+0.9026 | clips=34 | 10s
  880 acq  m=6 hq=0.178 fail | Dr=+0.690/+1.484 |Dr|max=1.484 Df=+0.385 | g r=0.173 f=0.560 p=0.499(0.003) max=1.594 | Ld=-0.1309 base=-0.313 r1=0.0709 path=0.0267 cap=0.0586 anchor=0.0254 | Lg=+0.9156 | clips=34 | 10s
  890 acq  m=5 hq=0.058 fail | Dr=+0.779/+2.498 |Dr|max=2.498 Df=+0.305 | g r=0.142 f=0.637 p=0.602(0.004) max=1.705 | Ld=-0.3395 base=-0.407 r1=0.0343 path=0.00298 cap=0.015 anchor=0.015 | Lg=+1.0672 | clips=34 | 10s
  900 acq  m=3 hq=0.048 fail | Dr=+0.989/+2.820 |Dr|max=2.820 Df=+0.493 | g r=0.165 f=0.621 p=0.622(0.002) max=1.634 | Ld=-0.2297 base=-0.318 r1=0.0435 path=0.0173 cap=0.0113 anchor=0.0157 | Lg=+1.0718 | clips=34 | 10s
  910 acq  m=8 hq=0.102 fail | Dr=+0.884/+2.797 |Dr|max=2.797 Df=+0.420 | g r=0.238 f=0.657 p=0.694(0.001) max=1.699 | Ld=-0.4638 base=-0.584 r1=0.0614 path=0.0206 cap=0.0147 anchor=0.024 | Lg=+1.2414 | clips=34 | 10s
  920 acq  m=7 hq=0.267 fail | Dr=+0.874/+2.940 |Dr|max=2.940 Df=+0.429 | g r=0.171 f=0.635 p=0.632(0.003) max=1.607 | Ld=-0.2596 base=-0.365 r1=0.0295 path=0.0298 cap=0.0323 anchor=0.0137 | Lg=+1.1255 | clips=34 | 10s
  930 acq  m=7 hq=0.095 fail | Dr=+0.940/+3.144 |Dr|max=3.144 Df=+0.448 | g r=0.158 f=0.427 p=0.624(0.006) max=1.616 | Ld=-0.3310 base=-0.436 r1=0.0211 path=0.0251 cap=0.0475 anchor=0.0113 | Lg=+1.1988 | clips=34 | 10s
  940 acq  m=7 hq=0.182 fail | Dr=+0.782/+2.293 |Dr|max=2.293 Df=+0.346 | g r=0.180 f=0.679 p=0.663(0.002) max=1.659 | Ld=-0.2547 base=-0.375 r1=0.0616 path=0.0265 cap=0.0138 anchor=0.018 | Lg=+1.0530 | clips=35 | 11s
  950 acq  m=8 hq=0.336 fail | Dr=+0.455/+2.005 |Dr|max=2.005 Df=+0.135 | g r=0.153 f=0.466 p=0.539(0.005) max=1.465 | Ld=-0.3539 base=-0.539 r1=0.0328 path=0.0647 cap=0.0715 anchor=0.0166 | Lg=+1.1093 | clips=35 | 11s
  960 acq  m=6 hq=0.226 fail | Dr=+0.722/+2.684 |Dr|max=2.684 Df=+0.229 | g r=0.180 f=0.703 p=0.704(0.006) max=1.683 | Ld=-0.3413 base=-0.479 r1=0.0547 path=0.0456 cap=0.0183 anchor=0.019 | Lg=+1.2852 | clips=35 | 11s
  970 acq  m=6 hq=0.245 fail | Dr=+0.729/+2.406 |Dr|max=2.406 Df=+0.338 | g r=0.166 f=0.521 p=0.600(0.004) max=1.577 | Ld=-0.1496 base=-0.231 r1=0.0435 path=0.0125 cap=0.0102 anchor=0.015 | Lg=+1.0095 | clips=35 | 11s
  980 acq  m=8 hq=0.296 fail | Dr=+0.959/+2.753 |Dr|max=2.753 Df=+0.604 | g r=0.174 f=0.575 p=0.632(0.002) max=1.611 | Ld=-0.3127 base=-0.4 r1=0.0389 path=0.00225 cap=0.0304 anchor=0.0163 | Lg=+1.0838 | clips=41 | 11s
  990 acq  m=7 hq=0.182 fail | Dr=+0.363/+2.509 |Dr|max=2.509 Df=-0.148 | g r=0.147 f=0.519 p=0.673(0.007) max=1.680 | Ld=-0.3481 base=-0.447 r1=0.0407 path=0.0235 cap=0.0186 anchor=0.0162 | Lg=+1.2579 | clips=41 | 11s
 1000 acq  m=6 hq=0.299 fail | Dr=+0.682/+2.239 |Dr|max=2.239 Df=+0.385 | g r=0.190 f=0.432 p=0.504(0.005) max=1.413 | Ld=-0.1279 base=-0.368 r1=0.0512 path=0.0215 cap=0.149 anchor=0.0179 | Lg=+0.9640 | clips=42 | 11s
 1010 acq  m=6 hq=0.368 fail | Dr=+0.562/+1.686 |Dr|max=1.686 Df=+0.304 | g r=0.126 f=0.501 p=0.542(0.004) max=1.421 | Ld=-0.2045 base=-0.285 r1=0.031 path=0.0164 cap=0.0189 anchor=0.0138 | Lg=+0.9337 | clips=44 | 11s
 1020 acq  m=7 hq=0.279 fail | Dr=+0.394/+1.813 |Dr|max=1.813 Df=+0.127 | g r=0.246 f=0.497 p=0.552(0.008) max=1.583 | Ld=-0.2913 base=-0.552 r1=0.0487 path=0.0781 cap=0.114 anchor=0.0193 | Lg=+1.0515 | clips=44 | 11s
 1030 acq  m=8 hq=0.588 fail | Dr=+0.284/+2.451 |Dr|max=2.451 Df=-0.085 | g r=0.190 f=0.373 p=0.640(0.004) max=1.724 | Ld=-0.2609 base=-0.407 r1=0.0394 path=0.0221 cap=0.0698 anchor=0.0144 | Lg=+1.2136 | clips=44 | 12s
 1040 acq  m=8 hq=0.287 fail | Dr=+0.417/+1.479 |Dr|max=1.479 Df=+0.112 | g r=0.226 f=0.555 p=0.544(0.011) max=1.501 | Ld=-0.2504 base=-0.513 r1=0.0678 path=0.0744 cap=0.0956 anchor=0.0242 | Lg=+1.0686 | clips=44 | 12s
 1050 acq  m=6 hq=0.107 fail | Dr=+0.416/+2.726 |Dr|max=2.726 Df=-0.094 | g r=0.194 f=0.612 p=0.727(0.005) max=1.577 | Ld=-0.2866 base=-0.393 r1=0.0513 path=0.0217 cap=0.0116 anchor=0.0218 | Lg=+1.3394 | clips=44 | 12s
 1060 acq  m=8 hq=0.720 fail | Dr=+0.236/+1.961 |Dr|max=1.961 Df=-0.072 | g r=0.124 f=0.238 p=0.520(0.001) max=1.487 | Ld=-0.0849 base=-0.198 r1=0.0713 path=0.0204 cap=0.00281 anchor=0.0186 | Lg=+1.0139 | clips=47 | 12s
 1070 acq  m=8 hq=0.618 fail | Dr=+0.511/+3.019 |Dr|max=3.019 Df=+0.111 | g r=0.117 f=0.218 p=0.631(0.001) max=1.584 | Ld=-0.1625 base=-0.265 r1=0.0586 path=0.024 cap=0.00404 anchor=0.0159 | Lg=+1.2470 | clips=47 | 12s
 1080 acq  m=6 hq=0.263 fail | Dr=+0.833/+2.999 |Dr|max=2.999 Df=+0.471 | g r=0.177 f=0.510 p=0.679(0.009) max=1.662 | Ld=-0.2083 base=-0.264 r1=0.0283 path=0.00745 cap=0.0083 anchor=0.0118 | Lg=+1.0861 | clips=54 | 12s
 1090 acq  m=8 hq=0.873 fail | Dr=+0.328/+2.628 |Dr|max=2.628 Df=-0.048 | g r=0.119 f=0.187 p=0.605(0.005) max=1.590 | Ld=-0.2674 base=-0.377 r1=0.0472 path=0.0321 cap=0.0175 anchor=0.0131 | Lg=+1.2721 | clips=54 | 12s
 1100 acq  m=8 hq=0.445 fail | Dr=+0.451/+2.877 |Dr|max=2.877 Df=+0.060 | g r=0.217 f=0.451 p=0.711(0.006) max=1.969 | Ld=-0.2772 base=-0.464 r1=0.0514 path=0.0896 cap=0.0285 anchor=0.017 | Lg=+1.2696 | clips=54 | 12s
 1110 acq  m=7 hq=0.521 fail | Dr=+0.955/+3.006 |Dr|max=3.006 Df=+0.645 | g r=0.185 f=0.493 p=0.601(0.003) max=1.590 | Ld=-0.1158 base=-0.314 r1=0.0599 path=0.1 cap=0.0162 anchor=0.0222 | Lg=+1.0465 | clips=54 | 12s
 1120 acq  m=6 hq=0.353 fail | Dr=+0.526/+1.962 |Dr|max=1.962 Df=+0.221 | g r=0.167 f=0.488 p=0.590(0.010) max=1.663 | Ld=-0.1804 base=-0.362 r1=0.0463 path=0.0928 cap=0.0221 anchor=0.0209 | Lg=+1.0522 | clips=54 | 13s
 1130 acq  m=8 hq=0.392 fail | Dr=+0.302/+1.842 |Dr|max=1.842 Df=+0.077 | g r=0.171 f=0.433 p=0.538(0.011) max=1.562 | Ld=-0.0947 base=-0.233 r1=0.0475 path=0.0518 cap=0.0278 anchor=0.0111 | Lg=+0.9278 | clips=54 | 13s
 1140 acq  m=7 hq=0.389 fail | Dr=+0.515/+1.632 |Dr|max=1.632 Df=+0.285 | g r=0.135 f=0.378 p=0.499(0.007) max=1.438 | Ld=-0.1127 base=-0.28 r1=0.0456 path=0.04 cap=0.067 anchor=0.0149 | Lg=+0.8689 | clips=55 | 13s
 1150 acq  m=8 hq=0.312 fail | Dr=+0.189/+1.765 |Dr|max=1.765 Df=-0.045 | g r=0.139 f=0.466 p=0.545(0.002) max=1.615 | Ld=-0.1264 base=-0.196 r1=0.0298 path=0.0111 cap=0.0174 anchor=0.0112 | Lg=+0.9216 | clips=55 | 13s
 1160 acq  m=6 hq=0.303 fail | Dr=+0.367/+1.725 |Dr|max=1.725 Df=+0.080 | g r=0.209 f=0.498 p=0.546(0.008) max=1.501 | Ld=-0.0965 base=-0.213 r1=0.0462 path=0.0377 cap=0.0139 anchor=0.0191 | Lg=+0.9028 | clips=55 | 13s
 1170 acq  m=8 hq=0.420 fail | Dr=+0.160/+1.153 |Dr|max=1.153 Df=-0.025 | g r=0.150 f=0.447 p=0.546(0.006) max=1.486 | Ld=-0.1612 base=-0.334 r1=0.0352 path=0.0885 cap=0.0333 anchor=0.0159 | Lg=+0.9781 | clips=55 | 13s
 1180 acq  m=7 hq=0.232 fail | Dr=+0.200/+1.411 |Dr|max=1.411 Df=-0.044 | g r=0.172 f=0.545 p=0.635(0.005) max=1.681 | Ld=-0.1331 base=-0.182 r1=0.0223 path=0.00968 cap=0.00757 anchor=0.00985 | Lg=+0.9666 | clips=55 | 13s
 1190 acq  m=8 hq=0.728 fail | Dr=+0.509/+1.989 |Dr|max=1.989 Df=+0.347 | g r=0.136 f=0.263 p=0.526(0.007) max=1.552 | Ld=-0.0963 base=-0.163 r1=0.0269 path=0.0113 cap=0.0178 anchor=0.0108 | Lg=+0.9059 | clips=59 | 13s
 1200 acq  m=8 hq=0.552 fail | Dr=+0.456/+1.856 |Dr|max=1.856 Df=+0.292 | g r=0.119 f=0.342 p=0.534(0.000) max=1.399 | Ld=-0.1121 base=-0.17 r1=0.0264 path=0.0123 cap=0.00695 anchor=0.0123 | Lg=+0.8886 | clips=59 | 13s
 1210 hold m=7 hq=0.240 fail | Dr=+0.079/+1.257 |Dr|max=1.332 Df=-0.121 | g r=0.216 f=0.462 p=0.626(0.008) max=1.796 | Ld=-0.1378 base=-0.291 r1=0.0497 path=0.0658 cap=0.0187 anchor=0.0186 | Lg=+1.0194 | clips=59 | 14s
 1220 hold m=6 hq=0.247 fail | Dr=+0.243/+1.890 |Dr|max=1.890 Df=-0.006 | g r=0.159 f=0.489 p=0.603(0.005) max=1.426 | Ld=-0.1545 base=-0.233 r1=0.0342 path=0.0194 cap=0.0116 anchor=0.0132 | Lg=+1.0471 | clips=59 | 14s
 1230 hold m=6 hq=0.367 fail | Dr=+0.024/+1.249 |Dr|max=1.249 Df=-0.234 | g r=0.185 f=0.570 p=0.599(0.009) max=1.556 | Ld=-0.0982 base=-0.226 r1=0.0409 path=0.0247 cap=0.0451 anchor=0.0169 | Lg=+0.9921 | clips=60 | 14s
 1240 hold m=8 hq=0.707 fail | Dr=+0.451/+1.855 |Dr|max=1.855 Df=+0.325 | g r=0.146 f=0.305 p=0.583(0.003) max=1.508 | Ld=-0.1119 base=-0.212 r1=0.0441 path=0.0366 cap=0.00723 anchor=0.0122 | Lg=+0.9865 | clips=60 | 14s
 1250 hold m=8 hq=0.824 fail | Dr=+0.444/+2.233 |Dr|max=2.233 Df=+0.278 | g r=0.110 f=0.202 p=0.560(0.001) max=1.633 | Ld=-0.1269 base=-0.175 r1=0.0108 path=0.0197 cap=0.0104 anchor=0.00744 | Lg=+0.9637 | clips=60 | 14s
 1260 hold m=8 hq=0.840 fail | Dr=+0.363/+2.175 |Dr|max=2.175 Df=+0.217 | g r=0.135 f=0.212 p=0.537(0.003) max=1.607 | Ld=-0.0917 base=-0.139 r1=0.0253 path=0.00739 cap=0.00452 anchor=0.00952 | Lg=+0.9748 | clips=60 | 14s
 1270 hold m=8 hq=0.560 fail | Dr=-0.028/+1.669 |Dr|max=1.982 Df=-0.183 | g r=0.140 f=0.215 p=0.570(0.002) max=1.401 | Ld=-0.0740 base=-0.13 r1=0.0228 path=0.0179 cap=0.00495 anchor=0.0105 | Lg=+1.0289 | clips=63 | 14s
 1280 hold m=8 hq=0.885 fail | Dr=+0.213/+2.000 |Dr|max=2.000 Df=+0.074 | g r=0.076 f=0.120 p=0.509(0.003) max=1.296 | Ld=-0.0881 base=-0.12 r1=0.0148 path=0.00917 cap=0.000185 anchor=0.00818 | Lg=+0.9673 | clips=63 | 14s
 1290 hold m=8 hq=0.845 fail | Dr=+0.237/+1.975 |Dr|max=1.975 Df=+0.109 | g r=0.120 f=0.146 p=0.504(0.001) max=1.327 | Ld=-0.0381 base=-0.125 r1=0.0251 path=0.035 cap=0.016 anchor=0.0111 | Lg=+0.9753 | clips=68 | 14s
 1300 hold m=8 hq=0.875 fail | Dr=-0.113/+2.384 |Dr|max=2.384 Df=-0.296 | g r=0.147 f=0.188 p=0.609(0.010) max=1.443 | Ld=-0.1534 base=-0.206 r1=0.0176 path=0.0119 cap=0.0129 anchor=0.00979 | Lg=+1.1236 | clips=68 | 15s
 1310 hold m=8 hq=0.809 fail | Dr=+0.171/+1.541 |Dr|max=1.541 Df=+0.065 | g r=0.140 f=0.172 p=0.409(0.001) max=1.083 | Ld=+0.0229 base=-0.169 r1=0.0484 path=0.0284 cap=0.0974 anchor=0.0176 | Lg=+0.9204 | clips=70 | 15s
 1320 hold m=8 hq=0.861 fail | Dr=+0.043/+2.601 |Dr|max=2.601 Df=-0.149 | g r=0.077 f=0.128 p=0.592(0.001) max=1.376 | Ld=-0.1286 base=-0.151 r1=0.00807 path=0.00745 cap=0.00192 anchor=0.00456 | Lg=+1.1451 | clips=70 | 15s
 1330 hold m=8 hq=0.776 fail | Dr=+0.071/+2.386 |Dr|max=2.386 Df=-0.088 | g r=0.147 f=0.146 p=0.538(0.003) max=1.679 | Ld=-0.1376 base=-0.249 r1=0.0342 path=0.0364 cap=0.0285 anchor=0.0124 | Lg=+1.0925 | clips=70 | 15s
 1340 hold m=8 hq=0.830 fail | Dr=+0.013/+2.628 |Dr|max=2.628 Df=-0.175 | g r=0.118 f=0.158 p=0.609(0.007) max=1.458 | Ld=-0.1491 base=-0.191 r1=0.0207 path=0.013 cap=0.000269 anchor=0.00802 | Lg=+1.1839 | clips=70 | 15s
 1350 hold m=8 hq=0.564 fail | Dr=+0.162/+1.614 |Dr|max=1.614 Df=+0.021 | g r=0.129 f=0.305 p=0.461(0.004) max=1.186 | Ld=-0.1119 base=-0.189 r1=0.0295 path=0.0162 cap=0.0179 anchor=0.013 | Lg=+0.9150 | clips=77 | 15s
 1360 hold m=8 hq=0.551 fail | Dr=+0.178/+2.467 |Dr|max=2.467 Df=-0.024 | g r=0.118 f=0.314 p=0.607(0.014) max=1.504 | Ld=-0.1579 base=-0.206 r1=0.0208 path=0.0158 cap=0.00428 anchor=0.00731 | Lg=+1.1179 | clips=77 | 15s
 1370 hold m=8 hq=0.804 fail | Dr=+0.610/+2.903 |Dr|max=2.903 Df=+0.445 | g r=0.100 f=0.184 p=0.545(0.005) max=1.527 | Ld=-0.1082 base=-0.166 r1=0.0307 path=0.0141 cap=0.00116 anchor=0.0124 | Lg=+1.0648 | clips=77 | 15s
 1380 hold m=8 hq=0.854 fail | Dr=+0.122/+2.596 |Dr|max=2.596 Df=-0.045 | g r=0.142 f=0.177 p=0.580(0.001) max=1.359 | Ld=-0.1609 base=-0.224 r1=0.0231 path=0.0178 cap=0.0113 anchor=0.0107 | Lg=+1.1344 | clips=77 | 15s
 1390 hold m=8 hq=0.874 fail | Dr=+0.301/+2.270 |Dr|max=2.270 Df=+0.159 | g r=0.080 f=0.145 p=0.500(0.007) max=1.480 | Ld=-0.0681 base=-0.128 r1=0.0158 path=0.0271 cap=0.0103 anchor=0.00709 | Lg=+0.9975 | clips=78 | 15s
 1400 hold m=8 hq=0.799 fail | Dr=+0.252/+2.005 |Dr|max=2.005 Df=+0.138 | g r=0.122 f=0.159 p=0.425(0.003) max=1.047 | Ld=+0.1008 base=-0.178 r1=0.0313 path=0.0172 cap=0.219 anchor=0.0115 | Lg=+0.9369 | clips=80 | 16s
 1410 hold m=8 hq=0.835 fail | Dr=+0.541/+2.863 |Dr|max=2.863 Df=+0.397 | g r=0.106 f=0.136 p=0.528(0.008) max=1.385 | Ld=-0.0825 base=-0.153 r1=0.0347 path=0.025 cap=0.000882 anchor=0.00994 | Lg=+1.0663 | clips=80 | 16s
 1420 hold m=8 hq=0.852 fail | Dr=+0.145/+2.717 |Dr|max=2.717 Df=-0.020 | g r=0.103 f=0.111 p=0.591(0.004) max=1.429 | Ld=-0.1819 base=-0.236 r1=0.0128 path=0.0194 cap=0.0145 anchor=0.00777 | Lg=+1.1724 | clips=80 | 16s
 1430 hold m=8 hq=0.871 fail | Dr=-0.074/+2.066 |Dr|max=2.066 Df=-0.213 | g r=0.107 f=0.134 p=0.522(0.002) max=1.434 | Ld=-0.0982 base=-0.145 r1=0.0243 path=0.0123 cap=0.000355 anchor=0.00986 | Lg=+1.0524 | clips=80 | 16s
 1440 hold m=8 hq=0.891 fail | Dr=+0.196/+2.017 |Dr|max=2.017 Df=+0.081 | g r=0.087 f=0.108 p=0.436(0.003) max=1.162 | Ld=-0.0512 base=-0.0893 r1=0.0121 path=0.0183 cap=0.000572 anchor=0.00712 | Lg=+0.9260 | clips=80 | 16s
 1450 hold m=8 hq=0.868 fail | Dr=+0.116/+2.337 |Dr|max=2.337 Df=-0.021 | g r=0.127 f=0.130 p=0.520(0.003) max=1.265 | Ld=-0.1360 base=-0.184 r1=0.012 path=0.0116 cap=0.018 anchor=0.0062 | Lg=+1.0773 | clips=80 | 16s
 1460 hold m=8 hq=0.697 fail | Dr=+0.266/+3.018 |Dr|max=3.018 Df=+0.110 | g r=0.133 f=0.153 p=0.632(0.005) max=1.510 | Ld=-0.1530 base=-0.183 r1=0.0151 path=0.0105 cap=0.000241 anchor=0.00465 | Lg=+1.2624 | clips=80 | 16s
 1470 hold m=8 hq=0.839 fail | Dr=+0.332/+2.750 |Dr|max=2.750 Df=+0.192 | g r=0.093 f=0.110 p=0.536(0.001) max=1.385 | Ld=-0.0862 base=-0.118 r1=0.00967 path=0.0176 cap=0.000332 anchor=0.0043 | Lg=+1.1065 | clips=80 | 16s
 1480 hold m=8 hq=0.855 fail | Dr=+0.246/+2.296 |Dr|max=2.296 Df=+0.124 | g r=0.102 f=0.124 p=0.484(0.002) max=1.207 | Ld=-0.0496 base=-0.0979 r1=0.0149 path=0.0168 cap=0.00947 anchor=0.00718 | Lg=+0.9802 | clips=80 | 16s
 1490 hold m=8 hq=0.897 fail | Dr=+0.147/+2.193 |Dr|max=2.193 Df=+0.023 | g r=0.084 f=0.103 p=0.487(0.004) max=1.379 | Ld=-0.0534 base=-0.103 r1=0.00918 path=0.0296 cap=0.00663 anchor=0.00459 | Lg=+0.9698 | clips=80 | 16s
 1500 hold m=8 hq=0.835 fail | Dr=+0.153/+2.026 |Dr|max=2.026 Df=+0.045 | g r=0.109 f=0.130 p=0.472(0.002) max=1.229 | Ld=-0.0534 base=-0.0983 r1=0.0147 path=0.0183 cap=0.00434 anchor=0.00757 | Lg=+0.9675 | clips=80 | 17s
 1510 hold m=8 hq=0.894 fail | Dr=+0.142/+1.549 |Dr|max=1.549 Df=+0.053 | g r=0.065 f=0.091 p=0.401(0.003) max=1.294 | Ld=-0.0182 base=-0.0585 r1=0.0112 path=0.024 cap=0.000276 anchor=0.00491 | Lg=+0.8776 | clips=80 | 17s
 1520 hold m=8 hq=0.885 fail | Dr=+0.620/+2.893 |Dr|max=2.893 Df=+0.491 | g r=0.089 f=0.116 p=0.529(0.004) max=1.662 | Ld=-0.0654 base=-0.108 r1=0.00794 path=0.0273 cap=0.0014 anchor=0.00558 | Lg=+1.0590 | clips=80 | 17s
 1530 hold m=7 hq=0.442 fail | Dr=+0.130/+2.488 |Dr|max=2.488 Df=-0.059 | g r=0.101 f=0.318 p=0.645(0.006) max=1.634 | Ld=-0.1549 base=-0.208 r1=0.0171 path=0.0264 cap=0.00271 anchor=0.00646 | Lg=+1.2335 | clips=80 | 17s
 1540 hold m=8 hq=0.634 fail | Dr=+0.307/+1.282 |Dr|max=1.282 Df=+0.224 | g r=0.091 f=0.249 p=0.386(0.003) max=1.419 | Ld=-0.0301 base=-0.0668 r1=0.0122 path=0.0187 cap=0.000106 anchor=0.00567 | Lg=+0.8133 | clips=80 | 17s
 1550 hold m=8 hq=0.835 fail | Dr=+0.531/+2.089 |Dr|max=2.089 Df=+0.431 | g r=0.070 f=0.155 p=0.427(0.003) max=1.371 | Ld=-0.0479 base=-0.0855 r1=0.0184 path=0.0084 cap=0.00108 anchor=0.00973 | Lg=+0.9079 | clips=80 | 17s
 1560 hold m=8 hq=0.888 fail | Dr=+0.225/+2.233 |Dr|max=2.233 Df=+0.105 | g r=0.106 f=0.147 p=0.509(0.006) max=1.196 | Ld=-0.0396 base=-0.0815 r1=0.0198 path=0.0117 cap=0.0038 anchor=0.00657 | Lg=+1.0285 | clips=80 | 17s
 1570 hold m=8 hq=0.837 fail | Dr=+0.132/+2.737 |Dr|max=2.737 Df=-0.006 | g r=0.125 f=0.164 p=0.624(0.001) max=1.736 | Ld=-0.1020 base=-0.148 r1=0.0155 path=0.0181 cap=0.0054 anchor=0.00682 | Lg=+1.1907 | clips=80 | 17s
 1580 hold m=8 hq=0.907 PASS | Dr=-0.051/+2.133 |Dr|max=2.146 Df=-0.172 | g r=0.068 f=0.088 p=0.534(0.005) max=1.384 | Ld=-0.0814 base=-0.111 r1=0.00674 path=0.0187 cap=0.000726 anchor=0.00356 | Lg=+1.0548 | clips=80 | 17s
 1590 hold m=8 hq=0.886 fail | Dr=+0.165/+1.890 |Dr|max=1.890 Df=+0.076 | g r=0.078 f=0.101 p=0.442(0.001) max=1.255 | Ld=-0.0458 base=-0.087 r1=0.0143 path=0.0205 cap=9.5e-05 anchor=0.00638 | Lg=+0.9684 | clips=80 | 18s
 1600 hold m=8 hq=0.847 fail | Dr=+0.481/+2.548 |Dr|max=2.548 Df=+0.366 | g r=0.113 f=0.152 p=0.514(0.003) max=1.479 | Ld=-0.0755 base=-0.131 r1=0.0131 path=0.0283 cap=0.00619 anchor=0.00763 | Lg=+1.0203 | clips=80 | 18s
 1610 hold m=8 hq=0.909 PASS | Dr=+0.003/+1.866 |Dr|max=1.866 Df=-0.088 | g r=0.097 f=0.118 p=0.458(0.002) max=1.187 | Ld=-0.0276 base=-0.0592 r1=0.0137 path=0.0107 cap=3.49e-05 anchor=0.00715 | Lg=+0.9783 | clips=80 | 18s
 1620 hold m=8 hq=0.916 PASS | Dr=+0.037/+2.352 |Dr|max=2.352 Df=-0.077 | g r=0.068 f=0.088 p=0.555(0.002) max=1.412 | Ld=-0.0867 base=-0.118 r1=0.00443 path=0.0204 cap=0.00296 anchor=0.00361 | Lg=+1.0867 | clips=80 | 18s
 1630 hold m=6 hq=0.390 fail | Dr=+0.391/+2.317 |Dr|max=2.317 Df=+0.152 | g r=0.110 f=0.353 p=0.563(0.004) max=1.666 | Ld=-0.0998 base=-0.129 r1=0.00637 path=0.0125 cap=0.00486 anchor=0.00532 | Lg=+1.0467 | clips=80 | 18s
 1640 hold m=8 hq=0.870 fail | Dr=+0.419/+2.015 |Dr|max=2.015 Df=+0.351 | g r=0.107 f=0.125 p=0.417(0.002) max=1.117 | Ld=-0.0327 base=-0.128 r1=0.0318 path=0.0227 cap=0.0304 anchor=0.01 | Lg=+0.9325 | clips=84 | 18s
 1650 hold m=8 hq=0.925 PASS | Dr=+0.296/+1.957 |Dr|max=1.957 Df=+0.225 | g r=0.097 f=0.110 p=0.412(0.004) max=1.136 | Ld=-0.0417 base=-0.0846 r1=0.0156 path=0.0058 cap=0.0143 anchor=0.00723 | Lg=+0.9114 | clips=87 | 18s
 1660 hold m=8 hq=0.926 PASS | Dr=+0.625/+2.308 |Dr|max=2.308 Df=+0.556 | g r=0.113 f=0.143 p=0.474(0.005) max=1.654 | Ld=-0.0204 base=-0.142 r1=0.015 path=0.0769 cap=0.0225 anchor=0.00773 | Lg=+0.9281 | clips=87 | 18s
 1670 hold m=8 hq=0.939 PASS | Dr=-0.037/+1.787 |Dr|max=1.825 Df=-0.120 | g r=0.049 f=0.069 p=0.449(0.001) max=1.299 | Ld=-0.0349 base=-0.0565 r1=0.00455 path=0.0132 cap=0.000386 anchor=0.00344 | Lg=+0.9478 | clips=87 | 18s
 1680 hold m=8 hq=0.905 PASS | Dr=+0.243/+2.086 |Dr|max=2.086 Df=+0.169 | g r=0.059 f=0.085 p=0.425(0.006) max=1.333 | Ld=-0.0364 base=-0.0563 r1=0.0104 path=0.00453 cap=0.000447 anchor=0.00461 | Lg=+0.8985 | clips=87 | 18s
 1690 hold m=8 hq=0.924 PASS | Dr=+0.132/+2.272 |Dr|max=2.272 Df=+0.037 | g r=0.062 f=0.079 p=0.548(0.002) max=1.498 | Ld=-0.1065 base=-0.138 r1=0.00594 path=0.019 cap=0.00147 anchor=0.00512 | Lg=+1.0597 | clips=87 | 19s
 1700 hold m=7 hq=0.353 fail | Dr=+0.156/+0.771 |Dr|max=0.771 Df=+0.056 | g r=0.107 f=0.325 p=0.383(0.001) max=1.349 | Ld=+0.0529 base=-0.0305 r1=0.022 path=0.0413 cap=0.00968 anchor=0.0104 | Lg=+0.7849 | clips=94 | 19s
 1710 hold m=7 hq=0.265 fail | Dr=+0.367/+1.967 |Dr|max=1.967 Df=+0.173 | g r=0.112 f=0.565 p=0.566(0.006) max=1.493 | Ld=-0.1495 base=-0.191 r1=0.019 path=0.0126 cap=0.00202 anchor=0.00781 | Lg=+0.9746 | clips=94 | 19s
 1720 hold m=8 hq=0.900 fail | Dr=+0.238/+2.304 |Dr|max=2.304 Df=+0.137 | g r=0.089 f=0.128 p=0.539(0.002) max=1.472 | Ld=-0.0832 base=-0.116 r1=0.0128 path=0.00601 cap=0.00831 anchor=0.0053 | Lg=+1.0333 | clips=94 | 19s
 1730 hold m=8 hq=0.888 fail | Dr=+0.163/+2.459 |Dr|max=2.459 Df=+0.064 | g r=0.115 f=0.138 p=0.582(0.004) max=1.449 | Ld=-0.0837 base=-0.112 r1=0.014 path=0.00665 cap=0.00201 anchor=0.00606 | Lg=+1.1136 | clips=94 | 19s
 1740 hold m=8 hq=0.917 PASS | Dr=+0.478/+1.990 |Dr|max=1.990 Df=+0.422 | g r=0.060 f=0.080 p=0.386(0.002) max=1.401 | Ld=-0.0422 base=-0.0611 r1=0.00625 path=0.00943 cap=0.00011 anchor=0.00304 | Lg=+0.8877 | clips=95 | 19s
 1750 hold m=8 hq=0.863 fail | Dr=+0.138/+2.208 |Dr|max=2.208 Df=+0.053 | g r=0.092 f=0.119 p=0.510(0.001) max=1.400 | Ld=-0.0499 base=-0.0886 r1=0.0162 path=0.0151 cap=0.00177 anchor=0.00558 | Lg=+1.0308 | clips=95 | 19s
 1760 hold m=8 hq=0.944 PASS | Dr=+0.259/+1.770 |Dr|max=1.770 Df=+0.208 | g r=0.050 f=0.062 p=0.380(0.001) max=1.382 | Ld=+0.0003 base=-0.0308 r1=0.00848 path=0.017 cap=0.00012 anchor=0.00551 | Lg=+0.8516 | clips=95 | 19s
 1770 hold m=8 hq=0.943 PASS | Dr=+0.092/+2.255 |Dr|max=2.255 Df=+0.026 | g r=0.091 f=0.097 p=0.499(0.001) max=1.322 | Ld=-0.0719 base=-0.109 r1=0.0189 path=0.00895 cap=0.00319 anchor=0.00561 | Lg=+1.0204 | clips=95 | 19s
 1780 hold m=7 hq=0.635 fail | Dr=+0.318/+2.446 |Dr|max=2.446 Df=+0.251 | g r=0.071 f=0.186 p=0.523(0.003) max=1.444 | Ld=-0.0649 base=-0.0955 r1=0.00671 path=0.0194 cap=0.00115 anchor=0.00334 | Lg=+1.0372 | clips=95 | 20s
 1790 hold m=8 hq=0.651 fail | Dr=+0.097/+1.143 |Dr|max=1.327 Df=+0.051 | g r=0.128 f=0.220 p=0.408(0.001) max=1.130 | Ld=-0.0025 base=-0.0857 r1=0.0355 path=0.0127 cap=0.0251 anchor=0.00995 | Lg=+0.8335 | clips=100 | 20s
 1800 hold m=8 hq=0.446 fail | Dr=+0.248/+1.560 |Dr|max=1.560 Df=+0.149 | g r=0.094 f=0.282 p=0.443(0.003) max=1.337 | Ld=-0.0505 base=-0.0852 r1=0.0116 path=0.0157 cap=0.00142 anchor=0.00599 | Lg=+0.9193 | clips=100 | 20s
 1810 hold m=8 hq=0.545 fail | Dr=+0.239/+1.623 |Dr|max=1.623 Df=+0.133 | g r=0.114 f=0.378 p=0.515(0.006) max=1.659 | Ld=-0.0845 base=-0.119 r1=0.0188 path=0.00746 cap=7.01e-05 anchor=0.00776 | Lg=+0.9686 | clips=101 | 20s
 1820 hold m=7 hq=0.645 fail | Dr=+0.533/+2.177 |Dr|max=2.177 Df=+0.436 | g r=0.075 f=0.265 p=0.484(0.001) max=1.292 | Ld=-0.0350 base=-0.0675 r1=0.0129 path=0.0135 cap=0.000321 anchor=0.00576 | Lg=+0.9167 | clips=101 | 20s
 1830 hold m=8 hq=0.448 fail | Dr=+0.689/+2.374 |Dr|max=2.374 Df=+0.520 | g r=0.137 f=0.492 p=0.583(0.001) max=1.635 | Ld=-0.0200 base=-0.273 r1=0.0418 path=0.108 cap=0.0914 anchor=0.0117 | Lg=+1.0762 | clips=101 | 20s
 1840 hold m=7 hq=0.345 fail | Dr=+0.602/+1.434 |Dr|max=1.434 Df=+0.440 | g r=0.161 f=0.355 p=0.460(0.004) max=1.647 | Ld=-0.1202 base=-0.237 r1=0.0295 path=0.0253 cap=0.05 anchor=0.0115 | Lg=+0.9607 | clips=101 | 20s
 1850 hold m=8 hq=0.484 fail | Dr=+0.730/+2.108 |Dr|max=2.108 Df=+0.557 | g r=0.154 f=0.501 p=0.605(0.003) max=1.569 | Ld=-0.0580 base=-0.181 r1=0.0326 path=0.0771 cap=0.00248 anchor=0.0105 | Lg=+0.9768 | clips=101 | 20s
 1860 hold m=8 hq=0.844 fail | Dr=+0.377/+2.166 |Dr|max=2.166 Df=+0.301 | g r=0.096 f=0.161 p=0.523(0.003) max=1.405 | Ld=-0.0705 base=-0.0951 r1=0.0135 path=0.00385 cap=0.00346 anchor=0.0038 | Lg=+0.9758 | clips=101 | 20s
 1870 hold m=8 hq=0.875 fail | Dr=+0.510/+2.335 |Dr|max=2.335 Df=+0.436 | g r=0.085 f=0.148 p=0.531(0.001) max=1.425 | Ld=-0.0836 base=-0.102 r1=0.00739 path=0.00631 cap=0.000967 anchor=0.00343 | Lg=+1.0182 | clips=101 | 21s
 1880 hold m=8 hq=0.923 PASS | Dr=+0.144/+2.028 |Dr|max=2.028 Df=+0.079 | g r=0.069 f=0.103 p=0.511(0.003) max=1.450 | Ld=-0.0505 base=-0.0879 r1=0.0153 path=0.0146 cap=0.00157 anchor=0.00586 | Lg=+1.0594 | clips=101 | 21s
 1890 hold m=8 hq=0.926 PASS | Dr=+0.111/+1.378 |Dr|max=1.378 Df=+0.065 | g r=0.087 f=0.096 p=0.389(0.000) max=1.244 | Ld=-0.0022 base=-0.0335 r1=0.0119 path=0.0103 cap=0.00299 anchor=0.00602 | Lg=+0.8506 | clips=101 | 21s
 1900 hold m=8 hq=0.945 PASS | Dr=+0.703/+2.232 |Dr|max=2.232 Df=+0.646 | g r=0.130 f=0.148 p=0.439(0.011) max=1.508 | Ld=-0.0559 base=-0.0875 r1=0.0137 path=0.00853 cap=0.00271 anchor=0.00667 | Lg=+0.9164 | clips=103 | 21s
 1910 hold m=8 hq=0.946 PASS | Dr=+0.187/+1.869 |Dr|max=1.869 Df=+0.127 | g r=0.047 f=0.058 p=0.448(0.001) max=1.361 | Ld=-0.0498 base=-0.0631 r1=0.00593 path=0.00383 cap=5.69e-05 anchor=0.00347 | Lg=+1.0026 | clips=103 | 21s
 1920 hold m=8 hq=0.947 PASS | Dr=+0.215/+1.887 |Dr|max=1.887 Df=+0.174 | g r=0.080 f=0.086 p=0.413(0.004) max=1.163 | Ld=-0.0165 base=-0.0475 r1=0.0134 path=0.0124 cap=0.00129 anchor=0.00392 | Lg=+0.9021 | clips=103 | 21s
 1930 hold m=8 hq=0.896 fail | Dr=+0.099/+1.576 |Dr|max=1.576 Df=+0.059 | g r=0.067 f=0.086 p=0.386(0.003) max=1.111 | Ld=-0.0382 base=-0.0676 r1=0.0172 path=0.00613 cap=2.7e-05 anchor=0.00605 | Lg=+0.8801 | clips=104 | 21s
 1940 hold m=8 hq=0.928 PASS | Dr=+0.210/+1.318 |Dr|max=1.318 Df=+0.174 | g r=0.078 f=0.104 p=0.355(0.001) max=1.541 | Ld=+0.0867 base=-0.0127 r1=0.0208 path=0.0673 cap=0.00237 anchor=0.00899 | Lg=+0.8316 | clips=105 | 21s
 1950 hold m=8 hq=0.946 PASS | Dr=+0.202/+1.619 |Dr|max=1.619 Df=+0.160 | g r=0.075 f=0.087 p=0.378(0.001) max=1.071 | Ld=+0.0012 base=-0.0273 r1=0.00817 path=0.00777 cap=0.00857 anchor=0.004 | Lg=+0.8894 | clips=105 | 21s
 1960 hold m=8 hq=0.962 PASS | Dr=+0.087/+1.736 |Dr|max=1.736 Df=+0.032 | g r=0.069 f=0.076 p=0.423(0.003) max=1.242 | Ld=-0.0363 base=-0.0506 r1=0.00571 path=0.00446 cap=0.000274 anchor=0.00388 | Lg=+0.9658 | clips=105 | 21s
 1970 hold m=8 hq=0.951 PASS | Dr=+0.419/+1.698 |Dr|max=1.698 Df=+0.378 | g r=0.043 f=0.051 p=0.342(0.001) max=1.146 | Ld=-0.0013 base=-0.0201 r1=0.00816 path=0.00605 cap=0.000204 anchor=0.00442 | Lg=+0.8487 | clips=105 | 22s
 1980 hold m=8 hq=0.893 fail | Dr=+0.263/+2.015 |Dr|max=2.015 Df=+0.222 | g r=0.084 f=0.110 p=0.439(0.002) max=1.543 | Ld=-0.0238 base=-0.0459 r1=0.00814 path=0.00922 cap=0.000615 anchor=0.00412 | Lg=+0.9456 | clips=105 | 22s
 1990 hold m=8 hq=0.960 PASS | Dr=+0.235/+2.053 |Dr|max=2.053 Df=+0.187 | g r=0.059 f=0.063 p=0.433(0.001) max=1.170 | Ld=-0.0477 base=-0.0669 r1=0.00497 path=0.00531 cap=0.00602 anchor=0.00295 | Lg=+0.9553 | clips=105 | 22s
 2000 hold m=8 hq=0.848 fail | Dr=+0.279/+1.692 |Dr|max=1.692 Df=+0.236 | g r=0.102 f=0.128 p=0.409(0.004) max=1.573 | Ld=+0.0065 base=-0.0277 r1=0.0152 path=0.0121 cap=0.00329 anchor=0.00359 | Lg=+0.8806 | clips=106 | 22s
 2010 hold m=8 hq=0.953 PASS | Dr=+0.380/+1.560 |Dr|max=1.560 Df=+0.353 | g r=0.042 f=0.055 p=0.293(0.001) max=1.151 | Ld=+0.0185 base=0.00283 r1=0.0074 path=0.00351 cap=0.000364 anchor=0.00436 | Lg=+0.7787 | clips=106 | 22s
 2020 hold m=8 hq=0.880 fail | Dr=+0.381/+1.829 |Dr|max=1.829 Df=+0.338 | g r=0.068 f=0.076 p=0.379(0.003) max=1.372 | Ld=-0.0240 base=-0.0459 r1=0.011 path=0.0082 cap=0.000141 anchor=0.00264 | Lg=+0.8934 | clips=106 | 22s
 2030 hold m=8 hq=0.959 PASS | Dr=+0.126/+1.855 |Dr|max=1.855 Df=+0.083 | g r=0.077 f=0.087 p=0.444(0.001) max=1.376 | Ld=-0.0288 base=-0.0531 r1=0.00858 path=0.0103 cap=0.000632 anchor=0.0048 | Lg=+0.9541 | clips=106 | 22s
 2040 hold m=8 hq=0.938 PASS | Dr=+0.205/+1.683 |Dr|max=1.683 Df=+0.164 | g r=0.084 f=0.091 p=0.418(0.003) max=1.256 | Ld=-0.0339 base=-0.0621 r1=0.00676 path=0.0158 cap=0.00104 anchor=0.00463 | Lg=+0.9145 | clips=106 | 22s
 2050 hold m=8 hq=0.950 PASS | Dr=+0.173/+1.304 |Dr|max=1.304 Df=+0.147 | g r=0.064 f=0.074 p=0.302(0.000) max=0.958 | Ld=+0.0740 base=-0.0314 r1=0.0114 path=0.0298 cap=0.0602 anchor=0.00408 | Lg=+0.8216 | clips=108 | 23s
 2060 hold m=8 hq=0.958 PASS | Dr=+0.208/+1.487 |Dr|max=1.487 Df=+0.177 | g r=0.058 f=0.069 p=0.332(0.000) max=1.260 | Ld=+0.0108 base=-0.00828 r1=0.00429 path=0.0119 cap=0.000611 anchor=0.00229 | Lg=+0.8489 | clips=108 | 23s
 2070 hold m=8 hq=0.962 PASS | Dr=+0.136/+1.513 |Dr|max=1.513 Df=+0.099 | g r=0.048 f=0.056 p=0.339(0.003) max=1.215 | Ld=-0.0002 base=-0.0206 r1=0.0066 path=0.00817 cap=8.34e-05 anchor=0.00555 | Lg=+0.8513 | clips=108 | 23s
 2080 hold m=8 hq=0.939 PASS | Dr=+0.352/+1.373 |Dr|max=1.373 Df=+0.322 | g r=0.080 f=0.082 p=0.306(0.001) max=0.994 | Ld=+0.0961 base=0.0354 r1=0.0262 path=0.0202 cap=0.0053 anchor=0.00909 | Lg=+0.7991 | clips=108 | 23s
 2090 hold m=8 hq=0.906 PASS | Dr=+0.272/+1.544 |Dr|max=1.544 Df=+0.235 | g r=0.106 f=0.110 p=0.376(0.002) max=1.291 | Ld=+0.0345 base=-0.00331 r1=0.0151 path=0.0164 cap=0.00219 anchor=0.00418 | Lg=+0.8427 | clips=108 | 23s
 2100 hold m=8 hq=0.928 PASS | Dr=+0.318/+1.694 |Dr|max=1.694 Df=+0.286 | g r=0.089 f=0.113 p=0.380(0.003) max=1.355 | Ld=-0.0231 base=-0.0644 r1=0.00648 path=0.0225 cap=0.00762 anchor=0.00471 | Lg=+0.8704 | clips=108 | 23s
 2110 hold m=8 hq=0.881 fail | Dr=+0.253/+2.049 |Dr|max=2.049 Df=+0.206 | g r=0.049 f=0.073 p=0.430(0.002) max=1.167 | Ld=-0.0504 base=-0.0697 r1=0.0111 path=0.0036 cap=0.00103 anchor=0.0035 | Lg=+0.9884 | clips=108 | 23s
 2120 hold m=8 hq=0.886 fail | Dr=+0.015/+1.626 |Dr|max=1.627 Df=-0.028 | g r=0.095 f=0.102 p=0.419(0.003) max=1.125 | Ld=-0.0463 base=-0.0718 r1=0.00733 path=0.00408 cap=0.0109 anchor=0.0032 | Lg=+0.9189 | clips=108 | 23s
 2130 hold m=8 hq=0.970 PASS | Dr=+0.132/+1.676 |Dr|max=1.676 Df=+0.095 | g r=0.042 f=0.049 p=0.391(0.001) max=1.248 | Ld=-0.0218 base=-0.03 r1=0.00339 path=0.00143 cap=0.000116 anchor=0.00328 | Lg=+0.8704 | clips=108 | 23s
 2140 hold m=8 hq=0.926 PASS | Dr=+0.128/+1.616 |Dr|max=1.616 Df=+0.097 | g r=0.096 f=0.104 p=0.359(0.001) max=1.138 | Ld=-0.0678 base=-0.106 r1=0.00685 path=0.00499 cap=0.0224 anchor=0.00388 | Lg=+0.8891 | clips=109 | 23s
 2150 hold m=8 hq=0.928 PASS | Dr=+0.151/+1.555 |Dr|max=1.555 Df=+0.124 | g r=0.083 f=0.082 p=0.358(0.004) max=1.153 | Ld=-0.0003 base=-0.0184 r1=0.00959 path=0.00433 cap=0.000817 anchor=0.0034 | Lg=+0.8531 | clips=109 | 24s
 2160 hold m=8 hq=0.903 PASS | Dr=+0.488/+1.497 |Dr|max=1.497 Df=+0.462 | g r=0.073 f=0.076 p=0.300(0.003) max=1.700 | Ld=+0.0458 base=-0.0321 r1=0.0119 path=0.0534 cap=0.00673 anchor=0.00589 | Lg=+0.7906 | clips=109 | 24s
 2170 hold m=8 hq=0.916 PASS | Dr=+0.029/+1.804 |Dr|max=1.804 Df=-0.019 | g r=0.075 f=0.077 p=0.455(0.000) max=1.245 | Ld=-0.0194 base=-0.0471 r1=0.0101 path=0.00778 cap=0.00385 anchor=0.00597 | Lg=+0.9937 | clips=109 | 24s
 2180 hold m=8 hq=0.966 PASS | Dr=+0.070/+1.669 |Dr|max=1.669 Df=+0.037 | g r=0.052 f=0.057 p=0.393(0.001) max=1.230 | Ld=-0.0183 base=-0.0322 r1=0.00636 path=0.00474 cap=1.46e-05 anchor=0.00279 | Lg=+0.9264 | clips=109 | 24s
 2190 hold m=8 hq=0.954 PASS | Dr=+0.111/+1.309 |Dr|max=1.309 Df=+0.082 | g r=0.048 f=0.052 p=0.298(0.002) max=1.125 | Ld=+0.0123 base=0.00342 r1=0.00387 path=0.00113 cap=0.00133 anchor=0.00252 | Lg=+0.8051 | clips=109 | 24s
 2200 hold m=8 hq=0.966 PASS | Dr=+0.239/+1.797 |Dr|max=1.797 Df=+0.203 | g r=0.036 f=0.039 p=0.370(0.000) max=1.228 | Ld=-0.0289 base=-0.0371 r1=0.00254 path=0.00309 cap=1.39e-05 anchor=0.00256 | Lg=+0.9139 | clips=109 | 24s
 2210 hold m=8 hq=0.935 PASS | Dr=+0.153/+1.271 |Dr|max=1.271 Df=+0.126 | g r=0.040 f=0.051 p=0.313(0.001) max=1.282 | Ld=+0.0335 base=0.0162 r1=0.00504 path=0.00883 cap=7.41e-05 anchor=0.00343 | Lg=+0.8188 | clips=109 | 24s
 2220 hold m=8 hq=0.728 fail | Dr=+0.175/+1.842 |Dr|max=1.842 Df=+0.136 | g r=0.117 f=0.136 p=0.447(0.001) max=1.242 | Ld=-0.0296 base=-0.0522 r1=0.00714 path=0.0078 cap=0.00467 anchor=0.003 | Lg=+0.9613 | clips=109 | 24s
 2230 hold m=8 hq=0.964 PASS | Dr=-0.019/+1.578 |Dr|max=1.578 Df=-0.053 | g r=0.033 f=0.041 p=0.385(0.001) max=1.242 | Ld=-0.0192 base=-0.0311 r1=0.0046 path=0.00478 anchor=0.0025 | Lg=+0.9045 | clips=109 | 24s
 2240 hold m=8 hq=0.925 PASS | Dr=+0.221/+1.849 |Dr|max=1.849 Df=+0.189 | g r=0.091 f=0.091 p=0.423(0.001) max=1.229 | Ld=-0.0113 base=-0.0268 r1=0.00575 path=0.00385 cap=0.00217 anchor=0.00368 | Lg=+0.9276 | clips=109 | 25s
 2250 hold m=8 hq=0.968 PASS | Dr=+0.145/+2.193 |Dr|max=2.193 Df=+0.099 | g r=0.070 f=0.069 p=0.488(0.001) max=1.378 | Ld=-0.0467 base=-0.0623 r1=0.00654 path=0.00638 cap=0.00023 anchor=0.00246 | Lg=+1.0243 | clips=109 | 25s
 2260 hold m=8 hq=0.959 PASS | Dr=+0.178/+1.818 |Dr|max=1.818 Df=+0.150 | g r=0.059 f=0.060 p=0.377(0.002) max=1.247 | Ld=+0.0058 base=-0.00981 r1=0.00408 path=0.00857 cap=0.000511 anchor=0.0025 | Lg=+0.8842 | clips=109 | 25s
 2270 hold m=8 hq=0.933 PASS | Dr=+0.404/+1.428 |Dr|max=1.428 Df=+0.386 | g r=0.065 f=0.079 p=0.305(0.001) max=1.425 | Ld=+0.0263 base=0.00954 r1=0.00725 path=0.00477 cap=0.000459 anchor=0.0043 | Lg=+0.7939 | clips=109 | 25s
 2280 hold m=8 hq=0.962 PASS | Dr=+0.158/+1.130 |Dr|max=1.130 Df=+0.135 | g r=0.044 f=0.055 p=0.300(0.001) max=1.069 | Ld=+0.0104 base=-0.00132 r1=0.00393 path=0.00523 cap=1.34e-05 anchor=0.0026 | Lg=+0.8056 | clips=109 | 25s
 2290 hold m=8 hq=0.970 PASS | Dr=+0.250/+1.522 |Dr|max=1.522 Df=+0.223 | g r=0.050 f=0.059 p=0.330(0.002) max=1.047 | Ld=+0.0231 base=-0.00551 r1=0.00701 path=0.0164 cap=0.0027 anchor=0.00251 | Lg=+0.8472 | clips=109 | 25s
 2300 hold m=8 hq=0.903 PASS | Dr=+0.311/+1.593 |Dr|max=1.593 Df=+0.296 | g r=0.077 f=0.083 p=0.351(0.000) max=1.509 | Ld=+0.0001 base=-0.0162 r1=0.00415 path=0.00932 cap=0.000221 anchor=0.00257 | Lg=+0.8250 | clips=109 | 25s
 2310 hold m=8 hq=0.970 PASS | Dr=+0.014/+1.168 |Dr|max=1.168 Df=-0.006 | g r=0.058 f=0.064 p=0.294(0.002) max=0.913 | Ld=+0.0245 base=0.00445 r1=0.0106 path=0.00224 cap=0.00438 anchor=0.00287 | Lg=+0.7999 | clips=109 | 25s
 2320 hold m=8 hq=0.960 PASS | Dr=+0.032/+1.188 |Dr|max=1.188 Df=+0.014 | g r=0.069 f=0.073 p=0.322(0.001) max=1.296 | Ld=+0.0250 base=0.00649 r1=0.0099 path=0.00461 cap=0.000208 anchor=0.00382 | Lg=+0.8134 | clips=109 | 25s
 2330 hold m=8 hq=0.928 PASS | Dr=+0.241/+1.278 |Dr|max=1.278 Df=+0.218 | g r=0.085 f=0.091 p=0.296(0.003) max=1.089 | Ld=+0.0301 base=-0.0145 r1=0.00801 path=0.0179 cap=0.0145 anchor=0.00409 | Lg=+0.7917 | clips=110 | 26s
 2340 hold m=8 hq=0.956 PASS | Dr=+0.250/+1.540 |Dr|max=1.540 Df=+0.224 | g r=0.067 f=0.075 p=0.359(0.004) max=1.542 | Ld=-0.0132 base=-0.0372 r1=0.012 path=0.00838 cap=2.28e-05 anchor=0.00363 | Lg=+0.8455 | clips=110 | 26s
 2350 hold m=8 hq=0.964 PASS | Dr=+0.115/+1.419 |Dr|max=1.419 Df=+0.088 | g r=0.033 f=0.037 p=0.349(0.000) max=1.081 | Ld=-0.0049 base=-0.0161 r1=0.00352 path=0.00538 cap=2.22e-05 anchor=0.00231 | Lg=+0.8450 | clips=112 | 26s
 2360 hold m=8 hq=0.864 fail | Dr=+0.016/+1.694 |Dr|max=1.822 Df=-0.016 | g r=0.076 f=0.095 p=0.442(0.000) max=1.160 | Ld=-0.0189 base=-0.0317 r1=0.0074 path=0.00311 cap=0.000167 anchor=0.00209 | Lg=+0.9478 | clips=112 | 26s
 2370 hold m=8 hq=0.951 PASS | Dr=+0.119/+1.571 |Dr|max=1.571 Df=+0.084 | g r=0.036 f=0.047 p=0.380(0.001) max=1.019 | Ld=-0.0106 base=-0.0176 r1=0.0027 path=0.00264 cap=4.39e-07 anchor=0.00175 | Lg=+0.8922 | clips=112 | 26s
 2380 hold m=8 hq=0.917 PASS | Dr=+0.206/+1.701 |Dr|max=1.701 Df=+0.177 | g r=0.050 f=0.063 p=0.383(0.002) max=1.305 | Ld=-0.0057 base=-0.0188 r1=0.00479 path=0.00532 cap=5.44e-07 anchor=0.00292 | Lg=+0.8867 | clips=112 | 26s
 2390 hold m=8 hq=0.889 fail | Dr=+0.378/+1.145 |Dr|max=1.145 Df=+0.358 | g r=0.061 f=0.082 p=0.267(0.001) max=1.173 | Ld=+0.0405 base=0.00557 r1=0.0107 path=0.0155 cap=0.00398 anchor=0.00466 | Lg=+0.7768 | clips=112 | 26s
 2400 hold m=8 hq=0.925 PASS | Dr=+0.279/+1.388 |Dr|max=1.388 Df=+0.253 | g r=0.039 f=0.048 p=0.305(0.001) max=1.244 | Ld=-0.0055 base=-0.0158 r1=0.00225 path=0.0063 cap=3.15e-05 anchor=0.00166 | Lg=+0.8180 | clips=112 | 26s
# shift (1,0) after 2400; frozen copy on new target: m=0 hq=0.000
 2410 post m=4 hq=0.142 fail | Dr=+0.319/+1.076 |Dr|max=1.076 Df=+0.039 | g r=0.341 f=0.632 p=0.661(0.007) max=1.910 | Ld=+0.4978 base=-0.108 r1=0.0396 path=0.55 anchor=0.0163 | Lg=+0.9450 | clips=134 | 26s
 2420 post m=8 hq=0.496 fail | Dr=-0.202/+0.071 |Dr|max=0.473 Df=-0.268 | g r=0.108 f=0.256 p=0.306(0.004) max=1.035 | Ld=+0.0951 base=-0.0592 r1=0.0208 path=0.116 anchor=0.0178 | Lg=+0.7413 | clips=134 | 26s
 2430 post m=8 hq=0.405 fail | Dr=-0.101/+0.239 |Dr|max=0.427 Df=-0.181 | g r=0.114 f=0.327 p=0.327(0.003) max=1.247 | Ld=+0.0684 base=-0.0689 r1=0.0245 path=0.0931 cap=0.00559 anchor=0.0141 | Lg=+0.7732 | clips=134 | 27s
 2440 post m=2 hq=0.047 fail | Dr=+0.011/+0.306 |Dr|max=0.420 Df=-0.238 | g r=0.250 f=0.596 p=0.521(0.004) max=1.545 | Ld=+3.1105 base=-0.0158 r1=0.0723 path=2.93 cap=0.095 anchor=0.0295 | Lg=+0.9448 | clips=136 | 27s
 2450 post m=6 hq=0.182 fail | Dr=-0.205/+0.085 |Dr|max=0.659 Df=-0.444 | g r=0.208 f=0.545 p=0.502(0.003) max=1.455 | Ld=-0.0315 base=-0.213 r1=0.0526 path=0.0783 cap=0.0307 anchor=0.0204 | Lg=+0.8298 | clips=136 | 27s
 2460 post m=5 hq=0.180 fail | Dr=-0.052/+0.246 |Dr|max=0.488 Df=-0.261 | g r=0.146 f=0.443 p=0.428(0.005) max=1.491 | Ld=-0.0673 base=-0.19 r1=0.025 path=0.0482 cap=0.0343 anchor=0.0153 | Lg=+0.8109 | clips=136 | 27s
 2470 post m=6 hq=0.139 fail | Dr=-0.120/+0.385 |Dr|max=0.546 Df=-0.340 | g r=0.163 f=0.502 p=0.470(0.006) max=1.628 | Ld=-0.0792 base=-0.143 r1=0.0226 path=0.0226 cap=0.00411 anchor=0.0148 | Lg=+0.8051 | clips=136 | 27s
 2480 post m=7 hq=0.423 fail | Dr=+0.266/+0.553 |Dr|max=0.553 Df=+0.136 | g r=0.145 f=0.486 p=0.478(0.003) max=1.406 | Ld=-0.0122 base=-0.18 r1=0.0514 path=0.0889 cap=0.00237 anchor=0.0251 | Lg=+0.8038 | clips=136 | 27s
 2490 post m=3 hq=0.021 fail | Dr=-0.024/+0.676 |Dr|max=0.676 Df=-0.341 | g r=0.159 f=0.669 p=0.506(0.006) max=1.614 | Ld=-0.1144 base=-0.182 r1=0.0285 path=0.00877 cap=0.0121 anchor=0.0181 | Lg=+0.8467 | clips=136 | 27s
 2500 post m=8 hq=0.381 fail | Dr=+0.023/+0.738 |Dr|max=0.738 Df=-0.114 | g r=0.125 f=0.440 p=0.430(0.001) max=1.547 | Ld=-0.0890 base=-0.146 r1=0.0317 path=0.0124 cap=0.00177 anchor=0.0109 | Lg=+0.8113 | clips=136 | 27s
 2510 post m=8 hq=0.442 fail | Dr=+0.176/+0.856 |Dr|max=0.856 Df=+0.050 | g r=0.160 f=0.418 p=0.466(0.005) max=1.499 | Ld=-0.0539 base=-0.126 r1=0.0267 path=0.00881 cap=0.0212 anchor=0.0152 | Lg=+0.7929 | clips=136 | 28s
 2520 post m=5 hq=0.183 fail | Dr=-0.178/+0.842 |Dr|max=0.842 Df=-0.414 | g r=0.179 f=0.639 p=0.523(0.011) max=1.719 | Ld=-0.0234 base=-0.219 r1=0.0502 path=0.112 cap=0.0183 anchor=0.0161 | Lg=+0.9130 | clips=137 | 28s
 2530 post m=5 hq=0.250 fail | Dr=+0.209/+0.899 |Dr|max=0.899 Df=+0.038 | g r=0.114 f=0.544 p=0.437(0.003) max=1.341 | Ld=-0.0593 base=-0.14 r1=0.0431 path=0.0259 cap=0.000522 anchor=0.0114 | Lg=+0.8062 | clips=137 | 28s
 2540 post m=7 hq=0.210 fail | Dr=-0.023/+0.701 |Dr|max=0.701 Df=-0.162 | g r=0.143 f=0.507 p=0.412(0.004) max=1.252 | Ld=-0.1180 base=-0.231 r1=0.0298 path=0.0136 cap=0.0541 anchor=0.0157 | Lg=+0.8555 | clips=137 | 28s
 2550 post m=3 hq=0.088 fail | Dr=+0.078/+1.176 |Dr|max=1.176 Df=-0.080 | g r=0.186 f=0.615 p=0.470(0.004) max=1.498 | Ld=+0.0011 base=-0.113 r1=0.0451 path=0.0418 cap=0.00229 anchor=0.0246 | Lg=+0.8948 | clips=137 | 28s
 2560 post m=4 hq=0.162 fail | Dr=+0.252/+0.711 |Dr|max=0.711 Df=+0.051 | g r=0.129 f=0.530 p=0.462(0.003) max=1.666 | Ld=-0.0916 base=-0.145 r1=0.0196 path=0.0212 cap=0.00196 anchor=0.0105 | Lg=+0.8372 | clips=137 | 28s
 2570 post m=8 hq=0.142 fail | Dr=-0.008/+0.753 |Dr|max=0.791 Df=-0.183 | g r=0.194 f=0.797 p=0.600(0.007) max=1.907 | Ld=-0.0258 base=-0.253 r1=0.0323 path=0.165 cap=0.0161 anchor=0.0138 | Lg=+1.0410 | clips=137 | 28s
 2580 post m=6 hq=0.232 fail | Dr=+0.040/+0.665 |Dr|max=0.665 Df=-0.148 | g r=0.133 f=0.437 p=0.403(0.007) max=1.444 | Ld=-0.0895 base=-0.154 r1=0.0201 path=0.00439 cap=0.0289 anchor=0.0112 | Lg=+0.8002 | clips=137 | 28s
 2590 post m=7 hq=0.314 fail | Dr=+0.467/+1.040 |Dr|max=1.040 Df=+0.326 | g r=0.166 f=0.466 p=0.470(0.008) max=1.547 | Ld=+0.1615 base=-0.0637 r1=0.064 path=0.129 cap=0.00189 anchor=0.03 | Lg=+0.8572 | clips=139 | 28s
 2600 post m=7 hq=0.384 fail | Dr=+0.287/+0.898 |Dr|max=0.898 Df=+0.142 | g r=0.088 f=0.448 p=0.405(0.001) max=1.506 | Ld=-0.0720 base=-0.102 r1=0.0185 path=0.00228 cap=0.000272 anchor=0.00915 | Lg=+0.7863 | clips=139 | 28s
 2610 post m=5 hq=0.332 fail | Dr=+0.364/+1.039 |Dr|max=1.039 Df=+0.201 | g r=0.113 f=0.431 p=0.417(0.004) max=1.394 | Ld=-0.0769 base=-0.156 r1=0.0348 path=0.014 cap=0.0119 anchor=0.0181 | Lg=+0.8023 | clips=139 | 29s
 2620 post m=4 hq=0.165 fail | Dr=+0.391/+1.055 |Dr|max=1.055 Df=+0.119 | g r=0.139 f=0.617 p=0.486(0.007) max=1.700 | Ld=-0.1282 base=-0.166 r1=0.0171 path=0.00723 cap=0.00289 anchor=0.011 | Lg=+0.8443 | clips=139 | 29s
 2630 post m=3 hq=0.131 fail | Dr=+0.221/+0.896 |Dr|max=0.896 Df=-0.028 | g r=0.153 f=0.563 p=0.435(0.007) max=1.373 | Ld=-0.1395 base=-0.212 r1=0.0246 path=0.0105 cap=0.0228 anchor=0.0145 | Lg=+0.8732 | clips=139 | 29s
 2640 post m=6 hq=0.438 fail | Dr=+0.295/+0.879 |Dr|max=0.879 Df=+0.144 | g r=0.101 f=0.442 p=0.419(0.003) max=1.217 | Ld=-0.0455 base=-0.0794 r1=0.0145 path=0.00649 cap=0.00107 anchor=0.0118 | Lg=+0.8025 | clips=139 | 29s
 2650 post m=5 hq=0.452 fail | Dr=+0.264/+0.724 |Dr|max=0.724 Df=+0.143 | g r=0.108 f=0.380 p=0.385(0.002) max=1.201 | Ld=-0.0326 base=-0.0871 r1=0.0154 path=0.00236 cap=0.0268 anchor=0.0101 | Lg=+0.7651 | clips=139 | 29s
 2660 post m=5 hq=0.478 fail | Dr=+0.034/+0.827 |Dr|max=0.827 Df=-0.141 | g r=0.132 f=0.423 p=0.413(0.010) max=1.432 | Ld=-0.0873 base=-0.137 r1=0.0198 path=0.00531 cap=0.0146 anchor=0.0103 | Lg=+0.8319 | clips=139 | 29s
 2670 post m=8 hq=0.584 fail | Dr=+0.174/+1.070 |Dr|max=1.070 Df=+0.053 | g r=0.101 f=0.365 p=0.408(0.005) max=1.417 | Ld=-0.0720 base=-0.115 r1=0.0192 path=0.00301 cap=0.0119 anchor=0.0089 | Lg=+0.8017 | clips=139 | 29s
 2680 post m=7 hq=0.484 fail | Dr=+0.322/+0.970 |Dr|max=0.970 Df=+0.136 | g r=0.124 f=0.358 p=0.426(0.003) max=1.899 | Ld=-0.0651 base=-0.102 r1=0.0122 path=0.00582 cap=0.0105 anchor=0.00858 | Lg=+0.7919 | clips=139 | 29s
 2690 post m=8 hq=0.665 fail | Dr=+0.072/+0.947 |Dr|max=0.947 Df=-0.009 | g r=0.127 f=0.306 p=0.367(0.002) max=1.138 | Ld=-0.0299 base=-0.112 r1=0.0249 path=0.00595 cap=0.0358 anchor=0.0156 | Lg=+0.8103 | clips=139 | 29s
 2700 post m=8 hq=0.797 fail | Dr=+0.145/+1.052 |Dr|max=1.052 Df=+0.101 | g r=0.073 f=0.160 p=0.325(0.002) max=1.051 | Ld=-0.0175 base=-0.0423 r1=0.01 path=0.00512 cap=1.71e-05 anchor=0.00969 | Lg=+0.7847 | clips=139 | 30s
 2710 post m=6 hq=0.449 fail | Dr=+0.353/+1.126 |Dr|max=1.126 Df=+0.256 | g r=0.104 f=0.371 p=0.371(0.002) max=1.496 | Ld=-0.0649 base=-0.121 r1=0.0213 path=0.0122 cap=0.0143 anchor=0.00862 | Lg=+0.8215 | clips=139 | 30s
 2720 post m=8 hq=0.912 PASS | Dr=+0.261/+1.116 |Dr|max=1.116 Df=+0.218 | g r=0.049 f=0.086 p=0.318(0.000) max=1.323 | Ld=+0.0024 base=-0.0182 r1=0.00639 path=0.00613 cap=0.00186 anchor=0.00615 | Lg=+0.7696 | clips=139 | 30s
 2730 post m=8 hq=0.910 PASS | Dr=+0.267/+1.217 |Dr|max=1.217 Df=+0.222 | g r=0.070 f=0.097 p=0.313(0.002) max=1.272 | Ld=-0.0032 base=-0.0284 r1=0.0108 path=0.00797 cap=0.00124 anchor=0.00518 | Lg=+0.7973 | clips=139 | 30s
 2740 post m=8 hq=0.911 PASS | Dr=+0.122/+1.253 |Dr|max=1.253 Df=+0.072 | g r=0.076 f=0.094 p=0.312(0.003) max=1.099 | Ld=-0.0023 base=-0.0351 r1=0.015 path=0.0032 cap=0.00734 anchor=0.00725 | Lg=+0.8191 | clips=139 | 30s
 2750 post m=8 hq=0.788 fail | Dr=+0.320/+1.229 |Dr|max=1.229 Df=+0.286 | g r=0.067 f=0.086 p=0.268(0.003) max=1.118 | Ld=+0.2395 base=0.0959 r1=0.031 path=0.0586 cap=0.0476 anchor=0.00641 | Lg=+0.7688 | clips=141 | 30s
 2760 post m=8 hq=0.919 PASS | Dr=+0.189/+1.553 |Dr|max=1.553 Df=+0.131 | g r=0.104 f=0.108 p=0.340(0.001) max=1.341 | Ld=-0.0191 base=-0.0414 r1=0.0124 path=0.00148 cap=0.00242 anchor=0.00591 | Lg=+0.8520 | clips=141 | 30s
 2770 post m=8 hq=0.955 PASS | Dr=+0.024/+1.475 |Dr|max=1.475 Df=-0.044 | g r=0.065 f=0.076 p=0.376(0.003) max=1.389 | Ld=-0.0546 base=-0.0816 r1=0.00701 path=0.00674 cap=0.00728 anchor=0.00595 | Lg=+0.9137 | clips=141 | 30s
 2780 post m=8 hq=0.956 PASS | Dr=+0.085/+1.401 |Dr|max=1.401 Df=+0.032 | g r=0.058 f=0.067 p=0.327(0.005) max=1.269 | Ld=-0.0132 base=-0.033 r1=0.00798 path=0.00433 cap=0.00084 anchor=0.00673 | Lg=+0.8320 | clips=143 | 30s
 2790 post m=8 hq=0.923 PASS | Dr=+0.145/+1.555 |Dr|max=1.555 Df=+0.089 | g r=0.077 f=0.094 p=0.371(0.001) max=1.286 | Ld=-0.0077 base=-0.0241 r1=0.00582 path=0.00451 cap=0.000444 anchor=0.00559 | Lg=+0.8890 | clips=143 | 30s
 2800 post m=8 hq=0.930 PASS | Dr=+0.283/+1.162 |Dr|max=1.162 Df=+0.247 | g r=0.066 f=0.089 p=0.293(0.004) max=1.421 | Ld=+0.0109 base=-0.00647 r1=0.0059 path=0.00499 cap=0.000489 anchor=0.00601 | Lg=+0.7545 | clips=143 | 31s
 2810 post m=8 hq=0.965 PASS | Dr=+0.231/+1.282 |Dr|max=1.282 Df=+0.185 | g r=0.073 f=0.073 p=0.279(0.001) max=1.038 | Ld=+0.0503 base=0.0261 r1=0.0115 path=0.00297 cap=0.00267 anchor=0.00713 | Lg=+0.7962 | clips=143 | 31s
 2820 post m=8 hq=0.958 PASS | Dr=+0.789/+1.906 |Dr|max=1.906 Df=+0.738 | g r=0.042 f=0.050 p=0.285(0.002) max=1.082 | Ld=+0.0014 base=-0.0172 r1=0.00722 path=0.00494 cap=0.0006 anchor=0.00581 | Lg=+0.8277 | clips=143 | 31s
 2830 post m=8 hq=0.959 PASS | Dr=+0.272/+1.318 |Dr|max=1.318 Df=+0.224 | g r=0.062 f=0.063 p=0.277(0.002) max=1.495 | Ld=+0.0181 base=-0.00109 r1=0.0077 path=0.0045 cap=0.000361 anchor=0.00666 | Lg=+0.7949 | clips=143 | 31s
 2840 post m=8 hq=0.969 PASS | Dr=+0.063/+1.072 |Dr|max=1.072 Df=+0.014 | g r=0.041 f=0.040 p=0.267(0.000) max=1.145 | Ld=-0.0091 base=-0.0283 r1=0.00767 path=0.00468 anchor=0.00687 | Lg=+0.7891 | clips=143 | 31s
 2850 post m=8 hq=0.954 PASS | Dr=+0.167/+1.144 |Dr|max=1.144 Df=+0.128 | g r=0.083 f=0.081 p=0.278(0.002) max=0.911 | Ld=+0.0424 base=-0.00408 r1=0.0317 path=0.00471 cap=0.00103 anchor=0.00904 | Lg=+0.7935 | clips=143 | 31s
 2860 post m=8 hq=0.971 PASS | Dr=+0.329/+1.442 |Dr|max=1.442 Df=+0.295 | g r=0.078 f=0.082 p=0.340(0.003) max=1.160 | Ld=-0.0005 base=-0.0154 r1=0.0054 path=0.00295 anchor=0.00653 | Lg=+0.8278 | clips=143 | 31s
 2870 post m=8 hq=0.976 PASS | Dr=+0.249/+1.537 |Dr|max=1.537 Df=+0.197 | g r=0.056 f=0.053 p=0.336(0.001) max=1.263 | Ld=-0.0140 base=-0.0327 r1=0.00551 path=0.00618 cap=7.31e-05 anchor=0.00688 | Lg=+0.8257 | clips=144 | 31s
 2880 post m=8 hq=0.946 PASS | Dr=+0.276/+1.649 |Dr|max=1.649 Df=+0.223 | g r=0.048 f=0.053 p=0.368(0.003) max=1.235 | Ld=-0.0203 base=-0.0423 r1=0.00538 path=0.01 anchor=0.00663 | Lg=+0.8744 | clips=144 | 31s
 2890 post m=8 hq=0.942 PASS | Dr=+0.204/+1.611 |Dr|max=1.611 Df=+0.133 | g r=0.068 f=0.085 p=0.383(0.001) max=1.437 | Ld=-0.0453 base=-0.065 r1=0.00613 path=0.00732 cap=0.000831 anchor=0.00536 | Lg=+0.8893 | clips=144 | 32s
 2900 post m=8 hq=0.972 PASS | Dr=+0.229/+1.469 |Dr|max=1.469 Df=+0.181 | g r=0.041 f=0.035 p=0.328(0.002) max=1.122 | Ld=-0.0131 base=-0.0324 r1=0.00855 path=0.00586 cap=9.22e-06 anchor=0.00488 | Lg=+0.8356 | clips=144 | 32s
 2910 post m=8 hq=0.964 PASS | Dr=+0.362/+1.217 |Dr|max=1.217 Df=+0.341 | g r=0.071 f=0.067 p=0.317(0.001) max=1.116 | Ld=+0.0070 base=-0.00914 r1=0.00363 path=0.00812 cap=1.64e-05 anchor=0.00433 | Lg=+0.7792 | clips=145 | 32s
 2920 post m=8 hq=0.971 PASS | Dr=+0.360/+1.041 |Dr|max=1.041 Df=+0.342 | g r=0.073 f=0.065 p=0.278(0.002) max=0.993 | Ld=-0.0018 base=-0.0201 r1=0.00957 path=0.00216 cap=5.87e-05 anchor=0.00658 | Lg=+0.7560 | clips=145 | 32s
 2930 post m=8 hq=0.960 PASS | Dr=+0.181/+1.327 |Dr|max=1.327 Df=+0.129 | g r=0.053 f=0.054 p=0.326(0.001) max=1.180 | Ld=-0.0015 base=-0.0205 r1=0.0073 path=0.00415 cap=0.000151 anchor=0.00742 | Lg=+0.8239 | clips=145 | 32s
 2940 post m=8 hq=0.978 PASS | Dr=+0.569/+1.211 |Dr|max=1.211 Df=+0.547 | g r=0.039 f=0.039 p=0.331(0.001) max=1.191 | Ld=-0.0158 base=-0.0288 r1=0.00372 path=0.00487 cap=2.4e-05 anchor=0.0044 | Lg=+0.7730 | clips=146 | 32s
 2950 post m=8 hq=0.839 fail | Dr=+0.129/+1.647 |Dr|max=1.647 Df=+0.081 | g r=0.093 f=0.094 p=0.414(0.002) max=1.467 | Ld=-0.0364 base=-0.0616 r1=0.00441 path=0.0161 cap=2.46e-07 anchor=0.00469 | Lg=+0.9128 | clips=146 | 32s
 2960 post m=8 hq=0.970 PASS | Dr=+0.294/+1.419 |Dr|max=1.419 Df=+0.258 | g r=0.059 f=0.059 p=0.342(0.001) max=1.195 | Ld=-0.0043 base=-0.0172 r1=0.00596 path=0.00201 cap=0.000261 anchor=0.00472 | Lg=+0.8250 | clips=146 | 32s
 2970 post m=8 hq=0.968 PASS | Dr=+0.266/+1.341 |Dr|max=1.341 Df=+0.218 | g r=0.068 f=0.066 p=0.343(0.001) max=1.330 | Ld=-0.0126 base=-0.0321 r1=0.00692 path=0.00589 cap=1.28e-05 anchor=0.00664 | Lg=+0.8274 | clips=147 | 32s
 2980 post m=8 hq=0.956 PASS | Dr=+0.479/+1.624 |Dr|max=1.624 Df=+0.424 | g r=0.066 f=0.055 p=0.326(0.003) max=1.314 | Ld=-0.0128 base=-0.037 r1=0.00837 path=0.00866 cap=0.000292 anchor=0.0068 | Lg=+0.8297 | clips=147 | 33s
 2990 post m=8 hq=0.956 PASS | Dr=+0.586/+1.688 |Dr|max=1.688 Df=+0.540 | g r=0.062 f=0.065 p=0.313(0.002) max=1.154 | Ld=-0.0086 base=-0.0354 r1=0.0111 path=0.00402 cap=0.00461 anchor=0.00703 | Lg=+0.8069 | clips=147 | 33s
 3000 post m=8 hq=0.960 PASS | Dr=+0.405/+1.014 |Dr|max=1.014 Df=+0.379 | g r=0.055 f=0.058 p=0.280(0.002) max=1.095 | Ld=-0.0016 base=-0.0265 r1=0.00831 path=0.0109 anchor=0.00558 | Lg=+0.7493 | clips=147 | 33s
 3010 post m=8 hq=0.974 PASS | Dr=+0.371/+1.511 |Dr|max=1.511 Df=+0.323 | g r=0.063 f=0.060 p=0.383(0.003) max=1.394 | Ld=-0.0336 base=-0.0529 r1=0.00636 path=0.00651 cap=0.000487 anchor=0.00595 | Lg=+0.8078 | clips=147 | 33s
 3020 post m=8 hq=0.927 PASS | Dr=+0.250/+2.144 |Dr|max=2.144 Df=+0.169 | g r=0.116 f=0.098 p=0.469(0.003) max=1.848 | Ld=-0.0679 base=-0.0852 r1=0.00523 path=0.00503 cap=0.000948 anchor=0.00613 | Lg=+0.9954 | clips=147 | 33s
 3030 post m=8 hq=0.964 PASS | Dr=+0.616/+1.454 |Dr|max=1.454 Df=+0.583 | g r=0.030 f=0.029 p=0.250(0.001) max=0.965 | Ld=+0.0062 base=-0.0114 r1=0.00623 path=0.00794 cap=8.74e-05 anchor=0.00326 | Lg=+0.7583 | clips=148 | 33s
 3040 post m=8 hq=0.965 PASS | Dr=+0.379/+1.392 |Dr|max=1.392 Df=+0.339 | g r=0.048 f=0.040 p=0.273(0.001) max=1.068 | Ld=-0.0077 base=-0.0242 r1=0.00263 path=0.0103 anchor=0.00357 | Lg=+0.8098 | clips=150 | 33s
 3050 post m=8 hq=0.955 PASS | Dr=+0.191/+1.588 |Dr|max=1.588 Df=+0.132 | g r=0.064 f=0.061 p=0.342(0.001) max=1.344 | Ld=-0.0333 base=-0.0506 r1=0.00348 path=0.00896 cap=0.000163 anchor=0.00473 | Lg=+0.8684 | clips=150 | 33s
 3060 post m=8 hq=0.940 PASS | Dr=+0.398/+2.008 |Dr|max=2.008 Df=+0.338 | g r=0.063 f=0.074 p=0.390(0.001) max=1.431 | Ld=-0.0337 base=-0.046 r1=0.00533 path=0.00194 cap=0.00107 anchor=0.00393 | Lg=+0.8935 | clips=150 | 33s
 3070 post m=8 hq=0.753 fail | Dr=+0.423/+1.552 |Dr|max=1.552 Df=+0.372 | g r=0.069 f=0.167 p=0.375(0.002) max=1.299 | Ld=+0.0212 base=-0.0352 r1=0.0227 path=0.0256 cap=0.00141 anchor=0.00671 | Lg=+0.8626 | clips=152 | 33s
 3080 post m=7 hq=0.621 fail | Dr=+0.227/+1.073 |Dr|max=1.073 Df=+0.139 | g r=0.061 f=0.276 p=0.327(0.002) max=1.237 | Ld=-0.0224 base=-0.0371 r1=0.00776 path=0.00289 cap=2.1e-05 anchor=0.00408 | Lg=+0.7973 | clips=156 | 34s
 3090 post m=8 hq=0.858 fail | Dr=+0.042/+1.128 |Dr|max=1.128 Df=-0.010 | g r=0.087 f=0.142 p=0.391(0.002) max=1.370 | Ld=-0.0801 base=-0.141 r1=0.0122 path=0.0143 cap=0.0287 anchor=0.00523 | Lg=+0.8704 | clips=156 | 34s
 3100 post m=8 hq=0.790 fail | Dr=+0.328/+1.143 |Dr|max=1.143 Df=+0.270 | g r=0.053 f=0.162 p=0.289(0.003) max=1.366 | Ld=-0.0182 base=-0.0332 r1=0.00581 path=0.00413 cap=1.57e-05 anchor=0.00497 | Lg=+0.7585 | clips=156 | 34s
 3110 post m=5 hq=0.411 fail | Dr=+0.260/+1.217 |Dr|max=1.217 Df=+0.108 | g r=0.112 f=0.436 p=0.447(0.004) max=1.615 | Ld=-0.0641 base=-0.106 r1=0.0135 path=0.022 cap=0.00073 anchor=0.00607 | Lg=+0.8529 | clips=156 | 34s
 3120 post m=8 hq=0.765 fail | Dr=+0.165/+1.033 |Dr|max=1.033 Df=+0.112 | g r=0.075 f=0.185 p=0.321(0.003) max=1.196 | Ld=+0.0072 base=-0.0631 r1=0.0248 path=0.0157 cap=0.0236 anchor=0.00635 | Lg=+0.7910 | clips=156 | 34s
 3130 post m=8 hq=0.644 fail | Dr=+0.453/+1.006 |Dr|max=1.006 Df=+0.343 | g r=0.129 f=0.429 p=0.384(0.006) max=2.285 | Ld=-0.0423 base=-0.0859 r1=0.0124 path=0.0195 cap=0.00478 anchor=0.00688 | Lg=+0.7714 | clips=156 | 34s
 3140 post m=8 hq=0.804 fail | Dr=+0.257/+1.086 |Dr|max=1.086 Df=+0.200 | g r=0.080 f=0.169 p=0.304(0.002) max=1.299 | Ld=-0.0508 base=-0.123 r1=0.0282 path=0.0221 cap=0.0106 anchor=0.0117 | Lg=+0.8164 | clips=158 | 34s
 3150 post m=7 hq=0.547 fail | Dr=+0.458/+1.079 |Dr|max=1.079 Df=+0.349 | g r=0.065 f=0.292 p=0.317(0.003) max=1.198 | Ld=-0.0244 base=-0.0415 r1=0.0079 path=0.00429 cap=0.000156 anchor=0.00475 | Lg=+0.7552 | clips=158 | 34s
 3160 post m=8 hq=0.858 fail | Dr=+0.176/+1.308 |Dr|max=1.308 Df=+0.123 | g r=0.060 f=0.122 p=0.328(0.001) max=1.288 | Ld=-0.0273 base=-0.0476 r1=0.0107 path=0.00488 cap=0.00154 anchor=0.00326 | Lg=+0.8189 | clips=158 | 34s
 3170 post m=6 hq=0.386 fail | Dr=+0.300/+1.483 |Dr|max=1.483 Df=+0.128 | g r=0.105 f=0.448 p=0.450(0.003) max=1.634 | Ld=-0.0980 base=-0.122 r1=0.0106 path=0.00564 cap=0.00246 anchor=0.0053 | Lg=+0.8804 | clips=158 | 35s
 3180 post m=7 hq=0.421 fail | Dr=+0.503/+1.248 |Dr|max=1.248 Df=+0.378 | g r=0.103 f=0.320 p=0.346(0.005) max=1.323 | Ld=-0.0454 base=-0.0844 r1=0.0181 path=0.00525 cap=0.0117 anchor=0.00405 | Lg=+0.7978 | clips=162 | 35s
 3190 post m=8 hq=0.830 fail | Dr=+0.372/+1.349 |Dr|max=1.349 Df=+0.315 | g r=0.087 f=0.203 p=0.384(0.002) max=1.267 | Ld=-0.0461 base=-0.0718 r1=0.0137 path=0.00666 cap=0.000475 anchor=0.00485 | Lg=+0.8290 | clips=163 | 35s
 3200 post m=8 hq=0.893 fail | Dr=+0.270/+1.521 |Dr|max=1.521 Df=+0.207 | g r=0.100 f=0.143 p=0.399(0.001) max=1.239 | Ld=-0.0373 base=-0.0566 r1=0.00921 path=0.00692 cap=0.000424 anchor=0.00279 | Lg=+0.8766 | clips=163 | 35s
 3210 post m=8 hq=0.896 fail | Dr=+0.261/+1.311 |Dr|max=1.311 Df=+0.202 | g r=0.067 f=0.109 p=0.371(0.002) max=1.225 | Ld=+0.0001 base=-0.0117 r1=0.00626 path=0.00167 cap=0.000651 anchor=0.00324 | Lg=+0.8197 | clips=163 | 35s
 3220 post m=8 hq=0.940 PASS | Dr=+0.359/+1.508 |Dr|max=1.508 Df=+0.306 | g r=0.063 f=0.073 p=0.337(0.003) max=1.165 | Ld=-0.0096 base=-0.021 r1=0.00605 path=0.00299 cap=3.24e-05 anchor=0.00227 | Lg=+0.8552 | clips=164 | 35s
 3230 post m=8 hq=0.909 PASS | Dr=+0.317/+1.724 |Dr|max=1.724 Df=+0.262 | g r=0.101 f=0.105 p=0.384(0.005) max=1.177 | Ld=-0.0238 base=-0.0498 r1=0.0162 path=0.00341 cap=0.000207 anchor=0.0062 | Lg=+0.9008 | clips=164 | 35s
 3240 post m=8 hq=0.949 PASS | Dr=+0.479/+1.424 |Dr|max=1.424 Df=+0.445 | g r=0.075 f=0.082 p=0.277(0.001) max=0.934 | Ld=+0.0296 base=0.016 r1=0.00675 path=0.00314 cap=5.24e-06 anchor=0.00375 | Lg=+0.7771 | clips=164 | 35s
 3250 post m=8 hq=0.977 PASS | Dr=+0.456/+1.314 |Dr|max=1.314 Df=+0.426 | g r=0.026 f=0.023 p=0.248(0.001) max=0.979 | Ld=-0.0070 base=-0.0127 r1=0.00189 path=0.00178 anchor=0.00203 | Lg=+0.7638 | clips=165 | 35s
 3260 post m=8 hq=0.934 PASS | Dr=+0.185/+1.632 |Dr|max=1.632 Df=+0.137 | g r=0.111 f=0.100 p=0.394(0.003) max=1.334 | Ld=-0.0385 base=-0.0544 r1=0.00748 path=0.00305 cap=0.00165 anchor=0.00376 | Lg=+0.9199 | clips=165 | 35s
 3270 post m=8 hq=0.942 PASS | Dr=+0.345/+1.542 |Dr|max=1.542 Df=+0.302 | g r=0.085 f=0.108 p=0.345(0.006) max=1.119 | Ld=-0.0102 base=-0.0278 r1=0.0102 path=0.00375 cap=6.32e-06 anchor=0.00357 | Lg=+0.8509 | clips=165 | 36s
 3280 post m=8 hq=0.920 PASS | Dr=+0.447/+1.365 |Dr|max=1.365 Df=+0.410 | g r=0.076 f=0.071 p=0.256(0.001) max=0.993 | Ld=+0.0730 base=0.0293 r1=0.0242 path=0.00929 cap=0.00584 anchor=0.00438 | Lg=+0.7706 | clips=165 | 36s
 3290 post m=8 hq=0.948 PASS | Dr=+0.471/+1.535 |Dr|max=1.535 Df=+0.433 | g r=0.063 f=0.064 p=0.300(0.003) max=1.217 | Ld=+0.0002 base=-0.00815 r1=0.00331 path=0.00243 cap=0.000376 anchor=0.00226 | Lg=+0.8122 | clips=165 | 36s
 3300 post m=8 hq=0.972 PASS | Dr=+0.378/+1.361 |Dr|max=1.361 Df=+0.343 | g r=0.052 f=0.048 p=0.257(0.001) max=1.053 | Ld=-0.0132 base=-0.0286 r1=0.0089 path=0.00253 cap=1.79e-05 anchor=0.00395 | Lg=+0.7830 | clips=165 | 36s
 3310 post m=8 hq=0.980 PASS | Dr=+0.404/+1.725 |Dr|max=1.725 Df=+0.363 | g r=0.063 f=0.059 p=0.347(0.003) max=1.240 | Ld=-0.0171 base=-0.0249 r1=0.00338 path=0.0023 cap=0.000121 anchor=0.00197 | Lg=+0.8678 | clips=165 | 36s
 3320 post m=8 hq=0.980 PASS | Dr=+0.419/+1.428 |Dr|max=1.428 Df=+0.390 | g r=0.038 f=0.034 p=0.273(0.000) max=1.186 | Ld=+0.0143 base=0.00389 r1=0.0035 path=0.0039 cap=1.21e-05 anchor=0.00304 | Lg=+0.7644 | clips=165 | 36s
 3330 post m=8 hq=0.983 PASS | Dr=+0.440/+1.058 |Dr|max=1.058 Df=+0.422 | g r=0.026 f=0.024 p=0.192(0.000) max=1.181 | Ld=+0.0270 base=0.0174 r1=0.0026 path=0.00528 cap=8.94e-08 anchor=0.00173 | Lg=+0.7128 | clips=165 | 36s
 3340 post m=8 hq=0.972 PASS | Dr=+0.590/+1.394 |Dr|max=1.394 Df=+0.567 | g r=0.055 f=0.056 p=0.248(0.001) max=0.939 | Ld=-0.0054 base=-0.017 r1=0.0053 path=0.00382 cap=0.000219 anchor=0.00219 | Lg=+0.7430 | clips=165 | 36s
 3350 post m=8 hq=0.983 PASS | Dr=+0.431/+1.925 |Dr|max=1.925 Df=+0.386 | g r=0.051 f=0.051 p=0.374(0.001) max=1.341 | Ld=-0.0375 base=-0.0451 r1=0.00273 path=0.00298 cap=7.24e-05 anchor=0.00189 | Lg=+0.8870 | clips=165 | 36s
 3360 post m=8 hq=0.969 PASS | Dr=+0.552/+1.401 |Dr|max=1.401 Df=+0.527 | g r=0.026 f=0.024 p=0.228(0.000) max=0.957 | Ld=+0.0003 base=-0.00774 r1=0.00222 path=0.00413 anchor=0.00174 | Lg=+0.7521 | clips=167 | 37s
 3370 post m=8 hq=0.953 PASS | Dr=+0.341/+1.569 |Dr|max=1.569 Df=+0.309 | g r=0.081 f=0.076 p=0.299(0.005) max=1.107 | Ld=-0.0107 base=-0.0269 r1=0.0057 path=0.00563 cap=0.00197 anchor=0.00289 | Lg=+0.8141 | clips=167 | 37s
 3380 post m=8 hq=0.984 PASS | Dr=+0.409/+1.898 |Dr|max=1.898 Df=+0.366 | g r=0.056 f=0.053 p=0.349(0.003) max=1.345 | Ld=-0.0227 base=-0.0421 r1=0.00428 path=0.0131 cap=0.000487 anchor=0.00157 | Lg=+0.8846 | clips=167 | 37s
 3390 post m=8 hq=0.948 PASS | Dr=+0.241/+1.400 |Dr|max=1.400 Df=+0.208 | g r=0.075 f=0.076 p=0.288(0.001) max=0.981 | Ld=+0.0001 base=-0.0277 r1=0.009 path=0.00858 cap=0.00793 anchor=0.00234 | Lg=+0.7968 | clips=172 | 37s
 3400 post m=8 hq=0.983 PASS | Dr=+0.252/+1.626 |Dr|max=1.626 Df=+0.209 | g r=0.046 f=0.045 p=0.323(0.001) max=1.349 | Ld=-0.0193 base=-0.0356 r1=0.00179 path=0.0131 cap=0.000141 anchor=0.00127 | Lg=+0.8376 | clips=172 | 37s
 3410 post m=8 hq=0.943 PASS | Dr=+0.305/+1.731 |Dr|max=1.731 Df=+0.260 | g r=0.083 f=0.081 p=0.338(0.003) max=1.332 | Ld=-0.0001 base=-0.0202 r1=0.00562 path=0.0119 cap=0.000708 anchor=0.00189 | Lg=+0.8697 | clips=172 | 37s
 3420 post m=8 hq=0.986 PASS | Dr=+0.294/+1.423 |Dr|max=1.423 Df=+0.255 | g r=0.036 f=0.034 p=0.282(0.001) max=1.161 | Ld=-0.0046 base=-0.0148 r1=0.00169 path=0.00729 cap=4.17e-06 anchor=0.00125 | Lg=+0.8067 | clips=172 | 37s
 3430 post m=8 hq=0.958 PASS | Dr=+0.356/+1.678 |Dr|max=1.678 Df=+0.320 | g r=0.065 f=0.064 p=0.290(0.003) max=1.142 | Ld=-0.0144 base=-0.0274 r1=0.00294 path=0.0066 cap=0.00154 anchor=0.00189 | Lg=+0.8077 | clips=172 | 37s
 3440 post m=8 hq=0.965 PASS | Dr=+0.425/+1.469 |Dr|max=1.469 Df=+0.395 | g r=0.043 f=0.044 p=0.268(0.001) max=1.189 | Ld=-0.0093 base=-0.0132 r1=0.00173 path=0.0009 anchor=0.00134 | Lg=+0.7720 | clips=172 | 37s
 3450 post m=8 hq=0.981 PASS | Dr=+0.596/+1.219 |Dr|max=1.219 Df=+0.576 | g r=0.045 f=0.045 p=0.207(0.001) max=0.792 | Ld=+0.0355 base=0.0224 r1=0.00796 path=0.00222 cap=9.1e-05 anchor=0.00289 | Lg=+0.7300 | clips=172 | 38s
 3460 post m=8 hq=0.974 PASS | Dr=+0.427/+1.163 |Dr|max=1.163 Df=+0.408 | g r=0.037 f=0.034 p=0.221(0.001) max=0.895 | Ld=+0.0068 base=-0.000368 r1=0.00325 path=0.00178 cap=8.45e-06 anchor=0.00213 | Lg=+0.7303 | clips=172 | 38s
 3470 post m=8 hq=0.900 fail | Dr=+0.325/+2.371 |Dr|max=2.371 Df=+0.261 | g r=0.102 f=0.116 p=0.492(0.000) max=1.913 | Ld=-0.0697 base=-0.0759 r1=0.00337 path=0.00142 cap=0.000203 anchor=0.00122 | Lg=+1.0271 | clips=172 | 38s
 3480 post m=8 hq=0.902 PASS | Dr=+0.458/+1.717 |Dr|max=1.717 Df=+0.416 | g r=0.049 f=0.068 p=0.309(0.002) max=1.164 | Ld=-0.0276 base=-0.0368 r1=0.00325 path=0.00324 cap=0.00071 anchor=0.00203 | Lg=+0.8051 | clips=177 | 38s
 3490 post m=8 hq=0.974 PASS | Dr=+0.585/+1.682 |Dr|max=1.682 Df=+0.552 | g r=0.046 f=0.043 p=0.248(0.001) max=1.008 | Ld=-0.0014 base=-0.0162 r1=0.00401 path=0.00927 anchor=0.00155 | Lg=+0.7932 | clips=178 | 38s
 3500 post m=8 hq=0.982 PASS | Dr=+0.383/+1.265 |Dr|max=1.265 Df=+0.359 | g r=0.021 f=0.021 p=0.208(0.000) max=0.854 | Ld=-0.0026 base=-0.0108 r1=0.000956 path=0.00595 anchor=0.00135 | Lg=+0.7474 | clips=178 | 38s
 3510 post m=8 hq=0.961 PASS | Dr=+0.286/+1.399 |Dr|max=1.399 Df=+0.258 | g r=0.048 f=0.050 p=0.259(0.001) max=0.965 | Ld=+0.0015 base=-0.00899 r1=0.00645 path=0.00204 cap=4.1e-05 anchor=0.00194 | Lg=+0.8030 | clips=178 | 38s
 3520 post m=8 hq=0.973 PASS | Dr=+0.378/+1.439 |Dr|max=1.439 Df=+0.351 | g r=0.047 f=0.049 p=0.261(0.002) max=1.058 | Ld=+0.0056 base=-0.013 r1=0.00606 path=0.0103 cap=0.000105 anchor=0.00215 | Lg=+0.7740 | clips=178 | 38s
 3530 post m=8 hq=0.967 PASS | Dr=+0.540/+1.703 |Dr|max=1.703 Df=+0.503 | g r=0.032 f=0.030 p=0.283(0.000) max=1.170 | Ld=-0.0114 base=-0.0211 r1=0.00221 path=0.00598 cap=8.29e-06 anchor=0.00145 | Lg=+0.8119 | clips=179 | 38s
 3540 post m=8 hq=0.979 PASS | Dr=+0.470/+1.176 |Dr|max=1.176 Df=+0.451 | g r=0.035 f=0.034 p=0.197(0.001) max=1.104 | Ld=+0.0239 base=0.0134 r1=0.00421 path=0.00423 anchor=0.00205 | Lg=+0.7254 | clips=180 | 39s
 3550 post m=8 hq=0.967 PASS | Dr=+0.177/+1.393 |Dr|max=1.393 Df=+0.142 | g r=0.058 f=0.057 p=0.271(0.001) max=1.215 | Ld=-0.0328 base=-0.0501 r1=0.00253 path=0.006 cap=0.00766 anchor=0.00106 | Lg=+0.8004 | clips=180 | 39s
 3560 post m=8 hq=0.974 PASS | Dr=+0.127/+1.130 |Dr|max=1.130 Df=+0.102 | g r=0.037 f=0.035 p=0.216(0.001) max=0.879 | Ld=+0.0217 base=0.0133 r1=0.00383 path=0.00263 anchor=0.00189 | Lg=+0.7394 | clips=183 | 39s
 3570 post m=8 hq=0.974 PASS | Dr=+0.200/+1.514 |Dr|max=1.514 Df=+0.164 | g r=0.063 f=0.063 p=0.274(0.002) max=1.130 | Ld=+0.0140 base=-0.00142 r1=0.00558 path=0.00752 cap=0.000235 anchor=0.00211 | Lg=+0.7997 | clips=183 | 39s
 3580 post m=8 hq=0.954 PASS | Dr=+0.618/+1.694 |Dr|max=1.694 Df=+0.588 | g r=0.056 f=0.058 p=0.273(0.002) max=1.378 | Ld=+0.0055 base=-0.00951 r1=0.00597 path=0.00646 cap=0.000186 anchor=0.00244 | Lg=+0.7939 | clips=183 | 39s
 3590 post m=8 hq=0.973 PASS | Dr=+0.258/+1.980 |Dr|max=1.980 Df=+0.210 | g r=0.058 f=0.061 p=0.360(0.001) max=1.301 | Ld=-0.0360 base=-0.0416 r1=0.00244 path=0.00124 cap=0.000538 anchor=0.00138 | Lg=+0.8867 | clips=183 | 39s
 3600 post m=8 hq=0.955 PASS | Dr=+0.125/+1.681 |Dr|max=1.681 Df=+0.082 | g r=0.059 f=0.060 p=0.336(0.001) max=1.337 | Ld=-0.0379 base=-0.0558 r1=0.00373 path=0.00934 cap=0.00358 anchor=0.00128 | Lg=+0.8558 | clips=183 | 39s
 3610 post m=8 hq=0.925 PASS | Dr=+0.252/+1.390 |Dr|max=1.390 Df=+0.215 | g r=0.025 f=0.038 p=0.265(0.001) max=1.064 | Ld=-0.0077 base=-0.0127 r1=0.00172 path=0.00201 anchor=0.00125 | Lg=+0.7854 | clips=183 | 39s
 3620 post m=8 hq=0.971 PASS | Dr=+0.362/+1.208 |Dr|max=1.208 Df=+0.347 | g r=0.085 f=0.080 p=0.241(0.001) max=0.982 | Ld=+0.0374 base=0.0229 r1=0.00607 path=0.006 cap=0.00028 anchor=0.00209 | Lg=+0.7311 | clips=183 | 39s
 3630 post m=8 hq=0.982 PASS | Dr=+0.352/+1.192 |Dr|max=1.192 Df=+0.329 | g r=0.023 f=0.022 p=0.211(0.000) max=0.933 | Ld=+0.0106 base=0.00307 r1=0.00285 path=0.00349 anchor=0.00115 | Lg=+0.7431 | clips=183 | 39s
 3640 post m=8 hq=0.929 PASS | Dr=+0.544/+0.993 |Dr|max=0.993 Df=+0.548 | g r=0.077 f=0.066 p=0.281(0.000) max=1.287 | Ld=+0.0159 base=0.00591 r1=0.00353 path=0.00455 cap=1.81e-05 anchor=0.00194 | Lg=+0.7335 | clips=183 | 40s
 3650 post m=8 hq=0.970 PASS | Dr=+0.233/+1.176 |Dr|max=1.176 Df=+0.218 | g r=0.068 f=0.065 p=0.239(0.002) max=1.029 | Ld=-0.0067 base=-0.0117 r1=0.0024 path=0.000971 cap=0.000495 anchor=0.00115 | Lg=+0.7563 | clips=183 | 40s
 3660 post m=8 hq=0.967 PASS | Dr=+0.156/+1.209 |Dr|max=1.209 Df=+0.132 | g r=0.051 f=0.049 p=0.260(0.001) max=1.187 | Ld=-0.0161 base=-0.0226 r1=0.00289 path=0.00116 cap=0.00178 anchor=0.000748 | Lg=+0.8078 | clips=183 | 40s
 3670 post m=8 hq=0.980 PASS | Dr=+0.400/+1.603 |Dr|max=1.603 Df=+0.370 | g r=0.026 f=0.025 p=0.269(0.000) max=1.222 | Ld=-0.0174 base=-0.0248 r1=0.000635 path=0.00604 cap=4.17e-05 anchor=0.000765 | Lg=+0.7966 | clips=183 | 40s
 3680 post m=8 hq=0.974 PASS | Dr=+0.335/+0.962 |Dr|max=0.962 Df=+0.332 | g r=0.021 f=0.019 p=0.225(0.000) max=1.031 | Ld=-0.0048 base=-0.00942 r1=0.00131 path=0.00221 anchor=0.00106 | Lg=+0.7389 | clips=183 | 40s
 3690 post m=8 hq=0.969 PASS | Dr=+0.238/+1.261 |Dr|max=1.261 Df=+0.218 | g r=0.033 f=0.031 p=0.242(0.000) max=1.018 | Ld=-0.0147 base=-0.0232 r1=0.00146 path=0.00597 anchor=0.00107 | Lg=+0.7615 | clips=184 | 40s
 3700 post m=8 hq=0.952 PASS | Dr=+0.273/+1.705 |Dr|max=1.705 Df=+0.236 | g r=0.049 f=0.059 p=0.352(0.001) max=1.517 | Ld=-0.0388 base=-0.0475 r1=0.00279 path=0.00391 cap=0.000881 anchor=0.00114 | Lg=+0.8731 | clips=184 | 40s
 3710 post m=8 hq=0.977 PASS | Dr=+0.331/+1.248 |Dr|max=1.248 Df=+0.303 | g r=0.032 f=0.030 p=0.245(0.000) max=1.076 | Ld=-0.0167 base=-0.0218 r1=0.00144 path=0.00278 anchor=0.000849 | Lg=+0.7980 | clips=185 | 40s
 3720 post m=8 hq=0.986 PASS | Dr=+0.254/+1.725 |Dr|max=1.725 Df=+0.218 | g r=0.036 f=0.035 p=0.310(0.000) max=1.296 | Ld=-0.0289 base=-0.0339 r1=0.00145 path=0.00267 cap=0.000102 anchor=0.00072 | Lg=+0.8587 | clips=185 | 40s
 3730 post m=8 hq=0.973 PASS | Dr=+0.399/+1.045 |Dr|max=1.045 Df=+0.389 | g r=0.018 f=0.018 p=0.195(0.000) max=1.180 | Ld=+0.0048 base=-0.000365 r1=0.00108 path=0.00337 cap=4.9e-06 anchor=0.000743 | Lg=+0.7272 | clips=185 | 41s
 3740 post m=8 hq=0.986 PASS | Dr=+0.251/+1.118 |Dr|max=1.118 Df=+0.237 | g r=0.027 f=0.025 p=0.200(0.000) max=0.848 | Ld=+0.0289 base=0.0244 r1=0.00261 path=0.000654 cap=0.000289 anchor=0.000958 | Lg=+0.7490 | clips=190 | 41s
 3750 post m=8 hq=0.984 PASS | Dr=+0.357/+1.362 |Dr|max=1.362 Df=+0.331 | g r=0.024 f=0.022 p=0.218(0.000) max=0.839 | Ld=-0.0103 base=-0.0135 r1=0.00168 path=0.000604 anchor=0.000883 | Lg=+0.7589 | clips=190 | 41s
 3760 post m=8 hq=0.969 PASS | Dr=+0.442/+1.669 |Dr|max=1.669 Df=+0.413 | g r=0.032 f=0.030 p=0.274(0.001) max=1.144 | Ld=-0.0114 base=-0.023 r1=0.0027 path=0.00721 cap=0.00047 anchor=0.00116 | Lg=+0.8162 | clips=190 | 41s
 3770 post m=8 hq=0.970 PASS | Dr=+0.302/+1.499 |Dr|max=1.499 Df=+0.270 | g r=0.067 f=0.068 p=0.274(0.003) max=1.054 | Ld=+0.0008 base=-0.0232 r1=0.00321 path=0.0167 cap=0.00298 anchor=0.00111 | Lg=+0.7969 | clips=190 | 41s
 3780 post m=8 hq=0.984 PASS | Dr=+0.453/+1.338 |Dr|max=1.338 Df=+0.420 | g r=0.038 f=0.035 p=0.316(0.001) max=1.132 | Ld=-0.0177 base=-0.0261 r1=0.00206 path=0.00543 anchor=0.000895 | Lg=+0.8712 | clips=190 | 41s
 3790 post m=8 hq=0.944 PASS | Dr=+0.455/+1.268 |Dr|max=1.268 Df=+0.423 | g r=0.045 f=0.042 p=0.304(0.001) max=1.080 | Ld=+0.0052 base=-0.00263 r1=0.00216 path=0.00481 anchor=0.000865 | Lg=+0.8554 | clips=190 | 41s
 3800 post m=8 hq=0.925 PASS | Dr=+0.264/+1.137 |Dr|max=1.137 Df=+0.237 | g r=0.079 f=0.081 p=0.228(0.002) max=0.946 | Ld=+0.0749 base=-0.0848 r1=0.00704 path=0.0147 cap=0.135 anchor=0.00268 | Lg=+0.7607 | clips=194 | 41s
 3810 post m=8 hq=0.979 PASS | Dr=+0.426/+1.498 |Dr|max=1.498 Df=+0.395 | g r=0.031 f=0.029 p=0.240(0.001) max=0.907 | Ld=-0.0064 base=-0.0101 r1=0.000853 path=0.00217 anchor=0.000697 | Lg=+0.7902 | clips=194 | 41s
 3820 post m=8 hq=0.954 PASS | Dr=+0.265/+1.667 |Dr|max=1.667 Df=+0.228 | g r=0.057 f=0.048 p=0.317(0.001) max=1.243 | Ld=-0.0226 base=-0.0286 r1=0.00344 path=0.000993 cap=2.5e-06 anchor=0.00154 | Lg=+0.8469 | clips=194 | 42s
 3830 post m=8 hq=0.980 PASS | Dr=+0.285/+0.751 |Dr|max=0.751 Df=+0.279 | g r=0.023 f=0.022 p=0.149(0.001) max=0.630 | Ld=+0.0071 base=0.00208 r1=0.000447 path=0.00385 anchor=0.000721 | Lg=+0.7139 | clips=194 | 42s
 3840 post m=8 hq=0.969 PASS | Dr=+0.219/+0.916 |Dr|max=0.954 Df=+0.212 | g r=0.046 f=0.052 p=0.287(0.002) max=1.590 | Ld=-0.0136 base=-0.0208 r1=0.00115 path=0.00536 anchor=0.000661 | Lg=+0.7851 | clips=194 | 42s
 3850 post m=8 hq=0.980 PASS | Dr=+0.521/+1.197 |Dr|max=1.197 Df=+0.512 | g r=0.028 f=0.024 p=0.173(0.000) max=0.716 | Ld=-0.0059 base=-0.00958 r1=0.000721 path=0.00209 anchor=0.000831 | Lg=+0.7269 | clips=200 | 42s
 3860 post m=8 hq=0.977 PASS | Dr=+0.379/+1.680 |Dr|max=1.680 Df=+0.364 | g r=0.036 f=0.032 p=0.279(0.000) max=1.167 | Ld=-0.0300 base=-0.0332 r1=0.00121 path=0.00104 anchor=0.000937 | Lg=+0.8131 | clips=200 | 42s
 3870 post m=8 hq=0.960 PASS | Dr=+0.437/+1.217 |Dr|max=1.217 Df=+0.413 | g r=0.036 f=0.042 p=0.215(0.001) max=0.991 | Ld=+0.0106 base=-0.00642 r1=0.00444 path=0.0109 anchor=0.00164 | Lg=+0.7425 | clips=200 | 42s
 3880 post m=8 hq=0.973 PASS | Dr=+0.462/+1.371 |Dr|max=1.371 Df=+0.436 | g r=0.035 f=0.035 p=0.270(0.001) max=1.152 | Ld=-0.0005 base=-0.0038 r1=0.00155 path=0.000824 cap=5.58e-05 anchor=0.000891 | Lg=+0.8010 | clips=207 | 42s
 3890 post m=8 hq=0.983 PASS | Dr=+0.432/+1.523 |Dr|max=1.523 Df=+0.403 | g r=0.033 f=0.030 p=0.272(0.000) max=1.035 | Ld=-0.0126 base=-0.0168 r1=0.00133 path=0.00192 cap=1.23e-06 anchor=0.000863 | Lg=+0.8045 | clips=207 | 42s
 3900 post m=8 hq=0.981 PASS | Dr=+0.126/+1.028 |Dr|max=1.028 Df=+0.099 | g r=0.051 f=0.050 p=0.220(0.000) max=0.823 | Ld=+0.0543 base=0.0368 r1=0.00673 path=0.00856 cap=0.000631 anchor=0.00156 | Lg=+0.7644 | clips=207 | 42s
 3910 post m=8 hq=0.983 PASS | Dr=+0.276/+1.518 |Dr|max=1.518 Df=+0.241 | g r=0.029 f=0.027 p=0.272(0.001) max=1.135 | Ld=-0.0325 base=-0.0366 r1=0.000625 path=0.00285 anchor=0.000616 | Lg=+0.8282 | clips=207 | 43s
 3920 post m=8 hq=0.985 PASS | Dr=+0.598/+1.199 |Dr|max=1.199 Df=+0.588 | g r=0.019 f=0.017 p=0.184(0.001) max=0.835 | Ld=+0.0020 base=-0.00206 r1=0.000686 path=0.00259 anchor=0.000778 | Lg=+0.7170 | clips=207 | 43s
 3930 post m=8 hq=0.661 fail | Dr=+0.578/+1.396 |Dr|max=1.396 Df=+0.561 | g r=0.057 f=0.067 p=0.197(0.001) max=1.089 | Ld=+0.1146 base=-0.00355 r1=0.0223 path=0.0564 cap=0.0347 anchor=0.00475 | Lg=+0.7398 | clips=213 | 43s
 3940 post m=8 hq=0.985 PASS | Dr=+0.346/+1.286 |Dr|max=1.286 Df=+0.318 | g r=0.021 f=0.020 p=0.209(0.000) max=0.873 | Ld=-0.0041 base=-0.0062 r1=0.00091 path=0.00062 anchor=0.000576 | Lg=+0.7798 | clips=213 | 43s
 3950 post m=8 hq=0.980 PASS | Dr=+0.379/+1.502 |Dr|max=1.502 Df=+0.349 | g r=0.024 f=0.023 p=0.227(0.000) max=0.874 | Ld=-0.0086 base=-0.0169 r1=0.00151 path=0.00588 anchor=0.000911 | Lg=+0.7923 | clips=214 | 43s
 3960 post m=8 hq=0.991 PASS | Dr=+0.264/+1.353 |Dr|max=1.353 Df=+0.230 | g r=0.027 f=0.026 p=0.261(0.001) max=1.082 | Ld=+0.0007 base=-0.00664 r1=0.00105 path=0.00569 cap=8.07e-05 anchor=0.000538 | Lg=+0.8258 | clips=214 | 43s
 3970 post m=8 hq=0.988 PASS | Dr=+0.385/+1.412 |Dr|max=1.412 Df=+0.356 | g r=0.025 f=0.023 p=0.234(0.001) max=0.940 | Ld=-0.0074 base=-0.0137 r1=0.00147 path=0.00392 anchor=0.000877 | Lg=+0.7939 | clips=214 | 43s
 3980 post m=8 hq=0.969 PASS | Dr=+0.436/+1.385 |Dr|max=1.385 Df=+0.414 | g r=0.045 f=0.048 p=0.203(0.002) max=0.882 | Ld=+0.0260 base=-0.0177 r1=0.0139 path=0.00714 cap=0.0187 anchor=0.00386 | Lg=+0.7679 | clips=216 | 43s
 3990 post m=8 hq=0.914 PASS | Dr=+0.301/+2.053 |Dr|max=2.053 Df=+0.254 | g r=0.065 f=0.066 p=0.395(0.002) max=1.521 | Ld=-0.0553 base=-0.058 r1=0.000792 path=0.00113 anchor=0.000777 | Lg=+0.9711 | clips=216 | 43s
 4000 post m=8 hq=0.970 PASS | Dr=+0.470/+2.145 |Dr|max=2.145 Df=+0.420 | g r=0.039 f=0.046 p=0.362(0.002) max=1.289 | Ld=-0.0596 base=-0.0689 r1=0.00173 path=0.00681 cap=1.76e-05 anchor=0.000751 | Lg=+0.9189 | clips=217 | 43s
 4010 post m=8 hq=0.963 PASS | Dr=+0.347/+2.031 |Dr|max=2.031 Df=+0.299 | g r=0.064 f=0.057 p=0.385(0.004) max=1.357 | Ld=-0.0401 base=-0.0505 r1=0.00516 path=0.00321 cap=8.56e-05 anchor=0.00199 | Lg=+0.9168 | clips=217 | 44s
 4020 post m=8 hq=0.959 PASS | Dr=+0.449/+2.235 |Dr|max=2.235 Df=+0.402 | g r=0.081 f=0.078 p=0.382(0.004) max=1.375 | Ld=-0.0285 base=-0.0405 r1=0.00364 path=0.00697 cap=0.000431 anchor=0.000889 | Lg=+0.9265 | clips=217 | 44s
 4030 post m=8 hq=0.921 PASS | Dr=+0.146/+1.536 |Dr|max=1.536 Df=+0.110 | g r=0.064 f=0.070 p=0.287(0.001) max=1.030 | Ld=+0.0137 base=-0.0328 r1=0.0147 path=0.0278 cap=0.0003 anchor=0.00371 | Lg=+0.8505 | clips=221 | 44s
 4040 post m=8 hq=0.952 PASS | Dr=+0.295/+1.650 |Dr|max=1.650 Df=+0.254 | g r=0.037 f=0.043 p=0.328(0.002) max=1.208 | Ld=-0.0092 base=-0.0173 r1=0.00305 path=0.00317 cap=0.00116 anchor=0.000773 | Lg=+0.8586 | clips=221 | 44s
 4050 post m=8 hq=0.927 PASS | Dr=+0.406/+2.121 |Dr|max=2.121 Df=+0.351 | g r=0.053 f=0.069 p=0.399(0.003) max=1.367 | Ld=-0.0521 base=-0.0618 r1=0.00191 path=0.0066 cap=0.000512 anchor=0.000626 | Lg=+0.9502 | clips=221 | 44s
 4060 post m=8 hq=0.886 fail | Dr=+0.463/+1.181 |Dr|max=1.181 Df=+0.435 | g r=0.076 f=0.079 p=0.223(0.003) max=0.823 | Ld=+0.0139 base=-0.026 r1=0.0256 path=0.00298 cap=0.00662 anchor=0.00471 | Lg=+0.7618 | clips=221 | 44s
 4070 post m=8 hq=0.867 fail | Dr=+0.313/+0.870 |Dr|max=0.870 Df=+0.278 | g r=0.058 f=0.107 p=0.245(0.001) max=1.575 | Ld=-0.0002 base=-0.0319 r1=0.00264 path=0.0283 cap=1.11e-05 anchor=0.000728 | Lg=+0.7369 | clips=225 | 44s
 4080 post m=1 hq=0.000 fail | Dr=+0.208/+0.862 |Dr|max=1.044 Df=+0.123 | g r=0.356 f=0.627 p=0.654(0.006) max=2.336 | Ld=+1.4800 base=-0.261 r1=0.0773 path=1.64 cap=0.00528 anchor=0.0174 | Lg=+1.4185 | clips=242 | 44s
 4090 post m=2 hq=0.008 fail | Dr=-0.727/-0.229 |Dr|max=1.320 Df=-1.347 | g r=0.254 f=0.662 p=0.679(0.005) max=1.986 | Ld=+0.3590 base=-0.246 r1=0.0994 path=0.48 cap=0.00257 anchor=0.0235 | Lg=+0.9074 | clips=247 | 44s
 4100 post m=0 hq=0.000 fail | Dr=-1.233/-0.884 |Dr|max=1.684 Df=-1.746 | g r=0.203 f=0.416 p=0.536(0.008) max=1.779 | Ld=+0.2672 base=-0.036 r1=0.0746 path=0.0136 cap=0.198 anchor=0.0173 | Lg=+0.8953 | clips=250 | 45s
 4110 post m=2 hq=0.185 fail | Dr=-0.985/+0.279 |Dr|max=2.144 Df=-2.174 | g r=0.255 f=0.891 p=0.696(0.007) max=2.306 | Ld=-0.8806 base=-1.23 r1=0.0965 path=0.0759 cap=0.154 anchor=0.0231 | Lg=+1.7073 | clips=250 | 45s
 4120 post m=4 hq=0.010 fail | Dr=-0.701/+0.680 |Dr|max=1.572 Df=-1.534 | g r=0.295 f=0.753 p=0.714(0.013) max=2.441 | Ld=-0.3423 base=-1.69 r1=0.289 path=0.475 cap=0.514 anchor=0.0673 | Lg=+1.5254 | clips=250 | 45s
 4130 post m=1 hq=0.002 fail | Dr=-1.187/+0.201 |Dr|max=2.379 Df=-2.718 | g r=0.373 f=0.593 p=0.760(0.008) max=2.584 | Ld=-0.7866 base=-1.49 r1=0.153 path=0.176 cap=0.342 anchor=0.0335 | Lg=+1.5714 | clips=250 | 45s
 4140 post m=2 hq=0.157 fail | Dr=-0.922/-0.051 |Dr|max=1.462 Df=-1.555 | g r=0.405 f=0.642 p=0.661(0.013) max=2.555 | Ld=+5.9929 base=-1.1 r1=0.399 path=3.07 cap=3.53 anchor=0.0923 | Lg=+1.1121 | clips=257 | 45s
 4150 post m=0 hq=0.000 fail | Dr=-0.473/+0.234 |Dr|max=1.767 Df=-1.864 | g r=0.254 f=0.696 p=0.732(0.008) max=1.805 | Ld=-0.9662 base=-1.29 r1=0.107 path=0.00655 cap=0.181 anchor=0.0264 | Lg=+1.8465 | clips=257 | 45s
 4160 post m=3 hq=0.015 fail | Dr=-0.579/+0.498 |Dr|max=1.978 Df=-1.539 | g r=0.280 f=0.733 p=0.749(0.023) max=2.205 | Ld=-0.4396 base=-0.965 r1=0.152 path=0.146 cap=0.189 anchor=0.0379 | Lg=+1.4312 | clips=257 | 45s
 4170 post m=5 hq=0.175 fail | Dr=-0.313/+0.587 |Dr|max=1.427 Df=-1.061 | g r=0.187 f=0.623 p=0.679(0.015) max=2.036 | Ld=-0.4824 base=-0.721 r1=0.0897 path=0.056 cap=0.0719 anchor=0.0206 | Lg=+1.2185 | clips=257 | 45s
 4180 post m=3 hq=0.182 fail | Dr=-0.050/+0.579 |Dr|max=1.024 Df=-0.749 | g r=0.190 f=0.595 p=0.614(0.003) max=1.587 | Ld=-0.4226 base=-0.695 r1=0.106 path=0.028 cap=0.117 anchor=0.0227 | Lg=+1.1424 | clips=257 | 45s
 4190 post m=5 hq=0.060 fail | Dr=-0.078/+1.027 |Dr|max=1.027 Df=-0.545 | g r=0.192 f=0.649 p=0.650(0.004) max=1.701 | Ld=-0.3070 base=-0.496 r1=0.054 path=0.078 cap=0.0444 anchor=0.0125 | Lg=+1.1271 | clips=257 | 46s
 4200 post m=5 hq=0.124 fail | Dr=+0.291/+0.714 |Dr|max=0.758 Df=-0.240 | g r=0.144 f=0.628 p=0.603(0.003) max=1.520 | Ld=-0.3029 base=-0.467 r1=0.0639 path=0.0192 cap=0.0668 anchor=0.0143 | Lg=+1.0791 | clips=257 | 46s
 4210 post m=8 hq=0.215 fail | Dr=+0.911/+1.392 |Dr|max=1.392 Df=+0.623 | g r=0.193 f=0.471 p=0.518(0.003) max=1.484 | Ld=-0.0304 base=-0.292 r1=0.153 path=0.0665 cap=0.00492 anchor=0.0375 | Lg=+0.9194 | clips=257 | 46s
 4220 post m=5 hq=0.069 fail | Dr=+0.034/+0.574 |Dr|max=1.181 Df=-0.405 | g r=0.287 f=0.673 p=0.737(0.007) max=2.000 | Ld=-0.1594 base=-0.428 r1=0.0866 path=0.105 cap=0.0578 anchor=0.0189 | Lg=+1.1736 | clips=257 | 46s
 4230 post m=8 hq=0.273 fail | Dr=+0.560/+1.202 |Dr|max=1.202 Df=+0.203 | g r=0.166 f=0.618 p=0.606(0.002) max=1.574 | Ld=-0.3381 base=-0.467 r1=0.0488 path=0.0292 cap=0.0401 anchor=0.0105 | Lg=+1.0065 | clips=257 | 46s
 4240 post m=8 hq=0.170 fail | Dr=+0.244/+0.787 |Dr|max=0.787 Df=-0.141 | g r=0.199 f=0.795 p=0.681(0.006) max=2.083 | Ld=-0.2913 base=-0.476 r1=0.0429 path=0.091 cap=0.0405 anchor=0.01 | Lg=+1.0476 | clips=257 | 46s
 4250 post m=8 hq=0.317 fail | Dr=+0.735/+1.208 |Dr|max=1.208 Df=+0.406 | g r=0.164 f=0.635 p=0.647(0.013) max=1.569 | Ld=-0.3811 base=-0.484 r1=0.0391 path=0.00933 cap=0.0457 anchor=0.00854 | Lg=+1.0657 | clips=258 | 46s
 4260 post m=6 hq=0.195 fail | Dr=+0.943/+1.626 |Dr|max=1.626 Df=+0.539 | g r=0.171 f=0.637 p=0.605(0.015) max=1.529 | Ld=-0.1895 base=-0.315 r1=0.0375 path=0.0459 cap=0.0327 anchor=0.0096 | Lg=+0.9308 | clips=258 | 46s
 4270 post m=8 hq=0.405 fail | Dr=+0.933/+1.474 |Dr|max=1.474 Df=+0.706 | g r=0.120 f=0.405 p=0.489(0.002) max=1.302 | Ld=-0.1114 base=-0.23 r1=0.0446 path=0.0457 cap=0.0173 anchor=0.0107 | Lg=+0.8520 | clips=258 | 46s
 4280 post m=6 hq=0.266 fail | Dr=+0.945/+1.544 |Dr|max=1.544 Df=+0.643 | g r=0.171 f=0.538 p=0.524(0.008) max=1.488 | Ld=-0.2699 base=-0.378 r1=0.0368 path=0.0188 cap=0.044 anchor=0.00824 | Lg=+0.9289 | clips=258 | 46s
 4290 post m=5 hq=0.251 fail | Dr=+1.045/+1.635 |Dr|max=1.635 Df=+0.665 | g r=0.174 f=0.543 p=0.553(0.008) max=1.577 | Ld=-0.2336 base=-0.311 r1=0.0284 path=0.0166 cap=0.026 anchor=0.00671 | Lg=+0.9320 | clips=258 | 47s
 4300 post m=8 hq=0.504 fail | Dr=+0.996/+1.775 |Dr|max=1.775 Df=+0.824 | g r=0.122 f=0.283 p=0.450(0.004) max=1.330 | Ld=-0.0742 base=-0.26 r1=0.0375 path=0.0103 cap=0.13 anchor=0.00768 | Lg=+0.8450 | clips=258 | 47s
 4310 post m=8 hq=0.264 fail | Dr=+1.045/+1.933 |Dr|max=1.933 Df=+0.766 | g r=0.131 f=0.574 p=0.570(0.009) max=1.548 | Ld=-0.1413 base=-0.205 r1=0.0225 path=0.0237 cap=0.0126 anchor=0.00478 | Lg=+0.8799 | clips=258 | 47s
 4320 post m=7 hq=0.216 fail | Dr=+0.751/+1.599 |Dr|max=1.599 Df=+0.412 | g r=0.192 f=0.609 p=0.604(0.001) max=1.662 | Ld=-0.1847 base=-0.279 r1=0.0328 path=0.0166 cap=0.0365 anchor=0.00818 | Lg=+1.0000 | clips=258 | 47s
 4330 post m=8 hq=0.621 fail | Dr=+1.008/+1.573 |Dr|max=1.573 Df=+0.837 | g r=0.112 f=0.273 p=0.505(0.003) max=1.373 | Ld=-0.1267 base=-0.202 r1=0.0345 path=0.0173 cap=0.016 anchor=0.0074 | Lg=+0.8399 | clips=258 | 47s
 4340 post m=8 hq=0.374 fail | Dr=+0.574/+1.492 |Dr|max=1.492 Df=+0.147 | g r=0.228 f=0.676 p=0.654(0.019) max=1.850 | Ld=-0.1881 base=-0.338 r1=0.0333 path=0.0964 cap=0.0127 anchor=0.00748 | Lg=+1.1162 | clips=259 | 47s
 4350 post m=8 hq=0.405 fail | Dr=+0.630/+1.252 |Dr|max=1.252 Df=+0.448 | g r=0.154 f=0.440 p=0.507(0.005) max=1.295 | Ld=+0.1569 base=-0.214 r1=0.0761 path=0.036 cap=0.24 anchor=0.0184 | Lg=+0.8311 | clips=260 | 47s
 4360 post m=7 hq=0.227 fail | Dr=+0.765/+1.434 |Dr|max=1.434 Df=+0.413 | g r=0.114 f=0.499 p=0.519(0.002) max=1.391 | Ld=-0.1440 base=-0.218 r1=0.0298 path=0.0309 cap=0.0062 anchor=0.0067 | Lg=+0.8781 | clips=260 | 47s
 4370 post m=8 hq=0.603 fail | Dr=+0.938/+1.727 |Dr|max=1.727 Df=+0.749 | g r=0.117 f=0.369 p=0.548(0.003) max=1.473 | Ld=-0.0829 base=-0.141 r1=0.0288 path=0.01 cap=0.0121 anchor=0.0068 | Lg=+0.8315 | clips=260 | 47s
 4380 post m=7 hq=0.293 fail | Dr=+0.806/+1.333 |Dr|max=1.333 Df=+0.595 | g r=0.156 f=0.504 p=0.517(0.003) max=1.344 | Ld=-0.0818 base=-0.208 r1=0.0355 path=0.037 cap=0.0442 anchor=0.00926 | Lg=+0.8756 | clips=260 | 48s
 4390 post m=8 hq=0.820 fail | Dr=+0.702/+1.733 |Dr|max=1.733 Df=+0.539 | g r=0.122 f=0.182 p=0.527(0.003) max=1.357 | Ld=-0.1152 base=-0.163 r1=0.0176 path=0.014 cap=0.0132 anchor=0.0034 | Lg=+0.8568 | clips=260 | 48s
 4400 post m=8 hq=0.759 fail | Dr=+0.879/+1.901 |Dr|max=1.901 Df=+0.693 | g r=0.094 f=0.209 p=0.519(0.002) max=1.420 | Ld=-0.1003 base=-0.151 r1=0.0147 path=0.0282 cap=0.00461 anchor=0.00293 | Lg=+0.8672 | clips=260 | 48s
 4410 post m=8 hq=0.832 fail | Dr=+0.635/+1.757 |Dr|max=1.757 Df=+0.482 | g r=0.138 f=0.178 p=0.502(0.010) max=1.544 | Ld=-0.1195 base=-0.18 r1=0.0182 path=0.0303 cap=0.00845 anchor=0.00383 | Lg=+0.8995 | clips=260 | 48s
 4420 post m=8 hq=0.816 fail | Dr=+0.786/+2.016 |Dr|max=2.016 Df=+0.614 | g r=0.131 f=0.177 p=0.534(0.004) max=1.581 | Ld=-0.1020 base=-0.159 r1=0.0172 path=0.02 cap=0.0171 anchor=0.00308 | Lg=+0.9097 | clips=260 | 48s
 4430 post m=8 hq=0.799 fail | Dr=+0.556/+1.521 |Dr|max=1.521 Df=+0.383 | g r=0.107 f=0.148 p=0.495(0.004) max=1.407 | Ld=-0.1037 base=-0.152 r1=0.0191 path=0.0178 cap=0.00667 anchor=0.00485 | Lg=+0.8695 | clips=260 | 48s
 4440 post m=8 hq=0.740 fail | Dr=+0.593/+1.510 |Dr|max=1.510 Df=+0.434 | g r=0.135 f=0.176 p=0.494(0.004) max=1.599 | Ld=-0.1024 base=-0.159 r1=0.0117 path=0.0319 cap=0.0109 anchor=0.00248 | Lg=+0.8574 | clips=260 | 48s
 4450 post m=8 hq=0.913 PASS | Dr=+0.504/+1.564 |Dr|max=1.564 Df=+0.333 | g r=0.073 f=0.094 p=0.496(0.002) max=1.370 | Ld=-0.0833 base=-0.114 r1=0.0119 path=0.0136 cap=0.00286 anchor=0.00263 | Lg=+0.8845 | clips=260 | 48s
 4460 post m=8 hq=0.920 PASS | Dr=+0.468/+1.542 |Dr|max=1.542 Df=+0.302 | g r=0.068 f=0.080 p=0.494(0.001) max=1.388 | Ld=-0.1272 base=-0.157 r1=0.00549 path=0.0144 cap=0.00904 anchor=0.00133 | Lg=+0.9145 | clips=260 | 48s
 4470 post m=8 hq=0.861 fail | Dr=+0.330/+1.359 |Dr|max=1.359 Df=+0.176 | g r=0.090 f=0.109 p=0.515(0.004) max=1.502 | Ld=-0.0867 base=-0.119 r1=0.0119 path=0.0149 cap=0.0022 anchor=0.00361 | Lg=+0.8825 | clips=261 | 49s
 4480 post m=8 hq=0.905 PASS | Dr=+0.534/+1.724 |Dr|max=1.724 Df=+0.387 | g r=0.080 f=0.093 p=0.475(0.001) max=1.461 | Ld=-0.0931 base=-0.123 r1=0.0102 path=0.0147 cap=0.00129 anchor=0.00333 | Lg=+0.8899 | clips=261 | 49s
 4490 post m=8 hq=0.866 fail | Dr=+0.714/+2.195 |Dr|max=2.195 Df=+0.579 | g r=0.080 f=0.094 p=0.478(0.002) max=1.446 | Ld=-0.0773 base=-0.122 r1=0.0192 path=0.0161 cap=0.00431 anchor=0.00491 | Lg=+0.9041 | clips=261 | 49s
 4500 post m=8 hq=0.888 fail | Dr=+0.491/+1.813 |Dr|max=1.813 Df=+0.348 | g r=0.070 f=0.087 p=0.489(0.004) max=1.491 | Ld=-0.1026 base=-0.13 r1=0.00867 path=0.0143 cap=0.00214 anchor=0.00219 | Lg=+0.9087 | clips=261 | 49s
 4510 post m=8 hq=0.916 PASS | Dr=+0.406/+1.587 |Dr|max=1.587 Df=+0.260 | g r=0.082 f=0.091 p=0.511(0.001) max=1.410 | Ld=-0.0887 base=-0.127 r1=0.0119 path=0.0204 cap=0.00398 anchor=0.00247 | Lg=+0.9198 | clips=261 | 49s
 4520 post m=8 hq=0.888 fail | Dr=+0.428/+1.412 |Dr|max=1.412 Df=+0.301 | g r=0.078 f=0.110 p=0.448(0.001) max=1.360 | Ld=-0.0666 base=-0.134 r1=0.0151 path=0.0403 cap=0.00819 anchor=0.00335 | Lg=+0.8548 | clips=261 | 49s
 4530 post m=8 hq=0.868 fail | Dr=+0.366/+1.196 |Dr|max=1.196 Df=+0.244 | g r=0.132 f=0.139 p=0.425(0.004) max=1.375 | Ld=-0.0004 base=-0.0715 r1=0.0106 path=0.0316 cap=0.0262 anchor=0.00272 | Lg=+0.8217 | clips=261 | 49s
 4540 post m=8 hq=0.938 PASS | Dr=+0.489/+1.539 |Dr|max=1.539 Df=+0.357 | g r=0.068 f=0.084 p=0.450(0.004) max=1.366 | Ld=-0.0683 base=-0.114 r1=0.013 path=0.0291 cap=0.00138 anchor=0.00283 | Lg=+0.8541 | clips=261 | 49s
 4550 post m=8 hq=0.914 PASS | Dr=+0.339/+1.742 |Dr|max=1.742 Df=+0.208 | g r=0.070 f=0.087 p=0.504(0.003) max=1.458 | Ld=-0.0637 base=-0.0814 r1=0.00559 path=0.00811 cap=0.00222 anchor=0.00178 | Lg=+0.9089 | clips=261 | 49s
 4560 post m=8 hq=0.918 PASS | Dr=+0.399/+1.223 |Dr|max=1.223 Df=+0.284 | g r=0.056 f=0.071 p=0.414(0.001) max=1.199 | Ld=-0.0318 base=-0.08 r1=0.0144 path=0.0272 cap=0.00251 anchor=0.00417 | Lg=+0.8364 | clips=261 | 50s
 4570 post m=8 hq=0.928 PASS | Dr=+0.437/+1.356 |Dr|max=1.356 Df=+0.314 | g r=0.080 f=0.084 p=0.448(0.002) max=1.292 | Ld=-0.0586 base=-0.0935 r1=0.0115 path=0.0147 cap=0.00597 anchor=0.00267 | Lg=+0.8588 | clips=261 | 50s
 4580 post m=8 hq=0.908 PASS | Dr=+0.208/+1.081 |Dr|max=1.081 Df=+0.088 | g r=0.104 f=0.133 p=0.439(0.004) max=1.495 | Ld=-0.0015 base=-0.0773 r1=0.0139 path=0.0384 cap=0.0193 anchor=0.00428 | Lg=+0.8276 | clips=261 | 50s
 4590 post m=8 hq=0.927 PASS | Dr=+0.224/+1.264 |Dr|max=1.264 Df=+0.113 | g r=0.078 f=0.088 p=0.459(0.003) max=1.421 | Ld=-0.0277 base=-0.0991 r1=0.0163 path=0.0472 cap=0.00348 anchor=0.0043 | Lg=+0.8395 | clips=261 | 50s
 4600 post m=8 hq=0.912 PASS | Dr=+0.367/+1.286 |Dr|max=1.286 Df=+0.251 | g r=0.074 f=0.079 p=0.456(0.001) max=1.233 | Ld=-0.0594 base=-0.102 r1=0.0108 path=0.0251 cap=0.00397 anchor=0.00254 | Lg=+0.8767 | clips=261 | 50s
# COMPLETE 4600 updates in 50s; prehold 55/120; arrival=320; clips=261
