# arm=sec_anchor formulation=wgan + r1(1) + path-secant(10,t=0.5) + cap-all(10,c=1) [Dβ2=0.9] + K3P EMA-anchor(0.5*prox,decay=0.999) device=cuda:0 steps=4600
# step phase modes hq pass | Dr mean/max |Dr|max Df | grad-norm real fake path(min) max | loss_d terms | loss_g | guard clips (cum) | sec
# init=batch_feature_zero hook=None differs_from_old=G,D,prior public_path_match=G,D,prior ema_D_equals_D=True sha G=615e9d129c1c D=e15f6122daf7 prior=2531df2c5ad8
   10 acq  m=1 hq=0.001 fail | Dr=+0.229/+0.316 |Dr|max=0.316 Df=+0.030 | g r=0.339 f=0.554 p=0.524(0.002) max=1.793 | Ld=+3.3633 base=-0.227 r1=0.129 path=3.4 cap=0.003 anchor=0.0598 | Lg=+0.8699 | clips=- | 1s
   20 acq  m=1 hq=0.003 fail | Dr=+0.205/+0.471 |Dr|max=0.471 Df=-0.061 | g r=0.487 f=0.896 p=0.679(0.009) max=2.166 | Ld=+5.2563 base=-0.0969 r1=0.3 path=4.84 cap=0.144 anchor=0.0738 | Lg=+0.8526 | clips=- | 1s
   30 acq  m=2 hq=0.007 fail | Dr=+0.059/+0.488 |Dr|max=0.488 Df=-0.164 | g r=0.353 f=0.647 p=0.640(0.000) max=1.989 | Ld=+3.2829 base=-0.301 r1=0.444 path=2.77 cap=0.271 anchor=0.0988 | Lg=+0.8424 | clips=- | 1s
   40 acq  m=3 hq=0.019 fail | Dr=+0.242/+0.603 |Dr|max=0.603 Df=+0.023 | g r=0.360 f=0.818 p=0.766(0.015) max=2.288 | Ld=+1.3921 base=-0.28 r1=0.15 path=1.42 cap=0.06 anchor=0.0472 | Lg=+0.8438 | clips=- | 1s
   50 acq  m=1 hq=0.058 fail | Dr=+0.412/+0.754 |Dr|max=0.754 Df=-0.264 | g r=0.285 f=0.804 p=0.661(0.009) max=1.981 | Ld=-0.0264 base=-0.424 r1=0.159 path=0.179 cap=0.0151 anchor=0.045 | Lg=+1.0106 | clips=- | 1s
   60 acq  m=2 hq=0.007 fail | Dr=+0.242/+0.663 |Dr|max=0.663 Df=-0.246 | g r=0.434 f=0.664 p=0.640(0.007) max=2.064 | Ld=+3.2342 base=-0.611 r1=0.282 path=2.93 cap=0.558 anchor=0.078 | Lg=+0.9955 | clips=- | 1s
   70 acq  m=2 hq=0.013 fail | Dr=+0.784/+1.233 |Dr|max=1.233 Df=+0.101 | g r=0.353 f=0.662 p=0.694(0.002) max=2.206 | Ld=+0.6162 base=-0.848 r1=0.367 path=0.732 cap=0.265 anchor=0.0989 | Lg=+1.1604 | clips=- | 1s
   80 acq  m=4 hq=0.038 fail | Dr=+0.489/+1.522 |Dr|max=1.522 Df=-0.240 | g r=0.310 f=0.685 p=0.683(0.022) max=2.107 | Ld=+0.7170 base=-0.654 r1=0.12 path=1.02 cap=0.192 anchor=0.039 | Lg=+1.1492 | clips=- | 1s
   90 acq  m=6 hq=0.035 fail | Dr=-0.093/+0.080 |Dr|max=0.420 Df=-0.523 | g r=0.502 f=0.695 p=0.724(0.010) max=2.454 | Ld=+1.0833 base=-0.344 r1=0.237 path=0.955 cap=0.142 anchor=0.0947 | Lg=+0.9644 | clips=- | 2s
  100 acq  m=5 hq=0.073 fail | Dr=+0.184/+0.439 |Dr|max=0.439 Df=-0.393 | g r=0.280 f=0.691 p=0.649(0.009) max=2.271 | Ld=-0.0072 base=-0.603 r1=0.132 path=0.33 cap=0.0975 anchor=0.0361 | Lg=+1.0564 | clips=- | 2s
  110 acq  m=6 hq=0.146 fail | Dr=+0.126/+1.024 |Dr|max=1.024 Df=-0.424 | g r=0.271 f=0.640 p=0.683(0.016) max=2.129 | Ld=+0.2721 base=-0.604 r1=0.145 path=0.353 cap=0.341 anchor=0.0369 | Lg=+1.1575 | clips=- | 2s
  120 acq  m=7 hq=0.025 fail | Dr=-0.117/+0.261 |Dr|max=0.715 Df=-0.772 | g r=0.381 f=0.677 p=0.686(0.017) max=1.995 | Ld=+0.0420 base=-0.709 r1=0.111 path=0.443 cap=0.167 anchor=0.0303 | Lg=+1.1148 | clips=- | 2s
  130 acq  m=8 hq=0.061 fail | Dr=+0.217/+0.609 |Dr|max=0.609 Df=-0.453 | g r=0.250 f=0.691 p=0.669(0.012) max=2.043 | Ld=-0.2544 base=-0.699 r1=0.121 path=0.226 cap=0.0687 anchor=0.0287 | Lg=+1.1109 | clips=- | 2s
  140 acq  m=8 hq=0.026 fail | Dr=+0.321/+0.797 |Dr|max=0.797 Df=-0.186 | g r=0.300 f=0.558 p=0.542(0.013) max=1.728 | Ld=+0.6866 base=-0.318 r1=0.24 path=0.578 cap=0.106 anchor=0.0808 | Lg=+1.0283 | clips=- | 2s
  150 acq  m=5 hq=0.021 fail | Dr=+0.145/+0.608 |Dr|max=0.608 Df=-0.431 | g r=0.209 f=0.723 p=0.663(0.004) max=1.870 | Ld=-0.2832 base=-0.594 r1=0.0817 path=0.15 cap=0.0563 anchor=0.0232 | Lg=+1.1099 | clips=- | 2s
  160 acq  m=8 hq=0.030 fail | Dr=+0.029/+0.973 |Dr|max=0.973 Df=-0.501 | g r=0.389 f=0.781 p=0.777(0.008) max=2.544 | Ld=+0.2616 base=-0.365 r1=0.101 path=0.432 cap=0.0676 anchor=0.0262 | Lg=+1.2878 | clips=- | 2s
  170 acq  m=8 hq=0.053 fail | Dr=+0.208/+0.413 |Dr|max=0.413 Df=-0.336 | g r=0.245 f=0.721 p=0.661(0.011) max=1.767 | Ld=-0.3170 base=-0.532 r1=0.0704 path=0.0615 cap=0.0631 anchor=0.02 | Lg=+1.0791 | clips=- | 3s
  180 acq  m=4 hq=0.013 fail | Dr=+0.235/+0.598 |Dr|max=0.598 Df=-0.299 | g r=0.341 f=0.645 p=0.645(0.013) max=2.185 | Ld=+0.0217 base=-0.577 r1=0.241 path=0.128 cap=0.158 anchor=0.0716 | Lg=+1.1375 | clips=- | 3s
  190 acq  m=4 hq=0.021 fail | Dr=+0.161/+0.413 |Dr|max=0.413 Df=-0.336 | g r=0.257 f=0.677 p=0.623(0.013) max=1.873 | Ld=-0.1037 base=-0.501 r1=0.0978 path=0.195 cap=0.0783 anchor=0.0265 | Lg=+1.0613 | clips=- | 3s
  200 acq  m=3 hq=0.017 fail | Dr=+0.017/+0.869 |Dr|max=0.869 Df=-0.586 | g r=0.487 f=0.894 p=0.835(0.008) max=2.469 | Ld=+1.9749 base=-0.346 r1=0.402 path=1.39 cap=0.439 anchor=0.0924 | Lg=+1.2479 | clips=- | 3s
  210 acq  m=6 hq=0.042 fail | Dr=+0.315/+0.710 |Dr|max=0.710 Df=-0.237 | g r=0.207 f=0.678 p=0.622(0.022) max=1.817 | Ld=-0.3400 base=-0.503 r1=0.046 path=0.063 cap=0.0393 anchor=0.0147 | Lg=+1.0727 | clips=- | 3s
  220 acq  m=8 hq=0.028 fail | Dr=+0.286/+0.738 |Dr|max=0.738 Df=-0.227 | g r=0.206 f=0.649 p=0.625(0.010) max=1.604 | Ld=-0.3431 base=-0.455 r1=0.0656 path=0.00687 cap=0.0255 anchor=0.0142 | Lg=+0.9883 | clips=- | 3s
  230 acq  m=8 hq=0.033 fail | Dr=+0.149/+0.629 |Dr|max=0.629 Df=-0.440 | g r=0.251 f=0.785 p=0.675(0.022) max=1.896 | Ld=-0.3160 base=-0.481 r1=0.0909 path=0.0163 cap=0.0387 anchor=0.0187 | Lg=+1.0058 | clips=- | 3s
  240 acq  m=8 hq=0.137 fail | Dr=+0.149/+0.608 |Dr|max=0.608 Df=-0.262 | g r=0.255 f=0.807 p=0.677(0.008) max=2.163 | Ld=-0.2483 base=-0.434 r1=0.0798 path=0.0372 cap=0.0405 anchor=0.0283 | Lg=+1.0706 | clips=- | 4s
  250 acq  m=8 hq=0.200 fail | Dr=+0.170/+0.625 |Dr|max=0.625 Df=-0.181 | g r=0.252 f=0.692 p=0.622(0.008) max=1.758 | Ld=-0.1404 base=-0.369 r1=0.0777 path=0.0424 cap=0.0816 anchor=0.027 | Lg=+0.9674 | clips=- | 4s
  260 acq  m=8 hq=0.207 fail | Dr=+0.251/+0.945 |Dr|max=0.945 Df=-0.055 | g r=0.344 f=0.678 p=0.633(0.014) max=2.132 | Ld=+0.2106 base=-0.363 r1=0.093 path=0.24 cap=0.212 anchor=0.0289 | Lg=+1.0570 | clips=- | 4s
  270 acq  m=8 hq=0.241 fail | Dr=+0.336/+0.842 |Dr|max=0.842 Df=+0.050 | g r=0.192 f=0.578 p=0.555(0.002) max=1.420 | Ld=-0.1666 base=-0.282 r1=0.0493 path=0.0111 cap=0.0369 anchor=0.0185 | Lg=+0.8874 | clips=- | 4s
  280 acq  m=8 hq=0.208 fail | Dr=+0.489/+0.987 |Dr|max=0.987 Df=+0.166 | g r=0.160 f=0.630 p=0.576(0.003) max=1.504 | Ld=-0.2412 base=-0.344 r1=0.0469 path=0.0217 cap=0.0169 anchor=0.017 | Lg=+0.9325 | clips=- | 4s
  290 acq  m=6 hq=0.107 fail | Dr=+0.319/+1.013 |Dr|max=1.013 Df=-0.057 | g r=0.186 f=0.723 p=0.582(0.007) max=1.522 | Ld=-0.3155 base=-0.412 r1=0.0481 path=0.0134 cap=0.0182 anchor=0.0164 | Lg=+1.0299 | clips=- | 4s
  300 acq  m=6 hq=0.084 fail | Dr=+0.230/+0.947 |Dr|max=0.947 Df=-0.125 | g r=0.167 f=0.590 p=0.515(0.006) max=1.488 | Ld=-0.2301 base=-0.337 r1=0.0339 path=0.0243 cap=0.0359 anchor=0.0122 | Lg=+0.9335 | clips=- | 4s
  310 acq  m=5 hq=0.064 fail | Dr=+0.346/+1.144 |Dr|max=1.144 Df=-0.109 | g r=0.291 f=0.731 p=0.639(0.007) max=1.905 | Ld=+0.1143 base=-0.434 r1=0.106 path=0.105 cap=0.309 anchor=0.0293 | Lg=+1.0316 | clips=- | 5s
  320 acq  m=4 hq=0.018 fail | Dr=+0.173/+0.865 |Dr|max=0.865 Df=-0.283 | g r=0.201 f=0.648 p=0.558(0.009) max=1.464 | Ld=-0.2295 base=-0.424 r1=0.0547 path=0.0787 cap=0.044 anchor=0.017 | Lg=+0.9709 | clips=- | 5s
  330 acq  m=8 hq=0.225 fail | Dr=+0.510/+0.937 |Dr|max=0.937 Df=+0.238 | g r=0.199 f=0.724 p=0.602(0.011) max=1.578 | Ld=-0.2572 base=-0.392 r1=0.0634 path=0.0232 cap=0.0297 anchor=0.0188 | Lg=+0.9828 | clips=- | 5s
  340 acq  m=8 hq=0.245 fail | Dr=+0.185/+0.693 |Dr|max=0.693 Df=-0.100 | g r=0.143 f=0.549 p=0.542(0.009) max=1.463 | Ld=-0.0707 base=-0.268 r1=0.0735 path=0.0459 cap=0.0544 anchor=0.0234 | Lg=+0.8645 | clips=- | 5s
  350 acq  m=7 hq=0.206 fail | Dr=+0.359/+0.863 |Dr|max=0.863 Df=+0.121 | g r=0.219 f=0.476 p=0.526(0.004) max=1.709 | Ld=-0.1712 base=-0.405 r1=0.0649 path=0.0483 cap=0.105 anchor=0.0149 | Lg=+0.9169 | clips=- | 5s
  360 acq  m=7 hq=0.316 fail | Dr=+0.588/+1.296 |Dr|max=1.296 Df=+0.376 | g r=0.216 f=0.529 p=0.549(0.005) max=1.690 | Ld=-0.0777 base=-0.274 r1=0.0533 path=0.058 cap=0.069 anchor=0.0162 | Lg=+0.9042 | clips=- | 5s
  370 acq  m=6 hq=0.073 fail | Dr=+0.185/+0.993 |Dr|max=0.993 Df=-0.194 | g r=0.182 f=0.623 p=0.570(0.004) max=1.589 | Ld=-0.2081 base=-0.335 r1=0.0491 path=0.0568 cap=0.00668 anchor=0.0139 | Lg=+1.0243 | clips=- | 6s
  380 acq  m=6 hq=0.240 fail | Dr=+0.285/+1.124 |Dr|max=1.124 Df=-0.029 | g r=0.190 f=0.532 p=0.527(0.021) max=1.585 | Ld=-0.2009 base=-0.32 r1=0.0438 path=0.0309 cap=0.0303 anchor=0.0141 | Lg=+0.9453 | clips=- | 6s
  390 acq  m=6 hq=0.219 fail | Dr=+0.293/+1.342 |Dr|max=1.342 Df=-0.124 | g r=0.184 f=0.543 p=0.528(0.006) max=1.422 | Ld=-0.1651 base=-0.247 r1=0.0355 path=0.0208 cap=0.0116 anchor=0.0137 | Lg=+0.9231 | clips=- | 6s
  400 acq  m=8 hq=0.083 fail | Dr=+0.129/+1.304 |Dr|max=1.304 Df=-0.171 | g r=0.151 f=0.584 p=0.520(0.004) max=1.336 | Ld=-0.1497 base=-0.217 r1=0.0382 path=0.0114 cap=0.00903 anchor=0.00898 | Lg=+0.9231 | clips=- | 6s
  410 acq  m=7 hq=0.177 fail | Dr=+0.302/+1.248 |Dr|max=1.248 Df=+0.094 | g r=0.203 f=0.478 p=0.542(0.006) max=1.471 | Ld=-0.1980 base=-0.352 r1=0.0559 path=0.00414 cap=0.0814 anchor=0.0129 | Lg=+0.9463 | clips=- | 6s
  420 acq  m=8 hq=0.451 fail | Dr=+0.440/+1.481 |Dr|max=1.481 Df=+0.248 | g r=0.143 f=0.404 p=0.495(0.005) max=1.435 | Ld=-0.1159 base=-0.239 r1=0.0396 path=0.0425 cap=0.0308 anchor=0.01 | Lg=+0.8786 | clips=- | 6s
  430 acq  m=7 hq=0.344 fail | Dr=+0.312/+1.234 |Dr|max=1.234 Df=+0.100 | g r=0.157 f=0.500 p=0.471(0.009) max=1.466 | Ld=-0.0480 base=-0.197 r1=0.0493 path=0.0414 cap=0.0385 anchor=0.02 | Lg=+0.8764 | clips=- | 6s
  440 acq  m=8 hq=0.453 fail | Dr=+0.564/+2.034 |Dr|max=2.034 Df=+0.300 | g r=0.172 f=0.449 p=0.568(0.014) max=1.757 | Ld=-0.1161 base=-0.269 r1=0.0412 path=0.0866 cap=0.0115 anchor=0.0132 | Lg=+1.0179 | clips=- | 7s
  450 acq  m=8 hq=0.190 fail | Dr=+0.198/+1.550 |Dr|max=1.550 Df=-0.086 | g r=0.175 f=0.546 p=0.536(0.011) max=1.528 | Ld=-0.1897 base=-0.261 r1=0.0254 path=0.0155 cap=0.0228 anchor=0.00719 | Lg=+0.9749 | clips=- | 7s
  460 acq  m=6 hq=0.315 fail | Dr=+0.258/+1.498 |Dr|max=1.498 Df=-0.068 | g r=0.193 f=0.476 p=0.536(0.004) max=1.338 | Ld=-0.1867 base=-0.275 r1=0.0349 path=0.0254 cap=0.0158 anchor=0.0125 | Lg=+0.9632 | clips=- | 7s
  470 acq  m=8 hq=0.441 fail | Dr=+0.517/+1.784 |Dr|max=1.784 Df=+0.327 | g r=0.195 f=0.356 p=0.482(0.006) max=1.578 | Ld=-0.1067 base=-0.304 r1=0.0439 path=0.00727 cap=0.135 anchor=0.0117 | Lg=+0.9078 | clips=- | 7s
  480 acq  m=7 hq=0.192 fail | Dr=+0.237/+1.434 |Dr|max=1.434 Df=-0.047 | g r=0.130 f=0.459 p=0.477(0.005) max=1.323 | Ld=-0.1495 base=-0.2 r1=0.021 path=0.0144 cap=0.00778 anchor=0.00741 | Lg=+0.9054 | clips=- | 7s
  490 acq  m=6 hq=0.266 fail | Dr=+0.238/+1.423 |Dr|max=1.423 Df=-0.097 | g r=0.171 f=0.547 p=0.552(0.002) max=1.619 | Ld=-0.1456 base=-0.246 r1=0.0335 path=0.0415 cap=0.0141 anchor=0.0116 | Lg=+0.9408 | clips=- | 7s
  500 acq  m=8 hq=0.330 fail | Dr=+0.412/+1.665 |Dr|max=1.665 Df=+0.191 | g r=0.156 f=0.457 p=0.522(0.006) max=1.449 | Ld=-0.1269 base=-0.192 r1=0.0323 path=0.0129 cap=0.0101 anchor=0.01 | Lg=+0.9181 | clips=- | 8s
  510 acq  m=5 hq=0.155 fail | Dr=+0.295/+1.521 |Dr|max=1.521 Df=-0.031 | g r=0.126 f=0.565 p=0.530(0.005) max=1.415 | Ld=-0.1131 base=-0.188 r1=0.0296 path=0.0196 cap=0.0165 anchor=0.00907 | Lg=+0.9393 | clips=- | 8s
  520 acq  m=8 hq=0.833 fail | Dr=+0.259/+2.003 |Dr|max=2.003 Df=+0.053 | g r=0.072 f=0.153 p=0.485(0.000) max=1.478 | Ld=-0.1495 base=-0.184 r1=0.0107 path=0.0137 cap=0.00532 anchor=0.00456 | Lg=+0.9857 | clips=- | 8s
  530 acq  m=8 hq=0.628 fail | Dr=+0.191/+1.953 |Dr|max=1.953 Df=-0.006 | g r=0.143 f=0.235 p=0.500(0.002) max=1.651 | Ld=-0.1610 base=-0.236 r1=0.0321 path=0.00807 cap=0.0222 anchor=0.0124 | Lg=+0.9805 | clips=- | 8s
  540 acq  m=8 hq=0.866 fail | Dr=+0.285/+2.094 |Dr|max=2.094 Df=+0.080 | g r=0.094 f=0.143 p=0.501(0.004) max=1.382 | Ld=-0.1241 base=-0.2 r1=0.0186 path=0.0305 cap=0.0213 anchor=0.0053 | Lg=+0.9962 | clips=- | 8s
  550 acq  m=8 hq=0.827 fail | Dr=+0.145/+2.139 |Dr|max=2.139 Df=-0.073 | g r=0.111 f=0.142 p=0.532(0.007) max=1.478 | Ld=-0.1614 base=-0.242 r1=0.0241 path=0.0204 cap=0.0306 anchor=0.00547 | Lg=+1.0835 | clips=- | 8s
  560 acq  m=6 hq=0.317 fail | Dr=+0.438/+1.817 |Dr|max=1.817 Df=+0.216 | g r=0.135 f=0.435 p=0.508(0.003) max=1.466 | Ld=-0.1481 base=-0.201 r1=0.0242 path=0.0185 cap=0.00258 anchor=0.00763 | Lg=+0.9509 | clips=- | 9s
  570 acq  m=6 hq=0.405 fail | Dr=+0.326/+1.602 |Dr|max=1.602 Df=+0.053 | g r=0.169 f=0.370 p=0.525(0.005) max=1.401 | Ld=+0.0356 base=-0.295 r1=0.035 path=0.27 cap=0.0137 anchor=0.0114 | Lg=+0.9630 | clips=- | 9s
  580 acq  m=8 hq=0.851 fail | Dr=+0.608/+2.552 |Dr|max=2.552 Df=+0.401 | g r=0.135 f=0.163 p=0.514(0.002) max=1.460 | Ld=-0.1549 base=-0.205 r1=0.0228 path=0.0105 cap=0.00944 anchor=0.00731 | Lg=+1.0175 | clips=- | 9s
  590 acq  m=8 hq=0.678 fail | Dr=+0.439/+2.703 |Dr|max=2.703 Df=+0.209 | g r=0.143 f=0.221 p=0.603(0.004) max=1.615 | Ld=-0.1870 base=-0.221 r1=0.0132 path=0.00827 cap=0.00876 anchor=0.00364 | Lg=+1.1405 | clips=- | 9s
  600 acq  m=8 hq=0.400 fail | Dr=+0.475/+1.766 |Dr|max=1.766 Df=+0.297 | g r=0.102 f=0.301 p=0.462(0.002) max=1.367 | Ld=-0.1522 base=-0.199 r1=0.0225 path=0.00899 cap=0.00816 anchor=0.00728 | Lg=+0.9350 | clips=- | 9s
  610 acq  m=4 hq=0.246 fail | Dr=+0.294/+1.756 |Dr|max=1.756 Df=-0.142 | g r=0.171 f=0.567 p=0.654(0.020) max=1.938 | Ld=-0.1342 base=-0.374 r1=0.0355 path=0.179 cap=0.0145 anchor=0.0101 | Lg=+1.1344 | clips=- | 9s
  620 acq  m=8 hq=0.266 fail | Dr=+0.510/+2.159 |Dr|max=2.159 Df=+0.250 | g r=0.139 f=0.516 p=0.567(0.009) max=1.481 | Ld=-0.2206 base=-0.286 r1=0.0349 path=0.00802 cap=0.0148 anchor=0.00799 | Lg=+1.0223 | clips=- | 9s
  630 acq  m=7 hq=0.226 fail | Dr=+0.652/+2.285 |Dr|max=2.285 Df=+0.410 | g r=0.118 f=0.512 p=0.527(0.001) max=1.481 | Ld=-0.1659 base=-0.236 r1=0.0313 path=0.0183 cap=0.0126 anchor=0.00796 | Lg=+1.0011 | clips=- | 10s
  640 acq  m=6 hq=0.254 fail | Dr=+0.369/+1.957 |Dr|max=1.957 Df=+0.090 | g r=0.121 f=0.537 p=0.558(0.003) max=1.399 | Ld=-0.1139 base=-0.176 r1=0.0243 path=0.0255 cap=0.00485 anchor=0.00764 | Lg=+0.9538 | clips=- | 10s
  650 acq  m=8 hq=0.585 fail | Dr=+0.430/+2.070 |Dr|max=2.070 Df=+0.203 | g r=0.105 f=0.290 p=0.502(0.002) max=1.436 | Ld=-0.1444 base=-0.217 r1=0.0259 path=0.0354 cap=0.00338 anchor=0.00752 | Lg=+0.9623 | clips=- | 10s
  660 acq  m=6 hq=0.410 fail | Dr=+0.569/+2.252 |Dr|max=2.252 Df=+0.322 | g r=0.136 f=0.420 p=0.514(0.007) max=1.511 | Ld=-0.0880 base=-0.155 r1=0.0306 path=0.0183 cap=0.0102 anchor=0.00758 | Lg=+0.9364 | clips=- | 10s
  670 acq  m=8 hq=0.584 fail | Dr=+0.281/+2.410 |Dr|max=2.410 Df=+0.050 | g r=0.129 f=0.275 p=0.563(0.010) max=1.404 | Ld=-0.1354 base=-0.186 r1=0.0259 path=0.00822 cap=0.00619 anchor=0.00983 | Lg=+1.0485 | clips=- | 10s
  680 acq  m=7 hq=0.339 fail | Dr=+0.442/+2.657 |Dr|max=2.657 Df=+0.162 | g r=0.127 f=0.444 p=0.594(0.006) max=1.554 | Ld=-0.1704 base=-0.208 r1=0.0188 path=0.00707 cap=0.00624 anchor=0.00532 | Lg=+1.0686 | clips=- | 10s
  690 acq  m=8 hq=0.867 fail | Dr=+0.427/+2.082 |Dr|max=2.082 Df=+0.247 | g r=0.099 f=0.143 p=0.483(0.003) max=1.349 | Ld=-0.0694 base=-0.115 r1=0.0145 path=0.0232 cap=0.00258 anchor=0.00495 | Lg=+0.9413 | clips=- | 11s
  700 acq  m=8 hq=0.796 fail | Dr=+0.259/+2.468 |Dr|max=2.468 Df=+0.028 | g r=0.151 f=0.176 p=0.605(0.003) max=1.756 | Ld=-0.1385 base=-0.223 r1=0.0392 path=0.0285 cap=0.00613 anchor=0.0108 | Lg=+1.1248 | clips=- | 11s
  710 acq  m=8 hq=0.914 PASS | Dr=+0.453/+2.231 |Dr|max=2.231 Df=+0.268 | g r=0.092 f=0.107 p=0.494(0.004) max=1.330 | Ld=-0.0895 base=-0.187 r1=0.021 path=0.0512 cap=0.0178 anchor=0.00705 | Lg=+0.9481 | clips=- | 11s
  720 acq  m=8 hq=0.906 PASS | Dr=+0.275/+2.339 |Dr|max=2.339 Df=+0.067 | g r=0.071 f=0.083 p=0.527(0.000) max=1.537 | Ld=-0.1289 base=-0.168 r1=0.0162 path=0.0115 cap=0.0028 anchor=0.00874 | Lg=+1.0268 | clips=- | 11s
  730 acq  m=8 hq=0.896 fail | Dr=+0.418/+2.169 |Dr|max=2.169 Df=+0.228 | g r=0.096 f=0.127 p=0.498(0.007) max=1.382 | Ld=-0.1063 base=-0.163 r1=0.019 path=0.0274 cap=0.00503 anchor=0.00507 | Lg=+0.9959 | clips=- | 11s
  740 acq  m=8 hq=0.922 PASS | Dr=+0.339/+2.474 |Dr|max=2.474 Df=+0.119 | g r=0.083 f=0.100 p=0.544(0.002) max=1.569 | Ld=-0.0865 base=-0.128 r1=0.0227 path=0.00884 cap=0.00189 anchor=0.00774 | Lg=+1.0541 | clips=- | 11s
  750 acq  m=8 hq=0.676 fail | Dr=+0.128/+2.183 |Dr|max=2.183 Df=-0.085 | g r=0.158 f=0.216 p=0.586(0.005) max=1.429 | Ld=-0.1345 base=-0.184 r1=0.0204 path=0.0129 cap=0.00837 anchor=0.0079 | Lg=+1.0447 | clips=- | 11s
  760 acq  m=8 hq=0.581 fail | Dr=+0.283/+2.334 |Dr|max=2.334 Df=+0.063 | g r=0.123 f=0.222 p=0.577(0.002) max=1.577 | Ld=-0.2014 base=-0.249 r1=0.0193 path=0.0116 cap=0.00867 anchor=0.00775 | Lg=+1.0810 | clips=- | 12s
  770 acq  m=8 hq=0.485 fail | Dr=+0.327/+2.386 |Dr|max=2.386 Df=+0.102 | g r=0.131 f=0.291 p=0.567(0.006) max=1.333 | Ld=-0.1115 base=-0.185 r1=0.0285 path=0.0295 cap=0.009 anchor=0.00642 | Lg=+1.0389 | clips=- | 12s
  780 acq  m=8 hq=0.891 fail | Dr=+0.276/+2.221 |Dr|max=2.221 Df=+0.085 | g r=0.096 f=0.105 p=0.535(0.002) max=1.417 | Ld=-0.1220 base=-0.188 r1=0.022 path=0.0269 cap=0.00924 anchor=0.00813 | Lg=+1.0027 | clips=- | 12s
  790 acq  m=8 hq=0.904 PASS | Dr=+0.307/+2.662 |Dr|max=2.662 Df=+0.098 | g r=0.134 f=0.148 p=0.582(0.008) max=1.370 | Ld=-0.1470 base=-0.193 r1=0.0255 path=0.00813 cap=0.0036 anchor=0.00853 | Lg=+1.1080 | clips=- | 12s
  800 acq  m=8 hq=0.899 fail | Dr=+0.146/+2.533 |Dr|max=2.533 Df=-0.081 | g r=0.122 f=0.121 p=0.614(0.003) max=1.530 | Ld=-0.1783 base=-0.23 r1=0.019 path=0.0154 cap=0.0113 anchor=0.00598 | Lg=+1.1268 | clips=- | 12s
  810 acq  m=8 hq=0.894 fail | Dr=+0.278/+2.304 |Dr|max=2.304 Df=+0.069 | g r=0.108 f=0.129 p=0.563(0.002) max=1.450 | Ld=-0.1041 base=-0.143 r1=0.0181 path=0.0137 cap=0.00271 anchor=0.0044 | Lg=+1.0164 | clips=- | 12s
  820 acq  m=8 hq=0.840 fail | Dr=+0.408/+2.220 |Dr|max=2.220 Df=+0.222 | g r=0.121 f=0.138 p=0.548(0.001) max=1.423 | Ld=-0.0821 base=-0.138 r1=0.0182 path=0.0243 cap=0.00779 anchor=0.00572 | Lg=+0.9310 | clips=- | 12s
  830 acq  m=8 hq=0.747 fail | Dr=+0.388/+2.488 |Dr|max=2.488 Df=+0.196 | g r=0.112 f=0.119 p=0.538(0.003) max=1.344 | Ld=-0.1262 base=-0.171 r1=0.0191 path=0.0141 cap=0.00375 anchor=0.0075 | Lg=+1.0083 | clips=- | 13s
  840 acq  m=8 hq=0.571 fail | Dr=+0.438/+1.508 |Dr|max=1.508 Df=+0.293 | g r=0.176 f=0.251 p=0.423(0.004) max=1.319 | Ld=+0.0053 base=-0.0984 r1=0.0491 path=0.0336 cap=0.00685 anchor=0.0141 | Lg=+0.8366 | clips=- | 13s
  850 acq  m=8 hq=0.553 fail | Dr=+0.452/+2.001 |Dr|max=2.001 Df=+0.225 | g r=0.089 f=0.359 p=0.525(0.002) max=1.386 | Ld=-0.1462 base=-0.193 r1=0.0212 path=0.0162 cap=0.00266 anchor=0.00654 | Lg=+0.9654 | clips=- | 13s
  860 acq  m=8 hq=0.557 fail | Dr=+0.507/+2.507 |Dr|max=2.507 Df=+0.277 | g r=0.094 f=0.268 p=0.568(0.002) max=1.407 | Ld=-0.1288 base=-0.165 r1=0.0141 path=0.0118 cap=0.00556 anchor=0.00479 | Lg=+1.0201 | clips=- | 13s
  870 acq  m=8 hq=0.712 fail | Dr=+0.452/+2.868 |Dr|max=2.868 Df=+0.235 | g r=0.152 f=0.220 p=0.630(0.004) max=1.598 | Ld=-0.1604 base=-0.201 r1=0.0187 path=0.0106 cap=0.00489 anchor=0.00645 | Lg=+1.1888 | clips=- | 13s
  880 acq  m=8 hq=0.834 fail | Dr=+0.370/+2.408 |Dr|max=2.408 Df=+0.179 | g r=0.135 f=0.188 p=0.563(0.001) max=1.485 | Ld=-0.1543 base=-0.234 r1=0.027 path=0.0261 cap=0.0199 anchor=0.00703 | Lg=+1.0407 | clips=- | 13s
  890 acq  m=5 hq=0.344 fail | Dr=+0.811/+2.506 |Dr|max=2.506 Df=+0.632 | g r=0.128 f=0.324 p=0.524(0.004) max=1.394 | Ld=-0.1411 base=-0.261 r1=0.0497 path=0.0252 cap=0.0303 anchor=0.0151 | Lg=+1.0475 | clips=- | 14s
  900 acq  m=7 hq=0.121 fail | Dr=+0.410/+2.234 |Dr|max=2.234 Df=+0.100 | g r=0.159 f=0.613 p=0.650(0.014) max=1.782 | Ld=-0.0628 base=-0.217 r1=0.0391 path=0.0851 cap=0.0199 anchor=0.0106 | Lg=+1.0770 | clips=- | 14s
  910 acq  m=8 hq=0.537 fail | Dr=+0.850/+2.284 |Dr|max=2.284 Df=+0.677 | g r=0.100 f=0.325 p=0.514(0.000) max=1.342 | Ld=-0.0638 base=-0.112 r1=0.0239 path=0.0149 cap=0.00122 anchor=0.00789 | Lg=+0.8837 | clips=- | 14s
  920 acq  m=5 hq=0.069 fail | Dr=+0.756/+2.224 |Dr|max=2.224 Df=+0.519 | g r=0.137 f=0.672 p=0.561(0.009) max=1.399 | Ld=-0.0696 base=-0.128 r1=0.0256 path=0.0211 cap=0.00227 anchor=0.00951 | Lg=+0.9064 | clips=- | 14s
  930 acq  m=4 hq=0.241 fail | Dr=+0.852/+2.339 |Dr|max=2.339 Df=+0.576 | g r=0.148 f=0.594 p=0.584(0.002) max=1.345 | Ld=-0.1668 base=-0.263 r1=0.0397 path=0.0149 cap=0.0318 anchor=0.00976 | Lg=+0.9328 | clips=- | 14s
  940 acq  m=5 hq=0.082 fail | Dr=+0.605/+2.154 |Dr|max=2.154 Df=+0.291 | g r=0.156 f=0.579 p=0.602(0.011) max=1.474 | Ld=-0.1606 base=-0.241 r1=0.0268 path=0.023 cap=0.0219 anchor=0.00883 | Lg=+1.0105 | clips=- | 14s
  950 acq  m=8 hq=0.795 fail | Dr=+0.635/+2.497 |Dr|max=2.497 Df=+0.463 | g r=0.109 f=0.217 p=0.580(0.006) max=1.387 | Ld=-0.1490 base=-0.208 r1=0.0225 path=0.00984 cap=0.0188 anchor=0.00825 | Lg=+0.9813 | clips=- | 14s
  960 acq  m=8 hq=0.626 fail | Dr=+0.554/+2.325 |Dr|max=2.325 Df=+0.387 | g r=0.136 f=0.351 p=0.587(0.008) max=1.707 | Ld=-0.2289 base=-0.274 r1=0.0166 path=0.0075 cap=0.015 anchor=0.00639 | Lg=+1.0668 | clips=- | 15s
  970 acq  m=8 hq=0.887 fail | Dr=+0.332/+2.345 |Dr|max=2.345 Df=+0.170 | g r=0.100 f=0.137 p=0.540(0.006) max=1.235 | Ld=-0.1590 base=-0.228 r1=0.0227 path=0.0142 cap=0.0235 anchor=0.00901 | Lg=+1.0015 | clips=- | 15s
  980 acq  m=8 hq=0.928 PASS | Dr=+0.566/+2.466 |Dr|max=2.466 Df=+0.399 | g r=0.094 f=0.118 p=0.544(0.001) max=1.453 | Ld=-0.0686 base=-0.102 r1=0.0158 path=0.00933 cap=0.000559 anchor=0.00813 | Lg=+0.9488 | clips=- | 15s
  990 acq  m=8 hq=0.896 fail | Dr=+0.450/+2.741 |Dr|max=2.741 Df=+0.260 | g r=0.101 f=0.140 p=0.577(0.003) max=1.444 | Ld=-0.1193 base=-0.151 r1=0.0156 path=0.00857 cap=0.00058 anchor=0.00659 | Lg=+1.0543 | clips=- | 15s
 1000 acq  m=8 hq=0.878 fail | Dr=-0.252/+2.196 |Dr|max=2.196 Df=-0.436 | g r=0.187 f=0.183 p=0.592(0.006) max=1.623 | Ld=-0.1008 base=-0.167 r1=0.0378 path=0.00765 cap=0.00795 anchor=0.0125 | Lg=+1.1262 | clips=- | 15s
 1010 acq  m=5 hq=0.405 fail | Dr=+0.390/+2.791 |Dr|max=2.791 Df=+0.152 | g r=0.109 f=0.209 p=0.603(0.002) max=1.676 | Ld=-0.1115 base=-0.146 r1=0.0128 path=0.013 cap=0.0012 anchor=0.00709 | Lg=+1.1063 | clips=- | 15s
 1020 acq  m=8 hq=0.885 fail | Dr=+0.565/+2.609 |Dr|max=2.609 Df=+0.406 | g r=0.125 f=0.152 p=0.508(0.007) max=1.436 | Ld=-0.0440 base=-0.0914 r1=0.0133 path=0.0177 cap=0.0115 anchor=0.00494 | Lg=+1.0084 | clips=- | 15s
 1030 acq  m=8 hq=0.907 PASS | Dr=+0.578/+3.223 |Dr|max=3.223 Df=+0.380 | g r=0.110 f=0.121 p=0.608(0.002) max=1.498 | Ld=-0.1549 base=-0.177 r1=0.00781 path=0.00638 cap=0.00255 anchor=0.00501 | Lg=+1.1613 | clips=- | 16s
 1040 acq  m=8 hq=0.935 PASS | Dr=+0.414/+2.331 |Dr|max=2.331 Df=+0.248 | g r=0.098 f=0.102 p=0.515(0.001) max=1.335 | Ld=-0.0866 base=-0.13 r1=0.0118 path=0.00691 cap=0.0189 anchor=0.00573 | Lg=+0.9609 | clips=- | 16s
 1050 acq  m=8 hq=0.903 PASS | Dr=+0.427/+2.912 |Dr|max=2.912 Df=+0.227 | g r=0.089 f=0.100 p=0.592(0.003) max=1.393 | Ld=-0.1524 base=-0.191 r1=0.0102 path=0.0179 cap=0.00601 anchor=0.00459 | Lg=+1.1257 | clips=- | 16s
 1060 acq  m=7 hq=0.806 fail | Dr=+0.403/+2.194 |Dr|max=2.194 Df=+0.254 | g r=0.149 f=0.135 p=0.494(0.003) max=1.447 | Ld=-0.0516 base=-0.141 r1=0.0239 path=0.0141 cap=0.041 anchor=0.0104 | Lg=+0.9581 | clips=- | 16s
 1070 acq  m=8 hq=0.915 PASS | Dr=+0.452/+2.744 |Dr|max=2.744 Df=+0.259 | g r=0.116 f=0.139 p=0.622(0.001) max=1.489 | Ld=-0.1533 base=-0.199 r1=0.0184 path=0.0168 cap=0.00464 anchor=0.00545 | Lg=+1.0737 | clips=- | 16s
 1080 acq  m=8 hq=0.871 fail | Dr=+0.284/+2.661 |Dr|max=2.661 Df=+0.099 | g r=0.091 f=0.111 p=0.570(0.003) max=1.509 | Ld=-0.1169 base=-0.17 r1=0.0105 path=0.0329 cap=0.00471 anchor=0.00504 | Lg=+1.1046 | clips=- | 16s
 1090 acq  m=8 hq=0.930 PASS | Dr=+0.377/+2.262 |Dr|max=2.262 Df=+0.225 | g r=0.108 f=0.110 p=0.480(0.002) max=1.202 | Ld=-0.0924 base=-0.156 r1=0.0115 path=0.0164 cap=0.0302 anchor=0.00501 | Lg=+0.9538 | clips=- | 17s
 1100 acq  m=6 hq=0.512 fail | Dr=+0.206/+2.140 |Dr|max=2.140 Df=+0.022 | g r=0.102 f=0.239 p=0.536(0.003) max=1.460 | Ld=-0.0777 base=-0.3 r1=0.0569 path=0.0751 cap=0.0714 anchor=0.019 | Lg=+1.0872 | clips=- | 17s
 1110 acq  m=8 hq=0.865 fail | Dr=+0.570/+2.084 |Dr|max=2.084 Df=+0.437 | g r=0.104 f=0.141 p=0.471(0.003) max=1.656 | Ld=-0.0456 base=-0.0918 r1=0.0115 path=0.0142 cap=0.0154 anchor=0.00514 | Lg=+0.9046 | clips=- | 17s
 1120 acq  m=8 hq=0.828 fail | Dr=+0.525/+2.706 |Dr|max=2.706 Df=+0.348 | g r=0.130 f=0.173 p=0.567(0.003) max=1.452 | Ld=-0.1222 base=-0.176 r1=0.0206 path=0.0201 cap=0.00621 anchor=0.00684 | Lg=+1.0444 | clips=- | 17s
 1130 acq  m=8 hq=0.923 PASS | Dr=+0.519/+2.674 |Dr|max=2.674 Df=+0.348 | g r=0.096 f=0.107 p=0.555(0.002) max=1.355 | Ld=-0.0768 base=-0.131 r1=0.0129 path=0.027 cap=0.0089 anchor=0.00515 | Lg=+1.0413 | clips=- | 17s
 1140 acq  m=8 hq=0.908 PASS | Dr=+0.342/+2.552 |Dr|max=2.552 Df=+0.172 | g r=0.119 f=0.151 p=0.563(0.008) max=1.549 | Ld=-0.1082 base=-0.173 r1=0.0221 path=0.0261 cap=0.0088 anchor=0.0076 | Lg=+1.0586 | clips=- | 17s
 1150 acq  m=8 hq=0.915 PASS | Dr=+0.411/+1.497 |Dr|max=1.497 Df=+0.296 | g r=0.088 f=0.110 p=0.468(0.004) max=1.283 | Ld=-0.0680 base=-0.0907 r1=0.00982 path=0.00786 cap=0.000648 anchor=0.00439 | Lg=+0.8815 | clips=- | 17s
 1160 acq  m=8 hq=0.865 fail | Dr=+0.595/+2.155 |Dr|max=2.155 Df=+0.465 | g r=0.107 f=0.147 p=0.487(0.004) max=1.263 | Ld=-0.0315 base=-0.115 r1=0.0296 path=0.0259 cap=0.0166 anchor=0.0111 | Lg=+0.9126 | clips=- | 18s
 1170 acq  m=8 hq=0.932 PASS | Dr=+0.416/+2.615 |Dr|max=2.615 Df=+0.249 | g r=0.105 f=0.120 p=0.555(0.003) max=1.518 | Ld=-0.0986 base=-0.134 r1=0.0113 path=0.00858 cap=0.0112 anchor=0.00475 | Lg=+1.0617 | clips=- | 18s
 1180 acq  m=8 hq=0.935 PASS | Dr=+0.440/+2.522 |Dr|max=2.522 Df=+0.288 | g r=0.108 f=0.097 p=0.522(0.005) max=1.441 | Ld=-0.0937 base=-0.151 r1=0.0169 path=0.019 cap=0.0141 anchor=0.00687 | Lg=+0.9725 | clips=- | 18s
 1190 acq  m=8 hq=0.916 PASS | Dr=+0.672/+2.535 |Dr|max=2.535 Df=+0.535 | g r=0.075 f=0.100 p=0.517(0.001) max=1.393 | Ld=-0.0868 base=-0.136 r1=0.0138 path=0.0288 cap=0.00114 anchor=0.00546 | Lg=+0.9514 | clips=- | 18s
 1200 acq  m=8 hq=0.702 fail | Dr=+0.484/+1.772 |Dr|max=1.772 Df=+0.370 | g r=0.153 f=0.355 p=0.520(0.005) max=1.588 | Ld=-0.1469 base=-0.225 r1=0.0232 path=0.042 cap=0.00398 anchor=0.00881 | Lg=+1.0031 | clips=- | 18s
 1210 hold m=8 hq=0.556 fail | Dr=+0.581/+1.763 |Dr|max=1.763 Df=+0.456 | g r=0.131 f=0.320 p=0.458(0.001) max=1.266 | Ld=-0.0672 base=-0.19 r1=0.0434 path=0.0317 cap=0.0353 anchor=0.0125 | Lg=+0.9124 | clips=- | 18s
 1220 hold m=7 hq=0.107 fail | Dr=+0.727/+1.884 |Dr|max=1.884 Df=+0.496 | g r=0.150 f=0.627 p=0.552(0.008) max=1.565 | Ld=-0.1711 base=-0.227 r1=0.0256 path=0.0106 cap=0.012 anchor=0.00748 | Lg=+0.9061 | clips=- | 19s
 1230 hold m=7 hq=0.335 fail | Dr=+0.584/+2.055 |Dr|max=2.055 Df=+0.400 | g r=0.127 f=0.476 p=0.563(0.002) max=1.442 | Ld=-0.0937 base=-0.149 r1=0.0298 path=0.0104 cap=0.00548 anchor=0.00922 | Lg=+0.9029 | clips=- | 19s
 1240 hold m=7 hq=0.222 fail | Dr=+0.837/+2.665 |Dr|max=2.665 Df=+0.651 | g r=0.156 f=0.573 p=0.580(0.004) max=1.449 | Ld=-0.1585 base=-0.215 r1=0.036 path=0.00581 cap=0.00585 anchor=0.0084 | Lg=+1.0258 | clips=- | 19s
 1250 hold m=7 hq=0.332 fail | Dr=+0.712/+2.286 |Dr|max=2.286 Df=+0.529 | g r=0.139 f=0.596 p=0.631(0.007) max=1.638 | Ld=-0.2131 base=-0.272 r1=0.0299 path=0.011 cap=0.00802 anchor=0.0103 | Lg=+1.0801 | clips=- | 19s
 1260 hold m=5 hq=0.214 fail | Dr=+0.718/+1.919 |Dr|max=1.919 Df=+0.524 | g r=0.160 f=0.433 p=0.539(0.009) max=1.482 | Ld=-0.0715 base=-0.17 r1=0.0415 path=0.0274 cap=0.0195 anchor=0.00999 | Lg=+0.8984 | clips=- | 19s
 1270 hold m=6 hq=0.160 fail | Dr=+0.609/+1.476 |Dr|max=1.476 Df=+0.415 | g r=0.129 f=0.385 p=0.533(0.003) max=1.780 | Ld=-0.0645 base=-0.156 r1=0.0384 path=0.0349 cap=0.00988 anchor=0.00854 | Lg=+0.8341 | clips=- | 19s
 1280 hold m=8 hq=0.483 fail | Dr=+0.762/+2.004 |Dr|max=2.004 Df=+0.606 | g r=0.104 f=0.423 p=0.536(0.002) max=1.377 | Ld=-0.1137 base=-0.141 r1=0.0164 path=0.00358 cap=0.00237 anchor=0.00528 | Lg=+0.8852 | clips=- | 20s
 1290 hold m=4 hq=0.182 fail | Dr=+0.678/+1.742 |Dr|max=1.742 Df=+0.407 | g r=0.155 f=0.525 p=0.536(0.003) max=1.328 | Ld=-0.1102 base=-0.162 r1=0.0195 path=0.0188 cap=0.00766 anchor=0.00625 | Lg=+0.9219 | clips=- | 20s
 1300 hold m=8 hq=0.760 fail | Dr=+0.646/+1.948 |Dr|max=1.948 Df=+0.540 | g r=0.127 f=0.274 p=0.520(0.005) max=1.452 | Ld=-0.1295 base=-0.208 r1=0.0315 path=0.0113 cap=0.028 anchor=0.00748 | Lg=+0.9271 | clips=- | 20s
 1310 hold m=5 hq=0.332 fail | Dr=+0.687/+2.260 |Dr|max=2.260 Df=+0.531 | g r=0.147 f=0.267 p=0.560(0.009) max=1.433 | Ld=-0.0925 base=-0.124 r1=0.0145 path=0.00579 cap=0.00583 anchor=0.00584 | Lg=+1.0062 | clips=- | 20s
 1320 hold m=8 hq=0.629 fail | Dr=+0.624/+1.896 |Dr|max=1.896 Df=+0.517 | g r=0.081 f=0.304 p=0.503(0.001) max=1.288 | Ld=-0.0411 base=-0.0914 r1=0.0266 path=0.00775 cap=0.00862 anchor=0.00739 | Lg=+0.8560 | clips=- | 20s
 1330 hold m=8 hq=0.579 fail | Dr=+0.918/+2.244 |Dr|max=2.244 Df=+0.800 | g r=0.116 f=0.287 p=0.504(0.003) max=1.383 | Ld=-0.0849 base=-0.132 r1=0.0294 path=0.00694 cap=0.00288 anchor=0.00783 | Lg=+0.8955 | clips=- | 20s
 1340 hold m=8 hq=0.919 PASS | Dr=+0.673/+2.114 |Dr|max=2.114 Df=+0.579 | g r=0.084 f=0.111 p=0.504(0.003) max=1.458 | Ld=-0.0376 base=-0.0645 r1=0.015 path=0.0054 cap=0.00148 anchor=0.00496 | Lg=+0.8943 | clips=- | 20s
 1350 hold m=8 hq=0.940 PASS | Dr=+0.484/+1.764 |Dr|max=1.764 Df=+0.390 | g r=0.099 f=0.118 p=0.485(0.007) max=1.498 | Ld=-0.0148 base=-0.0359 r1=0.0123 path=0.00132 cap=0.00267 anchor=0.00475 | Lg=+0.8659 | clips=- | 21s
 1360 hold m=8 hq=0.925 PASS | Dr=+0.786/+2.576 |Dr|max=2.576 Df=+0.674 | g r=0.101 f=0.125 p=0.543(0.004) max=1.392 | Ld=-0.0724 base=-0.0986 r1=0.0126 path=0.00615 cap=0.0024 anchor=0.00504 | Lg=+0.9633 | clips=- | 21s
 1370 hold m=8 hq=0.926 PASS | Dr=+0.597/+1.419 |Dr|max=1.419 Df=+0.524 | g r=0.067 f=0.087 p=0.398(0.000) max=1.289 | Ld=-0.0208 base=-0.0483 r1=0.0142 path=0.00759 cap=0.000348 anchor=0.00533 | Lg=+0.7923 | clips=- | 21s
 1380 hold m=8 hq=0.936 PASS | Dr=+0.469/+1.915 |Dr|max=1.915 Df=+0.371 | g r=0.122 f=0.118 p=0.518(0.004) max=1.675 | Ld=-0.0691 base=-0.111 r1=0.0161 path=0.00671 cap=0.0113 anchor=0.00762 | Lg=+0.9687 | clips=- | 21s
 1390 hold m=8 hq=0.947 PASS | Dr=+0.574/+1.892 |Dr|max=1.892 Df=+0.468 | g r=0.091 f=0.108 p=0.505(0.003) max=1.559 | Ld=-0.0630 base=-0.0932 r1=0.0126 path=0.00536 cap=0.00717 anchor=0.00506 | Lg=+0.9091 | clips=- | 21s
 1400 hold m=8 hq=0.950 PASS | Dr=+0.608/+1.706 |Dr|max=1.706 Df=+0.530 | g r=0.114 f=0.129 p=0.412(0.003) max=1.141 | Ld=+0.0157 base=-0.0241 r1=0.0129 path=0.0131 cap=0.00773 anchor=0.00608 | Lg=+0.8364 | clips=- | 21s
 1410 hold m=8 hq=0.948 PASS | Dr=+0.502/+2.131 |Dr|max=2.131 Df=+0.395 | g r=0.056 f=0.066 p=0.534(0.002) max=1.436 | Ld=-0.0655 base=-0.0804 r1=0.00621 path=0.00362 cap=0.000282 anchor=0.00474 | Lg=+0.9764 | clips=- | 22s
 1420 hold m=8 hq=0.949 PASS | Dr=+0.540/+1.535 |Dr|max=1.535 Df=+0.474 | g r=0.065 f=0.075 p=0.338(0.004) max=1.034 | Ld=+0.0418 base=-0.0175 r1=0.0181 path=0.00906 cap=0.0249 anchor=0.00721 | Lg=+0.8264 | clips=- | 22s
 1430 hold m=8 hq=0.935 PASS | Dr=+0.318/+1.450 |Dr|max=1.450 Df=+0.230 | g r=0.074 f=0.085 p=0.459(0.004) max=1.204 | Ld=-0.0338 base=-0.0618 r1=0.014 path=0.00486 cap=0.000832 anchor=0.00836 | Lg=+0.8844 | clips=- | 22s
 1440 hold m=8 hq=0.956 PASS | Dr=+0.611/+1.796 |Dr|max=1.796 Df=+0.520 | g r=0.078 f=0.079 p=0.439(0.001) max=1.409 | Ld=-0.0107 base=-0.033 r1=0.0067 path=0.00951 cap=0.00268 anchor=0.00346 | Lg=+0.8480 | clips=- | 22s
 1450 hold m=8 hq=0.950 PASS | Dr=+0.606/+2.271 |Dr|max=2.271 Df=+0.505 | g r=0.082 f=0.097 p=0.496(0.006) max=1.409 | Ld=-0.0409 base=-0.0704 r1=0.00575 path=0.0168 cap=0.00327 anchor=0.0037 | Lg=+0.9317 | clips=- | 22s
 1460 hold m=8 hq=0.950 PASS | Dr=+0.624/+1.881 |Dr|max=1.881 Df=+0.534 | g r=0.072 f=0.078 p=0.454(0.002) max=1.367 | Ld=-0.0428 base=-0.0643 r1=0.00754 path=0.00778 cap=0.00106 anchor=0.00514 | Lg=+0.8953 | clips=- | 22s
 1470 hold m=8 hq=0.907 PASS | Dr=+0.124/+1.578 |Dr|max=1.587 Df=+0.028 | g r=0.135 f=0.163 p=0.517(0.003) max=1.369 | Ld=-0.0364 base=-0.0884 r1=0.0266 path=0.0127 cap=0.00115 anchor=0.0116 | Lg=+0.9208 | clips=- | 23s
 1480 hold m=8 hq=0.839 fail | Dr=+0.758/+2.289 |Dr|max=2.289 Df=+0.680 | g r=0.110 f=0.128 p=0.451(0.001) max=1.280 | Ld=-0.0377 base=-0.075 r1=0.0197 path=0.0102 cap=0.000302 anchor=0.0071 | Lg=+0.9207 | clips=- | 23s
 1490 hold m=8 hq=0.870 fail | Dr=+0.594/+1.668 |Dr|max=1.668 Df=+0.538 | g r=0.123 f=0.167 p=0.341(0.002) max=1.494 | Ld=+0.0188 base=-0.0704 r1=0.0145 path=0.0053 cap=0.0654 anchor=0.004 | Lg=+0.8099 | clips=- | 23s
 1500 hold m=8 hq=0.900 PASS | Dr=+0.548/+1.463 |Dr|max=1.463 Df=+0.477 | g r=0.076 f=0.088 p=0.412(0.006) max=1.257 | Ld=-0.0003 base=-0.0192 r1=0.00817 path=0.00505 cap=0.000663 anchor=0.00495 | Lg=+0.8360 | clips=- | 23s
 1510 hold m=8 hq=0.918 PASS | Dr=+0.413/+1.203 |Dr|max=1.203 Df=+0.361 | g r=0.081 f=0.100 p=0.338(0.005) max=1.292 | Ld=+0.0925 base=0.0108 r1=0.0303 path=0.0249 cap=0.0172 anchor=0.00936 | Lg=+0.7686 | clips=- | 23s
 1520 hold m=8 hq=0.712 fail | Dr=+0.329/+1.397 |Dr|max=1.397 Df=+0.243 | g r=0.107 f=0.193 p=0.474(0.003) max=1.451 | Ld=-0.0643 base=-0.105 r1=0.011 path=0.0178 cap=0.00743 anchor=0.00494 | Lg=+0.9132 | clips=- | 23s
 1530 hold m=8 hq=0.940 PASS | Dr=+0.499/+1.904 |Dr|max=1.904 Df=+0.419 | g r=0.076 f=0.085 p=0.510(0.002) max=1.388 | Ld=-0.0705 base=-0.0937 r1=0.00732 path=0.00291 cap=0.00887 anchor=0.00415 | Lg=+0.9857 | clips=- | 23s
 1540 hold m=8 hq=0.944 PASS | Dr=+0.583/+1.483 |Dr|max=1.483 Df=+0.516 | g r=0.059 f=0.071 p=0.378(0.001) max=1.212 | Ld=+0.0170 base=-0.00426 r1=0.00869 path=0.00678 cap=0.00125 anchor=0.00451 | Lg=+0.7880 | clips=- | 24s
 1550 hold m=6 hq=0.161 fail | Dr=+0.591/+1.219 |Dr|max=1.219 Df=+0.474 | g r=0.179 f=0.460 p=0.490(0.003) max=1.803 | Ld=+0.1951 base=-0.0825 r1=0.019 path=0.221 cap=0.0307 anchor=0.00658 | Lg=+0.8580 | clips=- | 24s
 1560 hold m=8 hq=0.786 fail | Dr=+0.687/+1.514 |Dr|max=1.514 Df=+0.623 | g r=0.082 f=0.174 p=0.384(0.001) max=1.126 | Ld=-0.0164 base=-0.0386 r1=0.0131 path=0.00317 cap=0.000701 anchor=0.00515 | Lg=+0.7927 | clips=- | 24s
 1570 hold m=7 hq=0.669 fail | Dr=+0.716/+1.604 |Dr|max=1.604 Df=+0.634 | g r=0.106 f=0.243 p=0.477(0.003) max=1.235 | Ld=-0.0149 base=-0.0514 r1=0.0138 path=0.0154 cap=0.00245 anchor=0.00484 | Lg=+0.8327 | clips=- | 24s
 1580 hold m=7 hq=0.483 fail | Dr=+0.615/+1.579 |Dr|max=1.579 Df=+0.431 | g r=0.088 f=0.320 p=0.453(0.004) max=1.271 | Ld=-0.0623 base=-0.0808 r1=0.00939 path=0.0045 cap=0.000366 anchor=0.00425 | Lg=+0.8673 | clips=- | 24s
 1590 hold m=6 hq=0.375 fail | Dr=+0.604/+1.894 |Dr|max=1.894 Df=+0.402 | g r=0.122 f=0.556 p=0.564(0.004) max=1.548 | Ld=-0.0638 base=-0.113 r1=0.031 path=0.00223 cap=0.00671 anchor=0.00955 | Lg=+0.9505 | clips=- | 24s
 1600 hold m=4 hq=0.238 fail | Dr=+0.857/+1.720 |Dr|max=1.720 Df=+0.646 | g r=0.129 f=0.442 p=0.485(0.007) max=1.513 | Ld=-0.0425 base=-0.113 r1=0.0284 path=0.0296 cap=0.00173 anchor=0.0111 | Lg=+0.8534 | clips=- | 25s
 1610 hold m=8 hq=0.604 fail | Dr=+0.730/+1.623 |Dr|max=1.623 Df=+0.633 | g r=0.085 f=0.295 p=0.438(0.004) max=1.215 | Ld=-0.0371 base=-0.0725 r1=0.0169 path=0.00158 cap=0.0108 anchor=0.00605 | Lg=+0.8189 | clips=- | 25s
 1620 hold m=8 hq=0.816 fail | Dr=+0.733/+2.052 |Dr|max=2.052 Df=+0.663 | g r=0.101 f=0.206 p=0.511(0.003) max=1.524 | Ld=-0.1448 base=-0.176 r1=0.0147 path=0.0031 cap=0.008 anchor=0.00559 | Lg=+0.9970 | clips=- | 25s
 1630 hold m=8 hq=0.952 PASS | Dr=+0.581/+1.957 |Dr|max=1.957 Df=+0.519 | g r=0.068 f=0.084 p=0.475(0.001) max=1.303 | Ld=-0.0489 base=-0.0623 r1=0.00654 path=0.00378 cap=0.000237 anchor=0.00291 | Lg=+0.9277 | clips=- | 25s
 1640 hold m=8 hq=0.947 PASS | Dr=+0.611/+2.257 |Dr|max=2.257 Df=+0.541 | g r=0.078 f=0.088 p=0.510(0.002) max=1.420 | Ld=-0.0779 base=-0.0946 r1=0.00763 path=0.00318 cap=0.00125 anchor=0.0046 | Lg=+0.9947 | clips=- | 25s
 1650 hold m=8 hq=0.938 PASS | Dr=+0.770/+1.639 |Dr|max=1.639 Df=+0.727 | g r=0.097 f=0.105 p=0.349(0.005) max=1.236 | Ld=+0.0205 base=-0.0189 r1=0.0219 path=0.00895 cap=7.46e-05 anchor=0.00855 | Lg=+0.7823 | clips=- | 25s
 1660 hold m=8 hq=0.921 PASS | Dr=+0.498/+2.157 |Dr|max=2.157 Df=+0.434 | g r=0.093 f=0.094 p=0.473(0.001) max=1.305 | Ld=-0.0337 base=-0.0484 r1=0.00761 path=0.00123 cap=0.00135 anchor=0.00451 | Lg=+0.9372 | clips=- | 25s
 1670 hold m=8 hq=0.967 PASS | Dr=+0.432/+1.562 |Dr|max=1.562 Df=+0.378 | g r=0.051 f=0.060 p=0.402(0.001) max=1.387 | Ld=-0.0198 base=-0.0312 r1=0.00413 path=0.0036 cap=3.45e-05 anchor=0.00364 | Lg=+0.8537 | clips=- | 26s
 1680 hold m=8 hq=0.945 PASS | Dr=+0.705/+1.639 |Dr|max=1.639 Df=+0.661 | g r=0.057 f=0.068 p=0.325(0.002) max=1.068 | Ld=+0.0163 base=-0.00819 r1=0.00984 path=0.00982 cap=0.000227 anchor=0.00459 | Lg=+0.7766 | clips=- | 26s
 1690 hold m=8 hq=0.898 fail | Dr=+0.579/+1.814 |Dr|max=1.814 Df=+0.528 | g r=0.085 f=0.098 p=0.357(0.007) max=1.052 | Ld=+0.0206 base=-0.0141 r1=0.0154 path=0.0092 cap=0.00473 anchor=0.0054 | Lg=+0.8134 | clips=- | 26s
 1700 hold m=8 hq=0.967 PASS | Dr=+0.470/+1.968 |Dr|max=1.968 Df=+0.409 | g r=0.055 f=0.062 p=0.424(0.002) max=1.270 | Ld=-0.0422 base=-0.0663 r1=0.0105 path=0.00947 cap=7.7e-05 anchor=0.00402 | Lg=+0.9409 | clips=- | 26s
 1710 hold m=8 hq=0.754 fail | Dr=+0.383/+1.722 |Dr|max=1.722 Df=+0.334 | g r=0.113 f=0.130 p=0.416(0.001) max=1.209 | Ld=-0.0210 base=-0.043 r1=0.00725 path=0.00308 cap=0.00689 anchor=0.00478 | Lg=+0.9001 | clips=- | 26s
 1720 hold m=8 hq=0.959 PASS | Dr=+0.441/+1.716 |Dr|max=1.716 Df=+0.388 | g r=0.056 f=0.054 p=0.372(0.002) max=1.270 | Ld=-0.0075 base=-0.0286 r1=0.00846 path=0.00754 cap=0.000346 anchor=0.0048 | Lg=+0.8499 | clips=- | 26s
 1730 hold m=8 hq=0.969 PASS | Dr=+0.531/+1.496 |Dr|max=1.496 Df=+0.487 | g r=0.039 f=0.039 p=0.317(0.001) max=1.163 | Ld=+0.0034 base=-0.00824 r1=0.00241 path=0.00601 cap=8.42e-06 anchor=0.00318 | Lg=+0.8089 | clips=- | 27s
 1740 hold m=7 hq=0.660 fail | Dr=+0.548/+1.611 |Dr|max=1.611 Df=+0.484 | g r=0.062 f=0.151 p=0.316(0.004) max=1.282 | Ld=-0.0025 base=-0.034 r1=0.009 path=0.0168 cap=0.000414 anchor=0.00537 | Lg=+0.8047 | clips=- | 27s
 1750 hold m=8 hq=0.779 fail | Dr=+0.617/+1.192 |Dr|max=1.192 Df=+0.575 | g r=0.053 f=0.149 p=0.296(0.001) max=1.496 | Ld=+0.0035 base=-0.00876 r1=0.00609 path=0.00308 cap=0.000167 anchor=0.00292 | Lg=+0.7365 | clips=- | 27s
 1760 hold m=8 hq=0.642 fail | Dr=+0.521/+1.528 |Dr|max=1.528 Df=+0.445 | g r=0.072 f=0.206 p=0.368(0.001) max=1.390 | Ld=-0.0354 base=-0.0536 r1=0.0107 path=0.00359 cap=6.47e-05 anchor=0.00383 | Lg=+0.8014 | clips=- | 27s
 1770 hold m=8 hq=0.857 fail | Dr=+0.516/+1.720 |Dr|max=1.720 Df=+0.458 | g r=0.071 f=0.141 p=0.429(0.001) max=1.283 | Ld=-0.0346 base=-0.0482 r1=0.00769 path=0.000551 cap=0.00112 anchor=0.00423 | Lg=+0.8673 | clips=- | 27s
 1780 hold m=8 hq=0.967 PASS | Dr=+0.485/+1.783 |Dr|max=1.783 Df=+0.433 | g r=0.060 f=0.066 p=0.401(0.002) max=1.186 | Ld=-0.0247 base=-0.0393 r1=0.00377 path=0.00629 cap=0.000262 anchor=0.00422 | Lg=+0.8639 | clips=- | 27s
 1790 hold m=8 hq=0.958 PASS | Dr=+0.719/+1.845 |Dr|max=1.845 Df=+0.672 | g r=0.099 f=0.105 p=0.391(0.004) max=1.086 | Ld=+0.0115 base=-0.0218 r1=0.0146 path=0.00716 cap=0.00749 anchor=0.00405 | Lg=+0.8477 | clips=- | 28s
 1800 hold m=8 hq=0.932 PASS | Dr=+0.588/+1.698 |Dr|max=1.698 Df=+0.540 | g r=0.081 f=0.074 p=0.407(0.001) max=1.261 | Ld=+0.0052 base=-0.0058 r1=0.00552 path=0.00218 cap=0.000115 anchor=0.00322 | Lg=+0.8538 | clips=- | 28s
 1810 hold m=8 hq=0.972 PASS | Dr=+0.520/+2.131 |Dr|max=2.131 Df=+0.457 | g r=0.048 f=0.044 p=0.447(0.001) max=1.285 | Ld=-0.0475 base=-0.0586 r1=0.00319 path=0.00401 cap=0.000123 anchor=0.00376 | Lg=+0.9152 | clips=- | 28s
 1820 hold m=8 hq=0.900 fail | Dr=+0.801/+1.649 |Dr|max=1.649 Df=+0.763 | g r=0.058 f=0.087 p=0.298(0.001) max=1.376 | Ld=-0.0049 base=-0.0243 r1=0.00727 path=0.00868 cap=2.06e-06 anchor=0.00348 | Lg=+0.7738 | clips=- | 28s
 1830 hold m=8 hq=0.969 PASS | Dr=+0.485/+2.105 |Dr|max=2.105 Df=+0.423 | g r=0.058 f=0.052 p=0.422(0.003) max=1.235 | Ld=-0.0383 base=-0.0574 r1=0.00788 path=0.00727 cap=0.00123 anchor=0.00272 | Lg=+0.8786 | clips=- | 28s
 1840 hold m=8 hq=0.981 PASS | Dr=+0.434/+1.711 |Dr|max=1.711 Df=+0.390 | g r=0.079 f=0.077 p=0.317(0.000) max=1.038 | Ld=+0.0237 base=-0.00206 r1=0.00614 path=0.00801 cap=0.00753 anchor=0.0041 | Lg=+0.7948 | clips=- | 28s
 1850 hold m=8 hq=0.983 PASS | Dr=+0.759/+2.042 |Dr|max=2.042 Df=+0.703 | g r=0.054 f=0.056 p=0.463(0.001) max=1.354 | Ld=-0.0401 base=-0.0473 r1=0.0031 path=0.00105 cap=0.00056 anchor=0.00248 | Lg=+0.9289 | clips=- | 29s
 1860 hold m=8 hq=0.977 PASS | Dr=+0.485/+1.557 |Dr|max=1.557 Df=+0.444 | g r=0.050 f=0.045 p=0.336(0.002) max=1.072 | Ld=+0.0132 base=0.000206 r1=0.00585 path=0.00295 cap=0.000246 anchor=0.00395 | Lg=+0.8413 | clips=- | 29s
 1870 hold m=8 hq=0.979 PASS | Dr=+0.374/+1.487 |Dr|max=1.487 Df=+0.328 | g r=0.047 f=0.049 p=0.333(0.001) max=0.956 | Ld=-0.0274 base=-0.037 r1=0.00354 path=0.00301 anchor=0.00307 | Lg=+0.8237 | clips=- | 29s
 1880 hold m=8 hq=0.718 fail | Dr=+0.345/+2.334 |Dr|max=2.334 Df=+0.292 | g r=0.116 f=0.121 p=0.517(0.003) max=1.535 | Ld=-0.0749 base=-0.0897 r1=0.00459 path=0.00335 cap=0.00232 anchor=0.00445 | Lg=+1.0132 | clips=- | 29s
 1890 hold m=8 hq=0.847 fail | Dr=+0.565/+1.613 |Dr|max=1.613 Df=+0.535 | g r=0.114 f=0.146 p=0.295(0.000) max=0.797 | Ld=+0.0811 base=0.0209 r1=0.0283 path=0.0148 cap=0.00714 anchor=0.00996 | Lg=+0.7727 | clips=- | 29s
 1900 hold m=8 hq=0.975 PASS | Dr=+0.387/+1.928 |Dr|max=1.928 Df=+0.334 | g r=0.041 f=0.044 p=0.442(0.001) max=1.213 | Ld=-0.0367 base=-0.0448 r1=0.0019 path=0.00396 cap=1.02e-05 anchor=0.00228 | Lg=+0.9248 | clips=- | 29s
 1910 hold m=8 hq=0.969 PASS | Dr=+0.515/+1.772 |Dr|max=1.772 Df=+0.470 | g r=0.042 f=0.040 p=0.360(0.000) max=1.116 | Ld=-0.0153 base=-0.0267 r1=0.00369 path=0.0034 cap=0.000226 anchor=0.00407 | Lg=+0.8441 | clips=- | 29s
 1920 hold m=8 hq=0.974 PASS | Dr=+0.170/+2.215 |Dr|max=2.215 Df=+0.114 | g r=0.088 f=0.095 p=0.489(0.003) max=1.512 | Ld=-0.0413 base=-0.0488 r1=0.00271 path=0.00129 cap=0.000575 anchor=0.00293 | Lg=+1.0027 | clips=- | 30s
 1930 hold m=8 hq=0.968 PASS | Dr=+0.387/+1.727 |Dr|max=1.727 Df=+0.340 | g r=0.066 f=0.068 p=0.469(0.003) max=1.314 | Ld=-0.0203 base=-0.0372 r1=0.00335 path=0.0106 cap=7.69e-05 anchor=0.00284 | Lg=+0.9351 | clips=- | 30s
 1940 hold m=8 hq=0.972 PASS | Dr=-0.080/+1.216 |Dr|max=1.216 Df=-0.118 | g r=0.043 f=0.048 p=0.332(0.002) max=1.191 | Ld=-0.0158 base=-0.0293 r1=0.00323 path=0.00693 cap=8.37e-06 anchor=0.00329 | Lg=+0.8254 | clips=- | 30s
 1950 hold m=8 hq=0.978 PASS | Dr=+0.355/+1.642 |Dr|max=1.642 Df=+0.311 | g r=0.036 f=0.034 p=0.366(0.001) max=1.185 | Ld=+0.0057 base=-0.00648 r1=0.0033 path=0.0054 cap=0.000734 anchor=0.00274 | Lg=+0.8394 | clips=- | 30s
 1960 hold m=8 hq=0.969 PASS | Dr=+0.743/+1.464 |Dr|max=1.464 Df=+0.710 | g r=0.040 f=0.049 p=0.305(0.001) max=1.122 | Ld=+0.0144 base=0.00551 r1=0.00374 path=0.00127 cap=0.000122 anchor=0.00374 | Lg=+0.7569 | clips=- | 30s
 1970 hold m=8 hq=0.976 PASS | Dr=+0.469/+1.333 |Dr|max=1.333 Df=+0.433 | g r=0.034 f=0.035 p=0.303(0.001) max=1.011 | Ld=+0.0070 base=-0.0022 r1=0.00344 path=0.00281 cap=0.000352 anchor=0.00263 | Lg=+0.7484 | clips=- | 30s
 1980 hold m=8 hq=0.750 fail | Dr=+0.291/+1.705 |Dr|max=1.705 Df=+0.267 | g r=0.084 f=0.103 p=0.408(0.000) max=1.296 | Ld=-0.0216 base=-0.0313 r1=0.00413 path=0.00174 cap=5.56e-05 anchor=0.00373 | Lg=+0.8711 | clips=- | 31s
 1990 hold m=8 hq=0.982 PASS | Dr=+0.535/+1.562 |Dr|max=1.562 Df=+0.501 | g r=0.041 f=0.038 p=0.316(0.000) max=1.070 | Ld=+0.0010 base=-0.0085 r1=0.00274 path=0.0046 cap=1.34e-05 anchor=0.00215 | Lg=+0.7835 | clips=- | 31s
 2000 hold m=8 hq=0.708 fail | Dr=+0.369/+1.163 |Dr|max=1.163 Df=+0.343 | g r=0.106 f=0.113 p=0.311(0.004) max=0.987 | Ld=+0.0046 base=-0.0347 r1=0.00745 path=0.0211 cap=0.00694 anchor=0.00383 | Lg=+0.7729 | clips=- | 31s
 2010 hold m=8 hq=0.974 PASS | Dr=+0.384/+1.381 |Dr|max=1.381 Df=+0.350 | g r=0.029 f=0.026 p=0.338(0.001) max=1.039 | Ld=-0.0329 base=-0.0447 r1=0.00668 path=0.00323 anchor=0.0019 | Lg=+0.8253 | clips=- | 31s
 2020 hold m=8 hq=0.941 PASS | Dr=+0.484/+1.518 |Dr|max=1.518 Df=+0.444 | g r=0.046 f=0.058 p=0.363(0.001) max=1.231 | Ld=-0.0013 base=-0.00983 r1=0.00261 path=0.00288 cap=3.5e-05 anchor=0.00304 | Lg=+0.8241 | clips=- | 31s
 2030 hold m=8 hq=0.975 PASS | Dr=+0.440/+1.498 |Dr|max=1.498 Df=+0.407 | g r=0.039 f=0.039 p=0.287(0.002) max=0.950 | Ld=+0.0301 base=0.0158 r1=0.00479 path=0.00604 cap=0.000201 anchor=0.00325 | Lg=+0.7758 | clips=- | 31s
 2040 hold m=8 hq=0.893 fail | Dr=-0.025/+1.209 |Dr|max=1.668 Df=-0.065 | g r=0.103 f=0.103 p=0.407(0.004) max=1.136 | Ld=+0.0016 base=-0.024 r1=0.0152 path=0.00185 cap=0.00267 anchor=0.00587 | Lg=+0.8662 | clips=- | 32s
 2050 hold m=8 hq=0.449 fail | Dr=+0.540/+1.185 |Dr|max=1.185 Df=+0.501 | g r=0.059 f=0.125 p=0.252(0.001) max=1.577 | Ld=+0.2897 base=-0.112 r1=0.0409 path=0.0672 cap=0.283 anchor=0.0107 | Lg=+0.7606 | clips=- | 32s
 2060 hold m=8 hq=0.972 PASS | Dr=+0.535/+1.554 |Dr|max=1.554 Df=+0.504 | g r=0.029 f=0.031 p=0.289(0.001) max=1.153 | Ld=-0.0080 base=-0.0202 r1=0.00224 path=0.0068 cap=0.000924 anchor=0.0023 | Lg=+0.7703 | clips=- | 32s
 2070 hold m=8 hq=0.982 PASS | Dr=+0.464/+1.665 |Dr|max=1.665 Df=+0.429 | g r=0.037 f=0.037 p=0.329(0.001) max=1.157 | Ld=-0.0001 base=-0.00781 r1=0.00281 path=0.00138 cap=0.00108 anchor=0.00244 | Lg=+0.7823 | clips=- | 32s
 2080 hold m=8 hq=0.945 PASS | Dr=+0.752/+1.618 |Dr|max=1.618 Df=+0.715 | g r=0.048 f=0.049 p=0.387(0.001) max=1.178 | Ld=-0.0258 base=-0.0343 r1=0.00261 path=0.00322 cap=8.8e-05 anchor=0.00253 | Lg=+0.7913 | clips=- | 32s
 2090 hold m=8 hq=0.935 PASS | Dr=+0.524/+1.095 |Dr|max=1.095 Df=+0.498 | g r=0.069 f=0.067 p=0.307(0.001) max=0.968 | Ld=+0.0498 base=0.0273 r1=0.00479 path=0.0132 cap=0.00206 anchor=0.00248 | Lg=+0.7460 | clips=- | 32s
 2100 hold m=8 hq=0.987 PASS | Dr=+0.477/+1.729 |Dr|max=1.729 Df=+0.437 | g r=0.047 f=0.049 p=0.343(0.001) max=1.261 | Ld=-0.0275 base=-0.0356 r1=0.00448 path=0.000825 cap=9.2e-07 anchor=0.00275 | Lg=+0.8025 | clips=- | 32s
 2110 hold m=8 hq=0.972 PASS | Dr=+0.508/+1.497 |Dr|max=1.497 Df=+0.476 | g r=0.063 f=0.059 p=0.308(0.001) max=0.880 | Ld=+0.0041 base=-0.0041 r1=0.00336 path=0.00127 cap=0.000108 anchor=0.00343 | Lg=+0.7654 | clips=- | 33s
 2120 hold m=8 hq=0.843 fail | Dr=+0.353/+1.631 |Dr|max=1.631 Df=+0.320 | g r=0.103 f=0.103 p=0.334(0.003) max=1.181 | Ld=-0.0114 base=-0.0356 r1=0.00866 path=0.0079 cap=0.00387 anchor=0.00384 | Lg=+0.8128 | clips=- | 33s
 2130 hold m=8 hq=0.988 PASS | Dr=+0.421/+1.628 |Dr|max=1.628 Df=+0.384 | g r=0.023 f=0.022 p=0.318(0.001) max=1.084 | Ld=+0.0045 base=-0.00259 r1=0.00136 path=0.00358 cap=3.52e-05 anchor=0.00215 | Lg=+0.7745 | clips=- | 33s
 2140 hold m=8 hq=0.986 PASS | Dr=+0.578/+1.353 |Dr|max=1.353 Df=+0.555 | g r=0.046 f=0.045 p=0.213(0.001) max=0.912 | Ld=+0.0194 base=-0.000628 r1=0.0118 path=0.00228 anchor=0.00594 | Lg=+0.7436 | clips=- | 33s
 2150 hold m=8 hq=0.983 PASS | Dr=+0.452/+1.831 |Dr|max=1.831 Df=+0.414 | g r=0.071 f=0.068 p=0.342(0.003) max=1.234 | Ld=+0.0055 base=-0.00822 r1=0.00693 path=0.00281 cap=1.76e-05 anchor=0.00398 | Lg=+0.8174 | clips=- | 33s
 2160 hold m=8 hq=0.985 PASS | Dr=+0.467/+1.932 |Dr|max=1.932 Df=+0.421 | g r=0.047 f=0.041 p=0.381(0.004) max=1.156 | Ld=-0.0176 base=-0.0253 r1=0.00122 path=0.00274 cap=0.00162 anchor=0.00216 | Lg=+0.8233 | clips=- | 33s
 2170 hold m=8 hq=0.900 PASS | Dr=+0.273/+1.680 |Dr|max=1.680 Df=+0.238 | g r=0.072 f=0.082 p=0.392(0.005) max=1.285 | Ld=-0.0205 base=-0.0266 r1=0.00246 path=0.00107 cap=0.000328 anchor=0.0022 | Lg=+0.8911 | clips=- | 34s
 2180 hold m=8 hq=0.966 PASS | Dr=+0.431/+1.543 |Dr|max=1.543 Df=+0.394 | g r=0.041 f=0.042 p=0.336(0.000) max=1.123 | Ld=-0.0088 base=-0.0184 r1=0.0038 path=0.00353 cap=2.27e-05 anchor=0.00222 | Lg=+0.7796 | clips=- | 34s
 2190 hold m=8 hq=0.956 PASS | Dr=+0.514/+1.514 |Dr|max=1.514 Df=+0.483 | g r=0.084 f=0.083 p=0.292(0.002) max=1.009 | Ld=+0.0644 base=0.000614 r1=0.02 path=0.0106 cap=0.0271 anchor=0.00613 | Lg=+0.7763 | clips=- | 34s
 2200 hold m=8 hq=0.902 PASS | Dr=+0.242/+1.984 |Dr|max=1.984 Df=+0.201 | g r=0.101 f=0.103 p=0.428(0.003) max=1.363 | Ld=-0.0530 base=-0.0702 r1=0.00422 path=0.00627 cap=0.00446 anchor=0.00226 | Lg=+0.9281 | clips=- | 34s
 2210 hold m=8 hq=0.981 PASS | Dr=+0.191/+1.609 |Dr|max=1.609 Df=+0.155 | g r=0.068 f=0.063 p=0.391(0.001) max=1.183 | Ld=+0.0050 base=-0.0067 r1=0.00384 path=0.00519 cap=0.000385 anchor=0.00225 | Lg=+0.8751 | clips=- | 34s
 2220 hold m=8 hq=0.969 PASS | Dr=+0.457/+1.945 |Dr|max=1.945 Df=+0.419 | g r=0.032 f=0.038 p=0.377(0.001) max=1.182 | Ld=-0.0306 base=-0.0365 r1=0.00165 path=0.00235 cap=6.24e-07 anchor=0.00186 | Lg=+0.8861 | clips=- | 34s
 2230 hold m=8 hq=0.981 PASS | Dr=+0.628/+1.564 |Dr|max=1.564 Df=+0.605 | g r=0.038 f=0.039 p=0.274(0.001) max=1.144 | Ld=+0.0070 base=-0.00651 r1=0.00727 path=0.00303 cap=0.00016 anchor=0.00309 | Lg=+0.7828 | clips=- | 35s
 2240 hold m=8 hq=0.967 PASS | Dr=+0.415/+1.517 |Dr|max=1.517 Df=+0.385 | g r=0.058 f=0.058 p=0.381(0.002) max=1.216 | Ld=-0.0192 base=-0.0272 r1=0.00295 path=0.00223 cap=0.000679 anchor=0.00223 | Lg=+0.8779 | clips=- | 35s
 2250 hold m=8 hq=0.984 PASS | Dr=+0.377/+1.051 |Dr|max=1.051 Df=+0.359 | g r=0.017 f=0.018 p=0.218(0.001) max=0.839 | Ld=+0.0235 base=0.0147 r1=0.00128 path=0.00533 anchor=0.00213 | Lg=+0.7469 | clips=- | 35s
 2260 hold m=8 hq=0.958 PASS | Dr=+0.474/+1.619 |Dr|max=1.619 Df=+0.448 | g r=0.052 f=0.047 p=0.286(0.002) max=1.063 | Ld=-0.0044 base=-0.0184 r1=0.00719 path=0.00281 cap=0.000543 anchor=0.00343 | Lg=+0.7990 | clips=- | 35s
 2270 hold m=8 hq=0.979 PASS | Dr=+0.342/+1.652 |Dr|max=1.652 Df=+0.321 | g r=0.065 f=0.063 p=0.295(0.003) max=1.046 | Ld=-0.0043 base=-0.0148 r1=0.00522 path=0.00184 cap=0.00109 anchor=0.00242 | Lg=+0.8234 | clips=- | 35s
 2280 hold m=8 hq=0.986 PASS | Dr=+0.332/+1.853 |Dr|max=1.853 Df=+0.301 | g r=0.031 f=0.029 p=0.309(0.000) max=1.223 | Ld=-0.0266 base=-0.0317 r1=0.00122 path=0.00239 anchor=0.00148 | Lg=+0.8178 | clips=- | 35s
 2290 hold m=8 hq=0.965 PASS | Dr=+0.544/+2.072 |Dr|max=2.072 Df=+0.517 | g r=0.104 f=0.100 p=0.345(0.002) max=1.128 | Ld=-0.0199 base=-0.038 r1=0.00849 path=0.0027 cap=0.00253 anchor=0.00437 | Lg=+0.8734 | clips=- | 35s
 2300 hold m=8 hq=0.982 PASS | Dr=+0.384/+1.858 |Dr|max=1.858 Df=+0.356 | g r=0.036 f=0.033 p=0.323(0.002) max=1.170 | Ld=-0.0031 base=-0.00841 r1=0.000984 path=0.00249 cap=0.000212 anchor=0.00166 | Lg=+0.8371 | clips=- | 36s
 2310 hold m=8 hq=0.985 PASS | Dr=+0.383/+1.574 |Dr|max=1.574 Df=+0.358 | g r=0.027 f=0.026 p=0.268(0.001) max=1.208 | Ld=+0.0085 base=0.00115 r1=0.00274 path=0.00282 anchor=0.00179 | Lg=+0.7915 | clips=- | 36s
 2320 hold m=8 hq=0.909 PASS | Dr=+0.388/+1.567 |Dr|max=1.567 Df=+0.370 | g r=0.080 f=0.070 p=0.281(0.002) max=1.078 | Ld=+0.0214 base=0.0107 r1=0.0061 path=0.00195 cap=1.62e-05 anchor=0.00263 | Lg=+0.7730 | clips=- | 36s
 2330 hold m=8 hq=0.990 PASS | Dr=+0.235/+1.004 |Dr|max=1.004 Df=+0.218 | g r=0.022 f=0.021 p=0.208(0.001) max=0.913 | Ld=+0.0336 base=0.0254 r1=0.00108 path=0.00535 anchor=0.0018 | Lg=+0.7343 | clips=- | 36s
 2340 hold m=8 hq=0.985 PASS | Dr=+0.275/+1.410 |Dr|max=1.410 Df=+0.250 | g r=0.028 f=0.028 p=0.284(0.000) max=0.991 | Ld=-0.0058 base=-0.0114 r1=0.000811 path=0.00352 anchor=0.00125 | Lg=+0.7940 | clips=- | 36s
 2350 hold m=8 hq=0.962 PASS | Dr=+0.110/+1.374 |Dr|max=1.374 Df=+0.083 | g r=0.066 f=0.064 p=0.320(0.002) max=1.239 | Ld=-0.0354 base=-0.0567 r1=0.00492 path=0.00378 cap=0.0102 anchor=0.00236 | Lg=+0.8365 | clips=- | 36s
 2360 hold m=8 hq=0.984 PASS | Dr=+0.185/+1.725 |Dr|max=1.725 Df=+0.157 | g r=0.033 f=0.029 p=0.303(0.000) max=1.217 | Ld=-0.0090 base=-0.0127 r1=0.000519 path=0.00188 cap=0.000124 anchor=0.00119 | Lg=+0.8105 | clips=- | 37s
 2370 hold m=8 hq=0.990 PASS | Dr=+0.161/+1.088 |Dr|max=1.088 Df=+0.144 | g r=0.033 f=0.031 p=0.193(0.001) max=0.757 | Ld=-0.0032 base=-0.0097 r1=0.0024 path=0.00244 cap=2.26e-05 anchor=0.00164 | Lg=+0.7669 | clips=- | 37s
 2380 hold m=8 hq=0.985 PASS | Dr=+0.335/+1.401 |Dr|max=1.401 Df=+0.320 | g r=0.028 f=0.026 p=0.249(0.001) max=1.016 | Ld=+0.0002 base=-0.00474 r1=0.00105 path=0.00237 cap=1.03e-05 anchor=0.00148 | Lg=+0.7841 | clips=- | 37s
 2390 hold m=8 hq=0.989 PASS | Dr=+0.354/+1.288 |Dr|max=1.288 Df=+0.337 | g r=0.023 f=0.020 p=0.208(0.001) max=0.938 | Ld=+0.0145 base=0.00845 r1=0.000737 path=0.00409 anchor=0.00118 | Lg=+0.7525 | clips=- | 37s
 2400 hold m=8 hq=0.927 PASS | Dr=+0.732/+1.594 |Dr|max=1.594 Df=+0.730 | g r=0.069 f=0.085 p=0.307(0.002) max=1.273 | Ld=+0.0005 base=-0.00415 r1=0.00115 path=0.00201 anchor=0.00146 | Lg=+0.7556 | clips=- | 37s
# shift (1,0) after 2400; frozen copy on new target: m=0 hq=0.000
 2410 post m=3 hq=0.027 fail | Dr=-0.237/+0.300 |Dr|max=1.004 Df=-0.413 | g r=0.173 f=0.606 p=0.549(0.005) max=1.861 | Ld=+0.3220 base=-0.183 r1=0.043 path=0.416 cap=0.0179 anchor=0.0282 | Lg=+0.8384 | clips=- | 37s
 2420 post m=4 hq=0.021 fail | Dr=+0.191/+0.520 |Dr|max=0.520 Df=+0.026 | g r=0.201 f=0.519 p=0.469(0.014) max=1.316 | Ld=+0.2226 base=-0.327 r1=0.0502 path=0.418 cap=0.0523 anchor=0.0287 | Lg=+0.8872 | clips=- | 38s
 2430 post m=1 hq=0.005 fail | Dr=-1.200/-0.578 |Dr|max=1.912 Df=-1.399 | g r=0.460 f=0.868 p=0.824(0.010) max=2.307 | Ld=+2.7685 base=-0.326 r1=0.237 path=2.68 cap=0.0712 anchor=0.102 | Lg=+1.0549 | clips=- | 38s
 2440 post m=2 hq=0.049 fail | Dr=-0.194/-0.047 |Dr|max=0.448 Df=-0.681 | g r=0.238 f=0.592 p=0.549(0.000) max=1.596 | Ld=-0.1459 base=-0.48 r1=0.0868 path=0.103 cap=0.115 anchor=0.0284 | Lg=+1.0095 | clips=- | 38s
 2450 post m=2 hq=0.010 fail | Dr=-0.375/+0.345 |Dr|max=1.544 Df=-1.047 | g r=0.258 f=0.533 p=0.668(0.016) max=2.021 | Ld=-0.6272 base=-0.854 r1=0.0908 path=0.0834 cap=0.0223 anchor=0.0305 | Lg=+1.4376 | clips=- | 38s
 2460 post m=3 hq=0.088 fail | Dr=-0.563/+0.001 |Dr|max=1.090 Df=-0.836 | g r=0.180 f=0.555 p=0.510(0.020) max=1.450 | Ld=+0.0854 base=-0.223 r1=0.128 path=0.152 cap=0.00729 anchor=0.021 | Lg=+0.9647 | clips=- | 38s
 2470 post m=4 hq=0.061 fail | Dr=-1.119/-0.655 |Dr|max=1.538 Df=-1.335 | g r=0.310 f=0.552 p=0.527(0.013) max=1.600 | Ld=+0.5915 base=-0.279 r1=0.13 path=0.22 cap=0.484 anchor=0.0361 | Lg=+0.8502 | clips=- | 38s
 2480 post m=6 hq=0.262 fail | Dr=-1.639/-1.250 |Dr|max=1.953 Df=-1.898 | g r=0.224 f=0.531 p=0.525(0.008) max=1.359 | Ld=+0.2471 base=-0.235 r1=0.114 path=0.242 cap=0.0835 anchor=0.0426 | Lg=+0.8732 | clips=- | 38s
 2490 post m=5 hq=0.055 fail | Dr=-1.341/-0.813 |Dr|max=1.888 Df=-1.826 | g r=0.158 f=0.610 p=0.589(0.002) max=1.530 | Ld=-0.2118 base=-0.335 r1=0.0491 path=0.0488 cap=0.00887 anchor=0.0161 | Lg=+0.9465 | clips=- | 39s
 2500 post m=7 hq=0.088 fail | Dr=-1.307/-0.689 |Dr|max=2.106 Df=-1.720 | g r=0.155 f=0.726 p=0.559(0.004) max=1.479 | Ld=-0.2668 base=-0.391 r1=0.0423 path=0.0189 cap=0.0401 anchor=0.0228 | Lg=+0.9747 | clips=- | 39s
 2510 post m=4 hq=0.239 fail | Dr=-1.728/-1.507 |Dr|max=2.047 Df=-2.050 | g r=0.190 f=0.637 p=0.560(0.013) max=1.470 | Ld=-0.2076 base=-0.354 r1=0.0436 path=0.0603 cap=0.0197 anchor=0.023 | Lg=+0.9612 | clips=- | 39s
 2520 post m=7 hq=0.303 fail | Dr=-1.266/-0.684 |Dr|max=2.105 Df=-1.559 | g r=0.197 f=0.601 p=0.581(0.006) max=1.446 | Ld=-0.2393 base=-0.378 r1=0.0661 path=0.0269 cap=0.0125 anchor=0.0333 | Lg=+1.0215 | clips=- | 39s
 2530 post m=4 hq=0.049 fail | Dr=-1.729/-0.962 |Dr|max=2.930 Df=-2.256 | g r=0.297 f=0.692 p=0.677(0.017) max=1.674 | Ld=-0.2385 base=-0.428 r1=0.0555 path=0.0906 cap=0.0244 anchor=0.019 | Lg=+1.0748 | clips=- | 39s
 2540 post m=7 hq=0.184 fail | Dr=-1.289/-0.238 |Dr|max=2.542 Df=-1.636 | g r=0.201 f=0.444 p=0.531(0.005) max=1.444 | Ld=-0.1588 base=-0.309 r1=0.0591 path=0.0163 cap=0.0538 anchor=0.0214 | Lg=+1.0384 | clips=- | 39s
 2550 post m=8 hq=0.143 fail | Dr=-1.525/-0.473 |Dr|max=3.127 Df=-1.961 | g r=0.246 f=0.677 p=0.652(0.012) max=1.975 | Ld=-0.3580 base=-0.514 r1=0.0716 path=0.033 cap=0.0255 anchor=0.0258 | Lg=+1.2025 | clips=- | 40s
 2560 post m=7 hq=0.045 fail | Dr=-0.851/+0.118 |Dr|max=2.316 Df=-1.217 | g r=0.252 f=0.516 p=0.572(0.006) max=1.633 | Ld=-0.1957 base=-0.298 r1=0.0414 path=0.00581 cap=0.0423 anchor=0.0131 | Lg=+1.0174 | clips=- | 40s
 2570 post m=6 hq=0.473 fail | Dr=-0.696/+0.119 |Dr|max=2.021 Df=-0.894 | g r=0.124 f=0.314 p=0.452(0.005) max=1.160 | Ld=-0.0739 base=-0.193 r1=0.0643 path=0.0232 cap=0.00617 anchor=0.0254 | Lg=+0.9409 | clips=- | 40s
 2580 post m=8 hq=0.221 fail | Dr=-0.921/+0.059 |Dr|max=2.523 Df=-1.167 | g r=0.204 f=0.478 p=0.528(0.006) max=1.426 | Ld=-0.1820 base=-0.265 r1=0.0365 path=0.0062 cap=0.0205 anchor=0.0192 | Lg=+0.9984 | clips=- | 40s
 2590 post m=8 hq=0.571 fail | Dr=-0.707/+0.097 |Dr|max=1.843 Df=-0.909 | g r=0.191 f=0.352 p=0.469(0.017) max=1.304 | Ld=-0.2341 base=-0.431 r1=0.0994 path=0.0155 cap=0.0558 anchor=0.026 | Lg=+0.9924 | clips=- | 40s
 2600 post m=6 hq=0.104 fail | Dr=-0.943/-0.406 |Dr|max=1.666 Df=-1.372 | g r=0.374 f=0.789 p=0.731(0.008) max=2.131 | Ld=-0.0609 base=-0.474 r1=0.0997 path=0.245 cap=0.0277 anchor=0.0407 | Lg=+1.1620 | clips=- | 40s
 2610 post m=6 hq=0.291 fail | Dr=-0.478/+0.338 |Dr|max=1.767 Df=-0.798 | g r=0.158 f=0.605 p=0.524(0.006) max=1.356 | Ld=-0.0994 base=-0.258 r1=0.068 path=0.0476 cap=0.0139 anchor=0.0293 | Lg=+0.9664 | clips=- | 41s
 2620 post m=3 hq=0.216 fail | Dr=-0.371/+0.462 |Dr|max=1.750 Df=-0.668 | g r=0.233 f=0.523 p=0.550(0.010) max=1.550 | Ld=+0.0347 base=-0.235 r1=0.0701 path=0.0659 cap=0.12 anchor=0.0141 | Lg=+0.9741 | clips=- | 41s
 2630 post m=6 hq=0.537 fail | Dr=-0.635/+0.773 |Dr|max=2.552 Df=-0.955 | g r=0.158 f=0.512 p=0.593(0.006) max=1.510 | Ld=-0.2236 base=-0.296 r1=0.0313 path=0.0142 cap=0.0131 anchor=0.0136 | Lg=+1.1068 | clips=- | 41s
 2640 post m=7 hq=0.235 fail | Dr=-0.470/+0.452 |Dr|max=1.647 Df=-0.651 | g r=0.252 f=0.577 p=0.579(0.019) max=1.616 | Ld=-0.0306 base=-0.399 r1=0.0542 path=0.219 cap=0.0677 anchor=0.0266 | Lg=+1.0282 | clips=- | 41s
 2650 post m=6 hq=0.509 fail | Dr=-0.436/+0.748 |Dr|max=2.284 Df=-0.756 | g r=0.139 f=0.468 p=0.569(0.001) max=1.494 | Ld=-0.1358 base=-0.241 r1=0.0503 path=0.0361 cap=0.00433 anchor=0.0142 | Lg=+1.0592 | clips=- | 41s
 2660 post m=7 hq=0.298 fail | Dr=-0.423/+0.936 |Dr|max=1.868 Df=-0.685 | g r=0.194 f=0.418 p=0.507(0.014) max=1.383 | Ld=-0.1607 base=-0.281 r1=0.0612 path=0.029 cap=0.0206 anchor=0.00933 | Lg=+1.0258 | clips=- | 41s
 2670 post m=7 hq=0.489 fail | Dr=-0.323/+1.516 |Dr|max=2.580 Df=-0.621 | g r=0.194 f=0.480 p=0.629(0.005) max=1.614 | Ld=-0.2093 base=-0.294 r1=0.0352 path=0.0268 cap=0.00908 anchor=0.0135 | Lg=+1.2163 | clips=- | 41s
 2680 post m=7 hq=0.443 fail | Dr=-0.458/+1.166 |Dr|max=2.638 Df=-0.741 | g r=0.186 f=0.483 p=0.602(0.003) max=1.556 | Ld=-0.2246 base=-0.323 r1=0.0364 path=0.0294 cap=0.024 anchor=0.00835 | Lg=+1.1912 | clips=- | 42s
 2690 post m=7 hq=0.399 fail | Dr=-0.367/+0.336 |Dr|max=1.540 Df=-0.574 | g r=0.241 f=0.338 p=0.475(0.007) max=1.594 | Ld=+0.0418 base=-0.342 r1=0.0486 path=0.229 cap=0.0872 anchor=0.0187 | Lg=+0.9259 | clips=- | 42s
 2700 post m=5 hq=0.382 fail | Dr=-0.336/+1.125 |Dr|max=2.038 Df=-0.556 | g r=0.149 f=0.387 p=0.475(0.002) max=1.255 | Ld=-0.1017 base=-0.237 r1=0.0495 path=0.0335 cap=0.0278 anchor=0.0248 | Lg=+1.0059 | clips=- | 42s
 2710 post m=8 hq=0.726 fail | Dr=-0.381/+1.066 |Dr|max=2.001 Df=-0.575 | g r=0.162 f=0.264 p=0.472(0.005) max=1.428 | Ld=-0.1022 base=-0.193 r1=0.0409 path=0.0251 cap=0.00697 anchor=0.0175 | Lg=+0.9845 | clips=- | 42s
 2720 post m=8 hq=0.415 fail | Dr=+0.107/+0.528 |Dr|max=0.528 Df=-0.043 | g r=0.232 f=0.481 p=0.490(0.011) max=1.504 | Ld=+0.4035 base=-0.204 r1=0.0558 path=0.504 cap=0.018 anchor=0.0298 | Lg=+0.8832 | clips=- | 42s
 2730 post m=8 hq=0.799 fail | Dr=-0.417/+1.267 |Dr|max=2.190 Df=-0.604 | g r=0.121 f=0.220 p=0.520(0.003) max=1.774 | Ld=-0.0964 base=-0.156 r1=0.0209 path=0.0201 cap=0.00855 anchor=0.0102 | Lg=+1.0439 | clips=- | 42s
 2740 post m=8 hq=0.780 fail | Dr=-0.274/+0.604 |Dr|max=1.396 Df=-0.391 | g r=0.121 f=0.200 p=0.375(0.001) max=1.136 | Ld=-0.0387 base=-0.092 r1=0.0221 path=0.0209 cap=5.87e-05 anchor=0.0102 | Lg=+0.8287 | clips=- | 43s
 2750 post m=8 hq=0.746 fail | Dr=-0.141/+0.931 |Dr|max=1.137 Df=-0.266 | g r=0.138 f=0.234 p=0.468(0.007) max=1.589 | Ld=-0.0416 base=-0.11 r1=0.0356 path=0.00464 cap=0.0118 anchor=0.0161 | Lg=+0.8339 | clips=- | 43s
 2760 post m=8 hq=0.454 fail | Dr=-0.213/+1.155 |Dr|max=1.492 Df=-0.388 | g r=0.167 f=0.441 p=0.497(0.011) max=1.787 | Ld=-0.0993 base=-0.161 r1=0.0327 path=0.0107 cap=0.0111 anchor=0.00761 | Lg=+0.9614 | clips=- | 43s
 2770 post m=8 hq=0.294 fail | Dr=-0.308/+0.922 |Dr|max=1.448 Df=-0.468 | g r=0.136 f=0.558 p=0.590(0.001) max=1.741 | Ld=-0.2549 base=-0.323 r1=0.0312 path=0.0119 cap=0.0139 anchor=0.0113 | Lg=+1.0034 | clips=- | 43s
 2780 post m=8 hq=0.460 fail | Dr=-0.283/+0.572 |Dr|max=1.169 Df=-0.437 | g r=0.167 f=0.342 p=0.444(0.002) max=1.359 | Ld=+0.1911 base=-0.0169 r1=0.101 path=0.0804 cap=0.00738 anchor=0.0194 | Lg=+0.8790 | clips=- | 43s
 2790 post m=6 hq=0.462 fail | Dr=+0.145/+0.868 |Dr|max=0.868 Df=-0.024 | g r=0.138 f=0.391 p=0.475(0.001) max=1.448 | Ld=-0.0830 base=-0.138 r1=0.0239 path=0.00832 cap=0.0161 anchor=0.00626 | Lg=+0.8211 | clips=- | 43s
 2800 post m=7 hq=0.290 fail | Dr=+0.191/+0.972 |Dr|max=0.972 Df=+0.131 | g r=0.209 f=0.445 p=0.547(0.001) max=1.662 | Ld=+0.1017 base=-0.0984 r1=0.0397 path=0.0813 cap=0.0628 anchor=0.0163 | Lg=+0.8794 | clips=- | 44s
 2810 post m=7 hq=0.277 fail | Dr=-0.085/+0.588 |Dr|max=0.588 Df=-0.256 | g r=0.154 f=0.519 p=0.479(0.010) max=1.366 | Ld=-0.0958 base=-0.225 r1=0.0415 path=0.0382 cap=0.0338 anchor=0.016 | Lg=+0.8355 | clips=- | 44s
 2820 post m=8 hq=0.627 fail | Dr=+0.104/+0.679 |Dr|max=0.679 Df=+0.036 | g r=0.150 f=0.274 p=0.399(0.008) max=1.408 | Ld=-0.0221 base=-0.162 r1=0.0369 path=0.00494 cap=0.0821 anchor=0.0157 | Lg=+0.7700 | clips=- | 44s
 2830 post m=8 hq=0.378 fail | Dr=+0.264/+0.669 |Dr|max=0.669 Df=+0.111 | g r=0.131 f=0.466 p=0.474(0.004) max=1.576 | Ld=-0.0406 base=-0.117 r1=0.0381 path=0.0168 cap=0.00296 anchor=0.0185 | Lg=+0.7909 | clips=- | 44s
 2840 post m=8 hq=0.694 fail | Dr=+0.401/+1.312 |Dr|max=1.312 Df=+0.310 | g r=0.108 f=0.217 p=0.455(0.003) max=1.619 | Ld=-0.0518 base=-0.0855 r1=0.0141 path=0.00933 cap=0.00304 anchor=0.0073 | Lg=+0.8041 | clips=- | 44s
 2850 post m=8 hq=0.556 fail | Dr=+0.275/+0.799 |Dr|max=0.799 Df=+0.178 | g r=0.158 f=0.317 p=0.408(0.008) max=1.291 | Ld=-0.0298 base=-0.0623 r1=0.0129 path=0.00971 cap=0.00232 anchor=0.0075 | Lg=+0.7632 | clips=- | 44s
 2860 post m=8 hq=0.826 fail | Dr=+0.068/+0.788 |Dr|max=0.788 Df=-0.009 | g r=0.147 f=0.225 p=0.449(0.005) max=1.588 | Ld=-0.0188 base=-0.0824 r1=0.0337 path=0.0118 cap=0.00628 anchor=0.0118 | Lg=+0.8083 | clips=- | 45s
 2870 post m=8 hq=0.844 fail | Dr=+0.090/+0.807 |Dr|max=0.807 Df=+0.009 | g r=0.123 f=0.199 p=0.436(0.001) max=1.945 | Ld=-0.0081 base=-0.0683 r1=0.0317 path=0.0132 cap=0.00196 anchor=0.0133 | Lg=+0.7889 | clips=- | 45s
 2880 post m=8 hq=0.847 fail | Dr=-0.228/+0.688 |Dr|max=1.237 Df=-0.301 | g r=0.072 f=0.137 p=0.430(0.001) max=1.478 | Ld=-0.0417 base=-0.0606 r1=0.00758 path=0.004 cap=0.00298 anchor=0.00436 | Lg=+0.8185 | clips=- | 45s
 2890 post m=8 hq=0.886 fail | Dr=-0.044/+0.810 |Dr|max=0.941 Df=-0.092 | g r=0.152 f=0.185 p=0.437(0.001) max=1.299 | Ld=-0.0440 base=-0.0806 r1=0.0178 path=0.00392 cap=0.00497 anchor=0.00994 | Lg=+0.7987 | clips=- | 45s
 2900 post m=8 hq=0.854 fail | Dr=-0.012/+0.543 |Dr|max=0.661 Df=-0.088 | g r=0.092 f=0.141 p=0.412(0.002) max=1.285 | Ld=-0.0484 base=-0.0752 r1=0.0137 path=0.00707 cap=0.000183 anchor=0.00594 | Lg=+0.7934 | clips=- | 45s
 2910 post m=8 hq=0.877 fail | Dr=+0.035/+0.624 |Dr|max=0.624 Df=-0.036 | g r=0.085 f=0.135 p=0.393(0.002) max=1.349 | Ld=-0.0212 base=-0.0396 r1=0.0086 path=0.00337 cap=0.000126 anchor=0.00632 | Lg=+0.7641 | clips=- | 45s
 2920 post m=8 hq=0.844 fail | Dr=-0.044/+0.598 |Dr|max=0.688 Df=-0.111 | g r=0.114 f=0.167 p=0.416(0.005) max=1.375 | Ld=-0.0272 base=-0.0691 r1=0.0157 path=0.0139 cap=0.00653 anchor=0.00587 | Lg=+0.7977 | clips=- | 46s
 2930 post m=8 hq=0.885 fail | Dr=+0.445/+1.514 |Dr|max=1.514 Df=+0.393 | g r=0.122 f=0.160 p=0.416(0.004) max=1.361 | Ld=-0.0171 base=-0.0448 r1=0.0133 path=0.00439 cap=0.00181 anchor=0.00813 | Lg=+0.7775 | clips=- | 46s
 2940 post m=8 hq=0.876 fail | Dr=+0.057/+0.783 |Dr|max=1.082 Df=-0.020 | g r=0.078 f=0.132 p=0.432(0.005) max=1.279 | Ld=-0.0506 base=-0.0746 r1=0.0111 path=0.00586 cap=0.000728 anchor=0.00622 | Lg=+0.8236 | clips=- | 46s
 2950 post m=8 hq=0.849 fail | Dr=+0.225/+0.730 |Dr|max=0.872 Df=+0.167 | g r=0.073 f=0.106 p=0.331(0.002) max=1.258 | Ld=-0.0164 base=-0.0561 r1=0.0115 path=0.0106 cap=0.0124 anchor=0.00526 | Lg=+0.7786 | clips=- | 46s
 2960 post m=8 hq=0.909 PASS | Dr=+0.357/+0.958 |Dr|max=0.958 Df=+0.299 | g r=0.074 f=0.113 p=0.382(0.002) max=1.270 | Ld=-0.0258 base=-0.0502 r1=0.0117 path=0.00787 cap=0.00106 anchor=0.00374 | Lg=+0.7765 | clips=- | 46s
 2970 post m=8 hq=0.853 fail | Dr=+0.047/+0.672 |Dr|max=0.790 Df=-0.003 | g r=0.093 f=0.119 p=0.342(0.002) max=1.255 | Ld=+0.0068 base=-0.0337 r1=0.0157 path=0.0141 cap=0.00411 anchor=0.00665 | Lg=+0.7900 | clips=- | 46s
 2980 post m=8 hq=0.922 PASS | Dr=+0.116/+0.863 |Dr|max=0.863 Df=+0.063 | g r=0.053 f=0.086 p=0.389(0.001) max=1.213 | Ld=-0.0386 base=-0.0586 r1=0.006 path=0.00636 cap=0.0043 anchor=0.00343 | Lg=+0.7870 | clips=- | 46s
 2990 post m=8 hq=0.895 fail | Dr=+0.311/+0.933 |Dr|max=0.933 Df=+0.255 | g r=0.068 f=0.119 p=0.351(0.003) max=1.276 | Ld=-0.0141 base=-0.0317 r1=0.00678 path=0.00599 cap=0.00113 anchor=0.00377 | Lg=+0.7759 | clips=- | 47s
 3000 post m=8 hq=0.910 PASS | Dr=-0.009/+0.758 |Dr|max=0.765 Df=-0.057 | g r=0.082 f=0.101 p=0.344(0.003) max=1.084 | Ld=+0.0309 base=-0.0347 r1=0.0171 path=0.0156 cap=0.0247 anchor=0.00823 | Lg=+0.7732 | clips=- | 47s
 3010 post m=8 hq=0.773 fail | Dr=-0.066/+0.686 |Dr|max=0.971 Df=-0.126 | g r=0.096 f=0.156 p=0.398(0.001) max=1.408 | Ld=-0.0125 base=-0.0586 r1=0.0171 path=0.0185 cap=0.00357 anchor=0.00691 | Lg=+0.7907 | clips=- | 47s
 3020 post m=8 hq=0.925 PASS | Dr=+0.285/+1.044 |Dr|max=1.044 Df=+0.232 | g r=0.056 f=0.086 p=0.371(0.001) max=1.294 | Ld=-0.0376 base=-0.0564 r1=0.00747 path=0.00446 cap=0.00286 anchor=0.00401 | Lg=+0.7799 | clips=- | 47s
 3030 post m=5 hq=0.258 fail | Dr=+0.152/+0.755 |Dr|max=0.755 Df=+0.046 | g r=0.132 f=0.305 p=0.436(0.007) max=1.372 | Ld=-0.0253 base=-0.0868 r1=0.014 path=0.0284 cap=0.0135 anchor=0.00564 | Lg=+0.8116 | clips=- | 47s
 3040 post m=8 hq=0.859 fail | Dr=+0.092/+0.974 |Dr|max=0.974 Df=+0.031 | g r=0.065 f=0.123 p=0.415(0.000) max=1.334 | Ld=-0.0287 base=-0.0486 r1=0.00801 path=0.00601 cap=0.00252 anchor=0.00341 | Lg=+0.7819 | clips=- | 47s
 3050 post m=8 hq=0.878 fail | Dr=+0.287/+0.875 |Dr|max=0.875 Df=+0.217 | g r=0.066 f=0.122 p=0.411(0.001) max=1.261 | Ld=-0.0233 base=-0.0439 r1=0.00643 path=0.01 cap=0.000773 anchor=0.00342 | Lg=+0.7776 | clips=- | 48s
 3060 post m=8 hq=0.903 PASS | Dr=+0.208/+0.838 |Dr|max=0.838 Df=+0.149 | g r=0.066 f=0.115 p=0.394(0.003) max=1.293 | Ld=-0.0045 base=-0.029 r1=0.00639 path=0.0129 cap=0.000505 anchor=0.00473 | Lg=+0.7815 | clips=- | 48s
 3070 post m=7 hq=0.566 fail | Dr=+0.467/+0.908 |Dr|max=0.908 Df=+0.402 | g r=0.094 f=0.220 p=0.323(0.004) max=1.081 | Ld=+0.2692 base=-0.207 r1=0.0608 path=0.0981 cap=0.296 anchor=0.0213 | Lg=+0.7722 | clips=- | 48s
 3080 post m=8 hq=0.830 fail | Dr=+0.429/+1.048 |Dr|max=1.048 Df=+0.384 | g r=0.074 f=0.144 p=0.368(0.002) max=1.183 | Ld=-0.0324 base=-0.0526 r1=0.0117 path=0.00314 cap=9.17e-05 anchor=0.00529 | Lg=+0.7593 | clips=- | 48s
 3090 post m=8 hq=0.905 PASS | Dr=+0.162/+0.908 |Dr|max=0.908 Df=+0.114 | g r=0.059 f=0.088 p=0.386(0.002) max=1.323 | Ld=-0.0325 base=-0.0542 r1=0.00704 path=0.0107 cap=0.00121 anchor=0.0028 | Lg=+0.7878 | clips=- | 48s
 3100 post m=8 hq=0.908 PASS | Dr=+0.235/+0.877 |Dr|max=0.877 Df=+0.184 | g r=0.067 f=0.112 p=0.369(0.002) max=1.425 | Ld=+0.0005 base=-0.0194 r1=0.0086 path=0.00751 cap=0.000455 anchor=0.0034 | Lg=+0.7599 | clips=- | 48s
 3110 post m=8 hq=0.941 PASS | Dr=+0.007/+0.710 |Dr|max=1.013 Df=-0.030 | g r=0.056 f=0.077 p=0.387(0.000) max=1.159 | Ld=-0.0330 base=-0.0483 r1=0.00683 path=0.00347 cap=0.000899 anchor=0.00406 | Lg=+0.7821 | clips=- | 49s
 3120 post m=8 hq=0.896 fail | Dr=+0.129/+0.786 |Dr|max=0.786 Df=+0.089 | g r=0.082 f=0.132 p=0.376(0.001) max=1.498 | Ld=-0.0190 base=-0.0369 r1=0.00769 path=0.00492 cap=0.00215 anchor=0.00313 | Lg=+0.7723 | clips=- | 49s
 3130 post m=8 hq=0.865 fail | Dr=+0.508/+1.061 |Dr|max=1.061 Df=+0.451 | g r=0.096 f=0.113 p=0.369(0.004) max=1.435 | Ld=-0.0347 base=-0.0493 r1=0.00738 path=0.00255 cap=0.000336 anchor=0.00435 | Lg=+0.7759 | clips=- | 49s
 3140 post m=8 hq=0.900 PASS | Dr=+0.187/+0.699 |Dr|max=0.699 Df=+0.147 | g r=0.069 f=0.105 p=0.328(0.006) max=0.996 | Ld=-0.0045 base=-0.0255 r1=0.0073 path=0.00472 cap=0.00562 anchor=0.0034 | Lg=+0.7506 | clips=- | 49s
 3150 post m=8 hq=0.901 PASS | Dr=+0.316/+0.892 |Dr|max=0.892 Df=+0.281 | g r=0.085 f=0.112 p=0.291(0.003) max=1.038 | Ld=+0.0313 base=-0.00531 r1=0.016 path=0.00985 cap=0.00563 anchor=0.00508 | Lg=+0.7568 | clips=- | 49s
 3160 post m=8 hq=0.907 PASS | Dr=+0.123/+0.921 |Dr|max=0.921 Df=+0.080 | g r=0.056 f=0.095 p=0.392(0.001) max=1.153 | Ld=-0.0306 base=-0.039 r1=0.00319 path=0.00288 cap=2.57e-06 anchor=0.00239 | Lg=+0.7927 | clips=- | 49s
 3170 post m=8 hq=0.923 PASS | Dr=+0.397/+1.104 |Dr|max=1.104 Df=+0.361 | g r=0.053 f=0.079 p=0.316(0.001) max=1.041 | Ld=-0.0009 base=-0.0168 r1=0.00855 path=0.00308 anchor=0.00431 | Lg=+0.7567 | clips=- | 50s
 3180 post m=8 hq=0.899 fail | Dr=+0.301/+1.229 |Dr|max=1.229 Df=+0.259 | g r=0.060 f=0.089 p=0.375(0.002) max=1.313 | Ld=-0.0319 base=-0.0514 r1=0.00611 path=0.00804 cap=0.00233 anchor=0.00295 | Lg=+0.7893 | clips=- | 50s
 3190 post m=8 hq=0.887 fail | Dr=+0.261/+0.895 |Dr|max=0.895 Df=+0.211 | g r=0.061 f=0.105 p=0.319(0.001) max=1.081 | Ld=-0.0003 base=-0.0258 r1=0.00792 path=0.00626 cap=0.00835 anchor=0.00295 | Lg=+0.7637 | clips=- | 50s
 3200 post m=8 hq=0.928 PASS | Dr=-0.018/+0.676 |Dr|max=0.858 Df=-0.045 | g r=0.086 f=0.106 p=0.325(0.003) max=1.031 | Ld=+0.0111 base=-0.00582 r1=0.00825 path=0.00463 cap=0.00062 anchor=0.00346 | Lg=+0.7702 | clips=- | 50s
 3210 post m=8 hq=0.897 fail | Dr=+0.643/+1.514 |Dr|max=1.514 Df=+0.607 | g r=0.081 f=0.113 p=0.413(0.003) max=1.681 | Ld=-0.0132 base=-0.0272 r1=0.00486 path=0.00736 cap=6.67e-05 anchor=0.00173 | Lg=+0.8352 | clips=- | 50s
 3220 post m=8 hq=0.933 PASS | Dr=-0.019/+0.882 |Dr|max=1.054 Df=-0.050 | g r=0.067 f=0.073 p=0.366(0.001) max=1.274 | Ld=-0.0118 base=-0.0227 r1=0.00438 path=0.00459 cap=8.92e-05 anchor=0.00189 | Lg=+0.7891 | clips=- | 50s
 3230 post m=8 hq=0.953 PASS | Dr=+0.161/+0.846 |Dr|max=0.846 Df=+0.125 | g r=0.048 f=0.055 p=0.349(0.001) max=1.229 | Ld=-0.0066 base=-0.0162 r1=0.00313 path=0.0047 cap=0.00014 anchor=0.00162 | Lg=+0.7815 | clips=- | 51s
 3240 post m=8 hq=0.949 PASS | Dr=+0.238/+0.774 |Dr|max=0.774 Df=+0.210 | g r=0.040 f=0.045 p=0.304(0.003) max=1.029 | Ld=+0.0047 base=-0.0095 r1=0.00478 path=0.0067 anchor=0.0027 | Lg=+0.7450 | clips=- | 51s
 3250 post m=8 hq=0.961 PASS | Dr=+0.218/+1.294 |Dr|max=1.294 Df=+0.192 | g r=0.043 f=0.050 p=0.360(0.001) max=1.360 | Ld=-0.0105 base=-0.0236 r1=0.00377 path=0.00761 cap=6.05e-05 anchor=0.0016 | Lg=+0.7975 | clips=- | 51s
 3260 post m=8 hq=0.961 PASS | Dr=+0.137/+0.740 |Dr|max=0.740 Df=+0.111 | g r=0.039 f=0.042 p=0.264(0.001) max=0.922 | Ld=+0.0018 base=-0.00729 r1=0.00441 path=0.00208 anchor=0.0026 | Lg=+0.7385 | clips=- | 51s
 3270 post m=8 hq=0.961 PASS | Dr=+0.238/+0.806 |Dr|max=0.806 Df=+0.214 | g r=0.058 f=0.062 p=0.251(0.000) max=0.854 | Ld=-0.0017 base=-0.0188 r1=0.00908 path=0.00423 anchor=0.00384 | Lg=+0.7490 | clips=- | 51s
 3280 post m=8 hq=0.962 PASS | Dr=+0.108/+0.762 |Dr|max=0.762 Df=+0.080 | g r=0.049 f=0.045 p=0.315(0.001) max=1.049 | Ld=-0.0199 base=-0.0268 r1=0.00177 path=0.00355 cap=2.73e-06 anchor=0.00155 | Lg=+0.7745 | clips=- | 51s
 3290 post m=8 hq=0.968 PASS | Dr=-0.024/+0.614 |Dr|max=0.630 Df=-0.057 | g r=0.032 f=0.033 p=0.312(0.001) max=1.032 | Ld=-0.0228 base=-0.0294 r1=0.00289 path=0.00197 anchor=0.00178 | Lg=+0.7653 | clips=- | 51s
 3300 post m=8 hq=0.883 fail | Dr=+0.155/+1.056 |Dr|max=1.211 Df=+0.129 | g r=0.112 f=0.109 p=0.371(0.003) max=1.312 | Ld=-0.0089 base=-0.0273 r1=0.00936 path=0.00487 cap=0.000547 anchor=0.00369 | Lg=+0.8071 | clips=- | 52s
 3310 post m=8 hq=0.907 PASS | Dr=+0.074/+0.729 |Dr|max=0.729 Df=+0.038 | g r=0.070 f=0.108 p=0.321(0.003) max=1.118 | Ld=+0.0089 base=-0.0222 r1=0.0111 path=0.01 cap=0.00568 anchor=0.00435 | Lg=+0.7570 | clips=- | 52s
 3320 post m=8 hq=0.958 PASS | Dr=+0.517/+1.321 |Dr|max=1.321 Df=+0.482 | g r=0.049 f=0.059 p=0.387(0.001) max=1.454 | Ld=-0.0430 base=-0.0598 r1=0.00452 path=0.00988 cap=8.33e-05 anchor=0.00232 | Lg=+0.8350 | clips=- | 52s
 3330 post m=8 hq=0.937 PASS | Dr=+0.128/+1.012 |Dr|max=1.012 Df=+0.096 | g r=0.062 f=0.060 p=0.346(0.002) max=1.204 | Ld=-0.0153 base=-0.0261 r1=0.00341 path=0.00507 cap=0.000958 anchor=0.00133 | Lg=+0.7999 | clips=- | 52s
 3340 post m=8 hq=0.942 PASS | Dr=+0.284/+1.092 |Dr|max=1.092 Df=+0.257 | g r=0.051 f=0.054 p=0.322(0.002) max=1.210 | Ld=-0.0132 base=-0.0222 r1=0.00261 path=0.00511 anchor=0.0013 | Lg=+0.7969 | clips=- | 52s
 3350 post m=8 hq=0.961 PASS | Dr=+0.366/+1.234 |Dr|max=1.234 Df=+0.342 | g r=0.045 f=0.045 p=0.322(0.003) max=1.257 | Ld=-0.0102 base=-0.02 r1=0.00344 path=0.00449 cap=8.27e-06 anchor=0.00184 | Lg=+0.7807 | clips=- | 52s
 3360 post m=8 hq=0.862 fail | Dr=+0.274/+0.783 |Dr|max=0.783 Df=+0.257 | g r=0.061 f=0.068 p=0.212(0.000) max=0.739 | Ld=+0.0707 base=0.0171 r1=0.0174 path=0.0205 cap=0.00901 anchor=0.00679 | Lg=+0.7265 | clips=- | 53s
 3370 post m=8 hq=0.823 fail | Dr=+0.182/+1.080 |Dr|max=1.080 Df=+0.156 | g r=0.099 f=0.116 p=0.342(0.000) max=1.195 | Ld=-0.0058 base=-0.0188 r1=0.00582 path=0.00486 cap=4.91e-06 anchor=0.00236 | Lg=+0.7967 | clips=- | 53s
 3380 post m=8 hq=0.975 PASS | Dr=-0.016/+0.451 |Dr|max=0.757 Df=-0.038 | g r=0.047 f=0.045 p=0.275(0.001) max=1.065 | Ld=-0.0081 base=-0.0216 r1=0.00571 path=0.00515 anchor=0.00259 | Lg=+0.7331 | clips=- | 53s
 3390 post m=8 hq=0.963 PASS | Dr=-0.100/+0.749 |Dr|max=0.749 Df=-0.121 | g r=0.062 f=0.068 p=0.322(0.001) max=1.206 | Ld=+0.0007 base=-0.00742 r1=0.00461 path=0.00118 cap=0.000112 anchor=0.00218 | Lg=+0.7454 | clips=- | 53s
 3400 post m=8 hq=0.952 PASS | Dr=+0.096/+0.957 |Dr|max=0.957 Df=+0.082 | g r=0.080 f=0.078 p=0.295(0.002) max=1.113 | Ld=+0.0134 base=0.00476 r1=0.00498 path=0.00237 cap=0.000254 anchor=0.00108 | Lg=+0.7664 | clips=- | 53s
 3410 post m=8 hq=0.972 PASS | Dr=-0.189/+0.969 |Dr|max=1.146 Df=-0.198 | g r=0.051 f=0.045 p=0.345(0.003) max=1.510 | Ld=-0.0255 base=-0.0288 r1=0.00133 path=0.000718 anchor=0.00128 | Lg=+0.8277 | clips=- | 53s
 3420 post m=8 hq=0.974 PASS | Dr=-0.003/+0.646 |Dr|max=0.646 Df=-0.018 | g r=0.036 f=0.033 p=0.276(0.000) max=1.021 | Ld=+0.0084 base=-0.00928 r1=0.002 path=0.0144 anchor=0.00125 | Lg=+0.7433 | clips=- | 53s
 3430 post m=8 hq=0.969 PASS | Dr=+0.150/+0.562 |Dr|max=0.562 Df=+0.139 | g r=0.021 f=0.020 p=0.199(0.001) max=0.777 | Ld=+0.0055 base=-0.00253 r1=0.00273 path=0.00377 anchor=0.00153 | Lg=+0.7267 | clips=- | 54s
 3440 post m=8 hq=0.962 PASS | Dr=+0.096/+1.122 |Dr|max=1.141 Df=+0.068 | g r=0.048 f=0.044 p=0.364(0.002) max=1.570 | Ld=-0.0076 base=-0.0213 r1=0.00397 path=0.00787 cap=0.000408 anchor=0.00149 | Lg=+0.8068 | clips=- | 54s
 3450 post m=8 hq=0.970 PASS | Dr=+0.241/+0.706 |Dr|max=0.706 Df=+0.220 | g r=0.042 f=0.041 p=0.294(0.002) max=1.079 | Ld=+0.0023 base=-0.00404 r1=0.00233 path=0.00269 cap=8.06e-06 anchor=0.00127 | Lg=+0.7580 | clips=- | 54s
 3460 post m=8 hq=0.885 fail | Dr=+0.113/+0.885 |Dr|max=0.965 Df=+0.090 | g r=0.080 f=0.076 p=0.348(0.002) max=1.251 | Ld=-0.0147 base=-0.0272 r1=0.00863 path=0.00142 cap=0.000286 anchor=0.00214 | Lg=+0.8033 | clips=- | 54s
 3470 post m=8 hq=0.953 PASS | Dr=-0.227/+0.798 |Dr|max=1.041 Df=-0.250 | g r=0.055 f=0.056 p=0.344(0.001) max=1.306 | Ld=-0.0054 base=-0.0134 r1=0.003 path=0.00368 cap=3.98e-05 anchor=0.00129 | Lg=+0.7779 | clips=- | 54s
 3480 post m=8 hq=0.970 PASS | Dr=-0.003/+0.632 |Dr|max=0.632 Df=-0.019 | g r=0.030 f=0.030 p=0.241(0.001) max=1.091 | Ld=+0.0058 base=-0.00116 r1=0.00186 path=0.00412 anchor=0.000972 | Lg=+0.7307 | clips=- | 54s
 3490 post m=8 hq=0.915 PASS | Dr=+0.113/+0.553 |Dr|max=0.553 Df=+0.101 | g r=0.038 f=0.041 p=0.188(0.002) max=0.715 | Ld=+0.0154 base=-0.00356 r1=0.0048 path=0.0121 anchor=0.00199 | Lg=+0.7077 | clips=- | 55s
 3500 post m=8 hq=0.933 PASS | Dr=+0.236/+0.919 |Dr|max=0.919 Df=+0.217 | g r=0.063 f=0.073 p=0.316(0.002) max=1.191 | Ld=-0.0091 base=-0.0174 r1=0.00383 path=0.00295 cap=1.94e-05 anchor=0.00156 | Lg=+0.7580 | clips=- | 55s
 3510 post m=8 hq=0.839 fail | Dr=+0.085/+0.600 |Dr|max=0.600 Df=+0.054 | g r=0.064 f=0.129 p=0.294(0.003) max=1.471 | Ld=+0.0044 base=-0.0117 r1=0.0066 path=0.00722 cap=0.000181 anchor=0.00209 | Lg=+0.7354 | clips=- | 55s
 3520 post m=8 hq=0.895 fail | Dr=+0.012/+0.509 |Dr|max=0.528 Df=-0.002 | g r=0.056 f=0.088 p=0.220(0.001) max=0.846 | Ld=+0.0246 base=-0.00268 r1=0.00552 path=0.0197 anchor=0.00213 | Lg=+0.7206 | clips=- | 55s
 3530 post m=8 hq=0.969 PASS | Dr=+0.161/+0.550 |Dr|max=0.550 Df=+0.146 | g r=0.027 f=0.029 p=0.234(0.001) max=0.923 | Ld=+0.0134 base=0.00871 r1=0.00234 path=0.00147 anchor=0.000906 | Lg=+0.7188 | clips=- | 55s
 3540 post m=8 hq=0.962 PASS | Dr=+0.229/+0.775 |Dr|max=0.775 Df=+0.216 | g r=0.032 f=0.032 p=0.205(0.000) max=0.872 | Ld=-0.0108 base=-0.0176 r1=0.00174 path=0.00414 anchor=0.00091 | Lg=+0.7298 | clips=- | 55s
 3550 post m=8 hq=0.978 PASS | Dr=+0.244/+0.594 |Dr|max=0.594 Df=+0.234 | g r=0.038 f=0.036 p=0.210(0.002) max=0.768 | Ld=+0.0182 base=0.0123 r1=0.003 path=0.00191 cap=2.64e-08 anchor=0.00102 | Lg=+0.7119 | clips=- | 55s
 3560 post m=8 hq=0.977 PASS | Dr=+0.350/+0.821 |Dr|max=0.821 Df=+0.339 | g r=0.056 f=0.050 p=0.209(0.003) max=0.760 | Ld=+0.0494 base=0.0354 r1=0.00595 path=0.00425 cap=0.00163 anchor=0.00217 | Lg=+0.7190 | clips=- | 56s
 3570 post m=8 hq=0.842 fail | Dr=+0.154/+0.631 |Dr|max=0.631 Df=+0.111 | g r=0.082 f=0.126 p=0.300(0.001) max=1.213 | Ld=-0.0130 base=-0.0255 r1=0.00374 path=0.00722 cap=3.04e-05 anchor=0.00143 | Lg=+0.7563 | clips=- | 56s
 3580 post m=8 hq=0.980 PASS | Dr=+0.322/+0.786 |Dr|max=0.786 Df=+0.312 | g r=0.023 f=0.021 p=0.192(0.001) max=0.740 | Ld=+0.0047 base=-0.00065 r1=0.00183 path=0.00257 anchor=0.000924 | Lg=+0.7158 | clips=- | 56s
 3590 post m=8 hq=0.984 PASS | Dr=+0.307/+0.962 |Dr|max=0.962 Df=+0.299 | g r=0.035 f=0.033 p=0.214(0.000) max=0.823 | Ld=+0.0067 base=0.00105 r1=0.00259 path=0.00175 cap=0.00017 anchor=0.00116 | Lg=+0.7191 | clips=- | 56s
 3600 post m=8 hq=0.962 PASS | Dr=+0.159/+0.773 |Dr|max=0.773 Df=+0.145 | g r=0.039 f=0.040 p=0.234(0.001) max=0.920 | Ld=+0.0079 base=-0.00222 r1=0.00595 path=0.00207 cap=2.44e-07 anchor=0.00206 | Lg=+0.7308 | clips=- | 56s
 3610 post m=8 hq=0.962 PASS | Dr=+0.100/+0.424 |Dr|max=0.424 Df=+0.094 | g r=0.035 f=0.036 p=0.132(0.001) max=0.533 | Ld=+0.0222 base=0.0103 r1=0.00799 path=0.00164 anchor=0.00222 | Lg=+0.7050 | clips=- | 56s
 3620 post m=8 hq=0.941 PASS | Dr=+0.311/+1.222 |Dr|max=1.222 Df=+0.298 | g r=0.084 f=0.086 p=0.320(0.006) max=1.327 | Ld=-0.0177 base=-0.0252 r1=0.00463 path=0.00121 anchor=0.00169 | Lg=+0.8118 | clips=- | 57s
 3630 post m=8 hq=0.975 PASS | Dr=+0.256/+0.839 |Dr|max=0.839 Df=+0.241 | g r=0.026 f=0.023 p=0.227(0.000) max=0.965 | Ld=+0.0092 base=0.00611 r1=0.0017 path=0.000596 anchor=0.000797 | Lg=+0.7390 | clips=- | 57s
 3640 post m=8 hq=0.972 PASS | Dr=+0.241/+0.650 |Dr|max=0.650 Df=+0.233 | g r=0.022 f=0.022 p=0.170(0.001) max=0.665 | Ld=+0.0111 base=0.00614 r1=0.00129 path=0.00268 anchor=0.00104 | Lg=+0.7215 | clips=- | 57s
 3650 post m=8 hq=0.948 PASS | Dr=+0.073/+0.581 |Dr|max=0.675 Df=+0.065 | g r=0.032 f=0.033 p=0.208(0.001) max=0.893 | Ld=+0.0098 base=-0.0111 r1=0.00479 path=0.0139 anchor=0.00218 | Lg=+0.7523 | clips=- | 57s
 3660 post m=8 hq=0.962 PASS | Dr=+0.155/+0.853 |Dr|max=0.853 Df=+0.148 | g r=0.035 f=0.038 p=0.223(0.001) max=1.036 | Ld=+0.0280 base=0.0249 r1=0.00125 path=0.00117 cap=2.99e-05 anchor=0.00066 | Lg=+0.7451 | clips=- | 57s
 3670 post m=8 hq=0.983 PASS | Dr=+0.298/+0.651 |Dr|max=0.651 Df=+0.288 | g r=0.016 f=0.016 p=0.183(0.000) max=0.764 | Ld=+0.0004 base=-0.00283 r1=0.000554 path=0.00198 anchor=0.000686 | Lg=+0.7183 | clips=- | 57s
 3680 post m=8 hq=0.960 PASS | Dr=+0.366/+1.607 |Dr|max=1.607 Df=+0.361 | g r=0.077 f=0.074 p=0.384(0.001) max=1.307 | Ld=-0.0118 base=-0.0192 r1=0.00144 path=0.00488 cap=0.000281 anchor=0.000779 | Lg=+0.8761 | clips=- | 57s
 3690 post m=8 hq=0.975 PASS | Dr=+0.098/+0.668 |Dr|max=0.668 Df=+0.093 | g r=0.037 f=0.037 p=0.185(0.001) max=0.877 | Ld=+0.0261 base=0.0128 r1=0.00207 path=0.0104 cap=1.55e-06 anchor=0.000779 | Lg=+0.7328 | clips=- | 58s
 3700 post m=8 hq=0.978 PASS | Dr=+0.097/+0.615 |Dr|max=0.615 Df=+0.093 | g r=0.018 f=0.016 p=0.144(0.001) max=0.633 | Ld=+0.0127 base=0.00927 r1=0.00097 path=0.00168 anchor=0.000798 | Lg=+0.7229 | clips=- | 58s
 3710 post m=8 hq=0.974 PASS | Dr=-0.056/+0.314 |Dr|max=0.513 Df=-0.059 | g r=0.065 f=0.070 p=0.180(0.003) max=0.816 | Ld=+0.0066 base=0.00144 r1=0.00223 path=0.00182 anchor=0.00113 | Lg=+0.7049 | clips=- | 58s
 3720 post m=8 hq=0.980 PASS | Dr=+0.228/+0.488 |Dr|max=0.488 Df=+0.225 | g r=0.041 f=0.036 p=0.139(0.000) max=0.669 | Ld=+0.0179 base=0.0129 r1=0.00236 path=0.00156 anchor=0.00108 | Lg=+0.7035 | clips=- | 58s
 3730 post m=8 hq=0.973 PASS | Dr=+0.172/+0.648 |Dr|max=0.648 Df=+0.168 | g r=0.036 f=0.036 p=0.200(0.001) max=0.841 | Ld=-0.0077 base=-0.0107 r1=0.00105 path=0.00143 anchor=0.000523 | Lg=+0.7541 | clips=- | 58s
 3740 post m=8 hq=0.975 PASS | Dr=-0.002/+0.674 |Dr|max=0.674 Df=-0.009 | g r=0.038 f=0.036 p=0.270(0.001) max=1.072 | Ld=-0.0067 base=-0.0112 r1=0.000977 path=0.00293 cap=2.4e-06 anchor=0.00061 | Lg=+0.7435 | clips=- | 58s
 3750 post m=8 hq=0.978 PASS | Dr=-0.035/+0.765 |Dr|max=0.771 Df=-0.038 | g r=0.026 f=0.024 p=0.246(0.001) max=1.003 | Ld=-0.0132 base=-0.0155 r1=0.000364 path=0.00132 anchor=0.000575 | Lg=+0.7883 | clips=- | 58s
 3760 post m=8 hq=0.904 PASS | Dr=+0.333/+0.813 |Dr|max=0.813 Df=+0.326 | g r=0.049 f=0.048 p=0.191(0.001) max=0.778 | Ld=+0.0493 base=0.0201 r1=0.00971 path=0.012 cap=0.00464 anchor=0.00289 | Lg=+0.7188 | clips=- | 59s
 3770 post m=8 hq=0.974 PASS | Dr=+0.218/+0.554 |Dr|max=0.554 Df=+0.214 | g r=0.019 f=0.018 p=0.149(0.001) max=0.612 | Ld=+0.0132 base=0.00816 r1=0.000463 path=0.00411 anchor=0.000506 | Lg=+0.7080 | clips=- | 59s
 3780 post m=8 hq=0.977 PASS | Dr=+0.061/+0.910 |Dr|max=0.910 Df=+0.057 | g r=0.034 f=0.030 p=0.232(0.001) max=0.979 | Ld=-0.0101 base=-0.0151 r1=0.00216 path=0.00192 anchor=0.000892 | Lg=+0.7604 | clips=- | 59s
 3790 post m=8 hq=0.958 PASS | Dr=+0.079/+1.385 |Dr|max=1.385 Df=+0.083 | g r=0.062 f=0.066 p=0.346(0.002) max=1.325 | Ld=-0.0218 base=-0.0261 r1=0.00134 path=0.00236 anchor=0.000641 | Lg=+0.8601 | clips=- | 59s
 3800 post m=8 hq=0.927 PASS | Dr=+0.242/+0.444 |Dr|max=0.444 Df=+0.236 | g r=0.046 f=0.046 p=0.128(0.001) max=0.567 | Ld=+0.0277 base=0.00071 r1=0.00935 path=0.014 cap=0.00105 anchor=0.0026 | Lg=+0.7022 | clips=- | 59s
 3810 post m=8 hq=0.983 PASS | Dr=+0.226/+0.609 |Dr|max=0.609 Df=+0.223 | g r=0.017 f=0.015 p=0.133(0.000) max=0.672 | Ld=-0.0035 base=-0.00645 r1=0.000505 path=0.00202 anchor=0.000374 | Lg=+0.7225 | clips=- | 59s
 3820 post m=8 hq=0.988 PASS | Dr=+0.201/+0.698 |Dr|max=0.698 Df=+0.199 | g r=0.014 f=0.012 p=0.141(0.000) max=0.626 | Ld=+0.0008 base=-0.00186 r1=0.000439 path=0.00196 anchor=0.000271 | Lg=+0.7175 | clips=- | 60s
 3830 post m=8 hq=0.972 PASS | Dr=+0.041/+0.284 |Dr|max=0.284 Df=+0.038 | g r=0.026 f=0.024 p=0.120(0.000) max=0.524 | Ld=+0.0008 base=-0.00569 r1=0.00288 path=0.00265 anchor=0.00095 | Lg=+0.7023 | clips=- | 60s
 3840 post m=8 hq=0.984 PASS | Dr=+0.215/+0.519 |Dr|max=0.519 Df=+0.212 | g r=0.026 f=0.026 p=0.148(0.001) max=0.674 | Ld=+0.0187 base=0.0169 r1=0.000621 path=0.000797 anchor=0.00037 | Lg=+0.7151 | clips=- | 60s
 3850 post m=8 hq=0.983 PASS | Dr=+0.206/+0.490 |Dr|max=0.490 Df=+0.203 | g r=0.014 f=0.013 p=0.111(0.001) max=0.497 | Ld=+0.0049 base=0.0032 r1=0.00048 path=0.00074 anchor=0.000435 | Lg=+0.6988 | clips=- | 60s
 3860 post m=8 hq=0.966 PASS | Dr=+0.037/+0.247 |Dr|max=0.247 Df=+0.034 | g r=0.029 f=0.027 p=0.102(0.000) max=0.519 | Ld=+0.0052 base=-0.00129 r1=0.00151 path=0.00444 anchor=0.000574 | Lg=+0.6989 | clips=- | 60s
 3870 post m=8 hq=0.983 PASS | Dr=+0.006/+0.442 |Dr|max=0.442 Df=+0.005 | g r=0.026 f=0.023 p=0.140(0.000) max=0.685 | Ld=+0.0106 base=-0.000129 r1=0.00112 path=0.00913 anchor=0.000517 | Lg=+0.7042 | clips=- | 60s
 3880 post m=8 hq=0.978 PASS | Dr=+0.054/+0.317 |Dr|max=0.317 Df=+0.053 | g r=0.018 f=0.016 p=0.122(0.001) max=0.553 | Ld=+0.0132 base=0.00657 r1=0.000849 path=0.00536 anchor=0.000441 | Lg=+0.6982 | clips=- | 60s
 3890 post m=8 hq=0.974 PASS | Dr=+0.093/+0.789 |Dr|max=0.789 Df=+0.088 | g r=0.041 f=0.037 p=0.257(0.003) max=1.174 | Ld=-0.0181 base=-0.0216 r1=0.00193 path=0.000854 anchor=0.000649 | Lg=+0.7502 | clips=- | 61s
 3900 post m=8 hq=0.982 PASS | Dr=+0.097/+0.399 |Dr|max=0.399 Df=+0.095 | g r=0.019 f=0.017 p=0.121(0.000) max=0.585 | Ld=+0.0137 base=0.0115 r1=0.000425 path=0.00138 anchor=0.000325 | Lg=+0.7006 | clips=- | 61s
 3910 post m=8 hq=0.978 PASS | Dr=+0.022/+0.239 |Dr|max=0.239 Df=+0.020 | g r=0.011 f=0.010 p=0.094(0.000) max=0.417 | Ld=+0.0103 base=0.00166 r1=0.000133 path=0.00818 anchor=0.000287 | Lg=+0.6942 | clips=- | 61s
 3920 post m=8 hq=0.970 PASS | Dr=+0.165/+0.433 |Dr|max=0.433 Df=+0.161 | g r=0.012 f=0.010 p=0.099(0.000) max=0.478 | Ld=-0.0009 base=-0.00312 r1=0.000239 path=0.0017 anchor=0.000314 | Lg=+0.6990 | clips=- | 61s
 3930 post m=8 hq=0.925 PASS | Dr=+0.928/+1.154 |Dr|max=1.154 Df=+0.926 | g r=0.043 f=0.041 p=0.104(0.001) max=0.414 | Ld=+0.0818 base=0.0255 r1=0.0296 path=0.0194 cap=5.92e-05 anchor=0.00721 | Lg=+0.6997 | clips=- | 61s
 3940 post m=8 hq=0.977 PASS | Dr=+0.209/+0.436 |Dr|max=0.436 Df=+0.208 | g r=0.046 f=0.045 p=0.137(0.000) max=0.554 | Ld=+0.0390 base=0.0286 r1=0.00252 path=0.00598 cap=0.00117 anchor=0.000734 | Lg=+0.7000 | clips=- | 61s
 3950 post m=8 hq=0.948 PASS | Dr=-0.093/+0.666 |Dr|max=0.887 Df=-0.096 | g r=0.032 f=0.032 p=0.236(0.001) max=1.071 | Ld=-0.0108 base=-0.0178 r1=0.000937 path=0.00565 anchor=0.000475 | Lg=+0.7724 | clips=- | 62s
 3960 post m=8 hq=0.973 PASS | Dr=+0.111/+0.615 |Dr|max=0.615 Df=+0.108 | g r=0.021 f=0.019 p=0.147(0.001) max=0.674 | Ld=-0.0078 base=-0.0108 r1=0.000412 path=0.00232 anchor=0.000341 | Lg=+0.7203 | clips=- | 62s
 3970 post m=8 hq=0.978 PASS | Dr=+0.126/+0.575 |Dr|max=0.575 Df=+0.123 | g r=0.049 f=0.046 p=0.155(0.001) max=0.637 | Ld=+0.0189 base=0.0118 r1=0.00281 path=0.00353 anchor=0.00079 | Lg=+0.7136 | clips=- | 62s
 3980 post m=8 hq=0.979 PASS | Dr=+0.206/+0.543 |Dr|max=0.543 Df=+0.205 | g r=0.024 f=0.023 p=0.108(0.000) max=0.519 | Ld=+0.0343 base=0.0279 r1=0.00105 path=0.00487 anchor=0.000404 | Lg=+0.7012 | clips=- | 62s
 3990 post m=8 hq=0.975 PASS | Dr=+0.314/+0.683 |Dr|max=0.683 Df=+0.313 | g r=0.034 f=0.032 p=0.121(0.001) max=0.561 | Ld=+0.0164 base=0.0101 r1=0.00204 path=0.00355 anchor=0.00072 | Lg=+0.7094 | clips=- | 62s
 4000 post m=8 hq=0.987 PASS | Dr=+0.101/+0.358 |Dr|max=0.358 Df=+0.099 | g r=0.011 f=0.009 p=0.099(0.000) max=0.418 | Ld=+0.0095 base=0.000736 r1=0.000183 path=0.00835 anchor=0.000211 | Lg=+0.6989 | clips=- | 62s
 4010 post m=8 hq=0.982 PASS | Dr=+0.238/+0.784 |Dr|max=0.784 Df=+0.238 | g r=0.032 f=0.030 p=0.156(0.001) max=0.812 | Ld=+0.0012 base=-0.00374 r1=0.000633 path=0.00397 anchor=0.000337 | Lg=+0.7155 | clips=- | 62s
 4020 post m=8 hq=0.984 PASS | Dr=+0.151/+0.484 |Dr|max=0.484 Df=+0.150 | g r=0.021 f=0.020 p=0.093(0.000) max=0.519 | Ld=-0.0004 base=-0.0021 r1=0.000436 path=0.000944 anchor=0.000303 | Lg=+0.7035 | clips=- | 63s
 4030 post m=8 hq=0.969 PASS | Dr=+0.097/+0.578 |Dr|max=0.578 Df=+0.096 | g r=0.039 f=0.035 p=0.137(0.001) max=0.557 | Ld=+0.0061 base=-0.0026 r1=0.00136 path=0.00681 anchor=0.000496 | Lg=+0.7080 | clips=- | 63s
 4040 post m=8 hq=0.986 PASS | Dr=+0.174/+0.486 |Dr|max=0.486 Df=+0.171 | g r=0.017 f=0.015 p=0.137(0.001) max=0.660 | Ld=-0.0004 base=-0.00259 r1=0.000682 path=0.00125 anchor=0.000227 | Lg=+0.7040 | clips=- | 63s
 4050 post m=8 hq=0.989 PASS | Dr=+0.197/+0.472 |Dr|max=0.472 Df=+0.193 | g r=0.020 f=0.018 p=0.111(0.001) max=0.587 | Ld=-0.0035 base=-0.00674 r1=0.000373 path=0.00267 anchor=0.000241 | Lg=+0.6986 | clips=- | 63s
 4060 post m=8 hq=0.990 PASS | Dr=+0.215/+0.386 |Dr|max=0.386 Df=+0.213 | g r=0.019 f=0.018 p=0.103(0.000) max=0.429 | Ld=+0.0022 base=-0.000659 r1=0.00073 path=0.00174 anchor=0.000362 | Lg=+0.6993 | clips=- | 63s
 4070 post m=8 hq=0.967 PASS | Dr=+0.541/+0.678 |Dr|max=0.678 Df=+0.542 | g r=0.059 f=0.061 p=0.095(0.001) max=0.355 | Ld=+0.0169 base=0.00999 r1=0.00387 path=0.0018 anchor=0.00124 | Lg=+0.6966 | clips=- | 63s
 4080 post m=8 hq=0.988 PASS | Dr=+0.126/+0.467 |Dr|max=0.467 Df=+0.122 | g r=0.019 f=0.018 p=0.129(0.000) max=0.566 | Ld=+0.0043 base=0.00176 r1=0.00111 path=0.000957 anchor=0.000462 | Lg=+0.7005 | clips=- | 64s
 4090 post m=8 hq=0.975 PASS | Dr=+0.329/+0.773 |Dr|max=0.773 Df=+0.331 | g r=0.047 f=0.047 p=0.155(0.002) max=0.757 | Ld=+0.0167 base=0.0115 r1=0.00212 path=0.00235 anchor=0.000735 | Lg=+0.7101 | clips=- | 64s
 4100 post m=8 hq=0.990 PASS | Dr=+0.128/+0.517 |Dr|max=0.517 Df=+0.122 | g r=0.043 f=0.042 p=0.175(0.001) max=0.791 | Ld=+0.0122 base=0.00821 r1=0.000649 path=0.00305 anchor=0.000266 | Lg=+0.7210 | clips=- | 64s
 4110 post m=8 hq=0.948 PASS | Dr=+0.012/+1.108 |Dr|max=1.108 Df=+0.010 | g r=0.076 f=0.079 p=0.344(0.006) max=1.707 | Ld=-0.0165 base=-0.0194 r1=0.00151 path=0.000855 cap=4.89e-06 anchor=0.000503 | Lg=+0.8159 | clips=- | 64s
 4120 post m=8 hq=0.981 PASS | Dr=+0.121/+0.373 |Dr|max=0.373 Df=+0.119 | g r=0.010 f=0.010 p=0.084(0.001) max=0.358 | Ld=-0.0016 base=-0.00273 r1=0.000213 path=0.000749 anchor=0.000202 | Lg=+0.7020 | clips=- | 64s
 4130 post m=8 hq=0.990 PASS | Dr=+0.063/+0.263 |Dr|max=0.263 Df=+0.062 | g r=0.019 f=0.016 p=0.100(0.001) max=0.414 | Ld=+0.0008 base=-0.00151 r1=0.000191 path=0.00196 anchor=0.000202 | Lg=+0.6991 | clips=- | 64s
 4140 post m=8 hq=0.984 PASS | Dr=-0.030/+0.393 |Dr|max=0.393 Df=-0.030 | g r=0.033 f=0.031 p=0.112(0.000) max=0.485 | Ld=+0.0055 base=0.00282 r1=0.000838 path=0.00141 anchor=0.000408 | Lg=+0.7056 | clips=- | 64s
 4150 post m=8 hq=0.985 PASS | Dr=+0.110/+0.426 |Dr|max=0.426 Df=+0.109 | g r=0.032 f=0.031 p=0.113(0.002) max=0.464 | Ld=+0.0019 base=-0.00541 r1=0.00207 path=0.00471 anchor=0.000543 | Lg=+0.7041 | clips=- | 64s
 4160 post m=8 hq=0.993 PASS | Dr=+0.143/+0.282 |Dr|max=0.282 Df=+0.142 | g r=0.007 f=0.007 p=0.063(0.000) max=0.400 | Ld=+0.0028 base=0.000339 r1=0.000245 path=0.002 anchor=0.000211 | Lg=+0.6985 | clips=- | 65s
 4170 post m=8 hq=0.992 PASS | Dr=+0.258/+0.679 |Dr|max=0.679 Df=+0.257 | g r=0.024 f=0.023 p=0.147(0.001) max=0.716 | Ld=+0.0009 base=-0.00115 r1=0.000515 path=0.00127 anchor=0.000237 | Lg=+0.7229 | clips=- | 65s
 4180 post m=8 hq=0.981 PASS | Dr=+0.247/+0.364 |Dr|max=0.364 Df=+0.247 | g r=0.011 f=0.011 p=0.055(0.000) max=0.344 | Ld=+0.0010 base=-5.55e-05 r1=0.000277 path=0.000649 anchor=0.000163 | Lg=+0.6931 | clips=- | 65s
 4190 post m=8 hq=0.983 PASS | Dr=+0.011/+0.309 |Dr|max=0.346 Df=+0.011 | g r=0.019 f=0.016 p=0.147(0.000) max=0.726 | Ld=+0.0017 base=-0.00297 r1=0.00284 path=0.000979 cap=1.4e-06 anchor=0.000797 | Lg=+0.7071 | clips=- | 65s
 4200 post m=8 hq=0.959 PASS | Dr=+0.621/+1.045 |Dr|max=1.045 Df=+0.622 | g r=0.062 f=0.063 p=0.194(0.003) max=1.023 | Ld=-0.0077 base=-0.0104 r1=0.00132 path=0.00104 anchor=0.000366 | Lg=+0.7183 | clips=- | 65s
 4210 post m=8 hq=0.987 PASS | Dr=+0.166/+0.361 |Dr|max=0.361 Df=+0.166 | g r=0.011 f=0.010 p=0.065(0.000) max=0.303 | Ld=+0.0047 base=0.00211 r1=0.000179 path=0.00227 anchor=0.000176 | Lg=+0.6960 | clips=- | 65s
 4220 post m=8 hq=0.985 PASS | Dr=+0.082/+0.238 |Dr|max=0.238 Df=+0.083 | g r=0.014 f=0.014 p=0.060(0.001) max=0.389 | Ld=+0.0018 base=-2.95e-05 r1=0.000212 path=0.00146 anchor=0.000204 | Lg=+0.6992 | clips=- | 65s
 4230 post m=8 hq=0.987 PASS | Dr=+0.142/+0.419 |Dr|max=0.419 Df=+0.143 | g r=0.012 f=0.011 p=0.098(0.000) max=0.586 | Ld=+0.0047 base=0.00081 r1=0.000138 path=0.0035 anchor=0.000232 | Lg=+0.7013 | clips=- | 65s
 4240 post m=8 hq=0.980 PASS | Dr=+0.149/+0.531 |Dr|max=0.531 Df=+0.150 | g r=0.014 f=0.016 p=0.109(0.000) max=0.548 | Ld=+0.0012 base=-0.00191 r1=0.000985 path=0.00173 anchor=0.000367 | Lg=+0.7048 | clips=- | 66s
 4250 post m=8 hq=0.975 PASS | Dr=+0.164/+0.533 |Dr|max=0.533 Df=+0.166 | g r=0.026 f=0.023 p=0.139(0.001) max=0.736 | Ld=+0.0001 base=-0.00248 r1=0.00106 path=0.00131 anchor=0.000242 | Lg=+0.6972 | clips=- | 66s
 4260 post m=6 hq=0.374 fail | Dr=+0.237/+0.921 |Dr|max=0.921 Df=+0.217 | g r=0.095 f=0.195 p=0.239(0.004) max=0.858 | Ld=+0.0176 base=-0.000496 r1=0.00968 path=0.00616 cap=1.94e-05 anchor=0.00227 | Lg=+0.7437 | clips=- | 66s
 4270 post m=4 hq=0.104 fail | Dr=+0.144/+0.471 |Dr|max=0.471 Df=-0.111 | g r=0.174 f=0.412 p=0.452(0.004) max=1.343 | Ld=+0.2310 base=-0.432 r1=0.245 path=0.275 cap=0.0835 anchor=0.0594 | Lg=+0.8842 | clips=- | 66s
 4280 post m=4 hq=0.079 fail | Dr=+0.165/+0.407 |Dr|max=0.407 Df=-0.089 | g r=0.145 f=0.511 p=0.471(0.006) max=1.613 | Ld=+0.0849 base=-0.168 r1=0.03 path=0.214 cap=0.00242 anchor=0.00654 | Lg=+0.8030 | clips=- | 66s
 4290 post m=5 hq=0.179 fail | Dr=-0.284/+0.141 |Dr|max=0.530 Df=-0.480 | g r=0.141 f=0.585 p=0.485(0.000) max=1.475 | Ld=-0.1619 base=-0.22 r1=0.0288 path=0.00224 cap=0.0206 anchor=0.0064 | Lg=+0.8179 | clips=- | 66s
 4300 post m=3 hq=0.050 fail | Dr=-0.191/+0.225 |Dr|max=0.537 Df=-0.413 | g r=0.106 f=0.492 p=0.430(0.006) max=1.429 | Ld=-0.0710 base=-0.103 r1=0.0208 path=0.00612 cap=5.3e-05 anchor=0.00481 | Lg=+0.7723 | clips=- | 66s
 4310 post m=4 hq=0.212 fail | Dr=-0.145/+0.383 |Dr|max=0.653 Df=-0.392 | g r=0.140 f=0.406 p=0.501(0.008) max=1.480 | Ld=-0.1521 base=-0.246 r1=0.0245 path=0.0169 cap=0.0468 anchor=0.00523 | Lg=+0.8940 | clips=- | 66s
 4320 post m=8 hq=0.155 fail | Dr=-0.080/+0.445 |Dr|max=0.445 Df=-0.248 | g r=0.114 f=0.519 p=0.420(0.002) max=1.708 | Ld=-0.1384 base=-0.194 r1=0.0193 path=0.0227 cap=0.00991 anchor=0.00392 | Lg=+0.8229 | clips=- | 67s
 4330 post m=5 hq=0.165 fail | Dr=+0.139/+0.564 |Dr|max=0.564 Df=-0.034 | g r=0.127 f=0.558 p=0.493(0.005) max=1.435 | Ld=-0.0833 base=-0.136 r1=0.0239 path=0.0191 cap=0.00463 anchor=0.0049 | Lg=+0.8061 | clips=- | 67s
 4340 post m=4 hq=0.193 fail | Dr=-0.147/+0.220 |Dr|max=0.501 Df=-0.426 | g r=0.164 f=0.549 p=0.482(0.002) max=1.471 | Ld=-0.0536 base=-0.17 r1=0.0199 path=0.0877 cap=0.0047 anchor=0.00436 | Lg=+0.8368 | clips=- | 67s
 4350 post m=8 hq=0.452 fail | Dr=+0.294/+0.631 |Dr|max=0.631 Df=+0.195 | g r=0.120 f=0.448 p=0.394(0.002) max=1.204 | Ld=+0.0024 base=-0.0523 r1=0.0307 path=0.0168 cap=0.000423 anchor=0.00685 | Lg=+0.7486 | clips=- | 67s
 4360 post m=6 hq=0.173 fail | Dr=+0.095/+0.646 |Dr|max=0.646 Df=-0.141 | g r=0.149 f=0.521 p=0.456(0.002) max=1.294 | Ld=-0.1171 base=-0.195 r1=0.0384 path=0.0138 cap=0.017 anchor=0.00857 | Lg=+0.8079 | clips=- | 67s
 4370 post m=7 hq=0.247 fail | Dr=+0.150/+0.920 |Dr|max=0.920 Df=-0.006 | g r=0.120 f=0.533 p=0.486(0.002) max=1.436 | Ld=-0.0900 base=-0.123 r1=0.0198 path=0.00779 cap=0.00171 anchor=0.00398 | Lg=+0.8031 | clips=- | 67s
 4380 post m=8 hq=0.792 fail | Dr=+0.307/+1.158 |Dr|max=1.158 Df=+0.219 | g r=0.104 f=0.186 p=0.378(0.003) max=1.386 | Ld=-0.0514 base=-0.0803 r1=0.00853 path=0.0133 cap=0.00541 anchor=0.00163 | Lg=+0.7950 | clips=- | 67s
 4390 post m=8 hq=0.893 fail | Dr=+0.410/+1.495 |Dr|max=1.495 Df=+0.323 | g r=0.054 f=0.099 p=0.357(0.001) max=1.640 | Ld=-0.0554 base=-0.074 r1=0.00592 path=0.00763 cap=0.00387 anchor=0.00113 | Lg=+0.8290 | clips=- | 67s
 4400 post m=8 hq=0.899 fail | Dr=+0.279/+1.106 |Dr|max=1.106 Df=+0.203 | g r=0.075 f=0.116 p=0.364(0.002) max=1.326 | Ld=-0.0483 base=-0.0683 r1=0.00769 path=0.0105 cap=0.000339 anchor=0.00147 | Lg=+0.7921 | clips=- | 68s
 4410 post m=8 hq=0.748 fail | Dr=+0.599/+1.169 |Dr|max=1.169 Df=+0.568 | g r=0.149 f=0.205 p=0.320(0.002) max=1.197 | Ld=+0.1332 base=-0.208 r1=0.0604 path=0.024 cap=0.243 anchor=0.0139 | Lg=+0.7792 | clips=- | 68s
 4420 post m=8 hq=0.919 PASS | Dr=+0.283/+1.435 |Dr|max=1.435 Df=+0.208 | g r=0.054 f=0.078 p=0.336(0.002) max=1.320 | Ld=-0.0379 base=-0.0714 r1=0.0055 path=0.0245 cap=0.00247 anchor=0.00111 | Lg=+0.8271 | clips=- | 68s
 4430 post m=8 hq=0.942 PASS | Dr=+0.255/+1.551 |Dr|max=1.551 Df=+0.169 | g r=0.051 f=0.067 p=0.336(0.000) max=1.423 | Ld=-0.0659 base=-0.093 r1=0.00815 path=0.016 cap=0.00117 anchor=0.00181 | Lg=+0.8681 | clips=- | 68s
 4440 post m=8 hq=0.941 PASS | Dr=+0.182/+1.315 |Dr|max=1.315 Df=+0.102 | g r=0.060 f=0.070 p=0.316(0.002) max=1.388 | Ld=-0.0485 base=-0.0619 r1=0.00451 path=0.00711 cap=0.00101 anchor=0.000785 | Lg=+0.8093 | clips=- | 68s
 4450 post m=8 hq=0.927 PASS | Dr=+0.077/+1.225 |Dr|max=1.225 Df=+0.001 | g r=0.120 f=0.125 p=0.313(0.001) max=1.239 | Ld=-0.0107 base=-0.0404 r1=0.0193 path=0.00373 cap=0.00222 anchor=0.00453 | Lg=+0.8117 | clips=- | 68s
 4460 post m=8 hq=0.956 PASS | Dr=+0.280/+0.913 |Dr|max=0.913 Df=+0.202 | g r=0.046 f=0.050 p=0.310(0.001) max=1.294 | Ld=-0.0453 base=-0.0614 r1=0.00394 path=0.00917 cap=0.00201 anchor=0.000955 | Lg=+0.7669 | clips=- | 69s
 4470 post m=8 hq=0.849 fail | Dr=+0.186/+1.118 |Dr|max=1.118 Df=+0.104 | g r=0.088 f=0.111 p=0.311(0.001) max=1.456 | Ld=-0.0536 base=-0.0776 r1=0.00534 path=0.00565 cap=0.012 anchor=0.00111 | Lg=+0.7854 | clips=- | 69s
 4480 post m=8 hq=0.510 fail | Dr=+0.254/+0.725 |Dr|max=0.725 Df=+0.185 | g r=0.100 f=0.326 p=0.307(0.003) max=1.426 | Ld=+0.0397 base=-0.0328 r1=0.00805 path=0.0625 cap=1.07e-06 anchor=0.00192 | Lg=+0.7467 | clips=- | 69s
 4490 post m=8 hq=0.574 fail | Dr=+0.095/+1.180 |Dr|max=1.180 Df=-0.029 | g r=0.066 f=0.265 p=0.377(0.001) max=1.423 | Ld=-0.0972 base=-0.12 r1=0.0098 path=0.00729 cap=0.00375 anchor=0.00173 | Lg=+0.8233 | clips=- | 69s
 4500 post m=8 hq=0.745 fail | Dr=+0.175/+0.933 |Dr|max=0.933 Df=+0.104 | g r=0.105 f=0.271 p=0.419(0.001) max=1.557 | Ld=-0.1062 base=-0.172 r1=0.021 path=0.0345 cap=0.00582 anchor=0.00426 | Lg=+0.8563 | clips=- | 69s
 4510 post m=8 hq=0.931 PASS | Dr=+0.241/+0.950 |Dr|max=0.950 Df=+0.184 | g r=0.072 f=0.095 p=0.320(0.001) max=1.288 | Ld=-0.0199 base=-0.0465 r1=0.00965 path=0.0124 cap=0.00285 anchor=0.00176 | Lg=+0.7597 | clips=- | 69s
 4520 post m=4 hq=0.227 fail | Dr=+0.445/+1.690 |Dr|max=1.690 Df=+0.281 | g r=0.174 f=0.534 p=0.594(0.010) max=2.405 | Ld=-0.1095 base=-0.206 r1=0.0219 path=0.0433 cap=0.0262 anchor=0.00464 | Lg=+1.0441 | clips=- | 69s
 4530 post m=7 hq=0.345 fail | Dr=+0.176/+0.794 |Dr|max=0.794 Df=+0.005 | g r=0.087 f=0.425 p=0.409(0.005) max=1.420 | Ld=-0.1126 base=-0.139 r1=0.0153 path=0.00544 cap=0.00261 anchor=0.0033 | Lg=+0.8071 | clips=- | 70s
 4540 post m=8 hq=0.454 fail | Dr=+0.407/+0.900 |Dr|max=0.900 Df=+0.252 | g r=0.127 f=0.330 p=0.403(0.003) max=1.368 | Ld=-0.0858 base=-0.133 r1=0.0116 path=0.0193 cap=0.0139 anchor=0.00234 | Lg=+0.7884 | clips=- | 70s
 4550 post m=8 hq=0.882 fail | Dr=+0.358/+0.930 |Dr|max=0.930 Df=+0.324 | g r=0.075 f=0.133 p=0.333(0.004) max=1.087 | Ld=+0.0090 base=-0.00476 r1=0.00954 path=0.00118 cap=0.00104 anchor=0.00201 | Lg=+0.7278 | clips=- | 70s
 4560 post m=8 hq=0.803 fail | Dr=+0.265/+1.048 |Dr|max=1.048 Df=+0.224 | g r=0.081 f=0.186 p=0.375(0.001) max=1.557 | Ld=-0.0172 base=-0.0413 r1=0.0085 path=0.012 cap=0.00177 anchor=0.00187 | Lg=+0.7587 | clips=- | 70s
 4570 post m=8 hq=0.895 fail | Dr=+0.420/+0.933 |Dr|max=0.933 Df=+0.394 | g r=0.060 f=0.106 p=0.271(0.000) max=1.165 | Ld=-0.0047 base=-0.0166 r1=0.00685 path=0.00305 cap=0.000583 anchor=0.00137 | Lg=+0.7176 | clips=- | 70s
 4580 post m=8 hq=0.899 fail | Dr=+0.412/+1.097 |Dr|max=1.097 Df=+0.382 | g r=0.046 f=0.083 p=0.291(0.003) max=1.261 | Ld=-0.0219 base=-0.0326 r1=0.00473 path=0.00403 cap=0.00101 anchor=0.000911 | Lg=+0.7343 | clips=- | 70s
 4590 post m=8 hq=0.875 fail | Dr=+0.609/+1.191 |Dr|max=1.191 Df=+0.577 | g r=0.069 f=0.144 p=0.372(0.001) max=1.612 | Ld=-0.0211 base=-0.0451 r1=0.00581 path=0.0165 cap=0.000523 anchor=0.00108 | Lg=+0.7384 | clips=- | 71s
 4600 post m=8 hq=0.941 PASS | Dr=+0.319/+1.239 |Dr|max=1.239 Df=+0.286 | g r=0.059 f=0.082 p=0.281(0.001) max=1.241 | Ld=-0.0220 base=-0.0389 r1=0.00891 path=0.00437 cap=0.00165 anchor=0.00204 | Lg=+0.7625 | clips=- | 71s
# COMPLETE 4600 updates in 71s; prehold 82/120; arrival=560; clips=None
