# arm=wgan_margin formulation=wgan + margin(10,κ=7.14) [Dβ2=0.9, A2=0] {lr c×0.5 g×1} device=cuda:0 steps=4600
# step phase modes hq pass | Dr mean/max |Dr|max Df | grad-norm real fake path(min) max | loss_d terms | loss_g | sec
# init=batch_feature_zero hook=None differs_from_old=G,D,prior public_path_match=G,D,prior ema_D_equals_D=None sha G=615e9d129c1c D=e15f6122daf7 prior=2531df2c5ad8
   10 acq  m=0 hq=0.000 fail | Dr=+1.268/+1.879 |Dr|max=1.879 Df=+1.159 | g r=2.981 f=2.194 p=2.383(0.022) max=6.702 | Ld=+0.2134 base=0.134 margin=0.0795 | Lg=+1.1036 | 1s | curv=+22.3 wide=+19.6 gfmed=2.201
   20 acq  m=0 hq=0.000 fail | Dr=+9.123/+16.224 |Dr|max=16.224 Df=+6.129 | g r=11.090 f=20.133 p=17.648(0.460) max=55.685 | Ld=-4.7535 base=-5.8 margin=1.04 | Lg=+7.3461 | 1s | curv=+95.5 wide=+96.8 gfmed=18.574
   30 acq  m=0 hq=0.000 fail | Dr=+17.336/+28.106 |Dr|max=28.106 Df=+7.957 | g r=8.432 f=16.913 p=19.348(0.266) max=56.924 | Ld=-7.3853 base=-7.85 margin=0.466 | Lg=+9.7517 | 1s | curv=+56 wide=+57.7 gfmed=15.736
   40 acq  m=0 hq=0.000 fail | Dr=+52.923/+75.266 |Dr|max=75.266 Df=+88.358 | g r=18.205 f=61.323 p=58.221(0.704) max=149.213 | Ld=-8.9728 base=-12.1 margin=3.15 | Lg=+21.5389 | 1s | curv=+185 wide=+184 gfmed=62.517
   50 acq  m=0 hq=0.000 fail | Dr=+60.838/+131.840 |Dr|max=131.840 Df=+44.839 | g r=24.997 f=72.106 p=74.710(1.099) max=193.972 | Ld=-51.5402 base=-55.8 margin=4.24 | Lg=+67.5936 | 1s | curv=+227 wide=+242 gfmed=71.896
   60 acq  m=0 hq=0.000 fail | Dr=+32.845/+71.332 |Dr|max=71.332 Df=+145.139 | g r=16.635 f=59.266 p=60.169(1.015) max=181.230 | Ld=+79.9675 base=78 margin=1.98 | Lg=+0.1888 | 1s | curv=+166 wide=+180 gfmed=54.958
   70 acq  m=0 hq=0.000 fail | Dr=-4.328/+7.847 |Dr|max=19.722 Df=-41.006 | g r=8.871 f=12.474 p=15.027(0.272) max=65.857 | Ld=+7.6614 base=6.79 margin=0.871 | Lg=+91.7647 | 1s | curv=+77.1 wide=+76.6 gfmed=11.019
   80 acq  m=2 hq=0.006 fail | Dr=-5.886/+2.419 |Dr|max=16.100 Df=-10.423 | g r=10.556 f=29.231 p=27.716(0.116) max=98.247 | Ld=-3.4480 base=-4.44 margin=0.991 | Lg=+6.7685 | 1s | curv=+104 wide=+106 gfmed=28.362
   90 acq  m=1 hq=0.023 fail | Dr=+0.029/+6.887 |Dr|max=14.014 Df=-12.581 | g r=12.639 f=57.307 p=51.990(0.532) max=178.101 | Ld=-8.8011 base=-10.6 margin=1.8 | Lg=+18.3607 | 1s | curv=+135 wide=+152 gfmed=58.205
  100 acq  m=2 hq=0.013 fail | Dr=+2.718/+27.911 |Dr|max=41.200 Df=-46.991 | g r=19.683 f=97.857 p=101.170(0.789) max=333.189 | Ld=-58.0573 base=-62.2 margin=4.15 | Lg=+68.1015 | 1s | curv=+196 wide=+230 gfmed=93.952
  110 acq  m=0 hq=0.000 fail | Dr=+2.681/+17.448 |Dr|max=32.768 Df=-6.168 | g r=21.161 f=92.938 p=117.076(0.504) max=479.209 | Ld=-8.7205 base=-14.2 margin=5.49 | Lg=+23.7040 | 2s | curv=+215 wide=+271 gfmed=85.741
  120 acq  m=0 hq=0.000 fail | Dr=+5.602/+21.793 |Dr|max=31.014 Df=+7.223 | g r=20.032 f=74.028 p=146.568(0.445) max=586.930 | Ld=-4.4026 base=-10.8 margin=6.36 | Lg=+19.2320 | 2s | curv=+194 wide=+284 gfmed=49.595
  130 acq  m=0 hq=0.000 fail | Dr=+24.348/+29.875 |Dr|max=29.875 Df=+16.382 | g r=13.365 f=16.752 p=127.948(0.338) max=590.990 | Ld=-4.5382 base=-6.69 margin=2.15 | Lg=+8.4854 | 2s | curv=+124 wide=+183 gfmed=14.379
  140 acq  m=0 hq=0.000 fail | Dr=+48.256/+61.238 |Dr|max=61.238 Df=+18.820 | g r=15.784 f=18.233 p=138.340(0.671) max=591.387 | Ld=-25.0172 base=-26.7 margin=1.67 | Lg=+30.0028 | 2s | curv=+144 wide=+183 gfmed=17.590
  150 acq  m=0 hq=0.000 fail | Dr=+102.023/+139.135 |Dr|max=139.135 Df=+21.747 | g r=29.925 f=22.240 p=164.058(0.855) max=790.482 | Ld=-66.8139 base=-71.4 margin=4.62 | Lg=+81.3798 | 2s | curv=+242 wide=+260 gfmed=22.868
  160 acq  m=2 hq=0.004 fail | Dr=+148.043/+253.719 |Dr|max=253.719 Df=+183.250 | g r=39.221 f=398.998 p=405.847(1.028) max=1296.479 | Ld=+40.4991 base=26.1 margin=14.4 | Lg=+109.4380 | 2s | curv=+399 wide=+496 gfmed=410.494
  170 acq  m=0 hq=0.000 fail | Dr=+71.165/+103.098 |Dr|max=103.098 Df=-6.964 | g r=32.586 f=600.434 p=566.938(2.610) max=1401.454 | Ld=+276.8029 base=256 margin=20.4 | Lg=+36.0837 | 2s | curv=+359 wide=+526 gfmed=643.350
  180 acq  m=1 hq=0.000 fail | Dr=+55.308/+88.854 |Dr|max=88.854 Df=-74.322 | g r=36.625 f=524.457 p=534.009(0.879) max=1704.898 | Ld=-134.2323 base=-147 margin=12.8 | Lg=+169.1326 | 2s | curv=+418 wide=+659 gfmed=492.420
  190 acq  m=0 hq=0.000 fail | Dr=+82.054/+115.358 |Dr|max=115.358 Df=+25.523 | g r=25.950 f=33.003 p=417.411(0.356) max=1757.722 | Ld=-44.8319 base=-52.8 margin=7.96 | Lg=+57.6283 | 2s | curv=+258 wide=+437 gfmed=27.978
  200 acq  m=0 hq=0.000 fail | Dr=+127.504/+165.437 |Dr|max=165.437 Df=+25.813 | g r=29.908 f=72.474 p=449.419(2.087) max=1818.781 | Ld=-86.6432 base=-97.1 margin=10.4 | Lg=+103.8132 | 2s | curv=+275 wide=+405 gfmed=34.115
  210 acq  m=0 hq=0.000 fail | Dr=+202.892/+264.321 |Dr|max=264.321 Df=+22.425 | g r=38.022 f=228.607 p=589.695(0.746) max=2364.973 | Ld=-166.6409 base=-177 margin=10.7 | Lg=+190.0459 | 3s | curv=+370 wide=+512 gfmed=53.465
  220 acq  m=0 hq=0.000 fail | Dr=+228.043/+411.415 |Dr|max=411.415 Df=-32.345 | g r=57.008 f=535.899 p=879.948(1.165) max=3514.527 | Ld=-162.0341 base=-296 margin=134 | Lg=+298.0920 | 3s | curv=+494 wide=+816 gfmed=96.848
  230 acq  m=1 hq=0.003 fail | Dr=+358.138/+621.541 |Dr|max=621.541 Df=+67.255 | g r=56.952 f=600.884 p=989.443(1.178) max=3772.115 | Ld=-252.7927 base=-295 margin=42.6 | Lg=+317.3276 | 3s | curv=+500 wide=+721 gfmed=167.078
  240 acq  m=0 hq=0.000 fail | Dr=+258.036/+322.248 |Dr|max=322.248 Df=+138.231 | g r=74.983 f=1557.728 p=1545.876(3.527) max=4666.176 | Ld=+268.6825 base=147 margin=122 | Lg=+405.9635 | 3s | curv=+720 wide=+1.22e+03 gfmed=1544.232
  250 acq  m=4 hq=0.012 fail | Dr=+129.885/+174.357 |Dr|max=174.357 Df=-218.762 | g r=73.066 f=1496.738 p=1464.224(1.775) max=5387.553 | Ld=-64.8278 base=-149 margin=83.9 | Lg=+205.0749 | 3s | curv=+687 wide=+1.18e+03 gfmed=1347.876
  260 acq  m=3 hq=0.005 fail | Dr=+106.460/+166.326 |Dr|max=166.326 Df=-236.811 | g r=66.315 f=1823.833 p=1682.281(2.108) max=5867.808 | Ld=-248.2009 base=-337 margin=88.7 | Lg=+351.4323 | 3s | curv=+684 wide=+1.18e+03 gfmed=1808.376
  270 acq  m=0 hq=0.000 fail | Dr=+124.346/+182.590 |Dr|max=182.590 Df=-452.362 | g r=56.485 f=2153.037 p=1721.888(0.396) max=5478.045 | Ld=-226.7264 base=-273 margin=46.3 | Lg=+289.4362 | 3s | curv=+632 wide=+1.18e+03 gfmed=2127.513
  280 acq  m=2 hq=0.003 fail | Dr=+148.914/+231.101 |Dr|max=231.101 Df=-338.470 | g r=54.779 f=2152.118 p=2068.579(0.362) max=7132.028 | Ld=-501.4542 base=-535 margin=33.2 | Lg=+557.1406 | 3s | curv=+638 wide=+1.28e+03 gfmed=2083.660
  290 acq  m=0 hq=0.000 fail | Dr=+222.621/+286.192 |Dr|max=286.192 Df=-223.938 | g r=48.829 f=1948.908 p=2174.713(0.313) max=8905.758 | Ld=-23.8607 base=-506 margin=483 | Lg=+512.8786 | 3s | curv=+563 wide=+1.18e+03 gfmed=1119.882
  300 acq  m=0 hq=0.000 fail | Dr=+328.955/+418.789 |Dr|max=418.789 Df=-106.294 | g r=61.783 f=1232.773 p=2252.712(3.832) max=9170.644 | Ld=-330.1308 base=-363 margin=32.5 | Lg=+372.3356 | 3s | curv=+546 wide=+1.23e+03 gfmed=116.968
  310 acq  m=0 hq=0.000 fail | Dr=+445.144/+579.922 |Dr|max=579.922 Df=-174.599 | g r=71.352 f=2581.749 p=3082.241(2.625) max=10991.716 | Ld=-682.7551 base=-726 margin=43 | Lg=+780.9637 | 4s | curv=+868 wide=+1.42e+03 gfmed=1473.192
  320 acq  m=1 hq=0.006 fail | Dr=+609.411/+779.198 |Dr|max=779.198 Df=+122.968 | g r=76.890 f=963.843 p=3052.541(1.720) max=12632.880 | Ld=-501.7392 base=-547 margin=44.8 | Lg=+562.0520 | 4s | curv=+716 wide=+1.39e+03 gfmed=167.296
  330 acq  m=0 hq=0.000 fail | Dr=+684.192/+937.566 |Dr|max=937.566 Df=-297.111 | g r=93.507 f=4813.486 p=4456.750(3.755) max=14751.735 | Ld=-330.6428 base=-389 margin=58.7 | Lg=+997.5708 | 4s | curv=+838 wide=+1.68e+03 gfmed=5015.333
  340 acq  m=1 hq=0.000 fail | Dr=+585.103/+1007.951 |Dr|max=1007.951 Df=-827.551 | g r=140.391 f=7560.089 p=4834.008(6.686) max=17877.809 | Ld=-1950.9702 base=-2.2e+03 margin=254 | Lg=+2204.1643 | 4s | curv=+1.49e+03 wide=+2.69e+03 gfmed=7853.851
  350 acq  m=0 hq=0.000 fail | Dr=+461.723/+673.888 |Dr|max=673.888 Df=-918.586 | g r=101.088 f=6843.479 p=6291.812(2.011) max=20272.234 | Ld=-795.6535 base=-1.41e+03 margin=611 | Lg=+1507.5330 | 4s | curv=+1.26e+03 wide=+2.41e+03 gfmed=7464.532
  360 acq  m=2 hq=0.002 fail | Dr=+472.657/+616.324 |Dr|max=616.324 Df=-1197.867 | g r=100.586 f=7622.258 p=6678.659(3.592) max=23697.525 | Ld=-1628.2295 base=-1.73e+03 margin=99.5 | Lg=+1774.9515 | 4s | curv=+1.35e+03 wide=+2.75e+03 gfmed=8147.319
  370 acq  m=0 hq=0.000 fail | Dr=+551.922/+680.887 |Dr|max=680.887 Df=-1171.433 | g r=109.883 f=7235.726 p=6908.126(4.202) max=25151.402 | Ld=-616.3341 base=-851 margin=235 | Lg=+884.2681 | 4s | curv=+1.33e+03 wide=+2.89e+03 gfmed=7542.521
  380 acq  m=0 hq=0.000 fail | Dr=+690.146/+855.323 |Dr|max=855.323 Df=-1432.006 | g r=87.830 f=12160.145 p=8263.452(5.893) max=30324.039 | Ld=-1007.9688 base=-1.06e+03 margin=49 | Lg=+1097.3331 | 4s | curv=+918 wide=+2.4e+03 gfmed=13369.840
  390 acq  m=1 hq=0.001 fail | Dr=+776.682/+1002.758 |Dr|max=1002.758 Df=-660.497 | g r=89.431 f=6896.607 p=8169.053(3.758) max=32245.895 | Ld=-1071.0144 base=-1.12e+03 margin=52.9 | Lg=+1141.5562 | 4s | curv=+1.09e+03 wide=+2.3e+03 gfmed=4176.986
  400 acq  m=0 hq=0.000 fail | Dr=+898.093/+1197.371 |Dr|max=1197.371 Df=+90.742 | g r=94.251 f=2155.072 p=6520.711(1.520) max=33361.801 | Ld=-1122.8147 base=-1.18e+03 margin=56.5 | Lg=+1168.6326 | 4s | curv=+795 wide=+2.07e+03 gfmed=190.807
  410 acq  m=1 hq=0.002 fail | Dr=+1134.344/+1504.873 |Dr|max=1504.873 Df=+350.315 | g r=117.993 f=1838.503 p=7036.332(3.716) max=38846.555 | Ld=-733.5491 base=-810 margin=76.5 | Lg=+796.8674 | 5s | curv=+936 wide=+2.18e+03 gfmed=302.348
  420 acq  m=2 hq=0.012 fail | Dr=+1383.908/+1771.663 |Dr|max=1771.663 Df=+431.261 | g r=140.717 f=2333.186 p=7796.669(3.597) max=36173.125 | Ld=-728.6805 base=-933 margin=204 | Lg=+1000.4281 | 5s | curv=+1.32e+03 wide=+2.6e+03 gfmed=369.078
  430 acq  m=2 hq=0.026 fail | Dr=+1613.536/+1962.696 |Dr|max=1962.696 Df=+592.732 | g r=122.357 f=2866.477 p=8540.783(2.493) max=39859.352 | Ld=-827.8793 base=-992 margin=164 | Lg=+1025.9059 | 5s | curv=+1.23e+03 wide=+2.62e+03 gfmed=403.646
  440 acq  m=1 hq=0.009 fail | Dr=+1783.896/+2126.319 |Dr|max=2126.319 Df=+431.608 | g r=149.383 f=5899.839 p=9081.256(10.613) max=41258.637 | Ld=-847.9845 base=-1.16e+03 margin=317 | Lg=+1233.1388 | 5s | curv=+1.25e+03 wide=+2.42e+03 gfmed=727.279
  450 acq  m=0 hq=0.000 fail | Dr=+1574.912/+2117.964 |Dr|max=2117.964 Df=-898.685 | g r=132.492 f=12624.722 p=12398.738(4.895) max=45428.992 | Ld=-2539.2461 base=-2.67e+03 margin=127 | Lg=+3049.9463 | 5s | curv=+1.18e+03 wide=+2.83e+03 gfmed=13199.937
  460 acq  m=2 hq=0.028 fail | Dr=+1543.145/+2170.184 |Dr|max=2170.184 Df=-909.967 | g r=153.718 f=10691.895 p=12898.747(8.587) max=51488.723 | Ld=-2767.0288 base=-3e+03 margin=236 | Lg=+3192.2100 | 5s | curv=+1.16e+03 wide=+3.18e+03 gfmed=6712.621
  470 acq  m=1 hq=0.003 fail | Dr=+1653.994/+2342.875 |Dr|max=2342.875 Df=+100.032 | g r=131.184 f=4667.650 p=10814.382(8.402) max=48719.668 | Ld=-1178.3884 base=-1.32e+03 margin=146 | Lg=+1328.3417 | 5s | curv=+1.08e+03 wide=+2.96e+03 gfmed=475.190
  480 acq  m=2 hq=0.035 fail | Dr=+1833.862/+2551.489 |Dr|max=2551.489 Df=+855.209 | g r=125.050 f=3639.734 p=11075.755(5.483) max=53854.438 | Ld=-909.0104 base=-1.01e+03 margin=106 | Lg=+1173.5823 | 5s | curv=+1.21e+03 wide=+2.94e+03 gfmed=577.053
  490 acq  m=2 hq=0.007 fail | Dr=+1900.967/+2491.363 |Dr|max=2491.363 Df=+283.854 | g r=129.311 f=10315.413 p=12537.615(3.022) max=56307.465 | Ld=-1080.9624 base=-1.19e+03 margin=109 | Lg=+1380.5408 | 5s | curv=+1.3e+03 wide=+2.94e+03 gfmed=1112.397
  500 acq  m=1 hq=0.007 fail | Dr=+2130.806/+2706.690 |Dr|max=2706.690 Df=+482.051 | g r=197.767 f=10340.099 p=14557.773(6.914) max=63933.402 | Ld=-1540.9838 base=-1.78e+03 margin=236 | Lg=+1977.8210 | 5s | curv=+1.72e+03 wide=+3.4e+03 gfmed=1465.366
  510 acq  m=1 hq=0.015 fail | Dr=+2095.282/+2633.447 |Dr|max=2633.447 Df=+220.960 | g r=148.595 f=7964.847 p=14796.963(1.587) max=67966.359 | Ld=+377.5830 base=-2.46e+03 margin=2.84e+03 | Lg=+2261.2705 | 5s | curv=+1.48e+03 wide=+3.46e+03 gfmed=683.438
  520 acq  m=2 hq=0.027 fail | Dr=+2364.487/+3001.647 |Dr|max=3001.647 Df=+897.122 | g r=182.093 f=5103.879 p=13967.029(14.883) max=69734.586 | Ld=+475.4135 base=-1.55e+03 margin=2.02e+03 | Lg=+1678.1284 | 6s | curv=+1.31e+03 wide=+3.25e+03 gfmed=520.119
  530 acq  m=1 hq=0.012 fail | Dr=+2461.041/+3100.618 |Dr|max=3100.618 Df=+205.137 | g r=157.176 f=8774.541 p=14896.663(9.647) max=73641.266 | Ld=-2107.2412 base=-2.36e+03 margin=250 | Lg=+2640.7200 | 6s | curv=+1.45e+03 wide=+3.34e+03 gfmed=532.541
  540 acq  m=1 hq=0.009 fail | Dr=+2721.819/+3486.760 |Dr|max=3486.760 Df=+175.815 | g r=166.445 f=9615.170 p=15785.688(4.584) max=75877.461 | Ld=-3912.4194 base=-4.11e+03 margin=199 | Lg=+4174.5649 | 6s | curv=+1.52e+03 wide=+3.57e+03 gfmed=857.706
  550 acq  m=1 hq=0.016 fail | Dr=+3037.890/+3958.882 |Dr|max=3958.882 Df=+803.774 | g r=209.372 f=4355.922 p=14648.521(9.301) max=74254.508 | Ld=-1987.2045 base=-2.29e+03 margin=303 | Lg=+2288.7974 | 6s | curv=+1.78e+03 wide=+3.49e+03 gfmed=509.081
  560 acq  m=1 hq=0.032 fail | Dr=+3336.695/+4330.505 |Dr|max=4330.505 Df=+1366.269 | g r=154.865 f=4857.781 p=16100.639(4.313) max=79355.133 | Ld=-1895.6229 base=-2.04e+03 margin=147 | Lg=+2225.4087 | 6s | curv=+1.64e+03 wide=+3.53e+03 gfmed=522.738
  570 acq  m=0 hq=0.000 fail | Dr=+3477.303/+4534.552 |Dr|max=4534.552 Df=-259.295 | g r=208.214 f=19017.424 p=22036.977(8.482) max=90034.484 | Ld=-2941.8604 base=-3.27e+03 margin=327 | Lg=+4025.4036 | 6s | curv=+1.01e+03 wide=+3.79e+03 gfmed=7894.375
  580 acq  m=0 hq=0.000 fail | Dr=+3847.182/+5155.918 |Dr|max=5155.918 Df=+392.781 | g r=239.776 f=5172.824 p=17394.891(24.409) max=85181.500 | Ld=-2810.4902 base=-3.17e+03 margin=356 | Lg=+3232.6226 | 6s | curv=+1.53e+03 wide=+4.86e+03 gfmed=660.818
  590 acq  m=0 hq=0.000 fail | Dr=+4263.603/+5691.925 |Dr|max=5691.925 Df=+709.406 | g r=193.263 f=5549.372 p=18937.672(14.261) max=97213.180 | Ld=-2523.3242 base=-3.6e+03 margin=1.08e+03 | Lg=+3719.3657 | 6s | curv=+1.94e+03 wide=+4.62e+03 gfmed=597.444
  600 acq  m=1 hq=0.000 fail | Dr=+4620.506/+6134.225 |Dr|max=6134.225 Df=+406.051 | g r=213.086 f=6334.007 p=18516.275(12.436) max=94595.453 | Ld=-3319.6250 base=-3.94e+03 margin=615 | Lg=+4027.0476 | 6s | curv=+1.51e+03 wide=+4.49e+03 gfmed=753.030
  610 acq  m=0 hq=0.000 fail | Dr=+4892.323/+6611.070 |Dr|max=6611.070 Df=+951.924 | g r=203.226 f=2796.693 p=18702.754(14.554) max=93804.555 | Ld=-3028.5327 base=-3.7e+03 margin=674 | Lg=+3945.8394 | 6s | curv=+2.02e+03 wide=+4.63e+03 gfmed=584.784
  620 acq  m=0 hq=0.000 fail | Dr=+5440.358/+7344.914 |Dr|max=7344.914 Df=+1219.661 | g r=308.995 f=1365.018 p=16649.273(22.946) max=94340.312 | Ld=-157.9751 base=-4.17e+03 margin=4.01e+03 | Lg=+4189.0376 | 7s | curv=+2.48e+03 wide=+4.78e+03 gfmed=255.625
  630 acq  m=0 hq=0.000 fail | Dr=+5926.690/+7978.623 |Dr|max=7978.623 Df=+1543.890 | g r=323.573 f=3450.750 p=18748.219(30.977) max=96579.484 | Ld=-2949.4653 base=-4.43e+03 margin=1.48e+03 | Lg=+4495.1641 | 7s | curv=+2.48e+03 wide=+4.9e+03 gfmed=807.698
  640 acq  m=0 hq=0.000 fail | Dr=+6058.161/+8165.083 |Dr|max=8165.083 Df=+2930.436 | g r=335.080 f=27154.375 p=28855.480(9.191) max=104578.484 | Ld=-775.8516 base=-1.78e+03 margin=1e+03 | Lg=+4765.5420 | 7s | curv=+2.31e+03 wide=+4.91e+03 gfmed=21643.006
  650 acq  m=0 hq=0.000 fail | Dr=+5922.375/+7826.168 |Dr|max=7826.168 Df=+1247.453 | g r=297.095 f=14086.338 p=22955.004(36.734) max=108672.266 | Ld=+2588.2222 base=-4.61e+03 margin=7.2e+03 | Lg=+4637.9590 | 7s | curv=+1.53e+03 wide=+4.19e+03 gfmed=2296.095
  660 acq  m=1 hq=0.000 fail | Dr=+5423.548/+7961.313 |Dr|max=7961.313 Df=+8298.002 | g r=271.555 f=42397.555 p=37773.047(27.048) max=123550.195 | Ld=+5775.9492 base=5.05e+03 margin=724 | Lg=+2544.0332 | 7s | curv=+2.07e+03 wide=+4.86e+03 gfmed=46333.051
  670 acq  m=0 hq=0.000 fail | Dr=+4119.716/+7093.355 |Dr|max=7093.355 Df=-18577.770 | g r=506.047 f=42121.445 p=41020.168(24.562) max=117490.703 | Ld=+76466.7500 base=-3.98e+04 margin=1.16e+05 | Lg=+50404.8242 | 7s | curv=+4.77e+03 wide=+8.67e+03 gfmed=43763.359
  680 acq  m=0 hq=0.000 fail | Dr=+3805.206/+6230.884 |Dr|max=6230.884 Df=+13182.784 | g r=306.787 f=34118.047 p=35341.836(20.712) max=117792.633 | Ld=+14234.2939 base=1.38e+04 margin=463 | Lg=+349.6804 | 7s | curv=+4.33e+03 wide=+8.1e+03 gfmed=34331.344
  690 acq  m=1 hq=0.000 fail | Dr=+3270.217/+4826.667 |Dr|max=4826.667 Df=+892.546 | g r=288.344 f=33740.672 p=36681.469(14.950) max=118305.094 | Ld=+159.0490 base=-1.54e+03 margin=1.7e+03 | Lg=+4070.6597 | 7s | curv=+3.04e+03 wide=+7.9e+03 gfmed=34417.086
  700 acq  m=1 hq=0.000 fail | Dr=+2944.732/+3947.109 |Dr|max=3947.109 Df=-4029.347 | g r=245.224 f=36107.027 p=33083.238(1.264) max=130068.477 | Ld=-5070.0312 base=-7.86e+03 margin=2.79e+03 | Lg=+7552.7476 | 7s | curv=+2.83e+03 wide=+7.17e+03 gfmed=36557.098
  710 acq  m=0 hq=0.000 fail | Dr=+2984.133/+4007.133 |Dr|max=4007.133 Df=-3464.696 | g r=222.237 f=34391.719 p=32317.779(8.248) max=129419.320 | Ld=-4998.7930 base=-7.04e+03 margin=2.04e+03 | Lg=+6815.3115 | 7s | curv=+2.6e+03 wide=+6.92e+03 gfmed=32328.051
  720 acq  m=1 hq=0.018 fail | Dr=+2991.189/+4021.687 |Dr|max=4021.687 Df=-3110.734 | g r=194.466 f=43469.129 p=34289.102(2.122) max=130461.625 | Ld=-10354.0498 base=-1.12e+04 margin=843 | Lg=+11356.2246 | 8s | curv=+2.22e+03 wide=+5.92e+03 gfmed=46054.438
  730 acq  m=0 hq=0.000 fail | Dr=+2971.798/+3822.216 |Dr|max=3822.216 Df=-3231.574 | g r=189.569 f=32899.375 p=34052.027(4.888) max=145859.234 | Ld=-6182.9316 base=-6.36e+03 margin=174 | Lg=+6547.8574 | 8s | curv=+2.17e+03 wide=+5.94e+03 gfmed=25979.781
  740 acq  m=1 hq=0.002 fail | Dr=+3087.529/+4009.591 |Dr|max=4009.591 Df=-2805.229 | g r=264.247 f=23586.660 p=28815.377(7.854) max=140195.266 | Ld=-5403.1182 base=-6.75e+03 margin=1.35e+03 | Lg=+6538.4150 | 8s | curv=+2.39e+03 wide=+5.68e+03 gfmed=773.383
  750 acq  m=1 hq=0.001 fail | Dr=+3334.194/+4219.967 |Dr|max=4219.967 Df=+345.997 | g r=313.731 f=15071.959 p=27010.115(10.864) max=141975.391 | Ld=-2120.9380 base=-2.98e+03 margin=855 | Lg=+3000.4766 | 8s | curv=+2.73e+03 wide=+5.54e+03 gfmed=842.442
  760 acq  m=0 hq=0.000 fail | Dr=+3413.286/+4327.008 |Dr|max=4327.008 Df=+903.634 | g r=172.600 f=4204.454 p=24333.857(22.135) max=129051.164 | Ld=-2104.2537 base=-2.52e+03 margin=417 | Lg=+2557.0967 | 8s | curv=+1.66e+03 wide=+4.22e+03 gfmed=582.641
  770 acq  m=1 hq=0.002 fail | Dr=+3589.494/+4445.774 |Dr|max=4445.774 Df=+1085.086 | g r=157.557 f=3996.706 p=24615.324(2.005) max=128656.367 | Ld=-2431.0979 base=-2.53e+03 margin=94.7 | Lg=+2552.5300 | 8s | curv=+1.76e+03 wide=+4.33e+03 gfmed=619.790
  780 acq  m=1 hq=0.019 fail | Dr=+3774.206/+4553.352 |Dr|max=4553.352 Df=+1383.393 | g r=171.232 f=4802.378 p=25192.238(30.325) max=125694.867 | Ld=-2338.0508 base=-2.5e+03 margin=162 | Lg=+2513.8608 | 8s | curv=+1.76e+03 wide=+4.35e+03 gfmed=645.161
  790 acq  m=1 hq=0.017 fail | Dr=+3974.153/+4581.208 |Dr|max=4581.208 Df=+1577.908 | g r=184.090 f=6517.429 p=26176.398(15.785) max=133904.078 | Ld=-1834.7844 base=-2.39e+03 margin=551 | Lg=+2483.2954 | 8s | curv=+1.62e+03 wide=+4.28e+03 gfmed=732.813
  800 acq  m=1 hq=0.008 fail | Dr=+4189.338/+4797.336 |Dr|max=4797.336 Df=+1362.543 | g r=174.856 f=5117.132 p=25037.096(3.776) max=127934.664 | Ld=-2176.3281 base=-2.84e+03 margin=667 | Lg=+2880.9746 | 8s | curv=+1.2e+03 wide=+3.89e+03 gfmed=738.433
  810 acq  m=1 hq=0.039 fail | Dr=+4466.451/+5250.739 |Dr|max=5250.739 Df=+2114.319 | g r=257.918 f=6681.105 p=26950.477(12.331) max=134857.031 | Ld=+3675.7195 base=-2.6e+03 margin=6.27e+03 | Lg=+2587.2393 | 8s | curv=+1.84e+03 wide=+4.26e+03 gfmed=943.184
  820 acq  m=0 hq=0.000 fail | Dr=+4596.917/+5770.252 |Dr|max=5770.252 Df=-1903.909 | g r=237.463 f=37020.605 p=32867.984(27.076) max=130286.797 | Ld=-1642.0116 base=-2.31e+03 margin=665 | Lg=+2644.1392 | 9s | curv=+1.34e+03 wide=+4.01e+03 gfmed=34883.742
  830 acq  m=2 hq=0.035 fail | Dr=+4897.124/+6359.277 |Dr|max=6359.277 Df=+2235.771 | g r=240.843 f=8185.983 p=29692.189(30.647) max=140697.328 | Ld=-2112.2869 base=-2.8e+03 margin=690 | Lg=+2926.4834 | 9s | curv=+1.19e+03 wide=+3.88e+03 gfmed=1439.369
  840 acq  m=1 hq=0.041 fail | Dr=+4989.395/+6370.010 |Dr|max=6370.010 Df=+334.492 | g r=231.865 f=26715.006 p=33618.410(7.913) max=153932.141 | Ld=-5270.3232 base=-6.02e+03 margin=753 | Lg=+6033.7393 | 9s | curv=+1.2e+03 wide=+4.43e+03 gfmed=5425.913
  850 acq  m=1 hq=0.000 fail | Dr=+4513.690/+5430.759 |Dr|max=5430.759 Df=-5498.896 | g r=205.102 f=49547.980 p=43332.117(12.757) max=170213.188 | Ld=-8261.1982 base=-8.48e+03 margin=220 | Lg=+13569.9062 | 9s | curv=+2.98e+03 wide=+6.13e+03 gfmed=51491.613
  860 acq  m=0 hq=0.000 fail | Dr=+4049.211/+5037.970 |Dr|max=5037.970 Df=-3969.384 | g r=226.156 f=44122.523 p=39632.703(1.538) max=172528.656 | Ld=-8291.4170 base=-8.5e+03 margin=212 | Lg=+8425.4023 | 9s | curv=+2.72e+03 wide=+7.48e+03 gfmed=41498.402
  870 acq  m=1 hq=0.002 fail | Dr=+4062.665/+5102.388 |Dr|max=5102.388 Df=-2864.486 | g r=164.912 f=39590.285 p=38845.660(7.942) max=149967.344 | Ld=-6260.5083 base=-6.53e+03 margin=273 | Lg=+6864.5728 | 9s | curv=+2.45e+03 wide=+5.75e+03 gfmed=35288.207
  880 acq  m=0 hq=0.000 fail | Dr=+4250.553/+5465.404 |Dr|max=5465.404 Df=-3441.541 | g r=231.963 f=35481.055 p=37875.645(47.551) max=165628.484 | Ld=-6658.9946 base=-6.88e+03 margin=221 | Lg=+6984.8154 | 9s | curv=+3.25e+03 wide=+6.21e+03 gfmed=18643.051
  890 acq  m=0 hq=0.000 fail | Dr=+4406.709/+5770.919 |Dr|max=5770.919 Df=-1632.951 | g r=177.100 f=25832.316 p=36791.977(4.567) max=164197.781 | Ld=-6172.5645 base=-6.35e+03 margin=178 | Lg=+6229.3984 | 9s | curv=+2.86e+03 wide=+5.7e+03 gfmed=10766.827
  900 acq  m=0 hq=0.000 fail | Dr=+4644.890/+6173.866 |Dr|max=6173.866 Df=-1558.151 | g r=205.232 f=26618.941 p=37045.754(12.602) max=164183.469 | Ld=-5525.9639 base=-6e+03 margin=471 | Lg=+6118.0479 | 9s | curv=+2.85e+03 wide=+5.65e+03 gfmed=11969.988
  910 acq  m=0 hq=0.000 fail | Dr=+4960.801/+6728.976 |Dr|max=6728.976 Df=-937.478 | g r=250.576 f=23323.613 p=36858.406(5.069) max=163035.703 | Ld=-5291.2446 base=-5.91e+03 margin=616 | Lg=+6330.7207 | 9s | curv=+3.35e+03 wide=+5.71e+03 gfmed=8080.538
  920 acq  m=0 hq=0.000 fail | Dr=+5355.062/+7400.370 |Dr|max=7400.370 Df=-1056.194 | g r=403.015 f=26239.596 p=37643.352(33.072) max=178604.516 | Ld=-5337.9897 base=-6.34e+03 margin=1.01e+03 | Lg=+6370.4663 | 10s | curv=+2.69e+03 wide=+6.11e+03 gfmed=7987.139
  930 acq  m=0 hq=0.000 fail | Dr=+5914.552/+8250.135 |Dr|max=8250.135 Df=-4932.091 | g r=434.319 f=52468.000 p=52213.816(7.289) max=188982.594 | Ld=-11115.7344 base=-1.17e+04 margin=559 | Lg=+12079.6836 | 10s | curv=+4.41e+03 wide=+6.93e+03 gfmed=51892.820
  940 acq  m=0 hq=0.000 fail | Dr=+5933.145/+8462.244 |Dr|max=8462.244 Df=-8113.734 | g r=286.712 f=54557.488 p=54282.191(1.933) max=205388.156 | Ld=-11155.2451 base=-1.26e+04 margin=1.44e+03 | Lg=+13775.6445 | 10s | curv=+3.85e+03 wide=+7.16e+03 gfmed=53390.844
  950 acq  m=0 hq=0.000 fail | Dr=+6042.721/+8613.840 |Dr|max=8613.840 Df=-13143.285 | g r=301.762 f=63849.898 p=60857.172(12.591) max=212500.625 | Ld=-18728.9824 base=-1.95e+04 margin=760 | Lg=+19113.9238 | 10s | curv=+3.4e+03 wide=+7.69e+03 gfmed=65640.328
  960 acq  m=3 hq=0.016 fail | Dr=+6122.595/+8403.979 |Dr|max=8403.979 Df=-6209.827 | g r=285.661 f=73932.852 p=61776.352(25.895) max=250076.859 | Ld=-12752.3945 base=-1.32e+04 margin=406 | Lg=+14165.4326 | 10s | curv=+3.17e+03 wide=+8.51e+03 gfmed=76910.953
  970 acq  m=1 hq=0.000 fail | Dr=+5331.844/+7130.726 |Dr|max=7130.726 Df=+6014.685 | g r=275.051 f=87983.789 p=81488.891(20.682) max=253232.438 | Ld=-8170.7734 base=-8.97e+03 margin=795 | Lg=+15443.3721 | 10s | curv=+2.55e+03 wide=+1.01e+04 gfmed=91167.539
  980 acq  m=1 hq=0.001 fail | Dr=+4560.530/+5852.111 |Dr|max=5852.111 Df=-17412.268 | g r=295.364 f=87036.719 p=76091.875(11.199) max=262114.750 | Ld=-15796.1328 base=-1.62e+04 margin=411 | Lg=+16859.1191 | 10s | curv=+6.35e+03 wide=+1.13e+04 gfmed=90974.898
  990 acq  m=1 hq=0.006 fail | Dr=+4558.018/+5941.098 |Dr|max=5941.098 Df=-15351.178 | g r=271.480 f=95531.516 p=73092.469(16.126) max=292076.250 | Ld=-15772.3213 base=-1.62e+04 margin=436 | Lg=+16207.9170 | 10s | curv=+5.97e+03 wide=+1.04e+04 gfmed=100452.266
 1000 acq  m=2 hq=0.021 fail | Dr=+4502.825/+6102.513 |Dr|max=6102.513 Df=-9035.615 | g r=254.096 f=60692.770 p=66561.367(5.150) max=296716.688 | Ld=-12524.1406 base=-1.56e+04 margin=3.03e+03 | Lg=+15253.9141 | 10s | curv=+6.16e+03 wide=+1.01e+04 gfmed=46914.430
 1010 acq  m=2 hq=0.010 fail | Dr=+4485.330/+6169.022 |Dr|max=6169.022 Df=-7004.798 | g r=174.596 f=56097.625 p=63312.277(7.453) max=292888.469 | Ld=-12688.1582 base=-1.33e+04 margin=593 | Lg=+13548.0410 | 10s | curv=+1.7e+03 wide=+7.34e+03 gfmed=33350.488
 1020 acq  m=2 hq=0.031 fail | Dr=+4584.166/+6302.310 |Dr|max=6302.310 Df=-3196.088 | g r=174.010 f=42832.965 p=61227.562(5.621) max=285205.406 | Ld=-8512.7080 base=-8.72e+03 margin=202 | Lg=+8611.4189 | 10s | curv=+2.05e+03 wide=+7.54e+03 gfmed=6683.563
 1030 acq  m=1 hq=0.034 fail | Dr=+4741.201/+6429.212 |Dr|max=6429.212 Df=-2072.798 | g r=189.666 f=34257.781 p=57019.961(0.924) max=278099.531 | Ld=-7776.5044 base=-8.01e+03 margin=231 | Lg=+7900.5752 | 11s | curv=+2.46e+03 wide=+7.64e+03 gfmed=2666.696
 1040 acq  m=1 hq=0.029 fail | Dr=+4893.805/+6608.471 |Dr|max=6608.471 Df=-560.054 | g r=220.457 f=25980.887 p=56872.328(10.938) max=272063.375 | Ld=-5045.3633 base=-5.6e+03 margin=551 | Lg=+5949.4790 | 11s | curv=+2.11e+03 wide=+7.03e+03 gfmed=1824.426
 1050 acq  m=1 hq=0.022 fail | Dr=+5046.863/+6733.826 |Dr|max=6733.826 Df=+838.550 | g r=168.995 f=20957.285 p=53049.930(6.005) max=290330.094 | Ld=-3899.1782 base=-4.12e+03 margin=224 | Lg=+4325.7271 | 11s | curv=+1.45e+03 wide=+6.52e+03 gfmed=923.281
 1060 acq  m=1 hq=0.042 fail | Dr=+5280.011/+6854.057 |Dr|max=6854.057 Df=+2077.739 | g r=236.760 f=15671.811 p=52976.461(21.950) max=282705.938 | Ld=-2580.4443 base=-3.16e+03 margin=580 | Lg=+3219.1250 | 11s | curv=+2.01e+03 wide=+7.08e+03 gfmed=941.855
 1070 acq  m=1 hq=0.049 fail | Dr=+5551.694/+6922.696 |Dr|max=6922.696 Df=+2258.152 | g r=306.194 f=13940.622 p=53298.570(12.202) max=294279.781 | Ld=-3322.7393 base=-3.83e+03 margin=506 | Lg=+4233.9863 | 11s | curv=+1.86e+03 wide=+7.18e+03 gfmed=936.990
 1080 acq  m=1 hq=0.051 fail | Dr=+5769.688/+6835.159 |Dr|max=6835.159 Df=+2660.735 | g r=247.479 f=13925.166 p=55214.715(5.096) max=303900.344 | Ld=-2718.2007 base=-3.31e+03 margin=592 | Lg=+3572.9919 | 11s | curv=+1.32e+03 wide=+6.95e+03 gfmed=870.981
 1090 acq  m=1 hq=0.045 fail | Dr=+6065.215/+6793.132 |Dr|max=6793.132 Df=+2068.771 | g r=198.305 f=19851.121 p=59124.605(11.464) max=302194.219 | Ld=-3551.6187 base=-3.87e+03 margin=322 | Lg=+4228.2012 | 11s | curv=+1.78e+03 wide=+8.05e+03 gfmed=1059.712
 1100 acq  m=1 hq=0.043 fail | Dr=+6377.353/+7170.017 |Dr|max=7170.017 Df=+1703.606 | g r=341.686 f=18803.141 p=59661.875(33.035) max=309232.594 | Ld=-3192.5366 base=-4.57e+03 margin=1.38e+03 | Lg=+4521.0029 | 11s | curv=+2.47e+03 wide=+9.58e+03 gfmed=793.788
 1110 acq  m=1 hq=0.044 fail | Dr=+6614.782/+7299.609 |Dr|max=7299.609 Df=+2373.351 | g r=194.284 f=13678.348 p=58286.500(7.436) max=278126.594 | Ld=-3701.3047 base=-4.23e+03 margin=526 | Lg=+4291.6465 | 11s | curv=+1.77e+03 wide=+7.83e+03 gfmed=769.572
 1120 acq  m=1 hq=0.036 fail | Dr=+6983.738/+7815.570 |Dr|max=7815.570 Df=+2311.352 | g r=214.952 f=13888.754 p=59393.938(6.483) max=327204.469 | Ld=-3922.4441 base=-4.45e+03 margin=530 | Lg=+4515.7207 | 12s | curv=+1.63e+03 wide=+7.99e+03 gfmed=876.095
 1130 acq  m=1 hq=0.042 fail | Dr=+7376.124/+8395.512 |Dr|max=8395.512 Df=+2835.106 | g r=267.142 f=13648.381 p=57917.148(22.242) max=315505.531 | Ld=+7919.5654 base=-4.82e+03 margin=1.27e+04 | Lg=+4718.5132 | 12s | curv=+848 wide=+6.15e+03 gfmed=876.311
 1140 acq  m=1 hq=0.034 fail | Dr=+7858.835/+8933.794 |Dr|max=8933.794 Df=+2524.345 | g r=296.913 f=19652.324 p=60076.633(22.735) max=312548.219 | Ld=-4642.9136 base=-5.48e+03 margin=834 | Lg=+5559.2090 | 12s | curv=+1.85e+03 wide=+7.37e+03 gfmed=1042.547
 1150 acq  m=1 hq=0.041 fail | Dr=+8288.895/+9443.203 |Dr|max=9443.203 Df=+3233.264 | g r=267.276 f=12807.609 p=59172.543(13.659) max=306452.156 | Ld=-4420.2798 base=-5.15e+03 margin=733 | Lg=+5147.8369 | 12s | curv=+2.37e+03 wide=+8.07e+03 gfmed=1064.112
 1160 acq  m=1 hq=0.047 fail | Dr=+8911.047/+10213.775 |Dr|max=10213.775 Df=+3285.366 | g r=468.898 f=12459.332 p=61129.605(19.020) max=312490.750 | Ld=-4630.0181 base=-5.91e+03 margin=1.28e+03 | Lg=+5922.4360 | 12s | curv=+2.88e+03 wide=+8.73e+03 gfmed=1203.427
 1170 acq  m=1 hq=0.035 fail | Dr=+9241.829/+10594.175 |Dr|max=10594.175 Df=+2614.078 | g r=272.797 f=22120.871 p=66115.992(43.165) max=347058.188 | Ld=-6556.1895 base=-7.04e+03 margin=485 | Lg=+7220.0625 | 12s | curv=+2.4e+03 wide=+9e+03 gfmed=1444.547
 1180 acq  m=1 hq=0.031 fail | Dr=+9492.220/+10852.522 |Dr|max=10852.522 Df=+3304.497 | g r=233.013 f=17588.525 p=65364.832(7.666) max=337051.625 | Ld=-5582.2178 base=-6.28e+03 margin=699 | Lg=+6432.1646 | 12s | curv=+1.65e+03 wide=+7.76e+03 gfmed=1339.859
 1190 acq  m=1 hq=0.042 fail | Dr=+9819.506/+11271.498 |Dr|max=11271.498 Df=+3362.331 | g r=314.987 f=18351.770 p=64739.242(26.672) max=342103.344 | Ld=-5587.9062 base=-6.55e+03 margin=958 | Lg=+6722.4570 | 12s | curv=+2.7e+03 wide=+8.67e+03 gfmed=1436.924
 1200 acq  m=1 hq=0.030 fail | Dr=+10199.406/+11811.742 |Dr|max=11811.742 Df=+3473.647 | g r=232.612 f=16061.847 p=65619.164(16.493) max=355824.344 | Ld=-5729.6924 base=-6.65e+03 margin=923 | Lg=+6841.2910 | 12s | curv=+1.94e+03 wide=+8.28e+03 gfmed=1622.340
 1210 hold m=1 hq=0.040 fail | Dr=+10507.536/+12282.801 |Dr|max=12282.801 Df=+3063.772 | g r=276.680 f=16705.949 p=65194.297(13.553) max=366732.875 | Ld=-4919.4805 base=-7.53e+03 margin=2.61e+03 | Lg=+7500.6289 | 12s | curv=+2.28e+03 wide=+8.78e+03 gfmed=1764.410
 1220 hold m=2 hq=0.042 fail | Dr=+11071.518/+13097.810 |Dr|max=13097.810 Df=+3194.270 | g r=762.169 f=18499.223 p=67962.172(56.713) max=375254.625 | Ld=-4767.9434 base=-7.99e+03 margin=3.22e+03 | Lg=+7962.7695 | 13s | curv=+5.5e+03 wide=+1.19e+04 gfmed=2263.384
 1230 hold m=2 hq=0.038 fail | Dr=+11247.142/+13233.622 |Dr|max=13233.622 Df=+4077.670 | g r=241.648 f=14023.894 p=65464.402(15.631) max=363389.344 | Ld=-6433.0928 base=-7.22e+03 margin=785 | Lg=+7248.2969 | 13s | curv=+1.85e+03 wide=+7.39e+03 gfmed=2085.814
 1240 hold m=2 hq=0.044 fail | Dr=+11608.531/+13790.276 |Dr|max=13790.276 Df=+4227.842 | g r=339.055 f=13014.667 p=63867.977(28.566) max=359230.094 | Ld=-5793.2661 base=-7.49e+03 margin=1.7e+03 | Lg=+7407.7144 | 13s | curv=+1.97e+03 wide=+7.26e+03 gfmed=1934.821
 1250 hold m=1 hq=0.023 fail | Dr=+11952.045/+14337.601 |Dr|max=14337.601 Df=+3497.795 | g r=366.395 f=31205.930 p=68230.688(17.490) max=358612.188 | Ld=-7110.2329 base=-8.77e+03 margin=1.66e+03 | Lg=+8634.3242 | 13s | curv=+1.99e+03 wide=+7.11e+03 gfmed=2633.325
 1260 hold m=2 hq=0.051 fail | Dr=+12542.795/+15030.744 |Dr|max=15030.744 Df=+5204.720 | g r=537.772 f=21132.059 p=68907.742(13.168) max=368102.031 | Ld=-5020.1538 base=-7.31e+03 margin=2.29e+03 | Lg=+7633.4082 | 13s | curv=+3.89e+03 wide=+8.92e+03 gfmed=2744.175
 1270 hold m=1 hq=0.006 fail | Dr=+12915.727/+15465.521 |Dr|max=15465.521 Df=-1411.260 | g r=610.013 f=73574.594 p=77008.875(10.623) max=379457.906 | Ld=-15127.9834 base=-1.66e+04 margin=1.48e+03 | Lg=+16619.3770 | 13s | curv=+4.5e+03 wide=+9.76e+03 gfmed=13430.717
 1280 hold m=1 hq=0.015 fail | Dr=+13050.568/+15409.191 |Dr|max=15409.191 Df=+4038.904 | g r=484.659 f=43175.219 p=75764.945(5.444) max=397254.312 | Ld=-3979.6299 base=-6.7e+03 margin=2.72e+03 | Lg=+7481.7285 | 13s | curv=+4e+03 wide=+9.62e+03 gfmed=3721.238
 1290 hold m=1 hq=0.003 fail | Dr=+13002.154/+15260.845 |Dr|max=15260.845 Df=+1659.960 | g r=748.667 f=58792.945 p=86527.898(57.872) max=394239.875 | Ld=-7151.8286 base=-1.06e+04 margin=3.44e+03 | Lg=+12302.6572 | 13s | curv=+6.59e+03 wide=+1.23e+04 gfmed=6012.229
 1300 hold m=2 hq=0.050 fail | Dr=+12836.146/+14895.914 |Dr|max=14895.914 Df=+3027.802 | g r=788.537 f=52071.188 p=90228.516(15.221) max=446593.875 | Ld=-11441.5488 base=-1.36e+04 margin=2.16e+03 | Lg=+14824.9121 | 13s | curv=+3.73e+03 wide=+1.42e+04 gfmed=3706.503
 1310 hold m=2 hq=0.046 fail | Dr=+13005.114/+15323.619 |Dr|max=15323.619 Df=+6226.692 | g r=647.376 f=36147.852 p=89783.391(33.714) max=436792.531 | Ld=-4493.5088 base=-7.02e+03 margin=2.52e+03 | Lg=+7719.9224 | 13s | curv=+6.37e+03 wide=+1.3e+04 gfmed=3091.164
 1320 hold m=2 hq=0.039 fail | Dr=+12960.783/+15292.214 |Dr|max=15292.214 Df=+6440.361 | g r=515.366 f=32460.750 p=84667.062(23.018) max=419206.594 | Ld=+130912.3984 base=-6.87e+03 margin=1.38e+05 | Lg=+7292.5273 | 14s | curv=+3.7e+03 wide=+1.13e+04 gfmed=3149.002
 1330 hold m=1 hq=0.019 fail | Dr=+12796.186/+15147.398 |Dr|max=15147.398 Df=-511.157 | g r=479.953 f=67473.656 p=87179.562(13.585) max=406847.438 | Ld=-7472.0068 base=-9.32e+03 margin=1.85e+03 | Lg=+9791.2051 | 14s | curv=+2.72e+03 wide=+1.12e+04 gfmed=4723.966
 1340 hold m=2 hq=0.041 fail | Dr=+12827.106/+15159.818 |Dr|max=15159.818 Df=+6749.727 | g r=323.173 f=37837.008 p=85654.180(9.561) max=411725.250 | Ld=-4608.8960 base=-6.01e+03 margin=1.4e+03 | Lg=+7517.3110 | 14s | curv=+1.42e+03 wide=+9.98e+03 gfmed=3493.028
 1350 hold m=2 hq=0.036 fail | Dr=+12591.236/+14937.805 |Dr|max=14937.805 Df=+7850.323 | g r=322.397 f=35533.656 p=87456.812(13.690) max=428475.969 | Ld=-3626.0833 base=-4.94e+03 margin=1.31e+03 | Lg=+6828.9580 | 14s | curv=+1.63e+03 wide=+9.63e+03 gfmed=2927.054
 1360 hold m=2 hq=0.032 fail | Dr=+12360.244/+14794.465 |Dr|max=14794.465 Df=+8168.356 | g r=564.693 f=43434.125 p=90740.375(36.712) max=419171.906 | Ld=+113.0073 base=-4.33e+03 margin=4.44e+03 | Lg=+6901.5645 | 14s | curv=+1.83e+03 wide=+9.71e+03 gfmed=5963.959
 1370 hold m=1 hq=0.024 fail | Dr=+12060.709/+14479.149 |Dr|max=14479.149 Df=-4601.805 | g r=371.255 f=79312.594 p=102039.328(1.109) max=447696.562 | Ld=-16714.9473 base=-1.71e+04 margin=366 | Lg=+17795.7695 | 14s | curv=+5.45e+03 wide=+1.26e+04 gfmed=13622.348
 1380 hold m=1 hq=0.021 fail | Dr=+12110.034/+14705.926 |Dr|max=14705.926 Df=-2252.783 | g r=521.833 f=74503.547 p=104039.133(4.037) max=463205.594 | Ld=-19631.3652 base=-2.07e+04 margin=1.05e+03 | Lg=+20911.2070 | 14s | curv=+5.96e+03 wide=+1.54e+04 gfmed=12390.402
 1390 hold m=2 hq=0.030 fail | Dr=+12317.855/+15072.667 |Dr|max=15072.667 Df=+2483.982 | g r=520.446 f=35264.402 p=92424.109(33.682) max=446669.812 | Ld=+94852.8828 base=-1.03e+04 margin=1.05e+05 | Lg=+10670.1074 | 14s | curv=+5.03e+03 wide=+1.45e+04 gfmed=3444.917
 1400 hold m=2 hq=0.032 fail | Dr=+12611.868/+15521.812 |Dr|max=15521.812 Df=+3191.645 | g r=468.293 f=30991.871 p=89762.203(34.185) max=438063.688 | Ld=+23381.6680 base=-9.57e+03 margin=3.29e+04 | Lg=+9171.5586 | 14s | curv=+3.3e+03 wide=+1.13e+04 gfmed=3421.457
 1410 hold m=2 hq=0.028 fail | Dr=+12967.704/+15937.798 |Dr|max=15937.798 Df=+3956.240 | g r=753.475 f=36777.852 p=93729.891(28.967) max=451126.531 | Ld=-3353.9033 base=-9.24e+03 margin=5.88e+03 | Lg=+9271.8457 | 14s | curv=+3.54e+03 wide=+1.24e+04 gfmed=3812.942
 1420 hold m=2 hq=0.040 fail | Dr=+13309.035/+16312.758 |Dr|max=16312.758 Df=+4101.874 | g r=367.441 f=41519.242 p=94818.203(16.722) max=471376.219 | Ld=-7947.3076 base=-8.82e+03 margin=874 | Lg=+9201.5391 | 14s | curv=+2.84e+03 wide=+1.24e+04 gfmed=3531.545
 1430 hold m=2 hq=0.020 fail | Dr=+13263.367/+16407.762 |Dr|max=16407.762 Df=-6651.636 | g r=376.157 f=87731.328 p=106779.539(24.585) max=473451.031 | Ld=-20273.3340 base=-2.14e+04 margin=1.09e+03 | Lg=+22033.9668 | 15s | curv=+2.51e+03 wide=+1.06e+04 gfmed=22144.100
 1440 hold m=2 hq=0.046 fail | Dr=+13697.100/+16837.926 |Dr|max=16837.926 Df=+4891.184 | g r=745.743 f=35663.680 p=93156.531(16.042) max=455120.750 | Ld=-6267.9067 base=-8.71e+03 margin=2.44e+03 | Lg=+9095.7988 | 15s | curv=+4.97e+03 wide=+1.23e+04 gfmed=3211.064
 1450 hold m=2 hq=0.034 fail | Dr=+13865.271/+17066.809 |Dr|max=17066.809 Df=+4985.543 | g r=311.399 f=39847.676 p=95007.062(17.630) max=475207.781 | Ld=-8159.4858 base=-8.8e+03 margin=644 | Lg=+9444.8086 | 15s | curv=+2.47e+03 wide=+1.05e+04 gfmed=3232.517
 1460 hold m=2 hq=0.044 fail | Dr=+14154.037/+17404.312 |Dr|max=17404.312 Df=+5076.744 | g r=388.787 f=29435.797 p=91793.891(23.115) max=468974.250 | Ld=-7481.4258 base=-9.17e+03 margin=1.68e+03 | Lg=+9306.8555 | 15s | curv=+3.03e+03 wide=+1.08e+04 gfmed=3098.126
 1470 hold m=2 hq=0.007 fail | Dr=+14393.221/+17951.545 |Dr|max=17951.545 Df=-613.108 | g r=369.450 f=89995.703 p=104155.922(27.573) max=480526.250 | Ld=+24682.5352 base=-1.8e+04 margin=4.27e+04 | Lg=+17458.0312 | 15s | curv=+685 wide=+8.61e+03 gfmed=14713.477
 1480 hold m=2 hq=0.032 fail | Dr=+14645.987/+18178.691 |Dr|max=18178.691 Df=+4581.904 | g r=289.565 f=28576.824 p=90416.359(12.181) max=501203.562 | Ld=-9715.1689 base=-1.02e+04 margin=488 | Lg=+10348.8994 | 15s | curv=+1.95e+03 wide=+9.81e+03 gfmed=3045.042
 1490 hold m=2 hq=0.041 fail | Dr=+14985.180/+18661.828 |Dr|max=18661.828 Df=+6543.689 | g r=393.161 f=32878.648 p=93178.742(8.286) max=498154.625 | Ld=-6949.4492 base=-8.99e+03 margin=2.04e+03 | Lg=+9252.7812 | 15s | curv=+2.42e+03 wide=+9.09e+03 gfmed=3288.927
 1500 hold m=2 hq=0.042 fail | Dr=+15079.014/+18780.309 |Dr|max=18780.309 Df=+7080.630 | g r=384.294 f=36433.328 p=93712.930(25.711) max=505887.219 | Ld=-8323.9346 base=-1.06e+04 margin=2.24e+03 | Lg=+10881.3672 | 15s | curv=+2.03e+03 wide=+8.61e+03 gfmed=3855.931
 1510 hold m=2 hq=0.025 fail | Dr=+15036.411/+18773.645 |Dr|max=18773.645 Df=+420.233 | g r=346.172 f=72453.523 p=101455.875(44.199) max=499719.469 | Ld=-16493.4805 base=-1.76e+04 margin=1.09e+03 | Lg=+17678.0684 | 15s | curv=+2.02e+03 wide=+9.12e+03 gfmed=5897.767
 1520 hold m=0 hq=0.000 fail | Dr=+14709.177/+18272.883 |Dr|max=18272.883 Df=-12310.245 | g r=394.885 f=168016.297 p=140207.891(21.268) max=536484.688 | Ld=-22509.5469 base=-2.43e+04 margin=1.74e+03 | Lg=+28917.1406 | 15s | curv=+3.04e+03 wide=+1.18e+04 gfmed=167448.109
 1530 hold m=3 hq=0.013 fail | Dr=+14590.140/+18402.703 |Dr|max=18402.703 Df=-2830.328 | g r=287.104 f=77631.844 p=105088.312(8.841) max=532162.062 | Ld=-17549.2676 base=-1.81e+04 margin=542 | Lg=+17840.6289 | 16s | curv=+1.95e+03 wide=+9.66e+03 gfmed=4141.896
 1540 hold m=2 hq=0.027 fail | Dr=+14883.291/+18784.195 |Dr|max=18784.195 Df=+3653.446 | g r=419.968 f=40647.895 p=96560.828(24.170) max=545193.062 | Ld=-4045.9634 base=-1.09e+04 margin=6.88e+03 | Lg=+11049.1963 | 16s | curv=+2.42e+03 wide=+1.01e+04 gfmed=3013.593
 1550 hold m=2 hq=0.026 fail | Dr=+15352.169/+19366.768 |Dr|max=19366.768 Df=+4041.644 | g r=322.961 f=26948.002 p=92711.266(18.925) max=536988.750 | Ld=-10715.1494 base=-1.16e+04 margin=841 | Lg=+11485.7383 | 16s | curv=+2.24e+03 wide=+9.99e+03 gfmed=2232.069
 1560 hold m=2 hq=0.045 fail | Dr=+15625.700/+19743.059 |Dr|max=19743.059 Df=+4528.749 | g r=471.153 f=35980.363 p=97946.398(28.549) max=500589.531 | Ld=-8736.1416 base=-1.11e+04 margin=2.37e+03 | Lg=+11017.6055 | 16s | curv=+2.86e+03 wide=+1.03e+04 gfmed=1908.625
 1570 hold m=2 hq=0.022 fail | Dr=+15932.453/+20153.430 |Dr|max=20153.430 Df=+667.589 | g r=818.422 f=66346.812 p=103254.562(25.211) max=502445.844 | Ld=-8517.9131 base=-1.11e+04 margin=2.58e+03 | Lg=+11457.8457 | 16s | curv=+5.35e+03 wide=+1.24e+04 gfmed=2875.808
 1580 hold m=2 hq=0.042 fail | Dr=+16048.048/+20586.953 |Dr|max=20586.953 Df=+6132.557 | g r=396.963 f=43076.023 p=106800.703(16.366) max=519422.219 | Ld=-8326.7637 base=-1.04e+04 margin=2.05e+03 | Lg=+11748.4014 | 16s | curv=+2.86e+03 wide=+9.71e+03 gfmed=3917.095
 1590 hold m=2 hq=0.048 fail | Dr=+16145.590/+20594.166 |Dr|max=20594.166 Df=+5652.519 | g r=557.760 f=37519.344 p=100415.625(40.326) max=522445.750 | Ld=-6849.2471 base=-1.04e+04 margin=3.52e+03 | Lg=+10845.4082 | 16s | curv=+2.43e+03 wide=+9.67e+03 gfmed=2835.804
 1600 hold m=2 hq=0.043 fail | Dr=+16429.457/+20890.607 |Dr|max=20890.607 Df=+5932.430 | g r=595.888 f=55855.320 p=110980.258(8.952) max=519858.031 | Ld=-9168.4766 base=-1.07e+04 margin=1.55e+03 | Lg=+11206.3887 | 16s | curv=+4.22e+03 wide=+1.15e+04 gfmed=5167.259
 1610 hold m=2 hq=0.024 fail | Dr=+16058.838/+20186.086 |Dr|max=20186.086 Df=+2163.208 | g r=298.090 f=76838.375 p=106507.930(14.865) max=519292.312 | Ld=-10828.1367 base=-1.15e+04 margin=632 | Lg=+11953.7217 | 16s | curv=+2.78e+03 wide=+9.55e+03 gfmed=9271.292
 1620 hold m=2 hq=0.077 fail | Dr=+16068.952/+20505.750 |Dr|max=20505.750 Df=+8609.496 | g r=569.702 f=45186.203 p=98575.570(10.807) max=518255.406 | Ld=+454164.8125 base=-7.8e+03 margin=4.62e+05 | Lg=+8664.6582 | 16s | curv=+2.36e+03 wide=+7.84e+03 gfmed=3923.730
 1630 hold m=2 hq=0.057 fail | Dr=+16073.311/+20415.283 |Dr|max=20415.283 Df=+8145.967 | g r=353.894 f=49794.430 p=103435.594(36.422) max=515722.625 | Ld=-5772.3711 base=-6.62e+03 margin=851 | Lg=+8259.5752 | 17s | curv=+1.95e+03 wide=+7.7e+03 gfmed=5049.190
 1640 hold m=2 hq=0.059 fail | Dr=+15750.192/+20100.264 |Dr|max=20100.264 Df=+11953.018 | g r=380.456 f=50594.914 p=106490.461(21.885) max=509412.188 | Ld=-3133.5330 base=-5.21e+03 margin=2.08e+03 | Lg=+8090.8408 | 17s | curv=+1.98e+03 wide=+7.5e+03 gfmed=6029.341
 1650 hold m=2 hq=0.054 fail | Dr=+15480.732/+19885.801 |Dr|max=19885.801 Df=+9159.533 | g r=439.463 f=49026.906 p=103321.469(30.612) max=494420.219 | Ld=-3455.5015 base=-6.14e+03 margin=2.68e+03 | Lg=+8688.7783 | 17s | curv=+1.31e+03 wide=+7.31e+03 gfmed=5227.482
 1660 hold m=1 hq=0.013 fail | Dr=+15198.463/+19775.658 |Dr|max=19775.658 Df=-5115.205 | g r=640.703 f=106353.234 p=115165.383(10.922) max=518906.719 | Ld=-13414.0508 base=-1.97e+04 margin=6.33e+03 | Lg=+21070.5586 | 17s | curv=+734 wide=+7.33e+03 gfmed=62748.215
 1670 hold m=1 hq=0.025 fail | Dr=+15426.106/+20006.713 |Dr|max=20006.713 Df=-1824.882 | g r=262.494 f=82012.555 p=103834.953(6.383) max=543312.500 | Ld=-22382.8203 base=-2.27e+04 margin=267 | Lg=+22029.3789 | 17s | curv=+2.01e+03 wide=+8.95e+03 gfmed=8950.822
 1680 hold m=2 hq=0.059 fail | Dr=+15659.176/+20251.191 |Dr|max=20251.191 Df=+4267.246 | g r=456.411 f=50561.207 p=104345.750(27.917) max=552355.688 | Ld=-7594.1367 base=-1.27e+04 margin=5.15e+03 | Lg=+12579.1836 | 17s | curv=+2.73e+03 wide=+9.91e+03 gfmed=3253.983
 1690 hold m=1 hq=0.010 fail | Dr=+15900.084/+20362.420 |Dr|max=20362.420 Df=+710.065 | g r=373.596 f=63910.352 p=101626.414(19.542) max=544100.125 | Ld=-18498.1699 base=-1.95e+04 margin=953 | Lg=+19251.3438 | 17s | curv=+3.32e+03 wide=+9.54e+03 gfmed=4773.907
 1700 hold m=2 hq=0.008 fail | Dr=+16287.996/+20976.500 |Dr|max=20976.500 Df=+111.640 | g r=583.698 f=69118.312 p=104280.742(10.815) max=528319.500 | Ld=-17568.1914 base=-1.9e+04 margin=1.47e+03 | Lg=+18507.5664 | 17s | curv=+2.9e+03 wide=+9.3e+03 gfmed=4393.936
 1710 hold m=2 hq=0.118 fail | Dr=+16504.625/+21153.939 |Dr|max=21153.939 Df=+4775.895 | g r=349.466 f=44769.301 p=104675.812(8.793) max=543209.750 | Ld=-10851.2148 base=-1.17e+04 margin=841 | Lg=+11802.8906 | 17s | curv=+2.97e+03 wide=+9.57e+03 gfmed=2681.906
 1720 hold m=2 hq=0.083 fail | Dr=+16786.680/+21545.410 |Dr|max=21545.410 Df=+4674.360 | g r=513.352 f=48733.207 p=107037.094(39.779) max=529761.125 | Ld=-9248.3105 base=-1.19e+04 margin=2.61e+03 | Lg=+11875.8721 | 17s | curv=+3.92e+03 wide=+1.06e+04 gfmed=3476.599
 1730 hold m=2 hq=0.072 fail | Dr=+17386.277/+22297.758 |Dr|max=22297.758 Df=+3868.207 | g r=668.365 f=55291.984 p=110704.453(68.142) max=528122.750 | Ld=-11992.0664 base=-1.36e+04 margin=1.58e+03 | Lg=+13724.4531 | 17s | curv=+2.67e+03 wide=+9.98e+03 gfmed=4337.642
 1740 hold m=1 hq=0.061 fail | Dr=+17318.281/+22182.141 |Dr|max=22182.141 Df=+1253.511 | g r=303.343 f=66312.891 p=115883.219(18.572) max=567115.500 | Ld=-15957.5625 base=-1.64e+04 margin=397 | Lg=+16751.8926 | 18s | curv=+2.99e+03 wide=+1.16e+04 gfmed=4460.581
 1750 hold m=2 hq=0.026 fail | Dr=+17762.070/+22693.969 |Dr|max=22693.969 Df=+2867.078 | g r=483.147 f=39593.891 p=108651.297(37.365) max=567055.188 | Ld=-11391.7363 base=-1.54e+04 margin=4.04e+03 | Lg=+15038.0859 | 18s | curv=+2.41e+03 wide=+1.12e+04 gfmed=2857.398
 1760 hold m=2 hq=0.045 fail | Dr=+18840.910/+24164.102 |Dr|max=24164.102 Df=+2621.021 | g r=531.075 f=49783.484 p=113363.812(19.832) max=594987.312 | Ld=-14043.6182 base=-1.6e+04 margin=1.91e+03 | Lg=+15911.3711 | 18s | curv=+614 wide=+1.02e+04 gfmed=3213.528
 1770 hold m=2 hq=0.031 fail | Dr=+18826.426/+24029.430 |Dr|max=24029.430 Df=+3432.477 | g r=365.701 f=42173.609 p=111176.344(4.005) max=583590.875 | Ld=-13630.1445 base=-1.48e+04 margin=1.12e+03 | Lg=+14661.3018 | 18s | curv=+3.45e+03 wide=+1.07e+04 gfmed=2867.398
 1780 hold m=2 hq=0.015 fail | Dr=+19090.463/+24383.600 |Dr|max=24383.600 Df=+4889.792 | g r=361.921 f=31876.670 p=103157.625(17.541) max=587278.625 | Ld=-12766.4990 base=-1.42e+04 margin=1.47e+03 | Lg=+14097.4570 | 18s | curv=+2.61e+03 wide=+9.43e+03 gfmed=2916.463
 1790 hold m=2 hq=0.035 fail | Dr=+19371.727/+24710.471 |Dr|max=24710.471 Df=+5491.696 | g r=425.810 f=34864.301 p=104418.891(24.309) max=556679.125 | Ld=-11994.5703 base=-1.33e+04 margin=1.33e+03 | Lg=+13561.9277 | 18s | curv=+3.66e+03 wide=+1.01e+04 gfmed=2701.383
 1800 hold m=2 hq=0.029 fail | Dr=+19760.891/+25202.611 |Dr|max=25202.611 Df=+6101.468 | g r=349.158 f=32675.730 p=107330.461(10.811) max=576566.438 | Ld=-12531.0391 base=-1.33e+04 margin=733 | Lg=+13337.9766 | 18s | curv=+1.84e+03 wide=+8.77e+03 gfmed=2746.323
 1810 hold m=1 hq=0.007 fail | Dr=+19948.805/+25473.477 |Dr|max=25473.477 Df=+1601.627 | g r=391.074 f=74239.078 p=118810.453(23.893) max=556013.438 | Ld=-19032.0781 base=-2.02e+04 margin=1.17e+03 | Lg=+20806.5938 | 18s | curv=+2.94e+03 wide=+9.76e+03 gfmed=5690.504
 1820 hold m=2 hq=0.044 fail | Dr=+20224.742/+25877.830 |Dr|max=25877.830 Df=+5296.437 | g r=446.615 f=43100.816 p=108536.133(12.132) max=578817.000 | Ld=-14941.0449 base=-1.61e+04 margin=1.2e+03 | Lg=+16686.5469 | 18s | curv=+3.23e+03 wide=+1.06e+04 gfmed=2717.569
 1830 hold m=1 hq=0.013 fail | Dr=+20372.844/+26225.920 |Dr|max=26225.920 Df=+6937.093 | g r=611.255 f=30949.387 p=105532.078(19.063) max=598690.688 | Ld=-213.5049 base=-1.33e+04 margin=1.31e+04 | Lg=+13594.3477 | 18s | curv=+2.75e+03 wide=+1.04e+04 gfmed=2277.362
 1840 hold m=2 hq=0.020 fail | Dr=+21026.875/+27162.807 |Dr|max=27162.807 Df=+7695.919 | g r=349.588 f=42867.133 p=111112.656(23.161) max=573373.000 | Ld=-11640.0225 base=-1.27e+04 margin=1.02e+03 | Lg=+13456.0732 | 19s | curv=+2.46e+03 wide=+9.39e+03 gfmed=3178.135
 1850 hold m=2 hq=0.043 fail | Dr=+20726.160/+26851.805 |Dr|max=26851.805 Df=+7011.661 | g r=555.399 f=55687.141 p=120722.516(53.607) max=592501.438 | Ld=-13567.3135 base=-2e+04 margin=6.46e+03 | Lg=+20660.2461 | 19s | curv=+5.72e+03 wide=+1.22e+04 gfmed=4431.838
 1860 hold m=2 hq=0.021 fail | Dr=+21135.738/+27669.258 |Dr|max=27669.258 Df=+3099.773 | g r=631.167 f=59554.484 p=116997.922(29.521) max=597767.562 | Ld=-13511.1895 base=-1.88e+04 margin=5.26e+03 | Lg=+18456.0859 | 19s | curv=+6.19e+03 wide=+1.22e+04 gfmed=3365.705
 1870 hold m=2 hq=0.049 fail | Dr=+21282.484/+27919.289 |Dr|max=27919.289 Df=+7380.035 | g r=715.407 f=41309.328 p=113627.258(27.127) max=602326.000 | Ld=-7969.5166 base=-1.41e+04 margin=6.1e+03 | Lg=+14237.0996 | 19s | curv=+5.92e+03 wide=+1.23e+04 gfmed=3021.592
 1880 hold m=2 hq=0.057 fail | Dr=+21672.371/+28415.869 |Dr|max=28415.869 Df=+7887.096 | g r=771.650 f=50354.992 p=119762.055(68.374) max=605801.562 | Ld=-9512.9062 base=-1.37e+04 margin=4.18e+03 | Lg=+13878.9951 | 19s | curv=+5.65e+03 wide=+1.23e+04 gfmed=3846.213
 1890 hold m=2 hq=0.023 fail | Dr=+21931.779/+28810.633 |Dr|max=28810.633 Df=+7770.547 | g r=450.055 f=43089.422 p=119143.312(8.154) max=596541.062 | Ld=-12308.5771 base=-1.38e+04 margin=1.46e+03 | Lg=+14228.3906 | 19s | curv=+4.22e+03 wide=+1.12e+04 gfmed=3967.376
 1900 hold m=2 hq=0.034 fail | Dr=+22061.922/+29083.139 |Dr|max=29083.139 Df=+7415.093 | g r=418.457 f=45652.191 p=118446.695(30.928) max=600876.438 | Ld=-12784.3086 base=-1.42e+04 margin=1.42e+03 | Lg=+14603.6396 | 19s | curv=+5.71e+03 wide=+1.17e+04 gfmed=3927.246
 1910 hold m=1 hq=0.018 fail | Dr=+22406.658/+29284.879 |Dr|max=29284.879 Df=+9000.508 | g r=489.763 f=24325.684 p=107635.961(24.804) max=612112.562 | Ld=-9864.1855 base=-1.37e+04 margin=3.81e+03 | Lg=+14224.8896 | 19s | curv=+2.23e+03 wide=+9.34e+03 gfmed=2366.657
 1920 hold m=2 hq=0.053 fail | Dr=+22903.500/+29907.359 |Dr|max=29907.359 Df=+9348.767 | g r=637.475 f=47318.789 p=116699.711(7.310) max=589248.250 | Ld=-12402.1309 base=-1.35e+04 margin=1.11e+03 | Lg=+14232.7432 | 19s | curv=+3.63e+03 wide=+1.06e+04 gfmed=4068.522
 1930 hold m=2 hq=0.032 fail | Dr=+22742.488/+29831.621 |Dr|max=29831.621 Df=+9630.084 | g r=412.989 f=40694.941 p=115385.211(13.718) max=611140.125 | Ld=-10663.2158 base=-1.27e+04 margin=2.02e+03 | Lg=+13580.2227 | 20s | curv=+3.72e+03 wide=+1.06e+04 gfmed=3456.550
 1940 hold m=2 hq=0.036 fail | Dr=+22881.383/+30140.875 |Dr|max=30140.875 Df=+8065.782 | g r=1176.478 f=57439.016 p=119737.516(68.465) max=616921.312 | Ld=+1568.1621 base=-1.57e+04 margin=1.73e+04 | Lg=+16393.9297 | 20s | curv=+4.7e+03 wide=+1.2e+04 gfmed=4839.070
 1950 hold m=2 hq=0.040 fail | Dr=+22990.785/+30393.994 |Dr|max=30393.994 Df=+8638.584 | g r=411.313 f=51962.180 p=121342.766(16.917) max=627101.938 | Ld=-10245.9316 base=-1.42e+04 margin=3.98e+03 | Lg=+14909.8828 | 20s | curv=+4.09e+03 wide=+1.12e+04 gfmed=4331.041
 1960 hold m=2 hq=0.100 fail | Dr=+23053.902/+30576.469 |Dr|max=30576.469 Df=+7784.898 | g r=389.224 f=53933.895 p=125743.578(5.191) max=633788.562 | Ld=-12542.5732 base=-1.45e+04 margin=1.98e+03 | Lg=+15184.0947 | 20s | curv=+4.69e+03 wide=+1.09e+04 gfmed=4918.480
 1970 hold m=2 hq=0.093 fail | Dr=+23068.350/+30785.605 |Dr|max=30785.605 Df=+7054.786 | g r=876.095 f=63252.664 p=130653.656(59.178) max=643682.188 | Ld=-5931.1748 base=-1.56e+04 margin=9.69e+03 | Lg=+16090.2344 | 20s | curv=+5.04e+03 wide=+1.22e+04 gfmed=5325.707
 1980 hold m=2 hq=0.068 fail | Dr=+23633.488/+31662.539 |Dr|max=31662.539 Df=+7188.020 | g r=635.689 f=66630.289 p=136356.031(33.274) max=643141.812 | Ld=-15415.8887 base=-1.65e+04 margin=1.1e+03 | Lg=+17358.8984 | 20s | curv=+6.09e+03 wide=+1.38e+04 gfmed=5549.503
 1990 hold m=2 hq=0.020 fail | Dr=+23126.570/+30944.184 |Dr|max=30944.184 Df=+2504.529 | g r=415.903 f=116762.883 p=151362.391(24.413) max=643451.312 | Ld=-16640.0566 base=-1.74e+04 margin=753 | Lg=+18912.6621 | 20s | curv=+5.19e+03 wide=+1.42e+04 gfmed=53454.562
 2000 hold m=2 hq=0.143 fail | Dr=+23182.711/+31039.439 |Dr|max=31039.439 Df=+5543.885 | g r=595.013 f=66774.750 p=134100.875(8.730) max=679707.625 | Ld=+22249.8047 base=-1.82e+04 margin=4.04e+04 | Lg=+17845.7812 | 20s | curv=+4.11e+03 wide=+1.32e+04 gfmed=4317.166
 2010 hold m=1 hq=0.035 fail | Dr=+23564.328/+31663.439 |Dr|max=31663.439 Df=+8913.113 | g r=650.091 f=55110.699 p=131173.812(29.867) max=650174.250 | Ld=+4338.9277 base=-1.48e+04 margin=1.92e+04 | Lg=+15537.8965 | 20s | curv=+4.15e+03 wide=+1.27e+04 gfmed=3736.591
 2020 hold m=1 hq=0.040 fail | Dr=+23722.236/+31910.875 |Dr|max=31910.875 Df=+7992.640 | g r=787.264 f=60855.523 p=133051.922(65.678) max=662944.062 | Ld=-12581.5137 base=-1.95e+04 margin=6.9e+03 | Lg=+20319.5176 | 21s | curv=+4.26e+03 wide=+1.24e+04 gfmed=5171.761
 2030 hold m=1 hq=0.047 fail | Dr=+23741.145/+32029.650 |Dr|max=32029.650 Df=+10569.963 | g r=787.065 f=55908.898 p=133459.328(66.163) max=664323.500 | Ld=-7184.5171 base=-1.31e+04 margin=5.96e+03 | Lg=+14781.9443 | 21s | curv=+1.29e+03 wide=+1e+04 gfmed=5160.345
 2040 hold m=1 hq=0.043 fail | Dr=+23747.445/+31951.953 |Dr|max=31951.953 Df=+10530.187 | g r=411.140 f=43953.305 p=130699.758(37.857) max=676767.625 | Ld=-10599.1299 base=-1.21e+04 margin=1.47e+03 | Lg=+13393.2842 | 21s | curv=+2.49e+03 wide=+1.08e+04 gfmed=6135.699
 2050 hold m=1 hq=0.078 fail | Dr=+23720.547/+32096.252 |Dr|max=32096.252 Df=+9359.798 | g r=425.881 f=44782.711 p=129658.258(16.007) max=652488.312 | Ld=-9836.1309 base=-1.33e+04 margin=3.51e+03 | Lg=+13931.8740 | 21s | curv=+2.16e+03 wide=+1.04e+04 gfmed=5882.251
 2060 hold m=1 hq=0.051 fail | Dr=+23674.172/+32264.297 |Dr|max=32264.297 Df=+9656.154 | g r=664.180 f=48163.898 p=125776.156(58.002) max=640742.375 | Ld=-9989.7275 base=-1.43e+04 margin=4.26e+03 | Lg=+14761.7695 | 21s | curv=+4.85e+03 wide=+1.08e+04 gfmed=5885.461
 2070 hold m=1 hq=0.070 fail | Dr=+23852.172/+32479.869 |Dr|max=32479.869 Df=+9158.655 | g r=524.900 f=39867.547 p=128504.859(22.793) max=643359.125 | Ld=-13561.6143 base=-1.51e+04 margin=1.54e+03 | Lg=+15127.5908 | 21s | curv=+3.01e+03 wide=+9.4e+03 gfmed=4800.202
 2080 hold m=1 hq=0.067 fail | Dr=+23907.043/+32770.816 |Dr|max=32770.816 Df=+8556.818 | g r=379.694 f=39310.523 p=126782.375(9.036) max=653076.188 | Ld=-14341.1426 base=-1.52e+04 margin=894 | Lg=+15609.4766 | 21s | curv=+3.64e+03 wide=+1.03e+04 gfmed=4935.640
 2090 hold m=1 hq=0.050 fail | Dr=+24320.699/+33400.609 |Dr|max=33400.609 Df=+7640.557 | g r=1074.742 f=40316.273 p=125889.734(35.915) max=671741.688 | Ld=-8542.8906 base=-1.62e+04 margin=7.64e+03 | Lg=+17042.1797 | 21s | curv=+7.04e+03 wide=+1.34e+04 gfmed=4969.176
 2100 hold m=1 hq=0.067 fail | Dr=+24627.699/+33793.730 |Dr|max=33793.730 Df=+6795.478 | g r=596.554 f=49567.500 p=127749.578(32.342) max=642266.250 | Ld=-13966.8926 base=-1.73e+04 margin=3.37e+03 | Lg=+17678.5234 | 22s | curv=+2.11e+03 wide=+9.16e+03 gfmed=5643.558
 2110 hold m=2 hq=0.027 fail | Dr=+24991.309/+34530.949 |Dr|max=34530.949 Df=+6463.990 | g r=592.003 f=37002.441 p=126793.352(34.178) max=656769.438 | Ld=-12845.8818 base=-1.81e+04 margin=5.24e+03 | Lg=+18583.1211 | 22s | curv=+2.96e+03 wide=+9.65e+03 gfmed=3767.388
 2120 hold m=1 hq=0.065 fail | Dr=+25502.543/+35351.941 |Dr|max=35351.941 Df=+6484.441 | g r=592.286 f=41731.387 p=128063.703(13.683) max=655021.938 | Ld=-16661.4785 base=-1.89e+04 margin=2.25e+03 | Lg=+18779.9121 | 22s | curv=+7.01e+03 wide=+1.33e+04 gfmed=5104.064
 2130 hold m=1 hq=0.020 fail | Dr=+25867.545/+35962.156 |Dr|max=35962.156 Df=+6554.652 | g r=804.977 f=37585.129 p=128010.766(42.043) max=683633.500 | Ld=-11833.9707 base=-2.01e+04 margin=8.25e+03 | Lg=+20105.9766 | 22s | curv=+7.37e+03 wide=+1.43e+04 gfmed=4247.093
 2140 hold m=2 hq=0.015 fail | Dr=+26724.020/+37275.770 |Dr|max=37275.770 Df=+5938.885 | g r=599.565 f=39356.812 p=129708.875(19.459) max=697940.625 | Ld=-16842.0449 base=-2.09e+04 margin=4.06e+03 | Lg=+20781.8008 | 22s | curv=+3.76e+03 wide=+1.03e+04 gfmed=5396.275
 2150 hold m=1 hq=0.034 fail | Dr=+26827.555/+37536.031 |Dr|max=37536.031 Df=+101.524 | g r=455.797 f=145115.547 p=165562.219(35.112) max=716592.875 | Ld=-19998.0898 base=-2.45e+04 margin=4.53e+03 | Lg=+25647.2734 | 22s | curv=+4.27e+03 wide=+1.23e+04 gfmed=72193.320
 2160 hold m=3 hq=0.001 fail | Dr=+23858.164/+36140.195 |Dr|max=36140.195 Df=-525827.312 | g r=1176.349 f=236476.391 p=232488.422(315.267) max=748886.188 | Ld=-325542.1250 base=-3.36e+05 margin=1.09e+04 | Lg=+399527.7500 | 22s | curv=+1.2e+04 wide=+2.42e+04 gfmed=244773.031
 2170 hold m=1 hq=0.000 fail | Dr=+19584.045/+27569.227 |Dr|max=27569.227 Df=+8241.019 | g r=773.811 f=213277.484 p=211419.062(61.539) max=817086.812 | Ld=+16961.8281 base=1.19e+04 margin=5.09e+03 | Lg=+67775.7188 | 22s | curv=+8.83e+03 wide=+2.97e+04 gfmed=214051.344
 2180 hold m=1 hq=0.000 fail | Dr=+17377.334/+23894.531 |Dr|max=23894.531 Df=-331457.750 | g r=703.584 f=325676.812 p=300585.750(100.131) max=810715.562 | Ld=-311997.5312 base=-3.18e+05 margin=6.44e+03 | Lg=+324154.6875 | 22s | curv=+9.85e+03 wide=+3.31e+04 gfmed=334861.438
 2190 hold m=0 hq=0.000 fail | Dr=+16525.141/+23306.355 |Dr|max=23306.355 Df=-185955.750 | g r=639.604 f=302611.062 p=276564.531(47.614) max=817124.375 | Ld=-22287.1094 base=-1.57e+05 margin=1.35e+05 | Lg=+160359.2188 | 23s | curv=+4.14e+03 wide=+2.56e+04 gfmed=307263.031
 2200 hold m=4 hq=0.004 fail | Dr=+16193.201/+23233.283 |Dr|max=23233.283 Df=-73188.500 | g r=521.643 f=286623.188 p=240056.875(16.687) max=878953.688 | Ld=-74180.7344 base=-8.32e+04 margin=8.97e+03 | Lg=+83626.8984 | 23s | curv=+5.47e+03 wide=+2.63e+04 gfmed=295534.844
 2210 hold m=1 hq=0.000 fail | Dr=+15823.896/+23182.199 |Dr|max=23182.199 Df=-68819.945 | g r=608.770 f=304168.938 p=244907.750(14.915) max=909960.500 | Ld=+32715.8281 base=-9.07e+04 margin=1.23e+05 | Lg=+97654.5938 | 23s | curv=+5.9e+03 wide=+2.52e+04 gfmed=307968.406
 2220 hold m=2 hq=0.008 fail | Dr=+15851.052/+23113.475 |Dr|max=23113.475 Df=-37849.695 | g r=416.982 f=250248.406 p=213691.031(36.108) max=924862.062 | Ld=-46410.3594 base=-4.74e+04 margin=1.01e+03 | Lg=+50038.2383 | 23s | curv=+4.14e+03 wide=+2.45e+04 gfmed=247863.453
 2230 hold m=1 hq=0.013 fail | Dr=+15880.132/+23094.982 |Dr|max=23094.982 Df=-27537.410 | g r=398.035 f=247749.000 p=209032.625(18.065) max=908086.938 | Ld=-38021.2344 base=-3.95e+04 margin=1.5e+03 | Lg=+39033.2188 | 23s | curv=+2.55e+03 wide=+2.05e+04 gfmed=249360.984
 2240 hold m=1 hq=0.004 fail | Dr=+15944.148/+23234.031 |Dr|max=23234.031 Df=-30502.340 | g r=438.744 f=249671.344 p=201740.281(22.303) max=920311.938 | Ld=-28777.1094 base=-3.07e+04 margin=1.93e+03 | Lg=+30999.4258 | 23s | curv=+2.09e+03 wide=+1.98e+04 gfmed=260765.016
 2250 hold m=2 hq=0.014 fail | Dr=+16067.904/+23264.688 |Dr|max=23264.688 Df=-31841.363 | g r=393.778 f=228927.438 p=203226.438(37.794) max=847548.750 | Ld=-43814.2148 base=-4.51e+04 margin=1.33e+03 | Lg=+45562.6250 | 23s | curv=+2.8e+03 wide=+1.96e+04 gfmed=231864.062
 2260 hold m=1 hq=0.016 fail | Dr=+16142.791/+22969.244 |Dr|max=22969.244 Df=-28894.230 | g r=799.296 f=250188.141 p=212413.266(71.540) max=862581.625 | Ld=-42790.5117 base=-4.66e+04 margin=3.79e+03 | Lg=+47809.8828 | 23s | curv=+5.16e+03 wide=+2.18e+04 gfmed=253570.719
 2270 hold m=0 hq=0.000 fail | Dr=+15505.426/+21606.234 |Dr|max=21606.234 Df=-33215.336 | g r=510.344 f=271419.906 p=235611.812(31.041) max=912276.438 | Ld=-52971.5078 base=-5.48e+04 margin=1.87e+03 | Lg=+55946.8984 | 23s | curv=+2.54e+03 wide=+2.11e+04 gfmed=278855.750
 2280 hold m=0 hq=0.000 fail | Dr=+15093.593/+21819.355 |Dr|max=21819.355 Df=-45284.059 | g r=686.259 f=253410.438 p=240422.750(90.950) max=841947.938 | Ld=-48792.3867 base=-5.13e+04 margin=2.52e+03 | Lg=+54907.5156 | 24s | curv=+5.18e+03 wide=+2.39e+04 gfmed=247009.500
 2290 hold m=0 hq=0.000 fail | Dr=+14374.857/+22255.979 |Dr|max=22255.979 Df=-105965.656 | g r=580.904 f=312000.312 p=283147.438(18.600) max=911121.500 | Ld=-125561.9219 base=-1.28e+05 margin=2.55e+03 | Lg=+131149.0156 | 24s | curv=+3.84e+03 wide=+2.63e+04 gfmed=320486.312
 2300 hold m=4 hq=0.016 fail | Dr=+14373.238/+22459.738 |Dr|max=22459.738 Df=-29453.051 | g r=511.513 f=265926.156 p=210476.125(27.264) max=918148.750 | Ld=-50388.0312 base=-5.25e+04 margin=2.15e+03 | Lg=+53116.3008 | 24s | curv=+1.7e+03 wide=+2.29e+04 gfmed=282356.594
 2310 hold m=1 hq=0.018 fail | Dr=+14714.396/+22542.520 |Dr|max=22542.520 Df=-23396.863 | g r=604.318 f=238029.641 p=204447.844(16.187) max=980293.375 | Ld=-51787.8867 base=-5.44e+04 margin=2.64e+03 | Lg=+57434.9375 | 24s | curv=+3.6e+03 wide=+2.56e+04 gfmed=174746.141
 2320 hold m=1 hq=0.029 fail | Dr=+14218.021/+20674.168 |Dr|max=20674.168 Df=-2921.416 | g r=387.754 f=127637.922 p=189936.109(17.692) max=926985.750 | Ld=-12929.5781 base=-2.01e+04 margin=7.21e+03 | Lg=+24434.9297 | 24s | curv=+3.26e+03 wide=+2.15e+04 gfmed=12435.229
 2330 hold m=2 hq=0.009 fail | Dr=+14149.123/+19923.006 |Dr|max=19923.006 Df=-26778.951 | g r=344.433 f=218897.125 p=208158.688(20.326) max=952578.562 | Ld=-43196.2266 base=-4.39e+04 margin=673 | Lg=+45881.1875 | 24s | curv=+2.92e+03 wide=+2.16e+04 gfmed=193905.969
 2340 hold m=2 hq=0.010 fail | Dr=+14468.916/+20331.973 |Dr|max=20331.973 Df=-22341.182 | g r=405.171 f=213023.906 p=209841.312(19.630) max=985613.250 | Ld=-37857.8828 base=-3.88e+04 margin=926 | Lg=+41748.1484 | 24s | curv=+3.23e+03 wide=+2.21e+04 gfmed=145177.625
 2350 hold m=1 hq=0.001 fail | Dr=+14900.983/+20998.035 |Dr|max=20998.035 Df=-26882.426 | g r=445.895 f=228004.641 p=215257.672(11.396) max=962231.750 | Ld=-31239.1895 base=-3.27e+04 margin=1.46e+03 | Lg=+33378.3828 | 24s | curv=+4.28e+03 wide=+2.3e+04 gfmed=130055.492
 2360 hold m=2 hq=0.011 fail | Dr=+15127.610/+21474.201 |Dr|max=21474.201 Df=-19185.547 | g r=472.043 f=203508.469 p=206108.031(40.479) max=1010524.312 | Ld=+95329.3594 base=-3.54e+04 margin=1.31e+05 | Lg=+34377.3242 | 24s | curv=+3.55e+03 wide=+1.98e+04 gfmed=97814.711
 2370 hold m=2 hq=0.000 fail | Dr=+15137.729/+22019.602 |Dr|max=22019.602 Df=-25020.270 | g r=514.150 f=281955.812 p=251366.969(69.026) max=1006676.750 | Ld=-39190.9141 base=-4.08e+04 margin=1.61e+03 | Lg=+45327.2188 | 25s | curv=+2.59e+03 wide=+1.92e+04 gfmed=278376.125
 2380 hold m=1 hq=0.000 fail | Dr=+14595.762/+22574.029 |Dr|max=22574.029 Df=-34694.332 | g r=391.728 f=275175.188 p=246462.469(33.893) max=974424.500 | Ld=-48689.3711 base=-5e+04 margin=1.34e+03 | Lg=+52838.3984 | 25s | curv=+3.24e+03 wide=+1.96e+04 gfmed=279531.312
 2390 hold m=2 hq=0.005 fail | Dr=+14516.040/+22845.598 |Dr|max=22845.598 Df=-39332.441 | g r=377.872 f=277670.000 p=255680.641(22.845) max=1036961.688 | Ld=-46432.5586 base=-4.84e+04 margin=1.99e+03 | Lg=+47845.1406 | 25s | curv=+2.49e+03 wide=+1.69e+04 gfmed=292443.188
 2400 hold m=2 hq=0.002 fail | Dr=+14607.642/+23377.297 |Dr|max=23377.297 Df=-62317.305 | g r=513.846 f=293428.625 p=264626.875(7.499) max=929673.000 | Ld=-58946.6133 base=-6.14e+04 margin=2.49e+03 | Lg=+61352.9883 | 25s | curv=+2.59e+03 wide=+1.72e+04 gfmed=303199.781
# shift (1,0) after 2400; frozen copy on new target: m=1 hq=0.001
 2410 post m=3 hq=0.011 fail | Dr=+9629.930/+18342.428 |Dr|max=23068.098 Df=-33190.758 | g r=10956.341 f=266977.375 p=222127.688(176.136) max=834251.000 | Ld=+4675844.0000 base=-4.33e+04 margin=4.72e+06 | Lg=+44674.8203 | 25s | curv=+4.79e+03 wide=+1.08e+05 gfmed=290423.312
 2420 post m=1 hq=0.000 fail | Dr=+11398.080/+18782.502 |Dr|max=18782.502 Df=-47625.117 | g r=8231.381 f=262231.625 p=213206.406(125.063) max=892606.500 | Ld=+827228.0000 base=-4.72e+04 margin=8.74e+05 | Lg=+48522.9453 | 25s | curv=+2.28e+04 wide=+1.16e+05 gfmed=267493.406
 2430 post m=4 hq=0.006 fail | Dr=+12467.470/+18740.145 |Dr|max=18740.145 Df=-17488.188 | g r=6684.409 f=202682.938 p=178916.750(336.949) max=799971.438 | Ld=+3473154.5000 base=-2.95e+04 margin=3.5e+06 | Lg=+28637.4922 | 25s | curv=+3.26e+04 wide=+1.09e+05 gfmed=177298.703
 2440 post m=3 hq=0.039 fail | Dr=+12826.242/+21645.570 |Dr|max=21645.570 Df=-10884.662 | g r=5349.850 f=174408.594 p=178314.828(131.858) max=808288.125 | Ld=+567808.6875 base=-2.41e+04 margin=5.92e+05 | Lg=+27852.1875 | 25s | curv=+3.82e+04 wide=+1.04e+05 gfmed=111858.867
 2450 post m=2 hq=0.003 fail | Dr=+13776.813/+22785.398 |Dr|max=22785.398 Df=-3366.057 | g r=3268.506 f=140353.625 p=163237.750(92.228) max=769049.750 | Ld=+286176.6875 base=-1.5e+04 margin=3.01e+05 | Lg=+18487.1465 | 26s | curv=+2.86e+04 wide=+7.85e+04 gfmed=12795.970
 2460 post m=1 hq=0.012 fail | Dr=+14013.074/+23575.602 |Dr|max=23575.602 Df=+3199.686 | g r=2491.801 f=159982.828 p=168052.047(27.089) max=782138.250 | Ld=+55684.5039 base=-1.26e+04 margin=6.83e+04 | Lg=+17670.4922 | 26s | curv=+2.37e+04 wide=+6.35e+04 gfmed=52164.469
 2470 post m=1 hq=0.006 fail | Dr=+13976.014/+22741.602 |Dr|max=22741.602 Df=-2374.221 | g r=2072.758 f=153436.875 p=157485.531(29.652) max=810441.688 | Ld=+17244.3438 base=-1.05e+04 margin=2.78e+04 | Lg=+15524.5469 | 26s | curv=+2.19e+04 wide=+5.49e+04 gfmed=18003.480
 2480 post m=1 hq=0.004 fail | Dr=+13959.561/+22862.852 |Dr|max=22862.852 Df=+5418.751 | g r=1553.643 f=134883.156 p=160001.531(39.431) max=780869.688 | Ld=+8113.7266 base=-8.89e+03 margin=1.7e+04 | Lg=+13491.0742 | 26s | curv=+2.11e+04 wide=+4.58e+04 gfmed=17054.742
 2490 post m=1 hq=0.005 fail | Dr=+13898.221/+22510.191 |Dr|max=22510.191 Df=+11571.012 | g r=1230.469 f=113865.180 p=157706.812(14.264) max=783426.688 | Ld=+20760.9688 base=-444 margin=2.12e+04 | Lg=+10376.8721 | 26s | curv=+1.68e+04 wide=+3.5e+04 gfmed=12259.942
 2500 post m=1 hq=0.004 fail | Dr=+13689.995/+22187.699 |Dr|max=22187.699 Df=+16588.291 | g r=843.058 f=105607.172 p=149939.938(72.830) max=770918.000 | Ld=+23818.4141 base=3.1e+03 margin=2.07e+04 | Lg=+8437.3916 | 26s | curv=+1.56e+04 wide=+2.94e+04 gfmed=11292.604
 2510 post m=2 hq=0.007 fail | Dr=+13403.834/+21128.289 |Dr|max=21128.289 Df=+14751.277 | g r=726.102 f=154334.219 p=149238.938(49.024) max=770865.938 | Ld=+14651.2715 base=2.92e+03 margin=1.17e+04 | Lg=+10609.4131 | 26s | curv=+1.09e+04 wide=+2.66e+04 gfmed=26244.535
 2520 post m=1 hq=0.005 fail | Dr=+12746.965/+19161.723 |Dr|max=19161.723 Df=+18117.660 | g r=681.213 f=153424.531 p=162785.500(13.801) max=761438.188 | Ld=+5454.9316 base=2.77e+03 margin=2.68e+03 | Lg=+10052.9219 | 26s | curv=+1.3e+04 wide=+2.39e+04 gfmed=47001.793
 2530 post m=1 hq=0.009 fail | Dr=+12011.504/+17016.875 |Dr|max=17016.875 Df=+3418.633 | g r=764.026 f=169688.859 p=181782.297(28.172) max=741707.750 | Ld=-4123.6899 base=-7.3e+03 margin=3.17e+03 | Lg=+17485.3789 | 26s | curv=+1.73e+04 wide=+2.41e+04 gfmed=92349.273
 2540 post m=1 hq=0.004 fail | Dr=+11204.824/+15283.541 |Dr|max=15283.541 Df=-9946.690 | g r=713.089 f=204798.281 p=179343.875(18.763) max=729749.875 | Ld=-16365.3291 base=-1.94e+04 margin=3.03e+03 | Lg=+28576.3203 | 27s | curv=+1.54e+04 wide=+2.37e+04 gfmed=188473.062
 2550 post m=1 hq=0.002 fail | Dr=+10445.941/+15115.466 |Dr|max=15115.466 Df=-11034.996 | g r=831.283 f=173587.469 p=166844.547(41.280) max=752300.125 | Ld=-18128.3906 base=-2.12e+04 margin=3.1e+03 | Lg=+24726.2930 | 27s | curv=+1.47e+04 wide=+2.71e+04 gfmed=77046.117
 2560 post m=1 hq=0.004 fail | Dr=+10244.791/+14793.878 |Dr|max=14793.878 Df=-5359.759 | g r=595.061 f=151171.750 p=145016.047(5.846) max=715196.500 | Ld=-14263.9033 base=-1.65e+04 margin=2.27e+03 | Lg=+20715.4297 | 27s | curv=+1.34e+04 wide=+2.11e+04 gfmed=40911.793
 2570 post m=1 hq=0.001 fail | Dr=+10026.166/+14749.108 |Dr|max=14749.108 Df=-7846.149 | g r=507.752 f=168380.891 p=153738.719(26.144) max=711530.438 | Ld=-10523.7305 base=-1.5e+04 margin=4.49e+03 | Lg=+17312.3750 | 27s | curv=+1e+04 wide=+2e+04 gfmed=39687.176
 2580 post m=1 hq=0.009 fail | Dr=+9715.616/+14780.843 |Dr|max=14780.843 Df=-6646.230 | g r=526.709 f=125547.820 p=142823.188(27.770) max=728916.250 | Ld=-13934.8164 base=-1.55e+04 margin=1.52e+03 | Lg=+18166.6992 | 27s | curv=+1.32e+04 wide=+2.08e+04 gfmed=11024.555
 2590 post m=1 hq=0.015 fail | Dr=+9474.725/+14672.127 |Dr|max=14672.127 Df=-6527.347 | g r=425.891 f=125440.422 p=145598.359(31.641) max=746934.562 | Ld=-15234.8662 base=-1.64e+04 margin=1.2e+03 | Lg=+17705.8633 | 27s | curv=+7.43e+03 wide=+1.81e+04 gfmed=10300.832
 2600 post m=1 hq=0.011 fail | Dr=+9189.199/+14833.977 |Dr|max=14833.977 Df=-8918.010 | g r=488.003 f=143433.531 p=156090.594(9.272) max=731391.312 | Ld=-16232.5645 base=-1.72e+04 margin=999 | Lg=+19382.0234 | 27s | curv=+7.22e+03 wide=+1.91e+04 gfmed=21070.438
 2610 post m=1 hq=0.004 fail | Dr=+9038.816/+15291.259 |Dr|max=15291.259 Df=-12846.286 | g r=480.202 f=133452.312 p=145674.938(12.427) max=718991.000 | Ld=-20972.3262 base=-2.2e+04 margin=984 | Lg=+23545.3086 | 27s | curv=+6.5e+03 wide=+1.8e+04 gfmed=10243.446
 2620 post m=1 hq=0.007 fail | Dr=+8982.479/+15401.278 |Dr|max=15401.278 Df=-6439.962 | g r=533.215 f=103414.070 p=131512.234(23.987) max=703609.688 | Ld=-14966.1885 base=-1.68e+04 margin=1.84e+03 | Lg=+17416.3906 | 28s | curv=+6.28e+03 wide=+1.94e+04 gfmed=7519.113
 2630 post m=2 hq=0.066 fail | Dr=+9179.500/+15795.440 |Dr|max=15795.440 Df=-4521.652 | g r=591.759 f=76585.344 p=129003.969(34.309) max=751827.688 | Ld=-7656.3535 base=-1.66e+04 margin=8.94e+03 | Lg=+16328.0508 | 28s | curv=+5.44e+03 wide=+1.79e+04 gfmed=4767.127
 2640 post m=2 hq=0.088 fail | Dr=+9497.792/+15847.199 |Dr|max=15847.199 Df=+291.573 | g r=377.745 f=40790.031 p=118781.367(3.751) max=717128.000 | Ld=+498088.8438 base=-9.95e+03 margin=5.08e+05 | Lg=+8999.7979 | 28s | curv=+2.99e+03 wide=+1.25e+04 gfmed=3314.226
 2650 post m=2 hq=0.000 fail | Dr=+9665.041/+16025.725 |Dr|max=16025.725 Df=-16245.503 | g r=327.255 f=199019.812 p=128299.906(11.028) max=672855.500 | Ld=-15722.9854 base=-1.68e+04 margin=1.07e+03 | Lg=+15949.8066 | 28s | curv=+3.18e+03 wide=+1.28e+04 gfmed=57055.938
 2660 post m=0 hq=0.000 fail | Dr=+9897.336/+16245.127 |Dr|max=16245.127 Df=-4430.203 | g r=479.533 f=106067.797 p=125321.602(43.883) max=692147.625 | Ld=-11030.8262 base=-1.25e+04 margin=1.45e+03 | Lg=+12732.8506 | 28s | curv=+3.87e+03 wide=+1.37e+04 gfmed=3189.872
 2670 post m=1 hq=0.002 fail | Dr=+10084.267/+16332.941 |Dr|max=16332.941 Df=-419.238 | g r=457.270 f=71869.375 p=119905.594(21.044) max=684661.875 | Ld=-10725.2695 base=-1.15e+04 margin=790 | Lg=+11572.1719 | 28s | curv=+4.41e+03 wide=+1.38e+04 gfmed=3417.549
 2680 post m=0 hq=0.000 fail | Dr=+10206.985/+16293.475 |Dr|max=16293.475 Df=+41.795 | g r=322.005 f=66787.906 p=120849.844(5.339) max=701050.125 | Ld=-7623.1343 base=-8.46e+03 margin=841 | Lg=+9268.3789 | 28s | curv=+4.18e+03 wide=+1.29e+04 gfmed=1637.109
 2690 post m=0 hq=0.000 fail | Dr=+10190.010/+16495.980 |Dr|max=16495.980 Df=+3414.019 | g r=286.558 f=33553.633 p=117279.336(18.357) max=706928.625 | Ld=-5750.6348 base=-6.7e+03 margin=952 | Lg=+7095.3101 | 28s | curv=+3.4e+03 wide=+1.11e+04 gfmed=1317.208
 2700 post m=1 hq=0.005 fail | Dr=+10302.242/+16430.854 |Dr|max=16430.854 Df=+3948.288 | g r=291.292 f=34213.344 p=119519.031(9.933) max=705647.188 | Ld=-5738.9790 base=-6.22e+03 margin=484 | Lg=+6654.4541 | 28s | curv=+3.7e+03 wide=+1.13e+04 gfmed=1386.844
 2710 post m=0 hq=0.000 fail | Dr=+10461.733/+16352.985 |Dr|max=16352.985 Df=-12002.372 | g r=399.239 f=152550.109 p=123626.656(14.566) max=713236.062 | Ld=-12707.9219 base=-1.39e+04 margin=1.18e+03 | Lg=+14981.3516 | 29s | curv=+3.99e+03 wide=+1.16e+04 gfmed=7835.626
 2720 post m=0 hq=0.000 fail | Dr=+10788.260/+16737.979 |Dr|max=16737.979 Df=+4079.269 | g r=289.955 f=30813.152 p=116390.891(12.560) max=692748.125 | Ld=-6243.0889 base=-6.78e+03 margin=540 | Lg=+7231.1548 | 29s | curv=+4.03e+03 wide=+1.05e+04 gfmed=1127.582
 2730 post m=0 hq=0.000 fail | Dr=+11016.598/+16651.789 |Dr|max=16651.789 Df=+4700.060 | g r=428.942 f=23682.834 p=115453.266(15.290) max=717417.500 | Ld=-3094.8635 base=-6.17e+03 margin=3.08e+03 | Lg=+6258.7461 | 29s | curv=+4.68e+03 wide=+1.11e+04 gfmed=990.986
 2740 post m=0 hq=0.000 fail | Dr=+11273.045/+16653.430 |Dr|max=16653.430 Df=+4095.359 | g r=503.219 f=26902.014 p=117144.945(26.781) max=688307.375 | Ld=-5106.4482 base=-6.34e+03 margin=1.23e+03 | Lg=+6849.9463 | 29s | curv=+5.23e+03 wide=+1.19e+04 gfmed=1252.217
 2750 post m=0 hq=0.000 fail | Dr=+11494.986/+16561.195 |Dr|max=16561.195 Df=+4272.581 | g r=554.513 f=30756.518 p=117990.117(40.103) max=686432.938 | Ld=-4903.5430 base=-6.49e+03 margin=1.58e+03 | Lg=+6777.5713 | 29s | curv=+4.22e+03 wide=+1.12e+04 gfmed=1237.008
 2760 post m=0 hq=0.000 fail | Dr=+11800.424/+16608.320 |Dr|max=16608.320 Df=+4514.496 | g r=347.409 f=19787.365 p=117045.078(27.289) max=716298.312 | Ld=-5966.0479 base=-6.94e+03 margin=974 | Lg=+7008.3125 | 29s | curv=+2.09e+03 wide=+8.67e+03 gfmed=1235.353
 2770 post m=1 hq=0.001 fail | Dr=+11951.394/+16490.488 |Dr|max=16490.488 Df=+4808.761 | g r=397.758 f=19417.098 p=117729.250(29.255) max=699048.125 | Ld=-3556.6545 base=-7.3e+03 margin=3.74e+03 | Lg=+7103.4453 | 29s | curv=+1.43e+03 wide=+7.96e+03 gfmed=1021.699
 2780 post m=1 hq=0.002 fail | Dr=+12231.948/+16464.900 |Dr|max=16464.900 Df=+3483.137 | g r=409.328 f=35420.512 p=122627.859(8.312) max=702837.312 | Ld=-5987.6274 base=-8.87e+03 margin=2.88e+03 | Lg=+8569.5430 | 29s | curv=+1.65e+03 wide=+8.4e+03 gfmed=1367.782
 2790 post m=1 hq=0.002 fail | Dr=+12481.121/+16673.430 |Dr|max=16673.430 Df=+4686.583 | g r=504.282 f=17212.594 p=120939.172(20.643) max=718403.750 | Ld=-3986.2883 base=-8.01e+03 margin=4.03e+03 | Lg=+7581.1406 | 29s | curv=+2.79e+03 wide=+8.86e+03 gfmed=1407.366
 2800 post m=0 hq=0.000 fail | Dr=+13056.052/+17648.379 |Dr|max=17648.379 Df=+4381.180 | g r=630.749 f=16788.791 p=126464.406(50.926) max=725959.062 | Ld=-7043.3574 base=-8.25e+03 margin=1.21e+03 | Lg=+8454.9062 | 30s | curv=+3.68e+03 wide=+1.03e+04 gfmed=1409.085
 2810 post m=0 hq=0.000 fail | Dr=+13196.213/+18056.598 |Dr|max=18056.598 Df=+4618.418 | g r=344.977 f=14383.529 p=128785.562(16.034) max=738464.562 | Ld=-7039.1401 base=-8.44e+03 margin=1.4e+03 | Lg=+8725.3486 | 30s | curv=+2.8e+03 wide=+9.57e+03 gfmed=1372.934
 2820 post m=0 hq=0.000 fail | Dr=+13493.822/+18753.705 |Dr|max=18753.705 Df=+4656.012 | g r=382.568 f=14862.698 p=127195.430(13.834) max=735375.750 | Ld=-7475.3232 base=-8.55e+03 margin=1.07e+03 | Lg=+8757.0840 | 30s | curv=+2.65e+03 wide=+9.87e+03 gfmed=1678.162
 2830 post m=0 hq=0.000 fail | Dr=+13982.515/+19791.375 |Dr|max=19791.375 Df=+4670.444 | g r=838.983 f=15049.529 p=132804.312(44.048) max=747838.000 | Ld=-5103.0127 base=-9.06e+03 margin=3.96e+03 | Lg=+9346.5400 | 30s | curv=+5.63e+03 wide=+1.27e+04 gfmed=2010.897
 2840 post m=0 hq=0.000 fail | Dr=+14457.228/+20400.188 |Dr|max=20400.188 Df=+4638.167 | g r=407.716 f=18551.494 p=131195.391(20.906) max=774413.125 | Ld=-8935.6865 base=-9.77e+03 margin=833 | Lg=+9884.8945 | 30s | curv=+2.91e+03 wide=+9.44e+03 gfmed=1613.827
 2850 post m=0 hq=0.000 fail | Dr=+14810.996/+21208.430 |Dr|max=21208.430 Df=+4787.789 | g r=402.370 f=11623.527 p=134709.375(25.625) max=753094.875 | Ld=-8712.8838 base=-9.76e+03 margin=1.05e+03 | Lg=+10293.9219 | 30s | curv=+3.51e+03 wide=+1.02e+04 gfmed=1795.875
 2860 post m=0 hq=0.000 fail | Dr=+15279.387/+21817.199 |Dr|max=21817.199 Df=+5254.062 | g r=321.016 f=12362.277 p=125496.297(15.332) max=758097.312 | Ld=-9369.0381 base=-9.89e+03 margin=526 | Lg=+9969.2510 | 30s | curv=+2.2e+03 wide=+8.27e+03 gfmed=1921.692
 2870 post m=0 hq=0.000 fail | Dr=+15798.816/+22882.879 |Dr|max=22882.879 Df=+5271.177 | g r=640.837 f=14012.156 p=126295.336(22.559) max=762974.000 | Ld=-5173.5420 base=-1.05e+04 margin=5.28e+03 | Lg=+10501.8848 | 30s | curv=+451 wide=+6.66e+03 gfmed=2426.159
 2880 post m=1 hq=0.000 fail | Dr=+16312.336/+23802.111 |Dr|max=23802.111 Df=+5601.384 | g r=400.324 f=12086.192 p=124988.727(10.572) max=786918.250 | Ld=-9611.8135 base=-1.05e+04 margin=935 | Lg=+10754.3066 | 30s | curv=+1.7e+03 wide=+7.73e+03 gfmed=2344.284
 2890 post m=1 hq=0.001 fail | Dr=+16617.947/+24466.949 |Dr|max=24466.949 Df=+5189.287 | g r=329.436 f=20261.023 p=126590.250(8.057) max=774197.375 | Ld=-8638.9756 base=-1.08e+04 margin=2.12e+03 | Lg=+10897.4570 | 31s | curv=+1.88e+03 wide=+7.32e+03 gfmed=2308.965
 2900 post m=1 hq=0.000 fail | Dr=+17072.984/+25463.516 |Dr|max=25463.516 Df=+801.352 | g r=545.831 f=74758.281 p=127504.742(16.596) max=760062.000 | Ld=-10248.5898 base=-1.72e+04 margin=6.96e+03 | Lg=+17743.7695 | 31s | curv=+1.58e+03 wide=+7.47e+03 gfmed=3027.492
 2910 post m=2 hq=0.002 fail | Dr=+17502.184/+26290.125 |Dr|max=26290.125 Df=+3431.115 | g r=465.927 f=39791.656 p=125412.594(6.201) max=796828.500 | Ld=-9688.0771 base=-1.45e+04 margin=4.82e+03 | Lg=+15131.6357 | 31s | curv=+1.49e+03 wide=+7.64e+03 gfmed=2198.250
 2920 post m=2 hq=0.002 fail | Dr=+17974.758/+27214.555 |Dr|max=27214.555 Df=+2972.172 | g r=829.345 f=63975.250 p=132085.500(25.836) max=795639.375 | Ld=-4804.5566 base=-1.41e+04 margin=9.31e+03 | Lg=+14209.3867 | 31s | curv=+3.07e+03 wide=+9.81e+03 gfmed=2227.339
 2930 post m=2 hq=0.002 fail | Dr=+17961.768/+28083.270 |Dr|max=28083.270 Df=+1863.112 | g r=617.355 f=93230.797 p=147240.969(14.543) max=865247.562 | Ld=-12097.2363 base=-1.55e+04 margin=3.42e+03 | Lg=+17878.2617 | 31s | curv=+4.33e+03 wide=+1.23e+04 gfmed=3153.943
 2940 post m=2 hq=0.002 fail | Dr=+18022.584/+28784.604 |Dr|max=28784.604 Df=+4645.316 | g r=631.334 f=55877.094 p=140597.719(36.681) max=865681.312 | Ld=-11289.3223 base=-1.35e+04 margin=2.22e+03 | Lg=+15115.5293 | 31s | curv=+5.03e+03 wide=+1.17e+04 gfmed=2544.323
 2950 post m=2 hq=0.004 fail | Dr=+18260.297/+29696.094 |Dr|max=29696.094 Df=+2259.979 | g r=515.638 f=98801.461 p=142867.812(18.208) max=897667.938 | Ld=-13264.8809 base=-1.48e+04 margin=1.57e+03 | Lg=+15516.7686 | 31s | curv=+2.96e+03 wide=+1.1e+04 gfmed=3396.534
 2960 post m=2 hq=0.003 fail | Dr=+18497.820/+30404.008 |Dr|max=30404.008 Df=+2165.376 | g r=626.848 f=58500.758 p=147530.109(48.107) max=905989.312 | Ld=-13309.8916 base=-1.76e+04 margin=4.32e+03 | Lg=+18773.0684 | 31s | curv=+4.75e+03 wide=+1.26e+04 gfmed=2285.724
 2970 post m=1 hq=0.008 fail | Dr=+18921.021/+31798.221 |Dr|max=31798.221 Df=-12003.880 | g r=583.398 f=213596.188 p=180393.266(30.978) max=917577.188 | Ld=-36360.9023 base=-3.88e+04 margin=2.44e+03 | Lg=+41836.6758 | 32s | curv=+4.05e+03 wide=+1.43e+04 gfmed=19979.795
 2980 post m=2 hq=0.041 fail | Dr=+18865.691/+31662.910 |Dr|max=31662.910 Df=-5461.246 | g r=384.748 f=185861.312 p=194350.719(7.015) max=937972.188 | Ld=-22526.6973 base=-2.37e+04 margin=1.2e+03 | Lg=+29696.4160 | 32s | curv=+3.35e+03 wide=+1.38e+04 gfmed=69499.047
 2990 post m=2 hq=0.109 fail | Dr=+18562.043/+31206.822 |Dr|max=31206.822 Df=+4750.455 | g r=391.538 f=133054.156 p=175488.750(12.168) max=947615.938 | Ld=-13115.5273 base=-1.4e+04 margin=838 | Lg=+18798.6484 | 32s | curv=+2.6e+03 wide=+1.23e+04 gfmed=13427.105
 3000 post m=2 hq=0.088 fail | Dr=+18620.277/+31815.648 |Dr|max=31815.648 Df=+2791.357 | g r=426.009 f=117835.414 p=168035.250(14.488) max=965151.688 | Ld=-14234.2412 base=-1.49e+04 margin=667 | Lg=+16843.6211 | 32s | curv=+2.91e+03 wide=+1.26e+04 gfmed=4790.991
 3010 post m=3 hq=0.034 fail | Dr=+18667.285/+32163.688 |Dr|max=32163.688 Df=+2496.805 | g r=437.333 f=110317.625 p=154542.547(24.159) max=1002758.438 | Ld=-12006.5723 base=-1.54e+04 margin=3.43e+03 | Lg=+17393.0527 | 32s | curv=+2.88e+03 wide=+1.23e+04 gfmed=5324.183
 3020 post m=1 hq=0.002 fail | Dr=+18628.645/+32100.348 |Dr|max=32100.348 Df=+372.672 | g r=356.645 f=121571.078 p=158998.797(5.032) max=968751.375 | Ld=-27115.3789 base=-2.82e+04 margin=1.12e+03 | Lg=+29530.4746 | 32s | curv=+2.03e+03 wide=+1.23e+04 gfmed=7779.233
 3030 post m=1 hq=0.002 fail | Dr=+18842.002/+32666.078 |Dr|max=32666.078 Df=+7909.117 | g r=441.466 f=50968.133 p=142089.875(32.356) max=976112.812 | Ld=-12462.4414 base=-1.44e+04 margin=1.93e+03 | Lg=+14982.1768 | 32s | curv=+2.87e+03 wide=+1.11e+04 gfmed=5654.617
 3040 post m=1 hq=0.001 fail | Dr=+18978.660/+33145.180 |Dr|max=33145.180 Df=+9819.316 | g r=359.606 f=34092.156 p=131719.656(20.771) max=958902.375 | Ld=-7588.4351 base=-8.4e+03 margin=807 | Lg=+11015.0430 | 32s | curv=+2.49e+03 wide=+1.1e+04 gfmed=2100.362
 3050 post m=1 hq=0.000 fail | Dr=+19095.621/+33715.035 |Dr|max=33715.035 Df=+9580.125 | g r=595.780 f=33147.324 p=134323.016(65.655) max=959415.688 | Ld=-5972.7803 base=-8.24e+03 margin=2.27e+03 | Lg=+9340.1221 | 32s | curv=+3.56e+03 wide=+1.2e+04 gfmed=2667.841
 3060 post m=1 hq=0.000 fail | Dr=+19121.154/+33959.422 |Dr|max=33959.422 Df=+10092.021 | g r=623.111 f=25326.236 p=129846.359(42.864) max=989597.312 | Ld=-8086.2842 base=-9.85e+03 margin=1.77e+03 | Lg=+10236.7188 | 33s | curv=+5.45e+03 wide=+1.39e+04 gfmed=2255.255
 3070 post m=1 hq=0.001 fail | Dr=+19265.609/+34826.449 |Dr|max=34826.449 Df=+10380.316 | g r=831.349 f=24451.490 p=135440.156(33.355) max=985042.938 | Ld=-5051.3687 base=-1.04e+04 margin=5.31e+03 | Lg=+10779.9600 | 33s | curv=+5.86e+03 wide=+1.47e+04 gfmed=2746.701
 3080 post m=1 hq=0.000 fail | Dr=+19362.064/+35286.293 |Dr|max=35286.293 Df=+8870.633 | g r=427.116 f=23473.975 p=137596.250(13.779) max=1002701.812 | Ld=-8646.6777 base=-9.97e+03 margin=1.33e+03 | Lg=+11715.2773 | 33s | curv=+3.87e+03 wide=+1.34e+04 gfmed=1732.288
 3090 post m=1 hq=0.002 fail | Dr=+19369.025/+35283.395 |Dr|max=35283.395 Df=-11828.190 | g r=315.403 f=233061.188 p=168088.062(7.455) max=915050.438 | Ld=-11445.0479 base=-1.19e+04 margin=452 | Lg=+11912.6562 | 33s | curv=+3.1e+03 wide=+1.1e+04 gfmed=253746.031
 3100 post m=0 hq=0.000 fail | Dr=+18899.107/+35412.977 |Dr|max=35412.977 Df=-17391.172 | g r=860.191 f=269130.125 p=241360.891(29.263) max=905426.500 | Ld=-34873.0039 base=-3.8e+04 margin=3.17e+03 | Lg=+42927.8984 | 33s | curv=+7.94e+03 wide=+1.61e+04 gfmed=275379.156
 3110 post m=2 hq=0.002 fail | Dr=+18565.453/+36048.070 |Dr|max=36048.070 Df=-32698.912 | g r=467.189 f=291436.812 p=254199.609(3.246) max=1044354.062 | Ld=-42620.2500 base=-5.81e+04 margin=1.55e+04 | Lg=+58431.7891 | 33s | curv=+3.98e+03 wide=+1.52e+04 gfmed=295006.562
 3120 post m=2 hq=0.002 fail | Dr=+18549.945/+37094.211 |Dr|max=37094.211 Df=-28849.016 | g r=453.049 f=297755.969 p=248772.562(32.405) max=1053375.500 | Ld=-65510.6055 base=-6.74e+04 margin=1.92e+03 | Lg=+67534.7578 | 33s | curv=+3.78e+03 wide=+1.57e+04 gfmed=301310.781
 3130 post m=1 hq=0.001 fail | Dr=+18537.850/+37273.941 |Dr|max=37273.941 Df=-20887.400 | g r=482.126 f=272656.625 p=233370.781(42.186) max=1036689.312 | Ld=-47648.6758 base=-4.88e+04 margin=1.13e+03 | Lg=+50022.5156 | 33s | curv=+3.89e+03 wide=+1.66e+04 gfmed=267554.750
 3140 post m=2 hq=0.001 fail | Dr=+18324.479/+37272.816 |Dr|max=37272.816 Df=-45631.668 | g r=802.695 f=313283.688 p=264972.125(99.634) max=1015902.062 | Ld=+6120876.5000 base=-7.05e+04 margin=6.19e+06 | Lg=+64635.9453 | 33s | curv=+5.53e+03 wide=+1.44e+04 gfmed=329631.750
 3150 post m=2 hq=0.001 fail | Dr=+18272.018/+37122.223 |Dr|max=37122.223 Df=-58306.172 | g r=385.109 f=319385.938 p=262994.125(15.191) max=1017960.000 | Ld=-67621.6328 base=-6.88e+04 margin=1.15e+03 | Lg=+68538.7578 | 34s | curv=+4.54e+03 wide=+1.39e+04 gfmed=340052.438
 3160 post m=4 hq=0.004 fail | Dr=+18261.365/+37249.473 |Dr|max=37249.473 Df=-31355.359 | g r=632.536 f=277608.938 p=241002.141(40.823) max=1070695.750 | Ld=-44206.6211 base=-4.66e+04 margin=2.38e+03 | Lg=+53289.2930 | 34s | curv=+5.89e+03 wide=+1.57e+04 gfmed=277396.188
 3170 post m=4 hq=0.006 fail | Dr=+18017.457/+36654.980 |Dr|max=36654.980 Df=-21095.398 | g r=423.806 f=275794.438 p=243647.844(3.249) max=1097398.625 | Ld=-36514.7188 base=-3.73e+04 margin=778 | Lg=+48474.1094 | 34s | curv=+4.08e+03 wide=+1.52e+04 gfmed=270535.062
 3180 post m=2 hq=0.004 fail | Dr=+17814.455/+36340.441 |Dr|max=36340.441 Df=-23952.289 | g r=425.212 f=271474.938 p=244927.328(18.472) max=1075931.000 | Ld=-45617.9297 base=-4.66e+04 margin=1.02e+03 | Lg=+52812.1094 | 34s | curv=+3.91e+03 wide=+1.57e+04 gfmed=253304.906
 3190 post m=3 hq=0.169 fail | Dr=+17830.723/+36261.355 |Dr|max=36261.355 Df=-1077.668 | g r=696.288 f=129400.250 p=183703.766(26.258) max=1088117.375 | Ld=-20271.3340 base=-2.22e+04 margin=1.97e+03 | Lg=+23703.4648 | 34s | curv=+4.63e+03 wide=+1.65e+04 gfmed=7874.877
 3200 post m=2 hq=0.155 fail | Dr=+17716.549/+36067.480 |Dr|max=36067.480 Df=+1328.317 | g r=359.287 f=119266.000 p=185592.906(16.203) max=1103844.000 | Ld=-9301.6406 base=-1.06e+04 margin=1.35e+03 | Lg=+16418.4590 | 34s | curv=+2.72e+03 wide=+1.49e+04 gfmed=8406.555
 3210 post m=2 hq=0.296 fail | Dr=+17575.980/+35713.797 |Dr|max=35713.797 Df=+8254.383 | g r=684.833 f=72414.289 p=183611.141(43.871) max=1063199.125 | Ld=+1386.7090 base=-1.03e+04 margin=1.17e+04 | Lg=+15161.3555 | 34s | curv=+8.17e+03 wide=+1.58e+04 gfmed=3279.905
 3220 post m=2 hq=0.363 fail | Dr=+17313.572/+35078.863 |Dr|max=35078.863 Df=+8224.011 | g r=380.296 f=68102.562 p=182370.562(19.459) max=1112978.875 | Ld=-9714.7988 base=-1.13e+04 margin=1.63e+03 | Lg=+14444.5840 | 34s | curv=+6.94e+03 wide=+1.47e+04 gfmed=1759.483
 3230 post m=2 hq=0.395 fail | Dr=+17247.844/+34699.617 |Dr|max=34699.617 Df=+4178.025 | g r=808.734 f=64380.418 p=186759.219(13.484) max=1133115.875 | Ld=-5869.1909 base=-1.09e+04 margin=5.07e+03 | Lg=+14878.4531 | 34s | curv=+8.12e+03 wide=+1.5e+04 gfmed=1326.791
 3240 post m=2 hq=0.356 fail | Dr=+17220.949/+34265.656 |Dr|max=34265.656 Df=+6265.324 | g r=341.208 f=58157.895 p=178900.328(7.582) max=1108763.125 | Ld=-7999.6963 base=-8.58e+03 margin=576 | Lg=+14411.3477 | 35s | curv=+7.34e+03 wide=+1.33e+04 gfmed=1829.848
 3250 post m=2 hq=0.389 fail | Dr=+17423.387/+34678.727 |Dr|max=34678.727 Df=+5174.359 | g r=772.901 f=64230.344 p=187126.516(31.449) max=1065254.000 | Ld=-8074.5962 base=-1.25e+04 margin=4.47e+03 | Lg=+14972.1055 | 35s | curv=+7.14e+03 wide=+1.41e+04 gfmed=1118.643
 3260 post m=2 hq=0.388 fail | Dr=+17504.396/+34700.352 |Dr|max=34700.352 Df=+6184.199 | g r=498.183 f=57945.000 p=185138.750(2.118) max=1070534.625 | Ld=-11949.1758 base=-1.25e+04 margin=579 | Lg=+14406.3203 | 35s | curv=+3.86e+03 wide=+1.58e+04 gfmed=1455.303
 3270 post m=2 hq=0.001 fail | Dr=+17279.164/+34028.055 |Dr|max=34028.055 Df=-13156.482 | g r=787.578 f=262446.906 p=214438.875(69.150) max=1176813.750 | Ld=-27160.5723 base=-3.01e+04 margin=2.97e+03 | Lg=+35043.6641 | 35s | curv=+3.24e+03 wide=+2.01e+04 gfmed=46466.238
 3280 post m=1 hq=0.002 fail | Dr=+16600.971/+31669.914 |Dr|max=31669.914 Df=-10390.586 | g r=1035.294 f=198848.125 p=221437.547(56.229) max=1208871.875 | Ld=-41686.6289 base=-4.3e+04 margin=1.35e+03 | Lg=+47282.9297 | 35s | curv=+1.11e+04 wide=+3.14e+04 gfmed=8973.385
 3290 post m=1 hq=0.000 fail | Dr=+16634.609/+32336.879 |Dr|max=32336.879 Df=+3697.683 | g r=648.444 f=39333.891 p=200029.688(43.911) max=1216385.125 | Ld=-3761.0400 base=-1.28e+04 margin=9.05e+03 | Lg=+13892.7256 | 35s | curv=+5.3e+03 wide=+2.28e+04 gfmed=2446.557
 3300 post m=1 hq=0.001 fail | Dr=+16734.250/+32330.203 |Dr|max=32330.203 Df=+5387.414 | g r=457.306 f=26922.156 p=187470.109(11.711) max=1129574.875 | Ld=-9509.8223 base=-1.04e+04 margin=875 | Lg=+11113.5449 | 35s | curv=+2.82e+03 wide=+1.83e+04 gfmed=2160.988
 3310 post m=1 hq=0.001 fail | Dr=+16667.826/+32053.750 |Dr|max=32053.750 Df=+6286.289 | g r=655.079 f=26096.215 p=190986.094(24.079) max=1169943.750 | Ld=-7853.5962 base=-1.06e+04 margin=2.79e+03 | Lg=+11905.7383 | 35s | curv=+4.48e+03 wide=+1.9e+04 gfmed=1883.391
 3320 post m=1 hq=0.003 fail | Dr=+16823.408/+32320.502 |Dr|max=32320.502 Df=+6331.384 | g r=474.024 f=22294.246 p=191133.484(30.140) max=1121397.375 | Ld=-9238.9551 base=-1.01e+04 margin=831 | Lg=+10917.3984 | 35s | curv=+3.22e+03 wide=+1.81e+04 gfmed=2076.867
 3330 post m=1 hq=0.000 fail | Dr=+17079.613/+32874.254 |Dr|max=32874.254 Df=+7290.344 | g r=783.803 f=18831.943 p=186701.688(17.408) max=1165593.500 | Ld=-7307.8350 base=-1.03e+04 margin=3e+03 | Lg=+11166.1260 | 36s | curv=+3.11e+03 wide=+1.8e+04 gfmed=2585.785
 3340 post m=2 hq=0.009 fail | Dr=+17407.258/+33360.051 |Dr|max=33360.051 Df=-7185.010 | g r=758.462 f=242172.125 p=215570.625(73.567) max=1114908.750 | Ld=-16024.0820 base=-1.82e+04 margin=2.14e+03 | Lg=+17316.0156 | 36s | curv=+4.06e+03 wide=+1.91e+04 gfmed=21429.762
 3350 post m=0 hq=0.000 fail | Dr=+16694.785/+31175.260 |Dr|max=31175.260 Df=-14724.254 | g r=614.685 f=239499.469 p=237973.562(6.840) max=1180074.000 | Ld=-52703.7656 base=-5.33e+04 margin=563 | Lg=+57288.0391 | 36s | curv=+4.68e+03 wide=+2.21e+04 gfmed=9171.660
 3360 post m=1 hq=0.001 fail | Dr=+17397.303/+33269.621 |Dr|max=33269.621 Df=-809.731 | g r=366.738 f=70956.484 p=182472.594(33.921) max=1110557.250 | Ld=-16137.3906 base=-1.75e+04 margin=1.34e+03 | Lg=+17555.5234 | 36s | curv=+6.13e+03 wide=+1.38e+04 gfmed=3083.135
 3370 post m=1 hq=0.001 fail | Dr=+17753.480/+33780.973 |Dr|max=33780.973 Df=-936.530 | g r=371.999 f=61169.305 p=177469.125(30.104) max=1073849.000 | Ld=-17520.9941 base=-1.88e+04 margin=1.26e+03 | Lg=+19067.9180 | 36s | curv=+6.42e+03 wide=+1.44e+04 gfmed=1915.270
 3380 post m=0 hq=0.000 fail | Dr=+18183.152/+35044.285 |Dr|max=35044.285 Df=+2847.829 | g r=319.615 f=34500.648 p=168117.609(3.463) max=1081759.625 | Ld=-16638.8105 base=-1.73e+04 margin=665 | Lg=+17171.9629 | 36s | curv=+1.98e+03 wide=+1.08e+04 gfmed=1801.260
 3390 post m=0 hq=0.000 fail | Dr=+18475.195/+35365.082 |Dr|max=35365.082 Df=+1829.169 | g r=491.672 f=37055.164 p=165854.625(10.121) max=1110674.500 | Ld=-13863.2949 base=-1.57e+04 margin=1.86e+03 | Lg=+15737.8301 | 36s | curv=+3.11e+03 wide=+1.17e+04 gfmed=1916.076
 3400 post m=1 hq=0.000 fail | Dr=+18483.867/+35117.871 |Dr|max=35117.871 Df=+3739.414 | g r=381.853 f=26456.797 p=157123.766(12.228) max=1081396.625 | Ld=-12410.1016 base=-1.47e+04 margin=2.24e+03 | Lg=+14724.8828 | 36s | curv=+2.27e+03 wide=+1.05e+04 gfmed=1790.598
 3410 post m=1 hq=0.000 fail | Dr=+18726.566/+35475.664 |Dr|max=35475.664 Df=+2792.759 | g r=325.275 f=40522.133 p=157817.531(11.713) max=1089834.375 | Ld=-13870.5352 base=-1.47e+04 margin=840 | Lg=+15980.7471 | 37s | curv=+2.23e+03 wide=+1.07e+04 gfmed=1578.253
 3420 post m=1 hq=0.001 fail | Dr=+18998.615/+35888.617 |Dr|max=35888.617 Df=+4332.611 | g r=517.036 f=25506.564 p=160171.906(4.494) max=1107704.750 | Ld=-12793.4844 base=-1.55e+04 margin=2.7e+03 | Lg=+15672.2500 | 37s | curv=+2.3e+03 wide=+1.09e+04 gfmed=1623.982
 3430 post m=1 hq=0.001 fail | Dr=+19492.707/+36655.074 |Dr|max=36655.074 Df=+4434.546 | g r=336.990 f=24632.377 p=163184.719(14.414) max=1087922.000 | Ld=-14478.5332 base=-1.52e+04 margin=679 | Lg=+15636.6777 | 37s | curv=+3.74e+03 wide=+1.09e+04 gfmed=1492.919
 3440 post m=1 hq=0.002 fail | Dr=+19948.090/+37411.230 |Dr|max=37411.230 Df=+4402.572 | g r=399.577 f=26451.598 p=160182.312(10.908) max=1116727.250 | Ld=-15362.0938 base=-1.64e+04 margin=1.01e+03 | Lg=+16814.0352 | 37s | curv=+5.13e+03 wide=+1.22e+04 gfmed=1727.905
 3450 post m=1 hq=0.001 fail | Dr=+20477.832/+38462.887 |Dr|max=38462.887 Df=+4231.744 | g r=560.812 f=24416.283 p=161424.125(26.179) max=1107049.500 | Ld=-13917.1016 base=-1.67e+04 margin=2.76e+03 | Lg=+17268.0801 | 37s | curv=+5.73e+03 wide=+1.26e+04 gfmed=1710.901
 3460 post m=2 hq=0.003 fail | Dr=+21143.227/+39830.262 |Dr|max=39830.262 Df=+5642.145 | g r=762.791 f=21963.578 p=162113.969(24.469) max=1126145.000 | Ld=-5123.1270 base=-1.63e+04 margin=1.11e+04 | Lg=+17046.8223 | 37s | curv=+5.22e+03 wide=+1.25e+04 gfmed=1875.887
 3470 post m=1 hq=0.003 fail | Dr=+21918.084/+41048.629 |Dr|max=41048.629 Df=+5899.315 | g r=397.996 f=20750.520 p=163270.250(24.916) max=1116993.875 | Ld=-15175.4268 base=-1.61e+04 margin=899 | Lg=+16980.1289 | 37s | curv=+4.78e+03 wide=+1.21e+04 gfmed=1691.925
 3480 post m=1 hq=0.007 fail | Dr=+22204.432/+41675.629 |Dr|max=41675.629 Df=+7555.638 | g r=430.204 f=40368.668 p=173629.719(30.983) max=1108992.250 | Ld=-15051.1738 base=-1.62e+04 margin=1.16e+03 | Lg=+18172.0918 | 37s | curv=+4.52e+03 wide=+1.29e+04 gfmed=1527.949
 3490 post m=1 hq=0.001 fail | Dr=+22474.766/+41953.520 |Dr|max=41953.520 Df=+7759.511 | g r=603.782 f=38859.340 p=174455.156(30.204) max=1141945.875 | Ld=-12416.7832 base=-1.57e+04 margin=3.31e+03 | Lg=+17567.5820 | 37s | curv=+4.4e+03 wide=+1.3e+04 gfmed=1849.575
 3500 post m=1 hq=0.006 fail | Dr=+23076.020/+43211.109 |Dr|max=43211.109 Df=+8320.518 | g r=419.988 f=27361.867 p=167742.781(17.498) max=1125575.750 | Ld=-14055.4199 base=-1.51e+04 margin=1.07e+03 | Lg=+17511.4062 | 38s | curv=+4e+03 wide=+1.14e+04 gfmed=1776.084
 3510 post m=1 hq=0.014 fail | Dr=+23489.477/+43670.594 |Dr|max=43670.594 Df=+10131.587 | g r=1041.803 f=41752.578 p=177820.750(95.424) max=1108773.750 | Ld=-8082.5698 base=-1.29e+04 margin=4.85e+03 | Lg=+17147.7773 | 38s | curv=+6.59e+03 wide=+1.4e+04 gfmed=3784.216
 3520 post m=1 hq=0.011 fail | Dr=+23717.385/+43812.285 |Dr|max=43812.285 Df=+11347.187 | g r=551.276 f=36204.516 p=176225.219(29.754) max=1121713.125 | Ld=-11581.5859 base=-1.35e+04 margin=1.93e+03 | Lg=+16676.7266 | 38s | curv=+2.96e+03 wide=+1.1e+04 gfmed=2206.148
 3530 post m=1 hq=0.011 fail | Dr=+23737.377/+43580.137 |Dr|max=43580.137 Df=+10806.592 | g r=361.926 f=38237.727 p=175618.281(14.960) max=1136369.125 | Ld=-11794.4658 base=-1.29e+04 margin=1.13e+03 | Lg=+15986.0859 | 38s | curv=+3.09e+03 wide=+1.12e+04 gfmed=2533.616
 3540 post m=1 hq=0.002 fail | Dr=+23826.711/+43568.230 |Dr|max=43568.230 Df=+10303.059 | g r=795.599 f=87256.047 p=182288.438(52.350) max=1176224.500 | Ld=-855.1797 base=-1.07e+04 margin=9.82e+03 | Lg=+15448.6855 | 38s | curv=+2.16e+03 wide=+1.12e+04 gfmed=4104.331
 3550 post m=1 hq=0.000 fail | Dr=+24238.947/+43456.988 |Dr|max=43456.988 Df=+4088.677 | g r=734.343 f=146201.344 p=205207.984(30.830) max=1219768.500 | Ld=-17837.5938 base=-1.93e+04 margin=1.44e+03 | Lg=+22489.3320 | 38s | curv=+6.43e+03 wide=+1.65e+04 gfmed=4880.805
 3560 post m=1 hq=0.000 fail | Dr=+23793.219/+42211.059 |Dr|max=42211.059 Df=-938.665 | g r=603.240 f=138247.141 p=213773.156(65.887) max=1259096.750 | Ld=-24264.9062 base=-2.59e+04 margin=1.6e+03 | Lg=+28728.4023 | 38s | curv=+8.64e+03 wide=+1.97e+04 gfmed=3597.247
 3570 post m=0 hq=0.000 fail | Dr=+23970.441/+42011.348 |Dr|max=42011.348 Df=+3106.247 | g r=514.706 f=106206.883 p=201818.641(26.729) max=1311021.250 | Ld=-20019.1523 base=-2.11e+04 margin=1.09e+03 | Lg=+23423.0039 | 38s | curv=+7.98e+03 wide=+2.04e+04 gfmed=2474.503
 3580 post m=0 hq=0.000 fail | Dr=+24757.549/+43574.207 |Dr|max=43574.207 Df=+4731.768 | g r=775.182 f=80725.477 p=189040.219(49.034) max=1203222.125 | Ld=-16412.1562 base=-2e+04 margin=3.6e+03 | Lg=+21899.3047 | 39s | curv=+9.74e+03 wide=+1.89e+04 gfmed=2320.371
 3590 post m=0 hq=0.000 fail | Dr=+25262.598/+44588.371 |Dr|max=44588.371 Df=+5112.100 | g r=593.867 f=52591.047 p=192490.547(20.727) max=1285631.625 | Ld=-19103.8906 base=-2.12e+04 margin=2.12e+03 | Lg=+20847.2695 | 39s | curv=+9.14e+03 wide=+1.83e+04 gfmed=3705.834
 3600 post m=1 hq=0.005 fail | Dr=+25189.090/+43946.559 |Dr|max=43946.559 Df=+6540.752 | g r=592.441 f=39580.680 p=189451.734(20.760) max=1212208.875 | Ld=-1748.6719 base=-1.88e+04 margin=1.71e+04 | Lg=+20093.9355 | 39s | curv=+6.93e+03 wide=+1.94e+04 gfmed=3095.658
 3610 post m=1 hq=0.007 fail | Dr=+25595.775/+44778.574 |Dr|max=44778.574 Df=+7279.097 | g r=553.503 f=33891.727 p=184066.547(9.886) max=1199666.625 | Ld=-15943.9277 base=-1.87e+04 margin=2.72e+03 | Lg=+20156.3457 | 39s | curv=+6.77e+03 wide=+1.93e+04 gfmed=2600.829
 3620 post m=1 hq=0.009 fail | Dr=+25773.797/+45088.121 |Dr|max=45088.121 Df=+7345.857 | g r=535.112 f=35859.133 p=185556.344(7.186) max=1237972.375 | Ld=-14905.9531 base=-1.71e+04 margin=2.2e+03 | Lg=+19236.5469 | 39s | curv=+1.08e+04 wide=+1.79e+04 gfmed=2362.786
 3630 post m=1 hq=0.008 fail | Dr=+25869.971/+45578.340 |Dr|max=45578.340 Df=+9707.426 | g r=387.349 f=44623.820 p=177865.859(25.246) max=1196674.125 | Ld=-15396.1904 base=-1.65e+04 margin=1.12e+03 | Lg=+19608.9844 | 39s | curv=+4.45e+03 wide=+1.4e+04 gfmed=3200.097
 3640 post m=1 hq=0.009 fail | Dr=+26142.455/+46180.816 |Dr|max=46180.816 Df=+8801.287 | g r=562.611 f=32753.996 p=177827.031(60.498) max=1227935.500 | Ld=-13244.3896 base=-1.84e+04 margin=5.16e+03 | Lg=+19774.5078 | 39s | curv=+3e+03 wide=+1.28e+04 gfmed=3303.529
 3650 post m=1 hq=0.009 fail | Dr=+26495.348/+46622.926 |Dr|max=46622.926 Df=+9256.409 | g r=965.517 f=35211.820 p=185195.625(63.965) max=1201214.625 | Ld=-4942.5469 base=-1.77e+04 margin=1.28e+04 | Lg=+19347.7305 | 39s | curv=+6.24e+03 wide=+1.56e+04 gfmed=2832.376
 3660 post m=1 hq=0.010 fail | Dr=+26980.367/+47249.336 |Dr|max=47249.336 Df=+9821.644 | g r=533.423 f=36594.523 p=185184.781(27.045) max=1235879.875 | Ld=-15175.1182 base=-1.72e+04 margin=1.98e+03 | Lg=+18693.2754 | 39s | curv=+5.3e+03 wide=+1.48e+04 gfmed=3042.319
 3670 post m=1 hq=0.014 fail | Dr=+27238.162/+47486.082 |Dr|max=47486.082 Df=+11680.441 | g r=540.745 f=49321.457 p=194230.469(32.838) max=1172503.750 | Ld=-14009.5049 base=-1.63e+04 margin=2.32e+03 | Lg=+18980.9512 | 40s | curv=+6.57e+03 wide=+1.64e+04 gfmed=3063.469
 3680 post m=0 hq=0.000 fail | Dr=+27640.371/+48340.473 |Dr|max=48340.473 Df=-1773.682 | g r=423.544 f=181548.766 p=216199.531(37.984) max=1249992.625 | Ld=-23752.0879 base=-2.47e+04 margin=952 | Lg=+31146.2109 | 40s | curv=+3.91e+03 wide=+1.3e+04 gfmed=8536.999
 3690 post m=0 hq=0.000 fail | Dr=+27541.430/+47986.129 |Dr|max=47986.129 Df=-1223.072 | g r=449.414 f=239620.328 p=226981.250(25.697) max=1305959.500 | Ld=-32969.8945 base=-3.43e+04 margin=1.31e+03 | Lg=+38462.1953 | 40s | curv=+5.05e+03 wide=+1.39e+04 gfmed=26714.092
 3700 post m=1 hq=0.037 fail | Dr=+26612.070/+45774.523 |Dr|max=45774.523 Df=-11.803 | g r=1239.813 f=212395.938 p=230889.375(117.544) max=1272209.875 | Ld=-16650.7344 base=-2.77e+04 margin=1.1e+04 | Lg=+31183.5977 | 40s | curv=+1.22e+04 wide=+1.78e+04 gfmed=10825.196
 3710 post m=2 hq=0.030 fail | Dr=+26185.820/+44555.863 |Dr|max=44555.863 Df=-5338.581 | g r=554.502 f=193312.078 p=238189.047(9.531) max=1293606.500 | Ld=-23375.0820 base=-2.46e+04 margin=1.22e+03 | Lg=+29543.9395 | 40s | curv=+3.28e+03 wide=+1.98e+04 gfmed=7994.562
 3720 post m=1 hq=0.073 fail | Dr=+25655.996/+44469.367 |Dr|max=44469.367 Df=+2860.923 | g r=793.242 f=205954.594 p=255910.594(14.334) max=1303760.750 | Ld=-13790.3896 base=-2.55e+04 margin=1.18e+04 | Lg=+27882.0000 | 40s | curv=+5.25e+03 wide=+1.95e+04 gfmed=9666.066
 3730 post m=0 hq=0.000 fail | Dr=+25222.934/+43845.953 |Dr|max=43845.953 Df=+21477.424 | g r=566.947 f=334047.375 p=301912.000(15.434) max=1361901.250 | Ld=-5873.8145 base=-6.99e+03 margin=1.12e+03 | Lg=+24970.4434 | 40s | curv=+9.47e+03 wide=+1.63e+04 gfmed=341417.562
 3740 post m=0 hq=0.000 fail | Dr=+24059.771/+43212.402 |Dr|max=43212.402 Df=-11079.674 | g r=453.849 f=352956.219 p=306764.438(24.218) max=1352447.625 | Ld=-34174.7227 base=-3.51e+04 margin=917 | Lg=+46082.1562 | 40s | curv=+9.95e+03 wide=+1.63e+04 gfmed=371767.875
 3750 post m=1 hq=0.000 fail | Dr=+23901.006/+43647.480 |Dr|max=43647.480 Df=-8322.548 | g r=625.835 f=333626.594 p=276999.375(16.820) max=1233500.500 | Ld=-25769.7285 base=-2.95e+04 margin=3.74e+03 | Lg=+38357.2969 | 40s | curv=+7.19e+03 wide=+1.48e+04 gfmed=323731.125
 3760 post m=1 hq=0.002 fail | Dr=+23236.676/+43020.355 |Dr|max=43020.355 Df=-31719.670 | g r=523.600 f=373821.688 p=318394.500(42.736) max=1342247.250 | Ld=-39428.7344 base=-4.18e+04 margin=2.42e+03 | Lg=+50111.9609 | 41s | curv=+7.38e+03 wide=+1.62e+04 gfmed=386280.812
 3770 post m=1 hq=0.004 fail | Dr=+22232.699/+41511.793 |Dr|max=41511.793 Df=-24450.422 | g r=523.350 f=318779.188 p=283674.094(36.764) max=1363870.625 | Ld=-44430.0195 base=-4.61e+04 margin=1.67e+03 | Lg=+49583.1992 | 41s | curv=+8.34e+03 wide=+1.67e+04 gfmed=139130.500
 3780 post m=2 hq=0.002 fail | Dr=+22034.148/+41396.738 |Dr|max=41396.738 Df=-24549.820 | g r=585.643 f=299485.781 p=279659.781(8.460) max=1380370.000 | Ld=-36050.5234 base=-3.93e+04 margin=3.22e+03 | Lg=+41728.0430 | 41s | curv=+1.12e+04 wide=+1.8e+04 gfmed=125501.227
 3790 post m=2 hq=0.001 fail | Dr=+22189.516/+42089.094 |Dr|max=42089.094 Df=-36794.531 | g r=399.645 f=351524.250 p=301389.781(6.907) max=1383845.875 | Ld=-56717.4961 base=-5.75e+04 margin=822 | Lg=+55411.3281 | 41s | curv=+9.07e+03 wide=+1.85e+04 gfmed=320495.500
 3800 post m=1 hq=0.001 fail | Dr=+23011.770/+43897.160 |Dr|max=43897.160 Df=-26771.193 | g r=1170.043 f=284398.406 p=297183.969(115.534) max=1464594.875 | Ld=-36863.2578 base=-4.51e+04 margin=8.26e+03 | Lg=+43284.9883 | 41s | curv=+1.61e+04 wide=+2.48e+04 gfmed=16465.150
 3810 post m=1 hq=0.000 fail | Dr=+23083.770/+44089.797 |Dr|max=44089.797 Df=-6168.436 | g r=355.573 f=130857.781 p=258200.562(19.308) max=1412767.625 | Ld=-30417.5117 base=-3.15e+04 margin=1.12e+03 | Lg=+32305.8984 | 41s | curv=+7.01e+03 wide=+1.73e+04 gfmed=3287.888
 3820 post m=0 hq=0.000 fail | Dr=+24061.484/+46795.879 |Dr|max=46795.879 Df=-3003.937 | g r=494.474 f=107680.859 p=235888.875(14.638) max=1385028.000 | Ld=-16769.4141 base=-2.65e+04 margin=9.75e+03 | Lg=+26345.6055 | 41s | curv=+2.62e+03 wide=+1.42e+04 gfmed=2825.476
 3830 post m=0 hq=0.000 fail | Dr=+24461.000/+47075.242 |Dr|max=47075.242 Df=-2881.296 | g r=369.288 f=123442.547 p=250166.125(13.803) max=1330783.500 | Ld=-27806.9512 base=-2.85e+04 margin=713 | Lg=+30460.9414 | 41s | curv=+3.06e+03 wide=+1.51e+04 gfmed=5032.873
 3840 post m=0 hq=0.000 fail | Dr=+24619.457/+48702.035 |Dr|max=48702.035 Df=+2018.660 | g r=907.525 f=67769.820 p=223484.344(111.076) max=1370628.125 | Ld=+3178158.5000 base=-2.32e+04 margin=3.2e+06 | Lg=+22859.2461 | 41s | curv=+1.38e+03 wide=+9.93e+03 gfmed=2452.600
 3850 post m=1 hq=0.000 fail | Dr=+24745.529/+47876.309 |Dr|max=47876.309 Df=+5362.181 | g r=373.566 f=64427.922 p=220857.781(20.805) max=1369762.250 | Ld=-16846.8906 base=-1.92e+04 margin=2.37e+03 | Lg=+21700.8789 | 41s | curv=+2.91e+03 wide=+1.14e+04 gfmed=3963.109
 3860 post m=0 hq=0.000 fail | Dr=+24885.496/+47870.398 |Dr|max=47870.398 Df=+7791.584 | g r=346.551 f=56578.891 p=222725.656(2.454) max=1329037.500 | Ld=-16996.3027 base=-1.82e+04 margin=1.25e+03 | Lg=+21029.2109 | 41s | curv=+2.23e+03 wide=+1.13e+04 gfmed=3816.704
 3870 post m=0 hq=0.000 fail | Dr=+25057.457/+47951.629 |Dr|max=47951.629 Df=-60168.547 | g r=801.562 f=458768.438 p=249238.844(10.758) max=1354291.375 | Ld=-21433.5703 base=-2.84e+04 margin=7.01e+03 | Lg=+32648.0977 | 42s | curv=+3.48e+03 wide=+1.27e+04 gfmed=497166.094
 3880 post m=1 hq=0.000 fail | Dr=+25156.449/+47879.344 |Dr|max=47879.344 Df=+3613.082 | g r=341.738 f=115569.016 p=213202.125(6.377) max=1386879.375 | Ld=-20992.0039 base=-2.29e+04 margin=1.94e+03 | Lg=+24633.4531 | 42s | curv=+2.69e+03 wide=+1.19e+04 gfmed=5003.997
 3890 post m=1 hq=0.001 fail | Dr=+25229.066/+47743.535 |Dr|max=47743.535 Df=+7160.764 | g r=449.800 f=61152.293 p=196728.031(39.040) max=1337696.625 | Ld=-15702.9844 base=-1.86e+04 margin=2.9e+03 | Lg=+19821.9688 | 42s | curv=+4.11e+03 wide=+1.16e+04 gfmed=4843.375
 3900 post m=0 hq=0.000 fail | Dr=+25656.289/+48519.445 |Dr|max=48519.445 Df=+10053.822 | g r=398.902 f=44079.871 p=194967.484(24.650) max=1290037.750 | Ld=-14525.0293 base=-1.55e+04 margin=1.01e+03 | Lg=+17281.8867 | 42s | curv=+3.52e+03 wide=+1.1e+04 gfmed=4549.915
 3910 post m=2 hq=0.012 fail | Dr=+25913.029/+48808.488 |Dr|max=48808.488 Df=+15472.672 | g r=470.140 f=42910.914 p=198507.547(34.034) max=1323812.125 | Ld=-9475.3008 base=-1.1e+04 margin=1.54e+03 | Lg=+14949.8594 | 42s | curv=+4.03e+03 wide=+1.15e+04 gfmed=4451.123
 3920 post m=2 hq=0.049 fail | Dr=+25506.199/+47355.180 |Dr|max=47355.180 Df=+25337.926 | g r=498.005 f=57033.504 p=198480.344(15.081) max=1307527.500 | Ld=+528.7708 base=-1.32e+03 margin=1.85e+03 | Lg=+9612.6777 | 42s | curv=+2.89e+03 wide=+1.08e+04 gfmed=5377.344
 3930 post m=0 hq=0.000 fail | Dr=+24696.422/+45180.996 |Dr|max=45180.996 Df=+16663.336 | g r=457.687 f=450588.125 p=341413.875(54.053) max=1296471.625 | Ld=-25219.2109 base=-2.7e+04 margin=1.75e+03 | Lg=+45473.9297 | 42s | curv=+2.97e+03 wide=+1.13e+04 gfmed=473320.156
 3940 post m=4 hq=0.002 fail | Dr=+21606.057/+37001.941 |Dr|max=37001.941 Df=-100369.977 | g r=496.851 f=469099.312 p=403210.625(8.191) max=1320767.375 | Ld=-376504.3750 base=-3.79e+05 margin=2.75e+03 | Lg=+422993.8125 | 42s | curv=+4.35e+03 wide=+1.72e+04 gfmed=480809.312
 3950 post m=4 hq=0.022 fail | Dr=+21156.371/+35963.895 |Dr|max=35963.895 Df=-9564.564 | g r=693.888 f=261974.141 p=250695.719(7.848) max=1380977.500 | Ld=-37439.9570 base=-4.13e+04 margin=3.88e+03 | Lg=+41887.4297 | 42s | curv=+4.69e+03 wide=+1.84e+04 gfmed=13845.396
 3960 post m=0 hq=0.000 fail | Dr=+21169.156/+35965.973 |Dr|max=35965.973 Df=-8124.569 | g r=433.880 f=256353.656 p=241836.500(23.718) max=1411524.250 | Ld=-37848.5586 base=-3.91e+04 margin=1.3e+03 | Lg=+37449.5742 | 42s | curv=+3.12e+03 wide=+1.76e+04 gfmed=11954.326
 3970 post m=1 hq=0.000 fail | Dr=+21028.986/+35240.020 |Dr|max=35240.020 Df=-3365.729 | g r=654.867 f=248320.016 p=249628.422(15.767) max=1415693.250 | Ld=-22636.5234 base=-2.56e+04 margin=2.96e+03 | Lg=+28125.9531 | 43s | curv=+4.81e+03 wide=+2.05e+04 gfmed=17643.080
 3980 post m=1 hq=0.001 fail | Dr=+21198.553/+35436.336 |Dr|max=35436.336 Df=+2050.559 | g r=474.287 f=105046.953 p=220959.984(7.937) max=1392799.875 | Ld=-20243.2461 base=-2.16e+04 margin=1.32e+03 | Lg=+20979.8965 | 43s | curv=+6.63e+03 wide=+2.21e+04 gfmed=6803.352
 3990 post m=0 hq=0.000 fail | Dr=+21424.555/+35749.305 |Dr|max=35749.305 Df=+6402.590 | g r=640.820 f=48371.547 p=215398.609(74.311) max=1374351.125 | Ld=-15409.9180 base=-1.84e+04 margin=3.02e+03 | Lg=+18880.0957 | 43s | curv=+7.88e+03 wide=+2.35e+04 gfmed=4671.976
 4000 post m=1 hq=0.001 fail | Dr=+21897.836/+36833.789 |Dr|max=36833.789 Df=+8905.262 | g r=973.989 f=30304.035 p=216292.938(43.524) max=1379230.750 | Ld=-4367.6514 base=-1.27e+04 margin=8.32e+03 | Lg=+13071.3887 | 43s | curv=+4.88e+03 wide=+2.07e+04 gfmed=2946.408
 4010 post m=1 hq=0.001 fail | Dr=+22255.912/+37106.660 |Dr|max=37106.660 Df=+10190.625 | g r=319.484 f=3817.716 p=183698.969(25.227) max=1412388.625 | Ld=-11223.8857 base=-1.18e+04 margin=617 | Lg=+11901.9121 | 43s | curv=+2.44e+03 wide=+1.81e+04 gfmed=2694.397
 4020 post m=1 hq=0.001 fail | Dr=+22621.748/+37652.305 |Dr|max=37652.305 Df=+10229.756 | g r=521.708 f=3601.207 p=184439.188(33.638) max=1356644.750 | Ld=-9504.7549 base=-1.22e+04 margin=2.7e+03 | Lg=+12419.7227 | 43s | curv=+3.84e+03 wide=+1.89e+04 gfmed=2120.646
 4030 post m=1 hq=0.001 fail | Dr=+23204.109/+38532.043 |Dr|max=38532.043 Df=+10444.296 | g r=426.510 f=3195.832 p=183875.125(14.020) max=1428124.000 | Ld=-11677.9922 base=-1.29e+04 margin=1.19e+03 | Lg=+12881.5176 | 43s | curv=+3.93e+03 wide=+1.91e+04 gfmed=2017.983
 4040 post m=1 hq=0.002 fail | Dr=+23606.682/+39352.668 |Dr|max=39352.668 Df=+10470.488 | g r=466.876 f=3072.011 p=185086.000(4.782) max=1428229.375 | Ld=-11172.8154 base=-1.34e+04 margin=2.24e+03 | Lg=+13484.5156 | 43s | curv=+3e+03 wide=+1.76e+04 gfmed=1784.074
 4050 post m=1 hq=0.001 fail | Dr=+24032.613/+40013.426 |Dr|max=40013.426 Df=+10527.000 | g r=622.879 f=2856.002 p=185498.844(37.821) max=1427700.625 | Ld=+5007.1465 base=-1.32e+04 margin=1.82e+04 | Lg=+13524.6641 | 43s | curv=+3.81e+03 wide=+1.6e+04 gfmed=1911.777
 4060 post m=1 hq=0.002 fail | Dr=+24702.723/+40739.047 |Dr|max=40739.047 Df=+10822.076 | g r=483.576 f=2871.204 p=181418.031(11.193) max=1426786.125 | Ld=+3313.7070 base=-1.39e+04 margin=1.72e+04 | Lg=+13849.3262 | 43s | curv=+3.76e+03 wide=+1.47e+04 gfmed=1703.738
 4070 post m=1 hq=0.003 fail | Dr=+25025.082/+41277.832 |Dr|max=41277.832 Df=+10800.572 | g r=328.879 f=2821.886 p=179513.531(16.883) max=1423472.375 | Ld=-12945.1660 base=-1.43e+04 margin=1.34e+03 | Lg=+14456.6123 | 43s | curv=+2.61e+03 wide=+1.34e+04 gfmed=1571.739
 4080 post m=1 hq=0.004 fail | Dr=+25834.678/+42940.340 |Dr|max=42940.340 Df=+11233.201 | g r=450.573 f=3301.026 p=179695.562(16.380) max=1409265.625 | Ld=-13620.1006 base=-1.46e+04 margin=940 | Lg=+14630.6738 | 44s | curv=+3.25e+03 wide=+1.16e+04 gfmed=1965.192
 4090 post m=1 hq=0.004 fail | Dr=+26138.586/+43243.262 |Dr|max=43243.262 Df=+11300.100 | g r=485.757 f=3529.311 p=180161.125(12.359) max=1374108.250 | Ld=-13206.1592 base=-1.47e+04 margin=1.45e+03 | Lg=+14741.6172 | 44s | curv=+3.85e+03 wide=+1.23e+04 gfmed=1880.458
 4100 post m=1 hq=0.004 fail | Dr=+26523.059/+43847.922 |Dr|max=43847.922 Df=+11460.725 | g r=822.415 f=6206.327 p=182539.781(49.052) max=1418518.625 | Ld=-4698.6611 base=-1.45e+04 margin=9.83e+03 | Lg=+14809.6797 | 44s | curv=+1.21e+03 wide=+1.01e+04 gfmed=1628.154
 4110 post m=1 hq=0.017 fail | Dr=+27100.701/+44510.473 |Dr|max=44510.473 Df=+12487.008 | g r=362.421 f=6178.587 p=186170.250(17.382) max=1414811.000 | Ld=-14220.9180 base=-1.49e+04 margin=711 | Lg=+15435.7520 | 44s | curv=+2.81e+03 wide=+1.15e+04 gfmed=1937.717
 4120 post m=1 hq=0.004 fail | Dr=+27324.682/+44670.191 |Dr|max=44670.191 Df=+9768.946 | g r=390.902 f=27131.949 p=192890.609(12.492) max=1423575.875 | Ld=-13585.8086 base=-1.58e+04 margin=2.22e+03 | Lg=+16128.6250 | 44s | curv=+3.44e+03 wide=+1.24e+04 gfmed=1971.796
 4130 post m=1 hq=0.003 fail | Dr=+27480.895/+44366.133 |Dr|max=44366.133 Df=+11175.170 | g r=444.816 f=3449.819 p=174829.922(20.748) max=1431741.250 | Ld=-11271.1426 base=-1.64e+04 margin=5.15e+03 | Lg=+16546.3457 | 44s | curv=+2.9e+03 wide=+1.19e+04 gfmed=1795.367
 4140 post m=1 hq=0.004 fail | Dr=+27645.887/+44510.340 |Dr|max=44510.340 Df=+11458.133 | g r=344.025 f=3280.590 p=177573.281(29.136) max=1398308.000 | Ld=-15270.6279 base=-1.61e+04 margin=790 | Lg=+16117.4873 | 44s | curv=+3.04e+03 wide=+1.23e+04 gfmed=1601.845
 4150 post m=1 hq=0.004 fail | Dr=+27897.479/+44956.410 |Dr|max=44956.410 Df=+11685.428 | g r=578.104 f=3714.909 p=177779.641(13.185) max=1409362.375 | Ld=-15186.5264 base=-1.66e+04 margin=1.42e+03 | Lg=+16778.4062 | 44s | curv=+4.33e+03 wide=+1.35e+04 gfmed=1801.320
 4160 post m=1 hq=0.004 fail | Dr=+28086.762/+45335.102 |Dr|max=45335.102 Df=+11728.882 | g r=325.663 f=3650.071 p=180195.312(8.589) max=1422744.125 | Ld=-15821.8564 base=-1.65e+04 margin=651 | Lg=+16733.9473 | 44s | curv=+2.98e+03 wide=+1.22e+04 gfmed=1406.968
 4170 post m=0 hq=0.000 fail | Dr=+28416.197/+45714.941 |Dr|max=45714.941 Df=+2845.593 | g r=748.897 f=107695.594 p=208078.969(54.381) max=1433670.625 | Ld=-11621.6562 base=-1.58e+04 margin=4.14e+03 | Lg=+16492.4766 | 44s | curv=+5.1e+03 wide=+1.38e+04 gfmed=2595.310
 4180 post m=1 hq=0.004 fail | Dr=+28632.969/+46053.660 |Dr|max=46053.660 Df=+11486.469 | g r=615.114 f=2776.079 p=175417.875(50.511) max=1413267.250 | Ld=-11450.0879 base=-1.72e+04 margin=5.75e+03 | Lg=+17334.4492 | 44s | curv=+4.73e+03 wide=+1.35e+04 gfmed=1547.611
 4190 post m=1 hq=0.006 fail | Dr=+29264.359/+47163.152 |Dr|max=47163.152 Df=+12028.346 | g r=933.059 f=4648.736 p=175516.562(49.569) max=1444057.875 | Ld=-13984.1592 base=-1.73e+04 margin=3.28e+03 | Lg=+17514.8535 | 44s | curv=+3.78e+03 wide=+1.29e+04 gfmed=1661.462
 4200 post m=1 hq=0.006 fail | Dr=+29600.941/+47660.129 |Dr|max=47660.129 Df=+12335.297 | g r=333.810 f=5317.026 p=181862.172(15.048) max=1442984.500 | Ld=-16738.7363 base=-1.73e+04 margin=603 | Lg=+17915.5352 | 45s | curv=+3.19e+03 wide=+1.21e+04 gfmed=1527.875
 4210 post m=1 hq=0.017 fail | Dr=+30119.137/+48353.430 |Dr|max=48353.430 Df=+12533.764 | g r=1029.064 f=39664.516 p=200759.859(56.188) max=1456044.750 | Ld=-10347.0469 base=-1.65e+04 margin=6.12e+03 | Lg=+17098.4180 | 45s | curv=+8.13e+03 wide=+1.57e+04 gfmed=2576.959
 4220 post m=0 hq=0.000 fail | Dr=+30446.725/+48924.660 |Dr|max=48924.660 Df=+10199.510 | g r=389.563 f=17636.127 p=179742.969(23.089) max=1444227.125 | Ld=-18548.5996 base=-2.1e+04 margin=2.4e+03 | Lg=+20970.9941 | 45s | curv=+4.22e+03 wide=+1.24e+04 gfmed=5417.567
 4230 post m=0 hq=0.000 fail | Dr=+30904.566/+49598.730 |Dr|max=49598.730 Df=+11011.021 | g r=503.665 f=5089.071 p=171207.656(20.909) max=1473925.250 | Ld=-17792.5469 base=-2.03e+04 margin=2.5e+03 | Lg=+20516.7793 | 45s | curv=+4.17e+03 wide=+1.27e+04 gfmed=4516.823
 4240 post m=0 hq=0.000 fail | Dr=+31499.574/+50500.137 |Dr|max=50500.137 Df=+11198.069 | g r=626.748 f=3984.178 p=176470.000(18.190) max=1470445.000 | Ld=-14739.4180 base=-2.03e+04 margin=5.6e+03 | Lg=+20589.3711 | 45s | curv=+4.73e+03 wide=+1.31e+04 gfmed=2076.991
 4250 post m=0 hq=0.000 fail | Dr=+32224.283/+51767.684 |Dr|max=51767.684 Df=+11283.945 | g r=934.717 f=3545.442 p=177664.156(42.496) max=1476344.000 | Ld=-14623.1104 base=-2.1e+04 margin=6.37e+03 | Lg=+21161.6055 | 45s | curv=+4.33e+03 wide=+1.24e+04 gfmed=2197.180
 4260 post m=0 hq=0.000 fail | Dr=+32982.938/+52443.785 |Dr|max=52443.785 Df=+11424.102 | g r=509.673 f=2312.816 p=181327.109(33.977) max=1481471.125 | Ld=-20093.4023 base=-2.18e+04 margin=1.67e+03 | Lg=+21796.1992 | 45s | curv=+4.62e+03 wide=+1.32e+04 gfmed=1619.946
 4270 post m=0 hq=0.000 fail | Dr=+33368.695/+52913.477 |Dr|max=52913.477 Df=+11398.406 | g r=406.016 f=2232.868 p=181322.969(9.808) max=1476838.000 | Ld=-20956.7031 base=-2.2e+04 margin=1.07e+03 | Lg=+22089.6484 | 45s | curv=+4.59e+03 wide=+1.33e+04 gfmed=1413.146
 4280 post m=0 hq=0.000 fail | Dr=+34074.672/+53843.301 |Dr|max=53843.301 Df=+11541.316 | g r=860.598 f=2250.160 p=183296.344(18.175) max=1491490.250 | Ld=-13777.8926 base=-2.29e+04 margin=9.17e+03 | Lg=+22808.1719 | 45s | curv=+4.96e+03 wide=+1.4e+04 gfmed=1629.692
 4290 post m=0 hq=0.000 fail | Dr=+34895.199/+54901.598 |Dr|max=54901.598 Df=+11797.990 | g r=630.993 f=2104.284 p=180909.844(37.689) max=1484301.625 | Ld=-21377.0430 base=-2.36e+04 margin=2.27e+03 | Lg=+23574.4180 | 45s | curv=+6.44e+03 wide=+1.35e+04 gfmed=1586.223
 4300 post m=0 hq=0.000 fail | Dr=+34928.172/+55784.613 |Dr|max=55784.613 Df=+11709.170 | g r=453.036 f=2824.509 p=178249.406(21.413) max=1481685.625 | Ld=-20665.4883 base=-2.34e+04 margin=2.78e+03 | Lg=+23476.2871 | 46s | curv=+3.82e+03 wide=+1.02e+04 gfmed=1710.474
 4310 post m=0 hq=0.000 fail | Dr=+35209.102/+55878.785 |Dr|max=55878.785 Df=+11852.732 | g r=434.828 f=2933.166 p=179246.312(12.932) max=1485230.250 | Ld=-21848.8965 base=-2.33e+04 margin=1.42e+03 | Lg=+23311.8594 | 46s | curv=+3.67e+03 wide=+1.02e+04 gfmed=1918.216
 4320 post m=0 hq=0.000 fail | Dr=+35444.562/+56141.812 |Dr|max=56141.812 Df=+12037.576 | g r=661.349 f=5874.290 p=179725.156(41.992) max=1500434.875 | Ld=-18830.3906 base=-2.4e+04 margin=5.14e+03 | Lg=+23909.8027 | 46s | curv=+3.73e+03 wide=+1.01e+04 gfmed=2531.951
 4330 post m=0 hq=0.000 fail | Dr=+35898.125/+56526.207 |Dr|max=56526.207 Df=+14911.141 | g r=555.950 f=41074.641 p=198767.719(55.446) max=1493156.500 | Ld=-20890.6367 base=-2.25e+04 margin=1.65e+03 | Lg=+22664.4844 | 46s | curv=+3.44e+03 wide=+1e+04 gfmed=5268.960
 4340 post m=1 hq=0.040 fail | Dr=+35971.117/+56162.301 |Dr|max=56162.301 Df=-15729.625 | g r=396.763 f=357103.062 p=274146.562(5.823) max=1488074.125 | Ld=-39669.2969 base=-4.09e+04 margin=1.24e+03 | Lg=+44460.0078 | 46s | curv=+4.01e+03 wide=+1.07e+04 gfmed=35259.508
 4350 post m=1 hq=0.001 fail | Dr=+35646.926/+54783.848 |Dr|max=54783.848 Df=+7981.802 | g r=964.036 f=317942.562 p=285095.188(88.047) max=1557038.875 | Ld=-12857.9297 base=-2.47e+04 margin=1.19e+04 | Lg=+30994.4375 | 46s | curv=+4.74e+03 wide=+1.23e+04 gfmed=40617.926
 4360 post m=0 hq=0.000 fail | Dr=+35182.852/+52966.414 |Dr|max=52966.414 Df=+18671.283 | g r=576.317 f=253611.344 p=321127.562(24.684) max=1563792.375 | Ld=-23779.2656 base=-2.57e+04 margin=1.95e+03 | Lg=+32720.4258 | 46s | curv=+3.3e+03 wide=+1.25e+04 gfmed=19286.607
 4370 post m=2 hq=0.017 fail | Dr=+34549.336/+51279.047 |Dr|max=51279.047 Df=-6144.159 | g r=681.082 f=299850.625 p=286787.562(66.778) max=1493216.250 | Ld=-45025.8164 base=-4.89e+04 margin=3.9e+03 | Lg=+50928.8203 | 46s | curv=+4.17e+03 wide=+1.48e+04 gfmed=23059.613
 4380 post m=4 hq=0.020 fail | Dr=+34168.434/+49850.113 |Dr|max=49850.113 Df=-3435.331 | g r=633.489 f=365893.500 p=322954.938(23.528) max=1580199.500 | Ld=-52678.7812 base=-5.59e+04 margin=3.23e+03 | Lg=+59849.9531 | 46s | curv=+1.22e+04 wide=+1.85e+04 gfmed=114621.953
 4390 post m=1 hq=0.028 fail | Dr=+33529.523/+48927.633 |Dr|max=48927.633 Df=+1627.323 | g r=1095.771 f=273201.375 p=321197.812(43.902) max=1646526.125 | Ld=+3605159.2500 base=-3.25e+04 margin=3.64e+06 | Lg=+31695.9922 | 46s | curv=+1.04e+04 wide=+1.61e+04 gfmed=15353.752
 4400 post m=1 hq=0.007 fail | Dr=+33406.438/+48048.988 |Dr|max=48048.988 Df=-4863.458 | g r=466.765 f=286667.719 p=310726.938(12.396) max=1592248.000 | Ld=-35718.0508 base=-3.71e+04 margin=1.38e+03 | Lg=+40334.8750 | 47s | curv=+1.21e+04 wide=+1.76e+04 gfmed=15526.204
 4410 post m=1 hq=0.020 fail | Dr=+33482.289/+47848.184 |Dr|max=47848.184 Df=+8095.148 | g r=889.809 f=175167.562 p=290356.750(58.222) max=1631812.000 | Ld=-18407.0039 base=-2.65e+04 margin=8.06e+03 | Lg=+29892.2188 | 47s | curv=+1.11e+04 wide=+1.67e+04 gfmed=5506.334
 4420 post m=1 hq=0.006 fail | Dr=+33717.961/+47751.105 |Dr|max=47751.105 Df=+20039.107 | g r=472.013 f=96078.859 p=251025.469(18.177) max=1548442.875 | Ld=-13617.8701 base=-1.44e+04 margin=774 | Lg=+18749.1133 | 47s | curv=+1.22e+04 wide=+1.76e+04 gfmed=3618.961
 4430 post m=1 hq=0.035 fail | Dr=+33823.133/+48540.977 |Dr|max=48540.977 Df=+22507.721 | g r=425.177 f=62977.281 p=231183.906(11.019) max=1524047.750 | Ld=-10252.7041 base=-1.15e+04 margin=1.23e+03 | Lg=+14569.3027 | 47s | curv=+5.31e+03 wide=+1.44e+04 gfmed=3325.374
 4440 post m=1 hq=0.038 fail | Dr=+33911.039/+48322.113 |Dr|max=48322.113 Df=+24042.965 | g r=956.377 f=62621.281 p=240516.547(33.158) max=1542056.625 | Ld=-4289.9419 base=-9.89e+03 margin=5.6e+03 | Lg=+13467.9180 | 47s | curv=+5.34e+03 wide=+1.45e+04 gfmed=3491.490
 4450 post m=1 hq=0.028 fail | Dr=+33854.387/+47726.543 |Dr|max=47726.543 Df=+24013.494 | g r=462.887 f=68159.562 p=238998.641(34.450) max=1560922.125 | Ld=-7906.9746 base=-9.04e+03 margin=1.13e+03 | Lg=+12359.4033 | 47s | curv=+5.12e+03 wide=+1.44e+04 gfmed=3347.007
 4460 post m=1 hq=0.033 fail | Dr=+33713.203/+46991.254 |Dr|max=46991.254 Df=+24879.621 | g r=487.428 f=73421.023 p=249046.438(8.270) max=1596388.250 | Ld=-6945.2803 base=-8.43e+03 margin=1.49e+03 | Lg=+12962.4648 | 47s | curv=+5e+03 wide=+1.44e+04 gfmed=3795.952
 4470 post m=1 hq=0.039 fail | Dr=+33556.547/+46167.570 |Dr|max=46167.570 Df=+23462.332 | g r=546.858 f=63339.652 p=238202.344(44.546) max=1646696.750 | Ld=-6534.0342 base=-8.82e+03 margin=2.29e+03 | Lg=+12955.9648 | 47s | curv=+5.84e+03 wide=+1.55e+04 gfmed=3336.797
 4480 post m=1 hq=0.050 fail | Dr=+33186.340/+44734.121 |Dr|max=44734.121 Df=+23755.869 | g r=721.822 f=77018.922 p=252308.953(57.983) max=1573961.250 | Ld=-5155.6289 base=-8.11e+03 margin=2.96e+03 | Lg=+13402.2100 | 47s | curv=+9.73e+03 wide=+1.87e+04 gfmed=3394.222
 4490 post m=1 hq=0.022 fail | Dr=+32948.980/+43866.836 |Dr|max=43866.836 Df=+22946.281 | g r=1206.878 f=80718.789 p=250235.188(133.362) max=1548640.000 | Ld=+915.5000 base=-1.03e+04 margin=1.13e+04 | Lg=+14037.4385 | 48s | curv=+1.54e+04 wide=+2.07e+04 gfmed=4037.426
 4500 post m=1 hq=0.033 fail | Dr=+32488.234/+42420.777 |Dr|max=42420.777 Df=+15359.770 | g r=1129.668 f=120713.109 p=252219.500(49.526) max=1598176.875 | Ld=-21929.4961 base=-3.17e+04 margin=9.79e+03 | Lg=+34187.8711 | 48s | curv=+9.28e+03 wide=+1.84e+04 gfmed=3459.156
 4510 post m=2 hq=0.004 fail | Dr=+32390.611/+43024.473 |Dr|max=43024.473 Df=-5468.159 | g r=1004.445 f=295487.219 p=299309.188(38.114) max=1655833.375 | Ld=-36847.4531 base=-4.13e+04 margin=4.43e+03 | Lg=+40862.3750 | 48s | curv=+4.21e+03 wide=+2.21e+04 gfmed=20803.021
 4520 post m=2 hq=0.012 fail | Dr=+31624.734/+42514.160 |Dr|max=42514.160 Df=+10629.112 | g r=606.535 f=195579.391 p=305666.062(27.754) max=1621785.625 | Ld=-18809.9102 base=-2.24e+04 margin=3.63e+03 | Lg=+27232.4922 | 48s | curv=+1.01e+04 wide=+1.84e+04 gfmed=12250.824
 4530 post m=1 hq=0.000 fail | Dr=+31469.525/+42311.336 |Dr|max=42311.336 Df=+1915.904 | g r=441.858 f=343319.469 p=346980.250(27.556) max=1606988.125 | Ld=-16116.1602 base=-1.75e+04 margin=1.37e+03 | Lg=+27252.3828 | 48s | curv=+9.19e+03 wide=+1.76e+04 gfmed=210410.125
 4540 post m=1 hq=0.023 fail | Dr=+31124.953/+42237.879 |Dr|max=42237.879 Df=+12560.338 | g r=446.313 f=224420.422 p=307813.281(26.444) max=1619659.375 | Ld=-19542.3086 base=-2.06e+04 margin=1.06e+03 | Lg=+26725.0352 | 48s | curv=+8.65e+03 wide=+1.76e+04 gfmed=23065.197
 4550 post m=1 hq=0.006 fail | Dr=+31175.715/+42354.980 |Dr|max=42354.980 Df=+13729.096 | g r=389.665 f=191262.531 p=280876.469(30.936) max=1588025.250 | Ld=-17114.7148 base=-1.8e+04 margin=886 | Lg=+21813.6680 | 48s | curv=+5.23e+03 wide=+1.54e+04 gfmed=10721.333
 4560 post m=1 hq=0.002 fail | Dr=+30999.078/+42122.234 |Dr|max=42122.234 Df=+10242.111 | g r=691.508 f=222005.719 p=290006.750(70.264) max=1557343.000 | Ld=-10623.3945 base=-1.52e+04 margin=4.54e+03 | Lg=+19286.5723 | 48s | curv=+6.29e+03 wide=+1.66e+04 gfmed=9638.129
 4570 post m=1 hq=0.006 fail | Dr=+30835.213/+41835.133 |Dr|max=41835.133 Df=+14865.000 | g r=684.302 f=190567.531 p=286703.938(104.580) max=1603200.250 | Ld=-13028.3604 base=-1.57e+04 margin=2.64e+03 | Lg=+21132.0391 | 48s | curv=+7.33e+03 wide=+1.77e+04 gfmed=7295.829
 4580 post m=1 hq=0.020 fail | Dr=+30776.512/+41568.074 |Dr|max=41568.074 Df=+15258.072 | g r=671.150 f=113595.164 p=274414.344(43.726) max=1637079.125 | Ld=-10468.7422 base=-1.59e+04 margin=5.45e+03 | Lg=+18964.7969 | 49s | curv=+6.08e+03 wide=+1.65e+04 gfmed=4502.310
 4590 post m=1 hq=0.027 fail | Dr=+30718.133/+40996.918 |Dr|max=40996.918 Df=+15278.184 | g r=423.102 f=81849.688 p=266512.062(27.871) max=1561394.875 | Ld=-18230.3477 base=-1.97e+04 margin=1.49e+03 | Lg=+21256.0469 | 49s | curv=+6.1e+03 wide=+1.67e+04 gfmed=2406.021
 4600 post m=1 hq=0.028 fail | Dr=+30788.129/+40596.516 |Dr|max=40596.516 Df=+15706.176 | g r=908.392 f=100956.180 p=275860.469(22.779) max=1704162.750 | Ld=-5508.5068 base=-1.45e+04 margin=9.01e+03 | Lg=+15404.4316 | 49s | curv=+5.51e+03 wide=+1.65e+04 gfmed=3417.991
# COMPLETE 4600 updates in 49s; prehold 0/120; arrival=None
