{"event": "RESTORED", "variant": "control", "step": 1200, "modes": 8, "hq": 0.999267578125}
{"event": "CHECK", "variant": "control", "step": 1225, "modes": 8, "hq": 0.998779296875, "passing": true, "loss_d": 0.6840586066246033, "loss_g": 0.7860265374183655}
{"event": "CHECK", "variant": "control", "step": 1250, "modes": 8, "hq": 0.9990234375, "passing": true, "loss_d": 0.6636199951171875, "loss_g": 0.7458842396736145}
{"event": "CHECK", "variant": "control", "step": 1275, "modes": 8, "hq": 0.9990234375, "passing": true, "loss_d": 0.674513041973114, "loss_g": 0.7940243482589722}
{"event": "CHECK", "variant": "control", "step": 1300, "modes": 8, "hq": 0.9404296875, "passing": true, "loss_d": 0.6755690574645996, "loss_g": 0.7946659326553345}
{"event": "CHECK", "variant": "control", "step": 1325, "modes": 5, "hq": 0.518798828125, "passing": false, "loss_d": 0.6890069246292114, "loss_g": 0.7834998965263367}
{"event": "CHECK", "variant": "control", "step": 1350, "modes": 8, "hq": 0.99951171875, "passing": true, "loss_d": 0.6552116870880127, "loss_g": 0.7579824924468994}
{"event": "CHECK", "variant": "control", "step": 1375, "modes": 8, "hq": 0.99951171875, "passing": true, "loss_d": 0.6702384948730469, "loss_g": 0.7626256346702576}
{"event": "CHECK", "variant": "control", "step": 1400, "modes": 8, "hq": 0.9990234375, "passing": true, "loss_d": 0.6992831826210022, "loss_g": 0.7712968587875366}
{"event": "CHECK", "variant": "control", "step": 1425, "modes": 8, "hq": 1.0, "passing": true, "loss_d": 0.6862809658050537, "loss_g": 0.7391024231910706}
{"event": "CHECK", "variant": "control", "step": 1450, "modes": 8, "hq": 1.0, "passing": true, "loss_d": 0.6507381796836853, "loss_g": 0.7692992687225342}
{"event": "CHECK", "variant": "control", "step": 1475, "modes": 8, "hq": 0.999755859375, "passing": true, "loss_d": 0.6722415685653687, "loss_g": 0.7709856033325195}
{"event": "CHECK", "variant": "control", "step": 1500, "modes": 8, "hq": 0.999755859375, "passing": true, "loss_d": 0.6604396104812622, "loss_g": 0.7769644260406494}
{"event": "CHECK", "variant": "control", "step": 1525, "modes": 8, "hq": 0.99951171875, "passing": true, "loss_d": 0.6567810773849487, "loss_g": 0.776780903339386}
{"event": "CHECK", "variant": "control", "step": 1550, "modes": 8, "hq": 0.9931640625, "passing": true, "loss_d": 0.6679568290710449, "loss_g": 0.7908660769462585}
{"event": "CHECK", "variant": "control", "step": 1575, "modes": 8, "hq": 0.99951171875, "passing": true, "loss_d": 0.7132537364959717, "loss_g": 0.7717186808586121}
{"event": "CHECK", "variant": "control", "step": 1600, "modes": 8, "hq": 0.9990234375, "passing": true, "loss_d": 0.695338249206543, "loss_g": 0.7764175534248352}
{"event": "CHECK", "variant": "control", "step": 1625, "modes": 8, "hq": 0.999267578125, "passing": true, "loss_d": 0.6718814373016357, "loss_g": 0.7883994579315186}
{"event": "CHECK", "variant": "control", "step": 1650, "modes": 8, "hq": 1.0, "passing": true, "loss_d": 0.6536754369735718, "loss_g": 0.7794221043586731}
{"event": "CHECK", "variant": "control", "step": 1675, "modes": 2, "hq": 0.14208984375, "passing": false, "loss_d": 0.6508105993270874, "loss_g": 0.7984612584114075}
{"event": "CHECK", "variant": "control", "step": 1700, "modes": 2, "hq": 0.052490234375, "passing": false, "loss_d": 0.6720158457756042, "loss_g": 0.7761104106903076}
{"event": "CHECK", "variant": "control", "step": 1725, "modes": 1, "hq": 0.025146484375, "passing": false, "loss_d": 0.6914159059524536, "loss_g": 0.7545608282089233}
{"event": "CHECK", "variant": "control", "step": 1750, "modes": 5, "hq": 0.26611328125, "passing": false, "loss_d": 0.675183117389679, "loss_g": 0.7562340497970581}
{"event": "CHECK", "variant": "control", "step": 1775, "modes": 8, "hq": 0.996337890625, "passing": true, "loss_d": 0.6935620903968811, "loss_g": 0.7396120429039001}
{"event": "CHECK", "variant": "control", "step": 1800, "modes": 8, "hq": 1.0, "passing": true, "loss_d": 0.6748300194740295, "loss_g": 0.7305822372436523}
{"event": "CHECK", "variant": "control", "step": 1825, "modes": 8, "hq": 1.0, "passing": true, "loss_d": 0.6593369841575623, "loss_g": 0.7793746590614319}
{"event": "CHECK", "variant": "control", "step": 1850, "modes": 6, "hq": 0.711181640625, "passing": false, "loss_d": 0.6487424373626709, "loss_g": 0.8002952337265015}
{"event": "CHECK", "variant": "control", "step": 1875, "modes": 8, "hq": 0.998779296875, "passing": true, "loss_d": 0.6656106114387512, "loss_g": 0.726643443107605}
{"event": "CHECK", "variant": "control", "step": 1900, "modes": 8, "hq": 0.982421875, "passing": true, "loss_d": 0.6244714856147766, "loss_g": 0.7213959693908691}
{"event": "CHECK", "variant": "control", "step": 1925, "modes": 7, "hq": 0.736572265625, "passing": false, "loss_d": 0.6705994606018066, "loss_g": 0.7517402768135071}
{"event": "CHECK", "variant": "control", "step": 1950, "modes": 8, "hq": 0.99560546875, "passing": true, "loss_d": 0.6875322461128235, "loss_g": 0.736076831817627}
{"event": "CHECK", "variant": "control", "step": 1975, "modes": 8, "hq": 0.989013671875, "passing": true, "loss_d": 0.6867948770523071, "loss_g": 0.792682409286499}
{"event": "CHECK", "variant": "control", "step": 2000, "modes": 8, "hq": 0.96337890625, "passing": true, "loss_d": 0.6542928218841553, "loss_g": 0.7725256085395813}
{"event": "CHECK", "variant": "control", "step": 2025, "modes": 8, "hq": 0.781494140625, "passing": false, "loss_d": 0.6962015628814697, "loss_g": 0.7477909922599792}
{"event": "CHECK", "variant": "control", "step": 2050, "modes": 8, "hq": 0.99365234375, "passing": true, "loss_d": 0.6493754386901855, "loss_g": 0.7791975736618042}
{"event": "CHECK", "variant": "control", "step": 2075, "modes": 6, "hq": 0.39013671875, "passing": false, "loss_d": 0.678144633769989, "loss_g": 0.7503624558448792}
{"event": "CHECK", "variant": "control", "step": 2100, "modes": 8, "hq": 0.625244140625, "passing": false, "loss_d": 0.6394051909446716, "loss_g": 0.8037495613098145}
{"event": "CHECK", "variant": "control", "step": 2125, "modes": 3, "hq": 0.23486328125, "passing": false, "loss_d": 0.6679360866546631, "loss_g": 0.7535721063613892}
{"event": "CHECK", "variant": "control", "step": 2150, "modes": 8, "hq": 0.54833984375, "passing": false, "loss_d": 0.6856812834739685, "loss_g": 0.7262961864471436}
{"event": "CHECK", "variant": "control", "step": 2175, "modes": 8, "hq": 0.98681640625, "passing": true, "loss_d": 0.6909244656562805, "loss_g": 0.7519241571426392}
{"event": "CHECK", "variant": "control", "step": 2200, "modes": 8, "hq": 0.94140625, "passing": true, "loss_d": 0.6787357330322266, "loss_g": 0.7576648592948914}
{"event": "CHECK", "variant": "control", "step": 2225, "modes": 7, "hq": 0.897216796875, "passing": false, "loss_d": 0.6734034419059753, "loss_g": 0.7371160387992859}
{"event": "CHECK", "variant": "control", "step": 2250, "modes": 8, "hq": 0.99560546875, "passing": true, "loss_d": 0.656953752040863, "loss_g": 0.7520362734794617}
{"event": "CHECK", "variant": "control", "step": 2275, "modes": 8, "hq": 0.99951171875, "passing": true, "loss_d": 0.6966488361358643, "loss_g": 0.7690450549125671}
{"event": "CHECK", "variant": "control", "step": 2300, "modes": 8, "hq": 0.936279296875, "passing": true, "loss_d": 0.6852714419364929, "loss_g": 0.7864391803741455}
{"event": "CHECK", "variant": "control", "step": 2325, "modes": 8, "hq": 0.991943359375, "passing": true, "loss_d": 0.6537795066833496, "loss_g": 0.769116222858429}
{"event": "CHECK", "variant": "control", "step": 2350, "modes": 8, "hq": 0.907958984375, "passing": true, "loss_d": 0.6665354371070862, "loss_g": 0.7910646796226501}
{"event": "CHECK", "variant": "control", "step": 2375, "modes": 6, "hq": 0.703857421875, "passing": false, "loss_d": 0.664021372795105, "loss_g": 0.7652425169944763}
{"event": "CHECK", "variant": "control", "step": 2400, "modes": 5, "hq": 0.209228515625, "passing": false, "loss_d": 0.6597704887390137, "loss_g": 0.7799277305603027}
{"event": "CHECK", "variant": "control", "step": 2425, "modes": 8, "hq": 1.0, "passing": true, "loss_d": 0.6537892818450928, "loss_g": 0.7693430781364441}
{"event": "CHECK", "variant": "control", "step": 2450, "modes": 8, "hq": 0.987060546875, "passing": true, "loss_d": 0.6812846064567566, "loss_g": 0.7615460753440857}
{"event": "CHECK", "variant": "control", "step": 2475, "modes": 8, "hq": 0.9462890625, "passing": true, "loss_d": 0.6788029670715332, "loss_g": 0.78000807762146}
{"event": "CHECK", "variant": "control", "step": 2500, "modes": 8, "hq": 1.0, "passing": true, "loss_d": 0.7007601261138916, "loss_g": 0.7757751941680908}
{"event": "CHECK", "variant": "control", "step": 2525, "modes": 8, "hq": 0.999755859375, "passing": true, "loss_d": 0.6327078342437744, "loss_g": 0.8503813147544861}
{"event": "CHECK", "variant": "control", "step": 2550, "modes": 8, "hq": 0.99853515625, "passing": true, "loss_d": 0.6644589304924011, "loss_g": 0.7628660202026367}
{"event": "CHECK", "variant": "control", "step": 2575, "modes": 8, "hq": 0.993896484375, "passing": true, "loss_d": 0.6701148748397827, "loss_g": 0.7643106579780579}
{"event": "CHECK", "variant": "control", "step": 2600, "modes": 8, "hq": 0.999755859375, "passing": true, "loss_d": 0.6999717950820923, "loss_g": 0.750758707523346}
{"event": "CHECK", "variant": "control", "step": 2625, "modes": 8, "hq": 0.9658203125, "passing": true, "loss_d": 0.6539469361305237, "loss_g": 0.7962369322776794}
{"event": "CHECK", "variant": "control", "step": 2650, "modes": 8, "hq": 0.90380859375, "passing": true, "loss_d": 0.6885591149330139, "loss_g": 0.750944972038269}
{"event": "CHECK", "variant": "control", "step": 2675, "modes": 8, "hq": 0.9990234375, "passing": true, "loss_d": 0.6364254355430603, "loss_g": 0.7777574062347412}
{"event": "CHECK", "variant": "control", "step": 2700, "modes": 8, "hq": 0.99853515625, "passing": true, "loss_d": 0.6253158450126648, "loss_g": 0.7875361442565918}
{"event": "CHECK", "variant": "control", "step": 2725, "modes": 8, "hq": 0.8466796875, "passing": false, "loss_d": 0.6382246613502502, "loss_g": 0.811091423034668}
{"event": "CHECK", "variant": "control", "step": 2750, "modes": 8, "hq": 0.96875, "passing": true, "loss_d": 0.6775042414665222, "loss_g": 0.76334547996521}
{"event": "CHECK", "variant": "control", "step": 2775, "modes": 8, "hq": 0.99951171875, "passing": true, "loss_d": 0.6633991599082947, "loss_g": 0.788627564907074}
{"event": "CHECK", "variant": "control", "step": 2800, "modes": 8, "hq": 1.0, "passing": true, "loss_d": 0.6832960247993469, "loss_g": 0.7661461234092712}
{"event": "CHECK", "variant": "control", "step": 2825, "modes": 8, "hq": 1.0, "passing": true, "loss_d": 0.6670990586280823, "loss_g": 0.7590899467468262}
{"event": "CHECK", "variant": "control", "step": 2850, "modes": 8, "hq": 0.999755859375, "passing": true, "loss_d": 0.7088449597358704, "loss_g": 0.7539390921592712}
{"event": "CHECK", "variant": "control", "step": 2875, "modes": 8, "hq": 0.99951171875, "passing": true, "loss_d": 0.6644428372383118, "loss_g": 0.7958275675773621}
{"event": "CHECK", "variant": "control", "step": 2900, "modes": 8, "hq": 0.99755859375, "passing": true, "loss_d": 0.6579147577285767, "loss_g": 0.8230044841766357}
{"event": "CHECK", "variant": "control", "step": 2925, "modes": 8, "hq": 1.0, "passing": true, "loss_d": 0.6615213751792908, "loss_g": 0.7459056377410889}
{"event": "CHECK", "variant": "control", "step": 2950, "modes": 8, "hq": 0.985107421875, "passing": true, "loss_d": 0.6544442176818848, "loss_g": 0.7555596828460693}
{"event": "CHECK", "variant": "control", "step": 2975, "modes": 8, "hq": 0.811767578125, "passing": false, "loss_d": 0.6502407789230347, "loss_g": 0.7496523261070251}
{"event": "CHECK", "variant": "control", "step": 3000, "modes": 8, "hq": 0.9970703125, "passing": true, "loss_d": 0.6714462637901306, "loss_g": 0.8034647703170776}
{"event": "CHECK", "variant": "control", "step": 3025, "modes": 1, "hq": 0.00537109375, "passing": false, "loss_d": 0.7070377469062805, "loss_g": 0.8009166717529297}
{"event": "CHECK", "variant": "control", "step": 3050, "modes": 3, "hq": 0.16162109375, "passing": false, "loss_d": 0.6958885788917542, "loss_g": 0.7659212350845337}
{"event": "CHECK", "variant": "control", "step": 3075, "modes": 1, "hq": 0.078125, "passing": false, "loss_d": 0.6815934181213379, "loss_g": 0.7601605653762817}
{"event": "CHECK", "variant": "control", "step": 3100, "modes": 5, "hq": 0.294677734375, "passing": false, "loss_d": 0.6764243841171265, "loss_g": 0.7538090944290161}
{"event": "CHECK", "variant": "control", "step": 3125, "modes": 2, "hq": 0.04345703125, "passing": false, "loss_d": 0.7764748930931091, "loss_g": 0.8448166251182556}
{"event": "CHECK", "variant": "control", "step": 3150, "modes": 6, "hq": 0.53515625, "passing": false, "loss_d": 0.6101093292236328, "loss_g": 0.8498300909996033}
{"event": "CHECK", "variant": "control", "step": 3175, "modes": 5, "hq": 0.202880859375, "passing": false, "loss_d": 0.5776030421257019, "loss_g": 0.9726048707962036}
{"event": "CHECK", "variant": "control", "step": 3200, "modes": 6, "hq": 0.632080078125, "passing": false, "loss_d": 0.5640745162963867, "loss_g": 0.9779080152511597}
{"event": "CHECK", "variant": "control", "step": 3225, "modes": 3, "hq": 0.0859375, "passing": false, "loss_d": 0.6223656535148621, "loss_g": 1.0201917886734009}
{"event": "CHECK", "variant": "control", "step": 3250, "modes": 5, "hq": 0.458251953125, "passing": false, "loss_d": 0.5963346362113953, "loss_g": 1.0115129947662354}
{"event": "CHECK", "variant": "control", "step": 3275, "modes": 7, "hq": 0.508544921875, "passing": false, "loss_d": 0.6345767974853516, "loss_g": 1.0783069133758545}
{"event": "CHECK", "variant": "control", "step": 3300, "modes": 7, "hq": 0.8115234375, "passing": false, "loss_d": 0.5802570581436157, "loss_g": 1.1173055171966553}
{"event": "CHECK", "variant": "control", "step": 3325, "modes": 5, "hq": 0.5009765625, "passing": false, "loss_d": 0.6103918552398682, "loss_g": 1.0497244596481323}
{"event": "CHECK", "variant": "control", "step": 3350, "modes": 7, "hq": 0.801513671875, "passing": false, "loss_d": 0.5675175786018372, "loss_g": 0.9456977844238281}
{"event": "CHECK", "variant": "control", "step": 3375, "modes": 7, "hq": 0.9111328125, "passing": false, "loss_d": 0.5461516976356506, "loss_g": 0.9802517294883728}
{"event": "CHECK", "variant": "control", "step": 3400, "modes": 7, "hq": 0.9130859375, "passing": false, "loss_d": 0.5811067223548889, "loss_g": 1.2823573350906372}
{"event": "CHECK", "variant": "control", "step": 3425, "modes": 7, "hq": 0.989990234375, "passing": false, "loss_d": 0.5744727849960327, "loss_g": 1.2554006576538086}
{"event": "CHECK", "variant": "control", "step": 3450, "modes": 3, "hq": 0.24658203125, "passing": false, "loss_d": 0.5767589807510376, "loss_g": 1.009086012840271}
{"event": "CHECK", "variant": "control", "step": 3475, "modes": 7, "hq": 0.90234375, "passing": false, "loss_d": 0.6058921813964844, "loss_g": 0.9336977601051331}
{"event": "CHECK", "variant": "control", "step": 3500, "modes": 6, "hq": 0.658935546875, "passing": false, "loss_d": 0.6593915820121765, "loss_g": 1.0358245372772217}
{"event": "CHECK", "variant": "control", "step": 3525, "modes": 7, "hq": 0.888671875, "passing": false, "loss_d": 0.5836166143417358, "loss_g": 1.1751865148544312}
{"event": "CHECK", "variant": "control", "step": 3550, "modes": 7, "hq": 0.98681640625, "passing": false, "loss_d": 0.60594642162323, "loss_g": 1.1687703132629395}
{"event": "CHECK", "variant": "control", "step": 3575, "modes": 7, "hq": 0.860595703125, "passing": false, "loss_d": 0.5751314163208008, "loss_g": 1.1163731813430786}
{"event": "CHECK", "variant": "control", "step": 3600, "modes": 7, "hq": 0.994384765625, "passing": false, "loss_d": 0.5596206188201904, "loss_g": 1.200515627861023}
{"event": "CHECK", "variant": "control", "step": 3625, "modes": 7, "hq": 0.985107421875, "passing": false, "loss_d": 0.5751004219055176, "loss_g": 1.1162642240524292}
{"event": "CHECK", "variant": "control", "step": 3650, "modes": 7, "hq": 0.9990234375, "passing": false, "loss_d": 0.5487589836120605, "loss_g": 1.3088204860687256}
{"event": "CHECK", "variant": "control", "step": 3675, "modes": 7, "hq": 0.994873046875, "passing": false, "loss_d": 0.5989269018173218, "loss_g": 1.3606798648834229}
{"event": "CHECK", "variant": "control", "step": 3700, "modes": 7, "hq": 0.999755859375, "passing": false, "loss_d": 0.5669031739234924, "loss_g": 1.2146499156951904}
{"event": "CHECK", "variant": "control", "step": 3725, "modes": 7, "hq": 0.99267578125, "passing": false, "loss_d": 0.5743879675865173, "loss_g": 1.3554205894470215}
{"event": "CHECK", "variant": "control", "step": 3750, "modes": 7, "hq": 1.0, "passing": false, "loss_d": 0.5927226543426514, "loss_g": 1.227078914642334}
{"event": "CHECK", "variant": "control", "step": 3775, "modes": 7, "hq": 0.990966796875, "passing": false, "loss_d": 0.5315996408462524, "loss_g": 1.3596107959747314}
{"event": "CHECK", "variant": "control", "step": 3800, "modes": 7, "hq": 0.9697265625, "passing": false, "loss_d": 0.5557342171669006, "loss_g": 1.216025710105896}
{"event": "CHECK", "variant": "control", "step": 3825, "modes": 7, "hq": 0.7978515625, "passing": false, "loss_d": 0.6292449831962585, "loss_g": 1.1745164394378662}
{"event": "CHECK", "variant": "control", "step": 3850, "modes": 7, "hq": 1.0, "passing": false, "loss_d": 0.5360899567604065, "loss_g": 1.4482117891311646}
{"event": "CHECK", "variant": "control", "step": 3875, "modes": 7, "hq": 0.89501953125, "passing": false, "loss_d": 0.5520786046981812, "loss_g": 1.3067803382873535}
{"event": "CHECK", "variant": "control", "step": 3900, "modes": 7, "hq": 1.0, "passing": false, "loss_d": 0.5763527154922485, "loss_g": 1.1542458534240723}
{"event": "CHECK", "variant": "control", "step": 3925, "modes": 4, "hq": 0.5703125, "passing": false, "loss_d": 0.5749510526657104, "loss_g": 1.1343085765838623}
{"event": "CHECK", "variant": "control", "step": 3950, "modes": 7, "hq": 0.990234375, "passing": false, "loss_d": 0.5989696979522705, "loss_g": 0.9556410312652588}
{"event": "CHECK", "variant": "control", "step": 3975, "modes": 7, "hq": 0.666259765625, "passing": false, "loss_d": 0.6594461798667908, "loss_g": 0.9915457963943481}
{"event": "CHECK", "variant": "control", "step": 4000, "modes": 7, "hq": 1.0, "passing": false, "loss_d": 0.5588901042938232, "loss_g": 0.9933822751045227}
{"event": "CHECK", "variant": "control", "step": 4025, "modes": 7, "hq": 0.994384765625, "passing": false, "loss_d": 0.5988446474075317, "loss_g": 1.110780119895935}
{"event": "CHECK", "variant": "control", "step": 4050, "modes": 5, "hq": 0.5693359375, "passing": false, "loss_d": 0.5580311417579651, "loss_g": 1.2760957479476929}
{"event": "CHECK", "variant": "control", "step": 4075, "modes": 2, "hq": 0.199462890625, "passing": false, "loss_d": 0.5302689075469971, "loss_g": 1.5755642652511597}
{"event": "CHECK", "variant": "control", "step": 4100, "modes": 5, "hq": 0.232177734375, "passing": false, "loss_d": 0.5448130965232849, "loss_g": 1.4884676933288574}
{"event": "CHECK", "variant": "control", "step": 4125, "modes": 3, "hq": 0.22607421875, "passing": false, "loss_d": 0.5879180431365967, "loss_g": 1.2247170209884644}
{"event": "CHECK", "variant": "control", "step": 4150, "modes": 3, "hq": 0.174072265625, "passing": false, "loss_d": 0.5638551115989685, "loss_g": 1.0895073413848877}
{"event": "CHECK", "variant": "control", "step": 4175, "modes": 7, "hq": 0.96533203125, "passing": false, "loss_d": 0.5823721885681152, "loss_g": 1.138744831085205}
{"event": "CHECK", "variant": "control", "step": 4200, "modes": 7, "hq": 0.801513671875, "passing": false, "loss_d": 0.5647082924842834, "loss_g": 1.3500196933746338}
{"event": "CHECK", "variant": "control", "step": 4225, "modes": 7, "hq": 0.99755859375, "passing": false, "loss_d": 0.5888268947601318, "loss_g": 1.1308677196502686}
{"event": "CHECK", "variant": "control", "step": 4250, "modes": 7, "hq": 0.8720703125, "passing": false, "loss_d": 0.5611528158187866, "loss_g": 1.1935436725616455}
{"event": "CHECK", "variant": "control", "step": 4275, "modes": 7, "hq": 0.999267578125, "passing": false, "loss_d": 0.5354772210121155, "loss_g": 1.217050552368164}
{"event": "CHECK", "variant": "control", "step": 4300, "modes": 7, "hq": 0.99853515625, "passing": false, "loss_d": 0.6028420925140381, "loss_g": 1.1306453943252563}
{"event": "CHECK", "variant": "control", "step": 4325, "modes": 7, "hq": 0.9990234375, "passing": false, "loss_d": 0.5647357702255249, "loss_g": 1.467406988143921}
{"event": "CHECK", "variant": "control", "step": 4350, "modes": 7, "hq": 0.994873046875, "passing": false, "loss_d": 0.5828795433044434, "loss_g": 1.7408506870269775}
{"event": "CHECK", "variant": "control", "step": 4375, "modes": 7, "hq": 0.966796875, "passing": false, "loss_d": 0.5864664316177368, "loss_g": 1.4906551837921143}
{"event": "CHECK", "variant": "control", "step": 4400, "modes": 7, "hq": 0.906982421875, "passing": false, "loss_d": 0.564190149307251, "loss_g": 1.2487529516220093}
{"event": "CHECK", "variant": "control", "step": 4425, "modes": 7, "hq": 0.998779296875, "passing": false, "loss_d": 0.5540081262588501, "loss_g": 1.5525366067886353}
{"event": "CHECK", "variant": "control", "step": 4450, "modes": 7, "hq": 0.99755859375, "passing": false, "loss_d": 0.5447409152984619, "loss_g": 1.3392683267593384}
{"event": "CHECK", "variant": "control", "step": 4475, "modes": 7, "hq": 0.999755859375, "passing": false, "loss_d": 0.5573830008506775, "loss_g": 1.1934345960617065}
{"event": "CHECK", "variant": "control", "step": 4500, "modes": 7, "hq": 0.998046875, "passing": false, "loss_d": 0.6295586228370667, "loss_g": 1.1129133701324463}
{"event": "CHECK", "variant": "control", "step": 4525, "modes": 7, "hq": 0.97705078125, "passing": false, "loss_d": 0.5954230427742004, "loss_g": 1.355625033378601}
{"event": "CHECK", "variant": "control", "step": 4550, "modes": 7, "hq": 0.999267578125, "passing": false, "loss_d": 0.5634589791297913, "loss_g": 1.2322890758514404}
{"event": "CHECK", "variant": "control", "step": 4575, "modes": 7, "hq": 0.946533203125, "passing": false, "loss_d": 0.638606607913971, "loss_g": 1.4772001504898071}
{"event": "CHECK", "variant": "control", "step": 4600, "modes": 0, "hq": 0.0, "passing": false, "loss_d": 0.8263370990753174, "loss_g": 0.7315265536308289}
{"event": "CHECK", "variant": "control", "step": 4625, "modes": 2, "hq": 0.11181640625, "passing": false, "loss_d": 0.5736675262451172, "loss_g": 1.0889769792556763}
{"event": "CHECK", "variant": "control", "step": 4650, "modes": 8, "hq": 0.744384765625, "passing": false, "loss_d": 0.690403163433075, "loss_g": 0.7277828454971313}
{"event": "CHECK", "variant": "control", "step": 4675, "modes": 8, "hq": 0.6162109375, "passing": false, "loss_d": 0.6772871613502502, "loss_g": 0.8115658164024353}
{"event": "CHECK", "variant": "control", "step": 4700, "modes": 8, "hq": 0.92236328125, "passing": true, "loss_d": 0.6498051285743713, "loss_g": 0.7168587446212769}
{"event": "CHECK", "variant": "control", "step": 4725, "modes": 8, "hq": 0.99951171875, "passing": true, "loss_d": 0.7062153220176697, "loss_g": 0.7754389047622681}
{"event": "CHECK", "variant": "control", "step": 4750, "modes": 8, "hq": 0.998046875, "passing": true, "loss_d": 0.6706370711326599, "loss_g": 0.8031400442123413}
{"event": "CHECK", "variant": "control", "step": 4775, "modes": 8, "hq": 0.995849609375, "passing": true, "loss_d": 0.7346304655075073, "loss_g": 0.772728443145752}
{"event": "CHECK", "variant": "control", "step": 4800, "modes": 8, "hq": 0.998779296875, "passing": true, "loss_d": 0.6105179190635681, "loss_g": 0.8165522217750549}
{"event": "CHECK", "variant": "control", "step": 4825, "modes": 8, "hq": 0.998779296875, "passing": true, "loss_d": 0.7093893885612488, "loss_g": 0.7980176210403442}
{"event": "CHECK", "variant": "control", "step": 4850, "modes": 8, "hq": 1.0, "passing": true, "loss_d": 0.6374605894088745, "loss_g": 0.8115281462669373}
{"event": "CHECK", "variant": "control", "step": 4875, "modes": 8, "hq": 0.991943359375, "passing": true, "loss_d": 0.6661780476570129, "loss_g": 0.8157672882080078}
{"event": "CHECK", "variant": "control", "step": 4900, "modes": 8, "hq": 0.997802734375, "passing": true, "loss_d": 0.6700371503829956, "loss_g": 0.7779622077941895}
{"event": "CHECK", "variant": "control", "step": 4925, "modes": 8, "hq": 0.99951171875, "passing": true, "loss_d": 0.6543251276016235, "loss_g": 0.8156161308288574}
{"event": "CHECK", "variant": "control", "step": 4950, "modes": 8, "hq": 1.0, "passing": true, "loss_d": 0.648917019367218, "loss_g": 0.776654839515686}
{"event": "CHECK", "variant": "control", "step": 4975, "modes": 8, "hq": 0.994873046875, "passing": true, "loss_d": 0.6640816330909729, "loss_g": 0.7728316187858582}
{"event": "CHECK", "variant": "control", "step": 5000, "modes": 8, "hq": 0.99951171875, "passing": true, "loss_d": 0.6768056154251099, "loss_g": 0.7508044838905334}
{"event": "CHECK", "variant": "control", "step": 5025, "modes": 6, "hq": 0.5263671875, "passing": false, "loss_d": 0.6461057662963867, "loss_g": 0.8026910424232483}
{"event": "CHECK", "variant": "control", "step": 5050, "modes": 8, "hq": 0.884033203125, "passing": false, "loss_d": 0.6639751195907593, "loss_g": 0.7827939391136169}
{"event": "CHECK", "variant": "control", "step": 5075, "modes": 8, "hq": 0.9990234375, "passing": true, "loss_d": 0.684069037437439, "loss_g": 0.7745303511619568}
{"event": "CHECK", "variant": "control", "step": 5100, "modes": 8, "hq": 0.997802734375, "passing": true, "loss_d": 0.6783590912818909, "loss_g": 0.8031262755393982}
{"event": "CHECK", "variant": "control", "step": 5125, "modes": 8, "hq": 0.984130859375, "passing": true, "loss_d": 0.6671425104141235, "loss_g": 0.7730053663253784}
{"event": "CHECK", "variant": "control", "step": 5150, "modes": 8, "hq": 0.999755859375, "passing": true, "loss_d": 0.6851548552513123, "loss_g": 0.7567994594573975}
{"event": "CHECK", "variant": "control", "step": 5175, "modes": 8, "hq": 0.999267578125, "passing": true, "loss_d": 0.6742928624153137, "loss_g": 0.7667074799537659}
{"event": "CHECK", "variant": "control", "step": 5200, "modes": 8, "hq": 0.9912109375, "passing": true, "loss_d": 0.6719735860824585, "loss_g": 0.7716992497444153}
{"event": "CHECK", "variant": "control", "step": 5225, "modes": 8, "hq": 0.99951171875, "passing": true, "loss_d": 0.7056899666786194, "loss_g": 0.7677044868469238}
{"event": "CHECK", "variant": "control", "step": 5250, "modes": 8, "hq": 0.847900390625, "passing": false, "loss_d": 0.6712413430213928, "loss_g": 0.7706695795059204}
{"event": "CHECK", "variant": "control", "step": 5275, "modes": 8, "hq": 0.994873046875, "passing": true, "loss_d": 0.6555172801017761, "loss_g": 0.7916372418403625}
{"event": "CHECK", "variant": "control", "step": 5300, "modes": 8, "hq": 0.97314453125, "passing": true, "loss_d": 0.6770161986351013, "loss_g": 0.767581045627594}
{"event": "CHECK", "variant": "control", "step": 5325, "modes": 8, "hq": 0.986572265625, "passing": true, "loss_d": 0.6305724382400513, "loss_g": 0.8352375030517578}
{"event": "CHECK", "variant": "control", "step": 5350, "modes": 8, "hq": 0.994140625, "passing": true, "loss_d": 0.6714347004890442, "loss_g": 0.7525370717048645}
{"event": "CHECK", "variant": "control", "step": 5375, "modes": 6, "hq": 0.639404296875, "passing": false, "loss_d": 0.6617581844329834, "loss_g": 0.7811716794967651}
{"event": "CHECK", "variant": "control", "step": 5400, "modes": 8, "hq": 0.99951171875, "passing": true, "loss_d": 0.659243643283844, "loss_g": 0.7670165300369263}
{"event": "CHECK", "variant": "control", "step": 5425, "modes": 8, "hq": 1.0, "passing": true, "loss_d": 0.6709389686584473, "loss_g": 0.7800686955451965}
{"event": "CHECK", "variant": "control", "step": 5450, "modes": 8, "hq": 0.902587890625, "passing": true, "loss_d": 0.6997665166854858, "loss_g": 0.7697677612304688}
{"event": "CHECK", "variant": "control", "step": 5475, "modes": 8, "hq": 0.877197265625, "passing": false, "loss_d": 0.6814570426940918, "loss_g": 0.7338802218437195}
{"event": "CHECK", "variant": "control", "step": 5500, "modes": 8, "hq": 0.999755859375, "passing": true, "loss_d": 0.6533628106117249, "loss_g": 0.7678017616271973}
{"event": "CHECK", "variant": "control", "step": 5525, "modes": 8, "hq": 0.944091796875, "passing": true, "loss_d": 0.6257713437080383, "loss_g": 0.7708083391189575}
{"event": "CHECK", "variant": "control", "step": 5550, "modes": 8, "hq": 1.0, "passing": true, "loss_d": 0.6736361980438232, "loss_g": 0.7880150079727173}
{"event": "CHECK", "variant": "control", "step": 5575, "modes": 8, "hq": 0.99951171875, "passing": true, "loss_d": 0.6631938219070435, "loss_g": 0.8124904036521912}
{"event": "CHECK", "variant": "control", "step": 5600, "modes": 8, "hq": 1.0, "passing": true, "loss_d": 0.6588404774665833, "loss_g": 0.7683403491973877}
{"event": "CHECK", "variant": "control", "step": 5625, "modes": 8, "hq": 0.8955078125, "passing": false, "loss_d": 0.6928252577781677, "loss_g": 0.7662909626960754}
{"event": "CHECK", "variant": "control", "step": 5650, "modes": 8, "hq": 0.999755859375, "passing": true, "loss_d": 0.6374067664146423, "loss_g": 0.7802991271018982}
{"event": "CHECK", "variant": "control", "step": 5675, "modes": 8, "hq": 0.995361328125, "passing": true, "loss_d": 0.6966495513916016, "loss_g": 0.7603907585144043}
{"event": "CHECK", "variant": "control", "step": 5700, "modes": 8, "hq": 0.99755859375, "passing": true, "loss_d": 0.6745303273200989, "loss_g": 0.7911295890808105}
{"event": "CHECK", "variant": "control", "step": 5725, "modes": 8, "hq": 0.999755859375, "passing": true, "loss_d": 0.6814082860946655, "loss_g": 0.7526223063468933}
{"event": "CHECK", "variant": "control", "step": 5750, "modes": 8, "hq": 1.0, "passing": true, "loss_d": 0.6489322185516357, "loss_g": 0.7825396656990051}
{"event": "CHECK", "variant": "control", "step": 5775, "modes": 8, "hq": 0.99951171875, "passing": true, "loss_d": 0.6643567681312561, "loss_g": 0.8018073439598083}
{"event": "CHECK", "variant": "control", "step": 5800, "modes": 8, "hq": 0.999755859375, "passing": true, "loss_d": 0.6773616671562195, "loss_g": 0.7685415744781494}
{"event": "CHECK", "variant": "control", "step": 5825, "modes": 8, "hq": 0.995361328125, "passing": true, "loss_d": 0.69374018907547, "loss_g": 0.7329621911048889}
{"event": "CHECK", "variant": "control", "step": 5850, "modes": 1, "hq": 0.090087890625, "passing": false, "loss_d": 0.6347317695617676, "loss_g": 0.889056921005249}
{"event": "CHECK", "variant": "control", "step": 5875, "modes": 4, "hq": 0.208984375, "passing": false, "loss_d": 0.6334251165390015, "loss_g": 0.8559558987617493}
{"event": "CHECK", "variant": "control", "step": 5900, "modes": 5, "hq": 0.37060546875, "passing": false, "loss_d": 0.6293659210205078, "loss_g": 0.8325996994972229}
{"event": "CHECK", "variant": "control", "step": 5925, "modes": 8, "hq": 0.85693359375, "passing": false, "loss_d": 0.7013134956359863, "loss_g": 0.7526900172233582}
{"event": "CHECK", "variant": "control", "step": 5950, "modes": 8, "hq": 0.96533203125, "passing": true, "loss_d": 0.6735802292823792, "loss_g": 0.7762045860290527}
{"event": "CHECK", "variant": "control", "step": 5975, "modes": 8, "hq": 0.9990234375, "passing": true, "loss_d": 0.7067721486091614, "loss_g": 0.7589542865753174}
{"event": "CHECK", "variant": "control", "step": 6000, "modes": 8, "hq": 0.999755859375, "passing": true, "loss_d": 0.6718451976776123, "loss_g": 0.7760785818099976}
{"event": "DONE", "variant": "control", "status": "NOT_CONVERGED", "checks": 4800, "passing_checks": 2391, "first_failure": 1255, "final_modes": 8, "final_hq": 0.999755859375, "work": {"d_backwards": 4800, "g_backwards": 4800, "d_commits": 4800, "g_commits": 4800, "d_provisional": 0, "g_provisional": 0}, "seconds": 44.41386111686006}
{"candidate": "h_n05r06_mixup_c0p01_lr15", "variant": "control", "gate": "post_convergence_diagnostic", "status": "NOT_CONVERGED", "initial": {"step": 1200, "modes": 8, "n_modes": 8, "hq": 0.999267578125, "cover": 1.0, "effective_modes": 7.493038654327393, "sample_count": 4096, "hq_counts": [345, 692, 341, 657, 314, 318, 701, 725], "nearest_counts": [345, 692, 341, 657, 314, 321, 701, 725], "closest_distance_per_mode": [0.0032388914842158556, 0.0, 0.002183660166338086, 0.0078125, 0.022881589829921722, 0.04158138483762741, 0.014778072014451027, 0.0044751716777682304], "hq_radius": 0.21000000000000002, "missing_modes": []}, "window": {"checks": 4800, "passing_checks": 2391, "failing_steps": [1255, 1308, 1310, 1312, 1313, 1314, 1315, 1316, 1317, 1318, 1319, 1320, 1321, 1322, 1323, 1324, 1325, 1326, 1327, 1328, 1329, 1330, 1331, 1332, 1333, 1334, 1335, 1336, 1337, 1338, 1339, 1340, 1341, 1342, 1383, 1495, 1508, 1509, 1510, 1511, 1512, 1536, 1537, 1545, 1546, 1547, 1548, 1549, 1557, 1590, 1602, 1645, 1656, 1657, 1658, 1659, 1660, 1661, 1662, 1663, 1664, 1665, 1666, 1667, 1668, 1669, 1670, 1671, 1672, 1673, 1674, 1675, 1676, 1677, 1678, 1679, 1680, 1681, 1682, 1683, 1684, 1685, 1686, 1687, 1688, 1689, 1690, 1691, 1692, 1693, 1694, 1695, 1696, 1697, 1698, 1699, 1700, 1701, 1702, 1703, 1704, 1705, 1706, 1707, 1708, 1709, 1710, 1711, 1712, 1713, 1714, 1715, 1716, 1717, 1718, 1719, 1720, 1721, 1722, 1723, 1724, 1725, 1726, 1727, 1728, 1729, 1730, 1731, 1732, 1733, 1734, 1735, 1736, 1737, 1738, 1739, 1740, 1741, 1742, 1743, 1744, 1745, 1746, 1747, 1748, 1749, 1750, 1751, 1752, 1753, 1754, 1755, 1756, 1757, 1758, 1759, 1760, 1771, 1772, 1792, 1802, 1807, 1826, 1835, 1836, 1837, 1838, 1839, 1840, 1841, 1842, 1843, 1844, 1845, 1846, 1847, 1848, 1849, 1850, 1851, 1852, 1853, 1854, 1855, 1856, 1857, 1858, 1859, 1860, 1862, 1863, 1864, 1865, 1868, 1869, 1870, 1889, 1890, 1891, 1892, 1893, 1895, 1896, 1924, 1925, 1926, 1927, 1929, 1930, 1931, 1935, 1938, 1939, 1940, 1968, 1970, 2007, 2008, 2011, 2012, 2013, 2014, 2015, 2016, 2017, 2018, 2019, 2020, 2021, 2022, 2023, 2024, 2025, 2026, 2027, 2030, 2031, 2032, 2033, 2034, 2037, 2039, 2040, 2041, 2044, 2045, 2046, 2062, 2063, 2064, 2065, 2066, 2067, 2068, 2069, 2070, 2071, 2072, 2073, 2074, 2075, 2076, 2077, 2078, 2079, 2080, 2081, 2082, 2083, 2084, 2085, 2086, 2087, 2088, 2089, 2090, 2091, 2092, 2093, 2094, 2095, 2096, 2097, 2098, 2099, 2100, 2101, 2102, 2103, 2104, 2105, 2106, 2107, 2108, 2109, 2110, 2111, 2112, 2113, 2114, 2115, 2116, 2117, 2118, 2119, 2120, 2121, 2122, 2123, 2124, 2125, 2126, 2127, 2128, 2129, 2130, 2131, 2132, 2133, 2134, 2135, 2136, 2137, 2138, 2139, 2140, 2141, 2142, 2143, 2144, 2145, 2146, 2147, 2148, 2149, 2150, 2151, 2152, 2153, 2154, 2155, 2156, 2157, 2158, 2159, 2161, 2162, 2167, 2170, 2173, 2177, 2178, 2179, 2180, 2181, 2182, 2183, 2184, 2185, 2186, 2187, 2188, 2191, 2206, 2208, 2209, 2218, 2219, 2220, 2221, 2222, 2223, 2224, 2225, 2227, 2228, 2235, 2253, 2256, 2265, 2267, 2268, 2269, 2271, 2302, 2316, 2319, 2320, 2338, 2339, 2340, 2341, 2342, 2343, 2344, 2345, 2346, 2347, 2348, 2349, 2351, 2352, 2353, 2354, 2355, 2356, 2357, 2358, 2359, 2360, 2361, 2362, 2363, 2364, 2365, 2366, 2367, 2368, 2369, 2370, 2371, 2372, 2373, 2374, 2375, 2376, 2377, 2378, 2379, 2380, 2381, 2382, 2383, 2384, 2385, 2386, 2387, 2388, 2389, 2390, 2391, 2392, 2393, 2394, 2395, 2396, 2397, 2398, 2399, 2400, 2401, 2402, 2403, 2404, 2405, 2406, 2407, 2408, 2409, 2410, 2411, 2412, 2413, 2417, 2418, 2431, 2437, 2438, 2439, 2440, 2483, 2486, 2487, 2488, 2489, 2490, 2491, 2492, 2493, 2494, 2495, 2507, 2515, 2516, 2553, 2588, 2643, 2644, 2645, 2646, 2647, 2648, 2651, 2652, 2653, 2654, 2655, 2656, 2657, 2658, 2659, 2660, 2670, 2682, 2683, 2711, 2712, 2713, 2714, 2715, 2716, 2717, 2718, 2719, 2720, 2721, 2722, 2723, 2724, 2725, 2726, 2727, 2728, 2729, 2730, 2732, 2733, 2734, 2735, 2736, 2737, 2738, 2739, 2740, 2741, 2742, 2743, 2744, 2751, 2752, 2753, 2754, 2755, 2756, 2757, 2760, 2761, 2765, 2766, 2767, 2833, 2834, 2835, 2838, 2864, 2915, 2943, 2944, 2945, 2975, 2986, 2987, 2988, 2998, 3003, 3024, 3025, 3026, 3027, 3028, 3029, 3030, 3031, 3032, 3033, 3034, 3035, 3036, 3037, 3038, 3039, 3040, 3041, 3042, 3043, 3044, 3045, 3046, 3047, 3048, 3049, 3050, 3051, 3052, 3053, 3054, 3055, 3056, 3057, 3058, 3059, 3060, 3061, 3062, 3063, 3064, 3065, 3066, 3067, 3068, 3069, 3070, 3071, 3072, 3073, 3074, 3075, 3076, 3077, 3078, 3079, 3080, 3081, 3082, 3083, 3084, 3085, 3086, 3087, 3088, 3089, 3090, 3091, 3092, 3093, 3094, 3095, 3096, 3097, 3098, 3099, 3100, 3101, 3102, 3103, 3104, 3105, 3106, 3107, 3108, 3109, 3110, 3111, 3112, 3113, 3114, 3115, 3116, 3117, 3118, 3119, 3120, 3121, 3122, 3123, 3124, 3125, 3126, 3127, 3128, 3129, 3130, 3131, 3132, 3133, 3134, 3135, 3136, 3137, 3138, 3139, 3140, 3141, 3142, 3143, 3144, 3145, 3146, 3147, 3148, 3149, 3150, 3151, 3152, 3153, 3154, 3155, 3156, 3157, 3158, 3159, 3160, 3161, 3162, 3163, 3164, 3165, 3166, 3167, 3168, 3169, 3170, 3171, 3172, 3173, 3174, 3175, 3176, 3177, 3178, 3179, 3180, 3181, 3182, 3183, 3184, 3185, 3186, 3187, 3188, 3189, 3190, 3191, 3192, 3193, 3194, 3195, 3196, 3197, 3198, 3199, 3200, 3201, 3202, 3203, 3204, 3205, 3206, 3207, 3208, 3209, 3210, 3211, 3212, 3213, 3214, 3215, 3216, 3217, 3218, 3219, 3220, 3221, 3222, 3223, 3224, 3225, 3226, 3227, 3228, 3229, 3230, 3231, 3232, 3233, 3234, 3235, 3236, 3237, 3238, 3239, 3240, 3241, 3242, 3243, 3244, 3245, 3246, 3247, 3248, 3249, 3250, 3251, 3252, 3253, 3254, 3255, 3256, 3257, 3258, 3259, 3260, 3261, 3262, 3263, 3264, 3265, 3266, 3267, 3268, 3269, 3270, 3271, 3272, 3273, 3274, 3275, 3276, 3277, 3278, 3279, 3280, 3281, 3282, 3283, 3284, 3285, 3286, 3287, 3288, 3289, 3290, 3291, 3292, 3293, 3294, 3295, 3296, 3297, 3298, 3299, 3300, 3301, 3302, 3303, 3304, 3305, 3306, 3307, 3308, 3309, 3310, 3311, 3312, 3313, 3314, 3315, 3316, 3317, 3318, 3319, 3320, 3321, 3322, 3323, 3324, 3325, 3326, 3327, 3328, 3329, 3330, 3331, 3332, 3333, 3334, 3335, 3336, 3337, 3338, 3339, 3340, 3341, 3342, 3343, 3344, 3345, 3346, 3347, 3348, 3349, 3350, 3351, 3352, 3353, 3354, 3355, 3356, 3357, 3358, 3359, 3360, 3361, 3362, 3363, 3364, 3365, 3366, 3367, 3368, 3369, 3370, 3371, 3372, 3373, 3374, 3375, 3376, 3377, 3378, 3379, 3380, 3381, 3382, 3383, 3384, 3385, 3386, 3387, 3388, 3389, 3390, 3391, 3392, 3393, 3394, 3395, 3396, 3397, 3398, 3399, 3400, 3401, 3402, 3403, 3404, 3405, 3406, 3407, 3408, 3409, 3410, 3411, 3412, 3413, 3414, 3415, 3416, 3417, 3418, 3419, 3420, 3421, 3422, 3423, 3424, 3425, 3426, 3427, 3428, 3429, 3430, 3431, 3432, 3433, 3434, 3435, 3436, 3437, 3438, 3439, 3440, 3441, 3442, 3443, 3444, 3445, 3446, 3447, 3448, 3449, 3450, 3451, 3452, 3453, 3454, 3455, 3456, 3457, 3458, 3459, 3460, 3461, 3462, 3463, 3464, 3465, 3466, 3467, 3468, 3469, 3470, 3471, 3472, 3473, 3474, 3475, 3476, 3477, 3478, 3479, 3480, 3481, 3482, 3483, 3484, 3485, 3486, 3487, 3488, 3489, 3490, 3491, 3492, 3493, 3494, 3495, 3496, 3497, 3498, 3499, 3500, 3501, 3502, 3503, 3504, 3505, 3506, 3507, 3508, 3509, 3510, 3511, 3512, 3513, 3514, 3515, 3516, 3517, 3518, 3519, 3520, 3521, 3522, 3523, 3524, 3525, 3526, 3527, 3528, 3529, 3530, 3531, 3532, 3533, 3534, 3535, 3536, 3537, 3538, 3539, 3540, 3541, 3542, 3543, 3544, 3545, 3546, 3547, 3548, 3549, 3550, 3551, 3552, 3553, 3554, 3555, 3556, 3557, 3558, 3559, 3560, 3561, 3562, 3563, 3564, 3565, 3566, 3567, 3568, 3569, 3570, 3571, 3572, 3573, 3574, 3575, 3576, 3577, 3578, 3579, 3580, 3581, 3582, 3583, 3584, 3585, 3586, 3587, 3588, 3589, 3590, 3591, 3592, 3593, 3594, 3595, 3596, 3597, 3598, 3599, 3600, 3601, 3602, 3603, 3604, 3605, 3606, 3607, 3608, 3609, 3610, 3611, 3612, 3613, 3614, 3615, 3616, 3617, 3618, 3619, 3620, 3621, 3622, 3623, 3624, 3625, 3626, 3627, 3628, 3629, 3630, 3631, 3632, 3633, 3634, 3635, 3636, 3637, 3638, 3639, 3640, 3641, 3642, 3643, 3644, 3645, 3646, 3647, 3648, 3649, 3650, 3651, 3652, 3653, 3654, 3655, 3656, 3657, 3658, 3659, 3660, 3661, 3662, 3663, 3664, 3665, 3666, 3667, 3668, 3669, 3670, 3671, 3672, 3673, 3674, 3675, 3676, 3677, 3678, 3679, 3680, 3681, 3682, 3683, 3684, 3685, 3686, 3687, 3688, 3689, 3690, 3691, 3692, 3693, 3694, 3695, 3696, 3697, 3698, 3699, 3700, 3701, 3702, 3703, 3704, 3705, 3706, 3707, 3708, 3709, 3710, 3711, 3712, 3713, 3714, 3715, 3716, 3717, 3718, 3719, 3720, 3721, 3722, 3723, 3724, 3725, 3726, 3727, 3728, 3729, 3730, 3731, 3732, 3733, 3734, 3735, 3736, 3737, 3738, 3739, 3740, 3741, 3742, 3743, 3744, 3745, 3746, 3747, 3748, 3749, 3750, 3751, 3752, 3753, 3754, 3755, 3756, 3757, 3758, 3759, 3760, 3761, 3762, 3763, 3764, 3765, 3766, 3767, 3768, 3769, 3770, 3771, 3772, 3773, 3774, 3775, 3776, 3777, 3778, 3779, 3780, 3781, 3782, 3783, 3784, 3785, 3786, 3787, 3788, 3789, 3790, 3791, 3792, 3793, 3794, 3795, 3796, 3797, 3798, 3799, 3800, 3801, 3802, 3803, 3804, 3805, 3806, 3807, 3808, 3809, 3810, 3811, 3812, 3813, 3814, 3815, 3816, 3817, 3818, 3819, 3820, 3821, 3822, 3823, 3824, 3825, 3826, 3827, 3828, 3829, 3830, 3831, 3832, 3833, 3834, 3835, 3836, 3837, 3838, 3839, 3840, 3841, 3842, 3843, 3844, 3845, 3846, 3847, 3848, 3849, 3850, 3851, 3852, 3853, 3854, 3855, 3856, 3857, 3858, 3859, 3860, 3861, 3862, 3863, 3864, 3865, 3866, 3867, 3868, 3869, 3870, 3871, 3872, 3873, 3874, 3875, 3876, 3877, 3878, 3879, 3880, 3881, 3882, 3883, 3884, 3885, 3886, 3887, 3888, 3889, 3890, 3891, 3892, 3893, 3894, 3895, 3896, 3897, 3898, 3899, 3900, 3901, 3902, 3903, 3904, 3905, 3906, 3907, 3908, 3909, 3910, 3911, 3912, 3913, 3914, 3915, 3916, 3917, 3918, 3919, 3920, 3921, 3922, 3923, 3924, 3925, 3926, 3927, 3928, 3929, 3930, 3931, 3932, 3933, 3934, 3935, 3936, 3937, 3938, 3939, 3940, 3941, 3942, 3943, 3944, 3945, 3946, 3947, 3948, 3949, 3950, 3951, 3952, 3953, 3954, 3955, 3956, 3957, 3958, 3959, 3960, 3961, 3962, 3963, 3964, 3965, 3966, 3967, 3968, 3969, 3970, 3971, 3972, 3973, 3974, 3975, 3976, 3977, 3978, 3979, 3980, 3981, 3982, 3983, 3984, 3985, 3986, 3987, 3988, 3989, 3990, 3991, 3992, 3993, 3994, 3995, 3996, 3997, 3998, 3999, 4000, 4001, 4002, 4003, 4004, 4005, 4006, 4007, 4008, 4009, 4010, 4011, 4012, 4013, 4014, 4015, 4016, 4017, 4018, 4019, 4020, 4021, 4022, 4023, 4024, 4025, 4026, 4027, 4028, 4029, 4030, 4031, 4032, 4033, 4034, 4035, 4036, 4037, 4038, 4039, 4040, 4041, 4042, 4043, 4044, 4045, 4046, 4047, 4048, 4049, 4050, 4051, 4052, 4053, 4054, 4055, 4056, 4057, 4058, 4059, 4060, 4061, 4062, 4063, 4064, 4065, 4066, 4067, 4068, 4069, 4070, 4071, 4072, 4073, 4074, 4075, 4076, 4077, 4078, 4079, 4080, 4081, 4082, 4083, 4084, 4085, 4086, 4087, 4088, 4089, 4090, 4091, 4092, 4093, 4094, 4095, 4096, 4097, 4098, 4099, 4100, 4101, 4102, 4103, 4104, 4105, 4106, 4107, 4108, 4109, 4110, 4111, 4112, 4113, 4114, 4115, 4116, 4117, 4118, 4119, 4120, 4121, 4122, 4123, 4124, 4125, 4126, 4127, 4128, 4129, 4130, 4131, 4132, 4133, 4134, 4135, 4136, 4137, 4138, 4139, 4140, 4141, 4142, 4143, 4144, 4145, 4146, 4147, 4148, 4149, 4150, 4151, 4152, 4153, 4154, 4155, 4156, 4157, 4158, 4159, 4160, 4161, 4162, 4163, 4164, 4165, 4166, 4167, 4168, 4169, 4170, 4171, 4172, 4173, 4174, 4175, 4176, 4177, 4178, 4179, 4180, 4181, 4182, 4183, 4184, 4185, 4186, 4187, 4188, 4189, 4190, 4191, 4192, 4193, 4194, 4195, 4196, 4197, 4198, 4199, 4200, 4201, 4202, 4203, 4204, 4205, 4206, 4207, 4208, 4209, 4210, 4211, 4212, 4213, 4214, 4215, 4216, 4217, 4218, 4219, 4220, 4221, 4222, 4223, 4224, 4225, 4226, 4227, 4228, 4229, 4230, 4231, 4232, 4233, 4234, 4235, 4236, 4237, 4238, 4239, 4240, 4241, 4242, 4243, 4244, 4245, 4246, 4247, 4248, 4249, 4250, 4251, 4252, 4253, 4254, 4255, 4256, 4257, 4258, 4259, 4260, 4261, 4262, 4263, 4264, 4265, 4266, 4267, 4268, 4269, 4270, 4271, 4272, 4273, 4274, 4275, 4276, 4277, 4278, 4279, 4280, 4281, 4282, 4283, 4284, 4285, 4286, 4287, 4288, 4289, 4290, 4291, 4292, 4293, 4294, 4295, 4296, 4297, 4298, 4299, 4300, 4301, 4302, 4303, 4304, 4305, 4306, 4307, 4308, 4309, 4310, 4311, 4312, 4313, 4314, 4315, 4316, 4317, 4318, 4319, 4320, 4321, 4322, 4323, 4324, 4325, 4326, 4327, 4328, 4329, 4330, 4331, 4332, 4333, 4334, 4335, 4336, 4337, 4338, 4339, 4340, 4341, 4342, 4343, 4344, 4345, 4346, 4347, 4348, 4349, 4350, 4351, 4352, 4353, 4354, 4355, 4356, 4357, 4358, 4359, 4360, 4361, 4362, 4363, 4364, 4365, 4366, 4367, 4368, 4369, 4370, 4371, 4372, 4373, 4374, 4375, 4376, 4377, 4378, 4379, 4380, 4381, 4382, 4383, 4384, 4385, 4386, 4387, 4388, 4389, 4390, 4391, 4392, 4393, 4394, 4395, 4396, 4397, 4398, 4399, 4400, 4401, 4402, 4403, 4404, 4405, 4406, 4407, 4408, 4409, 4410, 4411, 4412, 4413, 4414, 4415, 4416, 4417, 4418, 4419, 4420, 4421, 4422, 4423, 4424, 4425, 4426, 4427, 4428, 4429, 4430, 4431, 4432, 4433, 4434, 4435, 4436, 4437, 4438, 4439, 4440, 4441, 4442, 4443, 4444, 4445, 4446, 4447, 4448, 4449, 4450, 4451, 4452, 4453, 4454, 4455, 4456, 4457, 4458, 4459, 4460, 4461, 4462, 4463, 4464, 4465, 4466, 4467, 4468, 4469, 4470, 4471, 4472, 4473, 4474, 4475, 4476, 4477, 4478, 4479, 4480, 4481, 4482, 4483, 4484, 4485, 4486, 4487, 4488, 4489, 4490, 4491, 4492, 4493, 4494, 4495, 4496, 4497, 4498, 4499, 4500, 4501, 4502, 4503, 4504, 4505, 4506, 4507, 4508, 4509, 4510, 4511, 4512, 4513, 4514, 4515, 4516, 4517, 4518, 4519, 4520, 4521, 4522, 4523, 4524, 4525, 4526, 4527, 4528, 4529, 4530, 4531, 4532, 4533, 4534, 4535, 4536, 4537, 4538, 4539, 4540, 4541, 4542, 4543, 4544, 4545, 4546, 4547, 4548, 4549, 4550, 4551, 4552, 4553, 4554, 4555, 4556, 4557, 4558, 4559, 4560, 4561, 4562, 4563, 4564, 4565, 4566, 4567, 4568, 4569, 4570, 4571, 4572, 4573, 4574, 4575, 4576, 4577, 4578, 4579, 4580, 4581, 4582, 4583, 4584, 4585, 4586, 4587, 4588, 4589, 4590, 4591, 4592, 4593, 4594, 4595, 4596, 4597, 4598, 4599, 4600, 4601, 4602, 4603, 4604, 4605, 4606, 4607, 4608, 4609, 4610, 4611, 4612, 4613, 4614, 4615, 4616, 4617, 4618, 4619, 4620, 4621, 4622, 4623, 4624, 4625, 4626, 4627, 4628, 4629, 4630, 4631, 4632, 4633, 4634, 4635, 4636, 4637, 4638, 4639, 4640, 4641, 4642, 4643, 4644, 4645, 4646, 4647, 4648, 4649, 4650, 4651, 4652, 4653, 4654, 4655, 4657, 4659, 4661, 4666, 4674, 4675, 4676, 4678, 4682, 4687, 4688, 4694, 4695, 4698, 4703, 4704, 4705, 4718, 4719, 4721, 4722, 4724, 4735, 4740, 4744, 4769, 4787, 4788, 4803, 4806, 4826, 4827, 4828, 4829, 4830, 4842, 4882, 4883, 4904, 4905, 4955, 4993, 4994, 5013, 5024, 5025, 5026, 5027, 5041, 5042, 5046, 5048, 5049, 5050, 5051, 5052, 5054, 5055, 5056, 5058, 5102, 5103, 5104, 5105, 5106, 5107, 5108, 5109, 5110, 5112, 5113, 5114, 5115, 5116, 5119, 5135, 5186, 5205, 5231, 5250, 5265, 5267, 5298, 5310, 5311, 5330, 5364, 5373, 5374, 5375, 5376, 5379, 5380, 5426, 5427, 5428, 5429, 5430, 5431, 5432, 5433, 5434, 5436, 5437, 5438, 5439, 5451, 5452, 5471, 5475, 5476, 5477, 5478, 5479, 5482, 5483, 5484, 5485, 5487, 5528, 5529, 5551, 5552, 5625, 5645, 5646, 5685, 5704, 5712, 5757, 5758, 5804, 5805, 5806, 5807, 5808, 5809, 5839, 5840, 5841, 5842, 5843, 5844, 5845, 5846, 5847, 5848, 5849, 5850, 5851, 5852, 5853, 5854, 5855, 5856, 5857, 5858, 5859, 5860, 5861, 5862, 5863, 5864, 5865, 5866, 5867, 5868, 5869, 5870, 5871, 5872, 5873, 5874, 5875, 5876, 5877, 5878, 5879, 5880, 5881, 5882, 5883, 5884, 5885, 5886, 5887, 5888, 5889, 5890, 5891, 5892, 5893, 5894, 5895, 5896, 5897, 5898, 5899, 5900, 5901, 5902, 5903, 5904, 5905, 5906, 5907, 5911, 5922, 5923, 5925, 5926, 5986], "min_modes": 0, "min_hq": 0.0, "passing_suffix": 14, "stable_from_step": 5987, "pass_all": false, "pass_suffix": true}, "final": {"step": 6000, "modes": 8, "n_modes": 8, "hq": 0.999755859375, "cover": 1.0, "effective_modes": 7.549949645996094, "sample_count": 4096, "hq_counts": [369, 691, 341, 332, 639, 321, 701, 701], "nearest_counts": [369, 692, 341, 332, 639, 321, 701, 701], "closest_distance_per_mode": [0.0016914558364078403, 0.007437278516590595, 0.0037822104059159756, 0.006403748877346516, 0.0044751716777682304, 0.005167482886463404, 0.0029296875, 0.005524271633476019], "hq_radius": 0.21000000000000002, "missing_modes": []}, "work": {"d_backwards": 4800, "g_backwards": 4800, "d_commits": 4800, "g_commits": 4800, "d_provisional": 0, "g_provisional": 0}, "optimizer_steps": {"opt_g": [6000], "opt_d": [6000]}, "elapsed_seconds": 44.41386111686006, "full_budget": false, "hold_budget_complete": false, "shared_gate_eligible": false, "convergence": {"name": "first_convergence_then_hold_v1", "confirmation_checks": 200, "settling_budget": 4800, "hold_budget": 1200, "start_step": 1200, "modes": 8, "min_hq": 0.9, "convergence": "first consecutive qualifying window; operational quality criterion", "hold": "the next updates, disjoint from confirmation; no restart after failure", "training_feedback": false, "frozen_toy_verdicts_unchanged": true, "status": "NOT_CONVERGED", "converged_step": null, "settling_checks": 4800, "settling_failures": 2409, "longest_settling_streak": 111, "hold_checks": 0, "first_hold_failure": null, "hold_budget_complete": false}, "frozen_toy_verdicts_unchanged": true, "original_cold_verdicts": [{"artifact": "/ml2/hypergan/gan-attempts/batch-20260924T153037Z/critic_signal/20260924T153037Z-1298555/repo/reports/toy100/critic_signal_attempt/batch-h/h_n05r06_mixup_c0p01_lr15/trajectory/episodes/h_n05r06_mixup_c0p01_lr15__trajectory.json.gz", "candidate": "h_n05r06_mixup_c0p01_lr15", "checkpoint_sha256": "8aafb855c597715d06a474ded1b7dadc6bd7da89c5dc0bab89329dd4f53f7da1", "gate": "trajectory", "metrics": {"frozen_evidence_audit": "PASS", "live": {"identity_mse": 0.002905043074861169}, "observations": [{"identity_mse": 0.045510485768318176, "seconds": 0.08722153399139643, "step": 17}, {"identity_mse": 0.02089117467403412, "seconds": 0.17118700500577688, "step": 34}, {"identity_mse": 0.016185766085982323, "seconds": 0.25279848487116396, "step": 50}, {"identity_mse": 0.005956013221293688, "seconds": 0.33949953806586564, "step": 67}, {"identity_mse": 0.005416568368673325, "seconds": 0.430722160032019, "step": 84}, {"identity_mse": 0.0037933681160211563, "seconds": 0.5310627000872046, "step": 100}, {"identity_mse": 0.004011142998933792, "seconds": 0.6213573580607772, "step": 117}, {"identity_mse": 0.0027972038369625807, "seconds": 0.706058471929282, "step": 134}, {"identity_mse": 0.002640611259266734, "seconds": 0.7872497208882123, "step": 150}, {"identity_mse": 0.0026819834019988775, "seconds": 0.8711717110127211, "step": 167}, {"identity_mse": 0.0031861301977187395, "seconds": 0.9552206119988114, "step": 184}, {"identity_mse": 0.002778039313852787, "seconds": 1.0341413710266352, "step": 200}, {"identity_mse": 0.002990084933117032, "seconds": 1.1171552368905395, "step": 217}, {"identity_mse": 0.0036017457023262978, "seconds": 1.2008679669816047, "step": 234}, {"identity_mse": 0.0022771726362407207, "seconds": 1.2826984180137515, "step": 250}, {"identity_mse": 0.002945771673694253, "seconds": 1.3670078099239618, "step": 267}, {"identity_mse": 0.003808993613347411, "seconds": 1.451110620982945, "step": 284}, {"identity_mse": 0.0026638407725840807, "seconds": 1.5326054110191762, "step": 300}, {"identity_mse": 0.002628663321956992, "seconds": 1.607488343026489, "step": 317}, {"identity_mse": 0.002529103308916092, "seconds": 1.685193955898285, "step": 334}, {"identity_mse": 0.00235505448654294, "seconds": 1.7569463150575757, "step": 350}, {"identity_mse": 0.0022982347290962934, "seconds": 1.8353669720236212, "step": 367}, {"identity_mse": 0.0027505329344421625, "seconds": 1.91933235200122, "step": 384}, {"identity_mse": 0.002905043074861169, "seconds": 2.011665788013488, "step": 400}], "verdict": {"attempted": true, "confirmation_fraction": 0.2925, "convergence": {"complete": true, "confirmed_seconds": 0.6213573580607772, "confirmed_step": 117, "first_pass_step": 50, "minimum_stable_checks": 5, "observations": 24, "passing_observations": 22, "passing_suffix": 22, "stable_from_seconds": 0.25279848487116396, "stable_from_step": 50}, "metrics": [{"margin": 0.01709495692513883, "metric": "identity_mse", "op": "<=", "status": "PASS", "threshold": 0.02, "value": 0.002905043074861169}], "passed": true, "shortfall": 0.0, "status": "PASS"}}, "seconds": 2.1494783197995275, "status": "PASS"}, {"artifact": "/ml2/hypergan/gan-attempts/batch-20260924T153037Z/critic_signal/20260924T153037Z-1298555/repo/reports/toy100/critic_signal_attempt/batch-h/h_n05r06_mixup_c0p01_lr15/mode_hold/episodes/h_n05r06_mixup_c0p01_lr15__mode_hold.json.gz", "candidate": "h_n05r06_mixup_c0p01_lr15", "checkpoint_sha256": "799181c2a68df02ee5a7a5963b4a5e4fbf23677623c4fcd9f8757460944155b2", "gate": "mode_hold", "metrics": {"frozen_evidence_audit": "PASS", "live": {"hq": 0.999267578125, "modes": 8}, "observations": [{"closest_distance_per_mode": [1.326431155204773, 2.6874804496765137, 3.1119441986083984, 3.075594425201416, 1.9923590421676636, 0.21260598301887512, 2.2901792526245117, 0.7727649211883545], "cover": 0.0, "effective_modes": 0.0, "hq": 0.0, "hq_counts": [0, 0, 0, 0, 0, 0, 0, 0], "hq_radius": 0.21000000000000002, "missing_modes": [0, 1, 2, 3, 4, 5, 6, 7], "modes": 0, "n_modes": 8, "nearest_counts": [694, 0, 0, 0, 0, 1993, 16, 1393], "sample_count": 4096, "seconds": 0.4509524058084935, "step": 50, "support": {"closest_distance_per_mode": [1.3395146131515503, 2.6926839351654053, 3.1380131244659424, 3.094212532043457, 2.0015923976898193, 0.2270677238702774, 2.313019275665283, 0.7835561037063599], "cover": 0.0, "effective_modes": 0.0, "hq": 0.0, "hq_counts": [0, 0, 0, 0, 0, 0, 0, 0], "hq_radius": 0.21000000000000002, "is_hq": [false, false, false, false, false, false, false, false, false, false, false, false], "missing_modes": [0, 1, 2, 3, 4, 5, 6, 7], "modes": 0, "n_modes": 8, "nearest_counts": [2, 0, 0, 0, 0, 6, 0, 4], "nearest_distance": [0.2270677238702774, 1.2293699979782104, 1.5204070806503296, 2.230764865875244, 0.8145967721939087, 1.2798446416854858, 2.664257049560547, 1.3395146131515503, 1.645067811012268, 2.861196517944336, 2.2032244205474854, 0.7835561037063599], "nearest_mode": [5, 7, 5, 0, 5, 5, 5, 0, 5, 7, 7, 7], "points": [[-2.328890323638916, -2.0292646884918213], [1.7132805585861206, -0.961641252040863], [-1.121008038520813, -0.9763256907463074], [0.779445230960846, -0.21318583190441132], [-2.872532367706299, -2.436357021331787], [-1.335261344909668, -1.111313819885254], [-0.1845524162054062, -0.2917860448360443], [1.9050177335739136, -0.7715654373168945], [-1.020892858505249, -0.8984927535057068], [0.05959915742278099, -0.13744720816612244], [0.7917061448097229, -0.36452656984329224], [2.585838556289673, -1.4903016090393066]], "sample_count": 12}, "support_scope": "one noisy draw per particle"}, {"closest_distance_per_mode": [0.03744197264313698, 0.3307708203792572, 1.1137632131576538, 1.1779754161834717, 1.4980870485305786, 1.8814408779144287, 3.1208248138427734, 1.759116530418396], "cover": 0.125, "effective_modes": 1.0, "hq": 0.0869140625, "hq_counts": [356, 0, 0, 0, 0, 0, 0, 0], "hq_radius": 0.21000000000000002, "missing_modes": [1, 2, 3, 4, 5, 6, 7], "modes": 1, "n_modes": 8, "nearest_counts": [658, 1378, 325, 646, 363, 659, 0, 67], "sample_count": 4096, "seconds": 0.8894503789488226, "step": 100, "support": {"closest_distance_per_mode": [0.07126057893037796, 0.3638482093811035, 1.132365107536316, 1.1906931400299072, 1.532673716545105, 1.9099277257919312, 3.152219772338867, 1.8031196594238281], "cover": 0.125, "effective_modes": 1.0, "hq": 0.0833333358168602, "hq_counts": [1, 0, 0, 0, 0, 0, 0, 0], "hq_radius": 0.21000000000000002, "is_hq": [false, true, false, false, false, false, false, false, false, false, false, false], "missing_modes": [1, 2, 3, 4, 5, 6, 7], "modes": 1, "n_modes": 8, "nearest_counts": [2, 4, 1, 2, 1, 2, 0, 0], "nearest_distance": [1.9099277257919312, 0.07126057893037796, 1.7104629278182983, 0.3638482093811035, 2.325216054916382, 1.1906931400299072, 1.132365107536316, 2.1320242881774902, 2.1325268745422363, 1.0021246671676636, 0.43793269991874695, 1.7894787788391113], "nearest_mode": [5, 0, 3, 1, 5, 3, 2, 1, 4, 1, 1, 0], "points": [[-3.0518133640289307, -3.789255380630493], [3.0033156871795654, 0.07118339836597443], [-1.2739627361297607, 0.6354976892471313], [2.2099809646606445, 2.474200963973999], [-3.843726873397827, -3.6833529472351074], [-1.8141008615493774, 0.9709435701370239], [0.701283872127533, 2.110926628112793], [4.228323936462402, 1.7956472635269165], [-0.8956016302108765, 0.34522148966789246], [1.170828938484192, 2.4388420581817627], [1.7864590883255005, 1.8390915393829346], [3.8411049842834473, -1.5794862508773804]], "sample_count": 12}, "support_scope": "one noisy draw per particle"}, {"closest_distance_per_mode": [0.6077036261558533, 0.026583315804600716, 0.7194011807441711, 0.6794836521148682, 0.9218388199806213, 1.3908029794692993, 0.5461447238922119, 0.4312698543071747], "cover": 0.125, "effective_modes": 1.0, "hq": 0.086181640625, "hq_counts": [0, 353, 0, 0, 0, 0, 0, 0], "hq_radius": 0.21000000000000002, "missing_modes": [0, 2, 3, 4, 5, 6, 7], "modes": 1, "n_modes": 8, "nearest_counts": [345, 692, 341, 325, 646, 684, 338, 725], "sample_count": 4096, "seconds": 1.332958583952859, "step": 150, "support": {"closest_distance_per_mode": [0.6483928561210632, 0.07550964504480362, 0.7710663676261902, 0.7284044027328491, 0.9794548153877258, 1.4376516342163086, 0.6108260750770569, 0.5241320133209229], "cover": 0.125, "effective_modes": 1.0, "hq": 0.0833333358168602, "hq_counts": [0, 1, 0, 0, 0, 0, 0, 0], "hq_radius": 0.21000000000000002, "is_hq": [false, false, false, true, false, false, false, false, false, false, false, false], "missing_modes": [0, 2, 3, 4, 5, 6, 7], "modes": 1, "n_modes": 8, "nearest_counts": [1, 2, 1, 1, 2, 2, 1, 2], "nearest_distance": [0.6108260750770569, 1.0930664539337158, 0.9794548153877258, 0.07550964504480362, 1.4376516342163086, 2.02860164642334, 0.7284044027328491, 0.6483928561210632, 1.857405662536621, 0.7710663676261902, 0.8530569672584534, 0.5241320133209229], "nearest_mode": [6, 7, 4, 1, 5, 4, 3, 0, 5, 2, 1, 7], "points": [[-0.24420738220214844, -3.559885025024414], [2.012755870819092, -1.0336579084396362], [-3.1888177394866943, 0.9610822796821594], [2.0798728466033936, 2.1844377517700195], [-1.5305209159851074, -3.431968927383423], [-4.71717643737793, 1.0800597667694092], [-2.479503870010376, 1.4870667457580566], [3.001718759536743, 0.6483905911445618], [-1.1137166023254395, -0.5609710812568665], [-0.544883668422699, 2.4544312953948975], [1.674986720085144, 1.3943452835083008], [2.255794048309326, -1.6147315502166748]], "sample_count": 12}, "support_scope": "one noisy draw per particle"}, {"closest_distance_per_mode": [0.46219581365585327, 0.23886486887931824, 0.003088161814957857, 0.0533457025885582, 2.1162331104278564, 0.34621721506118774, 0.0182175375521183, 0.5294526815414429], "cover": 0.375, "effective_modes": 2.999814748764038, "hq": 0.246826171875, "hq_counts": [0, 0, 341, 332, 0, 0, 338, 0], "hq_radius": 0.21000000000000002, "missing_modes": [0, 1, 4, 5, 7], "modes": 3, "n_modes": 8, "nearest_counts": [345, 692, 341, 971, 363, 321, 338, 725], "sample_count": 4096, "seconds": 1.9823145428672433, "step": 200, "support": {"closest_distance_per_mode": [0.5341715812683105, 0.3154522180557251, 0.09018775075674057, 0.12100720405578613, 2.1889822483062744, 0.40835994482040405, 0.08017710596323013, 0.617880642414093], "cover": 0.375, "effective_modes": 3.0, "hq": 0.25, "hq_counts": [0, 0, 1, 1, 0, 0, 1, 0], "hq_radius": 0.21000000000000002, "is_hq": [true, false, true, false, false, false, false, false, false, true, false, false], "missing_modes": [0, 1, 4, 5, 7], "modes": 3, "n_modes": 8, "nearest_counts": [1, 2, 1, 3, 1, 1, 1, 2], "nearest_distance": [0.08017710596323013, 0.8818686604499817, 0.12100720405578613, 0.3154522180557251, 0.40835994482040405, 1.1724969148635864, 0.559533953666687, 0.5341715812683105, 2.1889822483062744, 0.09018775075674057, 0.4036484956741333, 0.617880642414093], "nearest_mode": [6, 7, 3, 1, 5, 3, 3, 0, 4, 2, 1, 7], "points": [[0.02642822265625, -2.9243037700653076], [1.7182575464248657, -1.3369520902633667], [-2.0007097721099854, 2.111529588699341], [2.0951945781707764, 2.4356887340545654], [-1.728996753692627, -2.0080056190490723], [-3.290581226348877, 2.2083702087402344], [-1.6054906845092773, 2.3381106853485107], [2.6705410480499268, 0.4204712510108948], [-0.8144466876983643, -0.12247367948293686], [-0.08983481675386429, 3.007972478866577], [1.7176741361618042, 2.1227078437805176], [1.897813081741333, -1.5452806949615479]], "sample_count": 12}, "support_scope": "one noisy draw per particle"}, {"closest_distance_per_mode": [0.006328848656266928, 0.0491202175617218, 0.08465169370174408, 0.1260862797498703, 0.7077902555465698, 0.45268598198890686, 0.0625, 0.020669931545853615], "cover": 0.75, "effective_modes": 5.4846415519714355, "hq": 0.6025390625, "hq_counts": [345, 534, 337, 170, 0, 0, 357, 725], "hq_radius": 0.21000000000000002, "missing_modes": [4, 5], "modes": 6, "n_modes": 8, "nearest_counts": [345, 692, 341, 657, 314, 321, 701, 725], "sample_count": 4096, "seconds": 2.5542695089243352, "step": 250, "support": {"closest_distance_per_mode": [0.09138179570436478, 0.1756334751844406, 0.14667454361915588, 0.21831941604614258, 0.8171793818473816, 0.5161552429199219, 0.1372644305229187, 0.08176685869693756], "cover": 0.625, "effective_modes": 4.762203216552734, "hq": 0.5, "hq_counts": [1, 1, 1, 0, 0, 0, 1, 2], "hq_radius": 0.21000000000000002, "is_hq": [false, true, false, true, false, false, false, true, true, true, false, true], "missing_modes": [3, 4, 5], "modes": 5, "n_modes": 8, "nearest_counts": [1, 2, 1, 2, 1, 1, 2, 2], "nearest_distance": [0.251389741897583, 0.10733687877655029, 0.3588074743747711, 0.1756334751844406, 0.5161552429199219, 0.8171793818473816, 0.21831941604614258, 0.09138179570436478, 0.1372644305229187, 0.14667454361915588, 0.22276026010513306, 0.08176685869693756], "nearest_mode": [6, 7, 3, 1, 5, 4, 3, 0, 6, 2, 1, 7], "points": [[0.007001791149377823, -3.2512922286987305], [2.0977730751037598, -2.0165975093841553], [-2.1380624771118164, 1.7629035711288452], [2.2866361141204834, 2.180631160736084], [-1.9752293825149536, -2.6163699626922607], [-2.932224988937378, -0.8143642544746399], [-1.911634922027588, 2.060530185699463], [3.088064670562744, 0.024397660046815872], [-0.051901061087846756, -3.1270740032196045], [0.1375828981399536, 2.9491636753082275], [2.067413091659546, 1.9051810503005981], [2.193770170211792, -2.0834126472473145]], "sample_count": 12}, "support_scope": "one noisy draw per particle"}, {"closest_distance_per_mode": [0.15803425014019012, 0.19434329867362976, 0.2519114911556244, 0.011513502337038517, 0.11761397123336792, 0.1230313777923584, 0.006550980266183615, 0.14469611644744873], "cover": 0.875, "effective_modes": 4.260829448699951, "hq": 0.379638671875, "hq_counts": [7, 1, 0, 333, 170, 205, 694, 145], "hq_radius": 0.21000000000000002, "missing_modes": [2], "modes": 7, "n_modes": 8, "nearest_counts": [345, 692, 341, 657, 314, 321, 701, 725], "sample_count": 4096, "seconds": 2.946730123832822, "step": 300, "support": {"closest_distance_per_mode": [0.2728009521961212, 0.26998046040534973, 0.3097623884677887, 0.13064783811569214, 0.2017577588558197, 0.2377694547176361, 0.044351108372211456, 0.20796643197536469], "cover": 0.5, "effective_modes": 3.7892916202545166, "hq": 0.4166666567325592, "hq_counts": [0, 0, 0, 1, 1, 0, 2, 1], "hq_radius": 0.21000000000000002, "is_hq": [true, true, true, false, false, true, false, false, true, false, false, false], "missing_modes": [0, 1, 2, 5], "modes": 4, "n_modes": 8, "nearest_counts": [1, 2, 1, 2, 1, 1, 2, 2], "nearest_distance": [0.176718071103096, 0.20796643197536469, 0.13064783811569214, 0.3924786448478699, 0.2377694547176361, 0.2017577588558197, 0.2678683400154114, 0.2728009521961212, 0.044351108372211456, 0.3097623884677887, 0.26998046040534973, 0.34956249594688416], "nearest_mode": [6, 7, 3, 1, 5, 4, 3, 0, 6, 2, 1, 7], "points": [[0.12879659235477448, -3.1209988594055176], [2.163825273513794, -2.3248960971832275], [-2.0764451026916504, 1.9986211061477661], [2.5129456520080566, 2.147186040878296], [-1.97658371925354, -2.309962511062622], [-2.861565589904785, -0.146772563457489], [-1.8615524768829346, 2.186697244644165], [3.2215018272399902, -0.1592397540807724], [-0.04010794684290886, -3.018930673599243], [0.29982897639274597, 2.922184467315674], [2.268214225769043, 1.8947995901107788], [2.389838695526123, -2.345132350921631]], "sample_count": 12}, "support_scope": "one noisy draw per particle"}, {"closest_distance_per_mode": [0.12010528147220612, 0.0036539623979479074, 0.004026470240205526, 0.006550980266183615, 0.0023920799139887094, 0.004367320332676172, 0.004143203608691692, 0.04453810304403305], "cover": 1.0, "effective_modes": 7.493619441986084, "hq": 0.839599609375, "hq_counts": [244, 509, 341, 657, 314, 321, 697, 356], "hq_radius": 0.21000000000000002, "missing_modes": [], "modes": 8, "n_modes": 8, "nearest_counts": [345, 692, 341, 657, 314, 321, 701, 725], "sample_count": 4096, "seconds": 3.384448673808947, "step": 350, "support": {"closest_distance_per_mode": [0.15417946875095367, 0.08109456300735474, 0.012225557118654251, 0.010069992393255234, 0.019648004323244095, 0.052284155040979385, 0.07445594668388367, 0.10931265354156494], "cover": 1.0, "effective_modes": 7.536930084228516, "hq": 0.9166666865348816, "hq_counts": [1, 2, 1, 2, 1, 1, 2, 1], "hq_radius": 0.21000000000000002, "is_hq": [true, true, true, true, true, true, true, true, true, true, true, false], "missing_modes": [], "modes": 8, "n_modes": 8, "nearest_counts": [1, 2, 1, 2, 1, 1, 2, 2], "nearest_distance": [0.07445594668388367, 0.10931265354156494, 0.07137580960988998, 0.16316215693950653, 0.052284155040979385, 0.019648004323244095, 0.010069992393255234, 0.15417946875095367, 0.12570138275623322, 0.012225557118654251, 0.08109456300735474, 0.26021915674209595], "nearest_mode": [6, 7, 3, 1, 5, 4, 3, 0, 6, 2, 1, 7], "points": [[0.06393925845623016, -3.0381505489349365], [2.1275854110717773, -2.0121865272521973], [-2.1430320739746094, 2.0533268451690674], [2.2453420162200928, 2.227341413497925], [-2.083679676055908, -2.0850324630737305], [-3.019191265106201, -0.0042120832949876785], [-2.1303975582122803, 2.1256799697875977], [3.0773746967315674, 0.1333584040403366], [-0.08878947049379349, -2.9110209941864014], [0.01222185604274273, 2.999704599380493], [2.1655690670013428, 2.1892788410186768], [2.3573720455169678, -2.011802911758423]], "sample_count": 12}, "support_scope": "one noisy draw per particle"}, {"closest_distance_per_mode": [0.193250834941864, 0.0009765625, 0.036877360194921494, 0.1295151561498642, 0.031066356226801872, 0.004143203608691692, 0.0016914558364078403, 0.15027326345443726], "cover": 1.0, "effective_modes": 6.179266929626465, "hq": 0.481689453125, "hq_counts": [1, 417, 341, 218, 314, 321, 338, 23], "hq_radius": 0.21000000000000002, "missing_modes": [], "modes": 8, "n_modes": 8, "nearest_counts": [345, 692, 341, 657, 314, 321, 701, 725], "sample_count": 4096, "seconds": 3.928871431853622, "step": 400, "support": {"closest_distance_per_mode": [0.27367010712623596, 0.026292873546481133, 0.08142691850662231, 0.22131632268428802, 0.10933881998062134, 0.0403088703751564, 0.03457237780094147, 0.2522623538970947], "cover": 0.625, "effective_modes": 5.0, "hq": 0.4166666567325592, "hq_counts": [0, 1, 1, 0, 1, 1, 1, 0], "hq_radius": 0.21000000000000002, "is_hq": [true, false, false, false, true, true, false, false, false, true, true, false], "missing_modes": [0, 3, 7], "modes": 5, "n_modes": 8, "nearest_counts": [1, 2, 1, 2, 1, 1, 2, 2], "nearest_distance": [0.03457237780094147, 0.2522623538970947, 0.22464530169963837, 0.21789714694023132, 0.0403088703751564, 0.10933881998062134, 0.22131632268428802, 0.27367010712623596, 0.3223209083080292, 0.08142691850662231, 0.026292873546481133, 0.2567236125469208], "nearest_mode": [6, 7, 3, 1, 5, 4, 3, 0, 6, 2, 1, 7], "points": [[0.03190683200955391, -3.0133118629455566], [2.220252513885498, -1.889266014099121], [-2.1551194190979004, 1.8992321491241455], [2.2144687175750732, 2.3183038234710693], [-2.156088352203369, -2.1417160034179688], [-2.9488649368286133, -0.09664487838745117], [-1.9100497961044312, 2.0553982257843018], [3.131074905395508, 0.24023883044719696], [-0.12327414751052856, -2.7021842002868652], [0.046946052461862564, 3.066531181335449], [2.0957064628601074, 2.1153831481933594], [2.2961912155151367, -1.933363676071167]], "sample_count": 12}, "support_scope": "one noisy draw per particle"}, {"closest_distance_per_mode": [0.04290211573243141, 0.0009765625, 0.0033829116728156805, 0.002583741443231702, 0.0029296875, 0.0044751716777682304, 0.007873298600316048, 0.10307708382606506], "cover": 1.0, "effective_modes": 7.435184955596924, "hq": 0.890380859375, "hq_counts": [344, 692, 341, 657, 314, 321, 701, 277], "hq_radius": 0.21000000000000002, "missing_modes": [], "modes": 8, "n_modes": 8, "nearest_counts": [345, 692, 341, 657, 314, 321, 701, 725], "sample_count": 4096, "seconds": 4.354071266949177, "step": 450, "support": {"closest_distance_per_mode": [0.10212736576795578, 0.06609275192022324, 0.04796890169382095, 0.08500675112009048, 0.05739910528063774, 0.03762029483914375, 0.08221282064914703, 0.19819065928459167], "cover": 1.0, "effective_modes": 7.536930084228516, "hq": 0.9166666865348816, "hq_counts": [1, 2, 1, 2, 1, 1, 2, 1], "hq_radius": 0.21000000000000002, "is_hq": [true, true, true, true, true, true, true, true, true, true, true, false], "missing_modes": [], "modes": 8, "n_modes": 8, "nearest_counts": [1, 2, 1, 2, 1, 1, 2, 2], "nearest_distance": [0.08221282064914703, 0.19819065928459167, 0.08500675112009048, 0.0988604947924614, 0.03762029483914375, 0.05739910528063774, 0.14211563766002655, 0.10212736576795578, 0.10363791882991791, 0.04796890169382095, 0.06609275192022324, 0.5828999876976013], "nearest_mode": [6, 7, 3, 1, 5, 4, 3, 0, 6, 2, 1, 7], "points": [[0.05830834060907364, -2.942042350769043], [2.3152716159820557, -2.162095546722412], [-2.200483798980713, 2.152292490005493], [2.2177679538726807, 2.1430282592773438], [-2.089740514755249, -2.10087513923645], [-2.968388557434082, 0.047909803688526154], [-1.9833061695098877, 2.155216693878174], [3.014819383621216, 0.10104645043611526], [-0.0454263761639595, -2.906848192214966], [-0.03613637387752533, 2.9684534072875977], [2.1280086040496826, 2.0555667877197266], [2.7041921615600586, -2.1155290603637695]], "sample_count": 12}, "support_scope": "one noisy draw per particle"}, {"closest_distance_per_mode": [0.0635291263461113, 0.038927990943193436, 0.004580484237521887, 0.019457869231700897, 0.05544948950409889, 0.038915738463401794, 0.053550899028778076, 0.005074367392808199], "cover": 1.0, "effective_modes": 7.599669456481934, "hq": 0.88427734375, "hq_counts": [335, 401, 341, 648, 312, 321, 687, 577], "hq_radius": 0.21000000000000002, "missing_modes": [], "modes": 8, "n_modes": 8, "nearest_counts": [345, 692, 341, 657, 314, 321, 701, 725], "sample_count": 4096, "seconds": 4.770802246872336, "step": 500, "support": {"closest_distance_per_mode": [0.14120838046073914, 0.08455316722393036, 0.057019513100385666, 0.07663635164499283, 0.11738089472055435, 0.11509548127651215, 0.1194566860795021, 0.08298585563898087], "cover": 1.0, "effective_modes": 7.536930084228516, "hq": 0.9166666865348816, "hq_counts": [1, 1, 1, 2, 1, 1, 2, 2], "hq_radius": 0.21000000000000002, "is_hq": [true, true, true, true, true, true, true, true, true, true, false, true], "missing_modes": [], "modes": 8, "n_modes": 8, "nearest_counts": [1, 2, 1, 2, 1, 1, 2, 2], "nearest_distance": [0.1194566860795021, 0.08298585563898087, 0.1322273164987564, 0.08455316722393036, 0.11509548127651215, 0.11738089472055435, 0.07663635164499283, 0.14120838046073914, 0.13380067050457, 0.057019513100385666, 0.21421891450881958, 0.1747879832983017], "nearest_mode": [6, 7, 3, 1, 5, 4, 3, 0, 6, 2, 1, 7], "points": [[0.11807059496641159, -2.9818549156188965], [2.140428304672241, -2.0405633449554443], [-2.1609597206115723, 2.2474660873413086], [2.1955814361572266, 2.0808911323547363], [-2.1267595291137695, -2.2362875938415527], [-2.9522628784179688, -0.10723570734262466], [-2.051196336746216, 2.152235746383667], [3.001112461090088, -0.14120399951934814], [-0.024111906066536903, -3.131610155105591], [-0.05008159205317497, 3.027259349822998], [2.082529306411743, 1.9106427431106567], [2.2501089572906494, -2.003148078918457]], "sample_count": 12}, "support_scope": "one noisy draw per particle"}, {"closest_distance_per_mode": [0.1210189089179039, 0.00390625, 0.001953125, 0.015097289346158504, 0.00425673695281148, 0.006765823345631361, 0.06117367371916771, 0.14172610640525818], "cover": 1.0, "effective_modes": 6.683866024017334, "hq": 0.73291015625, "hq_counts": [214, 689, 341, 655, 314, 320, 447, 22], "hq_radius": 0.21000000000000002, "missing_modes": [], "modes": 8, "n_modes": 8, "nearest_counts": [345, 692, 341, 657, 314, 321, 701, 725], "sample_count": 4096, "seconds": 5.190601419890299, "step": 550, "support": {"closest_distance_per_mode": [0.2335352897644043, 0.08006762713193893, 0.06948509067296982, 0.11334121227264404, 0.034372322261333466, 0.11527696996927261, 0.08786433190107346, 0.3046579360961914], "cover": 0.75, "effective_modes": 5.669644832611084, "hq": 0.75, "hq_counts": [0, 2, 1, 2, 1, 1, 2, 0], "hq_radius": 0.21000000000000002, "is_hq": [true, false, true, true, true, true, true, false, true, true, true, false], "missing_modes": [0, 7], "modes": 6, "n_modes": 8, "nearest_counts": [1, 2, 1, 2, 1, 1, 2, 2], "nearest_distance": [0.1889328509569168, 0.3134323060512543, 0.11334121227264404, 0.18751582503318787, 0.11527696996927261, 0.034372322261333466, 0.11605902016162872, 0.2335352897644043, 0.08786433190107346, 0.06948509067296982, 0.08006762713193893, 0.3046579360961914], "nearest_mode": [6, 7, 3, 1, 5, 4, 3, 0, 6, 2, 1, 7], "points": [[0.06584610790014267, -2.8229126930236816], [1.9799858331680298, -1.8415621519088745], [-2.213824510574341, 2.186812162399292], [2.234433650970459, 2.2708780765533447], [-2.107056140899658, -2.006929636001587], [-2.9799532890319824, 0.027920804917812347], [-2.0100390911102295, 2.154277801513672], [2.9404754638671875, 0.22582197189331055], [-0.04899173229932785, -2.9270620346069336], [-0.047219257801771164, 3.050975799560547], [2.0573155879974365, 2.073213815689087], [2.2361557483673096, -1.8391326665878296]], "sample_count": 12}, "support_scope": "one noisy draw per particle"}, {"closest_distance_per_mode": [0.11677581071853638, 0.0149385342374444, 0.0009765625, 0.006765823345631361, 0.02281898818910122, 0.0037822104059159756, 0.010381001979112625, 0.06457138806581497], "cover": 1.0, "effective_modes": 7.392455101013184, "hq": 0.879638671875, "hq_counts": [232, 692, 341, 657, 314, 321, 689, 357], "hq_radius": 0.21000000000000002, "missing_modes": [], "modes": 8, "n_modes": 8, "nearest_counts": [345, 692, 341, 657, 314, 321, 701, 725], "sample_count": 4096, "seconds": 5.6953156678937376, "step": 600, "support": {"closest_distance_per_mode": [0.17520295083522797, 0.07770088315010071, 0.005584563594311476, 0.06361815333366394, 0.06681885570287704, 0.047304969280958176, 0.05456272512674332, 0.1719059944152832], "cover": 1.0, "effective_modes": 7.536930084228516, "hq": 0.9166666865348816, "hq_counts": [1, 2, 1, 2, 1, 1, 2, 1], "hq_radius": 0.21000000000000002, "is_hq": [true, false, true, true, true, true, true, true, true, true, true, true], "missing_modes": [], "modes": 8, "n_modes": 8, "nearest_counts": [1, 2, 1, 2, 1, 1, 2, 2], "nearest_distance": [0.12361082434654236, 0.3119531571865082, 0.06361815333366394, 0.07770088315010071, 0.047304969280958176, 0.06681885570287704, 0.15322880446910858, 0.17520295083522797, 0.05456272512674332, 0.005584563594311476, 0.17615406215190887, 0.1719059944152832], "nearest_mode": [6, 7, 3, 1, 5, 4, 3, 0, 6, 2, 1, 7], "points": [[0.04357810318470001, -2.8843255043029785], [1.815369963645935, -2.1822190284729004], [-2.183457612991333, 2.1076741218566895], [2.157076358795166, 2.190305233001709], [-2.076868772506714, -2.137502431869507], [-2.9818575382232666, -0.06430897116661072], [-2.049255132675171, 1.986095666885376], [2.827014207839966, 0.027784742414951324], [-0.04069257900118828, -3.036348342895508], [-7.937755435705185e-05, 2.9944159984588623], [1.9476325511932373, 2.0919461250305176], [1.9506351947784424, -2.1008734703063965]], "sample_count": 12}, "support_scope": "one noisy draw per particle"}, {"closest_distance_per_mode": [0.09185919165611267, 0.05442529171705246, 0.06489549577236176, 0.001953125, 0.0087890625, 0.0036539623979479074, 0.002183660166338086, 0.14003033936023712], "cover": 1.0, "effective_modes": 6.7896575927734375, "hq": 0.81787109375, "hq_counts": [332, 682, 308, 657, 314, 321, 699, 37], "hq_radius": 0.21000000000000002, "missing_modes": [], "modes": 8, "n_modes": 8, "nearest_counts": [345, 692, 341, 657, 314, 321, 701, 725], "sample_count": 4096, "seconds": 6.134968684986234, "step": 650, "support": {"closest_distance_per_mode": [0.13804200291633606, 0.16699467599391937, 0.18941745162010193, 0.0658600926399231, 0.04680560156702995, 0.05420074239373207, 0.03128208965063095, 0.26347047090530396], "cover": 0.875, "effective_modes": 6.597539901733398, "hq": 0.8333333134651184, "hq_counts": [1, 2, 1, 2, 1, 1, 2, 0], "hq_radius": 0.21000000000000002, "is_hq": [true, false, true, true, true, true, true, true, true, true, true, false], "missing_modes": [7], "modes": 7, "n_modes": 8, "nearest_counts": [1, 2, 1, 2, 1, 1, 2, 2], "nearest_distance": [0.13526302576065063, 0.26347047090530396, 0.0658600926399231, 0.16699467599391937, 0.05420074239373207, 0.04680560156702995, 0.12163333594799042, 0.13804200291633606, 0.03128208965063095, 0.18941745162010193, 0.1957322210073471, 0.6818950176239014], "nearest_mode": [6, 7, 3, 1, 5, 4, 3, 0, 6, 2, 1, 7], "points": [[0.116953045129776, -2.9320435523986816], [2.2195589542388916, -1.8768486976623535], [-2.1868698596954346, 2.1277077198028564], [2.1636240482330322, 1.9597727060317993], [-2.1086997985839844, -2.0686097145080566], [-2.9678633213043213, 0.03402911126613617], [-2.052875280380249, 2.0207719802856445], [3.018789052963257, -0.13675732910633087], [-0.01838952861726284, -2.974694013595581], [0.08520615100860596, 2.830828905105591], [2.117706298828125, 1.9256213903427124], [2.3680522441864014, -1.4856274127960205]], "sample_count": 12}, "support_scope": "one noisy draw per particle"}, {"closest_distance_per_mode": [0.004784159827977419, 0.008896907791495323, 0.0, 0.010334965772926807, 0.0, 0.006694975309073925, 0.013982247561216354, 0.024335810914635658], "cover": 1.0, "effective_modes": 7.501204013824463, "hq": 0.997314453125, "hq_counts": [345, 692, 341, 657, 314, 321, 694, 721], "hq_radius": 0.21000000000000002, "missing_modes": [], "modes": 8, "n_modes": 8, "nearest_counts": [345, 692, 341, 657, 314, 321, 701, 725], "sample_count": 4096, "seconds": 6.587926420848817, "step": 700, "support": {"closest_distance_per_mode": [0.027032552286982536, 0.05032884702086449, 0.03385987877845764, 0.059882402420043945, 0.05378153547644615, 0.03373957425355911, 0.0777159333229065, 0.1399722546339035], "cover": 1.0, "effective_modes": 7.559528350830078, "hq": 1.0, "hq_counts": [1, 2, 1, 2, 1, 1, 2, 2], "hq_radius": 0.21000000000000002, "is_hq": [true, true, true, true, true, true, true, true, true, true, true, true], "missing_modes": [], "modes": 8, "n_modes": 8, "nearest_counts": [1, 2, 1, 2, 1, 1, 2, 2], "nearest_distance": [0.0777159333229065, 0.141627699136734, 0.08415661752223969, 0.05032884702086449, 0.03373957425355911, 0.05378153547644615, 0.059882402420043945, 0.027032552286982536, 0.15938864648342133, 0.03385987877845764, 0.1427275389432907, 0.1399722546339035], "nearest_mode": [6, 7, 3, 1, 5, 4, 3, 0, 6, 2, 1, 7], "points": [[0.05481236055493355, -3.0550942420959473], [2.0456254482269287, -2.2410216331481934], [-2.185704231262207, 2.1755146980285645], [2.1111655235290527, 2.170614004135132], [-2.136659860610962, -2.151371479034424], [-2.946218490600586, 5.2123796194791794e-05], [-2.103142261505127, 2.0642635822296143], [3.012763738632202, 0.023829516023397446], [-0.03006943315267563, -3.156526565551758], [0.024068905040621758, 2.976184606552124], [1.9786832332611084, 2.1162376403808594], [2.202709436416626, -2.2351973056793213]], "sample_count": 12}, "support_scope": "one noisy draw per particle"}, {"closest_distance_per_mode": [0.08154735714197159, 0.026921968907117844, 0.024916701018810272, 0.0009765625, 0.08267395943403244, 0.005859375, 0.012429610826075077, 0.05347961559891701], "cover": 1.0, "effective_modes": 7.525334358215332, "hq": 0.966796875, "hq_counts": [336, 692, 341, 600, 305, 321, 701, 664], "hq_radius": 0.21000000000000002, "missing_modes": [], "modes": 8, "n_modes": 8, "nearest_counts": [345, 692, 341, 657, 314, 321, 701, 725], "sample_count": 4096, "seconds": 7.046423189807683, "step": 750, "support": {"closest_distance_per_mode": [0.1909107118844986, 0.10620486736297607, 0.09141357243061066, 0.004886568523943424, 0.06212794780731201, 0.1006263941526413, 0.06602056324481964, 0.05793451890349388], "cover": 1.0, "effective_modes": 7.559528350830078, "hq": 1.0, "hq_counts": [1, 2, 1, 2, 1, 1, 2, 2], "hq_radius": 0.21000000000000002, "is_hq": [true, true, true, true, true, true, true, true, true, true, true, true], "missing_modes": [], "modes": 8, "n_modes": 8, "nearest_counts": [1, 2, 1, 2, 1, 1, 2, 2], "nearest_distance": [0.08794710040092468, 0.1793336123228073, 0.004886568523943424, 0.10620486736297607, 0.1006263941526413, 0.06212794780731201, 0.16047710180282593, 0.1909107118844986, 0.06602056324481964, 0.09141357243061066, 0.1680411845445633, 0.05793451890349388], "nearest_mode": [6, 7, 3, 1, 5, 4, 3, 0, 6, 2, 1, 7], "points": [[0.08400867134332657, -3.0260238647460938], [1.9830853939056396, -2.235562562942505], [-2.126185417175293, 2.120863437652588], [2.208038330078125, 2.0600059032440186], [-2.022742748260498, -2.14152455329895], [-2.945615530014038, -0.03003709763288498], [-2.05765700340271, 1.9740114212036133], [2.9137210845947266, -0.17030222713947296], [-0.014421520754694939, -3.0644261837005615], [0.0529242642223835, 2.9254651069641113], [2.083420753479004, 1.957608699798584], [2.083804130554199, -2.165465831756592]], "sample_count": 12}, "support_scope": "one noisy draw per particle"}, {"closest_distance_per_mode": [0.0033829116728156805, 0.006623369175940752, 0.0027621358167380095, 0.00390625, 0.034207578748464584, 0.005167482886463404, 0.007372885476797819, 0.00799350906163454], "cover": 1.0, "effective_modes": 7.495983600616455, "hq": 1.0, "hq_counts": [345, 692, 341, 657, 314, 321, 701, 725], "hq_radius": 0.21000000000000002, "missing_modes": [], "modes": 8, "n_modes": 8, "nearest_counts": [345, 692, 341, 657, 314, 321, 701, 725], "sample_count": 4096, "seconds": 7.520144884008914, "step": 800, "support": {"closest_distance_per_mode": [0.05624040588736534, 0.061533890664577484, 0.06470344960689545, 0.09254581481218338, 0.03290136158466339, 0.08672557771205902, 0.05086560174822807, 0.09213799238204956], "cover": 1.0, "effective_modes": 7.559528350830078, "hq": 1.0, "hq_counts": [1, 2, 1, 2, 1, 1, 2, 2], "hq_radius": 0.21000000000000002, "is_hq": [true, true, true, true, true, true, true, true, true, true, true, true], "missing_modes": [], "modes": 8, "n_modes": 8, "nearest_counts": [1, 2, 1, 2, 1, 1, 2, 2], "nearest_distance": [0.05806802585721016, 0.09294570237398148, 0.09254581481218338, 0.061533890664577484, 0.08672557771205902, 0.03290136158466339, 0.10518897324800491, 0.05624040588736534, 0.05086560174822807, 0.06470344960689545, 0.0927898958325386, 0.09213799238204956], "nearest_mode": [6, 7, 3, 1, 5, 4, 3, 0, 6, 2, 1, 7], "points": [[0.05783447250723839, -2.9947967529296875], [2.029254198074341, -2.1340715885162354], [-2.2132568359375, 2.1107187271118164], [2.180216073989868, 2.1391444206237793], [-2.0939552783966064, -2.20361590385437], [-2.989605665206909, -0.031216561794281006], [-2.0230343341827393, 2.0838422775268555], [3.048182487487793, 0.029007436707615852], [-0.012860630638897419, -3.04921293258667], [0.05988152697682381, 2.9754903316497803], [2.0345897674560547, 2.154301881790161], [2.213219404220581, -2.1146798133850098]], "sample_count": 12}, "support_scope": "one noisy draw per particle"}, {"closest_distance_per_mode": [0.08407516777515411, 0.07537265866994858, 0.23974956572055817, 0.16106769442558289, 0.0340958796441555, 0.9246373772621155, 0.1529747098684311, 0.983482301235199], "cover": 0.625, "effective_modes": 3.837691068649292, "hq": 0.302490234375, "hq_counts": [421, 396, 0, 76, 314, 0, 32, 0], "hq_radius": 0.21000000000000002, "missing_modes": [2, 5, 7], "modes": 5, "n_modes": 8, "nearest_counts": [714, 692, 341, 657, 314, 321, 701, 356], "sample_count": 4096, "seconds": 8.076222841860726, "step": 850, "support": {"closest_distance_per_mode": [0.16666874289512634, 0.18626047670841217, 0.29633063077926636, 0.1949053555727005, 0.12667076289653778, 1.0466289520263672, 0.2980795204639435, 1.0534414052963257], "cover": 0.5, "effective_modes": 4.0, "hq": 0.3333333432674408, "hq_counts": [1, 1, 0, 1, 1, 0, 0, 0], "hq_radius": 0.21000000000000002, "is_hq": [false, false, true, true, false, true, false, true, false, false, false, false], "missing_modes": [2, 5, 6, 7], "modes": 4, "n_modes": 8, "nearest_counts": [2, 2, 1, 2, 1, 1, 2, 1], "nearest_distance": [0.6108635067939758, 1.0534414052963257, 0.1949053555727005, 0.18626047670841217, 1.0466289520263672, 0.12667076289653778, 0.33674752712249756, 0.16666874289512634, 0.2980795204639435, 0.29633063077926636, 0.22062335908412933, 0.22473154962062836], "nearest_mode": [6, 7, 3, 1, 5, 4, 3, 0, 6, 2, 1, 0], "points": [[0.20013879239559174, -2.4228529930114746], [2.404466390609741, -1.106643557548523], [-2.0924017429351807, 2.31406831741333], [2.2712769508361816, 2.0108397006988525], [-1.8508034944534302, -3.1323859691619873], [-2.8797218799591064, 0.03973204642534256], [-1.9227492809295654, 2.393291711807251], [3.1576287746429443, 0.054144613444805145], [0.06510341912508011, -2.7091169357299805], [0.20782160758972168, 3.2112390995025635], [2.20723295211792, 2.324528694152832], [2.948925256729126, -0.2188507318496704]], "sample_count": 12}, "support_scope": "one noisy draw per particle"}, {"closest_distance_per_mode": [0.1884816288948059, 0.10958841443061829, 0.1031048372387886, 0.09993913769721985, 0.15669795870780945, 0.4702460467815399, 0.19953444600105286, 0.12318243831396103], "cover": 0.875, "effective_modes": 4.3354973793029785, "hq": 0.2685546875, "hq_counts": [7, 239, 228, 443, 48, 0, 4, 131], "hq_radius": 0.21000000000000002, "missing_modes": [5], "modes": 7, "n_modes": 8, "nearest_counts": [345, 692, 341, 657, 314, 321, 701, 725], "sample_count": 4096, "seconds": 8.598288293927908, "step": 900, "support": {"closest_distance_per_mode": [0.25693684816360474, 0.20097129046916962, 0.20061346888542175, 0.16333024203777313, 0.2418556660413742, 0.5678579211235046, 0.25734007358551025, 0.1785580813884735], "cover": 0.5, "effective_modes": 3.7892916202545166, "hq": 0.4166666567325592, "hq_counts": [0, 1, 1, 2, 0, 0, 0, 1], "hq_radius": 0.21000000000000002, "is_hq": [false, true, true, false, false, false, true, false, false, true, true, false], "missing_modes": [0, 4, 5, 6], "modes": 4, "n_modes": 8, "nearest_counts": [1, 2, 1, 2, 1, 1, 2, 2], "nearest_distance": [0.25734007358551025, 0.1785580813884735, 0.16333024203777313, 0.2464267611503601, 0.5678579211235046, 0.2418556660413742, 0.20085079967975616, 0.25693684816360474, 0.2808672785758972, 0.20061346888542175, 0.20097129046916962, 0.25458940863609314], "nearest_mode": [6, 7, 3, 1, 5, 4, 3, 0, 6, 2, 1, 7], "points": [[0.008717861026525497, -2.742807626724243], [2.1232542991638184, -2.2998671531677246], [-2.238809585571289, 2.2347795963287354], [2.3589117527008057, 2.1867146492004395], [-2.512556314468384, -1.7097423076629639], [-3.182185649871826, 0.15906749665737152], [-2.027332305908203, 1.9438172578811646], [3.256896495819092, 0.0045534465461969376], [-0.22887064516544342, -2.8371975421905518], [-0.08782918006181717, 3.180365800857544], [2.3171322345733643, 2.166565418243408], [2.346959352493286, -2.2392308712005615]], "sample_count": 12}, "support_scope": "one noisy draw per particle"}, {"closest_distance_per_mode": [0.09752921760082245, 0.010563138872385025, 0.009568319655954838, 0.02665496990084648, 0.0016914558364078403, 0.0009765625, 0.01525439415127039, 0.06629125773906708], "cover": 1.0, "effective_modes": 7.4926438331604, "hq": 0.80322265625, "hq_counts": [262, 341, 341, 657, 314, 321, 698, 356], "hq_radius": 0.21000000000000002, "missing_modes": [], "modes": 8, "n_modes": 8, "nearest_counts": [345, 692, 341, 657, 314, 321, 701, 725], "sample_count": 4096, "seconds": 9.113635076908395, "step": 950, "support": {"closest_distance_per_mode": [0.194314107298851, 0.10041054338216782, 0.060272980481386185, 0.06836241483688354, 0.018893759697675705, 0.04388043284416199, 0.10526782274246216, 0.11439540982246399], "cover": 1.0, "effective_modes": 7.578583240509033, "hq": 0.8333333134651184, "hq_counts": [1, 1, 1, 2, 1, 1, 2, 1], "hq_radius": 0.21000000000000002, "is_hq": [true, true, true, false, true, true, true, true, true, true, true, false], "missing_modes": [], "modes": 8, "n_modes": 8, "nearest_counts": [1, 2, 1, 2, 1, 1, 2, 2], "nearest_distance": [0.16309839487075806, 0.11439540982246399, 0.06836241483688354, 0.29423296451568604, 0.04388043284416199, 0.018893759697675705, 0.10183357447385788, 0.194314107298851, 0.10526782274246216, 0.060272980481386185, 0.10041054338216782, 0.3227740526199341], "nearest_mode": [6, 7, 3, 1, 5, 4, 3, 0, 6, 2, 1, 7], "points": [[0.12789666652679443, -2.898789644241333], [2.235715627670288, -2.121731996536255], [-2.1843183040618896, 2.1478657722473145], [2.405325174331665, 2.0444161891937256], [-2.1609816551208496, -2.1025471687316895], [-3.0172882080078125, -0.007622074335813522], [-2.0516538619995117, 2.047045946121216], [3.194288492202759, 0.0031556589528918266], [-0.046095110476017, -2.9053609371185303], [0.036616817116737366, 3.047875165939331], [2.2163639068603516, 2.0889322757720947], [2.3673043251037598, -1.9123332500457764]], "sample_count": 12}, "support_scope": "one noisy draw per particle"}, {"closest_distance_per_mode": [0.0407005175948143, 0.007176239509135485, 0.012807497754693031, 0.0078125, 0.01078648492693901, 0.03318876028060913, 0.0029296875, 0.008679877035319805], "cover": 1.0, "effective_modes": 7.514591217041016, "hq": 0.990478515625, "hq_counts": [345, 691, 341, 655, 314, 321, 701, 689], "hq_radius": 0.21000000000000002, "missing_modes": [], "modes": 8, "n_modes": 8, "nearest_counts": [345, 692, 341, 657, 314, 321, 701, 725], "sample_count": 4096, "seconds": 9.55226064985618, "step": 1000, "support": {"closest_distance_per_mode": [0.1304899901151657, 0.09772113710641861, 0.054912909865379333, 0.1040492132306099, 0.07771224528551102, 0.12267430871725082, 0.08409641683101654, 0.11023375391960144], "cover": 1.0, "effective_modes": 7.559528350830078, "hq": 1.0, "hq_counts": [1, 2, 1, 2, 1, 1, 2, 2], "hq_radius": 0.21000000000000002, "is_hq": [true, true, true, true, true, true, true, true, true, true, true, true], "missing_modes": [], "modes": 8, "n_modes": 8, "nearest_counts": [1, 2, 1, 2, 1, 1, 2, 2], "nearest_distance": [0.08409641683101654, 0.18929220736026764, 0.1040492132306099, 0.09772113710641861, 0.12267430871725082, 0.07771224528551102, 0.17449794709682465, 0.1304899901151657, 0.08983803540468216, 0.054912909865379333, 0.10199522227048874, 0.11023375391960144], "nearest_mode": [6, 7, 3, 1, 5, 4, 3, 0, 6, 2, 1, 7], "points": [[0.0830954760313034, -3.012936592102051], [1.9337360858917236, -2.0959532260894775], [-2.0655436515808105, 2.2091565132141113], [2.202631711959839, 2.0671181678771973], [-2.010881185531616, -2.174727201461792], [-2.92606258392334, -0.02392621710896492], [-1.948472023010254, 2.0973823070526123], [3.0268564224243164, 0.12769639492034912], [-0.08801738172769547, -2.9820053577423096], [0.051710039377212524, 3.018479347229004], [2.0537848472595215, 2.1977531909942627], [2.152282476425171, -2.0155231952667236]], "sample_count": 12}, "support_scope": "one noisy draw per particle"}, {"closest_distance_per_mode": [0.0036539623979479074, 0.005524271633476019, 0.002183660166338086, 0.015128841623663902, 0.025652198120951653, 0.09234068542718887, 0.03438831493258476, 0.001953125], "cover": 1.0, "effective_modes": 7.504763603210449, "hq": 0.95361328125, "hq_counts": [345, 692, 341, 657, 314, 287, 545, 725], "hq_radius": 0.21000000000000002, "missing_modes": [], "modes": 8, "n_modes": 8, "nearest_counts": [345, 692, 341, 657, 314, 321, 701, 725], "sample_count": 4096, "seconds": 9.992256089812145, "step": 1050, "support": {"closest_distance_per_mode": [0.07318145781755447, 0.021929385140538216, 0.0015475767431780696, 0.10947878658771515, 0.14635500311851501, 0.13696794211864471, 0.13351616263389587, 0.057148177176713943], "cover": 1.0, "effective_modes": 7.536931991577148, "hq": 0.9166666865348816, "hq_counts": [1, 2, 1, 2, 1, 1, 1, 2], "hq_radius": 0.21000000000000002, "is_hq": [false, true, true, true, true, true, true, true, true, true, true, true], "missing_modes": [], "modes": 8, "n_modes": 8, "nearest_counts": [1, 2, 1, 2, 1, 1, 2, 2], "nearest_distance": [0.2621809244155884, 0.057148177176713943, 0.10947878658771515, 0.11279334127902985, 0.13696794211864471, 0.14635500311851501, 0.13629649579524994, 0.07318145781755447, 0.13351616263389587, 0.0015475767431780696, 0.021929385140538216, 0.06662479788064957], "nearest_mode": [6, 7, 3, 1, 5, 4, 3, 0, 6, 2, 1, 7], "points": [[0.1952202320098877, -2.8249917030334473], [2.10644268989563, -2.176496982574463], [-2.0998780727386475, 2.2286787033081055], [2.1234400272369385, 2.008546829223633], [-1.985253930091858, -2.105628728866577], [-2.8927905559539795, 0.09962865710258484], [-2.0081064701080322, 2.0454297065734863], [2.971303939819336, -0.06732058525085449], [0.048524994403123856, -2.8756139278411865], [0.0008800260256975889, 3.0012729167938232], [2.122068166732788, 2.0994036197662354], [2.187593698501587, -2.1144793033599854]], "sample_count": 12}, "support_scope": "one noisy draw per particle"}, {"closest_distance_per_mode": [0.05997715890407562, 0.02034440077841282, 0.0, 0.0009765625, 0.013601941056549549, 0.0029296875, 0.00856930110603571, 0.0013810679083690047], "cover": 1.0, "effective_modes": 7.496986389160156, "hq": 0.999267578125, "hq_counts": [345, 692, 341, 654, 314, 321, 701, 725], "hq_radius": 0.21000000000000002, "missing_modes": [], "modes": 8, "n_modes": 8, "nearest_counts": [345, 692, 341, 657, 314, 321, 701, 725], "sample_count": 4096, "seconds": 10.458229281008244, "step": 1100, "support": {"closest_distance_per_mode": [0.13243554532527924, 0.03792376071214676, 0.0238601453602314, 0.013259943574666977, 0.12158715724945068, 0.016727879643440247, 0.06901101768016815, 0.02221248857676983], "cover": 1.0, "effective_modes": 7.559528350830078, "hq": 1.0, "hq_counts": [1, 2, 1, 2, 1, 1, 2, 2], "hq_radius": 0.21000000000000002, "is_hq": [true, true, true, true, true, true, true, true, true, true, true, true], "missing_modes": [], "modes": 8, "n_modes": 8, "nearest_counts": [1, 2, 1, 2, 1, 1, 2, 2], "nearest_distance": [0.08359148353338242, 0.02221248857676983, 0.013259943574666977, 0.03792376071214676, 0.016727879643440247, 0.12158715724945068, 0.1455092579126358, 0.13243554532527924, 0.06901101768016815, 0.0238601453602314, 0.06558391451835632, 0.06856761872768402], "nearest_mode": [6, 7, 3, 1, 5, 4, 3, 0, 6, 2, 1, 7], "points": [[0.02395273745059967, -2.9199137687683105], [2.100172996520996, -2.114525556564331], [-2.1181857585906982, 2.134204387664795], [2.0930421352386475, 2.096050500869751], [-2.1372687816619873, -2.126366376876831], [-2.888134717941284, -0.04764052480459213], [-1.9828503131866455, 2.0766098499298096], [3.1317596435546875, -0.013363001868128777], [-0.06632708013057709, -3.0190587043762207], [-0.004549198783934116, 2.9765775203704834], [2.0634970664978027, 2.0903730392456055], [2.175574779510498, -2.079390525817871]], "sample_count": 12}, "support_scope": "one noisy draw per particle"}, {"closest_distance_per_mode": [0.01787402853369713, 0.019797982648015022, 0.006253051105886698, 0.0029296875, 0.03173452615737915, 0.001953125, 0.005258949939161539, 0.022756211459636688], "cover": 1.0, "effective_modes": 7.495983600616455, "hq": 1.0, "hq_counts": [345, 692, 341, 657, 314, 321, 701, 725], "hq_radius": 0.21000000000000002, "missing_modes": [], "modes": 8, "n_modes": 8, "nearest_counts": [345, 692, 341, 657, 314, 321, 701, 725], "sample_count": 4096, "seconds": 10.9256968179252, "step": 1150, "support": {"closest_distance_per_mode": [0.07505910098552704, 0.08760380744934082, 0.05393426492810249, 0.04071826860308647, 0.07087505608797073, 0.07396938651800156, 0.0681900680065155, 0.09685541689395905], "cover": 1.0, "effective_modes": 7.559528350830078, "hq": 1.0, "hq_counts": [1, 2, 1, 2, 1, 1, 2, 2], "hq_radius": 0.21000000000000002, "is_hq": [true, true, true, true, true, true, true, true, true, true, true, true], "missing_modes": [], "modes": 8, "n_modes": 8, "nearest_counts": [1, 2, 1, 2, 1, 1, 2, 2], "nearest_distance": [0.08329290896654129, 0.09828189760446548, 0.04071826860308647, 0.14586177468299866, 0.07396938651800156, 0.07087505608797073, 0.15011900663375854, 0.07505910098552704, 0.0681900680065155, 0.05393426492810249, 0.08760380744934082, 0.09685541689395905], "nearest_mode": [6, 7, 3, 1, 5, 4, 3, 0, 6, 2, 1, 7], "points": [[0.08116573840379715, -2.9812960624694824], [2.1421492099761963, -2.2173690795898438], [-2.1380763053894043, 2.158431053161621], [2.1852197647094727, 1.9902000427246094], [-2.0719573497772217, -2.1764097213745117], [-2.948167324066162, -0.04833914339542389], [-2.1158854961395264, 1.971299648284912], [3.0061464309692383, -0.07480701804161072], [-0.05642331764101982, -3.038292169570923], [0.022346384823322296, 2.9509129524230957], [2.033721685409546, 2.122279167175293], [2.216404438018799, -2.139761447906494]], "sample_count": 12}, "support_scope": "one noisy draw per particle"}, {"closest_distance_per_mode": [0.0032388914842158556, 0.0, 0.002183660166338086, 0.0078125, 0.022881589829921722, 0.04158138483762741, 0.014778072014451027, 0.0044751716777682304], "cover": 1.0, "effective_modes": 7.493038654327393, "hq": 0.999267578125, "hq_counts": [345, 692, 341, 657, 314, 318, 701, 725], "hq_radius": 0.21000000000000002, "missing_modes": [], "modes": 8, "n_modes": 8, "nearest_counts": [345, 692, 341, 657, 314, 321, 701, 725], "sample_count": 4096, "seconds": 11.323117274791002, "step": 1200, "support": {"closest_distance_per_mode": [0.056864868849515915, 0.07450763136148453, 0.0714769959449768, 0.03413767367601395, 0.06770528852939606, 0.16452530026435852, 0.08146443217992783, 0.022037966176867485], "cover": 1.0, "effective_modes": 7.559528350830078, "hq": 1.0, "hq_counts": [1, 2, 1, 2, 1, 1, 2, 2], "hq_radius": 0.21000000000000002, "is_hq": [true, true, true, true, true, true, true, true, true, true, true, true], "missing_modes": [], "modes": 8, "n_modes": 8, "nearest_counts": [1, 2, 1, 2, 1, 1, 2, 2], "nearest_distance": [0.08146443217992783, 0.08146028965711594, 0.14973768591880798, 0.07450763136148453, 0.16452530026435852, 0.06770528852939606, 0.03413767367601395, 0.056864868849515915, 0.08649696409702301, 0.0714769959449768, 0.10432538390159607, 0.022037966176867485], "nearest_mode": [6, 7, 3, 1, 5, 4, 3, 0, 6, 2, 1, 7], "points": [[0.03831171989440918, -2.9281065464019775], [2.125122308731079, -2.202691078186035], [-2.2331676483154297, 2.220876932144165], [2.123936176300049, 2.046858549118042], [-2.175551652908325, -1.965990424156189], [-3.033449649810791, 0.05886507034301758], [-2.1524384021759033, 2.13535737991333], [2.9473347663879395, -0.02144729718565941], [-0.054936908185482025, -2.9331893920898438], [-0.0706794485449791, 2.989351272583008], [2.042982578277588, 2.190218687057495], [2.141422748565674, -2.130352258682251]], "sample_count": 12}, "support_scope": "one noisy draw per particle"}], "verdict": {"attempted": true, "confirmation_fraction": 1.0, "convergence": {"complete": true, "confirmed_seconds": 11.323117274791002, "confirmed_step": 1200, "first_pass_step": 700, "minimum_stable_checks": 5, "observations": 24, "passing_observations": 8, "passing_suffix": 5, "stable_from_seconds": 9.55226064985618, "stable_from_step": 1000}, "metrics": [{"margin": 0, "metric": "modes", "op": ">=", "status": "PASS", "threshold": 8, "value": 8}, {"margin": 0.09926757812499998, "metric": "hq", "op": ">=", "status": "PASS", "threshold": 0.9, "value": 0.999267578125}], "passed": true, "shortfall": 0.0, "status": "PASS"}}, "seconds": 11.51849500508979, "status": "PASS"}, {"artifact": "/ml2/hypergan/gan-attempts/batch-20260924T153037Z/critic_signal/20260924T153037Z-1298555/repo/reports/toy100/critic_signal_attempt/batch-h/h_n05r06_mixup_c0p01_lr15/residual_student/episodes/h_n05r06_mixup_c0p01_lr15__residual_student.json.gz", "candidate": "h_n05r06_mixup_c0p01_lr15", "gate": "residual_student", "metrics": {"frozen_evidence_audit": "PASS", "live": {"identity_mse": 0.0029311643447726965, "success_rate": 1.0, "wrong_pad_rate": 0.0}, "observations": [{"endpoint_l2": 0.3319184482097626, "identity_mse": 0.05995382368564606, "seconds": 0.11480472306720912, "step": 17, "success_rate": 0.4166666567325592, "wrong_pad_rate": 0.5833333134651184}, {"endpoint_l2": 0.21974648535251617, "identity_mse": 0.02666550688445568, "seconds": 0.20351128396578133, "step": 34, "success_rate": 0.6666666865348816, "wrong_pad_rate": 0.0833333358168602}, {"endpoint_l2": 0.12656566500663757, "identity_mse": 0.008988490328192711, "seconds": 0.2898041750304401, "step": 50, "success_rate": 1.0, "wrong_pad_rate": 0.0}, {"endpoint_l2": 0.12286705523729324, "identity_mse": 0.004230345133692026, "seconds": 0.38353435695171356, "step": 67, "success_rate": 1.0, "wrong_pad_rate": 0.0}, {"endpoint_l2": 0.06452037394046783, "identity_mse": 0.0048083653673529625, "seconds": 0.4812137670814991, "step": 84, "success_rate": 1.0, "wrong_pad_rate": 0.0}, {"endpoint_l2": 0.0713244304060936, "identity_mse": 0.003796642879024148, "seconds": 0.572063387138769, "step": 100, "success_rate": 1.0, "wrong_pad_rate": 0.0}, {"endpoint_l2": 0.06623874604701996, "identity_mse": 0.003326692385599017, "seconds": 0.6686503610108048, "step": 117, "success_rate": 1.0, "wrong_pad_rate": 0.0}, {"endpoint_l2": 0.06988055258989334, "identity_mse": 0.0032434870954602957, "seconds": 0.757041831035167, "step": 134, "success_rate": 1.0, "wrong_pad_rate": 0.0}, {"endpoint_l2": 0.07068749517202377, "identity_mse": 0.0030393898487091064, "seconds": 0.8193117280025035, "step": 150, "success_rate": 1.0, "wrong_pad_rate": 0.0}, {"endpoint_l2": 0.05581020936369896, "identity_mse": 0.002704296261072159, "seconds": 0.8947390320245177, "step": 167, "success_rate": 1.0, "wrong_pad_rate": 0.0}, {"endpoint_l2": 0.0949254259467125, "identity_mse": 0.00369931198656559, "seconds": 0.9649269641377032, "step": 184, "success_rate": 1.0, "wrong_pad_rate": 0.0}, {"endpoint_l2": 0.0633305087685585, "identity_mse": 0.00265790824778378, "seconds": 1.031376498984173, "step": 200, "success_rate": 1.0, "wrong_pad_rate": 0.0}, {"endpoint_l2": 0.0803871601819992, "identity_mse": 0.0038620384875684977, "seconds": 1.113140300149098, "step": 217, "success_rate": 1.0, "wrong_pad_rate": 0.0}, {"endpoint_l2": 0.0923057422041893, "identity_mse": 0.0032494894694536924, "seconds": 1.1791901241522282, "step": 234, "success_rate": 1.0, "wrong_pad_rate": 0.0}, {"endpoint_l2": 0.07013095915317535, "identity_mse": 0.002727826125919819, "seconds": 1.2527163999620825, "step": 250, "success_rate": 1.0, "wrong_pad_rate": 0.0}, {"endpoint_l2": 0.06800346821546555, "identity_mse": 0.0029238255228847265, "seconds": 1.3320393699686974, "step": 267, "success_rate": 1.0, "wrong_pad_rate": 0.0}, {"endpoint_l2": 0.07927548140287399, "identity_mse": 0.0035260075237601995, "seconds": 1.4176959081087261, "step": 284, "success_rate": 1.0, "wrong_pad_rate": 0.0}, {"endpoint_l2": 0.05869898200035095, "identity_mse": 0.0024762183893471956, "seconds": 1.5022045511286706, "step": 300, "success_rate": 1.0, "wrong_pad_rate": 0.0}, {"endpoint_l2": 0.04916608706116676, "identity_mse": 0.0027149540837854147, "seconds": 1.5814401709940284, "step": 317, "success_rate": 1.0, "wrong_pad_rate": 0.0}, {"endpoint_l2": 0.06947513669729233, "identity_mse": 0.0047162617556750774, "seconds": 1.6610272030811757, "step": 334, "success_rate": 1.0, "wrong_pad_rate": 0.0}, {"endpoint_l2": 0.06513369083404541, "identity_mse": 0.003223615465685725, "seconds": 1.7350194610189646, "step": 350, "success_rate": 1.0, "wrong_pad_rate": 0.0}, {"endpoint_l2": 0.08377319574356079, "identity_mse": 0.002863568952307105, "seconds": 1.8261149821337312, "step": 367, "success_rate": 1.0, "wrong_pad_rate": 0.0}, {"endpoint_l2": 0.07813457399606705, "identity_mse": 0.003161286935210228, "seconds": 1.8997566180769354, "step": 384, "success_rate": 1.0, "wrong_pad_rate": 0.0}, {"endpoint_l2": 0.05627736821770668, "identity_mse": 0.0029311643447726965, "seconds": 1.9670414570719004, "step": 400, "success_rate": 1.0, "wrong_pad_rate": 0.0}], "verdict": {"attempted": true, "confirmation_fraction": 0.2925, "convergence": {"complete": true, "confirmed_seconds": 0.6686503610108048, "confirmed_step": 117, "first_pass_step": 50, "minimum_stable_checks": 5, "observations": 24, "passing_observations": 22, "passing_suffix": 22, "stable_from_seconds": 0.2898041750304401, "stable_from_step": 50}, "metrics": [{"margin": 0.017068835655227304, "metric": "identity_mse", "op": "<=", "status": "PASS", "threshold": 0.02, "value": 0.0029311643447726965}, {"margin": 0.0, "metric": "success_rate", "op": ">=", "status": "PASS", "threshold": 1.0, "value": 1.0}, {"margin": 0.0, "metric": "wrong_pad_rate", "op": "<=", "status": "PASS", "threshold": 0.0, "value": 0.0}], "passed": true, "shortfall": 0.0, "status": "PASS"}}, "seconds": 2.1022899579256773, "status": "PASS"}, {"artifact": "/ml2/hypergan/gan-attempts/batch-20260924T153037Z/critic_signal/20260924T153037Z-1298555/repo/reports/toy100/critic_signal_attempt/batch-h/h_n05r06_mixup_c0p01_lr15/img_stripes2/episodes/h_n05r06_mixup_c0p01_lr15__img_stripes2.json.gz", "candidate": "h_n05r06_mixup_c0p01_lr15", "checkpoint_sha256": "0cfe9c4e389140f75fe1fe0688d4692ff1e4864715a564d1cf1d047c0fb40412", "gate": "img_stripes2", "metrics": {"frozen_evidence_audit": "PASS", "live": {"distribution_tv": 0.0, "hq": 0.96875, "mean_rmse": 0.03971010074019432, "mode_fractions": [0.5, 0.5], "modes": 2, "quality_mode_fractions": [0.46875, 0.5]}, "observations": [{"distribution_tv": 0.125, "ema": {"distribution_tv": 0.09375, "hq": 0.0, "mean_rmse": 0.4879833459854126, "mode_fractions": [0.40625, 0.59375], "modes": 0, "quality_mode_fractions": [0.0, 0.0]}, "hq": 0.0, "mean_rmse": 0.2948983311653137, "mode_fractions": [0.375, 0.625], "modes": 0, "quality_mode_fractions": [0.0, 0.0], "seconds": 0.3383147129788995, "step": 25}, {"distribution_tv": 0.0625, "ema": {"distribution_tv": 0.15625, "hq": 0.0, "mean_rmse": 0.46714815497398376, "mode_fractions": [0.34375, 0.65625], "modes": 0, "quality_mode_fractions": [0.0, 0.0]}, "hq": 0.5, "mean_rmse": 0.16235710680484772, "mode_fractions": [0.4375, 0.5625], "modes": 1, "quality_mode_fractions": [0.15625, 0.34375], "seconds": 0.6546267808880657, "step": 50}, {"distribution_tv": 0.0, "ema": {"distribution_tv": 0.09375, "hq": 0.0, "mean_rmse": 0.4361928403377533, "mode_fractions": [0.40625, 0.59375], "modes": 0, "quality_mode_fractions": [0.0, 0.0]}, "hq": 0.8125, "mean_rmse": 0.09159542620182037, "mode_fractions": [0.5, 0.5], "modes": 2, "quality_mode_fractions": [0.375, 0.4375], "seconds": 0.971002149861306, "step": 75}, {"distribution_tv": 0.0, "ema": {"distribution_tv": 0.0625, "hq": 0.0, "mean_rmse": 0.39400020241737366, "mode_fractions": [0.4375, 0.5625], "modes": 0, "quality_mode_fractions": [0.0, 0.0]}, "hq": 0.875, "mean_rmse": 0.06163695082068443, "mode_fractions": [0.5, 0.5], "modes": 2, "quality_mode_fractions": [0.40625, 0.46875], "seconds": 1.3219845769926906, "step": 100}, {"distribution_tv": 0.0, "ema": {"distribution_tv": 0.0625, "hq": 0.0, "mean_rmse": 0.3457549214363098, "mode_fractions": [0.4375, 0.5625], "modes": 0, "quality_mode_fractions": [0.0, 0.0]}, "hq": 0.90625, "mean_rmse": 0.05767684429883957, "mode_fractions": [0.5, 0.5], "modes": 2, "quality_mode_fractions": [0.4375, 0.46875], "seconds": 1.7925638479646295, "step": 125}, {"distribution_tv": 0.0, "ema": {"distribution_tv": 0.03125, "hq": 0.0, "mean_rmse": 0.2940911650657654, "mode_fractions": [0.46875, 0.53125], "modes": 0, "quality_mode_fractions": [0.0, 0.0]}, "hq": 0.90625, "mean_rmse": 0.05230196565389633, "mode_fractions": [0.5, 0.5], "modes": 2, "quality_mode_fractions": [0.4375, 0.46875], "seconds": 2.271447754930705, "step": 150}, {"distribution_tv": 0.0, "ema": {"distribution_tv": 0.03125, "hq": 0.0, "mean_rmse": 0.24564965069293976, "mode_fractions": [0.46875, 0.53125], "modes": 0, "quality_mode_fractions": [0.0, 0.0]}, "hq": 0.9375, "mean_rmse": 0.0486404150724411, "mode_fractions": [0.5, 0.5], "modes": 2, "quality_mode_fractions": [0.46875, 0.46875], "seconds": 2.7833200618624687, "step": 175}, {"distribution_tv": 0.0, "ema": {"distribution_tv": 0.03125, "hq": 0.0, "mean_rmse": 0.20430433750152588, "mode_fractions": [0.46875, 0.53125], "modes": 0, "quality_mode_fractions": [0.0, 0.0]}, "hq": 0.9375, "mean_rmse": 0.04885546863079071, "mode_fractions": [0.5, 0.5], "modes": 2, "quality_mode_fractions": [0.46875, 0.46875], "seconds": 3.232045539887622, "step": 200}, {"distribution_tv": 0.0, "ema": {"distribution_tv": 0.03125, "hq": 0.09375, "mean_rmse": 0.17086677253246307, "mode_fractions": [0.46875, 0.53125], "modes": 0, "quality_mode_fractions": [0.0625, 0.03125]}, "hq": 0.96875, "mean_rmse": 0.03988208621740341, "mode_fractions": [0.5, 0.5], "modes": 2, "quality_mode_fractions": [0.46875, 0.5], "seconds": 3.5652191508561373, "step": 225}, {"distribution_tv": 0.0, "ema": {"distribution_tv": 0.03125, "hq": 0.25, "mean_rmse": 0.1430414617061615, "mode_fractions": [0.46875, 0.53125], "modes": 0, "quality_mode_fractions": [0.09375, 0.15625]}, "hq": 0.96875, "mean_rmse": 0.038554150611162186, "mode_fractions": [0.5, 0.5], "modes": 2, "quality_mode_fractions": [0.46875, 0.5], "seconds": 3.8704310008324683, "step": 250}, {"distribution_tv": 0.0, "ema": {"distribution_tv": 0.0, "hq": 0.5, "mean_rmse": 0.11892100423574448, "mode_fractions": [0.5, 0.5], "modes": 1, "quality_mode_fractions": [0.21875, 0.28125]}, "hq": 0.96875, "mean_rmse": 0.03872156888246536, "mode_fractions": [0.5, 0.5], "modes": 2, "quality_mode_fractions": [0.46875, 0.5], "seconds": 4.206708964891732, "step": 275}, {"distribution_tv": 0.0, "ema": {"distribution_tv": 0.0, "hq": 0.6875, "mean_rmse": 0.0996396616101265, "mode_fractions": [0.5, 0.5], "modes": 2, "quality_mode_fractions": [0.28125, 0.40625]}, "hq": 0.96875, "mean_rmse": 0.038954585790634155, "mode_fractions": [0.5, 0.5], "modes": 2, "quality_mode_fractions": [0.46875, 0.5], "seconds": 4.521002745022997, "step": 300}, {"distribution_tv": 0.0, "ema": {"distribution_tv": 0.0, "hq": 0.8125, "mean_rmse": 0.08444277197122574, "mode_fractions": [0.5, 0.5], "modes": 2, "quality_mode_fractions": [0.40625, 0.40625]}, "hq": 0.96875, "mean_rmse": 0.03876636549830437, "mode_fractions": [0.5, 0.5], "modes": 2, "quality_mode_fractions": [0.46875, 0.5], "seconds": 4.879447964020073, "step": 325}, {"distribution_tv": 0.0, "ema": {"distribution_tv": 0.0, "hq": 0.90625, "mean_rmse": 0.07325756549835205, "mode_fractions": [0.5, 0.5], "modes": 2, "quality_mode_fractions": [0.4375, 0.46875]}, "hq": 0.96875, "mean_rmse": 0.04160325229167938, "mode_fractions": [0.5, 0.5], "modes": 2, "quality_mode_fractions": [0.46875, 0.5], "seconds": 5.175188923953101, "step": 350}, {"distribution_tv": 0.0, "ema": {"distribution_tv": 0.0, "hq": 0.90625, "mean_rmse": 0.06498725712299347, "mode_fractions": [0.5, 0.5], "modes": 2, "quality_mode_fractions": [0.4375, 0.46875]}, "hq": 0.96875, "mean_rmse": 0.03941900655627251, "mode_fractions": [0.5, 0.5], "modes": 2, "quality_mode_fractions": [0.46875, 0.5], "seconds": 5.5121721408795565, "step": 375}, {"distribution_tv": 0.0, "ema": {"distribution_tv": 0.0, "hq": 0.90625, "mean_rmse": 0.05706242471933365, "mode_fractions": [0.5, 0.5], "modes": 2, "quality_mode_fractions": [0.4375, 0.46875]}, "hq": 0.96875, "mean_rmse": 0.03761459141969681, "mode_fractions": [0.5, 0.5], "modes": 2, "quality_mode_fractions": [0.46875, 0.5], "seconds": 5.906219322932884, "step": 400}, {"distribution_tv": 0.0, "ema": {"distribution_tv": 0.0, "hq": 0.9375, "mean_rmse": 0.05316602438688278, "mode_fractions": [0.5, 0.5], "modes": 2, "quality_mode_fractions": [0.46875, 0.46875]}, "hq": 0.96875, "mean_rmse": 0.039289750158786774, "mode_fractions": [0.5, 0.5], "modes": 2, "quality_mode_fractions": [0.46875, 0.5], "seconds": 6.218448224011809, "step": 425}, {"distribution_tv": 0.0, "ema": {"distribution_tv": 0.0, "hq": 0.9375, "mean_rmse": 0.04966465383768082, "mode_fractions": [0.5, 0.5], "modes": 2, "quality_mode_fractions": [0.46875, 0.46875]}, "hq": 0.96875, "mean_rmse": 0.03943485766649246, "mode_fractions": [0.5, 0.5], "modes": 2, "quality_mode_fractions": [0.46875, 0.5], "seconds": 6.5211869238410145, "step": 450}, {"distribution_tv": 0.0, "ema": {"distribution_tv": 0.0, "hq": 0.96875, "mean_rmse": 0.04761897772550583, "mode_fractions": [0.5, 0.5], "modes": 2, "quality_mode_fractions": [0.46875, 0.5]}, "hq": 0.9375, "mean_rmse": 0.046531133353710175, "mode_fractions": [0.5, 0.5], "modes": 2, "quality_mode_fractions": [0.46875, 0.46875], "seconds": 6.821914275875315, "step": 475}, {"distribution_tv": 0.0, "ema": {"distribution_tv": 0.0, "hq": 0.96875, "mean_rmse": 0.045154135674238205, "mode_fractions": [0.5, 0.5], "modes": 2, "quality_mode_fractions": [0.46875, 0.5]}, "hq": 0.96875, "mean_rmse": 0.0404231920838356, "mode_fractions": [0.5, 0.5], "modes": 2, "quality_mode_fractions": [0.46875, 0.5], "seconds": 7.135043289978057, "step": 500}, {"distribution_tv": 0.0, "ema": {"distribution_tv": 0.0, "hq": 0.96875, "mean_rmse": 0.042693279683589935, "mode_fractions": [0.5, 0.5], "modes": 2, "quality_mode_fractions": [0.46875, 0.5]}, "hq": 0.96875, "mean_rmse": 0.037369295954704285, "mode_fractions": [0.5, 0.5], "modes": 2, "quality_mode_fractions": [0.46875, 0.5], "seconds": 7.482022159965709, "step": 525}, {"distribution_tv": 0.0, "ema": {"distribution_tv": 0.0, "hq": 0.96875, "mean_rmse": 0.04266568273305893, "mode_fractions": [0.5, 0.5], "modes": 2, "quality_mode_fractions": [0.46875, 0.5]}, "hq": 0.96875, "mean_rmse": 0.03844643011689186, "mode_fractions": [0.5, 0.5], "modes": 2, "quality_mode_fractions": [0.46875, 0.5], "seconds": 7.809791727922857, "step": 550}, {"distribution_tv": 0.0, "ema": {"distribution_tv": 0.0, "hq": 0.96875, "mean_rmse": 0.04056932404637337, "mode_fractions": [0.5, 0.5], "modes": 2, "quality_mode_fractions": [0.46875, 0.5]}, "hq": 0.96875, "mean_rmse": 0.0416329987347126, "mode_fractions": [0.5, 0.5], "modes": 2, "quality_mode_fractions": [0.46875, 0.5], "seconds": 8.15767622180283, "step": 575}, {"distribution_tv": 0.0, "ema": {"distribution_tv": 0.0, "hq": 0.96875, "mean_rmse": 0.04011372849345207, "mode_fractions": [0.5, 0.5], "modes": 2, "quality_mode_fractions": [0.46875, 0.5]}, "hq": 0.96875, "mean_rmse": 0.03971010074019432, "mode_fractions": [0.5, 0.5], "modes": 2, "quality_mode_fractions": [0.46875, 0.5], "seconds": 8.626830636989325, "step": 600}], "verdict": {"attempted": true, "confirmation_fraction": 0.375, "convergence": {"complete": true, "confirmed_seconds": 3.5652191508561373, "confirmed_step": 225, "first_pass_step": 125, "minimum_stable_checks": 5, "observations": 24, "passing_observations": 20, "passing_suffix": 20, "stable_from_seconds": 1.7925638479646295, "stable_from_step": 125}, "metrics": [{"margin": 0, "metric": "modes", "op": ">=", "status": "PASS", "threshold": 2, "value": 2}, {"margin": 0.06874999999999998, "metric": "hq", "op": ">=", "status": "PASS", "threshold": 0.9, "value": 0.96875}], "passed": true, "shortfall": 0.0, "status": "PASS"}}, "seconds": 8.76635687588714, "status": "PASS"}, {"artifact": "/ml2/hypergan/gan-attempts/batch-20260924T153037Z/critic_signal/20260924T153037Z-1298555/repo/reports/toy100/critic_signal_attempt/batch-h/h_n05r06_mixup_c0p01_lr15/img_bars4/episodes/h_n05r06_mixup_c0p01_lr15__img_bars4.json.gz", "candidate": "h_n05r06_mixup_c0p01_lr15", "checkpoint_sha256": "88bbcecee2e8ad5316e5a964882952c42005aff02c5978206b2dbf3361dba048", "gate": "img_bars4", "metrics": {"frozen_evidence_audit": "PASS", "live": {"distribution_tv": 0.0, "hq": 1.0, "mean_rmse": 0.030437761917710304, "mode_fractions": [0.25, 0.25, 0.25, 0.25], "modes": 4, "quality_mode_fractions": [0.25, 0.25, 0.25, 0.25]}, "observations": [{"distribution_tv": 0.4375, "ema": {"distribution_tv": 0.3125, "hq": 0.0, "mean_rmse": 0.4780750274658203, "mode_fractions": [0.25, 0.5625, 0.125, 0.0625], "modes": 0, "quality_mode_fractions": [0.0, 0.0, 0.0, 0.0]}, "hq": 0.0, "mean_rmse": 0.31900930404663086, "mode_fractions": [0.46875, 0.46875, 0.0625, 0.0], "modes": 0, "quality_mode_fractions": [0.0, 0.0, 0.0, 0.0], "seconds": 0.29962962702848017, "step": 25}, {"distribution_tv": 0.125, "ema": {"distribution_tv": 0.25, "hq": 0.0, "mean_rmse": 0.4609927833080292, "mode_fractions": [0.28125, 0.46875, 0.09375, 0.15625], "modes": 0, "quality_mode_fractions": [0.0, 0.0, 0.0, 0.0]}, "hq": 0.0, "mean_rmse": 0.2641424536705017, "mode_fractions": [0.125, 0.25, 0.25, 0.375], "modes": 0, "quality_mode_fractions": [0.0, 0.0, 0.0, 0.0], "seconds": 0.5971595149021596, "step": 50}, {"distribution_tv": 0.09375, "ema": {"distribution_tv": 0.125, "hq": 0.0, "mean_rmse": 0.43215444684028625, "mode_fractions": [0.21875, 0.375, 0.1875, 0.21875], "modes": 0, "quality_mode_fractions": [0.0, 0.0, 0.0, 0.0]}, "hq": 0.375, "mean_rmse": 0.17339763045310974, "mode_fractions": [0.1875, 0.25, 0.21875, 0.34375], "modes": 1, "quality_mode_fractions": [0.03125, 0.0625, 0.09375, 0.1875], "seconds": 0.8751631379127502, "step": 75}, {"distribution_tv": 0.0, "ema": {"distribution_tv": 0.09375, "hq": 0.0, "mean_rmse": 0.3934474587440491, "mode_fractions": [0.1875, 0.34375, 0.21875, 0.25], "modes": 0, "quality_mode_fractions": [0.0, 0.0, 0.0, 0.0]}, "hq": 0.6875, "mean_rmse": 0.10451985895633698, "mode_fractions": [0.25, 0.25, 0.25, 0.25], "modes": 4, "quality_mode_fractions": [0.1875, 0.125, 0.15625, 0.21875], "seconds": 1.1888848959933966, "step": 100}, {"distribution_tv": 0.0, "ema": {"distribution_tv": 0.03125, "hq": 0.0, "mean_rmse": 0.3465419411659241, "mode_fractions": [0.21875, 0.28125, 0.25, 0.25], "modes": 0, "quality_mode_fractions": [0.0, 0.0, 0.0, 0.0]}, "hq": 0.8125, "mean_rmse": 0.07595612853765488, "mode_fractions": [0.25, 0.25, 0.25, 0.25], "modes": 4, "quality_mode_fractions": [0.21875, 0.1875, 0.1875, 0.21875], "seconds": 1.5167943239212036, "step": 125}, {"distribution_tv": 0.0, "ema": {"distribution_tv": 0.03125, "hq": 0.0, "mean_rmse": 0.29920077323913574, "mode_fractions": [0.21875, 0.28125, 0.25, 0.25], "modes": 0, "quality_mode_fractions": [0.0, 0.0, 0.0, 0.0]}, "hq": 0.875, "mean_rmse": 0.05381633713841438, "mode_fractions": [0.25, 0.25, 0.25, 0.25], "modes": 4, "quality_mode_fractions": [0.21875, 0.21875, 0.1875, 0.25], "seconds": 1.8448771429248154, "step": 150}, {"distribution_tv": 0.0, "ema": {"distribution_tv": 0.03125, "hq": 0.0, "mean_rmse": 0.25472745299339294, "mode_fractions": [0.25, 0.28125, 0.21875, 0.25], "modes": 0, "quality_mode_fractions": [0.0, 0.0, 0.0, 0.0]}, "hq": 0.96875, "mean_rmse": 0.03839784860610962, "mode_fractions": [0.25, 0.25, 0.25, 0.25], "modes": 4, "quality_mode_fractions": [0.25, 0.21875, 0.25, 0.25], "seconds": 2.2040059550199658, "step": 175}, {"distribution_tv": 0.0, "ema": {"distribution_tv": 0.0, "hq": 0.0, "mean_rmse": 0.21563544869422913, "mode_fractions": [0.25, 0.25, 0.25, 0.25], "modes": 0, "quality_mode_fractions": [0.0, 0.0, 0.0, 0.0]}, "hq": 0.96875, "mean_rmse": 0.03357360139489174, "mode_fractions": [0.25, 0.25, 0.25, 0.25], "modes": 4, "quality_mode_fractions": [0.25, 0.21875, 0.25, 0.25], "seconds": 2.592293682973832, "step": 200}, {"distribution_tv": 0.0, "ema": {"distribution_tv": 0.0, "hq": 0.0625, "mean_rmse": 0.1816796064376831, "mode_fractions": [0.25, 0.25, 0.25, 0.25], "modes": 0, "quality_mode_fractions": [0.0, 0.0625, 0.0, 0.0]}, "hq": 1.0, "mean_rmse": 0.033135902136564255, "mode_fractions": [0.25, 0.25, 0.25, 0.25], "modes": 4, "quality_mode_fractions": [0.25, 0.25, 0.25, 0.25], "seconds": 2.9949251918587834, "step": 225}, {"distribution_tv": 0.0, "ema": {"distribution_tv": 0.0, "hq": 0.125, "mean_rmse": 0.15064752101898193, "mode_fractions": [0.25, 0.25, 0.25, 0.25], "modes": 0, "quality_mode_fractions": [0.03125, 0.0625, 0.0, 0.03125]}, "hq": 1.0, "mean_rmse": 0.03156895190477371, "mode_fractions": [0.25, 0.25, 0.25, 0.25], "modes": 4, "quality_mode_fractions": [0.25, 0.25, 0.25, 0.25], "seconds": 3.289091215003282, "step": 250}, {"distribution_tv": 0.0, "ema": {"distribution_tv": 0.0, "hq": 0.25, "mean_rmse": 0.12547899782657623, "mode_fractions": [0.25, 0.25, 0.25, 0.25], "modes": 0, "quality_mode_fractions": [0.09375, 0.0625, 0.0625, 0.03125]}, "hq": 1.0, "mean_rmse": 0.03145257756114006, "mode_fractions": [0.25, 0.25, 0.25, 0.25], "modes": 4, "quality_mode_fractions": [0.25, 0.25, 0.25, 0.25], "seconds": 3.5933624010067433, "step": 275}, {"distribution_tv": 0.0, "ema": {"distribution_tv": 0.0, "hq": 0.625, "mean_rmse": 0.1035737544298172, "mode_fractions": [0.25, 0.25, 0.25, 0.25], "modes": 4, "quality_mode_fractions": [0.125, 0.15625, 0.1875, 0.15625]}, "hq": 1.0, "mean_rmse": 0.030694428831338882, "mode_fractions": [0.25, 0.25, 0.25, 0.25], "modes": 4, "quality_mode_fractions": [0.25, 0.25, 0.25, 0.25], "seconds": 3.9052337808534503, "step": 300}, {"distribution_tv": 0.0, "ema": {"distribution_tv": 0.0, "hq": 0.6875, "mean_rmse": 0.08671408891677856, "mode_fractions": [0.25, 0.25, 0.25, 0.25], "modes": 4, "quality_mode_fractions": [0.15625, 0.1875, 0.1875, 0.15625]}, "hq": 1.0, "mean_rmse": 0.030377181246876717, "mode_fractions": [0.25, 0.25, 0.25, 0.25], "modes": 4, "quality_mode_fractions": [0.25, 0.25, 0.25, 0.25], "seconds": 4.265940789831802, "step": 325}, {"distribution_tv": 0.0, "ema": {"distribution_tv": 0.0, "hq": 0.875, "mean_rmse": 0.07284815609455109, "mode_fractions": [0.25, 0.25, 0.25, 0.25], "modes": 4, "quality_mode_fractions": [0.21875, 0.21875, 0.1875, 0.25]}, "hq": 1.0, "mean_rmse": 0.030606050044298172, "mode_fractions": [0.25, 0.25, 0.25, 0.25], "modes": 4, "quality_mode_fractions": [0.25, 0.25, 0.25, 0.25], "seconds": 4.603936750907451, "step": 350}, {"distribution_tv": 0.0, "ema": {"distribution_tv": 0.0, "hq": 0.90625, "mean_rmse": 0.06076826900243759, "mode_fractions": [0.25, 0.25, 0.25, 0.25], "modes": 4, "quality_mode_fractions": [0.21875, 0.21875, 0.21875, 0.25]}, "hq": 1.0, "mean_rmse": 0.029859822243452072, "mode_fractions": [0.25, 0.25, 0.25, 0.25], "modes": 4, "quality_mode_fractions": [0.25, 0.25, 0.25, 0.25], "seconds": 4.920539421029389, "step": 375}, {"distribution_tv": 0.0, "ema": {"distribution_tv": 0.0, "hq": 0.96875, "mean_rmse": 0.05269347503781319, "mode_fractions": [0.25, 0.25, 0.25, 0.25], "modes": 4, "quality_mode_fractions": [0.21875, 0.25, 0.25, 0.25]}, "hq": 1.0, "mean_rmse": 0.029060550034046173, "mode_fractions": [0.25, 0.25, 0.25, 0.25], "modes": 4, "quality_mode_fractions": [0.25, 0.25, 0.25, 0.25], "seconds": 5.2201572568155825, "step": 400}, {"distribution_tv": 0.0, "ema": {"distribution_tv": 0.0, "hq": 0.96875, "mean_rmse": 0.04790261760354042, "mode_fractions": [0.25, 0.25, 0.25, 0.25], "modes": 4, "quality_mode_fractions": [0.21875, 0.25, 0.25, 0.25]}, "hq": 1.0, "mean_rmse": 0.029899219051003456, "mode_fractions": [0.25, 0.25, 0.25, 0.25], "modes": 4, "quality_mode_fractions": [0.25, 0.25, 0.25, 0.25], "seconds": 5.509738320950419, "step": 425}, {"distribution_tv": 0.0, "ema": {"distribution_tv": 0.0, "hq": 0.96875, "mean_rmse": 0.0428735576570034, "mode_fractions": [0.25, 0.25, 0.25, 0.25], "modes": 4, "quality_mode_fractions": [0.21875, 0.25, 0.25, 0.25]}, "hq": 1.0, "mean_rmse": 0.030906816944479942, "mode_fractions": [0.25, 0.25, 0.25, 0.25], "modes": 4, "quality_mode_fractions": [0.25, 0.25, 0.25, 0.25], "seconds": 5.815005831886083, "step": 450}, {"distribution_tv": 0.0, "ema": {"distribution_tv": 0.0, "hq": 1.0, "mean_rmse": 0.04051829129457474, "mode_fractions": [0.25, 0.25, 0.25, 0.25], "modes": 4, "quality_mode_fractions": [0.25, 0.25, 0.25, 0.25]}, "hq": 1.0, "mean_rmse": 0.03089124895632267, "mode_fractions": [0.25, 0.25, 0.25, 0.25], "modes": 4, "quality_mode_fractions": [0.25, 0.25, 0.25, 0.25], "seconds": 6.10858209291473, "step": 475}, {"distribution_tv": 0.0, "ema": {"distribution_tv": 0.0, "hq": 1.0, "mean_rmse": 0.03716352954506874, "mode_fractions": [0.25, 0.25, 0.25, 0.25], "modes": 4, "quality_mode_fractions": [0.25, 0.25, 0.25, 0.25]}, "hq": 1.0, "mean_rmse": 0.029835836961865425, "mode_fractions": [0.25, 0.25, 0.25, 0.25], "modes": 4, "quality_mode_fractions": [0.25, 0.25, 0.25, 0.25], "seconds": 6.406832762993872, "step": 500}, {"distribution_tv": 0.0, "ema": {"distribution_tv": 0.0, "hq": 1.0, "mean_rmse": 0.03462870419025421, "mode_fractions": [0.25, 0.25, 0.25, 0.25], "modes": 4, "quality_mode_fractions": [0.25, 0.25, 0.25, 0.25]}, "hq": 1.0, "mean_rmse": 0.02862219139933586, "mode_fractions": [0.25, 0.25, 0.25, 0.25], "modes": 4, "quality_mode_fractions": [0.25, 0.25, 0.25, 0.25], "seconds": 6.699558830820024, "step": 525}, {"distribution_tv": 0.0, "ema": {"distribution_tv": 0.0, "hq": 1.0, "mean_rmse": 0.03407797962427139, "mode_fractions": [0.25, 0.25, 0.25, 0.25], "modes": 4, "quality_mode_fractions": [0.25, 0.25, 0.25, 0.25]}, "hq": 1.0, "mean_rmse": 0.029971420764923096, "mode_fractions": [0.25, 0.25, 0.25, 0.25], "modes": 4, "quality_mode_fractions": [0.25, 0.25, 0.25, 0.25], "seconds": 6.976357828825712, "step": 550}, {"distribution_tv": 0.0, "ema": {"distribution_tv": 0.0, "hq": 1.0, "mean_rmse": 0.03196392208337784, "mode_fractions": [0.25, 0.25, 0.25, 0.25], "modes": 4, "quality_mode_fractions": [0.25, 0.25, 0.25, 0.25]}, "hq": 1.0, "mean_rmse": 0.03127216547727585, "mode_fractions": [0.25, 0.25, 0.25, 0.25], "modes": 4, "quality_mode_fractions": [0.25, 0.25, 0.25, 0.25], "seconds": 7.265530481003225, "step": 575}, {"distribution_tv": 0.0, "ema": {"distribution_tv": 0.0, "hq": 1.0, "mean_rmse": 0.03131299838423729, "mode_fractions": [0.25, 0.25, 0.25, 0.25], "modes": 4, "quality_mode_fractions": [0.25, 0.25, 0.25, 0.25]}, "hq": 1.0, "mean_rmse": 0.030437761917710304, "mode_fractions": [0.25, 0.25, 0.25, 0.25], "modes": 4, "quality_mode_fractions": [0.25, 0.25, 0.25, 0.25], "seconds": 7.630702578928322, "step": 600}], "verdict": {"attempted": true, "confirmation_fraction": 0.4583333333333333, "convergence": {"complete": true, "confirmed_seconds": 3.5933624010067433, "confirmed_step": 275, "first_pass_step": 175, "minimum_stable_checks": 5, "observations": 24, "passing_observations": 18, "passing_suffix": 18, "stable_from_seconds": 2.2040059550199658, "stable_from_step": 175}, "metrics": [{"margin": 0, "metric": "modes", "op": ">=", "status": "PASS", "threshold": 4, "value": 4}, {"margin": 0.09999999999999998, "metric": "hq", "op": ">=", "status": "PASS", "threshold": 0.9, "value": 1.0}], "passed": true, "shortfall": 0.0, "status": "PASS"}}, "seconds": 7.765533298021182, "status": "PASS"}, {"artifact": "/ml2/hypergan/gan-attempts/batch-20260924T153037Z/critic_signal/20260924T153037Z-1298555/repo/reports/toy100/critic_signal_attempt/batch-h/h_n05r06_mixup_c0p01_lr15/vector_overlap/episodes/h_n05r06_mixup_c0p01_lr15__vector_overlap.json.gz", "candidate": "h_n05r06_mixup_c0p01_lr15", "checkpoint_sha256": "2ebf041f76ca6e98b34c40a98b3aef3ae5728b5e55c32ce94b374daf5f3fca71", "gate": "vector_overlap", "metrics": {"frozen_evidence_audit": "PASS", "live": {"covariance_error": 0.16221539676189423, "mean_error": 0.022280681878328323, "sample_count": 4096, "sw1_normalized": 0.0558607225876382, "target_scale": 0.8501437306404114}, "observations": [{"covariance_error": 0.13389553129673004, "ema": {"covariance_error": 0.9765527248382568, "mean_error": 0.16283315420150757, "sample_count": 4096, "sw1_normalized": 0.4862978417301495, "target_scale": 0.8501437306404114}, "mean_error": 0.07518967986106873, "sample_count": 4096, "seconds": 0.4095832190942019, "step": 50, "sw1_normalized": 0.07493745199569937, "target_scale": 0.8501437306404114}, {"covariance_error": 0.09174595028162003, "ema": {"covariance_error": 0.9171419143676758, "mean_error": 0.1375771313905716, "sample_count": 4096, "sw1_normalized": 0.40731716123730943, "target_scale": 0.8501437306404114}, "mean_error": 0.12301003187894821, "sample_count": 4096, "seconds": 0.8323564841412008, "step": 100, "sw1_normalized": 0.09066701745665108, "target_scale": 0.8501437306404114}, {"covariance_error": 0.11449812352657318, "ema": {"covariance_error": 0.8305891156196594, "mean_error": 0.11419346183538437, "sample_count": 4096, "sw1_normalized": 0.3337658613570945, "target_scale": 0.8501437306404114}, "mean_error": 0.10892212390899658, "sample_count": 4096, "seconds": 1.2485498921014369, "step": 150, "sw1_normalized": 0.08369275284485185, "target_scale": 0.8501437306404114}, {"covariance_error": 0.08296653628349304, "ema": {"covariance_error": 0.7267891764640808, "mean_error": 0.09640935063362122, "sample_count": 4096, "sw1_normalized": 0.26964859186800577, "target_scale": 0.8501437306404114}, "mean_error": 0.14131209254264832, "sample_count": 4096, "seconds": 1.68812670907937, "step": 200, "sw1_normalized": 0.09062407431232251, "target_scale": 0.8501437306404114}, {"covariance_error": 0.11506977677345276, "ema": {"covariance_error": 0.6234503388404846, "mean_error": 0.07964549213647842, "sample_count": 4096, "sw1_normalized": 0.21845363314776053, "target_scale": 0.8501437306404114}, "mean_error": 0.05735804885625839, "sample_count": 4096, "seconds": 2.104312607087195, "step": 250, "sw1_normalized": 0.06611935337089661, "target_scale": 0.8501437306404114}, {"covariance_error": 0.19178274273872375, "ema": {"covariance_error": 0.525331437587738, "mean_error": 0.06472919136285782, "sample_count": 4096, "sw1_normalized": 0.1778788119928108, "target_scale": 0.8501437306404114}, "mean_error": 0.1300385743379593, "sample_count": 4096, "seconds": 2.5035717911086977, "step": 300, "sw1_normalized": 0.09922824158515942, "target_scale": 0.8501437306404114}, {"covariance_error": 0.1052614375948906, "ema": {"covariance_error": 0.4385615289211273, "mean_error": 0.057298239320516586, "sample_count": 4096, "sw1_normalized": 0.14596387903144104, "target_scale": 0.8501437306404114}, "mean_error": 0.18395446240901947, "sample_count": 4096, "seconds": 2.8969184001907706, "step": 350, "sw1_normalized": 0.12843363741753602, "target_scale": 0.8501437306404114}, {"covariance_error": 0.0673949345946312, "ema": {"covariance_error": 0.36258429288864136, "mean_error": 0.049706075340509415, "sample_count": 4096, "sw1_normalized": 0.1190062938874553, "target_scale": 0.8501437306404114}, "mean_error": 0.075441874563694, "sample_count": 4096, "seconds": 3.29645856609568, "step": 400, "sw1_normalized": 0.05825895259392367, "target_scale": 0.8501437306404114}, {"covariance_error": 0.2046477347612381, "ema": {"covariance_error": 0.2940495014190674, "mean_error": 0.0468592643737793, "sample_count": 4096, "sw1_normalized": 0.09647463076783394, "target_scale": 0.8501437306404114}, "mean_error": 0.20811240375041962, "sample_count": 4096, "seconds": 3.693781231995672, "step": 450, "sw1_normalized": 0.15077213526284183, "target_scale": 0.8501437306404114}, {"covariance_error": 0.05488640442490578, "ema": {"covariance_error": 0.2458161860704422, "mean_error": 0.04199311137199402, "sample_count": 4096, "sw1_normalized": 0.08059932153337523, "target_scale": 0.8501437306404114}, "mean_error": 0.19582249224185944, "sample_count": 4096, "seconds": 4.094302382087335, "step": 500, "sw1_normalized": 0.13062261599819674, "target_scale": 0.8501437306404114}, {"covariance_error": 0.0876646637916565, "ema": {"covariance_error": 0.20059016346931458, "mean_error": 0.035644687712192535, "sample_count": 4096, "sw1_normalized": 0.06610940195449148, "target_scale": 0.8501437306404114}, "mean_error": 0.14656274020671844, "sample_count": 4096, "seconds": 4.5023837650660425, "step": 550, "sw1_normalized": 0.09672346437945054, "target_scale": 0.8501437306404114}, {"covariance_error": 0.040448881685733795, "ema": {"covariance_error": 0.1675856113433838, "mean_error": 0.02860136330127716, "sample_count": 4096, "sw1_normalized": 0.05481700261059262, "target_scale": 0.8501437306404114}, "mean_error": 0.02509566955268383, "sample_count": 4096, "seconds": 4.907596985111013, "step": 600, "sw1_normalized": 0.036492827706145495, "target_scale": 0.8501437306404114}, {"covariance_error": 0.061888862401247025, "ema": {"covariance_error": 0.1408722847700119, "mean_error": 0.023043682798743248, "sample_count": 4096, "sw1_normalized": 0.04675915100877828, "target_scale": 0.8501437306404114}, "mean_error": 0.03697073087096214, "sample_count": 4096, "seconds": 5.296603925060481, "step": 650, "sw1_normalized": 0.04140844398934449, "target_scale": 0.8501437306404114}, {"covariance_error": 0.18546335399150848, "ema": {"covariance_error": 0.11991730332374573, "mean_error": 0.029296137392520905, "sample_count": 4096, "sw1_normalized": 0.04413192449438391, "target_scale": 0.8501437306404114}, "mean_error": 0.02715386636555195, "sample_count": 4096, "seconds": 5.684402801096439, "step": 700, "sw1_normalized": 0.05766440476069451, "target_scale": 0.8501437306404114}, {"covariance_error": 0.12384966760873795, "ema": {"covariance_error": 0.10105512291193008, "mean_error": 0.0257258340716362, "sample_count": 4096, "sw1_normalized": 0.04048080634254467, "target_scale": 0.8501437306404114}, "mean_error": 0.1426832526922226, "sample_count": 4096, "seconds": 6.082669771043584, "step": 750, "sw1_normalized": 0.09734557031825954, "target_scale": 0.8501437306404114}, {"covariance_error": 0.12887966632843018, "ema": {"covariance_error": 0.08973168581724167, "mean_error": 0.016060324385762215, "sample_count": 4096, "sw1_normalized": 0.03670091572311523, "target_scale": 0.8501437306404114}, "mean_error": 0.049043573439121246, "sample_count": 4096, "seconds": 6.48567902110517, "step": 800, "sw1_normalized": 0.05281343324654728, "target_scale": 0.8501437306404114}, {"covariance_error": 0.17997020483016968, "ema": {"covariance_error": 0.07772824913263321, "mean_error": 0.02149667777121067, "sample_count": 4096, "sw1_normalized": 0.03704250652648155, "target_scale": 0.8501437306404114}, "mean_error": 0.06759388744831085, "sample_count": 4096, "seconds": 6.891631555045024, "step": 850, "sw1_normalized": 0.06221722815850332, "target_scale": 0.8501437306404114}, {"covariance_error": 0.16190274059772491, "ema": {"covariance_error": 0.07927670329809189, "mean_error": 0.024761825799942017, "sample_count": 4096, "sw1_normalized": 0.03862592104280678, "target_scale": 0.8501437306404114}, "mean_error": 0.06185457482933998, "sample_count": 4096, "seconds": 7.296475373208523, "step": 900, "sw1_normalized": 0.06766471500300252, "target_scale": 0.8501437306404114}, {"covariance_error": 0.15927253663539886, "ema": {"covariance_error": 0.0629570335149765, "mean_error": 0.023658905178308487, "sample_count": 4096, "sw1_normalized": 0.03669241911527307, "target_scale": 0.8501437306404114}, "mean_error": 0.06622074544429779, "sample_count": 4096, "seconds": 7.709659318206832, "step": 950, "sw1_normalized": 0.06487284096768958, "target_scale": 0.8501437306404114}, {"covariance_error": 0.04588678851723671, "ema": {"covariance_error": 0.05484563857316971, "mean_error": 0.024697910994291306, "sample_count": 4096, "sw1_normalized": 0.03580749236926617, "target_scale": 0.8501437306404114}, "mean_error": 0.06408500671386719, "sample_count": 4096, "seconds": 8.123043743195012, "step": 1000, "sw1_normalized": 0.05134148248147573, "target_scale": 0.8501437306404114}, {"covariance_error": 0.06590239703655243, "ema": {"covariance_error": 0.049864981323480606, "mean_error": 0.03440290689468384, "sample_count": 4096, "sw1_normalized": 0.03852986862202286, "target_scale": 0.8501437306404114}, "mean_error": 0.04830976203083992, "sample_count": 4096, "seconds": 8.52649454609491, "step": 1050, "sw1_normalized": 0.04573336198546664, "target_scale": 0.8501437306404114}, {"covariance_error": 0.09100236743688583, "ema": {"covariance_error": 0.041412729769945145, "mean_error": 0.03270241990685463, "sample_count": 4096, "sw1_normalized": 0.03718279914983091, "target_scale": 0.8501437306404114}, "mean_error": 0.08808848261833191, "sample_count": 4096, "seconds": 8.9296162170358, "step": 1100, "sw1_normalized": 0.0658203113360436, "target_scale": 0.8501437306404114}, {"covariance_error": 0.13757607340812683, "ema": {"covariance_error": 0.0354938879609108, "mean_error": 0.0340484157204628, "sample_count": 4096, "sw1_normalized": 0.03748999161819934, "target_scale": 0.8501437306404114}, "mean_error": 0.023721789941191673, "sample_count": 4096, "seconds": 9.342178128194064, "step": 1150, "sw1_normalized": 0.04034975525913295, "target_scale": 0.8501437306404114}, {"covariance_error": 0.16221539676189423, "ema": {"covariance_error": 0.030479326844215393, "mean_error": 0.0357687845826149, "sample_count": 4096, "sw1_normalized": 0.03803653515080405, "target_scale": 0.8501437306404114}, "mean_error": 0.022280681878328323, "sample_count": 4096, "seconds": 9.755358583061025, "step": 1200, "sw1_normalized": 0.0558607225876382, "target_scale": 0.8501437306404114}], "verdict": {"attempted": true, "confirmation_fraction": 0.625, "convergence": {"complete": true, "confirmed_seconds": 6.082669771043584, "confirmed_step": 750, "first_pass_step": 50, "minimum_stable_checks": 5, "observations": 24, "passing_observations": 21, "passing_suffix": 14, "stable_from_seconds": 4.5023837650660425, "stable_from_step": 550}, "metrics": [{"margin": 0.1241392774123618, "metric": "sw1_normalized", "op": "<=", "status": "PASS", "threshold": 0.18, "value": 0.0558607225876382}, {"margin": 0.12771931812167167, "metric": "mean_error", "op": "<=", "status": "PASS", "threshold": 0.15, "value": 0.022280681878328323}, {"margin": 0.2877846032381058, "metric": "covariance_error", "op": "<=", "status": "PASS", "threshold": 0.45, "value": 0.16221539676189423}], "passed": true, "shortfall": 0.0, "status": "PASS"}}, "seconds": 9.915959482081234, "status": "PASS"}, {"artifact": "/ml2/hypergan/gan-attempts/batch-20260924T153037Z/critic_signal/20260924T153037Z-1298555/repo/reports/toy100/critic_signal_attempt/batch-h/h_n05r06_mixup_c0p01_lr15/img_blobs4/episodes/h_n05r06_mixup_c0p01_lr15__img_blobs4.json.gz", "candidate": "h_n05r06_mixup_c0p01_lr15", "checkpoint_sha256": "2c535d3d8667465d37fce0c9bab01c492e91ef46e44a9c44b2b022c8fba7f46c", "gate": "img_blobs4", "metrics": {"frozen_evidence_audit": "PASS", "live": {"distribution_tv": 0.03125, "hq": 1.0, "mean_rmse": 0.030816933140158653, "mode_fractions": [0.25, 0.25, 0.21875, 0.28125], "modes": 4, "quality_mode_fractions": [0.25, 0.25, 0.21875, 0.28125]}, "observations": [{"distribution_tv": 0.1875, "ema": {"distribution_tv": 0.15625, "hq": 0.0, "mean_rmse": 0.4622915983200073, "mode_fractions": [0.125, 0.21875, 0.25, 0.40625], "modes": 0, "quality_mode_fractions": [0.0, 0.0, 0.0, 0.0]}, "hq": 0.0, "mean_rmse": 0.248367577791214, "mode_fractions": [0.40625, 0.09375, 0.21875, 0.28125], "modes": 0, "quality_mode_fractions": [0.0, 0.0, 0.0, 0.0], "seconds": 0.28521788492798805, "step": 25}, {"distribution_tv": 0.25, "ema": {"distribution_tv": 0.125, "hq": 0.0, "mean_rmse": 0.4061194062232971, "mode_fractions": [0.21875, 0.15625, 0.28125, 0.34375], "modes": 0, "quality_mode_fractions": [0.0, 0.0, 0.0, 0.0]}, "hq": 0.0, "mean_rmse": 0.26329001784324646, "mode_fractions": [0.4375, 0.15625, 0.09375, 0.3125], "modes": 0, "quality_mode_fractions": [0.0, 0.0, 0.0, 0.0], "seconds": 0.5655897790566087, "step": 50}, {"distribution_tv": 0.3125, "ema": {"distribution_tv": 0.25, "hq": 0.0, "mean_rmse": 0.35253605246543884, "mode_fractions": [0.40625, 0.09375, 0.34375, 0.15625], "modes": 0, "quality_mode_fractions": [0.0, 0.0, 0.0, 0.0]}, "hq": 0.03125, "mean_rmse": 0.2278176248073578, "mode_fractions": [0.4375, 0.0625, 0.375, 0.125], "modes": 0, "quality_mode_fractions": [0.03125, 0.0, 0.0, 0.0], "seconds": 0.8370415850076824, "step": 75}, {"distribution_tv": 0.28125, "ema": {"distribution_tv": 0.375, "hq": 0.0, "mean_rmse": 0.3136075437068939, "mode_fractions": [0.53125, 0.09375, 0.34375, 0.03125], "modes": 0, "quality_mode_fractions": [0.0, 0.0, 0.0, 0.0]}, "hq": 0.59375, "mean_rmse": 0.10181984305381775, "mode_fractions": [0.3125, 0.1875, 0.46875, 0.03125], "modes": 2, "quality_mode_fractions": [0.3125, 0.09375, 0.1875, 0.0], "seconds": 1.114502616925165, "step": 100}, {"distribution_tv": 0.0625, "ema": {"distribution_tv": 0.40625, "hq": 0.0, "mean_rmse": 0.2769181728363037, "mode_fractions": [0.53125, 0.09375, 0.375, 0.0], "modes": 0, "quality_mode_fractions": [0.0, 0.0, 0.0, 0.0]}, "hq": 0.65625, "mean_rmse": 0.09597060829401016, "mode_fractions": [0.28125, 0.1875, 0.25, 0.28125], "modes": 2, "quality_mode_fractions": [0.28125, 0.09375, 0.1875, 0.09375], "seconds": 1.3893829269800335, "step": 125}, {"distribution_tv": 0.0625, "ema": {"distribution_tv": 0.375, "hq": 0.0, "mean_rmse": 0.24009108543395996, "mode_fractions": [0.53125, 0.125, 0.34375, 0.0], "modes": 0, "quality_mode_fractions": [0.0, 0.0, 0.0, 0.0]}, "hq": 0.75, "mean_rmse": 0.08337642252445221, "mode_fractions": [0.3125, 0.1875, 0.25, 0.25], "modes": 3, "quality_mode_fractions": [0.28125, 0.09375, 0.1875, 0.1875], "seconds": 1.6664329168852419, "step": 150}, {"distribution_tv": 0.0625, "ema": {"distribution_tv": 0.3125, "hq": 0.0, "mean_rmse": 0.21272823214530945, "mode_fractions": [0.46875, 0.1875, 0.34375, 0.0], "modes": 0, "quality_mode_fractions": [0.0, 0.0, 0.0, 0.0]}, "hq": 0.78125, "mean_rmse": 0.07151365280151367, "mode_fractions": [0.3125, 0.25, 0.1875, 0.25], "modes": 4, "quality_mode_fractions": [0.25, 0.15625, 0.1875, 0.1875], "seconds": 1.941905089886859, "step": 175}, {"distribution_tv": 0.03125, "ema": {"distribution_tv": 0.21875, "hq": 0.0, "mean_rmse": 0.18826967477798462, "mode_fractions": [0.375, 0.1875, 0.34375, 0.09375], "modes": 0, "quality_mode_fractions": [0.0, 0.0, 0.0, 0.0]}, "hq": 0.84375, "mean_rmse": 0.06132437661290169, "mode_fractions": [0.25, 0.21875, 0.28125, 0.25], "modes": 4, "quality_mode_fractions": [0.25, 0.1875, 0.1875, 0.21875], "seconds": 2.223858800949529, "step": 200}, {"distribution_tv": 0.03125, "ema": {"distribution_tv": 0.125, "hq": 0.0625, "mean_rmse": 0.16749806702136993, "mode_fractions": [0.34375, 0.21875, 0.28125, 0.15625], "modes": 0, "quality_mode_fractions": [0.03125, 0.0, 0.03125, 0.0]}, "hq": 0.875, "mean_rmse": 0.056187547743320465, "mode_fractions": [0.28125, 0.25, 0.25, 0.21875], "modes": 4, "quality_mode_fractions": [0.21875, 0.1875, 0.25, 0.21875], "seconds": 2.5084232529625297, "step": 225}, {"distribution_tv": 0.03125, "ema": {"distribution_tv": 0.125, "hq": 0.21875, "mean_rmse": 0.14666025340557098, "mode_fractions": [0.34375, 0.21875, 0.28125, 0.15625], "modes": 0, "quality_mode_fractions": [0.09375, 0.0625, 0.0625, 0.0]}, "hq": 0.875, "mean_rmse": 0.054305098950862885, "mode_fractions": [0.28125, 0.25, 0.25, 0.21875], "modes": 4, "quality_mode_fractions": [0.21875, 0.1875, 0.25, 0.21875], "seconds": 2.7882298440672457, "step": 250}, {"distribution_tv": 0.03125, "ema": {"distribution_tv": 0.0625, "hq": 0.34375, "mean_rmse": 0.1267768293619156, "mode_fractions": [0.28125, 0.28125, 0.21875, 0.21875], "modes": 1, "quality_mode_fractions": [0.15625, 0.0625, 0.09375, 0.03125]}, "hq": 0.8125, "mean_rmse": 0.06339480727910995, "mode_fractions": [0.25, 0.28125, 0.25, 0.21875], "modes": 4, "quality_mode_fractions": [0.21875, 0.21875, 0.25, 0.125], "seconds": 3.0718634019140154, "step": 275}, {"distribution_tv": 0.03125, "ema": {"distribution_tv": 0.0625, "hq": 0.53125, "mean_rmse": 0.11130326986312866, "mode_fractions": [0.3125, 0.21875, 0.21875, 0.25], "modes": 3, "quality_mode_fractions": [0.21875, 0.125, 0.15625, 0.03125]}, "hq": 0.8125, "mean_rmse": 0.059433385729789734, "mode_fractions": [0.25, 0.21875, 0.25, 0.28125], "modes": 4, "quality_mode_fractions": [0.21875, 0.21875, 0.25, 0.125], "seconds": 3.3567761359736323, "step": 300}, {"distribution_tv": 0.0625, "ema": {"distribution_tv": 0.03125, "hq": 0.625, "mean_rmse": 0.09781476855278015, "mode_fractions": [0.28125, 0.25, 0.25, 0.21875], "modes": 3, "quality_mode_fractions": [0.25, 0.125, 0.1875, 0.0625]}, "hq": 0.90625, "mean_rmse": 0.0489332377910614, "mode_fractions": [0.21875, 0.28125, 0.28125, 0.21875], "modes": 4, "quality_mode_fractions": [0.21875, 0.21875, 0.25, 0.21875], "seconds": 3.651085020042956, "step": 325}, {"distribution_tv": 0.03125, "ema": {"distribution_tv": 0.0625, "hq": 0.78125, "mean_rmse": 0.08432982861995697, "mode_fractions": [0.3125, 0.21875, 0.25, 0.21875], "modes": 4, "quality_mode_fractions": [0.25, 0.15625, 0.21875, 0.15625]}, "hq": 0.90625, "mean_rmse": 0.04862391576170921, "mode_fractions": [0.25, 0.25, 0.28125, 0.21875], "modes": 4, "quality_mode_fractions": [0.21875, 0.21875, 0.25, 0.21875], "seconds": 3.9269129240419716, "step": 350}, {"distribution_tv": 0.03125, "ema": {"distribution_tv": 0.0625, "hq": 0.78125, "mean_rmse": 0.07537398487329483, "mode_fractions": [0.3125, 0.21875, 0.25, 0.21875], "modes": 4, "quality_mode_fractions": [0.21875, 0.15625, 0.21875, 0.1875]}, "hq": 0.90625, "mean_rmse": 0.04698045551776886, "mode_fractions": [0.28125, 0.25, 0.25, 0.21875], "modes": 4, "quality_mode_fractions": [0.21875, 0.21875, 0.25, 0.21875], "seconds": 4.203467641957104, "step": 375}, {"distribution_tv": 0.0, "ema": {"distribution_tv": 0.0625, "hq": 0.84375, "mean_rmse": 0.06562045961618423, "mode_fractions": [0.3125, 0.21875, 0.25, 0.21875], "modes": 4, "quality_mode_fractions": [0.21875, 0.1875, 0.21875, 0.21875]}, "hq": 0.96875, "mean_rmse": 0.03624344244599342, "mode_fractions": [0.25, 0.25, 0.25, 0.25], "modes": 4, "quality_mode_fractions": [0.21875, 0.25, 0.25, 0.25], "seconds": 4.483580224914476, "step": 400}, {"distribution_tv": 0.03125, "ema": {"distribution_tv": 0.03125, "hq": 0.84375, "mean_rmse": 0.060486823320388794, "mode_fractions": [0.28125, 0.25, 0.25, 0.21875], "modes": 4, "quality_mode_fractions": [0.21875, 0.1875, 0.21875, 0.21875]}, "hq": 0.96875, "mean_rmse": 0.03771538287401199, "mode_fractions": [0.21875, 0.28125, 0.25, 0.25], "modes": 4, "quality_mode_fractions": [0.21875, 0.25, 0.25, 0.25], "seconds": 4.782299007056281, "step": 425}, {"distribution_tv": 0.0, "ema": {"distribution_tv": 0.03125, "hq": 0.875, "mean_rmse": 0.0581476204097271, "mode_fractions": [0.28125, 0.21875, 0.25, 0.25], "modes": 4, "quality_mode_fractions": [0.21875, 0.21875, 0.21875, 0.21875]}, "hq": 0.90625, "mean_rmse": 0.048610519617795944, "mode_fractions": [0.25, 0.25, 0.25, 0.25], "modes": 4, "quality_mode_fractions": [0.21875, 0.25, 0.21875, 0.21875], "seconds": 5.0752206549514085, "step": 450}, {"distribution_tv": 0.03125, "ema": {"distribution_tv": 0.0, "hq": 0.875, "mean_rmse": 0.05585490167140961, "mode_fractions": [0.25, 0.25, 0.25, 0.25], "modes": 4, "quality_mode_fractions": [0.21875, 0.21875, 0.21875, 0.21875]}, "hq": 0.9375, "mean_rmse": 0.0394354909658432, "mode_fractions": [0.25, 0.25, 0.21875, 0.28125], "modes": 4, "quality_mode_fractions": [0.25, 0.25, 0.21875, 0.21875], "seconds": 5.341281377943233, "step": 475}, {"distribution_tv": 0.03125, "ema": {"distribution_tv": 0.03125, "hq": 0.875, "mean_rmse": 0.05444396659731865, "mode_fractions": [0.21875, 0.28125, 0.25, 0.25], "modes": 4, "quality_mode_fractions": [0.21875, 0.21875, 0.21875, 0.21875]}, "hq": 0.96875, "mean_rmse": 0.03782886639237404, "mode_fractions": [0.25, 0.28125, 0.21875, 0.25], "modes": 4, "quality_mode_fractions": [0.25, 0.25, 0.21875, 0.25], "seconds": 5.621815921971574, "step": 500}, {"distribution_tv": 0.03125, "ema": {"distribution_tv": 0.03125, "hq": 0.875, "mean_rmse": 0.052172303199768066, "mode_fractions": [0.21875, 0.25, 0.25, 0.28125], "modes": 4, "quality_mode_fractions": [0.21875, 0.21875, 0.21875, 0.21875]}, "hq": 0.96875, "mean_rmse": 0.03564445674419403, "mode_fractions": [0.25, 0.25, 0.21875, 0.28125], "modes": 4, "quality_mode_fractions": [0.25, 0.25, 0.21875, 0.25], "seconds": 5.901078041875735, "step": 525}, {"distribution_tv": 0.03125, "ema": {"distribution_tv": 0.0, "hq": 0.90625, "mean_rmse": 0.04988332837820053, "mode_fractions": [0.25, 0.25, 0.25, 0.25], "modes": 4, "quality_mode_fractions": [0.21875, 0.25, 0.21875, 0.21875]}, "hq": 1.0, "mean_rmse": 0.03247293457388878, "mode_fractions": [0.25, 0.25, 0.21875, 0.28125], "modes": 4, "quality_mode_fractions": [0.25, 0.25, 0.21875, 0.28125], "seconds": 6.188102293992415, "step": 550}, {"distribution_tv": 0.03125, "ema": {"distribution_tv": 0.0, "hq": 0.90625, "mean_rmse": 0.04594601318240166, "mode_fractions": [0.25, 0.25, 0.25, 0.25], "modes": 4, "quality_mode_fractions": [0.21875, 0.25, 0.21875, 0.21875]}, "hq": 0.96875, "mean_rmse": 0.035253819078207016, "mode_fractions": [0.25, 0.25, 0.21875, 0.28125], "modes": 4, "quality_mode_fractions": [0.25, 0.25, 0.21875, 0.25], "seconds": 6.46012008190155, "step": 575}, {"distribution_tv": 0.03125, "ema": {"distribution_tv": 0.03125, "hq": 0.9375, "mean_rmse": 0.043595340102910995, "mode_fractions": [0.28125, 0.25, 0.21875, 0.25], "modes": 4, "quality_mode_fractions": [0.21875, 0.25, 0.21875, 0.25]}, "hq": 1.0, "mean_rmse": 0.030816933140158653, "mode_fractions": [0.25, 0.25, 0.21875, 0.28125], "modes": 4, "quality_mode_fractions": [0.25, 0.25, 0.21875, 0.28125], "seconds": 6.829085177043453, "step": 600}], "verdict": {"attempted": true, "confirmation_fraction": 0.7083333333333334, "convergence": {"complete": true, "confirmed_seconds": 4.782299007056281, "confirmed_step": 425, "first_pass_step": 325, "minimum_stable_checks": 5, "observations": 24, "passing_observations": 12, "passing_suffix": 12, "stable_from_seconds": 3.651085020042956, "stable_from_step": 325}, "metrics": [{"margin": 0, "metric": "modes", "op": ">=", "status": "PASS", "threshold": 4, "value": 4}, {"margin": 0.09999999999999998, "metric": "hq", "op": ">=", "status": "PASS", "threshold": 0.9, "value": 1.0}], "passed": true, "shortfall": 0.0, "status": "PASS"}}, "seconds": 6.960732972016558, "status": "PASS"}, {"artifact": "/ml2/hypergan/gan-attempts/batch-20260924T153037Z/critic_signal/20260924T153037Z-1298555/repo/reports/toy100/critic_signal_attempt/batch-h/h_n05r06_mixup_c0p01_lr15/img_intensity2/episodes/h_n05r06_mixup_c0p01_lr15__img_intensity2.json.gz", "candidate": "h_n05r06_mixup_c0p01_lr15", "checkpoint_sha256": "b4ffa874e0e3915608b79bdc938db8e5e74fe4a9460a4921e45fe2e6475c54ee", "gate": "img_intensity2", "metrics": {"frozen_evidence_audit": "PASS", "live": {"distribution_tv": 0.03125, "hq": 0.96875, "mean_rmse": 0.04345317929983139, "mode_fractions": [0.53125, 0.46875], "modes": 2, "quality_mode_fractions": [0.53125, 0.4375]}, "observations": [{"distribution_tv": 0.25, "ema": {"distribution_tv": 0.5, "hq": 0.0, "mean_rmse": 0.42643994092941284, "mode_fractions": [1.0, 0.0], "modes": 0, "quality_mode_fractions": [0.0, 0.0]}, "hq": 0.0, "mean_rmse": 0.12491031736135483, "mode_fractions": [0.25, 0.75], "modes": 0, "quality_mode_fractions": [0.0, 0.0], "seconds": 0.27673854888416827, "step": 25}, {"distribution_tv": 0.03125, "ema": {"distribution_tv": 0.4375, "hq": 0.0, "mean_rmse": 0.4010193645954132, "mode_fractions": [0.9375, 0.0625], "modes": 0, "quality_mode_fractions": [0.0, 0.0]}, "hq": 0.34375, "mean_rmse": 0.08620108664035797, "mode_fractions": [0.46875, 0.53125], "modes": 1, "quality_mode_fractions": [0.03125, 0.3125], "seconds": 0.5539013990201056, "step": 50}, {"distribution_tv": 0.0, "ema": {"distribution_tv": 0.375, "hq": 0.0, "mean_rmse": 0.3673246204853058, "mode_fractions": [0.875, 0.125], "modes": 0, "quality_mode_fractions": [0.0, 0.0]}, "hq": 0.21875, "mean_rmse": 0.08358800411224365, "mode_fractions": [0.5, 0.5], "modes": 0, "quality_mode_fractions": [0.03125, 0.1875], "seconds": 0.8279966958798468, "step": 75}, {"distribution_tv": 0.09375, "ema": {"distribution_tv": 0.375, "hq": 0.0, "mean_rmse": 0.3262973725795746, "mode_fractions": [0.875, 0.125], "modes": 0, "quality_mode_fractions": [0.0, 0.0]}, "hq": 0.3125, "mean_rmse": 0.08161944895982742, "mode_fractions": [0.59375, 0.40625], "modes": 0, "quality_mode_fractions": [0.09375, 0.21875], "seconds": 1.103450559079647, "step": 100}, {"distribution_tv": 0.125, "ema": {"distribution_tv": 0.34375, "hq": 0.0, "mean_rmse": 0.28180819749832153, "mode_fractions": [0.84375, 0.15625], "modes": 0, "quality_mode_fractions": [0.0, 0.0]}, "hq": 0.40625, "mean_rmse": 0.0690186619758606, "mode_fractions": [0.625, 0.375], "modes": 1, "quality_mode_fractions": [0.3125, 0.09375], "seconds": 1.3767275919672102, "step": 125}, {"distribution_tv": 0.0, "ema": {"distribution_tv": 0.3125, "hq": 0.0, "mean_rmse": 0.23693111538887024, "mode_fractions": [0.8125, 0.1875], "modes": 0, "quality_mode_fractions": [0.0, 0.0]}, "hq": 0.34375, "mean_rmse": 0.07143140584230423, "mode_fractions": [0.5, 0.5], "modes": 1, "quality_mode_fractions": [0.0625, 0.28125], "seconds": 1.6483107889071107, "step": 150}, {"distribution_tv": 0.125, "ema": {"distribution_tv": 0.3125, "hq": 0.0, "mean_rmse": 0.1980634480714798, "mode_fractions": [0.8125, 0.1875], "modes": 0, "quality_mode_fractions": [0.0, 0.0]}, "hq": 0.53125, "mean_rmse": 0.06528615206480026, "mode_fractions": [0.625, 0.375], "modes": 1, "quality_mode_fractions": [0.375, 0.15625], "seconds": 1.9291070238687098, "step": 175}, {"distribution_tv": 0.0625, "ema": {"distribution_tv": 0.28125, "hq": 0.0, "mean_rmse": 0.16727246344089508, "mode_fractions": [0.78125, 0.21875], "modes": 0, "quality_mode_fractions": [0.0, 0.0]}, "hq": 0.4375, "mean_rmse": 0.06794143468141556, "mode_fractions": [0.4375, 0.5625], "modes": 1, "quality_mode_fractions": [0.09375, 0.34375], "seconds": 2.2136638360098004, "step": 200}, {"distribution_tv": 0.0625, "ema": {"distribution_tv": 0.21875, "hq": 0.0, "mean_rmse": 0.14173901081085205, "mode_fractions": [0.71875, 0.28125], "modes": 0, "quality_mode_fractions": [0.0, 0.0]}, "hq": 0.6875, "mean_rmse": 0.05608160048723221, "mode_fractions": [0.5625, 0.4375], "modes": 2, "quality_mode_fractions": [0.34375, 0.34375], "seconds": 2.498406938975677, "step": 225}, {"distribution_tv": 0.03125, "ema": {"distribution_tv": 0.125, "hq": 0.0, "mean_rmse": 0.12107708305120468, "mode_fractions": [0.625, 0.375], "modes": 0, "quality_mode_fractions": [0.0, 0.0]}, "hq": 0.59375, "mean_rmse": 0.05891207978129387, "mode_fractions": [0.53125, 0.46875], "modes": 2, "quality_mode_fractions": [0.25, 0.34375], "seconds": 2.774315054062754, "step": 250}, {"distribution_tv": 0.0625, "ema": {"distribution_tv": 0.125, "hq": 0.0625, "mean_rmse": 0.10361774265766144, "mode_fractions": [0.625, 0.375], "modes": 0, "quality_mode_fractions": [0.0, 0.0625]}, "hq": 0.90625, "mean_rmse": 0.04862760752439499, "mode_fractions": [0.5625, 0.4375], "modes": 2, "quality_mode_fractions": [0.53125, 0.375], "seconds": 3.049860608065501, "step": 275}, {"distribution_tv": 0.03125, "ema": {"distribution_tv": 0.125, "hq": 0.0625, "mean_rmse": 0.09244489669799805, "mode_fractions": [0.625, 0.375], "modes": 0, "quality_mode_fractions": [0.0, 0.0625]}, "hq": 0.65625, "mean_rmse": 0.05285107344388962, "mode_fractions": [0.53125, 0.46875], "modes": 2, "quality_mode_fractions": [0.28125, 0.375], "seconds": 3.3272726088762283, "step": 300}, {"distribution_tv": 0.03125, "ema": {"distribution_tv": 0.125, "hq": 0.15625, "mean_rmse": 0.08214748650789261, "mode_fractions": [0.625, 0.375], "modes": 0, "quality_mode_fractions": [0.03125, 0.125]}, "hq": 0.84375, "mean_rmse": 0.046085815876722336, "mode_fractions": [0.53125, 0.46875], "modes": 2, "quality_mode_fractions": [0.46875, 0.375], "seconds": 3.6010041940025985, "step": 325}, {"distribution_tv": 0.0625, "ema": {"distribution_tv": 0.0625, "hq": 0.3125, "mean_rmse": 0.07429838180541992, "mode_fractions": [0.5625, 0.4375], "modes": 0, "quality_mode_fractions": [0.15625, 0.15625]}, "hq": 0.90625, "mean_rmse": 0.046342022716999054, "mode_fractions": [0.5625, 0.4375], "modes": 2, "quality_mode_fractions": [0.53125, 0.375], "seconds": 3.8861227189190686, "step": 350}, {"distribution_tv": 0.0625, "ema": {"distribution_tv": 0.0625, "hq": 0.4375, "mean_rmse": 0.06922034919261932, "mode_fractions": [0.5625, 0.4375], "modes": 0, "quality_mode_fractions": [0.21875, 0.21875]}, "hq": 0.6875, "mean_rmse": 0.054511602967977524, "mode_fractions": [0.5625, 0.4375], "modes": 2, "quality_mode_fractions": [0.375, 0.3125], "seconds": 4.193533988902345, "step": 375}, {"distribution_tv": 0.0625, "ema": {"distribution_tv": 0.03125, "hq": 0.5, "mean_rmse": 0.06368201971054077, "mode_fractions": [0.53125, 0.46875], "modes": 1, "quality_mode_fractions": [0.28125, 0.21875]}, "hq": 0.9375, "mean_rmse": 0.04679342359304428, "mode_fractions": [0.5625, 0.4375], "modes": 2, "quality_mode_fractions": [0.53125, 0.40625], "seconds": 4.498933559982106, "step": 400}, {"distribution_tv": 0.03125, "ema": {"distribution_tv": 0.0625, "hq": 0.5625, "mean_rmse": 0.06065324693918228, "mode_fractions": [0.5625, 0.4375], "modes": 2, "quality_mode_fractions": [0.3125, 0.25]}, "hq": 0.9375, "mean_rmse": 0.043105512857437134, "mode_fractions": [0.53125, 0.46875], "modes": 2, "quality_mode_fractions": [0.53125, 0.40625], "seconds": 4.776535073062405, "step": 425}, {"distribution_tv": 0.03125, "ema": {"distribution_tv": 0.03125, "hq": 0.65625, "mean_rmse": 0.05729414522647858, "mode_fractions": [0.53125, 0.46875], "modes": 2, "quality_mode_fractions": [0.375, 0.28125]}, "hq": 0.90625, "mean_rmse": 0.04374163597822189, "mode_fractions": [0.53125, 0.46875], "modes": 2, "quality_mode_fractions": [0.53125, 0.375], "seconds": 5.062422099988908, "step": 450}, {"distribution_tv": 0.03125, "ema": {"distribution_tv": 0.03125, "hq": 0.78125, "mean_rmse": 0.054285597056150436, "mode_fractions": [0.53125, 0.46875], "modes": 2, "quality_mode_fractions": [0.5, 0.28125]}, "hq": 0.90625, "mean_rmse": 0.04475890100002289, "mode_fractions": [0.53125, 0.46875], "modes": 2, "quality_mode_fractions": [0.53125, 0.375], "seconds": 5.338516056071967, "step": 475}, {"distribution_tv": 0.03125, "ema": {"distribution_tv": 0.03125, "hq": 0.84375, "mean_rmse": 0.05112868547439575, "mode_fractions": [0.53125, 0.46875], "modes": 2, "quality_mode_fractions": [0.5, 0.34375]}, "hq": 0.9375, "mean_rmse": 0.039804406464099884, "mode_fractions": [0.53125, 0.46875], "modes": 2, "quality_mode_fractions": [0.53125, 0.40625], "seconds": 5.623527419986203, "step": 500}, {"distribution_tv": 0.03125, "ema": {"distribution_tv": 0.03125, "hq": 0.875, "mean_rmse": 0.04805482178926468, "mode_fractions": [0.53125, 0.46875], "modes": 2, "quality_mode_fractions": [0.53125, 0.34375]}, "hq": 0.9375, "mean_rmse": 0.040735211223363876, "mode_fractions": [0.53125, 0.46875], "modes": 2, "quality_mode_fractions": [0.5, 0.4375], "seconds": 5.9239901199471205, "step": 525}, {"distribution_tv": 0.03125, "ema": {"distribution_tv": 0.03125, "hq": 0.90625, "mean_rmse": 0.04727013409137726, "mode_fractions": [0.53125, 0.46875], "modes": 2, "quality_mode_fractions": [0.53125, 0.375]}, "hq": 0.9375, "mean_rmse": 0.04111161828041077, "mode_fractions": [0.53125, 0.46875], "modes": 2, "quality_mode_fractions": [0.53125, 0.40625], "seconds": 6.226326267933473, "step": 550}, {"distribution_tv": 0.03125, "ema": {"distribution_tv": 0.03125, "hq": 0.90625, "mean_rmse": 0.044281940907239914, "mode_fractions": [0.53125, 0.46875], "modes": 2, "quality_mode_fractions": [0.53125, 0.375]}, "hq": 0.9375, "mean_rmse": 0.045204341411590576, "mode_fractions": [0.53125, 0.46875], "modes": 2, "quality_mode_fractions": [0.53125, 0.40625], "seconds": 6.5359570879954845, "step": 575}, {"distribution_tv": 0.03125, "ema": {"distribution_tv": 0.03125, "hq": 0.9375, "mean_rmse": 0.04464009404182434, "mode_fractions": [0.53125, 0.46875], "modes": 2, "quality_mode_fractions": [0.53125, 0.40625]}, "hq": 0.96875, "mean_rmse": 0.04345317929983139, "mode_fractions": [0.53125, 0.46875], "modes": 2, "quality_mode_fractions": [0.53125, 0.4375], "seconds": 6.936636908911169, "step": 600}], "verdict": {"attempted": true, "confirmation_fraction": 0.8333333333333334, "convergence": {"complete": true, "confirmed_seconds": 5.623527419986203, "confirmed_step": 500, "first_pass_step": 275, "minimum_stable_checks": 5, "observations": 24, "passing_observations": 11, "passing_suffix": 9, "stable_from_seconds": 4.498933559982106, "stable_from_step": 400}, "metrics": [{"margin": 0, "metric": "modes", "op": ">=", "status": "PASS", "threshold": 2, "value": 2}, {"margin": 0.06874999999999998, "metric": "hq", "op": ">=", "status": "PASS", "threshold": 0.9, "value": 0.96875}], "passed": true, "shortfall": 0.0, "status": "PASS"}}, "seconds": 7.070599494036287, "status": "PASS"}, {"artifact": "/ml2/hypergan/gan-attempts/batch-20260924T153037Z/critic_signal/20260924T153037Z-1298555/repo/reports/toy100/critic_signal_attempt/batch-h/h_n05r06_mixup_c0p01_lr15/vector_unequal_mass/episodes/h_n05r06_mixup_c0p01_lr15__vector_unequal_mass.json.gz", "candidate": "h_n05r06_mixup_c0p01_lr15", "checkpoint_sha256": "8d15a9ed7eaf74a857ae2dde7a039f9ec8da958725e9f748953bf8ea8a60f3d3", "gate": "vector_unequal_mass", "metrics": {"frozen_evidence_audit": "PASS", "live": {"component_counts": [2423, 1226, 380, 67], "component_covariance_error": 0.41707606986165047, "component_covariance_errors": [0.19064335525035858, 0.28675827383995056, 0.29806995391845703, 0.8928326964378357], "component_mass": [0.591552734375, 0.29931640625, 0.0927734375, 0.016357421875], "component_min_eigen_ratio": 0.5786148905754089, "covariance_error": 0.05248043313622475, "hq": 0.98779296875, "mass_tv": 0.04155272990465164, "mean_error": 0.05446142330765724, "min_mass_ratio": 0.713641881942749, "sample_count": 4096, "sw1_normalized": 0.054239543613519826, "target_mass": [0.550000011920929, 0.30000001192092896, 0.12999999523162842, 0.019999999552965164], "target_scale": 1.7593294382095337}, "observations": [{"component_counts": [2803, 1293, 0, 0], "component_covariance_error": 5.0273497104644775, "component_covariance_errors": [8.88701057434082, 9.22238826751709, 1.0, 1.0], "component_mass": [0.684326171875, 0.315673828125, 0.0, 0.0], "component_min_eigen_ratio": 0.0, "covariance_error": 0.43703970313072205, "ema": {"component_counts": [1362, 199, 1980, 555], "component_covariance_error": 0.8954451978206635, "component_covariance_errors": [0.8626115322113037, 0.9528953433036804, 0.8468878269195557, 0.919386088848114], "component_mass": [0.33251953125, 0.048583984375, 0.4833984375, 0.135498046875], "component_min_eigen_ratio": 0.02676752582192421, "covariance_error": 0.9939126968383789, "hq": 0.0, "mass_tv": 0.4688965082168579, "mean_error": 0.6768540740013123, "min_mass_ratio": 0.1619466096162796, "sample_count": 4096, "sw1_normalized": 0.7195330770937759, "target_mass": [0.550000011920929, 0.30000001192092896, 0.12999999523162842, 0.019999999552965164], "target_scale": 1.7593294382095337}, "hq": 0.334228515625, "mass_tv": 0.14999999105930328, "mean_error": 0.12636393308639526, "min_mass_ratio": 0.0, "sample_count": 4096, "seconds": 0.9750212370418012, "step": 50, "sw1_normalized": 0.19922807974482198, "target_mass": [0.550000011920929, 0.30000001192092896, 0.12999999523162842, 0.019999999552965164], "target_scale": 1.7593294382095337}, {"component_counts": [2803, 1293, 0, 0], "component_covariance_error": 1.8124379515647888, "component_covariance_errors": [2.415053367614746, 2.834698438644409, 1.0, 1.0], "component_mass": [0.684326171875, 0.315673828125, 0.0, 0.0], "component_min_eigen_ratio": 0.0, "covariance_error": 0.4737720787525177, "ema": {"component_counts": [2792, 1048, 203, 53], "component_covariance_error": 0.6375073492527008, "component_covariance_errors": [0.5025957822799683, 0.5233750343322754, 0.6728804707527161, 0.8511781096458435], "component_mass": [0.681640625, 0.255859375, 0.049560546875, 0.012939453125], "component_min_eigen_ratio": 0.030819972977042198, "covariance_error": 0.9695936441421509, "hq": 0.0, "mass_tv": 0.13164062798023224, "mean_error": 0.5504466891288757, "min_mass_ratio": 0.3812350034713745, "sample_count": 4096, "sw1_normalized": 0.6359073946399744, "target_mass": [0.550000011920929, 0.30000001192092896, 0.12999999523162842, 0.019999999552965164], "target_scale": 1.7593294382095337}, "hq": 0.830078125, "mass_tv": 0.14999999105930328, "mean_error": 0.23474274575710297, "min_mass_ratio": 0.0, "sample_count": 4096, "seconds": 1.9419788599479944, "step": 100, "sw1_normalized": 0.16474381408459293, "target_mass": [0.550000011920929, 0.30000001192092896, 0.12999999523162842, 0.019999999552965164], "target_scale": 1.7593294382095337}, {"component_counts": [2610, 1255, 193, 38], "component_covariance_error": 11.828725695610046, "component_covariance_errors": [4.065645217895508, 3.3467421531677246, 10.962739944458008, 28.939775466918945], "component_mass": [0.63720703125, 0.306396484375, 0.047119140625, 0.00927734375], "component_min_eigen_ratio": 1.9407931566238403, "covariance_error": 0.2731623351573944, "ema": {"component_counts": [2771, 1260, 46, 19], "component_covariance_error": 0.749755971133709, "component_covariance_errors": [0.3330707252025604, 0.363275945186615, 1.3104920387268066, 0.9921851754188538], "component_mass": [0.676513671875, 0.3076171875, 0.01123046875, 0.004638671875], "component_min_eigen_ratio": 0.003767624031752348, "covariance_error": 0.9237085580825806, "hq": 0.0, "mass_tv": 0.13413085043430328, "mean_error": 0.4267813563346863, "min_mass_ratio": 0.08638822287321091, "sample_count": 4096, "sw1_normalized": 0.5490523145411149, "target_mass": [0.550000011920929, 0.30000001192092896, 0.12999999523162842, 0.019999999552965164], "target_scale": 1.7593294382095337}, "hq": 0.720458984375, "mass_tv": 0.09360349923372269, "mean_error": 0.1051606610417366, "min_mass_ratio": 0.36245495080947876, "sample_count": 4096, "seconds": 2.937086052959785, "step": 150, "sw1_normalized": 0.10278631721418251, "target_mass": [0.550000011920929, 0.30000001192092896, 0.12999999523162842, 0.019999999552965164], "target_scale": 1.7593294382095337}, {"component_counts": [2423, 1226, 380, 67], "component_covariance_error": 4.560454070568085, "component_covariance_errors": [0.6544419527053833, 0.4584437608718872, 7.4309306144714355, 9.697999954223633], "component_mass": [0.591552734375, 0.29931640625, 0.0927734375, 0.016357421875], "component_min_eigen_ratio": 1.1994907855987549, "covariance_error": 0.09740830212831497, "ema": {"component_counts": [2689, 1272, 114, 21], "component_covariance_error": 0.6821542307734489, "component_covariance_errors": [0.4315923750400543, 0.6483307480812073, 0.8295546174049377, 0.8191391825675964], "component_mass": [0.656494140625, 0.310546875, 0.02783203125, 0.005126953125], "component_min_eigen_ratio": 0.017763085663318634, "covariance_error": 0.8556210994720459, "hq": 0.0, "mass_tv": 0.11704099923372269, "mean_error": 0.33056679368019104, "min_mass_ratio": 0.21409255266189575, "sample_count": 4096, "sw1_normalized": 0.4649827809050146, "target_mass": [0.550000011920929, 0.30000001192092896, 0.12999999523162842, 0.019999999552965164], "target_scale": 1.7593294382095337}, "hq": 0.897216796875, "mass_tv": 0.04155272990465164, "mean_error": 0.030629422515630722, "min_mass_ratio": 0.713641881942749, "sample_count": 4096, "seconds": 3.9279867890290916, "step": 200, "sw1_normalized": 0.05470327764160228, "target_mass": [0.550000011920929, 0.30000001192092896, 0.12999999523162842, 0.019999999552965164], "target_scale": 1.7593294382095337}, {"component_counts": [2423, 1226, 380, 67], "component_covariance_error": 1.8826242703944445, "component_covariance_errors": [0.06430947035551071, 0.14599932730197906, 3.317795991897583, 4.002392292022705], "component_mass": [0.591552734375, 0.29931640625, 0.0927734375, 0.016357421875], "component_min_eigen_ratio": 0.9393617510795593, "covariance_error": 0.11836951225996017, "ema": {"component_counts": [2529, 1239, 274, 54], "component_covariance_error": 0.6612737625837326, "component_covariance_errors": [0.46144044399261475, 0.8205061554908752, 0.8865422010421753, 0.47660624980926514], "component_mass": [0.617431640625, 0.302490234375, 0.06689453125, 0.01318359375], "component_min_eigen_ratio": 0.7709054946899414, "covariance_error": 0.7727921605110168, "hq": 0.011474609375, "mass_tv": 0.06992185860872269, "mean_error": 0.24973797798156738, "min_mass_ratio": 0.514573335647583, "sample_count": 4096, "sw1_normalized": 0.38777571302976455, "target_mass": [0.550000011920929, 0.30000001192092896, 0.12999999523162842, 0.019999999552965164], "target_scale": 1.7593294382095337}, "hq": 0.93896484375, "mass_tv": 0.04155272990465164, "mean_error": 0.12202028185129166, "min_mass_ratio": 0.713641881942749, "sample_count": 4096, "seconds": 4.901937850983813, "step": 250, "sw1_normalized": 0.09152186985989264, "target_mass": [0.550000011920929, 0.30000001192092896, 0.12999999523162842, 0.019999999552965164], "target_scale": 1.7593294382095337}, {"component_counts": [2423, 1226, 380, 67], "component_covariance_error": 1.2880768179893494, "component_covariance_errors": [0.06872032582759857, 0.1397261768579483, 1.8636598587036133, 3.0802009105682373], "component_mass": [0.591552734375, 0.29931640625, 0.0927734375, 0.016357421875], "component_min_eigen_ratio": 0.5768815875053406, "covariance_error": 0.10636724531650543, "ema": {"component_counts": [2454, 1226, 349, 67], "component_covariance_error": 1.7025013789534569, "component_covariance_errors": [0.3428831994533539, 0.5867059230804443, 1.4856133460998535, 4.394803047180176], "component_mass": [0.59912109375, 0.29931640625, 0.085205078125, 0.016357421875], "component_min_eigen_ratio": 0.9072940349578857, "covariance_error": 0.6836222410202026, "hq": 0.058349609375, "mass_tv": 0.04912108927965164, "mean_error": 0.1861467957496643, "min_mass_ratio": 0.6554237008094788, "sample_count": 4096, "sw1_normalized": 0.3205143537630456, "target_mass": [0.550000011920929, 0.30000001192092896, 0.12999999523162842, 0.019999999552965164], "target_scale": 1.7593294382095337}, "hq": 0.949462890625, "mass_tv": 0.04155272990465164, "mean_error": 0.029577143490314484, "min_mass_ratio": 0.713641881942749, "sample_count": 4096, "seconds": 5.939207115909085, "step": 300, "sw1_normalized": 0.04666350178627995, "target_mass": [0.550000011920929, 0.30000001192092896, 0.12999999523162842, 0.019999999552965164], "target_scale": 1.7593294382095337}, {"component_counts": [2423, 1226, 380, 67], "component_covariance_error": 0.9789853822439909, "component_covariance_errors": [0.08379615098237991, 0.14170317351818085, 0.9754873514175415, 2.7149548530578613], "component_mass": [0.591552734375, 0.29931640625, 0.0927734375, 0.016357421875], "component_min_eigen_ratio": 0.14803546667099, "covariance_error": 0.09225068986415863, "ema": {"component_counts": [2423, 1226, 380, 67], "component_covariance_error": 1.6876834258437157, "component_covariance_errors": [0.27039292454719543, 0.5077247023582458, 1.7116464376449585, 4.260969638824463], "component_mass": [0.591552734375, 0.29931640625, 0.0927734375, 0.016357421875], "component_min_eigen_ratio": 0.8763675093650818, "covariance_error": 0.5953693985939026, "hq": 0.2099609375, "mass_tv": 0.04155272990465164, "mean_error": 0.13517193496227264, "min_mass_ratio": 0.713641881942749, "sample_count": 4096, "sw1_normalized": 0.2633878844652086, "target_mass": [0.550000011920929, 0.30000001192092896, 0.12999999523162842, 0.019999999552965164], "target_scale": 1.7593294382095337}, "hq": 0.950439453125, "mass_tv": 0.04155272990465164, "mean_error": 0.053224314004182816, "min_mass_ratio": 0.713641881942749, "sample_count": 4096, "seconds": 7.017947188112885, "step": 350, "sw1_normalized": 0.06215510567764296, "target_mass": [0.550000011920929, 0.30000001192092896, 0.12999999523162842, 0.019999999552965164], "target_scale": 1.7593294382095337}, {"component_counts": [2423, 1226, 380, 67], "component_covariance_error": 0.8715806230902672, "component_covariance_errors": [0.08442658185958862, 0.14631322026252747, 0.6867295503616333, 2.5688531398773193], "component_mass": [0.591552734375, 0.29931640625, 0.0927734375, 0.016357421875], "component_min_eigen_ratio": 0.17667563259601593, "covariance_error": 0.09029515087604523, "ema": {"component_counts": [2423, 1226, 380, 67], "component_covariance_error": 1.5508832596242428, "component_covariance_errors": [0.20228563249111176, 0.4016813039779663, 1.6333788633346558, 3.9661872386932373], "component_mass": [0.591552734375, 0.29931640625, 0.0927734375, 0.016357421875], "component_min_eigen_ratio": 0.9010223746299744, "covariance_error": 0.5105575919151306, "hq": 0.421630859375, "mass_tv": 0.04155272990465164, "mean_error": 0.0966382771730423, "min_mass_ratio": 0.713641881942749, "sample_count": 4096, "sw1_normalized": 0.215824560036454, "target_mass": [0.550000011920929, 0.30000001192092896, 0.12999999523162842, 0.019999999552965164], "target_scale": 1.7593294382095337}, "hq": 0.966552734375, "mass_tv": 0.04155272990465164, "mean_error": 0.044734109193086624, "min_mass_ratio": 0.713641881942749, "sample_count": 4096, "seconds": 8.045141909038648, "step": 400, "sw1_normalized": 0.0428837368061755, "target_mass": [0.550000011920929, 0.30000001192092896, 0.12999999523162842, 0.019999999552965164], "target_scale": 1.7593294382095337}, {"component_counts": [2423, 1226, 380, 67], "component_covariance_error": 0.8753987215459347, "component_covariance_errors": [0.10269567370414734, 0.20359887182712555, 0.5464906692504883, 2.6488096714019775], "component_mass": [0.591552734375, 0.29931640625, 0.0927734375, 0.016357421875], "component_min_eigen_ratio": 0.30854177474975586, "covariance_error": 0.09505939483642578, "ema": {"component_counts": [2423, 1226, 380, 67], "component_covariance_error": 1.3876363523304462, "component_covariance_errors": [0.14645834267139435, 0.28201186656951904, 1.4662681818008423, 3.6558070182800293], "component_mass": [0.591552734375, 0.29931640625, 0.0927734375, 0.016357421875], "component_min_eigen_ratio": 0.90125572681427, "covariance_error": 0.43367427587509155, "hq": 0.592529296875, "mass_tv": 0.04155272990465164, "mean_error": 0.06514522433280945, "min_mass_ratio": 0.713641881942749, "sample_count": 4096, "sw1_normalized": 0.1764499020044619, "target_mass": [0.550000011920929, 0.30000001192092896, 0.12999999523162842, 0.019999999552965164], "target_scale": 1.7593294382095337}, "hq": 0.972900390625, "mass_tv": 0.04155272990465164, "mean_error": 0.07192196696996689, "min_mass_ratio": 0.713641881942749, "sample_count": 4096, "seconds": 9.077905514044687, "step": 450, "sw1_normalized": 0.05422602158442777, "target_mass": [0.550000011920929, 0.30000001192092896, 0.12999999523162842, 0.019999999552965164], "target_scale": 1.7593294382095337}, {"component_counts": [2423, 1226, 380, 67], "component_covariance_error": 1.0115488655865192, "component_covariance_errors": [0.14730297029018402, 0.25448712706565857, 0.5690121650695801, 3.0753931999206543], "component_mass": [0.591552734375, 0.29931640625, 0.0927734375, 0.016357421875], "component_min_eigen_ratio": 0.6279169917106628, "covariance_error": 0.06302189081907272, "ema": {"component_counts": [2423, 1226, 380, 67], "component_covariance_error": 1.2366792019456625, "component_covariance_errors": [0.10977201908826828, 0.17330703139305115, 1.2509263753890991, 3.4127113819122314], "component_mass": [0.591552734375, 0.29931640625, 0.0927734375, 0.016357421875], "component_min_eigen_ratio": 0.8912803530693054, "covariance_error": 0.3669362962245941, "hq": 0.7509765625, "mass_tv": 0.04155272990465164, "mean_error": 0.041184548288583755, "min_mass_ratio": 0.713641881942749, "sample_count": 4096, "sw1_normalized": 0.14525403458725838, "target_mass": [0.550000011920929, 0.30000001192092896, 0.12999999523162842, 0.019999999552965164], "target_scale": 1.7593294382095337}, "hq": 0.96435546875, "mass_tv": 0.04155272990465164, "mean_error": 0.07639474421739578, "min_mass_ratio": 0.713641881942749, "sample_count": 4096, "seconds": 10.072311104042456, "step": 500, "sw1_normalized": 0.061511655286084294, "target_mass": [0.550000011920929, 0.30000001192092896, 0.12999999523162842, 0.019999999552965164], "target_scale": 1.7593294382095337}, {"component_counts": [2423, 1226, 380, 67], "component_covariance_error": 0.6809581518173218, "component_covariance_errors": [0.17204853892326355, 0.28972992300987244, 0.40422219038009644, 1.8578319549560547], "component_mass": [0.591552734375, 0.29931640625, 0.0927734375, 0.016357421875], "component_min_eigen_ratio": 0.3383053243160248, "covariance_error": 0.06835337728261948, "ema": {"component_counts": [2423, 1226, 380, 67], "component_covariance_error": 1.0684692785143852, "component_covariance_errors": [0.09254215657711029, 0.08702276647090912, 1.0549378395080566, 3.039374351501465], "component_mass": [0.591552734375, 0.29931640625, 0.0927734375, 0.016357421875], "component_min_eigen_ratio": 0.8239306807518005, "covariance_error": 0.3113342523574829, "hq": 0.873779296875, "mass_tv": 0.04155272990465164, "mean_error": 0.02090143971145153, "min_mass_ratio": 0.713641881942749, "sample_count": 4096, "sw1_normalized": 0.11943614028014697, "target_mass": [0.550000011920929, 0.30000001192092896, 0.12999999523162842, 0.019999999552965164], "target_scale": 1.7593294382095337}, "hq": 0.97900390625, "mass_tv": 0.04155272990465164, "mean_error": 0.026744086295366287, "min_mass_ratio": 0.713641881942749, "sample_count": 4096, "seconds": 11.053496668115258, "step": 550, "sw1_normalized": 0.0478434713966524, "target_mass": [0.550000011920929, 0.30000001192092896, 0.12999999523162842, 0.019999999552965164], "target_scale": 1.7593294382095337}, {"component_counts": [2423, 1226, 380, 67], "component_covariance_error": 0.5282286405563354, "component_covariance_errors": [0.10849452018737793, 0.27477532625198364, 0.25461751222610474, 1.4750272035598755], "component_mass": [0.591552734375, 0.29931640625, 0.0927734375, 0.016357421875], "component_min_eigen_ratio": 0.5158951282501221, "covariance_error": 0.1157466471195221, "ema": {"component_counts": [2423, 1226, 380, 67], "component_covariance_error": 0.9175931196659803, "component_covariance_errors": [0.09618700295686722, 0.07779614627361298, 0.8620395064353943, 2.634349822998047], "component_mass": [0.591552734375, 0.29931640625, 0.0927734375, 0.016357421875], "component_min_eigen_ratio": 0.6981881856918335, "covariance_error": 0.2649132311344147, "hq": 0.931640625, "mass_tv": 0.04155272990465164, "mean_error": 0.007082668133080006, "min_mass_ratio": 0.713641881942749, "sample_count": 4096, "sw1_normalized": 0.10004659234703125, "target_mass": [0.550000011920929, 0.30000001192092896, 0.12999999523162842, 0.019999999552965164], "target_scale": 1.7593294382095337}, "hq": 0.98779296875, "mass_tv": 0.04155272990465164, "mean_error": 0.07232706993818283, "min_mass_ratio": 0.713641881942749, "sample_count": 4096, "seconds": 12.067709252936766, "step": 600, "sw1_normalized": 0.05571376240189859, "target_mass": [0.550000011920929, 0.30000001192092896, 0.12999999523162842, 0.019999999552965164], "target_scale": 1.7593294382095337}, {"component_counts": [2423, 1226, 380, 67], "component_covariance_error": 0.5420023538172245, "component_covariance_errors": [0.1402396410703659, 0.27802878618240356, 0.28629639744758606, 1.4634445905685425], "component_mass": [0.591552734375, 0.29931640625, 0.0927734375, 0.016357421875], "component_min_eigen_ratio": 0.6071891784667969, "covariance_error": 0.08168287575244904, "ema": {"component_counts": [2423, 1226, 380, 67], "component_covariance_error": 0.8019786477088928, "component_covariance_errors": [0.10149175673723221, 0.11590515822172165, 0.6928156018257141, 2.2977020740509033], "component_mass": [0.591552734375, 0.29931640625, 0.0927734375, 0.016357421875], "component_min_eigen_ratio": 0.6473895311355591, "covariance_error": 0.2280782014131546, "hq": 0.958251953125, "mass_tv": 0.04155272990465164, "mean_error": 0.00668067391961813, "min_mass_ratio": 0.713641881942749, "sample_count": 4096, "sw1_normalized": 0.08473703824790414, "target_mass": [0.550000011920929, 0.30000001192092896, 0.12999999523162842, 0.019999999552965164], "target_scale": 1.7593294382095337}, "hq": 0.972900390625, "mass_tv": 0.04155272990465164, "mean_error": 0.006051977165043354, "min_mass_ratio": 0.713641881942749, "sample_count": 4096, "seconds": 13.080210471060127, "step": 650, "sw1_normalized": 0.052143171735274836, "target_mass": [0.550000011920929, 0.30000001192092896, 0.12999999523162842, 0.019999999552965164], "target_scale": 1.7593294382095337}, {"component_counts": [2423, 1226, 380, 67], "component_covariance_error": 0.3958618938922882, "component_covariance_errors": [0.08224546909332275, 0.2945922911167145, 0.1942138373851776, 1.012395977973938], "component_mass": [0.591552734375, 0.29931640625, 0.0927734375, 0.016357421875], "component_min_eigen_ratio": 0.6066561341285706, "covariance_error": 0.11098361760377884, "ema": {"component_counts": [2423, 1226, 380, 67], "component_covariance_error": 0.6946729067713022, "component_covariance_errors": [0.10644520074129105, 0.15726593136787415, 0.5298699736595154, 1.9851105213165283], "component_mass": [0.591552734375, 0.29931640625, 0.0927734375, 0.016357421875], "component_min_eigen_ratio": 0.6160770058631897, "covariance_error": 0.19807127118110657, "hq": 0.973876953125, "mass_tv": 0.04155272990465164, "mean_error": 0.01552881021052599, "min_mass_ratio": 0.713641881942749, "sample_count": 4096, "sw1_normalized": 0.07284333587991862, "target_mass": [0.550000011920929, 0.30000001192092896, 0.12999999523162842, 0.019999999552965164], "target_scale": 1.7593294382095337}, "hq": 0.991455078125, "mass_tv": 0.04155272990465164, "mean_error": 0.06598833203315735, "min_mass_ratio": 0.713641881942749, "sample_count": 4096, "seconds": 14.046859143069014, "step": 700, "sw1_normalized": 0.05765898653810646, "target_mass": [0.550000011920929, 0.30000001192092896, 0.12999999523162842, 0.019999999552965164], "target_scale": 1.7593294382095337}, {"component_counts": [2423, 1226, 380, 67], "component_covariance_error": 0.6238142512738705, "component_covariance_errors": [0.12658658623695374, 0.21163734793663025, 0.17813442647457123, 1.9788986444473267], "component_mass": [0.591552734375, 0.29931640625, 0.0927734375, 0.016357421875], "component_min_eigen_ratio": 0.7356270551681519, "covariance_error": 0.11510397493839264, "ema": {"component_counts": [2423, 1226, 380, 67], "component_covariance_error": 0.6049898136407137, "component_covariance_errors": [0.10754332691431046, 0.18668165802955627, 0.3643319010734558, 1.7614023685455322], "component_mass": [0.591552734375, 0.29931640625, 0.0927734375, 0.016357421875], "component_min_eigen_ratio": 0.7660329937934875, "covariance_error": 0.17516246438026428, "hq": 0.98583984375, "mass_tv": 0.04155272990465164, "mean_error": 0.022660238668322563, "min_mass_ratio": 0.713641881942749, "sample_count": 4096, "sw1_normalized": 0.06384083644316005, "target_mass": [0.550000011920929, 0.30000001192092896, 0.12999999523162842, 0.019999999552965164], "target_scale": 1.7593294382095337}, "hq": 0.993408203125, "mass_tv": 0.04155272990465164, "mean_error": 0.06529626995325089, "min_mass_ratio": 0.713641881942749, "sample_count": 4096, "seconds": 14.99831415899098, "step": 750, "sw1_normalized": 0.05189838616509665, "target_mass": [0.550000011920929, 0.30000001192092896, 0.12999999523162842, 0.019999999552965164], "target_scale": 1.7593294382095337}, {"component_counts": [2423, 1226, 380, 67], "component_covariance_error": 0.6237419880926609, "component_covariance_errors": [0.13624835014343262, 0.24233494699001312, 0.2164340317249298, 1.899950623512268], "component_mass": [0.591552734375, 0.29931640625, 0.0927734375, 0.016357421875], "component_min_eigen_ratio": 0.686997652053833, "covariance_error": 0.10210968554019928, "ema": {"component_counts": [2423, 1226, 380, 67], "component_covariance_error": 0.5838137809187174, "component_covariance_errors": [0.11398804932832718, 0.20303961634635925, 0.25908350944519043, 1.7591439485549927], "component_mass": [0.591552734375, 0.29931640625, 0.0927734375, 0.016357421875], "component_min_eigen_ratio": 0.7418925762176514, "covariance_error": 0.15742120146751404, "hq": 0.99072265625, "mass_tv": 0.04155272990465164, "mean_error": 0.02797970548272133, "min_mass_ratio": 0.713641881942749, "sample_count": 4096, "sw1_normalized": 0.056945948303753983, "target_mass": [0.550000011920929, 0.30000001192092896, 0.12999999523162842, 0.019999999552965164], "target_scale": 1.7593294382095337}, "hq": 0.98828125, "mass_tv": 0.04155272990465164, "mean_error": 0.07980933040380478, "min_mass_ratio": 0.713641881942749, "sample_count": 4096, "seconds": 16.055667780106887, "step": 800, "sw1_normalized": 0.06677713256755086, "target_mass": [0.550000011920929, 0.30000001192092896, 0.12999999523162842, 0.019999999552965164], "target_scale": 1.7593294382095337}, {"component_counts": [2423, 1226, 380, 67], "component_covariance_error": 0.40651606768369675, "component_covariance_errors": [0.04912160336971283, 0.26010340452194214, 0.20707301795482635, 1.1097662448883057], "component_mass": [0.591552734375, 0.29931640625, 0.0927734375, 0.016357421875], "component_min_eigen_ratio": 0.6342596411705017, "covariance_error": 0.10852166265249252, "ema": {"component_counts": [2423, 1226, 380, 67], "component_covariance_error": 0.5405760742723942, "component_covariance_errors": [0.11713448166847229, 0.22137130796909332, 0.19617816805839539, 1.6276203393936157], "component_mass": [0.591552734375, 0.29931640625, 0.0927734375, 0.016357421875], "component_min_eigen_ratio": 0.7111507058143616, "covariance_error": 0.1437678039073944, "hq": 0.994140625, "mass_tv": 0.04155272990465164, "mean_error": 0.03267723694443703, "min_mass_ratio": 0.713641881942749, "sample_count": 4096, "sw1_normalized": 0.05185890844658862, "target_mass": [0.550000011920929, 0.30000001192092896, 0.12999999523162842, 0.019999999552965164], "target_scale": 1.7593294382095337}, "hq": 0.996337890625, "mass_tv": 0.04155272990465164, "mean_error": 0.03911973908543587, "min_mass_ratio": 0.713641881942749, "sample_count": 4096, "seconds": 17.051689577056095, "step": 850, "sw1_normalized": 0.04320942586641777, "target_mass": [0.550000011920929, 0.30000001192092896, 0.12999999523162842, 0.019999999552965164], "target_scale": 1.7593294382095337}, {"component_counts": [2423, 1226, 380, 67], "component_covariance_error": 0.40950287505984306, "component_covariance_errors": [0.181878462433815, 0.28961050510406494, 0.17191430926322937, 0.9946082234382629], "component_mass": [0.591552734375, 0.29931640625, 0.0927734375, 0.016357421875], "component_min_eigen_ratio": 0.6267386674880981, "covariance_error": 0.15030641853809357, "ema": {"component_counts": [2423, 1226, 380, 67], "component_covariance_error": 0.49137584678828716, "component_covariance_errors": [0.12002473324537277, 0.2336483746767044, 0.15869002044200897, 1.4531402587890625], "component_mass": [0.591552734375, 0.29931640625, 0.0927734375, 0.016357421875], "component_min_eigen_ratio": 0.6340956687927246, "covariance_error": 0.13193990290164948, "hq": 0.99462890625, "mass_tv": 0.04155272990465164, "mean_error": 0.035422615706920624, "min_mass_ratio": 0.713641881942749, "sample_count": 4096, "sw1_normalized": 0.04809057345599856, "target_mass": [0.550000011920929, 0.30000001192092896, 0.12999999523162842, 0.019999999552965164], "target_scale": 1.7593294382095337}, "hq": 0.9912109375, "mass_tv": 0.04155272990465164, "mean_error": 0.06403262913227081, "min_mass_ratio": 0.713641881942749, "sample_count": 4096, "seconds": 18.080720295896754, "step": 900, "sw1_normalized": 0.0701936322380758, "target_mass": [0.550000011920929, 0.30000001192092896, 0.12999999523162842, 0.019999999552965164], "target_scale": 1.7593294382095337}, {"component_counts": [2423, 1226, 380, 67], "component_covariance_error": 0.32730330154299736, "component_covariance_errors": [0.10817226767539978, 0.30983445048332214, 0.2070193737745285, 0.684187114238739], "component_mass": [0.591552734375, 0.29931640625, 0.0927734375, 0.016357421875], "component_min_eigen_ratio": 0.42659538984298706, "covariance_error": 0.08128377795219421, "ema": {"component_counts": [2423, 1226, 380, 67], "component_covariance_error": 0.4324421752244234, "component_covariance_errors": [0.11709833890199661, 0.24997025728225708, 0.15217053890228271, 1.2105295658111572], "component_mass": [0.591552734375, 0.29931640625, 0.0927734375, 0.016357421875], "component_min_eigen_ratio": 0.639853298664093, "covariance_error": 0.12258041650056839, "hq": 0.997802734375, "mass_tv": 0.04155272990465164, "mean_error": 0.037780992686748505, "min_mass_ratio": 0.713641881942749, "sample_count": 4096, "sw1_normalized": 0.045319065679878985, "target_mass": [0.550000011920929, 0.30000001192092896, 0.12999999523162842, 0.019999999552965164], "target_scale": 1.7593294382095337}, "hq": 0.998779296875, "mass_tv": 0.04155272990465164, "mean_error": 0.057294923812150955, "min_mass_ratio": 0.713641881942749, "sample_count": 4096, "seconds": 19.082170746056363, "step": 950, "sw1_normalized": 0.05780091914224683, "target_mass": [0.550000011920929, 0.30000001192092896, 0.12999999523162842, 0.019999999552965164], "target_scale": 1.7593294382095337}, {"component_counts": [2423, 1226, 380, 67], "component_covariance_error": 0.27785399556159973, "component_covariance_errors": [0.16627608239650726, 0.29231375455856323, 0.15430210530757904, 0.4985240399837494], "component_mass": [0.591552734375, 0.29931640625, 0.0927734375, 0.016357421875], "component_min_eigen_ratio": 0.49757441878318787, "covariance_error": 0.12310317903757095, "ema": {"component_counts": [2423, 1226, 380, 67], "component_covariance_error": 0.390988539904356, "component_covariance_errors": [0.11488604545593262, 0.25540226697921753, 0.14559100568294525, 1.0480748414993286], "component_mass": [0.591552734375, 0.29931640625, 0.0927734375, 0.016357421875], "component_min_eigen_ratio": 0.6103787422180176, "covariance_error": 0.11692973971366882, "hq": 0.999755859375, "mass_tv": 0.04155272990465164, "mean_error": 0.0395658016204834, "min_mass_ratio": 0.713641881942749, "sample_count": 4096, "sw1_normalized": 0.043061327250890596, "target_mass": [0.550000011920929, 0.30000001192092896, 0.12999999523162842, 0.019999999552965164], "target_scale": 1.7593294382095337}, "hq": 1.0, "mass_tv": 0.04155272990465164, "mean_error": 0.05009663105010986, "min_mass_ratio": 0.713641881942749, "sample_count": 4096, "seconds": 20.09398134192452, "step": 1000, "sw1_normalized": 0.045482651317137954, "target_mass": [0.550000011920929, 0.30000001192092896, 0.12999999523162842, 0.019999999552965164], "target_scale": 1.7593294382095337}, {"component_counts": [2423, 1226, 380, 67], "component_covariance_error": 0.28442289121448994, "component_covariance_errors": [0.09469377249479294, 0.16938064992427826, 0.21753939986228943, 0.6560777425765991], "component_mass": [0.591552734375, 0.29931640625, 0.0927734375, 0.016357421875], "component_min_eigen_ratio": 0.6986861824989319, "covariance_error": 0.08426566421985626, "ema": {"component_counts": [2423, 1226, 380, 67], "component_covariance_error": 0.3632791768759489, "component_covariance_errors": [0.11327741295099258, 0.24723927676677704, 0.1447385847568512, 0.9478614330291748], "component_mass": [0.591552734375, 0.29931640625, 0.0927734375, 0.016357421875], "component_min_eigen_ratio": 0.6518653035163879, "covariance_error": 0.11149224638938904, "hq": 0.999755859375, "mass_tv": 0.04155272990465164, "mean_error": 0.04021720215678215, "min_mass_ratio": 0.713641881942749, "sample_count": 4096, "sw1_normalized": 0.041311971378865824, "target_mass": [0.550000011920929, 0.30000001192092896, 0.12999999523162842, 0.019999999552965164], "target_scale": 1.7593294382095337}, "hq": 0.998046875, "mass_tv": 0.04155272990465164, "mean_error": 0.018168983981013298, "min_mass_ratio": 0.713641881942749, "sample_count": 4096, "seconds": 21.069341520080343, "step": 1050, "sw1_normalized": 0.04596208411184874, "target_mass": [0.550000011920929, 0.30000001192092896, 0.12999999523162842, 0.019999999552965164], "target_scale": 1.7593294382095337}, {"component_counts": [2423, 1226, 380, 67], "component_covariance_error": 0.25826677680015564, "component_covariance_errors": [0.10883870720863342, 0.18439483642578125, 0.15761348605155945, 0.5822200775146484], "component_mass": [0.591552734375, 0.29931640625, 0.0927734375, 0.016357421875], "component_min_eigen_ratio": 0.7473503351211548, "covariance_error": 0.086428202688694, "ema": {"component_counts": [2423, 1226, 380, 67], "component_covariance_error": 0.33276066929101944, "component_covariance_errors": [0.11861775815486908, 0.24242009222507477, 0.1518961489200592, 0.8181086778640747], "component_mass": [0.591552734375, 0.29931640625, 0.0927734375, 0.016357421875], "component_min_eigen_ratio": 0.6710841059684753, "covariance_error": 0.10795053094625473, "hq": 1.0, "mass_tv": 0.04155272990465164, "mean_error": 0.04191745072603226, "min_mass_ratio": 0.713641881942749, "sample_count": 4096, "sw1_normalized": 0.040710802208245175, "target_mass": [0.550000011920929, 0.30000001192092896, 0.12999999523162842, 0.019999999552965164], "target_scale": 1.7593294382095337}, "hq": 0.9931640625, "mass_tv": 0.04155272990465164, "mean_error": 0.08833686262369156, "min_mass_ratio": 0.713641881942749, "sample_count": 4096, "seconds": 22.10318808001466, "step": 1100, "sw1_normalized": 0.07437743612503452, "target_mass": [0.550000011920929, 0.30000001192092896, 0.12999999523162842, 0.019999999552965164], "target_scale": 1.7593294382095337}, {"component_counts": [2423, 1226, 380, 67], "component_covariance_error": 0.42210121266543865, "component_covariance_errors": [0.10800471156835556, 0.2127266377210617, 0.2435579150915146, 1.1241155862808228], "component_mass": [0.591552734375, 0.29931640625, 0.0927734375, 0.016357421875], "component_min_eigen_ratio": 0.6620156764984131, "covariance_error": 0.0705251544713974, "ema": {"component_counts": [2423, 1226, 380, 67], "component_covariance_error": 0.30971435084939003, "component_covariance_errors": [0.12133899331092834, 0.23844276368618011, 0.15676474571228027, 0.7223109006881714], "component_mass": [0.591552734375, 0.29931640625, 0.0927734375, 0.016357421875], "component_min_eigen_ratio": 0.675941526889801, "covariance_error": 0.10581763833761215, "hq": 1.0, "mass_tv": 0.04155272990465164, "mean_error": 0.042153336107730865, "min_mass_ratio": 0.713641881942749, "sample_count": 4096, "sw1_normalized": 0.04041718403003051, "target_mass": [0.550000011920929, 0.30000001192092896, 0.12999999523162842, 0.019999999552965164], "target_scale": 1.7593294382095337}, "hq": 0.989990234375, "mass_tv": 0.04155272990465164, "mean_error": 0.07580592483282089, "min_mass_ratio": 0.713641881942749, "sample_count": 4096, "seconds": 23.121805834118277, "step": 1150, "sw1_normalized": 0.07595951776370286, "target_mass": [0.550000011920929, 0.30000001192092896, 0.12999999523162842, 0.019999999552965164], "target_scale": 1.7593294382095337}, {"component_counts": [2423, 1226, 380, 67], "component_covariance_error": 0.41707606986165047, "component_covariance_errors": [0.19064335525035858, 0.28675827383995056, 0.29806995391845703, 0.8928326964378357], "component_mass": [0.591552734375, 0.29931640625, 0.0927734375, 0.016357421875], "component_min_eigen_ratio": 0.5786148905754089, "covariance_error": 0.05248043313622475, "ema": {"component_counts": [2423, 1226, 380, 67], "component_covariance_error": 0.2965346723794937, "component_covariance_errors": [0.1298508197069168, 0.24466216564178467, 0.16674987971782684, 0.6448758244514465], "component_mass": [0.591552734375, 0.29931640625, 0.0927734375, 0.016357421875], "component_min_eigen_ratio": 0.6668136715888977, "covariance_error": 0.10200102627277374, "hq": 1.0, "mass_tv": 0.04155272990465164, "mean_error": 0.04267719388008118, "min_mass_ratio": 0.713641881942749, "sample_count": 4096, "sw1_normalized": 0.04000060135550613, "target_mass": [0.550000011920929, 0.30000001192092896, 0.12999999523162842, 0.019999999552965164], "target_scale": 1.7593294382095337}, "hq": 0.98779296875, "mass_tv": 0.04155272990465164, "mean_error": 0.05446142330765724, "min_mass_ratio": 0.713641881942749, "sample_count": 4096, "seconds": 24.102246134076267, "step": 1200, "sw1_normalized": 0.054239543613519826, "target_mass": [0.550000011920929, 0.30000001192092896, 0.12999999523162842, 0.019999999552965164], "target_scale": 1.7593294382095337}], "verdict": {"attempted": true, "confirmation_fraction": 0.625, "convergence": {"complete": true, "confirmed_seconds": 14.99831415899098, "confirmed_step": 750, "first_pass_step": 550, "minimum_stable_checks": 5, "observations": 24, "passing_observations": 14, "passing_suffix": 14, "stable_from_seconds": 11.053496668115258, "stable_from_step": 550}, "metrics": [{"margin": 0.12576045638648017, "metric": "sw1_normalized", "op": "<=", "status": "PASS", "threshold": 0.18, "value": 0.054239543613519826}, {"margin": 0.10844727009534835, "metric": "mass_tv", "op": "<=", "status": "PASS", "threshold": 0.15, "value": 0.04155272990465164}, {"margin": 0.13779296875000002, "metric": "hq", "op": ">=", "status": "PASS", "threshold": 0.85, "value": 0.98779296875}, {"margin": 0.4329239301383495, "metric": "component_covariance_error", "op": "<=", "status": "PASS", "threshold": 0.85, "value": 0.41707606986165047}, {"margin": 0.4286148905754089, "metric": "component_min_eigen_ratio", "op": ">=", "status": "PASS", "threshold": 0.15, "value": 0.5786148905754089}, {"margin": 0.463641881942749, "metric": "min_mass_ratio", "op": ">=", "status": "PASS", "threshold": 0.25, "value": 0.713641881942749}], "passed": true, "shortfall": 0.0, "status": "PASS"}}, "seconds": 24.266701909946278, "status": "PASS"}, {"artifact": "/ml2/hypergan/gan-attempts/batch-20260924T153037Z/critic_signal/20260924T153037Z-1298555/repo/reports/toy100/critic_signal_attempt/batch-h/h_n05r06_mixup_c0p01_lr15/vector_unequal_width/episodes/h_n05r06_mixup_c0p01_lr15__vector_unequal_width.json.gz", "candidate": "h_n05r06_mixup_c0p01_lr15", "checkpoint_sha256": "5b0ca5d9e78317dcb336efb7bd18a10dfd26dc37c56dd2896804c93be6b541e8", "gate": "vector_unequal_width", "metrics": {"frozen_evidence_audit": "PASS", "live": {"component_counts": [1084, 920, 1096, 996], "component_covariance_error": 0.30726394802331924, "component_covariance_errors": [0.16137725114822388, 0.55451500415802, 0.3428144156932831, 0.17034912109375], "component_mass": [0.2646484375, 0.224609375, 0.267578125, 0.2431640625], "component_min_eigen_ratio": 0.3596749007701874, "covariance_error": 0.031100142747163773, "hq": 0.966064453125, "mass_tv": 0.0322265625, "mean_error": 0.011034850031137466, "min_mass_ratio": 0.8984375, "sample_count": 4096, "sw1_normalized": 0.02992012586927343, "target_mass": [0.25, 0.25, 0.25, 0.25], "target_scale": 2.1343955993652344}, "observations": [{"component_counts": [1043, 816, 1185, 1052], "component_covariance_error": 40.80512797832489, "component_covariance_errors": [105.07941436767578, 44.26951599121094, 10.569972038269043, 3.301609516143799], "component_mass": [0.254638671875, 0.19921875, 0.289306640625, 0.2568359375], "component_min_eigen_ratio": 3.5079185962677, "covariance_error": 0.02776356227695942, "ema": {"component_counts": [326, 18, 2530, 1222], "component_covariance_error": 0.693779606372118, "component_covariance_errors": [0.2123519331216812, 0.9839597940444946, 0.6828163862228394, 0.8959903120994568], "component_mass": [0.07958984375, 0.00439453125, 0.61767578125, 0.29833984375], "component_min_eigen_ratio": 0.0026874057948589325, "covariance_error": 0.9912465810775757, "hq": 0.0, "mass_tv": 0.416015625, "mean_error": 0.09772349148988724, "min_mass_ratio": 0.017578125, "sample_count": 4096, "sw1_normalized": 0.5781542941347836, "target_mass": [0.25, 0.25, 0.25, 0.25], "target_scale": 2.1343955993652344}, "hq": 0.27734375, "mass_tv": 0.05078125, "mean_error": 0.09064935147762299, "min_mass_ratio": 0.796875, "sample_count": 4096, "seconds": 0.48608786705881357, "step": 50, "sw1_normalized": 0.15279931009938894, "target_mass": [0.25, 0.25, 0.25, 0.25], "target_scale": 2.1343955993652344}, {"component_counts": [1084, 856, 1122, 1034], "component_covariance_error": 16.552474558353424, "component_covariance_errors": [46.15171813964844, 15.273307800292969, 3.613485813140869, 1.171386480331421], "component_mass": [0.2646484375, 0.208984375, 0.27392578125, 0.25244140625], "component_min_eigen_ratio": 2.041095733642578, "covariance_error": 0.03196464851498604, "ema": {"component_counts": [931, 345, 1519, 1301], "component_covariance_error": 1.614273451268673, "component_covariance_errors": [4.9013447761535645, 0.5218459367752075, 0.41514119505882263, 0.6187618970870972], "component_mass": [0.227294921875, 0.084228515625, 0.370849609375, 0.317626953125], "component_min_eigen_ratio": 0.24437285959720612, "covariance_error": 0.9555845856666565, "hq": 0.0, "mass_tv": 0.1884765625, "mean_error": 0.10658871382474899, "min_mass_ratio": 0.3369140625, "sample_count": 4096, "sw1_normalized": 0.5096470137743312, "target_mass": [0.25, 0.25, 0.25, 0.25], "target_scale": 2.1343955993652344}, "hq": 0.57275390625, "mass_tv": 0.041015625, "mean_error": 0.035756271332502365, "min_mass_ratio": 0.8359375, "sample_count": 4096, "seconds": 0.9727820879779756, "step": 100, "sw1_normalized": 0.08369959844973987, "target_mass": [0.25, 0.25, 0.25, 0.25], "target_scale": 2.1343955993652344}, {"component_counts": [1084, 856, 1111, 1045], "component_covariance_error": 7.06996963173151, "component_covariance_errors": [20.46422576904297, 6.284890174865723, 1.1163171529769897, 0.4144454300403595], "component_mass": [0.2646484375, 0.208984375, 0.271240234375, 0.255126953125], "component_min_eigen_ratio": 0.9985846877098083, "covariance_error": 0.0443759448826313, "ema": {"component_counts": [1031, 652, 1226, 1187], "component_covariance_error": 3.3722488656640053, "component_covariance_errors": [9.347915649414062, 2.9526734352111816, 0.7977181077003479, 0.3906882703304291], "component_mass": [0.251708984375, 0.1591796875, 0.29931640625, 0.289794921875], "component_min_eigen_ratio": 0.45109307765960693, "covariance_error": 0.8909463286399841, "hq": 0.005859375, "mass_tv": 0.0908203125, "mean_error": 0.10640980303287506, "min_mass_ratio": 0.63671875, "sample_count": 4096, "sw1_normalized": 0.437284105856995, "target_mass": [0.25, 0.25, 0.25, 0.25], "target_scale": 2.1343955993652344}, "hq": 0.722900390625, "mass_tv": 0.041015625, "mean_error": 0.04559774324297905, "min_mass_ratio": 0.8359375, "sample_count": 4096, "seconds": 1.459300387185067, "step": 150, "sw1_normalized": 0.06276699132424457, "target_mass": [0.25, 0.25, 0.25, 0.25], "target_scale": 2.1343955993652344}, {"component_counts": [1084, 856, 1111, 1045], "component_covariance_error": 3.4824501387774944, "component_covariance_errors": [10.225011825561523, 3.1403627395629883, 0.3387877643108368, 0.2256382256746292], "component_mass": [0.2646484375, 0.208984375, 0.271240234375, 0.255126953125], "component_min_eigen_ratio": 0.8937004208564758, "covariance_error": 0.05131140723824501, "ema": {"component_counts": [1084, 820, 1111, 1081], "component_covariance_error": 4.670794177800417, "component_covariance_errors": [13.588778495788574, 4.112850189208984, 0.7557661533355713, 0.2257818728685379], "component_mass": [0.2646484375, 0.2001953125, 0.271240234375, 0.263916015625], "component_min_eigen_ratio": 0.7004669904708862, "covariance_error": 0.804236650466919, "hq": 0.03369140625, "mass_tv": 0.0498046875, "mean_error": 0.1006641685962677, "min_mass_ratio": 0.80078125, "sample_count": 4096, "sw1_normalized": 0.3678875292885496, "target_mass": [0.25, 0.25, 0.25, 0.25], "target_scale": 2.1343955993652344}, "hq": 0.8125, "mass_tv": 0.041015625, "mean_error": 0.034636810421943665, "min_mass_ratio": 0.8359375, "sample_count": 4096, "seconds": 1.958310630172491, "step": 200, "sw1_normalized": 0.050104866858855554, "target_mass": [0.25, 0.25, 0.25, 0.25], "target_scale": 2.1343955993652344}, {"component_counts": [1084, 868, 1111, 1033], "component_covariance_error": 2.514356594532728, "component_covariance_errors": [6.811186790466309, 2.9878525733947754, 0.08905312418937683, 0.16933389008045197], "component_mass": [0.2646484375, 0.2119140625, 0.271240234375, 0.252197265625], "component_min_eigen_ratio": 0.7735647559165955, "covariance_error": 0.047983188182115555, "ema": {"component_counts": [1084, 850, 1111, 1051], "component_covariance_error": 4.865796100348234, "component_covariance_errors": [14.054381370544434, 4.403005599975586, 0.8199599981307983, 0.18583743274211884], "component_mass": [0.2646484375, 0.20751953125, 0.271240234375, 0.256591796875], "component_min_eigen_ratio": 0.7390400767326355, "covariance_error": 0.7056047916412354, "hq": 0.126708984375, "mass_tv": 0.04248046875, "mean_error": 0.09273811429738998, "min_mass_ratio": 0.830078125, "sample_count": 4096, "sw1_normalized": 0.30588748438390834, "target_mass": [0.25, 0.25, 0.25, 0.25], "target_scale": 2.1343955993652344}, "hq": 0.859130859375, "mass_tv": 0.0380859375, "mean_error": 0.042185213416814804, "min_mass_ratio": 0.84765625, "sample_count": 4096, "seconds": 2.45373100717552, "step": 250, "sw1_normalized": 0.046700987533488586, "target_mass": [0.25, 0.25, 0.25, 0.25], "target_scale": 2.1343955993652344}, {"component_counts": [1084, 872, 1111, 1029], "component_covariance_error": 1.6095819063484669, "component_covariance_errors": [4.533928394317627, 1.4338736534118652, 0.1986941248178482, 0.2718314528465271], "component_mass": [0.2646484375, 0.212890625, 0.271240234375, 0.251220703125], "component_min_eigen_ratio": 0.617303192615509, "covariance_error": 0.05400436371564865, "ema": {"component_counts": [1084, 856, 1111, 1045], "component_covariance_error": 4.438442520797253, "component_covariance_errors": [12.944355964660645, 3.915248155593872, 0.7404206395149231, 0.15374532341957092], "component_mass": [0.2646484375, 0.208984375, 0.271240234375, 0.255126953125], "component_min_eigen_ratio": 0.7857317328453064, "covariance_error": 0.6045927405357361, "hq": 0.201171875, "mass_tv": 0.041015625, "mean_error": 0.08338329195976257, "min_mass_ratio": 0.8359375, "sample_count": 4096, "sw1_normalized": 0.25200311562252575, "target_mass": [0.25, 0.25, 0.25, 0.25], "target_scale": 2.1343955993652344}, "hq": 0.8828125, "mass_tv": 0.037109375, "mean_error": 0.059653881937265396, "min_mass_ratio": 0.8515625, "sample_count": 4096, "seconds": 2.9271976409945637, "step": 300, "sw1_normalized": 0.0510057068828315, "target_mass": [0.25, 0.25, 0.25, 0.25], "target_scale": 2.1343955993652344}, {"component_counts": [1084, 872, 1111, 1029], "component_covariance_error": 1.0725253522396088, "component_covariance_errors": [3.0783145427703857, 0.6499575972557068, 0.2691403925418854, 0.29268887639045715], "component_mass": [0.2646484375, 0.212890625, 0.271240234375, 0.251220703125], "component_min_eigen_ratio": 0.6194801330566406, "covariance_error": 0.045891132205724716, "ema": {"component_counts": [1084, 859, 1111, 1042], "component_covariance_error": 3.732655104249716, "component_covariance_errors": [11.000895500183105, 3.2137603759765625, 0.6003884673118591, 0.11557607352733612], "component_mass": [0.2646484375, 0.209716796875, 0.271240234375, 0.25439453125], "component_min_eigen_ratio": 0.8433954119682312, "covariance_error": 0.5083106756210327, "hq": 0.2958984375, "mass_tv": 0.040283203125, "mean_error": 0.07480429112911224, "min_mass_ratio": 0.8388671875, "sample_count": 4096, "sw1_normalized": 0.20646279996747205, "target_mass": [0.25, 0.25, 0.25, 0.25], "target_scale": 2.1343955993652344}, "hq": 0.92138671875, "mass_tv": 0.037109375, "mean_error": 0.05287465453147888, "min_mass_ratio": 0.8515625, "sample_count": 4096, "seconds": 3.419276734115556, "step": 350, "sw1_normalized": 0.04745215938265725, "target_mass": [0.25, 0.25, 0.25, 0.25], "target_scale": 2.1343955993652344}, {"component_counts": [1084, 872, 1111, 1029], "component_covariance_error": 0.8522337526082993, "component_covariance_errors": [2.2252249717712402, 0.49299049377441406, 0.3845924139022827, 0.30612713098526], "component_mass": [0.2646484375, 0.212890625, 0.271240234375, 0.251220703125], "component_min_eigen_ratio": 0.4780442416667938, "covariance_error": 0.10532686859369278, "ema": {"component_counts": [1084, 872, 1111, 1029], "component_covariance_error": 3.0824826024472713, "component_covariance_errors": [8.931557655334473, 2.7777953147888184, 0.4452783167362213, 0.17529912292957306], "component_mass": [0.2646484375, 0.212890625, 0.271240234375, 0.251220703125], "component_min_eigen_ratio": 0.7582697868347168, "covariance_error": 0.42065727710723877, "hq": 0.421142578125, "mass_tv": 0.037109375, "mean_error": 0.06759895384311676, "min_mass_ratio": 0.8515625, "sample_count": 4096, "sw1_normalized": 0.1689051360409566, "target_mass": [0.25, 0.25, 0.25, 0.25], "target_scale": 2.1343955993652344}, "hq": 0.9384765625, "mass_tv": 0.037109375, "mean_error": 0.0341636948287487, "min_mass_ratio": 0.8515625, "sample_count": 4096, "seconds": 3.9194705821573734, "step": 400, "sw1_normalized": 0.046860464635696014, "target_mass": [0.25, 0.25, 0.25, 0.25], "target_scale": 2.1343955993652344}, {"component_counts": [1084, 872, 1111, 1029], "component_covariance_error": 0.7128825634717941, "component_covariance_errors": [1.7863682508468628, 0.3704398274421692, 0.4190077781677246, 0.2757143974304199], "component_mass": [0.2646484375, 0.212890625, 0.271240234375, 0.251220703125], "component_min_eigen_ratio": 0.4497411251068115, "covariance_error": 0.12348873913288116, "ema": {"component_counts": [1084, 872, 1111, 1029], "component_covariance_error": 2.4097716100513935, "component_covariance_errors": [7.1230621337890625, 2.0234076976776123, 0.3150659501552582, 0.17755065858364105], "component_mass": [0.2646484375, 0.212890625, 0.271240234375, 0.251220703125], "component_min_eigen_ratio": 0.7769916653633118, "covariance_error": 0.3440612256526947, "hq": 0.485107421875, "mass_tv": 0.037109375, "mean_error": 0.06131663918495178, "min_mass_ratio": 0.8515625, "sample_count": 4096, "sw1_normalized": 0.13834050429922845, "target_mass": [0.25, 0.25, 0.25, 0.25], "target_scale": 2.1343955993652344}, "hq": 0.935302734375, "mass_tv": 0.037109375, "mean_error": 0.004767648410052061, "min_mass_ratio": 0.8515625, "sample_count": 4096, "seconds": 4.4102338689845055, "step": 450, "sw1_normalized": 0.04881678015514219, "target_mass": [0.25, 0.25, 0.25, 0.25], "target_scale": 2.1343955993652344}, {"component_counts": [1084, 872, 1111, 1029], "component_covariance_error": 0.5987783893942833, "component_covariance_errors": [1.4096577167510986, 0.2684970796108246, 0.4056044816970825, 0.31135427951812744], "component_mass": [0.2646484375, 0.212890625, 0.271240234375, 0.251220703125], "component_min_eigen_ratio": 0.42844676971435547, "covariance_error": 0.014864621683955193, "ema": {"component_counts": [1084, 872, 1111, 1029], "component_covariance_error": 1.8729731403291225, "component_covariance_errors": [5.6439208984375, 1.435889720916748, 0.23039838671684265, 0.18168355524539948], "component_mass": [0.2646484375, 0.212890625, 0.271240234375, 0.251220703125], "component_min_eigen_ratio": 0.8064477443695068, "covariance_error": 0.27953070402145386, "hq": 0.561767578125, "mass_tv": 0.037109375, "mean_error": 0.0569157637655735, "min_mass_ratio": 0.8515625, "sample_count": 4096, "sw1_normalized": 0.11411609095267543, "target_mass": [0.25, 0.25, 0.25, 0.25], "target_scale": 2.1343955993652344}, "hq": 0.949951171875, "mass_tv": 0.037109375, "mean_error": 0.03886539861559868, "min_mass_ratio": 0.8515625, "sample_count": 4096, "seconds": 4.919310225173831, "step": 500, "sw1_normalized": 0.0444212008160134, "target_mass": [0.25, 0.25, 0.25, 0.25], "target_scale": 2.1343955993652344}, {"component_counts": [1084, 872, 1111, 1029], "component_covariance_error": 0.5720329955220222, "component_covariance_errors": [1.134337067604065, 0.30641043186187744, 0.42714017629623413, 0.4202443063259125], "component_mass": [0.2646484375, 0.212890625, 0.271240234375, 0.251220703125], "component_min_eigen_ratio": 0.403735488653183, "covariance_error": 0.044744979590177536, "ema": {"component_counts": [1084, 872, 1111, 1029], "component_covariance_error": 1.4672424905002117, "component_covariance_errors": [4.454761981964111, 1.0215104818344116, 0.21138568222522736, 0.18131181597709656], "component_mass": [0.2646484375, 0.212890625, 0.271240234375, 0.251220703125], "component_min_eigen_ratio": 0.7745826840400696, "covariance_error": 0.22535140812397003, "hq": 0.642333984375, "mass_tv": 0.037109375, "mean_error": 0.051877059042453766, "min_mass_ratio": 0.8515625, "sample_count": 4096, "sw1_normalized": 0.09470360227936853, "target_mass": [0.25, 0.25, 0.25, 0.25], "target_scale": 2.1343955993652344}, "hq": 0.9453125, "mass_tv": 0.037109375, "mean_error": 0.043284013867378235, "min_mass_ratio": 0.8515625, "sample_count": 4096, "seconds": 5.411941641010344, "step": 550, "sw1_normalized": 0.04650504984526888, "target_mass": [0.25, 0.25, 0.25, 0.25], "target_scale": 2.1343955993652344}, {"component_counts": [1084, 872, 1111, 1029], "component_covariance_error": 0.5356301069259644, "component_covariance_errors": [0.8699671626091003, 0.3182254433631897, 0.4107508063316345, 0.5435770153999329], "component_mass": [0.2646484375, 0.212890625, 0.271240234375, 0.251220703125], "component_min_eigen_ratio": 0.41961899399757385, "covariance_error": 0.04679340869188309, "ema": {"component_counts": [1084, 872, 1111, 1029], "component_covariance_error": 1.1654420085251331, "component_covariance_errors": [3.5074267387390137, 0.7342005372047424, 0.23705749213695526, 0.18308326601982117], "component_mass": [0.2646484375, 0.212890625, 0.271240234375, 0.251220703125], "component_min_eigen_ratio": 0.7371584177017212, "covariance_error": 0.18042220175266266, "hq": 0.75146484375, "mass_tv": 0.037109375, "mean_error": 0.051442500203847885, "min_mass_ratio": 0.8515625, "sample_count": 4096, "sw1_normalized": 0.0797183956778054, "target_mass": [0.25, 0.25, 0.25, 0.25], "target_scale": 2.1343955993652344}, "hq": 0.950927734375, "mass_tv": 0.037109375, "mean_error": 0.03782214969396591, "min_mass_ratio": 0.8515625, "sample_count": 4096, "seconds": 5.922482963185757, "step": 600, "sw1_normalized": 0.03957363936702775, "target_mass": [0.25, 0.25, 0.25, 0.25], "target_scale": 2.1343955993652344}, {"component_counts": [1084, 886, 1111, 1015], "component_covariance_error": 0.4364319294691086, "component_covariance_errors": [0.8070757985115051, 0.25861600041389465, 0.36214467883110046, 0.3178912401199341], "component_mass": [0.2646484375, 0.21630859375, 0.271240234375, 0.247802734375], "component_min_eigen_ratio": 0.48787665367126465, "covariance_error": 0.0521998293697834, "ema": {"component_counts": [1084, 872, 1111, 1029], "component_covariance_error": 0.9595995992422104, "component_covariance_errors": [2.801069736480713, 0.556625247001648, 0.2612452805042267, 0.21945813298225403], "component_mass": [0.2646484375, 0.212890625, 0.271240234375, 0.251220703125], "component_min_eigen_ratio": 0.668379545211792, "covariance_error": 0.1464022845029831, "hq": 0.83203125, "mass_tv": 0.037109375, "mean_error": 0.04854004085063934, "min_mass_ratio": 0.8515625, "sample_count": 4096, "sw1_normalized": 0.06829736931408942, "target_mass": [0.25, 0.25, 0.25, 0.25], "target_scale": 2.1343955993652344}, "hq": 0.95068359375, "mass_tv": 0.035888671875, "mean_error": 0.05584827437996864, "min_mass_ratio": 0.865234375, "sample_count": 4096, "seconds": 6.425397023092955, "step": 650, "sw1_normalized": 0.04967439457484911, "target_mass": [0.25, 0.25, 0.25, 0.25], "target_scale": 2.1343955993652344}, {"component_counts": [1084, 886, 1111, 1015], "component_covariance_error": 0.471620574593544, "component_covariance_errors": [0.7380189299583435, 0.394263356924057, 0.4190555810928345, 0.33514443039894104], "component_mass": [0.2646484375, 0.21630859375, 0.271240234375, 0.247802734375], "component_min_eigen_ratio": 0.4429459273815155, "covariance_error": 0.04398901388049126, "ema": {"component_counts": [1084, 872, 1111, 1029], "component_covariance_error": 0.8222094774246216, "component_covariance_errors": [2.270991086959839, 0.4578934907913208, 0.2830248475074768, 0.27692848443984985], "component_mass": [0.2646484375, 0.212890625, 0.271240234375, 0.251220703125], "component_min_eigen_ratio": 0.6242115497589111, "covariance_error": 0.11906040459871292, "hq": 0.89208984375, "mass_tv": 0.037109375, "mean_error": 0.04538107290863991, "min_mass_ratio": 0.8515625, "sample_count": 4096, "sw1_normalized": 0.058918415024780214, "target_mass": [0.25, 0.25, 0.25, 0.25], "target_scale": 2.1343955993652344}, "hq": 0.9501953125, "mass_tv": 0.035888671875, "mean_error": 0.01683722995221615, "min_mass_ratio": 0.865234375, "sample_count": 4096, "seconds": 6.92205191613175, "step": 700, "sw1_normalized": 0.03899137305882374, "target_mass": [0.25, 0.25, 0.25, 0.25], "target_scale": 2.1343955993652344}, {"component_counts": [1084, 886, 1096, 1030], "component_covariance_error": 0.4458633344620466, "component_covariance_errors": [0.7704942226409912, 0.5156978964805603, 0.39560383558273315, 0.10165738314390182], "component_mass": [0.2646484375, 0.21630859375, 0.267578125, 0.25146484375], "component_min_eigen_ratio": 0.4449143707752228, "covariance_error": 0.03678399324417114, "ema": {"component_counts": [1084, 886, 1111, 1015], "component_covariance_error": 0.9571167081594467, "component_covariance_errors": [1.865121603012085, 1.4084490537643433, 0.3102152943611145, 0.24468088150024414], "component_mass": [0.2646484375, 0.21630859375, 0.271240234375, 0.247802734375], "component_min_eigen_ratio": 0.5867446660995483, "covariance_error": 0.09814225137233734, "hq": 0.924560546875, "mass_tv": 0.035888671875, "mean_error": 0.042902275919914246, "min_mass_ratio": 0.865234375, "sample_count": 4096, "sw1_normalized": 0.051991340022635515, "target_mass": [0.25, 0.25, 0.25, 0.25], "target_scale": 2.1343955993652344}, "hq": 0.964111328125, "mass_tv": 0.03369140625, "mean_error": 0.013724024407565594, "min_mass_ratio": 0.865234375, "sample_count": 4096, "seconds": 7.435565601103008, "step": 750, "sw1_normalized": 0.03362707312553282, "target_mass": [0.25, 0.25, 0.25, 0.25], "target_scale": 2.1343955993652344}, {"component_counts": [1084, 899, 1096, 1017], "component_covariance_error": 0.6067982763051987, "component_covariance_errors": [0.6075290441513062, 1.076050877571106, 0.4009762406349182, 0.34263694286346436], "component_mass": [0.2646484375, 0.219482421875, 0.267578125, 0.248291015625], "component_min_eigen_ratio": 0.43737244606018066, "covariance_error": 0.09717386960983276, "ema": {"component_counts": [1084, 886, 1111, 1015], "component_covariance_error": 0.7436610981822014, "component_covariance_errors": [1.5476155281066895, 0.8355547785758972, 0.333830326795578, 0.25764375925064087], "component_mass": [0.2646484375, 0.21630859375, 0.271240234375, 0.247802734375], "component_min_eigen_ratio": 0.5808777809143066, "covariance_error": 0.08262359350919724, "hq": 0.941162109375, "mass_tv": 0.035888671875, "mean_error": 0.03993735834956169, "min_mass_ratio": 0.865234375, "sample_count": 4096, "sw1_normalized": 0.04690382288738184, "target_mass": [0.25, 0.25, 0.25, 0.25], "target_scale": 2.1343955993652344}, "hq": 0.964111328125, "mass_tv": 0.0322265625, "mean_error": 0.036714788526296616, "min_mass_ratio": 0.8779296875, "sample_count": 4096, "seconds": 7.930322885047644, "step": 800, "sw1_normalized": 0.04589428877750353, "target_mass": [0.25, 0.25, 0.25, 0.25], "target_scale": 2.1343955993652344}, {"component_counts": [1084, 899, 1096, 1017], "component_covariance_error": 0.40252891927957535, "component_covariance_errors": [0.5654188990592957, 0.5302908420562744, 0.25188711285591125, 0.26251882314682007], "component_mass": [0.2646484375, 0.219482421875, 0.267578125, 0.248291015625], "component_min_eigen_ratio": 0.5470265746116638, "covariance_error": 0.04285646975040436, "ema": {"component_counts": [1084, 886, 1111, 1015], "component_covariance_error": 0.6013963371515274, "component_covariance_errors": [1.297479510307312, 0.48999109864234924, 0.3586602210998535, 0.25945451855659485], "component_mass": [0.2646484375, 0.21630859375, 0.271240234375, 0.247802734375], "component_min_eigen_ratio": 0.615287184715271, "covariance_error": 0.06989853829145432, "hq": 0.94921875, "mass_tv": 0.035888671875, "mean_error": 0.037372931838035583, "min_mass_ratio": 0.865234375, "sample_count": 4096, "sw1_normalized": 0.04275176326116718, "target_mass": [0.25, 0.25, 0.25, 0.25], "target_scale": 2.1343955993652344}, "hq": 0.96484375, "mass_tv": 0.0322265625, "mean_error": 0.010877389460802078, "min_mass_ratio": 0.8779296875, "sample_count": 4096, "seconds": 8.430008060997352, "step": 850, "sw1_normalized": 0.033052238563391054, "target_mass": [0.25, 0.25, 0.25, 0.25], "target_scale": 2.1343955993652344}, {"component_counts": [1084, 899, 1096, 1017], "component_covariance_error": 0.37403854727745056, "component_covariance_errors": [0.5882683992385864, 0.4658867120742798, 0.23363055288791656, 0.20836852490901947], "component_mass": [0.2646484375, 0.219482421875, 0.267578125, 0.248291015625], "component_min_eigen_ratio": 0.5648340582847595, "covariance_error": 0.07365503907203674, "ema": {"component_counts": [1084, 899, 1111, 1002], "component_covariance_error": 0.8208752572536469, "component_covariance_errors": [1.0973585844039917, 1.5109837055206299, 0.3944125473499298, 0.280746191740036], "component_mass": [0.2646484375, 0.219482421875, 0.271240234375, 0.24462890625], "component_min_eigen_ratio": 0.6417347192764282, "covariance_error": 0.05927104130387306, "hq": 0.952392578125, "mass_tv": 0.035888671875, "mean_error": 0.036051373928785324, "min_mass_ratio": 0.8779296875, "sample_count": 4096, "sw1_normalized": 0.03948511466992184, "target_mass": [0.25, 0.25, 0.25, 0.25], "target_scale": 2.1343955993652344}, "hq": 0.95751953125, "mass_tv": 0.0322265625, "mean_error": 0.044674795120954514, "min_mass_ratio": 0.8779296875, "sample_count": 4096, "seconds": 8.921904164133593, "step": 900, "sw1_normalized": 0.03990797019962682, "target_mass": [0.25, 0.25, 0.25, 0.25], "target_scale": 2.1343955993652344}, {"component_counts": [1084, 920, 1096, 996], "component_covariance_error": 0.6364843547344208, "component_covariance_errors": [0.3750922679901123, 1.6187357902526855, 0.25174659490585327, 0.300362765789032], "component_mass": [0.2646484375, 0.224609375, 0.267578125, 0.2431640625], "component_min_eigen_ratio": 0.5931889414787292, "covariance_error": 0.049222733825445175, "ema": {"component_counts": [1084, 899, 1096, 1017], "component_covariance_error": 0.5655824840068817, "component_covariance_errors": [0.9296690821647644, 0.938007652759552, 0.27627602219581604, 0.11837717890739441], "component_mass": [0.2646484375, 0.219482421875, 0.267578125, 0.248291015625], "component_min_eigen_ratio": 0.6097243428230286, "covariance_error": 0.05352349206805229, "hq": 0.951171875, "mass_tv": 0.0322265625, "mean_error": 0.03449862450361252, "min_mass_ratio": 0.8779296875, "sample_count": 4096, "sw1_normalized": 0.03686608218398303, "target_mass": [0.25, 0.25, 0.25, 0.25], "target_scale": 2.1343955993652344}, "hq": 0.965087890625, "mass_tv": 0.0322265625, "mean_error": 0.04493819922208786, "min_mass_ratio": 0.8984375, "sample_count": 4096, "seconds": 9.413544815033674, "step": 950, "sw1_normalized": 0.03968986992063719, "target_mass": [0.25, 0.25, 0.25, 0.25], "target_scale": 2.1343955993652344}, {"component_counts": [1084, 920, 1096, 996], "component_covariance_error": 0.4339950978755951, "component_covariance_errors": [0.7412962317466736, 0.3600427508354187, 0.42347168922424316, 0.21116971969604492], "component_mass": [0.2646484375, 0.224609375, 0.267578125, 0.2431640625], "component_min_eigen_ratio": 0.7015957236289978, "covariance_error": 0.05511678382754326, "ema": {"component_counts": [1084, 899, 1096, 1017], "component_covariance_error": 0.4227304048836231, "component_covariance_errors": [0.7995327115058899, 0.6052609086036682, 0.2401113510131836, 0.04601664841175079], "component_mass": [0.2646484375, 0.219482421875, 0.267578125, 0.248291015625], "component_min_eigen_ratio": 0.6621599197387695, "covariance_error": 0.04917629808187485, "hq": 0.9541015625, "mass_tv": 0.0322265625, "mean_error": 0.032670434564352036, "min_mass_ratio": 0.8779296875, "sample_count": 4096, "sw1_normalized": 0.034413808445289615, "target_mass": [0.25, 0.25, 0.25, 0.25], "target_scale": 2.1343955993652344}, "hq": 0.957763671875, "mass_tv": 0.0322265625, "mean_error": 0.030546793714165688, "min_mass_ratio": 0.8984375, "sample_count": 4096, "seconds": 9.915887592127547, "step": 1000, "sw1_normalized": 0.02995454787393279, "target_mass": [0.25, 0.25, 0.25, 0.25], "target_scale": 2.1343955993652344}, {"component_counts": [1084, 920, 1096, 996], "component_covariance_error": 0.35929183289408684, "component_covariance_errors": [0.4250306189060211, 0.5096633434295654, 0.3333199620246887, 0.16915340721607208], "component_mass": [0.2646484375, 0.224609375, 0.267578125, 0.2431640625], "component_min_eigen_ratio": 0.46075838804244995, "covariance_error": 0.02638726867735386, "ema": {"component_counts": [1084, 920, 1096, 996], "component_covariance_error": 0.8719681799411774, "component_covariance_errors": [0.7129868268966675, 2.324143886566162, 0.20127451419830322, 0.24946749210357666], "component_mass": [0.2646484375, 0.224609375, 0.267578125, 0.2431640625], "component_min_eigen_ratio": 0.6485779881477356, "covariance_error": 0.04226179048418999, "hq": 0.957275390625, "mass_tv": 0.0322265625, "mean_error": 0.030760720372200012, "min_mass_ratio": 0.8984375, "sample_count": 4096, "sw1_normalized": 0.031620355078424506, "target_mass": [0.25, 0.25, 0.25, 0.25], "target_scale": 2.1343955993652344}, "hq": 0.962890625, "mass_tv": 0.0322265625, "mean_error": 0.03282877802848816, "min_mass_ratio": 0.8984375, "sample_count": 4096, "seconds": 10.403630177024752, "step": 1050, "sw1_normalized": 0.03034229372684395, "target_mass": [0.25, 0.25, 0.25, 0.25], "target_scale": 2.1343955993652344}, {"component_counts": [1084, 920, 1096, 996], "component_covariance_error": 0.31442849710583687, "component_covariance_errors": [0.2671104073524475, 0.5408831834793091, 0.2903151214122772, 0.15940527617931366], "component_mass": [0.2646484375, 0.224609375, 0.267578125, 0.2431640625], "component_min_eigen_ratio": 0.54653000831604, "covariance_error": 0.07879508286714554, "ema": {"component_counts": [1084, 920, 1096, 996], "component_covariance_error": 0.6028258167207241, "component_covariance_errors": [0.6040765643119812, 1.3853089809417725, 0.18197521567344666, 0.2399425059556961], "component_mass": [0.2646484375, 0.224609375, 0.267578125, 0.2431640625], "component_min_eigen_ratio": 0.6613257527351379, "covariance_error": 0.03733059763908386, "hq": 0.95703125, "mass_tv": 0.0322265625, "mean_error": 0.030533721670508385, "min_mass_ratio": 0.8984375, "sample_count": 4096, "sw1_normalized": 0.030080028839503215, "target_mass": [0.25, 0.25, 0.25, 0.25], "target_scale": 2.1343955993652344}, "hq": 0.96044921875, "mass_tv": 0.0322265625, "mean_error": 0.05574039742350578, "min_mass_ratio": 0.8984375, "sample_count": 4096, "seconds": 10.890519096981734, "step": 1100, "sw1_normalized": 0.047064577593656336, "target_mass": [0.25, 0.25, 0.25, 0.25], "target_scale": 2.1343955993652344}, {"component_counts": [1084, 920, 1096, 996], "component_covariance_error": 0.3056240901350975, "component_covariance_errors": [0.23537498712539673, 0.519817054271698, 0.25419116020202637, 0.21311315894126892], "component_mass": [0.2646484375, 0.224609375, 0.267578125, 0.2431640625], "component_min_eigen_ratio": 0.4197496175765991, "covariance_error": 0.023549890145659447, "ema": {"component_counts": [1084, 920, 1096, 996], "component_covariance_error": 0.428838349878788, "component_covariance_errors": [0.49639007449150085, 0.8225880265235901, 0.1623610407114029, 0.23401425778865814], "component_mass": [0.2646484375, 0.224609375, 0.267578125, 0.2431640625], "component_min_eigen_ratio": 0.6690539121627808, "covariance_error": 0.03456377610564232, "hq": 0.957763671875, "mass_tv": 0.0322265625, "mean_error": 0.02931137941777706, "min_mass_ratio": 0.8984375, "sample_count": 4096, "sw1_normalized": 0.028599966416466643, "target_mass": [0.25, 0.25, 0.25, 0.25], "target_scale": 2.1343955993652344}, "hq": 0.974609375, "mass_tv": 0.0322265625, "mean_error": 0.027421440929174423, "min_mass_ratio": 0.8984375, "sample_count": 4096, "seconds": 11.393584907986224, "step": 1150, "sw1_normalized": 0.0269545101182891, "target_mass": [0.25, 0.25, 0.25, 0.25], "target_scale": 2.1343955993652344}, {"component_counts": [1084, 920, 1096, 996], "component_covariance_error": 0.30726394802331924, "component_covariance_errors": [0.16137725114822388, 0.55451500415802, 0.3428144156932831, 0.17034912109375], "component_mass": [0.2646484375, 0.224609375, 0.267578125, 0.2431640625], "component_min_eigen_ratio": 0.3596749007701874, "covariance_error": 0.031100142747163773, "ema": {"component_counts": [1084, 920, 1096, 996], "component_covariance_error": 0.31557105481624603, "component_covariance_errors": [0.398264080286026, 0.4833463728427887, 0.15159623324871063, 0.2290775328874588], "component_mass": [0.2646484375, 0.224609375, 0.267578125, 0.2431640625], "component_min_eigen_ratio": 0.6761189103126526, "covariance_error": 0.031819310039281845, "hq": 0.96240234375, "mass_tv": 0.0322265625, "mean_error": 0.028172530233860016, "min_mass_ratio": 0.8984375, "sample_count": 4096, "sw1_normalized": 0.027708085329206874, "target_mass": [0.25, 0.25, 0.25, 0.25], "target_scale": 2.1343955993652344}, "hq": 0.966064453125, "mass_tv": 0.0322265625, "mean_error": 0.011034850031137466, "min_mass_ratio": 0.8984375, "sample_count": 4096, "seconds": 11.907974547008052, "step": 1200, "sw1_normalized": 0.02992012586927343, "target_mass": [0.25, 0.25, 0.25, 0.25], "target_scale": 2.1343955993652344}], "verdict": {"attempted": true, "confirmation_fraction": 0.5416666666666666, "convergence": {"complete": true, "confirmed_seconds": 6.425397023092955, "confirmed_step": 650, "first_pass_step": 450, "minimum_stable_checks": 5, "observations": 24, "passing_observations": 16, "passing_suffix": 16, "stable_from_seconds": 4.4102338689845055, "stable_from_step": 450}, "metrics": [{"margin": 0.15007987413072657, "metric": "sw1_normalized", "op": "<=", "status": "PASS", "threshold": 0.18, "value": 0.02992012586927343}, {"margin": 0.1177734375, "metric": "mass_tv", "op": "<=", "status": "PASS", "threshold": 0.15, "value": 0.0322265625}, {"margin": 0.11606445312500002, "metric": "hq", "op": ">=", "status": "PASS", "threshold": 0.85, "value": 0.966064453125}, {"margin": 0.5427360519766807, "metric": "component_covariance_error", "op": "<=", "status": "PASS", "threshold": 0.85, "value": 0.30726394802331924}, {"margin": 0.20967490077018738, "metric": "component_min_eigen_ratio", "op": ">=", "status": "PASS", "threshold": 0.15, "value": 0.3596749007701874}], "passed": true, "shortfall": 0.0, "status": "PASS"}}, "seconds": 12.07064938498661, "status": "PASS"}], "borrowed_state": false, "qualification": "diagnostic only; all toy gates still required"}
